# Blender 4.2.3 LTS
# www.blender.org
o Base_-_Squad_-__Mode.001_Plane.010
v 0.764264 0.076250 -0.103690
v 0.779237 0.076250 0.000000
v 0.432921 0.076250 -0.294177
v 0.432921 0.165082 -0.294177
v 0.432920 0.165082 0.294177
v 0.779237 0.165083 0.000000
v -0.551004 0.165083 0.294177
v -0.647912 0.076250 0.295283
v -0.551004 0.076250 0.294177
v -0.298202 0.165083 0.294177
v -0.432921 0.076250 0.294177
v -0.298202 0.076250 0.294177
v -0.000001 0.165083 0.294177
v -0.152022 0.076250 0.294177
v -0.000001 0.076250 0.294177
v 0.298200 0.076250 0.294177
v 0.152021 0.165083 0.294177
v 0.152021 0.076250 0.294177
v 0.432920 0.076250 0.294177
v 0.298200 0.165083 0.294177
v 0.719921 0.076250 0.203395
v 0.647912 0.165082 0.295284
v 0.647912 0.076250 0.295284
v 0.764264 0.165083 0.103690
v 0.764264 0.076250 0.103690
v 0.719921 0.165083 -0.203395
v 0.719921 0.076250 -0.203395
v 0.647912 0.165082 -0.295284
v 0.647912 0.076250 -0.295284
v 0.551004 0.076250 -0.294177
v 0.152022 0.165083 -0.294177
v 0.298201 0.076250 -0.294177
v 0.152022 0.076250 -0.294177
v -0.152022 0.076250 -0.294177
v 0.000000 0.165083 -0.294177
v 0.000000 0.076250 -0.294177
v -0.551003 0.165083 -0.294177
v -0.432921 0.076250 -0.294177
v -0.551003 0.076250 -0.294177
v -0.719921 0.165083 -0.203395
v -0.647912 0.076250 -0.295284
v -0.719921 0.076250 -0.203395
v -0.779237 0.165083 0.000000
v -0.764264 0.076250 -0.103690
v -0.779237 0.076250 0.000000
v -0.719921 0.165083 0.203394
v -0.764264 0.076250 0.103689
v -0.719921 0.076250 0.203394
v 0.551003 0.165083 0.294177
v 0.551003 0.076250 0.294177
v 0.764264 0.165083 -0.103690
v 0.298201 0.165083 -0.294177
v -0.298201 0.165083 -0.294177
v -0.298201 0.076250 -0.294177
v -0.647912 0.165083 -0.295284
v -0.764264 0.165083 0.103689
v -0.647912 0.165083 0.295283
v -0.152022 0.165083 0.294177
v 0.551004 0.165083 -0.294177
v -0.764264 0.165083 -0.103690
v -0.432921 0.165083 0.294177
v -0.432921 0.165083 -0.294177
v -0.152022 0.165083 -0.294177
v 0.719921 0.165083 0.203395
vn -0.0000 -1.0000 -0.0000
vn -0.0000 1.0000 -0.0000
vn 0.0114 -0.0000 0.9999
vn -0.0000 -0.0000 1.0000
vn 0.7871 -0.0000 0.6168
vn 0.9137 -0.0000 0.4064
vn 0.9137 -0.0000 -0.4064
vn 0.7871 -0.0000 -0.6168
vn -0.0000 -0.0000 -1.0000
vn -0.7871 -0.0000 -0.6168
vn -0.9897 -0.0000 -0.1429
vn -0.9137 -0.0000 0.4064
vn -0.0114 -0.0000 0.9999
vn 0.9897 -0.0000 -0.1429
vn 0.0114 -0.0000 -0.9999
vn -0.9897 -0.0000 0.1429
vn -0.7871 -0.0000 0.6168
vn 0.9897 -0.0000 0.1429
vn -0.0114 -0.0000 -0.9999
vn -0.9137 -0.0000 -0.4064
vt 0.924600 0.087300
vt 0.921300 0.087800
vt 0.930800 0.076600
vt 0.949700 0.076600
vt 0.940300 0.087800
vt 0.949700 0.040900
vt 0.952600 0.037800
vt 0.952600 0.040900
vt 0.949700 0.049000
vt 0.952600 0.044700
vt 0.952600 0.049000
vt 0.949700 0.058500
vt 0.952600 0.053700
vt 0.952600 0.058500
vt 0.952600 0.068100
vt 0.949700 0.063400
vt 0.952600 0.063400
vt 0.952600 0.072400
vt 0.949700 0.068100
vt 0.955400 0.053900
vt 0.958300 0.056500
vt 0.955400 0.056500
vt 0.958300 0.050900
vt 0.955400 0.050900
vt 0.958300 0.041000
vt 0.955400 0.044300
vt 0.955400 0.041000
vt 0.958300 0.037800
vt 0.955400 0.037800
vt 0.955400 0.040900
vt 0.955400 0.044700
vt 0.955400 0.049000
vt 0.955400 0.053700
vt 0.955400 0.063400
vt 0.955400 0.058500
vt 0.952600 0.076200
vt 0.955400 0.072400
vt 0.955400 0.076200
vt 0.955400 0.059100
vt 0.958300 0.059100
vt 0.955400 0.065400
vt 0.958300 0.062100
vt 0.958300 0.065400
vt 0.955400 0.072100
vt 0.958300 0.068700
vt 0.958300 0.072100
vt 0.952600 0.079300
vt 0.949700 0.076200
vt 0.958300 0.044300
vt 0.955400 0.047700
vt 0.955400 0.068100
vt 0.955400 0.079300
vt 0.955400 0.068700
vt 0.955400 0.075300
vt 0.958300 0.075300
vt 0.949700 0.053700
vt 0.949700 0.072400
vt 0.958300 0.047700
vt 0.955400 0.062100
vt 0.918000 0.038200
vt 0.911900 0.048900
vt 0.911900 0.045100
vt 0.924600 0.038200
vt 0.927800 0.039700
vt 0.930800 0.045100
vt 0.930800 0.042000
vt 0.914800 0.039700
vt 0.911800 0.042000
vt 0.911900 0.053200
vt 0.930800 0.048900
vt 0.921300 0.037800
vt 0.930800 0.053200
vt 0.930800 0.057900
vt 0.911900 0.057900
vt 0.930800 0.067600
vt 0.930800 0.072300
vt 0.911900 0.072300
vt 0.930800 0.062800
vt 0.911900 0.062800
vt 0.911900 0.076600
vt 0.911900 0.067600
vt 0.930800 0.080400
vt 0.930800 0.083500
vt 0.927800 0.085900
vt 0.914800 0.085900
vt 0.911800 0.083500
vt 0.911900 0.080400
vt 0.918000 0.087300
vt 0.933700 0.039700
vt 0.936900 0.038200
vt 0.940300 0.037800
vt 0.943600 0.038200
vt 0.949700 0.048900
vt 0.946800 0.039700
vt 0.949700 0.042000
vt 0.949700 0.045100
vt 0.949700 0.057900
vt 0.949700 0.062800
vt 0.949700 0.067600
vt 0.949700 0.053200
vt 0.949700 0.072300
vt 0.949700 0.080400
vt 0.949700 0.083500
vt 0.946800 0.085900
vt 0.943600 0.087300
vt 0.936900 0.087300
vt 0.933700 0.085900
vt 0.949700 0.037800
vt 0.949700 0.044700
vt 0.958300 0.053900
vt 0.949700 0.079300
s 0
f 1/1/1 2/2/1 3/3/1
f 4/3/2 5/4/2 6/5/2
f 7/6/3 8/7/3 9/8/3
f 10/9/4 11/10/4 12/11/4
f 13/12/4 14/13/4 15/14/4
f 16/15/4 17/16/4 18/17/4
f 19/18/4 20/19/4 16/15/4
f 21/20/5 22/21/5 23/22/5
f 24/23/6 21/20/6 25/24/6
f 26/25/7 1/26/7 27/27/7
f 28/28/8 27/27/8 29/29/8
f 4/10/9 30/30/9 3/31/9
f 31/13/9 32/32/9 33/33/9
f 34/34/9 35/14/9 36/35/9
f 37/36/9 38/37/9 39/38/9
f 40/39/10 41/21/10 42/40/10
f 43/41/11 44/42/11 45/43/11
f 46/44/12 47/45/12 48/46/12
f 11/10/4 7/6/4 9/8/4
f 17/16/4 15/14/4 18/17/4
f 23/47/13 49/48/13 50/36/13
f 51/49/14 2/50/14 1/26/14
f 52/11/9 3/31/9 32/32/9
f 53/15/9 34/34/9 54/51/9
f 55/47/15 39/38/15 41/52/15
f 56/53/16 45/43/16 47/45/16
f 57/54/17 48/46/17 8/55/17
f 58/56/4 12/11/4 14/13/4
f 50/36/4 5/57/4 19/18/4
f 6/58/18 25/24/18 2/50/18
f 59/8/19 29/29/19 30/30/19
f 35/14/9 33/33/9 36/35/9
f 38/37/9 53/15/9 54/51/9
f 60/59/20 42/40/20 44/42/20
f 47/60/1 11/61/1 9/62/1
f 44/63/1 42/64/1 39/65/1
f 42/64/1 41/66/1 39/65/1
f 48/67/1 47/60/1 9/62/1
f 9/62/1 8/68/1 48/67/1
f 12/69/1 11/61/1 38/70/1
f 47/60/1 45/71/1 11/61/1
f 44/63/1 39/65/1 38/70/1
f 54/72/1 34/73/1 14/74/1
f 44/63/1 38/70/1 45/71/1
f 11/61/1 45/71/1 38/70/1
f 14/74/1 12/69/1 54/72/1
f 38/70/1 54/72/1 12/69/1
f 33/75/1 32/76/1 16/77/1
f 34/73/1 36/78/1 15/79/1
f 15/79/1 14/74/1 34/73/1
f 19/80/1 16/77/1 32/76/1
f 18/81/1 15/79/1 36/78/1
f 36/78/1 33/75/1 18/81/1
f 30/82/1 29/83/1 27/84/1
f 32/76/1 3/3/1 19/80/1
f 16/77/1 18/81/1 33/75/1
f 21/85/1 23/86/1 50/87/1
f 50/87/1 19/80/1 25/88/1
f 3/3/1 2/2/1 19/80/1
f 27/84/1 1/1/1 30/82/1
f 2/2/1 25/88/1 19/80/1
f 21/85/1 50/87/1 25/88/1
f 30/82/1 1/1/1 3/3/1
f 40/89/2 60/90/2 37/65/2
f 43/91/2 56/92/2 61/93/2
f 46/94/2 57/95/2 7/96/2
f 7/96/2 61/93/2 56/92/2
f 58/97/2 13/98/2 35/78/2
f 46/94/2 7/96/2 56/92/2
f 13/98/2 17/99/2 31/75/2
f 61/93/2 62/70/2 43/91/2
f 60/90/2 43/91/2 62/70/2
f 37/65/2 55/66/2 40/89/2
f 63/73/2 53/72/2 58/97/2
f 62/70/2 37/65/2 60/90/2
f 61/93/2 10/100/2 62/70/2
f 17/99/2 20/101/2 31/75/2
f 49/102/2 22/103/2 64/104/2
f 10/100/2 53/72/2 62/70/2
f 5/4/2 49/102/2 24/105/2
f 64/104/2 24/105/2 49/102/2
f 6/5/2 51/106/2 4/3/2
f 26/107/2 28/83/2 59/82/2
f 4/3/2 52/76/2 5/4/2
f 26/107/2 59/82/2 51/106/2
f 24/105/2 6/5/2 5/4/2
f 20/101/2 52/76/2 31/75/2
f 53/72/2 10/100/2 58/97/2
f 31/75/2 35/78/2 13/98/2
f 59/82/2 4/3/2 51/106/2
f 5/4/2 52/76/2 20/101/2
f 35/78/2 63/73/2 58/97/2
f 7/6/3 57/108/3 8/7/3
f 10/9/4 61/109/4 11/10/4
f 13/12/4 58/56/4 14/13/4
f 16/15/4 20/19/4 17/16/4
f 19/18/4 5/57/4 20/19/4
f 21/20/5 64/110/5 22/21/5
f 24/23/6 64/110/6 21/20/6
f 26/25/7 51/49/7 1/26/7
f 28/28/8 26/25/8 27/27/8
f 4/10/9 59/8/9 30/30/9
f 31/13/9 52/11/9 32/32/9
f 34/34/9 63/17/9 35/14/9
f 37/36/9 62/18/9 38/37/9
f 40/39/10 55/22/10 41/21/10
f 43/41/11 60/59/11 44/42/11
f 46/44/12 56/53/12 47/45/12
f 11/10/4 61/109/4 7/6/4
f 17/16/4 13/12/4 15/14/4
f 23/47/13 22/111/13 49/48/13
f 51/49/14 6/58/14 2/50/14
f 52/11/9 4/10/9 3/31/9
f 53/15/9 63/17/9 34/34/9
f 55/47/15 37/36/15 39/38/15
f 56/53/16 43/41/16 45/43/16
f 57/54/17 46/44/17 48/46/17
f 58/56/4 10/9/4 12/11/4
f 50/36/4 49/48/4 5/57/4
f 6/58/18 24/23/18 25/24/18
f 59/8/19 28/7/19 29/29/19
f 35/14/9 31/13/9 33/33/9
f 38/37/9 62/18/9 53/15/9
f 60/59/20 40/39/20 42/40/20
o Base_-Squad_-_Unique_Ring_Flat_Torus.008
v 0.544822 0.256345 0.000155
v 0.534364 0.256345 -0.106024
v 0.510100 0.273986 -0.101198
v 0.520083 0.273986 0.000155
v 0.520083 0.273986 0.000155
v 0.510100 0.273986 -0.101198
v 0.461573 0.273986 -0.091545
v 0.470605 0.273986 0.000155
v 0.470605 0.273986 0.000155
v 0.461573 0.273986 -0.091545
v 0.437310 0.256345 -0.086719
v 0.445866 0.256345 0.000155
v 0.445866 0.256345 0.000155
v 0.437310 0.256345 -0.086719
v 0.461573 0.213115 -0.091545
v 0.470605 0.213115 0.000155
v 0.470605 0.213115 0.000155
v 0.461573 0.213115 -0.091545
v 0.510100 0.213115 -0.101198
v 0.520083 0.213115 0.000155
v 0.544822 0.256345 0.000155
v 0.520083 0.213115 0.000155
v 0.510100 0.213115 -0.101198
v 0.534364 0.256345 -0.106024
v 0.503393 0.256345 -0.208122
v 0.480537 0.273986 -0.198655
v 0.480537 0.273986 -0.198655
v 0.434825 0.273986 -0.179721
v 0.434825 0.273986 -0.179721
v 0.411970 0.256345 -0.170254
v 0.411970 0.256345 -0.170254
v 0.434825 0.213115 -0.179721
v 0.434825 0.213115 -0.179721
v 0.480537 0.213115 -0.198655
v 0.480537 0.213115 -0.198655
v 0.503393 0.256345 -0.208122
v 0.453098 0.256345 -0.302217
v 0.432528 0.273986 -0.288473
v 0.432528 0.273986 -0.288473
v 0.391389 0.273986 -0.260984
v 0.391389 0.273986 -0.260984
v 0.370820 0.256345 -0.247240
v 0.370820 0.256345 -0.247240
v 0.391389 0.213115 -0.260984
v 0.391389 0.213115 -0.260984
v 0.432528 0.213115 -0.288473
v 0.432528 0.213115 -0.288473
v 0.453098 0.256345 -0.302217
v 0.385413 0.256345 -0.384692
v 0.367920 0.273986 -0.367199
v 0.367920 0.273986 -0.367199
v 0.332934 0.273986 -0.332212
v 0.332934 0.273986 -0.332212
v 0.315441 0.256345 -0.314719
v 0.315441 0.256345 -0.314719
v 0.332934 0.213115 -0.332212
v 0.332934 0.213115 -0.332212
v 0.367920 0.213115 -0.367199
v 0.367920 0.213115 -0.367199
v 0.385413 0.256345 -0.384692
v 0.302938 0.256345 -0.452377
v 0.289194 0.273986 -0.431807
v 0.289194 0.273986 -0.431807
v 0.261706 0.273986 -0.390668
v 0.261706 0.273986 -0.390668
v 0.247962 0.256345 -0.370098
v 0.247962 0.256345 -0.370098
v 0.261706 0.213115 -0.390668
v 0.261706 0.213115 -0.390668
v 0.289194 0.213115 -0.431807
v 0.289194 0.213115 -0.431807
v 0.302938 0.256345 -0.452377
v 0.208844 0.256345 -0.502671
v 0.199377 0.273986 -0.479815
v 0.199377 0.273986 -0.479815
v 0.180442 0.273986 -0.434104
v 0.180442 0.273986 -0.434104
v 0.170975 0.256345 -0.411248
v 0.170975 0.256345 -0.411248
v 0.180442 0.213115 -0.434104
v 0.180442 0.213115 -0.434104
v 0.199377 0.213115 -0.479815
v 0.199377 0.213115 -0.479815
v 0.208844 0.256345 -0.502671
v 0.106745 0.256345 -0.533642
v 0.101919 0.273986 -0.509379
v 0.101919 0.273986 -0.509379
v 0.092266 0.273986 -0.460852
v 0.092266 0.273986 -0.460852
v 0.087440 0.256345 -0.436588
v 0.087440 0.256345 -0.436588
v 0.092266 0.213115 -0.460852
v 0.092266 0.213115 -0.460852
v 0.101919 0.213115 -0.509379
v 0.101919 0.213115 -0.509379
v 0.106745 0.256345 -0.533642
v 0.000566 0.256345 -0.544100
v 0.000566 0.273986 -0.519361
v 0.000566 0.273986 -0.519361
v 0.000566 0.273986 -0.469884
v 0.000566 0.273986 -0.469884
v 0.000566 0.256345 -0.445145
v 0.000566 0.256345 -0.445145
v 0.000566 0.213115 -0.469884
v 0.000566 0.213115 -0.469884
v 0.000566 0.213115 -0.519361
v 0.000566 0.213115 -0.519361
v 0.000566 0.256345 -0.544100
v -0.105613 0.256345 -0.533642
v -0.100786 0.273986 -0.509379
v -0.100786 0.273986 -0.509379
v -0.091134 0.273986 -0.460852
v -0.091134 0.273986 -0.460852
v -0.086307 0.256345 -0.436588
v -0.086307 0.256345 -0.436588
v -0.091134 0.213115 -0.460852
v -0.091134 0.213115 -0.460852
v -0.100786 0.213115 -0.509379
v -0.100786 0.213115 -0.509379
v -0.105613 0.256345 -0.533642
v -0.207711 0.256345 -0.502671
v -0.198244 0.273986 -0.479815
v -0.198244 0.273986 -0.479815
v -0.179310 0.273986 -0.434104
v -0.179310 0.273986 -0.434104
v -0.169842 0.256345 -0.411248
v -0.169842 0.256345 -0.411248
v -0.179310 0.213115 -0.434104
v -0.179310 0.213115 -0.434104
v -0.198244 0.213115 -0.479815
v -0.198244 0.213115 -0.479815
v -0.207711 0.256345 -0.502671
v -0.301805 0.256345 -0.452377
v -0.288061 0.273986 -0.431807
v -0.288061 0.273986 -0.431807
v -0.260573 0.273986 -0.390668
v -0.260573 0.273986 -0.390668
v -0.246829 0.256345 -0.370098
v -0.246829 0.256345 -0.370098
v -0.260573 0.213115 -0.390668
v -0.260573 0.213115 -0.390668
v -0.288061 0.213115 -0.431807
v -0.288061 0.213115 -0.431807
v -0.301805 0.256345 -0.452377
v -0.384280 0.256345 -0.384691
v -0.366787 0.273986 -0.367198
v -0.366787 0.273986 -0.367198
v -0.331801 0.273986 -0.332212
v -0.331801 0.273986 -0.332212
v -0.314308 0.256345 -0.314719
v -0.314308 0.256345 -0.314719
v -0.331801 0.213115 -0.332212
v -0.331801 0.213115 -0.332212
v -0.366787 0.213115 -0.367198
v -0.366787 0.213115 -0.367198
v -0.384280 0.256345 -0.384691
v -0.451965 0.256345 -0.302217
v -0.431396 0.273986 -0.288473
v -0.431396 0.273986 -0.288473
v -0.390256 0.273986 -0.260985
v -0.390256 0.273986 -0.260985
v -0.369687 0.256345 -0.247240
v -0.369687 0.256345 -0.247240
v -0.390256 0.213115 -0.260985
v -0.390256 0.213115 -0.260985
v -0.431396 0.213115 -0.288473
v -0.431396 0.213115 -0.288473
v -0.451965 0.256345 -0.302217
v -0.502260 0.256345 -0.208122
v -0.479404 0.273986 -0.198655
v -0.479404 0.273986 -0.198655
v -0.433693 0.273986 -0.179721
v -0.433693 0.273986 -0.179721
v -0.410837 0.256345 -0.170254
v -0.410837 0.256345 -0.170254
v -0.433693 0.213115 -0.179721
v -0.433693 0.213115 -0.179721
v -0.479404 0.213115 -0.198655
v -0.479404 0.213115 -0.198655
v -0.502260 0.256345 -0.208122
v -0.533231 0.256345 -0.106024
v -0.508968 0.273986 -0.101198
v -0.508968 0.273986 -0.101198
v -0.460441 0.273986 -0.091545
v -0.460441 0.273986 -0.091545
v -0.436177 0.256345 -0.086719
v -0.436177 0.256345 -0.086719
v -0.460441 0.213115 -0.091545
v -0.460441 0.213115 -0.091545
v -0.508968 0.213115 -0.101198
v -0.508968 0.213115 -0.101198
v -0.533231 0.256345 -0.106024
v -0.543689 0.256345 0.000155
v -0.518950 0.273986 0.000155
v -0.518950 0.273986 0.000155
v -0.469472 0.273986 0.000155
v -0.469472 0.273986 0.000155
v -0.444733 0.256345 0.000155
v -0.444733 0.256345 0.000155
v -0.469472 0.213115 0.000155
v -0.469472 0.213115 0.000155
v -0.518950 0.213115 0.000155
v -0.518950 0.213115 0.000155
v -0.543689 0.256345 0.000155
v -0.533231 0.256345 0.106334
v -0.508968 0.273986 0.101508
v -0.508968 0.273986 0.101508
v -0.460441 0.273986 0.091855
v -0.460441 0.273986 0.091855
v -0.436177 0.256345 0.087029
v -0.436177 0.256345 0.087029
v -0.460441 0.213115 0.091855
v -0.460441 0.213115 0.091855
v -0.508968 0.213115 0.101508
v -0.508968 0.213115 0.101508
v -0.533231 0.256345 0.106334
v -0.502260 0.256345 0.208432
v -0.479404 0.273986 0.198965
v -0.479404 0.273986 0.198965
v -0.433693 0.273986 0.180031
v -0.433693 0.273986 0.180031
v -0.410837 0.256345 0.170564
v -0.410837 0.256345 0.170564
v -0.433693 0.213115 0.180031
v -0.433693 0.213115 0.180031
v -0.479404 0.213115 0.198965
v -0.479404 0.213115 0.198965
v -0.502260 0.256345 0.208432
v -0.451965 0.256345 0.302527
v -0.431396 0.273986 0.288783
v -0.431396 0.273986 0.288783
v -0.390256 0.273986 0.261295
v -0.390256 0.273986 0.261295
v -0.369687 0.256345 0.247550
v -0.369687 0.256345 0.247550
v -0.390256 0.213115 0.261295
v -0.390256 0.213115 0.261295
v -0.431396 0.213115 0.288783
v -0.431396 0.213115 0.288783
v -0.451965 0.256345 0.302527
v -0.384280 0.256345 0.385001
v -0.366787 0.273986 0.367508
v -0.366787 0.273986 0.367508
v -0.331801 0.273986 0.332522
v -0.331801 0.273986 0.332522
v -0.314308 0.256345 0.315029
v -0.314308 0.256345 0.315029
v -0.331801 0.213115 0.332522
v -0.331801 0.213115 0.332522
v -0.366787 0.213115 0.367508
v -0.366787 0.213115 0.367508
v -0.384280 0.256345 0.385001
v -0.301806 0.256345 0.452686
v -0.288062 0.273986 0.432117
v -0.288062 0.273986 0.432117
v -0.260573 0.273986 0.390978
v -0.260573 0.273986 0.390978
v -0.246829 0.256345 0.370408
v -0.246829 0.256345 0.370408
v -0.260573 0.213115 0.390978
v -0.260573 0.213115 0.390978
v -0.288062 0.213115 0.432117
v -0.288062 0.213115 0.432117
v -0.301806 0.256345 0.452686
v -0.207711 0.256345 0.502981
v -0.198244 0.273986 0.480125
v -0.198244 0.273986 0.480125
v -0.179310 0.273986 0.434414
v -0.179310 0.273986 0.434414
v -0.169842 0.256345 0.411558
v -0.169842 0.256345 0.411558
v -0.179310 0.213115 0.434414
v -0.179310 0.213115 0.434414
v -0.198244 0.213115 0.480125
v -0.198244 0.213115 0.480125
v -0.207711 0.256345 0.502981
v -0.105613 0.256345 0.533952
v -0.100787 0.273986 0.509689
v -0.100787 0.273986 0.509689
v -0.091134 0.273986 0.461162
v -0.091134 0.273986 0.461162
v -0.086307 0.256345 0.436898
v -0.086307 0.256345 0.436898
v -0.091134 0.213115 0.461162
v -0.091134 0.213115 0.461162
v -0.100787 0.213115 0.509689
v -0.100787 0.213115 0.509689
v -0.105613 0.256345 0.533952
v 0.000566 0.256345 0.544410
v 0.000566 0.273986 0.519671
v 0.000566 0.273986 0.519671
v 0.000566 0.273986 0.470194
v 0.000566 0.273986 0.470194
v 0.000566 0.256345 0.445455
v 0.000566 0.256345 0.445455
v 0.000566 0.213115 0.470194
v 0.000566 0.213115 0.470194
v 0.000566 0.213115 0.519671
v 0.000566 0.213115 0.519671
v 0.000566 0.256345 0.544410
v 0.106745 0.256345 0.533953
v 0.101919 0.273986 0.509689
v 0.101919 0.273986 0.509689
v 0.092266 0.273986 0.461162
v 0.092266 0.273986 0.461162
v 0.087440 0.256345 0.436898
v 0.087440 0.256345 0.436898
v 0.092266 0.213115 0.461162
v 0.092266 0.213115 0.461162
v 0.101919 0.213115 0.509689
v 0.101919 0.213115 0.509689
v 0.106745 0.256345 0.533953
v 0.208844 0.256345 0.502981
v 0.199377 0.273986 0.480125
v 0.199377 0.273986 0.480125
v 0.180442 0.273986 0.434414
v 0.180442 0.273986 0.434414
v 0.170975 0.256345 0.411558
v 0.170975 0.256345 0.411558
v 0.180442 0.213115 0.434414
v 0.180442 0.213115 0.434414
v 0.199377 0.213115 0.480125
v 0.199377 0.213115 0.480125
v 0.208844 0.256345 0.502981
v 0.302938 0.256345 0.452687
v 0.289194 0.273986 0.432117
v 0.289194 0.273986 0.432117
v 0.261706 0.273986 0.390978
v 0.261706 0.273986 0.390978
v 0.247962 0.256345 0.370408
v 0.247962 0.256345 0.370408
v 0.261706 0.213115 0.390978
v 0.261706 0.213115 0.390978
v 0.289194 0.213115 0.432117
v 0.289194 0.213115 0.432117
v 0.302938 0.256345 0.452687
v 0.385413 0.256345 0.385002
v 0.367920 0.273986 0.367509
v 0.367920 0.273986 0.367509
v 0.332934 0.273986 0.332523
v 0.332934 0.273986 0.332523
v 0.315441 0.256345 0.315030
v 0.315441 0.256345 0.315030
v 0.332934 0.213115 0.332523
v 0.332934 0.213115 0.332523
v 0.367920 0.213115 0.367509
v 0.367920 0.213115 0.367509
v 0.385413 0.256345 0.385002
v 0.453098 0.256345 0.302527
v 0.432528 0.273986 0.288783
v 0.432528 0.273986 0.288783
v 0.391389 0.273986 0.261294
v 0.391389 0.273986 0.261294
v 0.370820 0.256345 0.247550
v 0.370820 0.256345 0.247550
v 0.391389 0.213115 0.261294
v 0.391389 0.213115 0.261294
v 0.432528 0.213115 0.288783
v 0.432528 0.213115 0.288783
v 0.453098 0.256345 0.302527
v 0.503393 0.256345 0.208433
v 0.480537 0.273986 0.198965
v 0.480537 0.273986 0.198965
v 0.434825 0.273986 0.180031
v 0.434825 0.273986 0.180031
v 0.411970 0.256345 0.170564
v 0.411970 0.256345 0.170564
v 0.434825 0.213115 0.180031
v 0.434825 0.213115 0.180031
v 0.480537 0.213115 0.198965
v 0.480537 0.213115 0.198965
v 0.503393 0.256345 0.208433
v 0.534364 0.256345 0.106334
v 0.510100 0.273986 0.101508
v 0.510100 0.273986 0.101508
v 0.461573 0.273986 0.091855
v 0.461573 0.273986 0.091855
v 0.437310 0.256345 0.087029
v 0.437310 0.256345 0.087029
v 0.461573 0.213115 0.091855
v 0.461573 0.213115 0.091855
v 0.510100 0.213115 0.101508
v 0.510100 0.213115 0.101508
v 0.534364 0.256345 0.106334
vn 0.5796 0.8129 -0.0571
vn -0.0000 1.0000 -0.0000
vn -0.5796 0.8129 0.0571
vn -0.8648 -0.4949 0.0852
vn -0.0000 -1.0000 -0.0000
vn 0.8648 -0.4949 -0.0852
vn 0.5574 0.8129 -0.1691
vn -0.5574 0.8129 0.1691
vn -0.8316 -0.4949 0.2522
vn 0.8315 -0.4949 -0.2522
vn 0.5137 0.8129 -0.2746
vn -0.5137 0.8129 0.2746
vn -0.7664 -0.4949 0.4096
vn 0.7664 -0.4949 -0.4096
vn 0.4502 0.8129 -0.3695
vn -0.4502 0.8129 0.3695
vn -0.6717 -0.4949 0.5513
vn 0.6717 -0.4949 -0.5513
vn 0.3695 0.8129 -0.4502
vn -0.3695 0.8129 0.4502
vn -0.5513 -0.4949 0.6717
vn 0.5513 -0.4949 -0.6717
vn 0.2746 0.8129 -0.5137
vn -0.2746 0.8129 0.5137
vn -0.4096 -0.4949 0.7664
vn 0.4096 -0.4949 -0.7664
vn 0.1691 0.8129 -0.5574
vn -0.1691 0.8129 0.5574
vn -0.2522 -0.4949 0.8315
vn 0.2522 -0.4949 -0.8315
vn 0.0571 0.8129 -0.5796
vn -0.0571 0.8129 0.5796
vn -0.0852 -0.4949 0.8648
vn 0.0852 -0.4949 -0.8648
vn -0.0571 0.8129 -0.5796
vn 0.0571 0.8129 0.5796
vn 0.0852 -0.4949 0.8648
vn -0.0852 -0.4949 -0.8648
vn -0.1691 0.8129 -0.5574
vn 0.1691 0.8129 0.5574
vn 0.2522 -0.4949 0.8315
vn -0.2522 -0.4949 -0.8315
vn -0.2746 0.8129 -0.5137
vn 0.2746 0.8129 0.5137
vn 0.4096 -0.4949 0.7664
vn -0.4096 -0.4949 -0.7664
vn -0.3695 0.8129 -0.4502
vn 0.3695 0.8129 0.4502
vn 0.5513 -0.4949 0.6717
vn -0.5513 -0.4949 -0.6717
vn -0.4502 0.8129 -0.3695
vn 0.4502 0.8129 0.3695
vn 0.6717 -0.4949 0.5513
vn -0.6717 -0.4949 -0.5513
vn -0.5137 0.8129 -0.2746
vn 0.5137 0.8129 0.2746
vn 0.7664 -0.4949 0.4096
vn -0.7664 -0.4949 -0.4096
vn -0.5574 0.8129 -0.1691
vn 0.5574 0.8129 0.1691
vn 0.8315 -0.4949 0.2522
vn -0.8315 -0.4949 -0.2522
vn -0.5796 0.8129 -0.0571
vn 0.5796 0.8129 0.0571
vn 0.8648 -0.4949 0.0852
vn -0.8648 -0.4949 -0.0852
vn -0.8315 -0.4949 0.2522
vt 0.006000 0.190300
vt 0.005400 0.194700
vt 0.003100 0.195700
vt 0.003700 0.191400
vt 0.059500 0.174400
vt 0.056200 0.179300
vt 0.053900 0.177500
vt 0.056900 0.173000
vt 0.109700 0.190300
vt 0.109200 0.194100
vt 0.106900 0.195100
vt 0.107400 0.191400
vt 0.097100 0.194300
vt 0.097600 0.190500
vt 0.068900 0.173000
vt 0.071900 0.177500
vt 0.069700 0.179300
vt 0.066400 0.174400
vt 0.015800 0.191300
vt 0.015300 0.195500
vt 0.005000 0.199900
vt 0.002700 0.200600
vt 0.051900 0.183500
vt 0.050100 0.181300
vt 0.108800 0.198600
vt 0.106500 0.199300
vt 0.096700 0.198800
vt 0.075700 0.181300
vt 0.073900 0.183500
vt 0.014800 0.200500
vt 0.004700 0.205700
vt 0.002500 0.206100
vt 0.047000 0.186800
vt 0.045600 0.184300
vt 0.108600 0.203600
vt 0.106300 0.204000
vt 0.096500 0.203800
vt 0.080200 0.184300
vt 0.078800 0.186800
vt 0.014600 0.206000
vt 0.004600 0.211800
vt 0.002400 0.212000
vt 0.041500 0.189100
vt 0.040600 0.186400
vt 0.108500 0.208900
vt 0.106200 0.209100
vt 0.096400 0.209100
vt 0.085200 0.186400
vt 0.084400 0.189100
vt 0.014500 0.211800
vt 0.004700 0.218100
vt 0.002500 0.218000
vt 0.035600 0.190300
vt 0.035300 0.187400
vt 0.108600 0.214300
vt 0.106300 0.214200
vt 0.096500 0.214500
vt 0.090500 0.187400
vt 0.090200 0.190300
vt 0.014600 0.217800
vt 0.005000 0.224200
vt 0.002700 0.223800
vt 0.029700 0.190300
vt 0.029900 0.187400
vt 0.108800 0.219600
vt 0.106500 0.219200
vt 0.096700 0.219800
vt 0.095900 0.187400
vt 0.096200 0.190300
vt 0.014800 0.223600
vt 0.005400 0.230000
vt 0.003100 0.229300
vt 0.023800 0.189100
vt 0.024600 0.186400
vt 0.109200 0.224500
vt 0.106900 0.223900
vt 0.097100 0.224700
vt 0.101200 0.186400
vt 0.102000 0.189100
vt 0.015300 0.229100
vt 0.006000 0.235100
vt 0.003700 0.234300
vt 0.018300 0.186800
vt 0.019700 0.184300
vt 0.109700 0.229000
vt 0.107400 0.228100
vt 0.097600 0.229200
vt 0.106200 0.184300
vt 0.107500 0.186800
vt 0.015800 0.234100
vt 0.033000 0.190300
vt 0.032400 0.194700
vt 0.030100 0.195700
vt 0.030700 0.191400
vt 0.013300 0.183500
vt 0.015200 0.181300
vt 0.069700 0.190300
vt 0.069100 0.194100
vt 0.066800 0.195100
vt 0.067300 0.191400
vt 0.057000 0.194300
vt 0.057500 0.190500
vt 0.110600 0.181300
vt 0.112500 0.183500
vt 0.042800 0.191300
vt 0.042200 0.195500
vt 0.032000 0.199900
vt 0.029700 0.200600
vt 0.009100 0.179300
vt 0.011400 0.177500
vt 0.068800 0.198600
vt 0.066500 0.199300
vt 0.056600 0.198800
vt 0.114500 0.177500
vt 0.116700 0.179300
vt 0.041800 0.200500
vt 0.031700 0.205700
vt 0.029400 0.206100
vt 0.005800 0.174400
vt 0.008400 0.173000
vt 0.068500 0.203600
vt 0.066300 0.204000
vt 0.056400 0.203800
vt 0.117500 0.173000
vt 0.120000 0.174400
vt 0.041600 0.206000
vt 0.031600 0.211800
vt 0.029300 0.212000
vt 0.003500 0.168800
vt 0.006300 0.168000
vt 0.068400 0.208900
vt 0.066200 0.209100
vt 0.056300 0.209100
vt 0.119500 0.168000
vt 0.122300 0.168800
vt 0.041500 0.211800
vt 0.031700 0.218100
vt 0.029400 0.218000
vt 0.002400 0.163000
vt 0.005200 0.162700
vt 0.068500 0.214300
vt 0.066300 0.214200
vt 0.056400 0.214500
vt 0.120600 0.162700
vt 0.123500 0.163000
vt 0.041600 0.217800
vt 0.032000 0.224200
vt 0.029700 0.223800
vt 0.002400 0.157000
vt 0.005200 0.157300
vt 0.068800 0.219600
vt 0.066500 0.219200
vt 0.056600 0.219800
vt 0.120600 0.157300
vt 0.123500 0.157000
vt 0.041800 0.223600
vt 0.032400 0.230000
vt 0.030100 0.229300
vt 0.003500 0.151200
vt 0.006300 0.152000
vt 0.069100 0.224500
vt 0.066800 0.223900
vt 0.057000 0.224700
vt 0.119500 0.152000
vt 0.122300 0.151200
vt 0.042200 0.229100
vt 0.033000 0.235100
vt 0.030700 0.234300
vt 0.005800 0.145700
vt 0.008400 0.147000
vt 0.069700 0.229000
vt 0.067300 0.228100
vt 0.057500 0.229200
vt 0.117500 0.147000
vt 0.120000 0.145700
vt 0.042800 0.234100
vt 0.046500 0.190300
vt 0.045900 0.194700
vt 0.043600 0.195700
vt 0.044200 0.191400
vt 0.009100 0.140700
vt 0.011400 0.142500
vt 0.083000 0.190300
vt 0.082500 0.194100
vt 0.080200 0.195100
vt 0.080700 0.191400
vt 0.070400 0.194300
vt 0.070900 0.190500
vt 0.114500 0.142500
vt 0.116700 0.140700
vt 0.056300 0.191300
vt 0.055700 0.195500
vt 0.045400 0.199900
vt 0.043200 0.200600
vt 0.013300 0.136500
vt 0.015200 0.138700
vt 0.082100 0.198600
vt 0.079800 0.199300
vt 0.070000 0.198800
vt 0.110600 0.138700
vt 0.112500 0.136500
vt 0.055300 0.200500
vt 0.045200 0.205700
vt 0.042900 0.206100
vt 0.018300 0.133200
vt 0.019700 0.135700
vt 0.081900 0.203600
vt 0.079600 0.204000
vt 0.069700 0.203800
vt 0.106200 0.135700
vt 0.107500 0.133200
vt 0.055000 0.206000
vt 0.045100 0.211800
vt 0.042800 0.212000
vt 0.023800 0.130900
vt 0.024600 0.133700
vt 0.081800 0.208900
vt 0.079500 0.209100
vt 0.069700 0.209100
vt 0.101200 0.133700
vt 0.102000 0.130900
vt 0.054900 0.211800
vt 0.045200 0.218100
vt 0.042900 0.218000
vt 0.029700 0.129700
vt 0.029900 0.132600
vt 0.081900 0.214300
vt 0.079600 0.214200
vt 0.069700 0.214500
vt 0.095900 0.132600
vt 0.096200 0.129700
vt 0.055000 0.217800
vt 0.045400 0.224200
vt 0.043200 0.223800
vt 0.035600 0.129700
vt 0.035300 0.132600
vt 0.082100 0.219600
vt 0.079800 0.219200
vt 0.070000 0.219800
vt 0.090500 0.132600
vt 0.090200 0.129700
vt 0.055300 0.223600
vt 0.045900 0.230000
vt 0.043600 0.229300
vt 0.041500 0.130900
vt 0.040600 0.133700
vt 0.082500 0.224500
vt 0.080200 0.223900
vt 0.070400 0.224700
vt 0.085200 0.133700
vt 0.084400 0.130900
vt 0.055700 0.229100
vt 0.046500 0.235100
vt 0.044200 0.234300
vt 0.047000 0.133200
vt 0.045600 0.135700
vt 0.083000 0.229000
vt 0.080700 0.228100
vt 0.070900 0.229200
vt 0.080200 0.135700
vt 0.078800 0.133200
vt 0.056300 0.234100
vt 0.019500 0.190300
vt 0.018900 0.194700
vt 0.016600 0.195700
vt 0.017200 0.191400
vt 0.051900 0.136500
vt 0.050100 0.138700
vt 0.096400 0.190300
vt 0.095900 0.194100
vt 0.093600 0.195100
vt 0.094100 0.191400
vt 0.083700 0.194300
vt 0.084300 0.190500
vt 0.075700 0.138700
vt 0.073900 0.136500
vt 0.029300 0.191300
vt 0.028800 0.195500
vt 0.018500 0.199900
vt 0.016200 0.200600
vt 0.056200 0.140700
vt 0.053900 0.142500
vt 0.095500 0.198600
vt 0.093200 0.199300
vt 0.083300 0.198800
vt 0.071900 0.142500
vt 0.069700 0.140700
vt 0.028300 0.200500
vt 0.018200 0.205700
vt 0.015900 0.206100
vt 0.059500 0.145700
vt 0.056900 0.147000
vt 0.095200 0.203600
vt 0.093000 0.204000
vt 0.083100 0.203800
vt 0.068900 0.147000
vt 0.066400 0.145700
vt 0.028100 0.206000
vt 0.018100 0.211800
vt 0.015800 0.212000
vt 0.061700 0.151200
vt 0.059000 0.152000
vt 0.095100 0.208900
vt 0.092900 0.209100
vt 0.083000 0.209100
vt 0.066800 0.152000
vt 0.064100 0.151200
vt 0.028000 0.211800
vt 0.018200 0.218100
vt 0.015900 0.218000
vt 0.062900 0.157000
vt 0.060000 0.157300
vt 0.095200 0.214300
vt 0.093000 0.214200
vt 0.083100 0.214500
vt 0.065800 0.157300
vt 0.028100 0.217800
vt 0.018500 0.224200
vt 0.016200 0.223800
vt 0.062900 0.163000
vt 0.060000 0.162700
vt 0.095500 0.219600
vt 0.093200 0.219200
vt 0.083300 0.219800
vt 0.065800 0.162700
vt 0.028300 0.223600
vt 0.018900 0.230000
vt 0.016600 0.229300
vt 0.061700 0.168800
vt 0.059000 0.168000
vt 0.095900 0.224500
vt 0.093600 0.223900
vt 0.083700 0.224700
vt 0.066800 0.168000
vt 0.064100 0.168800
vt 0.028800 0.229100
vt 0.019500 0.235100
vt 0.017200 0.234300
vt 0.096400 0.229000
vt 0.094100 0.228100
vt 0.084300 0.229200
vt 0.029300 0.234100
s 0
f 65/112/21 66/113/21 67/114/21 68/115/21
f 69/116/22 70/117/22 71/118/22 72/119/22
f 73/120/23 74/121/23 75/122/23 76/123/23
f 77/123/24 78/122/24 79/124/24 80/125/24
f 81/126/25 82/127/25 83/128/25 84/129/25
f 85/112/26 86/130/26 87/131/26 88/113/26
f 66/113/27 89/132/27 90/133/27 67/114/27
f 70/117/22 91/134/22 92/135/22 71/118/22
f 74/121/28 93/136/28 94/137/28 75/122/28
f 78/122/29 95/137/29 96/138/29 79/124/29
f 82/127/25 97/139/25 98/140/25 83/128/25
f 87/131/30 99/141/30 100/132/30 88/113/30
f 89/132/31 101/142/31 102/143/31 90/133/31
f 91/134/22 103/144/22 104/145/22 92/135/22
f 93/136/32 105/146/32 106/147/32 94/137/32
f 95/137/33 107/147/33 108/148/33 96/138/33
f 97/139/25 109/149/25 110/150/25 98/140/25
f 99/141/34 111/151/34 112/142/34 100/132/34
f 101/142/35 113/152/35 114/153/35 102/143/35
f 103/144/22 115/154/22 116/155/22 104/145/22
f 105/146/36 117/156/36 118/157/36 106/147/36
f 107/147/37 119/157/37 120/158/37 108/148/37
f 109/149/25 121/159/25 122/160/25 110/150/25
f 111/151/38 123/161/38 124/152/38 112/142/38
f 113/152/39 125/162/39 126/163/39 114/153/39
f 115/154/22 127/164/22 128/165/22 116/155/22
f 117/156/40 129/166/40 130/167/40 118/157/40
f 119/157/41 131/167/41 132/168/41 120/158/41
f 121/159/25 133/169/25 134/170/25 122/160/25
f 123/161/42 135/171/42 136/162/42 124/152/42
f 125/162/43 137/172/43 138/173/43 126/163/43
f 127/164/22 139/174/22 140/175/22 128/165/22
f 129/166/44 141/176/44 142/177/44 130/167/44
f 131/167/45 143/177/45 144/178/45 132/168/45
f 133/169/25 145/179/25 146/180/25 134/170/25
f 135/171/46 147/181/46 148/172/46 136/162/46
f 137/172/47 149/182/47 150/183/47 138/173/47
f 139/174/22 151/184/22 152/185/22 140/175/22
f 141/176/48 153/186/48 154/187/48 142/177/48
f 143/177/49 155/187/49 156/188/49 144/178/49
f 145/179/25 157/189/25 158/190/25 146/180/25
f 147/181/50 159/191/50 160/182/50 148/172/50
f 149/182/51 161/192/51 162/193/51 150/183/51
f 151/184/22 163/194/22 164/195/22 152/185/22
f 153/186/52 165/196/52 166/197/52 154/187/52
f 155/187/53 167/197/53 168/198/53 156/188/53
f 157/189/25 169/199/25 170/200/25 158/190/25
f 159/191/54 171/201/54 172/192/54 160/182/54
f 161/202/55 173/203/55 174/204/55 162/205/55
f 163/194/22 175/206/22 176/207/22 164/195/22
f 165/208/56 177/209/56 178/210/56 166/211/56
f 167/211/57 179/210/57 180/212/57 168/213/57
f 169/199/25 181/214/25 182/215/25 170/200/25
f 171/216/58 183/217/58 184/203/58 172/202/58
f 173/203/59 185/218/59 186/219/59 174/204/59
f 175/206/22 187/220/22 188/221/22 176/207/22
f 177/209/60 189/222/60 190/223/60 178/210/60
f 179/210/61 191/223/61 192/224/61 180/212/61
f 181/214/25 193/225/25 194/226/25 182/215/25
f 183/217/62 195/227/62 196/218/62 184/203/62
f 185/218/63 197/228/63 198/229/63 186/219/63
f 187/220/22 199/230/22 200/231/22 188/221/22
f 189/222/64 201/232/64 202/233/64 190/223/64
f 191/223/65 203/233/65 204/234/65 192/224/65
f 193/225/25 205/235/25 206/236/25 194/226/25
f 195/227/66 207/237/66 208/228/66 196/218/66
f 197/228/67 209/238/67 210/239/67 198/229/67
f 199/230/22 211/240/22 212/241/22 200/231/22
f 201/232/68 213/242/68 214/243/68 202/233/68
f 203/233/69 215/243/69 216/244/69 204/234/69
f 205/235/25 217/245/25 218/246/25 206/236/25
f 207/237/70 219/247/70 220/238/70 208/228/70
f 209/238/71 221/248/71 222/249/71 210/239/71
f 211/240/22 223/250/22 224/251/22 212/241/22
f 213/242/72 225/252/72 226/253/72 214/243/72
f 215/243/73 227/253/73 228/254/73 216/244/73
f 217/245/25 229/255/25 230/256/25 218/246/25
f 219/247/74 231/257/74 232/248/74 220/238/74
f 221/248/75 233/258/75 234/259/75 222/249/75
f 223/250/22 235/260/22 236/261/22 224/251/22
f 225/252/76 237/262/76 238/263/76 226/253/76
f 227/253/77 239/263/77 240/264/77 228/254/77
f 229/255/25 241/265/25 242/266/25 230/256/25
f 231/257/78 243/267/78 244/258/78 232/248/78
f 233/258/79 245/268/79 246/269/79 234/259/79
f 235/260/22 247/270/22 248/271/22 236/261/22
f 237/262/80 249/272/80 250/273/80 238/263/80
f 239/263/81 251/273/81 252/274/81 240/264/81
f 241/265/25 253/275/25 254/276/25 242/266/25
f 243/267/82 255/277/82 256/268/82 244/258/82
f 245/268/83 257/278/83 258/279/83 246/269/83
f 247/270/22 259/280/22 260/281/22 248/271/22
f 249/272/84 261/282/84 262/283/84 250/273/84
f 251/273/85 263/283/85 264/284/85 252/274/85
f 253/275/25 265/285/25 266/286/25 254/276/25
f 255/277/86 267/287/86 268/278/86 256/268/86
f 257/288/23 269/289/23 270/290/23 258/291/23
f 259/280/22 271/292/22 272/293/22 260/281/22
f 261/294/21 273/295/21 274/296/21 262/297/21
f 263/297/26 275/296/26 276/298/26 264/299/26
f 265/285/25 277/300/25 278/301/25 266/286/25
f 267/302/24 279/303/24 280/289/24 268/288/24
f 269/289/28 281/304/28 282/305/28 270/290/28
f 271/292/22 283/306/22 284/307/22 272/293/22
f 273/295/27 285/308/27 286/309/27 274/296/27
f 275/296/30 287/309/30 288/310/30 276/298/30
f 277/300/25 289/311/25 290/312/25 278/301/25
f 279/303/87 291/313/87 292/304/87 280/289/87
f 281/304/32 293/314/32 294/315/32 282/305/32
f 283/306/22 295/316/22 296/317/22 284/307/22
f 285/308/31 297/318/31 298/319/31 286/309/31
f 287/309/34 299/319/34 300/320/34 288/310/34
f 289/311/25 301/321/25 302/322/25 290/312/25
f 291/313/33 303/323/33 304/314/33 292/304/33
f 293/314/36 305/324/36 306/325/36 294/315/36
f 295/316/22 307/326/22 308/327/22 296/317/22
f 297/318/35 309/328/35 310/329/35 298/319/35
f 299/319/38 311/329/38 312/330/38 300/320/38
f 301/321/25 313/331/25 314/332/25 302/322/25
f 303/323/37 315/333/37 316/324/37 304/314/37
f 305/324/40 317/334/40 318/335/40 306/325/40
f 307/326/22 319/336/22 320/337/22 308/327/22
f 309/328/39 321/338/39 322/339/39 310/329/39
f 311/329/42 323/339/42 324/340/42 312/330/42
f 313/331/25 325/341/25 326/342/25 314/332/25
f 315/333/41 327/343/41 328/334/41 316/324/41
f 317/334/44 329/344/44 330/345/44 318/335/44
f 319/336/22 331/346/22 332/347/22 320/337/22
f 321/338/43 333/348/43 334/349/43 322/339/43
f 323/339/46 335/349/46 336/350/46 324/340/46
f 325/341/25 337/351/25 338/352/25 326/342/25
f 327/343/45 339/353/45 340/344/45 328/334/45
f 329/344/48 341/354/48 342/355/48 330/345/48
f 331/346/22 343/356/22 344/357/22 332/347/22
f 333/348/47 345/358/47 346/359/47 334/349/47
f 335/349/50 347/359/50 348/360/50 336/350/50
f 337/351/25 349/361/25 350/362/25 338/352/25
f 339/353/49 351/363/49 352/354/49 340/344/49
f 341/354/52 353/364/52 354/365/52 342/355/52
f 343/356/22 355/366/22 356/367/22 344/357/22
f 345/358/51 357/368/51 358/369/51 346/359/51
f 347/359/54 359/369/54 360/370/54 348/360/54
f 349/361/25 361/371/25 362/372/25 350/362/25
f 351/363/53 363/373/53 364/364/53 352/354/53
f 353/374/56 365/375/56 366/376/56 354/377/56
f 355/366/22 367/378/22 368/379/22 356/367/22
f 357/380/55 369/381/55 370/382/55 358/383/55
f 359/383/58 371/382/58 372/384/58 360/385/58
f 361/371/25 373/386/25 374/387/25 362/372/25
f 363/388/57 375/389/57 376/375/57 364/374/57
f 365/375/60 377/390/60 378/391/60 366/376/60
f 367/378/22 379/392/22 380/393/22 368/379/22
f 369/381/59 381/394/59 382/395/59 370/382/59
f 371/382/62 383/395/62 384/396/62 372/384/62
f 373/386/25 385/397/25 386/398/25 374/387/25
f 375/389/61 387/399/61 388/390/61 376/375/61
f 377/390/64 389/400/64 390/401/64 378/391/64
f 379/392/22 391/402/22 392/403/22 380/393/22
f 381/394/63 393/404/63 394/405/63 382/395/63
f 383/395/66 395/405/66 396/406/66 384/396/66
f 385/397/25 397/407/25 398/408/25 386/398/25
f 387/399/65 399/409/65 400/400/65 388/390/65
f 389/400/68 401/410/68 402/411/68 390/401/68
f 391/402/22 403/412/22 404/413/22 392/403/22
f 393/404/67 405/414/67 406/415/67 394/405/67
f 395/405/70 407/415/70 408/416/70 396/406/70
f 397/407/25 409/417/25 410/418/25 398/408/25
f 399/409/69 411/419/69 412/410/69 400/400/69
f 401/410/72 413/420/72 414/421/72 402/411/72
f 403/412/22 415/422/22 416/423/22 404/413/22
f 405/414/71 417/424/71 418/425/71 406/415/71
f 407/415/74 419/425/74 420/426/74 408/416/74
f 409/417/25 421/427/25 422/422/25 410/418/25
f 411/419/73 423/428/73 424/420/73 412/410/73
f 413/420/76 425/429/76 426/430/76 414/421/76
f 415/422/22 427/431/22 428/432/22 416/423/22
f 417/424/75 429/433/75 430/434/75 418/425/75
f 419/425/78 431/434/78 432/435/78 420/426/78
f 421/427/25 433/436/25 434/431/25 422/422/25
f 423/428/77 435/437/77 436/429/77 424/420/77
f 425/429/80 437/438/80 438/439/80 426/430/80
f 427/431/22 439/440/22 440/441/22 428/432/22
f 429/433/79 441/442/79 442/443/79 430/434/79
f 431/434/82 443/443/82 444/444/82 432/435/82
f 433/436/25 445/445/25 446/446/25 434/431/25
f 435/437/81 447/447/81 448/438/81 436/429/81
f 437/438/84 65/448/84 68/449/84 438/439/84
f 439/440/22 69/116/22 72/119/22 440/441/22
f 441/442/83 73/450/83 76/451/83 442/443/83
f 443/443/86 77/451/86 80/452/86 444/444/86
f 445/445/25 81/126/25 84/129/25 446/446/25
f 447/447/85 86/453/85 85/448/85 448/438/85
o Base_-_Squad_-_Center_Sphere
v -0.019269 0.256663 0.000000
v -0.020000 0.312587 0.000000
v -0.014142 0.312587 -0.014142
v -0.013625 0.256663 -0.013625
v -0.014142 0.326729 0.000000
v 0.000000 0.332587 0.000000
v -0.010000 0.326729 -0.010000
v 0.000000 0.248681 0.000000
v 0.000000 0.256663 -0.019269
v 0.000000 0.326729 -0.014142
v 0.000000 0.312587 -0.020000
v 0.010000 0.326729 -0.010000
v 0.013625 0.256663 -0.013625
v 0.014142 0.312587 -0.014142
v 0.020000 0.312587 0.000000
v 0.019269 0.256663 0.000000
v 0.014142 0.326729 0.000000
v 0.014142 0.312587 0.014142
v 0.013625 0.256663 0.013625
v 0.010000 0.326729 0.010000
v 0.000000 0.312587 0.020000
v 0.000000 0.256663 0.019269
v 0.000000 0.326729 0.014142
v -0.014142 0.312587 0.014142
v -0.013625 0.256663 0.013625
v -0.010000 0.326729 0.010000
vn -0.9238 -0.0121 -0.3827
vn -0.3780 0.9125 -0.1566
vn -0.3780 -0.9125 -0.1566
vn -0.8629 0.3574 -0.3574
vn -0.1566 -0.9125 -0.3780
vn -0.3574 0.3574 -0.8629
vn -0.3827 -0.0121 -0.9238
vn -0.1566 0.9125 -0.3780
vn 0.1566 0.9125 -0.3780
vn 0.1566 -0.9125 -0.3780
vn 0.3574 0.3574 -0.8629
vn 0.3827 -0.0121 -0.9238
vn 0.9238 -0.0121 -0.3827
vn 0.3780 0.9125 -0.1566
vn 0.3780 -0.9125 -0.1566
vn 0.8629 0.3574 -0.3574
vn 0.9238 -0.0121 0.3827
vn 0.3780 0.9125 0.1566
vn 0.3780 -0.9125 0.1566
vn 0.8629 0.3574 0.3574
vn 0.3827 -0.0121 0.9238
vn 0.1566 0.9125 0.3780
vn 0.1566 -0.9125 0.3780
vn 0.3574 0.3574 0.8629
vn -0.3827 -0.0121 0.9238
vn -0.1566 0.9125 0.3780
vn -0.1566 -0.9125 0.3780
vn -0.3574 0.3574 0.8629
vn -0.9238 -0.0121 0.3827
vn -0.3780 0.9125 0.1566
vn -0.3780 -0.9125 0.1566
vn -0.8629 0.3574 0.3574
vt 0.677000 0.069600
vt 0.676800 0.042400
vt 0.684400 0.042400
vt 0.684300 0.069600
vt 0.677900 0.035000
vt 0.680600 0.031000
vt 0.683300 0.035000
vt 0.699400 0.078400
vt 0.694600 0.069600
vt 0.701500 0.069600
vt 0.706300 0.074700
vt 0.687100 0.034400
vt 0.689700 0.041400
vt 0.689400 0.068600
vt 0.703800 0.035000
vt 0.706500 0.031000
vt 0.709100 0.035000
vt 0.706300 0.082000
vt 0.702700 0.042400
vt 0.710200 0.042400
vt 0.702800 0.069600
vt 0.710100 0.069600
vt 0.715600 0.041400
vt 0.715300 0.068600
vt 0.712900 0.034400
vt 0.701500 0.087200
vt 0.689900 0.069600
vt 0.689700 0.042400
vt 0.697300 0.042400
vt 0.697200 0.069600
vt 0.690900 0.035000
vt 0.693500 0.031000
vt 0.696200 0.035000
vt 0.694600 0.087200
vt 0.702700 0.041400
vt 0.702300 0.068600
vt 0.700000 0.034400
vt 0.689700 0.082000
vt 0.676800 0.061200
vt 0.672800 0.067600
vt 0.669300 0.066200
vt 0.671800 0.059200
vt 0.676800 0.032500
vt 0.664300 0.057800
vt 0.669700 0.031100
vt 0.665900 0.069600
vt 0.664000 0.065200
vt 0.689700 0.074700
vt 0.658900 0.057700
vt 0.664400 0.031000
vt 0.660200 0.065100
s 0
f 449/454/88 450/455/88 451/456/88 452/457/88
f 453/458/89 454/459/89 455/460/89
f 456/461/90 449/462/90 452/463/90
f 450/455/91 453/458/91 455/460/91 451/456/91
f 456/461/92 452/463/92 457/464/92
f 451/456/93 455/460/93 458/465/93 459/466/93
f 452/457/94 451/456/94 459/466/94 457/467/94
f 455/460/95 454/459/95 458/465/95
f 458/468/96 454/469/96 460/470/96
f 456/461/97 457/464/97 461/471/97
f 459/472/98 458/468/98 460/470/98 462/473/98
f 457/474/99 459/472/99 462/473/99 461/475/99
f 461/475/100 462/473/100 463/476/100 464/477/100
f 460/470/101 454/469/101 465/478/101
f 456/461/102 461/471/102 464/479/102
f 462/473/103 460/470/103 465/478/103 463/476/103
f 464/480/104 463/481/104 466/482/104 467/483/104
f 465/484/105 454/485/105 468/486/105
f 456/461/106 464/479/106 467/487/106
f 463/481/107 465/484/107 468/486/107 466/482/107
f 467/483/108 466/482/108 469/488/108 470/489/108
f 468/486/109 454/485/109 471/490/109
f 456/461/110 467/487/110 470/491/110
f 466/492/111 468/493/111 471/494/111 469/495/111
f 470/496/112 469/495/112 472/497/112 473/498/112
f 471/494/113 454/499/113 474/500/113
f 456/461/114 470/491/114 473/501/114
f 469/495/115 471/494/115 474/500/115 472/497/115
f 473/498/116 472/497/116 450/502/116 449/503/116
f 474/500/117 454/499/117 453/504/117
f 456/461/118 473/501/118 449/462/118
f 472/497/119 474/500/119 453/504/119 450/502/119
o Base_-_Squad_-_Base_pCylinder2_0.002
v 0.103690 0.063530 0.521284
v -0.521284 0.063530 0.103689
v -0.103689 0.063530 -0.521284
v -0.203395 0.263701 0.491039
v 0.491039 0.263701 -0.203395
v 0.203395 0.263701 -0.491039
v -0.375824 0.263701 -0.375825
v -0.295283 0.063530 -0.441924
v -0.375824 0.063530 -0.375825
v -0.491039 0.263701 -0.203396
v -0.441923 0.063530 -0.295284
v -0.491039 0.063530 -0.203396
v -0.531497 0.263701 -0.000001
v -0.521284 0.063530 -0.103690
v -0.531497 0.063530 -0.000001
v -0.491039 0.263701 0.203395
v -0.521284 0.063530 0.103689
v -0.491039 0.063530 0.203395
v -0.441924 0.263701 0.295283
v -0.491039 0.063530 0.203395
v -0.441924 0.063530 0.295283
v -0.203395 0.063530 0.491039
v -0.295284 0.263701 0.441923
v -0.295284 0.063530 0.441923
v -0.103690 0.063530 0.521284
v -0.203395 0.263701 0.491039
v -0.203395 0.063530 0.491039
v 0.203395 0.263701 0.491039
v 0.103690 0.063530 0.521284
v 0.203395 0.063530 0.491039
v 0.295284 0.263701 0.441923
v 0.203395 0.063530 0.491039
v 0.295284 0.063530 0.441923
v 0.441923 0.263701 0.295284
v 0.375825 0.063530 0.375825
v 0.441923 0.063530 0.295284
v 0.521284 0.263701 0.103690
v 0.491039 0.063530 0.203395
v 0.521284 0.063530 0.103690
v 0.521284 0.263701 -0.103690
v 0.531497 0.063530 0.000000
v 0.521284 0.063530 -0.103690
v 0.375825 0.263701 -0.375825
v 0.441923 0.063530 -0.295284
v 0.375825 0.063530 -0.375825
v 0.203395 0.263701 -0.491039
v 0.295284 0.063530 -0.441923
v 0.203395 0.063530 -0.491039
v 0.000000 0.263701 -0.531497
v 0.103690 0.063530 -0.521284
v 0.000000 0.063530 -0.531497
v -0.203394 0.263701 -0.491039
v -0.103689 0.063530 -0.521284
v -0.203394 0.063530 -0.491039
v -0.441923 0.063530 -0.295284
v -0.375824 0.263701 -0.375825
v -0.375824 0.063530 -0.375825
v -0.521284 0.263701 0.103689
v -0.531497 0.063530 -0.000001
v -0.521284 0.063530 0.103689
v -0.295284 0.263701 0.441923
v -0.375825 0.063530 0.375825
v -0.295284 0.063530 0.441923
v 0.103690 0.263701 0.521284
v 0.000000 0.063530 0.531497
v 0.103690 0.063530 0.521284
v 0.491039 0.263701 0.203395
v 0.441923 0.063530 0.295284
v 0.491039 0.063530 0.203395
v 0.491039 0.263701 -0.203395
v 0.521284 0.063530 -0.103690
v 0.491039 0.063530 -0.203395
v 0.295284 0.263701 -0.441923
v 0.375825 0.063530 -0.375825
v 0.295284 0.063530 -0.441923
v -0.103689 0.063530 -0.521284
v 0.000000 0.263701 -0.531497
v 0.000000 0.063530 -0.531497
v -0.295283 0.263701 -0.441924
v -0.203394 0.063530 -0.491039
v -0.295283 0.063530 -0.441924
v -0.521284 0.263701 -0.103690
v -0.491039 0.063530 -0.203396
v -0.521284 0.063530 -0.103690
v -0.375825 0.063530 0.375825
v -0.441924 0.263701 0.295283
v -0.441924 0.063530 0.295283
v 0.000000 0.263701 0.531497
v -0.103690 0.063530 0.521284
v 0.000000 0.063530 0.531497
v 0.375825 0.263701 0.375825
v 0.295284 0.063530 0.441923
v 0.375825 0.063530 0.375825
v 0.531497 0.263701 0.000000
v 0.521284 0.063530 0.103690
v 0.531497 0.063530 0.000000
v 0.441923 0.063530 -0.295284
v 0.491039 0.263701 -0.203395
v 0.491039 0.063530 -0.203395
v 0.103690 0.263701 -0.521284
v 0.203395 0.063530 -0.491039
v 0.103690 0.063530 -0.521284
v 0.000000 0.066819 -0.590552
v 0.115211 -0.033181 -0.579205
v 0.000000 -0.033181 -0.590552
v 0.225994 0.066819 -0.545599
v 0.225994 -0.033181 -0.545599
v 0.328093 -0.033181 -0.491026
v 0.328093 0.066819 -0.491026
v 0.417583 -0.033181 -0.417583
v 0.417583 0.066819 -0.417583
v 0.491026 -0.033181 -0.328093
v 0.491026 0.066819 -0.328093
v 0.545599 -0.033181 -0.225994
v 0.545599 0.066819 -0.225994
v 0.579205 -0.033181 -0.115211
v 0.579205 0.066819 -0.115211
v 0.590552 -0.033181 -0.000000
v 0.590552 0.066819 0.000000
v 0.579205 -0.033181 0.115211
v 0.579205 0.066819 0.115211
v 0.545599 -0.033181 0.225994
v 0.545599 0.066819 0.225994
v 0.491026 -0.033181 0.328093
v 0.491026 0.066819 0.328093
v 0.417583 -0.033181 0.417583
v 0.328093 0.066819 0.491026
v 0.328093 -0.033181 0.491026
v 0.225994 -0.033181 0.545599
v 0.115211 0.066819 0.579205
v 0.115211 -0.033181 0.579205
v 0.000000 -0.033181 0.590552
v 0.000000 0.066819 0.590552
v -0.115211 -0.033181 0.579205
v -0.115211 0.066819 0.579205
v -0.225995 -0.033181 0.545599
v -0.225995 0.066819 0.545599
v -0.328093 -0.033181 0.491026
v -0.328093 0.066819 0.491026
v -0.417584 -0.033181 0.417583
v -0.417584 0.066819 0.417583
v -0.491026 -0.033181 0.328093
v -0.491026 0.066819 0.328093
v -0.545599 -0.033181 0.225994
v -0.545599 0.066819 0.225994
v -0.579205 -0.033181 0.115210
v -0.579205 0.066819 0.115210
v -0.590552 -0.033181 -0.000001
v -0.590552 0.066819 -0.000001
v -0.579205 -0.033181 -0.115212
v -0.579205 0.066819 -0.115212
v -0.545599 -0.033181 -0.225995
v -0.545599 0.066819 -0.225995
v -0.491026 -0.033181 -0.328094
v -0.491026 0.066819 -0.328094
v -0.417583 -0.033181 -0.417584
v -0.417583 0.066819 -0.417584
v -0.328092 -0.033181 -0.491026
v -0.328092 0.066819 -0.491026
v -0.225994 -0.033181 -0.545599
v 0.225994 0.066819 0.545599
v 0.545599 0.066819 0.225994
v 0.225994 0.066819 -0.545599
v -0.225994 0.066819 -0.545599
v -0.115210 -0.033181 -0.579205
v -0.115210 0.066819 -0.579205
v 0.115211 -0.033181 0.579205
v -0.579205 -0.033181 0.115210
v -0.115210 -0.033181 -0.579205
v -0.103689 0.063530 -0.521284
v 0.000000 0.063530 -0.531497
v 0.295284 0.063530 -0.441923
v 0.103690 0.063530 -0.521284
v 0.203395 0.063530 -0.491039
v 0.295284 0.063530 -0.441923
v 0.295284 0.063530 -0.441923
v 0.375825 0.063530 -0.375825
v 0.441923 0.063530 -0.295284
v 0.441923 0.063530 -0.295284
v 0.491039 0.063530 -0.203395
v 0.295284 0.063530 -0.441923
v 0.521284 0.063530 -0.103690
v 0.531497 0.063530 0.000000
v 0.521284 0.063530 0.103690
v 0.521284 0.063530 0.103690
v 0.491039 0.063530 0.203395
v 0.441923 0.063530 0.295284
v 0.441923 0.063530 0.295284
v 0.375825 0.063530 0.375825
v 0.103690 0.063530 0.521284
v 0.295284 0.063530 0.441923
v 0.203395 0.063530 0.491039
v 0.103690 0.063530 0.521284
v 0.103690 0.063530 0.521284
v 0.000000 0.063530 0.531497
v -0.103690 0.063530 0.521284
v -0.103690 0.063530 0.521284
v -0.203395 0.063530 0.491039
v -0.295284 0.063530 0.441923
v -0.295284 0.063530 0.441923
v -0.375825 0.063530 0.375825
v -0.441924 0.063530 0.295283
v -0.441924 0.063530 0.295283
v -0.491039 0.063530 0.203395
v -0.521284 0.063530 0.103689
v -0.521284 0.063530 0.103689
v -0.531497 0.063530 -0.000001
v -0.521284 0.063530 -0.103690
v -0.521284 0.063530 -0.103690
v -0.491039 0.063530 -0.203396
v -0.521284 0.063530 0.103689
v -0.441923 0.063530 -0.295284
v -0.375824 0.063530 -0.375825
v -0.103689 0.063530 -0.521284
v -0.295283 0.063530 -0.441924
v -0.203394 0.063530 -0.491039
v -0.103689 0.063530 -0.521284
v 0.000000 0.063530 -0.531497
v 0.103690 0.063530 -0.521284
v 0.295284 0.063530 -0.441923
v 0.295284 0.063530 -0.441923
v 0.491039 0.063530 -0.203395
v 0.521284 0.063530 -0.103690
v 0.521284 0.063530 -0.103690
v 0.521284 0.063530 0.103690
v 0.103690 0.063530 0.521284
v 0.375825 0.063530 0.375825
v 0.295284 0.063530 0.441923
v 0.103690 0.063530 0.521284
v 0.103690 0.063530 0.521284
v -0.103690 0.063530 0.521284
v -0.521284 0.063530 0.103689
v -0.295284 0.063530 0.441923
v -0.441924 0.063530 0.295283
v -0.521284 0.063530 0.103689
v -0.521284 0.063530 0.103689
v -0.491039 0.063530 -0.203396
v -0.441923 0.063530 -0.295284
v -0.375824 0.063530 -0.375825
v -0.295283 0.063530 -0.441924
v -0.103689 0.063530 -0.521284
v -0.103689 0.063530 -0.521284
v 0.295284 0.063530 -0.441923
v 0.521284 0.063530 -0.103690
v 0.521284 0.063530 0.103690
v 0.441923 0.063530 0.295284
v 0.103690 0.063530 0.521284
v -0.103690 0.063530 0.521284
v -0.295284 0.063530 0.441923
v -0.521284 0.063530 0.103689
v -0.521284 0.063530 0.103689
v -0.441923 0.063530 -0.295284
v -0.103689 0.063530 -0.521284
v -0.103689 0.063530 -0.521284
v 0.521284 0.063530 -0.103690
v 0.103690 0.063530 0.521284
v 0.203395 0.263701 -0.491039
v 0.103690 0.263701 -0.521284
v 0.000000 0.263701 -0.531497
v 0.000000 0.263701 -0.531497
v -0.103689 0.263701 -0.521284
v -0.203394 0.263701 -0.491039
v -0.203394 0.263701 -0.491039
v -0.295283 0.263701 -0.441924
v -0.375824 0.263701 -0.375825
v -0.375824 0.263701 -0.375825
v -0.441923 0.263701 -0.295284
v -0.491039 0.263701 -0.203396
v -0.491039 0.263701 -0.203396
v -0.521284 0.263701 -0.103690
v -0.531497 0.263701 -0.000001
v -0.531497 0.263701 -0.000001
v -0.521284 0.263701 0.103689
v -0.491039 0.263701 0.203395
v -0.491039 0.263701 0.203395
v -0.441924 0.263701 0.295283
v -0.203395 0.263701 0.491039
v -0.375825 0.263701 0.375825
v -0.295284 0.263701 0.441923
v -0.203395 0.263701 0.491039
v -0.203395 0.263701 0.491039
v -0.103690 0.263701 0.521284
v 0.000000 0.263701 0.531497
v 0.000000 0.263701 0.531497
v 0.103690 0.263701 0.521284
v -0.203395 0.263701 0.491039
v 0.203395 0.263701 0.491039
v 0.295284 0.263701 0.441923
v 0.375825 0.263701 0.375825
v 0.375825 0.263701 0.375825
v 0.441923 0.263701 0.295284
v 0.491039 0.263701 0.203395
v 0.491039 0.263701 0.203395
v 0.521284 0.263701 0.103690
v 0.531497 0.263701 0.000000
v 0.531497 0.263701 0.000000
v 0.521284 0.263701 -0.103690
v 0.491039 0.263701 -0.203395
v 0.491039 0.263701 -0.203395
v 0.441923 0.263701 -0.295284
v 0.375825 0.263701 -0.375825
v 0.375825 0.263701 -0.375825
v 0.295284 0.263701 -0.441923
v 0.203395 0.263701 -0.491039
v 0.203395 0.263701 -0.491039
v 0.000000 0.263701 -0.531497
v -0.203394 0.263701 -0.491039
v -0.203394 0.263701 -0.491039
v -0.375824 0.263701 -0.375825
v -0.491039 0.263701 -0.203396
v -0.491039 0.263701 -0.203396
v -0.531497 0.263701 -0.000001
v -0.203395 0.263701 0.491039
v -0.441924 0.263701 0.295283
v -0.375825 0.263701 0.375825
v -0.203395 0.263701 0.491039
v -0.203395 0.263701 0.491039
v 0.103690 0.263701 0.521284
v 0.203395 0.263701 0.491039
v 0.203395 0.263701 0.491039
v 0.375825 0.263701 0.375825
v 0.491039 0.263701 0.203395
v 0.491039 0.263701 0.203395
v 0.531497 0.263701 0.000000
v 0.491039 0.263701 -0.203395
v 0.491039 0.263701 -0.203395
v 0.375825 0.263701 -0.375825
v 0.203395 0.263701 -0.491039
v 0.203395 0.263701 -0.491039
v -0.203394 0.263701 -0.491039
v -0.203395 0.263701 0.491039
v -0.531497 0.263701 -0.000001
v -0.491039 0.263701 0.203395
v -0.203395 0.263701 0.491039
v -0.203395 0.263701 0.491039
v 0.203395 0.263701 0.491039
v 0.491039 0.263701 0.203395
v 0.491039 0.263701 0.203395
v 0.491039 0.263701 -0.203395
v -0.203395 0.263701 0.491039
v -0.203394 0.263701 -0.491039
v -0.491039 0.263701 -0.203396
v -0.203395 0.263701 0.491039
v -0.375824 0.263701 -0.375825
v -0.295283 0.263701 -0.441924
v -0.295283 0.063530 -0.441924
v -0.491039 0.263701 -0.203396
v -0.441923 0.263701 -0.295284
v -0.441923 0.063530 -0.295284
v -0.531497 0.263701 -0.000001
v -0.521284 0.263701 -0.103690
v -0.521284 0.063530 -0.103690
v -0.491039 0.263701 0.203395
v -0.521284 0.263701 0.103689
v -0.521284 0.063530 0.103689
v -0.441924 0.263701 0.295283
v -0.491039 0.263701 0.203395
v -0.491039 0.063530 0.203395
v -0.203395 0.063530 0.491039
v -0.203395 0.263701 0.491039
v -0.295284 0.263701 0.441923
v -0.103690 0.063530 0.521284
v -0.103690 0.263701 0.521284
v -0.203395 0.263701 0.491039
v 0.203395 0.263701 0.491039
v 0.103690 0.263701 0.521284
v 0.103690 0.063530 0.521284
v 0.295284 0.263701 0.441923
v 0.203395 0.263701 0.491039
v 0.203395 0.063530 0.491039
v 0.441923 0.263701 0.295284
v 0.375825 0.263701 0.375825
v 0.375825 0.063530 0.375825
v 0.521284 0.263701 0.103690
v 0.491039 0.263701 0.203395
v 0.491039 0.063530 0.203395
v 0.521284 0.263701 -0.103690
v 0.531497 0.263701 0.000000
v 0.531497 0.063530 0.000000
v 0.375825 0.263701 -0.375825
v 0.441923 0.263701 -0.295284
v 0.441923 0.063530 -0.295284
v 0.203395 0.263701 -0.491039
v 0.295284 0.263701 -0.441923
v 0.295284 0.063530 -0.441923
v 0.000000 0.263701 -0.531497
v 0.103690 0.263701 -0.521284
v 0.103690 0.063530 -0.521284
v -0.203394 0.263701 -0.491039
v -0.103689 0.263701 -0.521284
v -0.103689 0.063530 -0.521284
v -0.441923 0.063530 -0.295284
v -0.441923 0.263701 -0.295284
v -0.375824 0.263701 -0.375825
v -0.521284 0.263701 0.103689
v -0.531497 0.263701 -0.000001
v -0.531497 0.063530 -0.000001
v -0.295284 0.263701 0.441923
v -0.375825 0.263701 0.375825
v -0.375825 0.063530 0.375825
v 0.103690 0.263701 0.521284
v 0.000000 0.263701 0.531497
v 0.000000 0.063530 0.531497
v 0.491039 0.263701 0.203395
v 0.441923 0.263701 0.295284
v 0.441923 0.063530 0.295284
v 0.491039 0.263701 -0.203395
v 0.521284 0.263701 -0.103690
v 0.521284 0.063530 -0.103690
v 0.295284 0.263701 -0.441923
v 0.375825 0.263701 -0.375825
v 0.375825 0.063530 -0.375825
v -0.103689 0.063530 -0.521284
v -0.103689 0.263701 -0.521284
v 0.000000 0.263701 -0.531497
v -0.295283 0.263701 -0.441924
v -0.203394 0.263701 -0.491039
v -0.203394 0.063530 -0.491039
v -0.521284 0.263701 -0.103690
v -0.491039 0.263701 -0.203396
v -0.491039 0.063530 -0.203396
v -0.375825 0.063530 0.375825
v -0.375825 0.263701 0.375825
v -0.441924 0.263701 0.295283
v 0.000000 0.263701 0.531497
v -0.103690 0.263701 0.521284
v -0.103690 0.063530 0.521284
v 0.375825 0.263701 0.375825
v 0.295284 0.263701 0.441923
v 0.295284 0.063530 0.441923
v 0.531497 0.263701 0.000000
v 0.521284 0.263701 0.103690
v 0.521284 0.063530 0.103690
v 0.441923 0.063530 -0.295284
v 0.441923 0.263701 -0.295284
v 0.491039 0.263701 -0.203395
v 0.103690 0.263701 -0.521284
v 0.203395 0.263701 -0.491039
v 0.203395 0.063530 -0.491039
v 0.115211 0.066819 -0.579205
v 0.417583 0.066819 0.417583
v 0.225994 0.066819 0.545599
v 0.115211 0.066819 -0.579205
v 0.000000 0.066819 -0.590552
v -0.115210 0.066819 -0.579205
v -0.225994 0.066819 -0.545599
v -0.328092 0.066819 -0.491026
v -0.545599 0.066819 -0.225995
v -0.417583 0.066819 -0.417584
v -0.491026 0.066819 -0.328094
v -0.579205 0.066819 -0.115212
v -0.590552 0.066819 -0.000001
v -0.579205 0.066819 0.115210
v -0.545599 0.066819 0.225994
v -0.491026 0.066819 0.328093
v -0.225995 0.066819 0.545599
v -0.417584 0.066819 0.417583
v -0.328093 0.066819 0.491026
v -0.115211 0.066819 0.579205
v 0.000000 0.066819 0.590552
v 0.115211 0.066819 0.579205
v 0.328093 0.066819 0.491026
v 0.417583 0.066819 0.417583
v 0.491026 0.066819 0.328093
v 0.579205 0.066819 0.115211
v 0.545599 0.066819 -0.225994
v 0.590552 0.066819 0.000000
v 0.579205 0.066819 -0.115211
v 0.491026 0.066819 -0.328093
v 0.417583 0.066819 -0.417583
v 0.328093 0.066819 -0.491026
v 0.000000 -0.033181 -0.590552
v 0.115211 -0.033181 -0.579205
v 0.225994 -0.033181 -0.545599
v 0.328093 -0.033181 -0.491026
v 0.417583 -0.033181 -0.417583
v 0.491026 -0.033181 -0.328093
v 0.545599 -0.033181 -0.225994
v 0.579205 -0.033181 -0.115211
v 0.590552 -0.033181 -0.000000
v 0.579205 -0.033181 0.115211
v 0.545599 -0.033181 0.225994
v 0.491026 -0.033181 0.328093
v 0.417583 -0.033181 0.417583
v 0.328093 -0.033181 0.491026
v 0.225994 -0.033181 0.545599
v 0.000000 -0.033181 0.590552
v -0.115211 -0.033181 0.579205
v -0.225995 -0.033181 0.545599
v -0.328093 -0.033181 0.491026
v -0.417584 -0.033181 0.417583
v -0.491026 -0.033181 0.328093
v -0.545599 -0.033181 0.225994
v -0.590552 -0.033181 -0.000001
v -0.579205 -0.033181 -0.115212
v -0.545599 -0.033181 -0.225995
v -0.491026 -0.033181 -0.328094
v -0.417583 -0.033181 -0.417584
v -0.328092 -0.033181 -0.491026
v -0.225994 -0.033181 -0.545599
vn -0.0000 -1.0000 -0.0000
vn -0.0000 1.0000 -0.0000
vn -0.6344 -0.0000 -0.7730
vn -0.8819 -0.0000 -0.4714
vn -0.9952 -0.0000 -0.0980
vn -0.9569 -0.0000 0.2903
vn -0.8819 -0.0000 0.4714
vn -0.4714 -0.0000 0.8819
vn -0.2903 -0.0000 0.9569
vn 0.2903 -0.0000 0.9569
vn 0.4714 -0.0000 0.8819
vn 0.7730 -0.0000 0.6344
vn 0.9569 -0.0000 0.2903
vn 0.9952 -0.0000 -0.0980
vn 0.7730 -0.0000 -0.6344
vn 0.4714 -0.0000 -0.8819
vn 0.0980 -0.0000 -0.9952
vn -0.2903 -0.0000 -0.9569
vn -0.7730 -0.0000 -0.6344
vn -0.9952 -0.0000 0.0980
vn -0.6344 -0.0000 0.7730
vn 0.0980 -0.0000 0.9952
vn 0.8819 -0.0000 0.4714
vn 0.9569 -0.0000 -0.2903
vn 0.6344 -0.0000 -0.7730
vn -0.0980 -0.0000 -0.9952
vn -0.4714 -0.0000 -0.8819
vn -0.9569 -0.0000 -0.2903
vn -0.7730 -0.0000 0.6344
vn -0.0980 -0.0000 0.9952
vn 0.6344 -0.0000 0.7730
vn 0.9952 -0.0000 0.0980
vn 0.8819 -0.0000 -0.4714
vn 0.2903 -0.0000 -0.9569
vt 0.067700 0.036200
vt 0.084400 0.004900
vt 0.115700 0.021600
vt 0.071100 0.110300
vt 0.085500 0.062900
vt 0.105100 0.068800
vt 0.035000 0.090400
vt 0.044500 0.085800
vt 0.044500 0.090400
vt 0.044500 0.064400
vt 0.054000 0.059900
vt 0.054000 0.064400
vt 0.044500 0.074200
vt 0.054000 0.069300
vt 0.054000 0.074200
vt 0.044500 0.083600
vt 0.054000 0.079000
vt 0.054000 0.083600
vt 0.044500 0.087700
vt 0.054000 0.087700
vt 0.044500 0.027300
vt 0.035000 0.024500
vt 0.044500 0.024500
vt 0.044500 0.030700
vt 0.035000 0.027300
vt 0.035000 0.044200
vt 0.044500 0.039400
vt 0.044500 0.044200
vt 0.035000 0.049100
vt 0.044500 0.049100
vt 0.035000 0.058500
vt 0.044500 0.054000
vt 0.044500 0.058500
vt 0.044500 0.028000
vt 0.054000 0.024500
vt 0.054000 0.028000
vt 0.044500 0.036600
vt 0.054000 0.032100
vt 0.054000 0.036600
vt 0.044500 0.051200
vt 0.054000 0.046400
vt 0.054000 0.051200
vt 0.044500 0.059900
vt 0.054000 0.055800
vt 0.035000 0.071300
vt 0.044500 0.066700
vt 0.044500 0.071300
vt 0.035000 0.081000
vt 0.044500 0.076100
vt 0.044500 0.081000
vt 0.044500 0.094500
vt 0.044500 0.079000
vt 0.044500 0.093900
vt 0.054000 0.091100
vt 0.054000 0.093900
vt 0.035000 0.039400
vt 0.044500 0.034800
vt 0.035000 0.062600
vt 0.044500 0.062600
vt 0.044500 0.041500
vt 0.054000 0.041500
vt 0.044500 0.055800
vt 0.035000 0.085800
vt 0.044500 0.069300
vt 0.035000 0.034800
vt 0.035000 0.054000
vt 0.044500 0.032100
vt 0.035000 0.066700
vt 0.199900 0.085800
vt 0.197600 0.093100
vt 0.197600 0.085800
vt 0.199900 0.100200
vt 0.197600 0.100200
vt 0.197600 0.107000
vt 0.199900 0.107000
vt 0.197600 0.113000
vt 0.199900 0.113000
vt 0.197600 0.118200
vt 0.202200 0.060700
vt 0.199900 0.066800
vt 0.199900 0.060700
vt 0.202200 0.066800
vt 0.199900 0.073500
vt 0.202200 0.073500
vt 0.199900 0.080700
vt 0.202200 0.080700
vt 0.199900 0.087900
vt 0.202200 0.087900
vt 0.199900 0.095100
vt 0.202200 0.095100
vt 0.199900 0.101800
vt 0.202200 0.101800
vt 0.199900 0.107900
vt 0.202200 0.113000
vt 0.200100 0.053800
vt 0.202400 0.047800
vt 0.202400 0.053800
vt 0.200100 0.041000
vt 0.202400 0.041000
vt 0.202400 0.033900
vt 0.200100 0.033900
vt 0.202400 0.026600
vt 0.200100 0.026600
vt 0.202400 0.019400
vt 0.200100 0.019400
vt 0.202400 0.012700
vt 0.200100 0.012700
vt 0.202400 0.006600
vt 0.200100 0.006600
vt 0.197800 0.012700
vt 0.197800 0.006600
vt 0.197800 0.019400
vt 0.197800 0.026600
vt 0.197800 0.033900
vt 0.197800 0.041000
vt 0.197800 0.047800
vt 0.200100 0.047800
vt 0.197800 0.053800
vt 0.197800 0.059000
vt 0.197600 0.065900
vt 0.197600 0.060700
vt 0.199900 0.065900
vt 0.197600 0.071900
vt 0.132000 0.026500
vt 0.148300 0.013700
vt 0.182700 0.031300
vt 0.199900 0.071900
vt 0.197600 0.078700
vt 0.199900 0.078700
vt 0.003400 0.049100
vt 0.011800 0.033400
vt 0.027400 0.041800
vt 0.116700 0.026500
vt 0.113900 0.040800
vt 0.116700 0.031400
vt 0.115700 0.036200
vt 0.111100 0.044900
vt 0.107600 0.048300
vt 0.103500 0.051100
vt 0.099000 0.053000
vt 0.094200 0.053900
vt 0.089200 0.053900
vt 0.084400 0.053000
vt 0.079900 0.051100
vt 0.075800 0.048300
vt 0.072300 0.044900
vt 0.069500 0.040800
vt 0.066700 0.031400
vt 0.066700 0.026500
vt 0.067700 0.021600
vt 0.069500 0.017100
vt 0.072300 0.013000
vt 0.075800 0.009500
vt 0.079900 0.006800
vt 0.089200 0.003900
vt 0.094200 0.003900
vt 0.099000 0.004900
vt 0.103500 0.006800
vt 0.107600 0.009500
vt 0.111100 0.013000
vt 0.113900 0.017100
vt 0.108900 0.072500
vt 0.111800 0.076900
vt 0.113800 0.081800
vt 0.114800 0.086900
vt 0.114800 0.092200
vt 0.113800 0.097400
vt 0.111800 0.102200
vt 0.108900 0.106600
vt 0.105100 0.110300
vt 0.100800 0.113300
vt 0.095900 0.115300
vt 0.090700 0.116300
vt 0.085500 0.116300
vt 0.080300 0.115300
vt 0.075400 0.113300
vt 0.067300 0.106600
vt 0.064400 0.102200
vt 0.062400 0.097400
vt 0.061400 0.092200
vt 0.061400 0.086900
vt 0.062400 0.081800
vt 0.064400 0.076900
vt 0.067300 0.072500
vt 0.071100 0.068800
vt 0.075400 0.065900
vt 0.080300 0.063900
vt 0.090700 0.062900
vt 0.095900 0.063900
vt 0.100800 0.065900
vt 0.035000 0.030700
vt 0.044500 0.046400
vt 0.035000 0.076100
vt 0.035000 0.094500
vt 0.044500 0.091100
vt 0.199900 0.093100
vt 0.199900 0.118200
vt 0.202200 0.107900
vt 0.200100 0.059000
vt 0.183800 0.036400
vt 0.183800 0.041600
vt 0.182700 0.046700
vt 0.180700 0.051500
vt 0.177700 0.055800
vt 0.164300 0.064300
vt 0.173800 0.059500
vt 0.169300 0.062300
vt 0.159000 0.065300
vt 0.153600 0.065300
vt 0.148300 0.064300
vt 0.143300 0.062300
vt 0.138800 0.059500
vt 0.129900 0.046700
vt 0.135000 0.055800
vt 0.132000 0.051500
vt 0.128900 0.041600
vt 0.128900 0.036400
vt 0.129900 0.031300
vt 0.135000 0.022200
vt 0.138800 0.018500
vt 0.143300 0.015600
vt 0.153600 0.012600
vt 0.169300 0.015600
vt 0.159000 0.012600
vt 0.164300 0.013700
vt 0.173800 0.018500
vt 0.177700 0.022200
vt 0.180700 0.026500
vt 0.027900 0.044200
vt 0.027900 0.046700
vt 0.027400 0.049100
vt 0.026500 0.051400
vt 0.025100 0.053400
vt 0.023400 0.055200
vt 0.021300 0.056500
vt 0.019100 0.057500
vt 0.016600 0.057900
vt 0.014200 0.057900
vt 0.011800 0.057500
vt 0.009500 0.056500
vt 0.007400 0.055200
vt 0.005700 0.053400
vt 0.004300 0.051400
vt 0.002900 0.046700
vt 0.002900 0.044200
vt 0.003400 0.041800
vt 0.004300 0.039500
vt 0.005700 0.037500
vt 0.007400 0.035700
vt 0.009500 0.034400
vt 0.014200 0.032900
vt 0.016600 0.032900
vt 0.019100 0.033400
vt 0.021300 0.034400
vt 0.023400 0.035700
vt 0.025100 0.037500
vt 0.026500 0.039500
s 0
f 475/505/120 476/506/120 477/507/120
f 478/508/121 479/509/121 480/510/121
f 481/511/122 482/512/122 483/513/122
f 484/514/123 485/515/123 486/516/123
f 487/517/124 488/518/124 489/519/124
f 490/520/125 491/521/125 492/522/125
f 493/523/126 494/522/126 495/524/126
f 496/525/127 497/526/127 498/527/127
f 499/528/128 500/529/128 501/525/128
f 502/530/129 503/531/129 504/532/129
f 505/533/130 506/532/130 507/534/130
f 508/535/131 509/536/131 510/537/131
f 511/538/132 512/539/132 513/540/132
f 514/541/133 515/542/133 516/543/133
f 517/544/134 518/545/134 519/546/134
f 520/547/135 521/548/135 522/515/135
f 523/549/136 524/550/136 525/551/136
f 526/552/137 527/553/137 528/554/137
f 529/555/138 530/511/138 531/513/138
f 532/556/139 533/519/139 534/521/139
f 535/557/140 536/558/140 537/559/140
f 538/560/141 539/561/141 540/531/141
f 541/562/142 542/537/142 543/563/142
f 544/564/143 545/543/143 546/565/143
f 547/566/144 548/546/144 549/548/144
f 550/553/145 551/549/145 552/551/145
f 553/567/146 554/554/146 555/512/146
f 556/568/147 557/516/147 558/518/147
f 559/558/148 560/523/148 561/524/148
f 562/569/149 563/528/149 564/561/149
f 565/570/150 566/534/150 567/536/150
f 568/571/151 569/540/151 570/542/151
f 571/545/152 572/564/152 573/565/152
f 574/572/153 575/563/153 576/550/153
f 577/573/136 578/574/136 579/575/136
f 578/574/153 580/576/153 581/577/153
f 580/576/135 582/578/135 581/577/135
f 583/579/144 584/580/144 582/578/144
f 585/581/134 586/582/134 584/580/134
f 587/583/152 588/584/152 586/585/152
f 589/586/143 590/587/143 588/584/143
f 591/588/133 592/589/133 590/587/133
f 593/590/151 594/591/151 592/589/151
f 595/592/132 596/593/132 594/591/132
f 597/594/142 598/595/142 596/593/142
f 599/596/131 600/597/131 598/595/131
f 600/597/150 601/598/150 602/581/150
f 601/599/130 603/600/130 602/601/130
f 603/600/129 604/602/129 605/603/129
f 604/602/141 606/604/141 605/603/141
f 607/605/149 608/606/149 606/604/149
f 609/607/128 610/608/128 608/606/128
f 611/609/127 612/610/127 610/608/127
f 613/611/140 614/612/140 612/610/140
f 615/613/148 616/614/148 614/615/148
f 617/611/126 618/616/126 616/614/126
f 619/609/125 620/617/125 618/616/125
f 621/607/139 622/618/139 620/617/139
f 623/605/124 624/619/124 622/618/124
f 625/602/147 626/620/147 624/619/147
f 627/621/123 628/622/123 626/620/123
f 629/599/138 630/623/138 628/622/138
f 631/585/122 632/624/122 630/625/122
f 633/626/146 634/627/146 632/624/146
f 635/628/121 636/629/121 637/630/121
f 638/631/137 639/632/137 634/627/137
f 640/633/145 579/575/145 639/632/145
f 641/634/120 642/635/120 643/636/120
f 644/507/120 645/637/120 646/638/120
f 647/639/120 648/640/120 649/638/120
f 650/638/120 651/641/120 652/642/120
f 653/642/120 654/643/120 655/638/120
f 656/644/120 657/645/120 658/646/120
f 659/646/120 660/647/120 661/648/120
f 662/648/120 663/649/120 664/505/120
f 665/650/120 666/651/120 667/505/120
f 668/505/120 669/652/120 670/653/120
f 671/653/120 672/654/120 673/655/120
f 674/655/120 675/656/120 676/657/120
f 677/657/120 678/658/120 679/506/120
f 680/506/120 681/659/120 682/660/120
f 683/660/120 684/661/120 685/506/120
f 686/662/120 687/663/120 688/507/120
f 689/664/120 690/665/120 691/507/120
f 692/637/120 693/639/120 694/638/120
f 695/638/120 696/643/120 697/644/120
f 698/644/120 699/646/120 700/505/120
f 701/649/120 702/650/120 703/505/120
f 704/505/120 705/653/120 706/506/120
f 707/655/120 708/657/120 709/506/120
f 710/506/120 711/661/120 712/662/120
f 713/663/120 714/664/120 715/507/120
f 716/507/120 717/638/120 718/644/120
f 719/646/120 720/648/120 721/505/120
f 722/653/120 723/655/120 724/506/120
f 725/506/120 726/662/120 727/507/120
f 728/507/120 729/644/120 730/505/120
f 731/510/121 732/666/121 733/667/121
f 734/667/121 735/668/121 736/669/121
f 737/669/121 738/670/121 739/671/121
f 740/671/121 741/672/121 742/673/121
f 743/673/121 744/674/121 745/675/121
f 746/675/121 747/676/121 748/677/121
f 749/677/121 750/678/121 751/508/121
f 752/679/121 753/680/121 754/508/121
f 755/508/121 756/681/121 757/682/121
f 758/682/121 759/683/121 760/508/121
f 761/684/121 762/685/121 763/686/121
f 764/686/121 765/687/121 766/688/121
f 767/688/121 768/689/121 769/690/121
f 770/690/121 771/691/121 772/509/121
f 773/509/121 774/692/121 775/693/121
f 776/693/121 777/694/121 778/510/121
f 779/510/121 780/667/121 781/669/121
f 782/669/121 783/671/121 784/673/121
f 785/673/121 786/675/121 787/508/121
f 788/678/121 789/679/121 790/508/121
f 791/508/121 792/683/121 793/684/121
f 794/684/121 795/686/121 796/688/121
f 797/688/121 798/690/121 799/509/121
f 800/509/121 801/693/121 802/510/121
f 803/510/121 804/669/121 805/508/121
f 806/675/121 807/677/121 808/508/121
f 809/508/121 810/684/121 811/688/121
f 812/688/121 813/509/121 814/508/121
f 815/669/121 816/673/121 817/508/121
f 818/511/122 819/567/122 820/512/122
f 821/514/123 822/547/123 823/515/123
f 824/517/124 825/568/124 826/518/124
f 827/520/125 828/556/125 829/521/125
f 830/523/126 831/520/126 832/522/126
f 833/525/127 834/529/127 835/526/127
f 836/528/128 837/695/128 838/529/128
f 839/530/129 840/560/129 841/531/129
f 842/533/130 843/530/130 844/532/130
f 845/535/131 846/570/131 847/536/131
f 848/538/132 849/527/132 850/539/132
f 851/541/133 852/571/133 853/542/133
f 854/544/134 855/696/134 856/545/134
f 857/547/135 858/566/135 859/548/135
f 860/549/136 861/572/136 862/550/136
f 863/552/137 864/697/137 865/553/137
f 866/555/138 867/698/138 868/511/138
f 869/556/139 870/517/139 871/519/139
f 872/557/140 873/699/140 874/558/140
f 875/560/141 876/569/141 877/561/141
f 878/562/142 879/535/142 880/537/142
f 881/564/143 882/541/143 883/543/143
f 884/566/144 885/544/144 886/546/144
f 887/553/145 888/697/145 889/549/145
f 890/567/146 891/552/146 892/554/146
f 893/568/147 894/514/147 895/516/147
f 896/558/148 897/699/148 898/523/148
f 899/569/149 900/695/149 901/528/149
f 902/570/150 903/533/150 904/534/150
f 905/571/151 906/538/151 907/540/151
f 908/545/152 909/696/152 910/564/152
f 911/572/153 912/562/153 913/563/153
f 577/573/136 914/700/136 578/574/136
f 578/574/153 914/700/153 580/576/153
f 580/576/135 583/579/135 582/578/135
f 583/579/144 585/581/144 584/580/144
f 585/581/134 587/701/134 586/582/134
f 587/583/152 589/586/152 588/584/152
f 589/586/143 591/588/143 590/587/143
f 591/588/133 593/590/133 592/589/133
f 593/590/151 595/592/151 594/591/151
f 595/592/132 597/594/132 596/593/132
f 597/594/142 599/596/142 598/595/142
f 599/596/131 915/702/131 600/597/131
f 600/597/150 915/702/150 601/598/150
f 601/599/130 916/621/130 603/600/130
f 603/600/129 916/621/129 604/602/129
f 604/602/141 607/605/141 606/604/141
f 607/605/149 609/607/149 608/606/149
f 609/607/128 611/609/128 610/608/128
f 611/609/127 613/611/127 612/610/127
f 613/611/140 615/613/140 614/612/140
f 615/613/148 617/611/148 616/614/148
f 617/611/126 619/609/126 618/616/126
f 619/609/125 621/607/125 620/617/125
f 621/607/139 623/605/139 622/618/139
f 623/605/124 625/602/124 624/619/124
f 625/602/147 627/621/147 626/620/147
f 627/621/123 629/599/123 628/622/123
f 629/599/138 631/703/138 630/623/138
f 631/585/122 633/626/122 632/624/122
f 633/626/146 638/631/146 634/627/146
f 637/630/121 917/704/121 918/705/121
f 918/705/121 919/706/121 920/707/121
f 920/707/121 921/708/121 922/709/121
f 923/710/121 924/711/121 922/709/121
f 922/709/121 925/712/121 926/713/121
f 926/713/121 927/714/121 928/715/121
f 928/715/121 929/716/121 930/717/121
f 931/718/121 932/719/121 930/717/121
f 930/717/121 933/720/121 934/721/121
f 934/721/121 935/722/121 930/717/121
f 635/628/121 936/723/121 937/724/121
f 937/724/121 938/725/121 636/629/121
f 636/629/121 939/726/121 940/727/121
f 941/728/121 942/729/121 940/727/121
f 940/727/121 943/730/121 944/731/121
f 944/731/121 945/732/121 637/630/121
f 637/630/121 918/705/121 922/709/121
f 921/708/121 923/710/121 922/709/121
f 922/709/121 926/713/121 930/717/121
f 929/716/121 931/718/121 930/717/121
f 930/717/121 935/722/121 635/628/121
f 635/628/121 937/724/121 636/629/121
f 939/726/121 941/728/121 940/727/121
f 940/727/121 944/731/121 636/629/121
f 918/705/121 920/707/121 922/709/121
f 926/713/121 928/715/121 930/717/121
f 930/717/121 635/628/121 637/630/121
f 636/629/121 944/731/121 637/630/121
f 637/630/121 922/709/121 930/717/121
f 638/631/137 640/633/137 639/632/137
f 640/633/145 577/573/145 579/575/145
f 643/636/120 946/733/120 947/734/120
f 947/734/120 948/735/120 949/736/120
f 949/736/120 950/737/120 951/738/120
f 951/738/120 952/739/120 949/736/120
f 953/740/120 954/741/120 955/742/120
f 955/742/120 956/743/120 957/744/120
f 957/744/120 958/745/120 641/634/120
f 959/746/120 960/747/120 641/634/120
f 641/634/120 961/748/120 962/749/120
f 962/749/120 963/750/120 641/634/120
f 964/751/120 965/752/120 966/753/120
f 966/753/120 967/754/120 642/635/120
f 642/635/120 968/755/120 969/756/120
f 969/756/120 970/757/120 642/635/120
f 971/758/120 972/759/120 973/760/120
f 973/760/120 974/761/120 643/636/120
f 643/636/120 947/734/120 953/740/120
f 949/736/120 952/739/120 953/740/120
f 953/740/120 955/742/120 957/744/120
f 958/745/120 959/746/120 641/634/120
f 641/634/120 963/750/120 964/751/120
f 964/751/120 966/753/120 641/634/120
f 642/635/120 970/757/120 971/758/120
f 971/758/120 973/760/120 643/636/120
f 947/734/120 949/736/120 953/740/120
f 953/740/120 957/744/120 643/636/120
f 641/634/120 966/753/120 642/635/120
f 642/635/120 971/758/120 643/636/120
f 643/636/120 957/744/120 641/634/120
o TIE/Rb_Cube.001
v -0.286100 1.271537 -0.226816
v -0.292763 1.257334 -0.223213
v -0.286100 1.257334 -0.223213
v -0.302065 1.283474 -0.233988
v -0.306091 1.271599 -0.237764
v -0.306091 1.283509 -0.233988
v -0.307181 1.271537 0.227754
v -0.303122 1.257334 0.224151
v -0.307181 1.257334 0.224151
v -0.311206 1.257369 0.224151
v -0.311206 1.271572 0.227754
v -0.291215 0.979780 -0.166797
v -0.287343 0.979813 0.167735
v -0.291215 0.979780 0.167735
v -0.302065 0.979780 0.167735
v -0.306091 0.979814 -0.166797
v -0.302065 0.979780 -0.166797
v -0.311206 0.993196 0.160048
v -0.307181 1.282899 0.224151
v -0.303122 1.271537 0.227754
v -0.302065 1.283474 0.234926
v -0.306091 1.271599 0.238702
v -0.302065 1.271565 0.238702
v -0.286100 1.282899 0.224151
v -0.292763 1.549913 0.160048
v -0.286100 1.549913 0.160048
v -0.286100 1.549913 -0.159109
v -0.292763 1.282899 -0.223213
v -0.286100 1.282899 -0.223213
v -0.282227 1.271571 -0.226816
v -0.282227 1.282933 -0.223213
v -0.307181 1.282899 -0.223213
v -0.303122 1.549913 -0.159109
v -0.307181 1.549913 -0.159109
v -0.282227 1.271570 0.227754
v -0.286100 1.271537 0.227754
v -0.282227 1.257368 0.224151
v -0.286100 1.257334 0.224151
v -0.307181 0.993162 0.160048
v -0.303122 0.993162 -0.159110
v -0.307181 0.993162 -0.159110
v -0.291215 1.256678 -0.233988
v -0.287343 0.979813 -0.166797
v -0.292763 1.271537 -0.226816
v -0.291215 1.563349 0.167735
v -0.291215 1.283474 0.234926
v -0.302065 1.563349 -0.166796
v -0.291215 1.283474 -0.233988
v -0.302065 1.563349 0.167735
v -0.302065 1.271565 -0.237764
v -0.302065 1.256678 -0.233988
v -0.291215 1.271565 0.238702
v -0.302065 1.256678 0.234926
v -0.291215 1.256678 0.234926
v -0.291215 1.271565 -0.237764
v -0.282227 1.257368 -0.223213
v -0.306091 0.979814 0.167735
v -0.306091 1.256712 -0.233988
v -0.306091 1.563384 -0.166796
v -0.287343 1.271598 0.238702
v -0.287343 1.283507 0.234926
v -0.287343 1.256711 -0.233988
v -0.306091 1.256712 0.234926
v -0.306091 1.283509 0.234926
v -0.282227 0.993195 0.160048
v -0.286100 0.993162 0.160048
v -0.287343 1.256711 0.234926
v -0.304464 0.996949 0.145511
v -0.304464 1.001653 0.169280
v -0.304464 1.008413 0.165366
v -0.304464 1.000619 -0.169675
v -0.304464 0.995318 -0.146250
v -0.304464 1.006783 -0.166107
v -0.304464 1.282900 -0.066585
v -0.304464 1.260262 -0.223219
v -0.304464 1.260569 -0.066585
v -0.304464 1.556431 -0.151020
v -0.304464 1.533911 -0.164497
v -0.304464 1.545369 -0.144651
v -0.304464 1.542144 0.169470
v -0.304464 1.540927 0.142293
v -0.304464 1.529472 0.162133
v -0.304464 1.260262 0.223421
v -0.304464 1.282900 0.066787
v -0.304464 1.260569 0.066787
v -0.304464 1.335069 -0.023572
v -0.304464 1.219566 -0.042912
v -0.307977 0.996949 0.145511
v -0.307977 0.995866 0.159257
v -0.307977 0.990180 0.149409
v -0.307977 0.995318 -0.146250
v -0.307977 0.995913 -0.161523
v -0.307977 1.006783 -0.166107
v -0.307977 1.282900 -0.066585
v -0.307977 1.260262 -0.223219
v -0.307977 1.283207 -0.223219
v -0.307977 1.540941 -0.152321
v -0.307977 1.551240 -0.148032
v -0.307977 1.545369 -0.144651
v -0.307977 1.535270 0.152091
v -0.307977 1.546238 0.162380
v -0.307977 1.529472 0.162133
v -0.307977 1.282900 0.066787
v -0.307977 1.260262 0.223421
v -0.307977 1.260569 0.066787
v -0.307977 1.219566 -0.042912
v -0.307977 1.323903 0.043114
v -0.304464 1.208400 -0.023572
v -0.307977 1.208400 0.023774
v -0.304464 1.208400 0.023774
v -0.307977 1.335069 -0.023572
v -0.304464 0.990180 0.149409
v -0.304464 1.544958 -0.170892
v -0.307977 1.533911 -0.164497
v -0.304464 1.335069 0.023775
v -0.304464 1.219566 0.043114
v -0.304464 1.323903 0.043114
v -0.307977 1.008413 0.165366
v -0.307977 1.283207 0.223421
v -0.304464 1.283207 0.223421
v -0.304464 1.553617 0.149598
v -0.307977 1.540927 0.142293
v -0.304464 1.323903 -0.042911
v -0.307977 1.547963 0.159391
v -0.304464 0.989146 -0.149803
v -0.307977 1.548842 -0.156759
v -0.304464 1.283207 -0.223219
v -0.307977 1.260569 -0.066585
v -0.307977 0.989146 -0.149803
v -0.312246 1.271734 0.048687
v -0.312246 1.313811 0.024394
v -0.309903 1.330033 0.033761
v -0.303967 1.208997 -0.036120
v -0.303967 1.208997 0.036323
v -0.303967 1.271734 0.072544
v -0.309261 1.334472 0.036323
v -0.309261 1.271734 0.072544
v -0.309261 1.208997 0.036323
v -0.309261 1.208997 -0.036120
v -0.303967 1.271734 -0.072342
v -0.309261 1.271734 -0.072342
v -0.309261 1.334472 -0.036120
v -0.303967 1.334472 0.036323
v -0.303967 1.334472 -0.036120
v -0.303122 1.282899 0.224151
v -0.303122 1.548449 0.160399
v -0.303122 1.282899 0.000469
v -0.303122 1.271537 -0.226816
v -0.303122 1.257334 -0.223213
v -0.303122 1.257334 0.000469
v -0.303122 0.993162 0.160048
v -0.303122 1.282899 -0.223213
v -0.303122 1.549913 0.160048
v -0.307181 1.549913 0.160048
v -0.307181 1.271537 -0.226816
v -0.307181 1.257334 -0.223213
v -0.312246 1.229658 -0.024192
v -0.307401 1.229658 0.024394
v -0.312246 1.229658 0.024394
v -0.312246 1.313811 -0.024191
v -0.312246 1.271734 -0.048485
v -0.307401 1.271734 0.039307
v -0.307401 1.271734 0.048687
v -0.307401 1.271734 -0.048485
v -0.307401 1.313811 0.024394
v -0.307401 1.229658 -0.024192
v -0.307401 1.313811 -0.024191
v -0.307401 1.237781 0.019704
v -0.311114 1.249792 -0.012567
v -0.311114 1.249792 0.012770
v -0.307401 1.237781 -0.019502
v -0.307401 1.305688 -0.019502
v -0.307401 1.271734 -0.039105
v -0.307401 1.305688 0.019705
v -0.311114 1.271734 -0.025236
v -0.311114 1.293677 -0.012567
v -0.311114 1.271734 0.025438
v -0.311114 1.293677 0.012770
v -0.311206 1.271572 -0.226816
v -0.311206 1.257369 -0.223213
v -0.311206 0.993196 -0.159110
v -0.311206 1.282934 0.224151
v -0.311206 1.549947 0.160048
v -0.306091 1.563384 0.167735
v -0.311206 1.549947 -0.159109
v -0.311206 1.282934 -0.223213
v -0.292763 1.549913 -0.159109
v -0.292763 1.282899 0.000469
v -0.292763 1.271537 0.227754
v -0.292763 1.257334 0.224151
v -0.292763 1.257334 0.000469
v -0.292763 0.993162 -0.159110
v -0.292763 1.282899 0.224151
v -0.286100 0.993162 -0.159110
v -0.292763 0.993162 0.160048
v -0.282227 1.549946 0.160048
v -0.282227 1.282933 0.224151
v -0.287343 1.283507 -0.233988
v -0.287343 1.271598 -0.237764
v -0.282227 0.993195 -0.159110
v -0.282227 1.549946 -0.159109
v -0.287343 1.563382 -0.166796
v -0.287343 1.563382 0.167735
v -0.291215 1.563349 -0.166796
v -0.289634 0.990180 0.149409
v -0.289634 1.009703 0.164620
v -0.289634 0.998241 0.144768
v -0.289634 1.000619 -0.169675
v -0.289634 1.000929 -0.143020
v -0.289634 1.012386 -0.162862
v -0.289634 1.282900 -0.066585
v -0.289634 1.260262 -0.223219
v -0.289634 1.260569 -0.066585
v -0.289634 1.556431 -0.151020
v -0.289634 1.534296 -0.164719
v -0.289634 1.545753 -0.144873
v -0.289634 1.542144 0.169470
v -0.289634 1.545643 0.145008
v -0.289634 1.534181 0.164860
v -0.289634 1.260262 0.223421
v -0.289634 1.282900 0.066787
v -0.289634 1.260569 0.066787
v -0.289634 1.335068 -0.023572
v -0.289634 1.219566 -0.042911
v -0.286121 0.998241 0.144768
v -0.286121 0.998763 0.164275
v -0.286121 0.990180 0.149409
v -0.286121 1.000929 -0.143020
v -0.286121 0.997452 -0.164188
v -0.286121 1.012386 -0.162862
v -0.286121 1.282900 -0.066585
v -0.286121 1.260262 -0.223219
v -0.286121 1.283207 -0.223219
v -0.286121 1.545753 -0.144873
v -0.286121 1.549202 -0.163541
v -0.286121 1.556431 -0.151020
v -0.286121 1.545643 0.145008
v -0.286121 1.543726 0.166729
v -0.286121 1.534181 0.164860
v -0.286121 1.282900 0.066787
v -0.286121 1.260262 0.223421
v -0.286121 1.260569 0.066787
v -0.282590 1.260569 -0.066585
v -0.286121 1.260569 -0.066585
v -0.289634 1.208400 -0.023572
v -0.286121 1.208400 0.023774
v -0.289634 1.208400 0.023774
v -0.289634 1.001653 0.169280
v -0.289634 1.544958 -0.170892
v -0.286121 1.534296 -0.164719
v -0.289634 1.335068 0.023775
v -0.286121 1.335068 -0.023572
v -0.289634 1.219565 0.043114
v -0.289634 1.323903 0.043114
v -0.286121 1.009703 0.164620
v -0.286121 1.283207 0.223421
v -0.289634 1.283207 0.223421
v -0.289634 1.553617 0.149599
v -0.286121 1.323903 -0.042911
v -0.286121 1.553617 0.149599
v -0.289634 0.989146 -0.149803
v -0.286121 1.219566 -0.042911
v -0.289634 1.283207 -0.223219
v -0.286121 1.323903 0.043114
v -0.286121 0.989146 -0.149803
v -0.282590 1.323903 -0.042911
v -0.281827 1.315783 -0.016363
v -0.281827 1.308017 -0.029813
v -0.286121 1.335068 0.023775
v -0.282590 1.335068 -0.023572
v -0.282590 1.219565 0.043114
v -0.286121 1.219565 0.043114
v -0.282590 1.260569 0.066787
v -0.282590 1.282900 0.066787
v -0.282590 1.219566 -0.042911
v -0.282590 1.323903 0.043114
v -0.282590 1.208400 -0.023572
v -0.286121 1.208400 -0.023572
v -0.282590 1.282900 -0.066585
v -0.282590 1.335068 0.023775
v -0.282590 1.208400 0.023774
v -0.272850 1.315783 -0.016363
v -0.272850 1.308017 -0.029813
v -0.281827 1.235451 0.030016
v -0.281827 1.263969 0.046481
v -0.281827 1.308017 0.030016
v -0.281827 1.227686 -0.016363
v -0.281827 1.279500 -0.046278
v -0.281827 1.315783 0.016566
v -0.281827 1.227686 0.016566
v -0.281827 1.263969 -0.046278
v -0.281827 1.279500 0.046481
v -0.281827 1.235451 -0.029814
v -0.272850 1.263969 -0.046278
v -0.235676 1.247790 -0.019641
v -0.272850 1.235451 -0.029814
v -0.272850 1.235451 0.030016
v -0.272850 1.263969 0.046481
v -0.272850 1.308017 0.030016
v -0.272850 1.227686 -0.016363
v -0.272850 1.279500 -0.046278
v -0.272850 1.315783 0.016566
v -0.272850 1.227686 0.016566
v -0.272850 1.279500 0.046481
v -0.235676 1.276859 0.030708
v -0.235676 1.266712 0.030097
v -0.235676 1.276757 0.030097
v -0.235676 1.295678 -0.019641
v -0.235676 1.247790 0.019843
v -0.235676 1.266610 0.030708
v -0.235676 1.295678 0.019843
v -0.235676 1.242665 -0.010764
v -0.235676 1.276859 -0.030506
v -0.235676 1.300803 0.010967
v -0.235676 1.242665 0.010967
v -0.235676 1.266610 -0.030506
v -0.235676 1.300803 -0.010764
v -0.235676 1.243246 0.010750
v 0.003915 1.248269 0.019449
v -0.235676 1.248269 0.019449
v -0.235676 1.248269 -0.019246
v -0.235676 1.295200 -0.019246
v -0.235676 1.295200 0.019449
v -0.235676 1.243246 -0.010547
v -0.235676 1.276757 -0.029894
v -0.235676 1.300222 0.010750
v -0.235676 1.266712 -0.029894
v -0.235676 1.300222 -0.010547
v 0.003915 1.266712 0.030097
v 0.003915 1.276757 0.030097
v 0.003915 1.248269 -0.019246
v 0.003915 1.295200 -0.019246
v 0.003915 1.295200 0.019449
v 0.003915 1.243246 -0.010547
v 0.003915 1.276757 -0.029894
v 0.003915 1.300222 0.010750
v 0.003915 1.243246 0.010750
v 0.003915 1.266712 -0.029894
v 0.003915 1.300222 -0.010547
v 0.300593 1.257334 -0.223213
v 0.293930 1.271537 -0.226816
v 0.293930 1.257334 -0.223213
v 0.309895 1.283474 -0.233988
v 0.313921 1.271599 -0.237764
v 0.309895 1.271565 -0.237764
v 0.310952 1.257334 0.224151
v 0.315011 1.271537 0.227754
v 0.315011 1.257334 0.224151
v 0.319036 1.257369 0.224151
v 0.295173 0.979813 0.167735
v 0.299045 0.979780 -0.166797
v 0.299045 0.979780 0.167735
v 0.313921 0.979814 -0.166797
v 0.309895 0.979780 0.167735
v 0.309895 0.979780 -0.166797
v 0.319036 0.993196 0.160048
v 0.315011 0.993162 0.160048
v 0.310952 1.271537 0.227754
v 0.315011 1.282899 0.224151
v 0.313921 1.271599 0.238703
v 0.309895 1.283474 0.234926
v 0.309895 1.271565 0.238703
v 0.300593 1.549913 0.160048
v 0.293930 1.282899 0.224151
v 0.293930 1.549913 0.160048
v 0.300593 1.282899 -0.223213
v 0.293930 1.549913 -0.159109
v 0.293930 1.282899 -0.223213
v 0.290057 1.271571 -0.226816
v 0.310952 1.549913 -0.159109
v 0.315011 1.282899 -0.223213
v 0.315011 1.549913 -0.159109
v 0.290057 1.271570 0.227754
v 0.293930 1.271537 0.227754
v 0.290057 1.257368 0.224151
v 0.293930 1.257334 0.224151
v 0.310952 0.993162 -0.159110
v 0.315011 0.993162 -0.159110
v 0.295173 0.979813 -0.166797
v 0.299045 1.256678 -0.233988
v 0.300593 1.271537 -0.226816
v 0.299045 1.563349 0.167735
v 0.299045 1.283474 0.234926
v 0.299045 1.283474 -0.233988
v 0.309895 1.563349 -0.166796
v 0.309895 1.563349 0.167735
v 0.309895 1.256678 -0.233988
v 0.309895 1.256678 0.234926
v 0.299045 1.271565 0.238703
v 0.299045 1.256678 0.234926
v 0.299045 1.271565 -0.237764
v 0.290057 1.257368 -0.223213
v 0.313921 0.979814 0.167735
v 0.313921 1.256712 -0.233988
v 0.313921 1.283509 -0.233988
v 0.295173 1.271598 0.238703
v 0.295173 1.256711 -0.233988
v 0.313921 1.256712 0.234926
v 0.313921 1.283509 0.234926
v 0.290057 0.993195 0.160048
v 0.293930 0.993162 0.160048
v 0.295173 1.256711 0.234926
v 0.312294 1.010836 0.163964
v 0.312294 0.995916 0.159345
v 0.312294 1.005106 0.154039
v 0.312294 0.998546 -0.144392
v 0.312294 0.994883 -0.159739
v 0.312294 1.004276 -0.154316
v 0.312294 1.282900 -0.066585
v 0.312294 1.260262 -0.223219
v 0.312294 1.283207 -0.223219
v 0.312294 1.541238 -0.155496
v 0.312294 1.542292 -0.169348
v 0.312294 1.550694 -0.160956
v 0.312294 1.545747 0.145068
v 0.312294 1.547880 0.159535
v 0.312294 1.540016 0.154994
v 0.312294 1.282900 0.066787
v 0.312294 1.260262 0.223421
v 0.312294 1.260569 0.066787
v 0.312294 1.323903 -0.042911
v 0.312294 1.329486 -0.033241
v 0.315807 1.005106 0.154039
v 0.315807 1.007859 0.165687
v 0.315807 1.010836 0.163964
v 0.315807 0.994883 -0.159739
v 0.315807 0.998546 -0.144392
v 0.315807 1.004276 -0.154316
v 0.315807 1.282900 -0.066585
v 0.315807 1.260262 -0.223219
v 0.315807 1.260569 -0.066585
v 0.315807 1.541238 -0.155496
v 0.315807 1.536458 -0.165971
v 0.315807 1.535508 -0.165421
v 0.315807 1.547880 0.159535
v 0.315807 1.545747 0.145068
v 0.315807 1.540016 0.154994
v 0.315807 1.260262 0.223421
v 0.315807 1.282900 0.066787
v 0.315807 1.260569 0.066787
v 0.315807 1.329486 -0.033241
v 0.315807 1.213983 -0.033242
v 0.315807 1.208400 0.023774
v 0.312294 1.208400 -0.023572
v 0.312294 1.208400 0.023774
v 0.315807 1.546968 -0.145572
v 0.312294 1.335069 -0.023572
v 0.312294 1.546968 -0.145572
v 0.315807 0.995916 0.159345
v 0.312294 0.990180 0.149409
v 0.312294 1.535508 -0.165421
v 0.315807 1.335069 -0.023572
v 0.312294 1.335069 0.023775
v 0.315807 0.999376 0.144114
v 0.312294 0.999376 0.144114
v 0.312294 1.219566 0.043114
v 0.315807 1.534286 0.164920
v 0.312294 1.323903 0.043114
v 0.312294 1.534286 0.164920
v 0.312294 1.001653 0.169280
v 0.315807 1.283207 0.223421
v 0.312294 1.283207 0.223421
v 0.312294 1.553617 0.149599
v 0.315807 1.010005 -0.164241
v 0.312294 1.219566 -0.042911
v 0.312294 1.010005 -0.164241
v 0.312294 1.542144 0.169470
v 0.312294 0.989146 -0.149803
v 0.315807 1.550694 -0.160956
v 0.312294 1.556431 -0.151020
v 0.315807 1.219566 -0.042911
v 0.312294 1.260569 -0.066585
v 0.315807 1.283207 -0.223219
v 0.315807 1.323903 0.043114
v 0.312294 1.000619 -0.169675
v 0.317091 1.334472 0.036323
v 0.320076 1.271734 0.048687
v 0.317091 1.271734 0.072544
v 0.311797 1.208997 -0.036120
v 0.311797 1.271734 -0.072341
v 0.311797 1.334472 -0.036120
v 0.311797 1.271734 0.072544
v 0.311797 1.208997 0.036323
v 0.317091 1.208997 0.036323
v 0.317091 1.208997 -0.036120
v 0.317091 1.271734 -0.072341
v 0.311797 1.334472 0.036323
v 0.317091 1.334472 -0.036120
v 0.310952 1.282899 0.224151
v 0.310952 1.282899 0.000469
v 0.310952 1.549913 0.160048
v 0.310952 1.257334 0.000469
v 0.310952 1.271537 -0.226816
v 0.310952 0.993162 0.160048
v 0.310952 1.282899 -0.223213
v 0.315011 1.549913 0.160048
v 0.315011 1.271537 -0.226816
v 0.315011 1.257334 -0.223213
v 0.310952 1.257334 -0.223213
v 0.315231 1.229658 0.024394
v 0.320076 1.229658 -0.024192
v 0.320076 1.229658 0.024394
v 0.320076 1.313811 -0.024191
v 0.320076 1.271734 -0.048485
v 0.315231 1.271734 0.039308
v 0.315231 1.271734 0.048687
v 0.315231 1.271734 -0.048485
v 0.315231 1.313811 0.024394
v 0.320076 1.313811 0.024394
v 0.315231 1.229658 -0.024192
v 0.315231 1.313811 -0.024191
v 0.315231 1.237781 0.019704
v 0.318944 1.249792 -0.012567
v 0.315231 1.237781 -0.019502
v 0.315231 1.305688 -0.019502
v 0.315231 1.305688 0.019705
v 0.318944 1.249792 0.012770
v 0.318944 1.271734 0.025438
v 0.318944 1.271734 -0.025236
v 0.315231 1.271734 -0.039105
v 0.318944 1.293677 -0.012567
v 0.319036 1.271572 -0.226816
v 0.319036 1.257369 -0.223213
v 0.319036 0.993196 -0.159110
v 0.319036 1.271572 0.227754
v 0.319036 1.282934 0.224151
v 0.319036 1.282934 -0.223213
v 0.319036 1.549947 0.160048
v 0.313921 1.563384 -0.166796
v 0.319036 1.549947 -0.159109
v 0.313921 1.563384 0.167735
v 0.300593 1.282899 0.000469
v 0.300593 1.549913 -0.159109
v 0.300593 1.257334 0.000469
v 0.300593 1.271537 0.227754
v 0.300593 0.993162 -0.159110
v 0.300593 1.282899 0.224151
v 0.293930 0.993162 -0.159110
v 0.300593 1.257334 0.224151
v 0.300593 0.993162 0.160048
v 0.295173 1.283507 0.234926
v 0.290057 1.549946 0.160048
v 0.290057 1.282933 0.224151
v 0.295173 1.283507 -0.233988
v 0.290057 1.282933 -0.223213
v 0.290057 0.993195 -0.159110
v 0.290057 1.549946 -0.159109
v 0.295173 1.563382 0.167735
v 0.299045 1.563349 -0.166796
v 0.295173 1.271598 -0.237764
v 0.295173 1.563382 -0.166796
v 0.297907 1.000736 0.143332
v 0.297907 1.001653 0.169280
v 0.297907 0.990180 0.149409
v 0.297907 1.015528 -0.161043
v 0.297907 0.989146 -0.149803
v 0.297907 1.000619 -0.169675
v 0.297907 1.282900 -0.066584
v 0.297907 1.260262 -0.223219
v 0.297907 1.283207 -0.223219
v 0.297907 1.536311 -0.165886
v 0.297907 1.556431 -0.151020
v 0.297907 1.547772 -0.146035
v 0.297907 1.545706 0.145044
v 0.297907 1.542144 0.169470
v 0.297907 1.534245 0.164897
v 0.297907 1.282900 0.066787
v 0.297907 1.260262 0.223421
v 0.297907 1.260569 0.066787
v 0.297907 1.208400 0.023774
v 0.294394 1.000736 0.143332
v 0.294394 0.997590 0.162243
v 0.294394 1.012194 0.163178
v 0.295727 1.006196 -0.166446
v 0.294394 1.004077 -0.141208
v 0.294394 1.015528 -0.161043
v 0.294394 1.282900 -0.066584
v 0.294394 1.260262 -0.223219
v 0.294394 1.260569 -0.066584
v 0.294394 1.547772 -0.146035
v 0.294394 1.547349 -0.166750
v 0.294394 1.536311 -0.165886
v 0.294394 1.545135 0.164289
v 0.294394 1.545706 0.145044
v 0.294394 1.534245 0.164897
v 0.294394 1.260262 0.223421
v 0.294394 1.282900 0.066787
v 0.294394 1.260569 0.066787
v 0.290863 1.260569 -0.066584
v 0.294394 1.208400 0.023774
v 0.297907 1.208400 -0.023572
v 0.297907 1.335068 -0.023572
v 0.297907 1.544958 -0.170892
v 0.294394 1.335068 -0.023572
v 0.297907 1.335068 0.023775
v 0.297907 1.219565 0.043114
v 0.297907 1.323903 0.043114
v 0.297907 1.012194 0.163178
v 0.294394 1.283207 0.223421
v 0.297907 1.283207 0.223421
v 0.297907 1.553617 0.149599
v 0.297907 1.323903 -0.042911
v 0.297907 1.219566 -0.042911
v 0.297907 1.004077 -0.141208
v 0.294394 1.219566 -0.042911
v 0.297907 1.260569 -0.066584
v 0.294394 1.283207 -0.223219
v 0.294394 0.989146 -0.149803
v 0.290863 1.323903 -0.042911
v 0.289109 1.315783 -0.016363
v 0.290863 1.335068 -0.023572
v 0.294394 1.335068 0.023775
v 0.290863 1.219565 0.043114
v 0.294394 1.219565 0.043114
v 0.290863 1.260569 0.066787
v 0.290863 1.219566 -0.042911
v 0.294394 1.323903 -0.042911
v 0.290863 1.323903 0.043114
v 0.294394 1.323903 0.043114
v 0.290863 1.208400 -0.023572
v 0.294394 1.208400 -0.023572
v 0.290863 1.282900 -0.066584
v 0.290863 1.335068 0.023775
v 0.290863 1.208400 0.023774
v 0.289109 1.308017 -0.029813
v 0.278430 1.315783 -0.016363
v 0.289109 1.235451 0.030016
v 0.289109 1.308017 0.030017
v 0.290863 1.282900 0.066787
v 0.289109 1.227686 -0.016363
v 0.289109 1.279500 -0.046278
v 0.289109 1.227686 0.016566
v 0.289109 1.279500 0.046481
v 0.289109 1.235451 -0.029814
v 0.243506 1.247790 -0.019641
v 0.278430 1.263969 -0.046278
v 0.278430 1.235451 -0.029814
v 0.289109 1.263969 0.046481
v 0.278430 1.235451 0.030016
v 0.278430 1.308017 0.030017
v 0.278430 1.308017 -0.029813
v 0.278430 1.315783 0.016566
v 0.289109 1.315783 0.016566
v 0.278430 1.227686 0.016566
v 0.289109 1.263969 -0.046278
v 0.278430 1.279500 0.046481
v 0.243506 1.276859 0.030709
v 0.243506 1.266712 0.030097
v 0.243506 1.266610 0.030709
v 0.243506 1.295678 -0.019641
v 0.278430 1.263969 0.046481
v 0.243506 1.247790 0.019843
v 0.243506 1.295678 0.019843
v 0.278430 1.227686 -0.016363
v 0.278430 1.279500 -0.046278
v 0.243506 1.300803 0.010967
v 0.243506 1.242665 0.010967
v 0.243506 1.266610 -0.030506
v 0.243506 1.300803 -0.010764
v 0.243506 1.248269 0.019449
v 0.243506 1.243246 0.010750
v 0.243506 1.248269 -0.019246
v 0.243506 1.295200 -0.019246
v 0.243506 1.276757 0.030097
v 0.243506 1.242665 -0.010764
v 0.243506 1.276859 -0.030506
v 0.243506 1.300222 0.010750
v 0.243506 1.243246 -0.010547
v 0.243506 1.266712 -0.029894
v 0.243506 1.300222 -0.010547
v 0.243506 1.295200 0.019449
v 0.243506 1.276757 -0.029894
v 0.070733 1.333901 -0.091895
v 0.055021 1.349612 -0.082464
v 0.070733 1.351160 -0.082464
v 0.098466 1.265109 0.124815
v 0.106722 1.270625 0.127785
v 0.099009 1.270625 0.124815
v 0.070733 1.314210 -0.090891
v 0.058389 1.332685 -0.091895
v 0.054054 1.310892 -0.090891
v 0.046519 1.329084 -0.091895
v 0.039914 1.345030 -0.082464
v 0.059335 1.345243 0.073427
v 0.046146 1.328868 0.084908
v 0.058199 1.332455 0.084908
v 0.096857 1.259804 0.124815
v 0.106030 1.263604 0.127785
v 0.094244 1.254915 0.124815
v 0.103982 1.256853 0.127785
v 0.046519 1.306865 -0.090892
v 0.035579 1.323237 -0.091895
v 0.025990 1.337587 -0.082464
v 0.039914 1.301445 -0.090892
v 0.025990 1.315368 -0.091895
v 0.013786 1.327572 -0.082464
v 0.090727 1.250630 0.124815
v 0.100657 1.250630 0.127785
v 0.086443 1.247114 0.124815
v 0.096181 1.245177 0.127785
v 0.018121 1.305779 -0.091895
v 0.003771 1.315368 -0.082464
v 0.114227 1.335718 0.071120
v 0.095320 1.328868 0.084908
v 0.106427 1.323042 0.084908
v 0.012274 1.294840 -0.091895
v -0.003672 1.301445 -0.082464
v 0.100692 1.198297 0.071120
v 0.083267 1.208795 0.084908
v 0.086006 1.193842 0.071120
v 0.084505 1.237375 0.127785
v 0.081554 1.244501 0.124815
v 0.030466 1.287305 -0.090892
v 0.077754 1.235327 0.127785
v 0.076250 1.242892 0.124815
v 0.008673 1.282969 -0.091895
v -0.008255 1.286337 -0.082465
v -0.009802 1.270625 -0.082465
v 0.070733 1.234636 0.127785
v 0.070733 1.242349 0.124815
v 0.027985 1.279128 -0.090892
v 0.007457 1.270625 -0.091895
v 0.065217 1.242892 0.124815
v 0.027148 1.270625 -0.090892
v 0.008673 1.258280 -0.091895
v -0.008255 1.254913 -0.082465
v -0.006050 1.255352 0.071120
v 0.006485 1.270625 0.084908
v -0.007554 1.270625 0.071120
v 0.056961 1.237375 0.127785
v 0.059912 1.244501 0.124815
v 0.027985 1.262122 -0.090892
v 0.012274 1.246410 -0.091895
v -0.003672 1.239805 -0.082465
v 0.030466 1.253945 -0.090892
v 0.018121 1.235471 -0.091895
v 0.003771 1.225882 -0.082465
v 0.149020 1.270625 0.071120
v 0.133747 1.282924 0.084908
v 0.134981 1.270625 0.084908
v 0.055024 1.247114 0.124815
v 0.050739 1.250630 0.124815
v 0.050739 1.240701 0.127785
v 0.034493 1.246410 -0.090892
v 0.025990 1.225882 -0.091895
v 0.013786 1.213678 -0.082465
v 0.039914 1.239805 -0.090892
v 0.035579 1.218013 -0.091895
v 0.025990 1.203663 -0.082465
v 0.126090 1.325982 0.071120
v 0.124153 1.305649 0.084908
v 0.135827 1.314119 0.071120
v 0.040809 1.250630 0.127785
v 0.047222 1.254915 0.124815
v 0.044609 1.259804 0.124815
v 0.046519 1.234385 -0.090892
v 0.046519 1.212166 -0.091895
v 0.039914 1.196220 -0.082465
v 0.070733 1.192338 0.071120
v 0.058199 1.208795 0.084908
v 0.055460 1.193842 0.071120
v 0.062230 1.227877 -0.090892
v 0.058389 1.208565 -0.091895
v 0.055021 1.191637 -0.082465
v 0.043000 1.265109 0.124815
v 0.037484 1.256853 0.127785
v 0.034744 1.270625 0.127785
v 0.042457 1.270625 0.124815
v 0.070733 1.227040 -0.090892
v 0.070733 1.207349 -0.091895
v 0.070733 1.190090 -0.082465
v 0.083078 1.208565 -0.091895
v 0.086445 1.191637 -0.082465
v 0.043000 1.276141 0.124815
v 0.037484 1.284397 0.127785
v 0.044609 1.281446 0.124815
v 0.079236 1.227877 -0.090892
v 0.094948 1.212166 -0.091895
v 0.101553 1.196220 -0.082465
v 0.011375 1.246500 0.084908
v 0.007719 1.258326 0.084908
v 0.105887 1.218013 -0.091895
v 0.115476 1.203663 -0.082465
v -0.006050 1.285898 0.071120
v 0.011375 1.294750 0.084908
v -0.001595 1.300584 0.071120
v 0.047222 1.286334 0.124815
v 0.094948 1.234385 -0.090892
v 0.050739 1.290619 0.124815
v 0.040809 1.290619 0.127785
v 0.115476 1.225882 -0.091895
v 0.127680 1.213678 -0.082465
v 0.070733 1.348912 0.071120
v 0.080308 1.335292 0.082606
v 0.082131 1.345243 0.073427
v 0.137695 1.225882 -0.082465
v 0.050739 1.300549 0.127785
v 0.055024 1.294136 0.124815
v 0.101553 1.239805 -0.090892
v 0.123345 1.235471 -0.091895
v 0.056961 1.303874 0.127785
v 0.059912 1.296749 0.124815
v 0.106973 1.246410 -0.090892
v 0.129193 1.246410 -0.091895
v 0.145138 1.239805 -0.082465
v 0.114227 1.205531 0.071120
v 0.095320 1.212382 0.084908
v 0.098466 1.276141 0.124815
v 0.091563 1.279253 0.116970
v 0.092846 1.275023 0.116970
v 0.086676 1.254682 0.116970
v 0.147516 1.285898 0.071120
v 0.130091 1.294750 0.084908
v 0.048620 1.266226 0.116970
v 0.081554 1.296749 0.124815
v 0.083259 1.289372 0.116970
v 0.086443 1.294136 0.124815
v 0.066335 1.248512 0.116970
v 0.062105 1.249795 0.116970
v 0.065217 1.298358 0.124815
v 0.111001 1.253945 -0.090892
v 0.132793 1.258280 -0.091895
v 0.149721 1.254913 -0.082465
v 0.054790 1.286568 0.116970
v 0.114318 1.270625 -0.090892
v 0.134009 1.270625 -0.091895
v 0.151268 1.270625 -0.082465
v 0.062105 1.291455 0.116970
v 0.093279 1.270625 0.116970
v 0.070733 1.306614 0.127785
v 0.070733 1.298901 0.124815
v 0.132793 1.282969 -0.091895
v 0.149721 1.286337 -0.082465
v 0.040774 1.198297 0.071120
v 0.035039 1.218208 0.084908
v 0.027239 1.205531 0.071120
v 0.113481 1.279128 -0.090892
v 0.129193 1.294840 -0.091895
v 0.145138 1.301445 -0.082464
v 0.106973 1.294840 -0.090892
v 0.123345 1.305779 -0.091895
v 0.137695 1.315368 -0.082464
v 0.115476 1.315368 -0.091895
v 0.127680 1.327572 -0.082464
v 0.007719 1.282924 0.084908
v 0.101552 1.301445 -0.090892
v 0.105887 1.323237 -0.091895
v 0.115476 1.337587 -0.082464
v 0.005640 1.314119 0.071120
v 0.025303 1.315202 0.084908
v 0.015376 1.325983 0.071120
v 0.094948 1.306865 -0.090892
v 0.094948 1.329084 -0.091895
v 0.101552 1.345030 -0.082464
v 0.079236 1.313373 -0.090891
v 0.083078 1.332685 -0.091895
v 0.086445 1.349612 -0.082464
v 0.070733 1.207583 0.084908
v 0.147516 1.255352 0.071120
v 0.133747 1.258326 0.084908
v 0.083259 1.251878 0.116970
v 0.058207 1.251878 0.116970
v 0.066335 1.292738 0.116970
v 0.106030 1.277646 0.127785
v 0.096857 1.281446 0.124815
v 0.076250 1.298358 0.124815
v 0.070733 1.293171 0.116970
v 0.075132 1.292738 0.116970
v 0.070733 1.248078 0.116970
v 0.049903 1.261997 0.116970
v 0.051987 1.283151 0.116970
v 0.079361 1.249795 0.116970
v 0.075132 1.248512 0.116970
v 0.079361 1.291455 0.116970
v 0.100657 1.290619 0.127785
v 0.094244 1.286334 0.124815
v 0.090727 1.290619 0.124815
v 0.086676 1.286568 0.116970
v 0.089480 1.283151 0.116970
v 0.051987 1.258099 0.116970
v 0.054790 1.254682 0.116970
v 0.049903 1.279253 0.116970
v 0.091563 1.261997 0.116970
v 0.089480 1.258099 0.116970
v 0.096181 1.296073 0.127785
v 0.084505 1.303874 0.127785
v 0.092846 1.266226 0.116970
v 0.077754 1.305922 0.127785
v 0.048620 1.275023 0.116970
v 0.048187 1.270625 0.116970
v 0.058207 1.289372 0.116970
v 0.070733 1.336204 0.082591
v 0.059580 1.326697 0.086188
v 0.070733 1.327796 0.086188
v 0.048855 1.323444 0.086188
v 0.035039 1.323042 0.084908
v 0.038971 1.318161 0.086188
v 0.030307 1.311051 0.086188
v 0.017313 1.305649 0.084908
v 0.023197 1.302387 0.086188
v 0.017914 1.292503 0.086188
v 0.014661 1.281778 0.086187
v 0.013562 1.270625 0.086187
v 0.014661 1.259471 0.086187
v 0.017914 1.248747 0.086187
v 0.023197 1.238863 0.086187
v 0.017313 1.235601 0.084908
v 0.030307 1.230199 0.086187
v 0.025303 1.226048 0.084908
v 0.038971 1.223089 0.086187
v 0.046146 1.212382 0.084908
v 0.048855 1.217806 0.086187
v 0.059580 1.214553 0.086187
v 0.070733 1.213454 0.086187
v 0.081887 1.214553 0.086187
v 0.092611 1.217806 0.086187
v 0.102495 1.223089 0.086187
v 0.116164 1.226048 0.084908
v 0.111159 1.230199 0.086187
v 0.118269 1.238863 0.086187
v 0.124154 1.235601 0.084908
v 0.123552 1.248747 0.086187
v 0.130091 1.246500 0.084908
v 0.126805 1.259471 0.086187
v 0.127904 1.270625 0.086187
v 0.126805 1.281778 0.086187
v 0.123552 1.292503 0.086188
v 0.118269 1.302387 0.086188
v 0.111159 1.311051 0.086188
v 0.102495 1.318161 0.086188
v 0.092611 1.323444 0.086188
v 0.081887 1.326697 0.086188
v 0.143061 1.300584 0.071120
v 0.135827 1.227131 0.071120
v 0.126090 1.215268 0.071120
v -0.001595 1.240666 0.071120
v 0.106427 1.218208 0.084908
v 0.143061 1.240666 0.071120
v 0.027239 1.335719 0.071120
v 0.116164 1.315202 0.084908
v 0.015376 1.215268 0.071120
v 0.100692 1.342953 0.071120
v 0.040774 1.342953 0.071120
v 0.005640 1.227131 0.071120
v 0.138074 1.276320 0.088060
v 0.141600 1.277265 0.088060
v 0.135494 1.273740 0.088060
v -0.050650 1.276320 0.088060
v -0.054175 1.277265 0.088060
v -0.048069 1.273740 0.088060
v 0.134550 1.270215 0.088060
v -0.047125 1.270215 0.088060
v 0.135494 1.266689 0.088060
v -0.048069 1.266689 0.088060
v 0.138075 1.264109 0.088060
v 0.141600 1.263164 0.088060
v -0.050650 1.264109 0.088060
v -0.054175 1.263164 0.088060
v 0.145125 1.264109 0.088060
v -0.057700 1.264109 0.088060
v 0.147705 1.266689 0.088060
v -0.060281 1.266689 0.088060
v 0.147705 1.273740 0.088060
v 0.148650 1.270215 0.088060
v -0.061225 1.270215 0.088060
v 0.145125 1.276320 0.088060
v -0.060281 1.273740 0.088060
v -0.057700 1.276320 0.088060
v 0.070007 1.218090 -0.095746
v 0.065455 1.220718 -0.091051
v 0.070007 1.221938 -0.091051
v 0.070007 1.223347 -0.084638
v 0.064750 1.221938 -0.084638
v 0.070007 1.212833 -0.097464
v 0.067379 1.217386 -0.095746
v 0.060902 1.218090 -0.084638
v 0.065455 1.215462 -0.095746
v 0.062122 1.217386 -0.091051
v 0.059494 1.212833 -0.084638
v 0.064750 1.212833 -0.095746
v 0.060902 1.212833 -0.091051
v 0.060902 1.207577 -0.084638
v 0.065455 1.210205 -0.095746
v 0.062122 1.208281 -0.091051
v 0.064750 1.203728 -0.084638
v 0.067379 1.208281 -0.095746
v 0.065455 1.204948 -0.091051
v 0.070007 1.203728 -0.091051
v 0.070007 1.202320 -0.084638
v 0.070007 1.207577 -0.095746
v 0.072636 1.208281 -0.095746
v 0.074560 1.204948 -0.091051
v 0.075264 1.203728 -0.084638
v 0.074560 1.210205 -0.095746
v 0.077892 1.208281 -0.091051
v 0.079112 1.207577 -0.084638
v 0.079112 1.212833 -0.091051
v 0.080521 1.212833 -0.084638
v 0.075264 1.212833 -0.095746
v 0.077892 1.217386 -0.091051
v 0.079112 1.218090 -0.084638
v 0.074560 1.215462 -0.095746
v 0.074560 1.220718 -0.091051
v 0.075264 1.221938 -0.084638
v 0.072636 1.217386 -0.095746
v 0.315807 1.335069 0.023775
v 0.315807 1.536250 0.166058
v 0.315807 1.329486 0.033444
v 0.312294 1.329486 0.033444
v 0.315807 1.550185 -0.147424
v 0.315807 1.323903 -0.042911
v 0.315807 1.208400 -0.023572
v 0.315807 1.007299 -0.165808
v 0.312294 1.213983 -0.033242
v 0.315807 1.219566 0.043114
v 0.315807 0.990180 0.149409
v 0.315807 1.213983 0.033444
v 0.312294 1.213983 0.033444
v 0.315807 1.553617 0.149599
v 0.315807 0.989146 -0.149803
v 0.294394 1.556431 -0.151020
v 0.294394 0.990180 0.149409
v -0.307977 1.323903 -0.042911
v -0.307977 1.335069 0.023775
v -0.307977 1.219566 0.043114
v -0.307977 1.208400 -0.023572
v -0.289634 1.323903 -0.042911
v 0.087412 1.310892 -0.090891
v 0.079236 1.313373 -0.093023
v 0.054054 1.230357 -0.093023
v 0.054054 1.230357 -0.090892
v 0.039914 1.239805 -0.093023
v 0.113481 1.262122 -0.093023
v 0.113481 1.262122 -0.090892
v 0.070733 1.314210 -0.093023
v 0.027985 1.262122 -0.093023
v 0.101553 1.239805 -0.093023
v 0.046519 1.306865 -0.093023
v 0.070733 1.227040 -0.093023
v 0.106973 1.294840 -0.093023
v 0.113481 1.279128 -0.093023
v 0.034493 1.294840 -0.090892
v 0.030466 1.287305 -0.093023
v 0.034493 1.246410 -0.093023
v 0.111001 1.253945 -0.093023
v 0.094948 1.306865 -0.093023
v 0.062230 1.313373 -0.093023
v 0.062230 1.313373 -0.090891
v 0.087412 1.230357 -0.090892
v 0.094948 1.234385 -0.093023
v 0.111001 1.287305 -0.090892
v 0.027148 1.270625 -0.093023
v 0.114318 1.270625 -0.093023
v 0.054054 1.310892 -0.093023
v 0.046519 1.234385 -0.093023
v 0.111001 1.287305 -0.093023
v 0.034493 1.294840 -0.093023
v 0.030466 1.253945 -0.093023
v 0.087412 1.230357 -0.093023
v 0.106973 1.246410 -0.093023
v 0.027985 1.279128 -0.093023
v 0.039914 1.239805 -0.095657
v 0.034493 1.246410 -0.095657
v 0.030466 1.253945 -0.095657
v 0.108792 1.270625 -0.095657
v 0.103742 1.268308 -0.098877
v 0.105440 1.270625 -0.098877
v 0.028032 1.262122 -0.095657
v 0.027195 1.270625 -0.095657
v 0.027985 1.279128 -0.095657
v 0.030466 1.287305 -0.095657
v 0.070733 1.314210 -0.095657
v 0.039914 1.301445 -0.093023
v 0.034493 1.294840 -0.095657
v 0.087412 1.310892 -0.093023
v 0.079236 1.313373 -0.095657
v 0.046519 1.306865 -0.095657
v 0.094948 1.306865 -0.095657
v 0.043822 1.243713 -0.095657
v 0.046751 1.254503 -0.097393
v 0.050360 1.250105 -0.097393
v 0.101552 1.301445 -0.093023
v 0.078158 1.233298 -0.095657
v 0.070733 1.232566 -0.093023
v 0.078158 1.233298 -0.093023
v 0.054054 1.310892 -0.095657
v 0.106973 1.294840 -0.095657
v 0.062230 1.313373 -0.095657
v 0.091877 1.302270 -0.089150
v 0.085297 1.305786 -0.093023
v 0.091877 1.302270 -0.093023
v 0.070733 1.232566 -0.089150
v 0.049589 1.302270 -0.089150
v 0.043822 1.297536 -0.093023
v 0.049589 1.302270 -0.093023
v 0.078158 1.307952 -0.089150
v 0.078158 1.307952 -0.093023
v 0.102378 1.291769 -0.089150
v 0.097645 1.297536 -0.093023
v 0.102378 1.291769 -0.093023
v 0.056169 1.235464 -0.089150
v 0.063308 1.233298 -0.093023
v 0.056169 1.235464 -0.093023
v 0.105895 1.285189 -0.095657
v 0.102378 1.291769 -0.095657
v 0.054054 1.230357 -0.095657
v 0.049589 1.238981 -0.095657
v 0.056169 1.235464 -0.095657
v 0.070733 1.308684 -0.095657
v 0.063308 1.307952 -0.095657
v 0.101552 1.301445 -0.095657
v 0.063308 1.233298 -0.095657
v 0.062230 1.227877 -0.095657
v 0.056169 1.305786 -0.095657
v 0.097645 1.297536 -0.095657
v 0.091877 1.302270 -0.095657
v 0.070733 1.227040 -0.095657
v 0.070733 1.232566 -0.095657
v 0.049589 1.302270 -0.095657
v 0.087412 1.310892 -0.095657
v 0.079236 1.227877 -0.095657
v 0.039914 1.301445 -0.095657
v 0.085297 1.305786 -0.095657
v 0.078158 1.307952 -0.095657
v 0.087412 1.230357 -0.095657
v 0.085297 1.235464 -0.095657
v 0.043822 1.297536 -0.095657
v 0.039089 1.291769 -0.095657
v 0.091877 1.238981 -0.095657
v 0.094948 1.234385 -0.095657
v 0.035572 1.285189 -0.095657
v 0.097645 1.243714 -0.095657
v 0.101553 1.239805 -0.095657
v 0.033406 1.278050 -0.095657
v 0.106973 1.246410 -0.095657
v 0.102378 1.249481 -0.095657
v 0.032675 1.270625 -0.095657
v 0.105895 1.256061 -0.095657
v 0.111001 1.253945 -0.095657
v 0.033406 1.263200 -0.095657
v 0.108060 1.263200 -0.095657
v 0.113481 1.262122 -0.095657
v 0.035572 1.256061 -0.095657
v 0.114318 1.270625 -0.095657
v 0.039089 1.249481 -0.095657
v 0.113481 1.279128 -0.095657
v 0.108060 1.278050 -0.095657
v 0.111001 1.287305 -0.095657
v 0.046519 1.234385 -0.095657
v 0.062230 1.227877 -0.093023
v 0.079236 1.227877 -0.093023
v 0.076541 1.299087 -0.097393
v 0.078143 1.288515 -0.099840
v 0.074511 1.289617 -0.099840
v 0.086833 1.281383 -0.099840
v 0.091399 1.291145 -0.097393
v 0.095008 1.286747 -0.097393
v 0.066955 1.251633 -0.098499
v 0.059774 1.243815 -0.095385
v 0.065218 1.242163 -0.095385
v 0.103742 1.272942 -0.098877
v 0.037495 1.272942 -0.098877
v 0.035797 1.270625 -0.098877
v 0.037495 1.268308 -0.098877
v 0.091836 1.270625 -0.099946
v 0.089038 1.272942 -0.100043
v 0.050876 1.270625 -0.099822
v 0.052668 1.268308 -0.099905
v 0.091399 1.250105 -0.097393
v 0.086833 1.259867 -0.099840
v 0.095008 1.254503 -0.097393
v 0.076541 1.242163 -0.097393
v 0.074511 1.251633 -0.098499
v 0.074511 1.251633 -0.099840
v 0.078143 1.252735 -0.099840
v 0.081985 1.243815 -0.097393
v 0.059774 1.243815 -0.097393
v 0.091399 1.291145 -0.095385
v 0.059774 1.297435 -0.097393
v 0.076541 1.242163 -0.095385
v 0.046751 1.286747 -0.097393
v 0.076541 1.299087 -0.095385
v 0.081985 1.297435 -0.095385
v 0.081985 1.297435 -0.097393
v 0.050360 1.291145 -0.095385
v 0.050360 1.291145 -0.097393
v 0.066955 1.289617 -0.099840
v 0.065360 1.283694 -0.099632
v 0.063323 1.288515 -0.099840
v 0.076186 1.257556 -0.099632
v 0.084425 1.256933 -0.099840
v 0.068013 1.284499 -0.099632
v 0.084425 1.256933 -0.098499
v 0.076186 1.257556 -0.098652
v 0.078143 1.252735 -0.098499
v 0.068013 1.284499 -0.098652
v 0.074511 1.289617 -0.098499
v 0.066955 1.289617 -0.098499
v 0.068013 1.256751 -0.098652
v 0.076186 1.283694 -0.098652
v 0.084425 1.284317 -0.098499
v 0.078143 1.288515 -0.098499
v 0.057041 1.284317 -0.098499
v 0.057041 1.284317 -0.099840
v 0.054633 1.281383 -0.099840
v 0.086833 1.281383 -0.098499
v 0.095008 1.286747 -0.095385
v 0.057041 1.256933 -0.099840
v 0.066955 1.251633 -0.099840
v 0.065218 1.242163 -0.097393
v 0.068013 1.256751 -0.099632
v 0.073532 1.256751 -0.099632
v 0.084425 1.284317 -0.099840
v 0.076186 1.283694 -0.099632
v 0.073532 1.284499 -0.098652
v 0.060770 1.260623 -0.099632
v 0.063323 1.252735 -0.099840
v 0.052668 1.272942 -0.099905
v 0.089038 1.272942 -0.097409
v 0.082534 1.278484 -0.098652
v 0.084145 1.272318 -0.097856
v 0.063323 1.252735 -0.098499
v 0.060770 1.260623 -0.098652
v 0.057041 1.256933 -0.098499
v 0.082534 1.278484 -0.099632
v 0.089038 1.268308 -0.100043
v 0.052668 1.268308 -0.097271
v 0.059011 1.262766 -0.098652
v 0.057244 1.268932 -0.097755
v 0.073532 1.284499 -0.099632
v 0.065360 1.257556 -0.098652
v 0.080775 1.280627 -0.099632
v 0.080775 1.280627 -0.098652
v 0.060770 1.280627 -0.098652
v 0.060770 1.280627 -0.099632
v 0.073532 1.256751 -0.098652
v 0.084145 1.268932 -0.099780
v 0.084145 1.268932 -0.097856
v 0.084145 1.272318 -0.099780
v 0.063323 1.288515 -0.098499
v 0.089038 1.268308 -0.097409
v 0.082534 1.262766 -0.098652
v 0.086833 1.259867 -0.098499
v 0.059011 1.278484 -0.099632
v 0.082534 1.262766 -0.099632
v 0.059011 1.262766 -0.099632
v 0.052668 1.272942 -0.097271
v 0.059011 1.278484 -0.098652
v 0.054633 1.281383 -0.098499
v 0.065360 1.257556 -0.099632
v 0.057244 1.272318 -0.097755
v 0.080775 1.260623 -0.099632
v 0.057244 1.268932 -0.099680
v 0.054633 1.259867 -0.099840
v 0.078498 1.269080 0.114126
v 0.086263 1.270625 0.115210
v 0.078650 1.270625 0.114126
v 0.085965 1.267595 0.115210
v 0.070733 1.270625 0.113760
v 0.078048 1.267595 0.114126
v 0.085081 1.264682 0.115210
v 0.083646 1.261997 0.115210
v 0.077316 1.266226 0.114126
v 0.076331 1.265027 0.114126
v 0.081715 1.259643 0.115210
v 0.079361 1.257712 0.115210
v 0.075132 1.264042 0.114126
v 0.073763 1.263310 0.114126
v 0.076676 1.256277 0.115210
v 0.073763 1.255393 0.115210
v 0.072278 1.262860 0.114126
v 0.070733 1.262708 0.114126
v 0.070733 1.255095 0.115210
v 0.069188 1.262860 0.114126
v 0.067703 1.255393 0.115210
v 0.067703 1.263310 0.114126
v 0.064790 1.256277 0.115210
v 0.066335 1.264042 0.114126
v 0.062105 1.257712 0.115210
v 0.065135 1.265027 0.114126
v 0.059752 1.259643 0.115210
v 0.064150 1.266226 0.114126
v 0.057820 1.261997 0.115210
v 0.056385 1.264682 0.115210
v 0.063419 1.267595 0.114126
v 0.062968 1.269080 0.114126
v 0.055501 1.267595 0.115210
v 0.062816 1.270625 0.114126
v 0.055203 1.270625 0.115210
v 0.062968 1.272170 0.114126
v 0.055501 1.273655 0.115210
v 0.056385 1.276568 0.115210
v 0.063419 1.273655 0.114126
v 0.064150 1.275023 0.114126
v 0.057820 1.279253 0.115210
v 0.065135 1.276223 0.114126
v 0.059752 1.281606 0.115210
v 0.066335 1.277208 0.114126
v 0.062105 1.283538 0.115210
v 0.067703 1.277940 0.114126
v 0.064790 1.284973 0.115210
v 0.069188 1.278390 0.114126
v 0.067703 1.285857 0.115210
v 0.070733 1.278542 0.114126
v 0.070733 1.286155 0.115210
v 0.085965 1.273655 0.115210
v 0.078498 1.272170 0.114126
v 0.085081 1.276568 0.115210
v 0.078048 1.273655 0.114126
v 0.083646 1.279253 0.115210
v 0.077316 1.275023 0.114126
v 0.081715 1.281606 0.115210
v 0.076331 1.276223 0.114126
v 0.079361 1.283538 0.115210
v 0.075132 1.277208 0.114126
v 0.076676 1.284973 0.115210
v 0.073763 1.277939 0.114126
v 0.072278 1.278390 0.114126
v 0.073763 1.285857 0.115210
v -0.307977 1.553617 0.149598
v 0.318944 1.293677 0.012770
v 0.294394 1.553617 0.149599
v 0.090727 1.240701 0.127785
v 0.063712 1.235327 0.127785
v 0.045285 1.245177 0.127785
v 0.035436 1.263604 0.127785
v 0.035436 1.277646 0.127785
v 0.045285 1.296073 0.127785
v 0.063712 1.305922 0.127785
v 0.103982 1.284397 0.127785
v 0.090727 1.300549 0.127785
v 0.085297 1.305786 -0.089150
v 0.078158 1.233298 -0.089150
v 0.043822 1.297536 -0.089150
v 0.097645 1.297536 -0.089150
v 0.063308 1.233298 -0.089150
v 0.065218 1.299087 -0.097393
v 0.080775 1.260623 -0.098652
v 0.054633 1.259867 -0.098499
v 0.065360 1.283694 -0.098652
v 0.057244 1.272318 -0.099680
v 0.070733 1.375849 0.041656
v 0.096163 1.209232 0.070842
v 0.070733 1.365324 -0.065205
v 0.052258 1.363505 -0.065205
v 0.050205 1.373827 -0.045514
v 0.070733 1.375849 -0.045514
v 0.048940 1.380184 -0.024149
v 0.070733 1.382331 -0.024149
v 0.048513 1.382331 -0.001929
v 0.070733 1.384519 -0.001929
v 0.070733 1.292845 -0.097373
v 0.070733 1.270625 -0.099561
v 0.066398 1.292418 -0.097373
v 0.070733 1.382331 0.020290
v 0.048940 1.380184 0.020290
v 0.050205 1.373827 0.041656
v 0.062230 1.291153 -0.097373
v 0.030466 1.367839 0.041656
v 0.034493 1.358116 -0.065205
v 0.030466 1.367839 -0.045514
v 0.027985 1.373827 -0.024149
v 0.027148 1.375849 -0.001929
v 0.027985 1.373827 0.020290
v 0.012274 1.358116 -0.045514
v 0.008673 1.363504 -0.024149
v 0.007457 1.365324 -0.001929
v 0.058389 1.289100 -0.097373
v 0.008673 1.363504 0.020290
v 0.012274 1.358116 0.041656
v 0.125985 1.233707 0.070842
v 0.018121 1.349365 -0.065205
v -0.003672 1.345030 0.041656
v 0.015481 1.233707 0.070842
v 0.023745 1.223637 0.070842
v 0.003771 1.337587 -0.065205
v -0.003672 1.345030 -0.045514
v -0.008255 1.349612 -0.024149
v -0.009802 1.351160 -0.001929
v 0.055021 1.286337 -0.097373
v -0.008255 1.349612 0.020290
v -0.016758 1.329084 -0.045515
v -0.022147 1.332685 -0.024149
v -0.023966 1.333901 -0.001929
v 0.052258 1.282969 -0.097373
v -0.022147 1.332685 0.020290
v -0.016758 1.329084 0.041656
v -0.008006 1.323237 -0.065205
v -0.026481 1.310892 0.041656
v -0.016758 1.306865 -0.065205
v -0.026481 1.310892 -0.045515
v -0.032469 1.313373 -0.024149
v -0.034491 1.314210 -0.001929
v 0.050205 1.279128 -0.097373
v -0.032469 1.313373 0.020290
v -0.040972 1.292845 -0.001930
v 0.048940 1.274960 -0.097373
v -0.038826 1.292418 0.020290
v -0.032469 1.291153 0.041656
v 0.005559 1.257661 0.070842
v -0.022147 1.289100 -0.065205
v -0.032469 1.291153 -0.045515
v -0.038826 1.292418 -0.024149
v 0.125985 1.307544 0.070842
v 0.117721 1.317613 0.070842
v -0.023966 1.270625 -0.065205
v -0.034491 1.270625 -0.045515
v -0.040972 1.270625 -0.024149
v -0.043161 1.270625 -0.001930
v 0.048513 1.270625 -0.097373
v -0.040972 1.270625 0.020290
v -0.034491 1.270625 0.041656
v -0.040972 1.248405 -0.001930
v 0.048940 1.266290 -0.097373
v -0.038826 1.248832 0.020290
v -0.032469 1.250097 0.041656
v -0.022147 1.252150 -0.065205
v -0.032469 1.250097 -0.045515
v -0.038826 1.248832 -0.024149
v 0.070733 1.204174 0.070842
v -0.016758 1.234385 -0.065205
v -0.026481 1.230357 -0.045515
v -0.032469 1.227877 -0.024149
v -0.034491 1.227040 -0.001930
v 0.050205 1.262122 -0.097373
v -0.032469 1.227877 0.020290
v -0.026481 1.230357 0.041656
v 0.052258 1.258280 -0.097373
v -0.022147 1.208565 0.020290
v -0.016758 1.212166 0.041656
v -0.008006 1.218013 -0.065205
v -0.016758 1.212166 -0.045515
v -0.022147 1.208565 -0.024149
v -0.023966 1.207349 -0.001930
v 0.003771 1.203663 -0.065205
v -0.003672 1.196220 -0.045515
v -0.008255 1.191637 -0.024149
v -0.009802 1.190090 -0.001930
v 0.055021 1.254913 -0.097373
v -0.008255 1.191637 0.020290
v -0.003672 1.196220 0.041656
v 0.107652 1.215373 0.070842
v 0.008673 1.177745 0.020290
v 0.012274 1.183134 0.041656
v 0.018121 1.191885 -0.065205
v 0.012274 1.183134 -0.045515
v 0.008673 1.177745 -0.024149
v 0.007457 1.175926 -0.001930
v 0.058389 1.252150 -0.097373
v 0.030466 1.173411 -0.045515
v 0.027985 1.167423 -0.024149
v 0.027148 1.165401 -0.001930
v 0.062230 1.250097 -0.097373
v 0.027985 1.167423 0.020290
v 0.030466 1.173411 0.041656
v 0.034493 1.183134 -0.065205
v 0.050205 1.167423 0.041656
v 0.009340 1.296055 0.070842
v 0.005559 1.283589 0.070842
v 0.052258 1.177745 -0.065205
v 0.050205 1.167423 -0.045515
v 0.048940 1.161066 -0.024149
v 0.048514 1.158920 -0.001930
v 0.066398 1.248832 -0.097373
v 0.048940 1.161066 0.020290
v 0.070733 1.165401 -0.045515
v 0.070733 1.158920 -0.024149
v 0.070733 1.156731 -0.001930
v 0.070733 1.248405 -0.097373
v 0.070733 1.158920 0.020290
v 0.070733 1.165401 0.041656
v 0.070733 1.337076 0.070842
v 0.070733 1.175926 -0.065205
v 0.091261 1.167423 0.041656
v 0.135908 1.283589 0.070842
v 0.132126 1.296055 0.070842
v 0.089208 1.177745 -0.065205
v 0.091261 1.167423 -0.045515
v 0.092526 1.161066 -0.024149
v 0.092953 1.158920 -0.001930
v 0.075068 1.248832 -0.097373
v 0.092526 1.161066 0.020290
v 0.111001 1.173411 -0.045515
v 0.113481 1.167423 -0.024149
v 0.114318 1.165401 -0.001930
v 0.079236 1.250097 -0.097373
v 0.113481 1.167423 0.020290
v 0.111001 1.173411 0.041656
v 0.106973 1.183134 -0.065205
v 0.129193 1.183134 0.041656
v 0.123345 1.191885 -0.065205
v 0.129193 1.183134 -0.045515
v 0.132793 1.177745 -0.024149
v 0.134009 1.175926 -0.001930
v 0.083078 1.252150 -0.097373
v 0.132793 1.177745 0.020290
v 0.149721 1.191637 -0.024149
v 0.151268 1.190090 -0.001930
v 0.086445 1.254913 -0.097373
v 0.149721 1.191637 0.020290
v 0.145138 1.196220 0.041656
v 0.137695 1.203663 -0.065205
v 0.145138 1.196220 -0.045515
v 0.009340 1.245195 0.070842
v 0.149472 1.218013 -0.065205
v 0.158224 1.212166 -0.045515
v 0.163613 1.208565 -0.024149
v 0.165432 1.207349 -0.001930
v 0.089208 1.258280 -0.097373
v 0.163613 1.208565 0.020290
v 0.158224 1.212166 0.041656
v 0.175957 1.227040 -0.001930
v 0.091261 1.262122 -0.097373
v 0.173935 1.227877 0.020290
v 0.167947 1.230357 0.041656
v 0.158224 1.234385 -0.065205
v 0.167948 1.230357 -0.045515
v 0.173935 1.227877 -0.024149
v 0.163613 1.252150 -0.065205
v 0.173935 1.250097 -0.045515
v 0.180292 1.248832 -0.024149
v 0.182438 1.248405 -0.001930
v 0.092526 1.266290 -0.097373
v 0.180292 1.248832 0.020290
v 0.173935 1.250097 0.041656
v 0.184627 1.270625 -0.001930
v 0.182438 1.270625 0.020290
v 0.092953 1.270625 -0.097373
v 0.175957 1.270625 0.041656
v 0.083697 1.205450 0.070842
v 0.165432 1.270625 -0.065205
v 0.175957 1.270625 -0.045515
v 0.182438 1.270625 -0.024149
v 0.114212 1.227147 0.085873
v 0.104894 1.219500 0.085873
v 0.173935 1.291153 -0.045515
v 0.082729 1.210318 0.085873
v 0.070733 1.209137 0.085873
v 0.180292 1.292418 -0.024149
v 0.009245 1.270625 0.085873
v 0.004282 1.270625 0.070842
v 0.182438 1.292845 -0.001930
v 0.092526 1.274960 -0.097373
v 0.019608 1.236464 0.085873
v 0.180292 1.292418 0.020290
v 0.173935 1.291153 0.041656
v 0.163613 1.289100 -0.065205
v 0.091261 1.279128 -0.097373
v 0.167947 1.310892 0.041656
v 0.023745 1.317613 0.070842
v 0.015481 1.307544 0.070842
v 0.158224 1.306865 -0.065205
v 0.121858 1.304786 0.085874
v 0.167948 1.310892 -0.045514
v 0.083697 1.335799 0.070842
v 0.094263 1.327432 0.085874
v 0.096163 1.332018 0.070842
v 0.173935 1.313373 -0.024149
v 0.033815 1.325877 0.070842
v 0.027255 1.314103 0.085874
v 0.036572 1.321750 0.085874
v 0.175957 1.314210 -0.001929
v 0.057769 1.205450 0.070842
v 0.047203 1.213817 0.085873
v 0.045303 1.209232 0.070842
v 0.173935 1.313373 0.020291
v 0.158224 1.329084 -0.045514
v 0.013925 1.294155 0.085874
v 0.163613 1.332685 -0.024149
v 0.131040 1.282621 0.085873
v 0.165432 1.333901 -0.001929
v 0.089208 1.282969 -0.097373
v 0.094263 1.213817 0.085873
v 0.163613 1.332685 0.020291
v 0.158224 1.329084 0.041656
v 0.135908 1.257661 0.070842
v 0.137184 1.270625 0.070842
v 0.149472 1.323237 -0.065205
v 0.132126 1.245195 0.070842
v 0.131040 1.258629 0.085873
v 0.127540 1.247095 0.085873
v 0.145138 1.345030 0.041656
v 0.137695 1.337587 -0.065205
v 0.107652 1.325877 0.070842
v 0.114212 1.314103 0.085874
v 0.145138 1.345030 -0.045514
v 0.045303 1.332018 0.070842
v 0.058737 1.330931 0.085874
v 0.057769 1.335799 0.070842
v 0.149721 1.349612 -0.024149
v 0.033815 1.215373 0.070842
v 0.027255 1.227146 0.085873
v 0.151268 1.351160 -0.001929
v 0.086445 1.286337 -0.097373
v 0.149721 1.349612 0.020290
v 0.129193 1.358116 -0.045514
v 0.132793 1.363504 -0.024149
v 0.117721 1.223637 0.070842
v 0.121859 1.236464 0.085873
v 0.134009 1.365324 -0.001929
v 0.083078 1.289100 -0.097373
v 0.082729 1.330931 0.085874
v 0.132793 1.363504 0.020291
v 0.129192 1.358116 0.041656
v 0.123345 1.349365 -0.065205
v 0.058737 1.210318 0.085873
v 0.111001 1.367839 0.041656
v 0.106973 1.358116 -0.065205
v 0.010427 1.258629 0.085873
v 0.111001 1.367839 -0.045514
v 0.127540 1.294155 0.085874
v 0.113481 1.373827 -0.024149
v 0.070733 1.332113 0.085874
v 0.114318 1.375849 -0.001929
v 0.079236 1.291153 -0.097373
v 0.047203 1.327432 0.085874
v 0.113481 1.373827 0.020290
v 0.091261 1.373827 -0.045514
v 0.092526 1.380184 -0.024149
v 0.092953 1.382330 -0.001929
v 0.075068 1.292418 -0.097373
v 0.092526 1.380184 0.020290
v 0.091261 1.373827 0.041656
v 0.089208 1.363505 -0.065205
v 0.013926 1.247095 0.085873
v 0.010427 1.282621 0.085873
v 0.036572 1.219500 0.085873
v 0.104894 1.321750 0.085874
v 0.132221 1.270625 0.085873
v 0.019608 1.304786 0.085874
v 0.070733 1.386317 0.016505
v 0.070733 1.387961 -0.003086
v 0.065662 1.386317 0.015837
v 0.060937 1.381498 0.033471
v 0.070733 1.381498 0.034761
v 0.056880 1.373832 0.048613
v 0.070733 1.373832 0.050437
v 0.070733 1.368837 0.056451
v 0.055323 1.368837 0.054423
v 0.043971 1.373832 0.043266
v 0.040964 1.368837 0.048475
v 0.060937 1.386317 0.013880
v 0.051809 1.381498 0.029690
v 0.056880 1.386317 0.010767
v 0.043971 1.381498 0.023676
v 0.032886 1.373832 0.034761
v 0.028634 1.368837 0.039013
v 0.024381 1.373832 0.023676
v 0.019172 1.368837 0.026683
v 0.053767 1.386317 0.006710
v 0.037957 1.381498 0.015837
v 0.034176 1.381498 0.006710
v 0.019034 1.373832 0.010767
v 0.013224 1.368837 0.012324
v 0.051809 1.386317 0.001985
v 0.051142 1.386317 -0.003086
v 0.032886 1.381498 -0.003086
v 0.017210 1.373832 -0.003086
v 0.011196 1.368837 -0.003086
v 0.013224 1.368837 -0.018495
v 0.051809 1.386317 -0.008156
v 0.034176 1.381498 -0.012881
v 0.019034 1.373832 -0.016938
v 0.037957 1.381498 -0.022009
v 0.024381 1.373832 -0.029847
v 0.019172 1.368837 -0.032854
v 0.053767 1.386317 -0.012881
v 0.056880 1.386317 -0.016938
v 0.043971 1.381498 -0.029847
v 0.032886 1.373832 -0.040932
v 0.028634 1.368837 -0.045185
v 0.040964 1.368837 -0.054646
v 0.060937 1.386317 -0.020052
v 0.051809 1.381498 -0.035862
v 0.043971 1.373832 -0.049438
v 0.065662 1.386317 -0.022009
v 0.060937 1.381498 -0.039642
v 0.056880 1.373832 -0.054785
v 0.055323 1.368837 -0.060594
v 0.070733 1.386317 -0.022676
v 0.070733 1.381498 -0.040932
v 0.070733 1.373832 -0.056608
v 0.070733 1.368837 -0.062623
v 0.084585 1.373832 -0.054785
v 0.086142 1.368837 -0.060594
v 0.075803 1.386317 -0.022009
v 0.080528 1.381498 -0.039642
v 0.089656 1.381498 -0.035862
v 0.097494 1.373832 -0.049438
v 0.100501 1.368837 -0.054646
v 0.080528 1.386317 -0.020052
v 0.112832 1.368837 -0.045185
v 0.084585 1.386317 -0.016938
v 0.097494 1.381498 -0.029847
v 0.108579 1.373832 -0.040932
v 0.103508 1.381498 -0.022009
v 0.117085 1.373832 -0.029847
v 0.122293 1.368837 -0.032854
v 0.087699 1.386317 -0.012881
v 0.107289 1.381498 -0.012881
v 0.122432 1.373832 -0.016938
v 0.128241 1.368837 -0.018495
v 0.089656 1.386317 -0.008156
v 0.130270 1.368837 -0.003086
v 0.090323 1.386317 -0.003086
v 0.108579 1.381498 -0.003086
v 0.124255 1.373832 -0.003086
v 0.107289 1.381498 0.006710
v 0.122432 1.373832 0.010767
v 0.128241 1.368837 0.012324
v 0.089656 1.386317 0.001985
v 0.103508 1.381498 0.015837
v 0.117085 1.373832 0.023676
v 0.122293 1.368837 0.026683
v 0.087699 1.386317 0.006710
v 0.070733 1.361478 0.056451
v 0.108579 1.373832 0.034761
v 0.112832 1.368837 0.039013
v 0.112832 1.361478 -0.045185
v 0.100501 1.361478 -0.054646
v 0.084585 1.386317 0.010767
v 0.100501 1.361478 0.048475
v 0.112832 1.361478 0.039013
v 0.097494 1.381498 0.023676
v 0.128241 1.361478 -0.018495
v 0.028634 1.361478 0.039013
v 0.086142 1.368837 0.054423
v 0.086142 1.361478 0.054423
v 0.097494 1.373832 0.043266
v 0.086142 1.361478 -0.060594
v 0.019172 1.361478 -0.032854
v 0.100501 1.368837 0.048475
v 0.028634 1.361478 -0.045185
v 0.080528 1.386317 0.013880
v 0.040964 1.361478 0.048475
v 0.013224 1.361478 0.012324
v 0.089656 1.381498 0.029690
v 0.055323 1.361478 -0.060594
v 0.055323 1.361478 0.054423
v 0.128241 1.361478 0.012324
v 0.080528 1.381498 0.033471
v 0.013224 1.361478 -0.018495
v 0.019172 1.361478 0.026683
v 0.084585 1.373832 0.048613
v 0.130270 1.361478 -0.003086
v 0.070733 1.361478 -0.062623
v 0.075803 1.386317 0.015837
v 0.011196 1.361478 -0.003086
v 0.040964 1.361478 -0.054646
v 0.122293 1.361478 -0.032854
v 0.122293 1.361478 0.026683
v 0.070546 1.154740 0.019774
v 0.070546 1.153096 0.000184
v 0.075617 1.154740 0.019107
v 0.080341 1.159559 0.036740
v 0.070546 1.159559 0.038030
v 0.084399 1.167225 0.051882
v 0.070546 1.167225 0.053706
v 0.070546 1.172220 0.059721
v 0.085955 1.172220 0.057692
v 0.097307 1.167225 0.046535
v 0.100315 1.172220 0.051744
v 0.080341 1.154740 0.017150
v 0.089469 1.159559 0.032959
v 0.084399 1.154740 0.014036
v 0.097307 1.159559 0.026945
v 0.108392 1.167225 0.038030
v 0.112645 1.172220 0.042283
v 0.116898 1.167225 0.026945
v 0.122107 1.172220 0.029952
v 0.087512 1.154740 0.009979
v 0.103322 1.159559 0.019107
v 0.107103 1.159559 0.009979
v 0.122245 1.167225 0.014036
v 0.128054 1.172220 0.015593
v 0.089469 1.154740 0.005254
v 0.090137 1.154740 0.000184
v 0.108392 1.159559 0.000184
v 0.124069 1.167225 0.000184
v 0.130083 1.172220 0.000184
v 0.128054 1.172220 -0.015226
v 0.089469 1.154740 -0.004887
v 0.107103 1.159559 -0.009612
v 0.122245 1.167225 -0.013669
v 0.116898 1.167225 -0.026578
v 0.122107 1.172220 -0.029585
v 0.087512 1.154740 -0.009612
v 0.103322 1.159559 -0.018739
v 0.084399 1.154740 -0.013669
v 0.097307 1.159559 -0.026578
v 0.108392 1.167225 -0.037663
v 0.112645 1.172220 -0.041915
v 0.097307 1.167225 -0.046168
v 0.100315 1.172220 -0.051377
v 0.080341 1.154740 -0.016782
v 0.089469 1.159559 -0.032592
v 0.075617 1.154740 -0.018739
v 0.080341 1.159559 -0.036373
v 0.084399 1.167225 -0.051515
v 0.085955 1.172220 -0.057325
v 0.070546 1.154740 -0.019407
v 0.070546 1.159559 -0.037663
v 0.070546 1.167225 -0.053339
v 0.070546 1.172220 -0.059353
v 0.056694 1.167225 -0.051515
v 0.055137 1.172220 -0.057325
v 0.065476 1.154740 -0.018739
v 0.060751 1.159559 -0.036373
v 0.051623 1.159559 -0.032592
v 0.043785 1.167225 -0.046168
v 0.040778 1.172220 -0.051377
v 0.060751 1.154740 -0.016782
v 0.028447 1.172220 -0.041915
v 0.056694 1.154740 -0.013669
v 0.043785 1.159559 -0.026578
v 0.032700 1.167225 -0.037663
v 0.037770 1.159559 -0.018739
v 0.024194 1.167225 -0.026578
v 0.018986 1.172220 -0.029585
v 0.053580 1.154740 -0.009612
v 0.033990 1.159559 -0.009612
v 0.018847 1.167225 -0.013669
v 0.013038 1.172220 -0.015226
v 0.051623 1.154740 -0.004887
v 0.011009 1.172220 0.000184
v 0.050956 1.154740 0.000184
v 0.032700 1.159559 0.000184
v 0.017024 1.167225 0.000184
v 0.033990 1.159559 0.009979
v 0.018847 1.167225 0.014036
v 0.013038 1.172220 0.015593
v 0.051623 1.154740 0.005254
v 0.037770 1.159559 0.019107
v 0.024194 1.167225 0.026945
v 0.018986 1.172220 0.029952
v 0.053580 1.154740 0.009979
v 0.070546 1.179579 0.059721
v 0.032700 1.167225 0.038030
v 0.028447 1.172220 0.042283
v 0.028447 1.179579 -0.041915
v 0.040778 1.179579 -0.051377
v 0.056694 1.154740 0.014036
v 0.040778 1.179579 0.051744
v 0.028447 1.179579 0.042283
v 0.043785 1.159559 0.026945
v 0.013038 1.179579 -0.015226
v 0.018986 1.179579 -0.029585
v 0.112645 1.179579 0.042283
v 0.055137 1.179579 0.057692
v 0.055137 1.172220 0.057692
v 0.043785 1.167225 0.046535
v 0.055137 1.179579 -0.057325
v 0.122107 1.179579 -0.029585
v 0.040778 1.172220 0.051744
v 0.112645 1.179579 -0.041915
v 0.060751 1.154740 0.017150
v 0.100315 1.179579 0.051744
v 0.128054 1.179579 0.015593
v 0.051623 1.159559 0.032959
v 0.085955 1.179579 -0.057325
v 0.085955 1.179579 0.057692
v 0.013038 1.179579 0.015593
v 0.060751 1.159559 0.036740
v 0.128054 1.179579 -0.015226
v 0.122107 1.179579 0.029952
v 0.056694 1.167225 0.051882
v 0.011009 1.179579 0.000184
v 0.070546 1.179579 -0.059353
v 0.065476 1.154740 0.019107
v 0.130083 1.179579 0.000184
v 0.100315 1.179579 -0.051377
v 0.018986 1.179579 0.029952
v 0.063308 1.307952 -0.093023
v 0.070733 1.308684 -0.093023
v 0.105895 1.285189 -0.093023
v 0.108060 1.278050 -0.093023
v 0.032675 1.270625 -0.093023
v 0.037495 1.272942 -0.096243
v 0.033406 1.278050 -0.093023
v 0.108060 1.263200 -0.093023
v 0.105895 1.256061 -0.093023
v 0.102378 1.249481 -0.093023
v 0.065218 1.299087 -0.095385
v 0.097645 1.243714 -0.093023
v 0.091877 1.238981 -0.093023
v 0.085297 1.235464 -0.093023
v 0.046751 1.286747 -0.095385
v 0.039089 1.291769 -0.093023
v 0.085297 1.235464 -0.089150
v 0.039089 1.291769 -0.089150
v 0.070733 1.308684 -0.089150
v 0.091877 1.238981 -0.089150
v 0.035572 1.285189 -0.089150
v 0.035572 1.285189 -0.093023
v 0.097645 1.243714 -0.089150
v 0.033406 1.278050 -0.089150
v 0.102378 1.249481 -0.089150
v 0.032675 1.270625 -0.089150
v 0.105895 1.256061 -0.089150
v 0.033406 1.263200 -0.089150
v 0.033406 1.263200 -0.093023
v 0.108060 1.263200 -0.089150
v 0.035572 1.256061 -0.089150
v 0.035572 1.256061 -0.093023
v 0.108792 1.270625 -0.089150
v 0.108792 1.270625 -0.093023
v 0.039089 1.249481 -0.089150
v 0.039089 1.249481 -0.093023
v 0.108060 1.278050 -0.089150
v 0.043822 1.243713 -0.089150
v 0.043822 1.243713 -0.093023
v 0.105895 1.285189 -0.089150
v 0.049589 1.238981 -0.089150
v 0.049589 1.238981 -0.093023
v 0.063308 1.307952 -0.089150
v 0.056169 1.305786 -0.089150
v 0.056169 1.305786 -0.093023
v 0.046751 1.254503 -0.095385
v 0.103742 1.268308 -0.096243
v 0.053353 1.270625 -0.097271
v 0.103742 1.272942 -0.096243
v 0.094005 1.270625 -0.096243
v 0.037495 1.268308 -0.096243
v 0.046291 1.270625 -0.096243
v 0.059774 1.297435 -0.095385
v 0.085219 1.270625 -0.097409
v 0.050360 1.250105 -0.095385
v 0.081985 1.243815 -0.095385
v 0.095008 1.254503 -0.095385
v 0.091399 1.250105 -0.095385
v 0.243591 1.272029 -0.042531
v 0.262832 1.272029 -0.042531
v 0.243591 1.255934 -0.039278
v 0.262832 1.255934 -0.039278
v 0.243591 1.242288 -0.030014
v 0.262832 1.242288 -0.030014
v 0.243591 1.233171 -0.016150
v 0.262832 1.233171 -0.016150
v 0.243591 1.229969 0.000205
v 0.262832 1.229969 0.000205
v 0.243591 1.233171 0.016559
v 0.262832 1.233171 0.016559
v 0.243591 1.242288 0.030424
v 0.262832 1.242288 0.030424
v 0.243591 1.255934 0.039688
v 0.262832 1.255934 0.039688
v 0.243591 1.272029 0.042941
v 0.262832 1.272029 0.042941
v 0.243591 1.288125 0.039688
v 0.262832 1.288125 0.039688
v 0.243591 1.301770 0.030424
v 0.262832 1.301770 0.030424
v 0.243591 1.310888 0.016559
v 0.262832 1.310888 0.016559
v 0.243591 1.314090 0.000205
v 0.262832 1.314090 0.000205
v 0.243591 1.310888 -0.016150
v 0.262832 1.310888 -0.016150
v 0.243591 1.301770 -0.030014
v 0.262832 1.301770 -0.030014
v 0.243591 1.288125 -0.039278
v 0.262832 1.288125 -0.039278
v 0.243398 1.272029 -0.028530
v 0.243398 1.261207 -0.026343
v 0.243398 1.252032 -0.020114
v 0.243398 1.245901 -0.010792
v 0.243398 1.243749 0.000205
v 0.243398 1.245901 0.011202
v 0.243398 1.252032 0.020524
v 0.243398 1.261207 0.026753
v 0.243398 1.272029 0.028940
v 0.243398 1.282852 0.026753
v 0.243398 1.292027 0.020524
v 0.243398 1.298157 0.011202
v 0.243398 1.300310 0.000205
v 0.243398 1.298157 -0.010792
v 0.243398 1.292027 -0.020114
v 0.243398 1.282852 -0.026343
v 0.242183 1.272029 -0.028530
v 0.242183 1.261207 -0.026343
v 0.242183 1.252032 -0.020114
v 0.242183 1.245901 -0.010792
v 0.242183 1.243749 0.000205
v 0.242183 1.245901 0.011202
v 0.242183 1.252032 0.020524
v 0.242183 1.261207 0.026753
v 0.242183 1.272029 0.028940
v 0.242183 1.282852 0.026753
v 0.242183 1.292027 0.020524
v 0.242183 1.298157 0.011202
v 0.242183 1.300310 0.000205
v 0.242183 1.298157 -0.010792
v 0.242183 1.292027 -0.020114
v 0.242183 1.282852 -0.026343
v 0.228487 1.272029 -0.028530
v 0.228487 1.261207 -0.026343
v 0.228487 1.252032 -0.020114
v 0.228487 1.245901 -0.010792
v 0.228487 1.243749 0.000205
v 0.228487 1.245901 0.011202
v 0.228487 1.252032 0.020524
v 0.228487 1.261207 0.026753
v 0.228487 1.272029 0.028940
v 0.228487 1.282852 0.026753
v 0.228487 1.292027 0.020524
v 0.228487 1.298157 0.011202
v 0.228487 1.300310 0.000205
v 0.228487 1.298157 -0.010792
v 0.228487 1.292027 -0.020114
v 0.228487 1.282852 -0.026343
v 0.242183 1.272029 0.038889
v 0.242183 1.287333 0.035809
v 0.242183 1.300055 0.027206
v 0.242183 1.308322 0.014685
v 0.242183 1.311169 0.000205
v 0.242183 1.308322 -0.014276
v 0.242183 1.300055 -0.026797
v 0.242183 1.287333 -0.035399
v 0.242183 1.272029 -0.038480
v 0.242183 1.256726 -0.035399
v 0.242183 1.244004 -0.026797
v 0.242183 1.235736 -0.014276
v 0.242183 1.232890 0.000205
v 0.242183 1.235736 0.014685
v 0.242183 1.244004 0.027206
v 0.242183 1.256726 0.035809
v 0.228487 1.272029 0.038889
v 0.228487 1.287333 0.035809
v 0.228487 1.300055 0.027206
v 0.228487 1.308322 0.014685
v 0.228487 1.311169 0.000205
v 0.228487 1.308322 -0.014276
v 0.228487 1.300055 -0.026797
v 0.228487 1.287333 -0.035399
v 0.228487 1.272029 -0.038480
v 0.228487 1.256726 -0.035399
v 0.228487 1.244004 -0.026797
v 0.228487 1.235736 -0.014276
v 0.228487 1.232890 0.000205
v 0.228487 1.235736 0.014685
v 0.228487 1.244004 0.027206
v 0.228487 1.256726 0.035809
v -0.253730 1.272029 -0.029985
v -0.253730 1.260659 -0.027687
v -0.253730 1.251019 -0.021143
v -0.253730 1.244578 -0.011349
v -0.253730 1.242317 0.000205
v -0.253730 1.244578 0.011758
v -0.253730 1.251019 0.021553
v -0.253730 1.260659 0.028097
v -0.253730 1.272029 0.030395
v -0.253730 1.283400 0.028097
v -0.253730 1.293039 0.021553
v -0.253730 1.299480 0.011758
v -0.253730 1.301742 0.000205
v -0.253730 1.299480 -0.011349
v -0.253730 1.293039 -0.021143
v -0.253730 1.283400 -0.027687
v -0.240034 1.272029 -0.029985
v -0.240034 1.260659 -0.027687
v -0.240034 1.251019 -0.021143
v -0.240034 1.244578 -0.011349
v -0.240034 1.242317 0.000205
v -0.240034 1.244578 0.011758
v -0.240034 1.251019 0.021553
v -0.240034 1.260659 0.028097
v -0.240034 1.272029 0.030395
v -0.240034 1.283400 0.028097
v -0.240034 1.293039 0.021553
v -0.240034 1.299480 0.011758
v -0.240034 1.301742 0.000205
v -0.240034 1.299480 -0.011349
v -0.240034 1.293039 -0.021143
v -0.240034 1.283400 -0.027687
v -0.253730 1.272029 0.040848
v -0.253730 1.288108 0.037612
v -0.253730 1.301474 0.028574
v -0.253730 1.310160 0.015419
v -0.253730 1.313150 0.000205
v -0.253730 1.310160 -0.015009
v -0.253730 1.301474 -0.028164
v -0.253730 1.288108 -0.037202
v -0.253730 1.272029 -0.040438
v -0.253730 1.255951 -0.037202
v -0.253730 1.242585 -0.028164
v -0.253730 1.233899 -0.015009
v -0.253730 1.230909 0.000205
v -0.253730 1.233899 0.015419
v -0.253730 1.242585 0.028574
v -0.253730 1.255951 0.037612
v -0.240034 1.272029 0.040848
v -0.240034 1.288108 0.037612
v -0.240034 1.301474 0.028574
v -0.240034 1.310160 0.015419
v -0.240034 1.313150 0.000205
v -0.240034 1.310160 -0.015009
v -0.240034 1.301474 -0.028164
v -0.240034 1.288108 -0.037202
v -0.240034 1.272029 -0.040438
v -0.240034 1.255951 -0.037202
v -0.240034 1.242585 -0.028164
v -0.240034 1.233899 -0.015009
v -0.240034 1.230909 0.000205
v -0.240034 1.233899 0.015419
v -0.240034 1.242585 0.028574
v -0.240034 1.255951 0.037612
v 0.242623 1.260979 0.045145
v 0.242623 1.280221 0.045145
v 0.242623 1.260979 -0.043067
v 0.242623 1.280221 -0.043067
v 0.291696 1.260979 0.066067
v 0.291696 1.280221 0.066067
v 0.291696 1.260979 -0.063989
v 0.291696 1.280221 -0.063989
v -0.239583 1.260979 0.045145
v -0.239583 1.280221 0.045145
v -0.239583 1.260979 -0.043067
v -0.239583 1.280221 -0.043067
v -0.288656 1.260979 0.066067
v -0.288656 1.280221 0.066067
v -0.288656 1.260979 -0.063989
v -0.288656 1.280221 -0.063989
v 0.174103 1.300636 0.029751
v 0.152678 1.343674 0.023616
v 0.174103 1.300636 -0.032545
v 0.152678 1.343674 -0.026411
v 0.272901 1.300636 0.029751
v 0.272901 1.324294 0.023616
v 0.272901 1.300636 -0.032545
v 0.272901 1.324294 -0.026411
v 0.174103 1.243076 0.029751
v 0.152678 1.200038 0.023616
v 0.174103 1.243076 -0.032545
v 0.152678 1.200038 -0.026411
v 0.272901 1.243076 0.029751
v 0.272901 1.219417 0.023616
v 0.272901 1.243076 -0.032545
v 0.272901 1.219417 -0.026411
v -0.017531 1.300636 0.029751
v 0.003893 1.343674 0.023616
v -0.017531 1.300636 -0.032545
v 0.003893 1.343674 -0.026411
v -0.116330 1.300636 0.029751
v -0.116330 1.324294 0.023616
v -0.116330 1.300636 -0.032545
v -0.116330 1.324294 -0.026411
v -0.017531 1.238462 0.031018
v 0.003893 1.195424 0.024883
v -0.017531 1.238462 -0.031278
v 0.003893 1.195424 -0.025144
v -0.116330 1.238462 0.031018
v -0.116330 1.214804 0.024883
v -0.116330 1.238462 -0.031278
v -0.116330 1.214804 -0.025144
v 0.130435 1.306119 0.047026
v 0.117204 1.365023 0.031210
v 0.130435 1.306119 -0.045911
v 0.117204 1.365023 -0.034005
v 0.196453 1.306119 0.047026
v 0.187725 1.341144 0.026611
v 0.196453 1.306119 -0.045911
v 0.187725 1.341144 -0.029405
v 0.130435 1.235443 0.042595
v 0.117204 1.176540 0.034599
v 0.130435 1.235443 -0.042522
v 0.117204 1.176540 -0.030616
v 0.196453 1.235443 0.042595
v 0.191451 1.201680 0.034599
v 0.196453 1.235443 -0.042522
v 0.191451 1.201680 -0.030616
v 0.012086 1.306119 0.047026
v 0.025317 1.365023 0.031210
v 0.012086 1.306119 -0.045911
v 0.025317 1.365023 -0.034005
v -0.053932 1.306119 0.047026
v -0.045003 1.341212 0.026456
v -0.053932 1.306119 -0.045911
v -0.045003 1.341212 -0.029250
v 0.012086 1.235128 0.041328
v 0.025317 1.176224 0.033332
v 0.012086 1.235128 -0.043789
v 0.025317 1.176224 -0.031883
v -0.053932 1.235128 0.041328
v -0.048930 1.201365 0.033332
v -0.053932 1.235128 -0.043789
v -0.048930 1.201365 -0.031883
v -0.098093 1.272029 -0.026670
v -0.098093 1.261908 -0.024624
v -0.098093 1.253327 -0.018799
v -0.098093 1.247593 -0.010080
v -0.098093 1.245580 0.000205
v -0.098093 1.247593 0.010490
v -0.098093 1.253327 0.019208
v -0.098093 1.261908 0.025034
v -0.098093 1.272029 0.027080
v -0.098093 1.282151 0.025034
v -0.098093 1.290732 0.019208
v -0.098093 1.296466 0.010490
v -0.098093 1.298479 0.000205
v -0.098093 1.296466 -0.010080
v -0.098093 1.290732 -0.018799
v -0.098093 1.282151 -0.024624
v -0.084397 1.272029 -0.026670
v -0.084397 1.261908 -0.024624
v -0.084397 1.253327 -0.018799
v -0.084397 1.247593 -0.010080
v -0.084397 1.245580 0.000205
v -0.084397 1.247593 0.010490
v -0.084397 1.253327 0.019208
v -0.084397 1.261908 0.025034
v -0.084397 1.272029 0.027080
v -0.084397 1.282151 0.025034
v -0.084397 1.290732 0.019208
v -0.084397 1.296466 0.010490
v -0.084397 1.298479 0.000205
v -0.084397 1.296466 -0.010080
v -0.084397 1.290732 -0.018799
v -0.084397 1.282151 -0.024624
v -0.098093 1.272029 0.036385
v -0.098093 1.286342 0.033504
v -0.098093 1.298241 0.025458
v -0.098093 1.305973 0.013748
v -0.098093 1.308635 0.000205
v -0.098093 1.305973 -0.013338
v -0.098093 1.298241 -0.025049
v -0.098093 1.286342 -0.033094
v -0.098093 1.272029 -0.035975
v -0.098093 1.257717 -0.033094
v -0.098093 1.245818 -0.025049
v -0.098093 1.238086 -0.013338
v -0.098093 1.235424 0.000205
v -0.098093 1.238086 0.013748
v -0.098093 1.245818 0.025458
v -0.098093 1.257717 0.033504
v -0.084397 1.272029 0.036385
v -0.084397 1.286342 0.033504
v -0.084397 1.298241 0.025458
v -0.084397 1.305973 0.013748
v -0.084397 1.308635 0.000205
v -0.084397 1.305973 -0.013338
v -0.084397 1.298241 -0.025049
v -0.084397 1.286342 -0.033094
v -0.084397 1.272029 -0.035975
v -0.084397 1.257717 -0.033094
v -0.084397 1.245818 -0.025049
v -0.084397 1.238086 -0.013338
v -0.084397 1.235424 0.000205
v -0.084397 1.238086 0.013748
v -0.084397 1.245818 0.025458
v -0.084397 1.257717 0.033504
v -0.112121 1.272029 -0.024170
v -0.112121 1.262849 -0.022315
v -0.112121 1.255066 -0.017031
v -0.112121 1.249866 -0.009123
v -0.112121 1.248040 0.000205
v -0.112121 1.249866 0.009533
v -0.112121 1.255066 0.017440
v -0.112121 1.262849 0.022724
v -0.112121 1.272029 0.024580
v -0.112121 1.281210 0.022724
v -0.112121 1.288992 0.017440
v -0.112121 1.294193 0.009533
v -0.112121 1.296019 0.000205
v -0.112121 1.294193 -0.009123
v -0.112121 1.288992 -0.017031
v -0.112121 1.281210 -0.022315
v -0.125817 1.272029 0.033019
v -0.125817 1.285011 0.030406
v -0.125817 1.295802 0.023109
v -0.125817 1.302815 0.012488
v -0.125817 1.305229 0.000205
v -0.125817 1.302815 -0.012078
v -0.125817 1.295802 -0.022699
v -0.125817 1.285011 -0.029996
v -0.125817 1.272029 -0.032610
v -0.125817 1.259048 -0.029996
v -0.125817 1.248257 -0.022699
v -0.125817 1.241244 -0.012078
v -0.125817 1.238829 0.000205
v -0.125817 1.241244 0.012488
v -0.125817 1.248257 0.023109
v -0.125817 1.259048 0.030406
v -0.112121 1.272029 0.033019
v -0.112121 1.285011 0.030406
v -0.112121 1.295802 0.023109
v -0.112121 1.302815 0.012488
v -0.112121 1.305230 0.000205
v -0.112121 1.302815 -0.012078
v -0.112121 1.295802 -0.022699
v -0.112121 1.285011 -0.029996
v -0.112121 1.272029 -0.032610
v -0.112121 1.259048 -0.029996
v -0.112121 1.248257 -0.022699
v -0.112121 1.241244 -0.012078
v -0.112121 1.238829 0.000205
v -0.112121 1.241244 0.012488
v -0.112121 1.248257 0.023109
v -0.112121 1.259048 0.030406
v 0.167346 1.225336 0.034712
v 0.167346 1.314279 0.034712
v 0.167346 1.225336 -0.038790
v 0.167346 1.314279 -0.038790
v 0.202511 1.230577 0.034712
v 0.202511 1.309039 0.034712
v 0.202511 1.230577 -0.038790
v 0.202511 1.309039 -0.038790
v 0.213906 1.286706 -0.043331
v 0.213906 1.252909 -0.043331
v 0.213906 1.252909 0.039253
v 0.213906 1.286706 0.039253
v 0.242426 1.282629 -0.040670
v 0.242426 1.256986 -0.040670
v 0.242426 1.256986 0.036592
v 0.242426 1.282629 0.036592
v 0.167346 1.269808 0.042780
v 0.167346 1.269808 -0.046859
v 0.202511 1.269808 -0.046859
v 0.202511 1.269808 0.042780
v 0.213906 1.269808 -0.046859
v 0.213906 1.269808 0.042780
v 0.242426 1.269808 -0.043970
v 0.242426 1.269808 0.039891
v -0.023585 1.225471 0.034712
v -0.023585 1.314415 0.034712
v -0.023585 1.225471 -0.038790
v -0.023585 1.314415 -0.038790
v -0.058751 1.230712 0.034712
v -0.058751 1.309174 0.034712
v -0.058751 1.230712 -0.038790
v -0.058751 1.309174 -0.038790
v -0.070145 1.286842 -0.043331
v -0.070145 1.253045 -0.043331
v -0.070145 1.253045 0.039253
v -0.070145 1.286842 0.039253
v -0.098665 1.282765 -0.040670
v -0.098665 1.257121 -0.040670
v -0.098665 1.257121 0.036592
v -0.098665 1.282765 0.036592
v -0.023585 1.269943 0.042780
v -0.023585 1.269943 -0.046859
v -0.058751 1.269943 -0.046859
v -0.058751 1.269943 0.042780
v -0.070145 1.269943 -0.046859
v -0.070145 1.269943 0.042780
v -0.098665 1.269943 -0.043970
v -0.098665 1.269943 0.039891
v -0.082895 1.272029 -0.026670
v -0.082895 1.261908 -0.024624
v -0.082895 1.253327 -0.018799
v -0.082895 1.247593 -0.010080
v -0.082895 1.245580 0.000205
v -0.082895 1.247593 0.010490
v -0.082895 1.253327 0.019208
v -0.082895 1.261908 0.025034
v -0.082895 1.272029 0.027080
v -0.082895 1.282151 0.025034
v -0.082895 1.290732 0.019208
v -0.082895 1.296466 0.010490
v -0.082895 1.298479 0.000205
v -0.082895 1.296466 -0.010080
v -0.082895 1.290732 -0.018799
v -0.082895 1.282151 -0.024624
v -0.062584 1.272029 -0.026670
v -0.062584 1.261908 -0.024624
v -0.062584 1.253327 -0.018799
v -0.062584 1.247593 -0.010080
v -0.062584 1.245580 0.000205
v -0.062584 1.247593 0.010490
v -0.062584 1.253327 0.019208
v -0.062584 1.261908 0.025034
v -0.062584 1.272029 0.027080
v -0.062584 1.282151 0.025034
v -0.062584 1.290732 0.019208
v -0.062584 1.296466 0.010490
v -0.062584 1.298479 0.000205
v -0.062584 1.296466 -0.010080
v -0.062584 1.290732 -0.018799
v -0.062584 1.282151 -0.024624
v -0.082895 1.272029 0.036385
v -0.082895 1.286342 0.033504
v -0.082895 1.298241 0.025458
v -0.082895 1.305973 0.013748
v -0.082895 1.308635 0.000205
v -0.082895 1.305973 -0.013338
v -0.082895 1.298241 -0.025049
v -0.082895 1.286342 -0.033094
v -0.082895 1.272029 -0.035975
v -0.082895 1.257717 -0.033094
v -0.082895 1.245818 -0.025049
v -0.082895 1.238086 -0.013338
v -0.082895 1.235424 0.000205
v -0.082895 1.238086 0.013748
v -0.082895 1.245818 0.025458
v -0.082895 1.257717 0.033504
v -0.062584 1.272029 0.036385
v -0.062584 1.286342 0.033504
v -0.062584 1.298241 0.025458
v -0.062584 1.305973 0.013748
v -0.062584 1.308635 0.000205
v -0.062584 1.305973 -0.013338
v -0.062584 1.298241 -0.025049
v -0.062584 1.286342 -0.033094
v -0.062584 1.272029 -0.035975
v -0.062584 1.257717 -0.033094
v -0.062584 1.245818 -0.025049
v -0.062584 1.238086 -0.013338
v -0.062584 1.235424 0.000205
v -0.062584 1.238086 0.013748
v -0.062584 1.245818 0.025458
v -0.062584 1.257717 0.033504
v 0.140262 1.359779 0.007515
v 0.140262 1.359779 -0.012301
v 0.152677 1.355746 0.004321
v 0.152677 1.355746 -0.009106
v 0.141936 1.364520 0.007515
v 0.141936 1.364520 -0.012301
v 0.152094 1.358593 -0.009106
v 0.152094 1.358593 0.004321
v 0.001196 1.359779 0.007515
v 0.001196 1.359779 -0.012301
v -0.011219 1.355746 0.004321
v -0.011219 1.355746 -0.009106
v -0.000478 1.364520 0.007515
v -0.000478 1.364520 -0.012301
v -0.010635 1.358593 -0.009106
v -0.010635 1.358593 0.004321
v 0.063105 1.326209 0.094639
v 0.070733 1.325867 0.094639
v 0.078361 1.326209 0.094639
v 0.064748 1.324690 0.126082
v 0.076719 1.324690 0.126082
v 0.070733 1.324652 0.126082
v -0.051432 1.262130 0.064661
v -0.056099 1.260880 0.064661
v -0.064184 1.274882 0.064661
v -0.060767 1.278299 0.064661
v -0.048015 1.265547 0.064661
v -0.046764 1.270215 0.064661
v -0.065434 1.270215 0.064661
v 0.139349 1.278299 0.064661
v 0.144016 1.279549 0.064661
v 0.135932 1.274882 0.064661
v 0.148684 1.262130 0.064661
v 0.152101 1.265547 0.064661
v -0.048015 1.274882 0.064661
v 0.139349 1.262130 0.064661
v 0.144016 1.260880 0.064661
v -0.060767 1.262130 0.064661
v 0.148684 1.278299 0.064661
v -0.064184 1.265547 0.064661
v 0.135932 1.265547 0.064661
v 0.134682 1.270215 0.064661
v -0.051432 1.278299 0.064661
v -0.056099 1.279549 0.064661
v 0.153352 1.270215 0.064661
v 0.152101 1.274882 0.064661
v -0.049507 1.262130 0.088060
v -0.054175 1.260880 0.088060
v -0.062259 1.274882 0.088060
v -0.058843 1.278299 0.088060
v -0.046091 1.265547 0.088060
v -0.044840 1.270215 0.088060
v -0.063510 1.270215 0.088060
v 0.136932 1.278299 0.088060
v 0.141600 1.279549 0.088060
v 0.133515 1.274882 0.088060
v 0.146267 1.262130 0.088060
v 0.149684 1.265547 0.088060
v -0.046091 1.274882 0.088060
v 0.136932 1.262130 0.088060
v 0.141600 1.260880 0.088060
v -0.058843 1.262130 0.088060
v 0.146267 1.278299 0.088060
v -0.062259 1.265547 0.088060
v 0.133515 1.265547 0.088060
v 0.132265 1.270215 0.088060
v -0.049507 1.278299 0.088060
v -0.054175 1.279549 0.088060
v 0.150935 1.270215 0.088060
v 0.149684 1.274882 0.088060
v -0.050650 1.264109 0.085412
v -0.054175 1.263164 0.085412
v -0.060281 1.273740 0.085412
v -0.057700 1.276320 0.085412
v -0.048069 1.266689 0.085412
v -0.047125 1.270215 0.085412
v -0.061225 1.270215 0.085412
v 0.138074 1.276320 0.085412
v 0.141600 1.277265 0.085412
v 0.135494 1.273740 0.085412
v 0.145125 1.264109 0.085412
v 0.147705 1.266689 0.085412
v -0.048069 1.273740 0.085412
v 0.138075 1.264109 0.085412
v 0.141600 1.263164 0.085412
v -0.057700 1.264109 0.085412
v 0.145125 1.276320 0.085412
v -0.060281 1.266689 0.085412
v 0.135494 1.266689 0.085412
v 0.134550 1.270215 0.085412
v -0.050650 1.276320 0.085412
v -0.054175 1.277265 0.085412
v 0.148650 1.270215 0.085412
v 0.147705 1.273740 0.085412
v 0.128170 1.361309 -0.029405
v 0.128170 1.361309 0.026611
v 0.191451 1.339882 -0.034005
v 0.191451 1.339882 0.031210
v 0.014552 1.361377 -0.029250
v 0.014552 1.361377 0.026456
v -0.048930 1.339882 -0.034005
v -0.048930 1.339882 0.031210
v 0.127208 1.363934 0.026611
v 0.127208 1.363934 -0.029405
v 0.015514 1.364002 0.026456
v 0.015514 1.364002 -0.029250
v 0.186763 1.343768 -0.029405
v -0.044041 1.343836 -0.029250
v 0.186763 1.343768 0.026611
v -0.044041 1.343836 0.026456
v 0.134819 1.359724 0.006433
v 0.134819 1.359724 -0.011219
v 0.136493 1.364466 0.006433
v 0.136493 1.364466 -0.011219
v 0.006639 1.359724 0.006433
v 0.006639 1.359724 -0.011219
v 0.004965 1.364466 0.006433
v 0.004965 1.364466 -0.011219
v 0.010268 1.358249 0.004814
v 0.010268 1.358249 -0.009599
v 0.008594 1.362991 0.004814
v 0.008594 1.362991 -0.009599
v 0.131190 1.358249 0.004814
v 0.131190 1.358249 -0.009599
v 0.132864 1.362991 0.004814
v 0.132864 1.362991 -0.009599
v -0.080091 1.250092 0.028585
v -0.080091 1.289610 0.028585
v -0.015438 1.243599 0.023445
v -0.015438 1.296102 0.023445
v -0.067923 1.259043 0.072043
v -0.067365 1.261904 0.075345
v -0.067365 1.277798 0.075345
v -0.067923 1.280659 0.072043
v 0.018672 1.262812 0.080485
v -0.001218 1.254086 0.074368
v -0.001218 1.285616 0.074368
v 0.018672 1.276890 0.080485
v -0.081504 1.296102 0.023445
v -0.081504 1.243599 0.023445
v -0.040681 1.264563 0.080485
v -0.067284 1.254086 0.074368
v -0.067284 1.285616 0.074368
v -0.040681 1.275139 0.080485
v -0.069592 1.261709 0.074936
v -0.082318 1.249896 0.028177
v -0.069592 1.277603 0.074936
v -0.082318 1.289415 0.028177
v -0.070150 1.258848 0.071635
v -0.070150 1.280464 0.071635
v -0.080091 1.289610 0.028585
v -0.080091 1.250092 0.028585
v -0.067365 1.261904 0.075345
v -0.067923 1.259043 0.072043
v -0.067923 1.280659 0.072043
v -0.067365 1.277798 0.075345
v 0.061158 1.335292 0.082606
v 0.070733 1.333666 0.084908
v 0.070733 1.346377 0.073439
v 0.086006 1.347408 0.071120
v 0.083267 1.332455 0.084908
v 0.055460 1.347408 0.071120
v 0.062336 1.338542 0.084917
v 0.070733 1.347854 0.076424
v 0.079130 1.338542 0.084917
v 0.070733 1.338931 0.084448
v 0.080728 1.347257 0.076855
v 0.060738 1.347257 0.076855
v 0.005892 1.259455 0.080485
v -0.065952 1.259455 0.080485
v -0.065952 1.280247 0.080485
v 0.005892 1.280247 0.080485
v 0.018672 1.264466 0.084334
v -0.038064 1.265806 0.084334
v -0.038064 1.273896 0.084334
v 0.018672 1.275236 0.084334
v -0.152137 1.286772 -0.074397
v -0.152137 1.267634 -0.064996
v -0.152137 1.267634 -0.074397
v -0.201866 1.286772 -0.064996
v -0.206970 1.267634 -0.064996
v -0.201866 1.267634 -0.064996
v -0.206970 1.286772 -0.074397
v -0.206970 1.267634 -0.074397
v -0.156861 1.284048 -0.076801
v -0.201866 1.267634 -0.074397
v -0.152137 1.286772 -0.064996
v -0.158648 1.286772 -0.074397
v -0.158648 1.286772 -0.064996
v -0.199365 1.270356 -0.076801
v -0.202247 1.270356 -0.076801
v -0.160991 1.284048 -0.076801
v -0.202247 1.284048 -0.076801
v -0.156861 1.270356 -0.076801
v -0.199365 1.284048 -0.076801
v -0.201866 1.286772 -0.074397
v -0.158648 1.267634 -0.074397
v -0.160991 1.270356 -0.076801
v -0.158648 1.267634 -0.064996
v -0.206970 1.286772 -0.064996
v -0.179122 1.328588 0.030897
v -0.191953 1.315758 0.045417
v -0.179122 1.317447 0.045417
v -0.179122 1.337981 -0.004157
v -0.196649 1.333285 -0.022303
v -0.197267 1.335592 -0.004157
v -0.179122 1.317447 -0.053732
v -0.188195 1.301733 -0.064873
v -0.191953 1.315758 -0.053732
v -0.188195 1.301733 0.056558
v -0.179122 1.302927 0.056558
v -0.196649 1.333285 0.013988
v -0.179122 1.335592 0.013988
v -0.179122 1.328588 -0.039211
v -0.194836 1.326520 -0.039211
v -0.179122 1.286018 0.063561
v -0.183818 1.285400 0.063561
v -0.179122 1.286018 -0.071877
v -0.179122 1.267873 -0.074266
v -0.183818 1.285400 -0.071877
v -0.194836 1.326520 0.030897
v -0.179122 1.335592 -0.022303
v -0.179122 1.267873 0.065950
v -0.179122 1.302927 -0.064873
v -0.203909 1.310805 -0.053732
v -0.209480 1.320454 -0.039211
v -0.196649 1.298231 0.056558
v -0.188195 1.283587 0.063561
v -0.188195 1.283587 -0.071877
v -0.212982 1.326520 0.013988
v -0.209480 1.320454 0.030897
v -0.212982 1.326520 -0.022303
v -0.196649 1.298231 -0.064873
v -0.203909 1.310805 0.045417
v -0.214176 1.328588 -0.004157
v -0.227007 1.315758 -0.022303
v -0.228696 1.317447 -0.004157
v -0.203909 1.292660 -0.064873
v -0.214176 1.302927 -0.053732
v -0.203909 1.292660 0.056558
v -0.227007 1.315758 0.013988
v -0.222054 1.310805 -0.039212
v -0.191953 1.280704 0.063561
v -0.191953 1.280704 -0.071877
v -0.222054 1.310805 0.030897
v -0.214176 1.302927 0.045417
v -0.237768 1.301733 -0.022303
v -0.194836 1.276946 0.063561
v -0.209480 1.285400 -0.064873
v -0.222054 1.292660 0.045416
v -0.239837 1.302927 -0.004157
v -0.222054 1.292660 -0.053732
v -0.209480 1.285400 0.056558
v -0.237768 1.301733 0.013988
v -0.231703 1.298231 -0.039212
v -0.194836 1.276946 -0.071877
v -0.231703 1.298231 0.030896
v -0.244534 1.285400 0.013987
v -0.237768 1.283587 -0.039212
v -0.212982 1.276946 0.056558
v -0.196649 1.272569 0.063561
v -0.196649 1.272569 -0.071877
v -0.237768 1.283587 0.030896
v -0.244534 1.285400 -0.022303
v -0.212981 1.276946 -0.064873
v -0.227007 1.280704 0.045416
v -0.246841 1.286018 -0.004158
v -0.227007 1.280704 -0.053732
v -0.246841 1.267873 -0.022303
v -0.249230 1.267873 -0.004158
v -0.228696 1.267873 -0.053732
v -0.228696 1.267873 0.045416
v -0.214176 1.267873 0.056558
v -0.246841 1.267873 0.013987
v -0.239837 1.267873 -0.039212
v -0.197267 1.267873 0.063561
v -0.197267 1.267873 -0.071877
v -0.239837 1.267873 0.030896
v -0.214176 1.267873 -0.064873
v -0.244534 1.250346 0.013987
v -0.237768 1.252159 0.030896
v -0.244534 1.250346 -0.022303
v -0.196649 1.263177 0.063561
v -0.212981 1.258800 -0.064873
v -0.227007 1.255042 0.045416
v -0.246841 1.249727 -0.004158
v -0.227007 1.255042 -0.053732
v -0.212982 1.258800 0.056558
v -0.237768 1.252159 -0.039212
v -0.196649 1.263177 -0.071877
v -0.237768 1.234013 0.013987
v -0.222054 1.243086 -0.053732
v -0.231703 1.237515 -0.039212
v -0.194836 1.258800 0.063561
v -0.194836 1.258800 -0.071877
v -0.231703 1.237515 0.030896
v -0.237768 1.234013 -0.022303
v -0.209480 1.250346 -0.064873
v -0.222054 1.243086 0.045416
v -0.239837 1.232819 -0.004158
v -0.209480 1.250346 0.056558
v -0.222054 1.224941 0.030896
v -0.214176 1.232819 0.045416
v -0.228696 1.218299 -0.004158
v -0.214176 1.232819 -0.053732
v -0.203909 1.243086 0.056558
v -0.227007 1.219988 0.013987
v -0.222054 1.224941 -0.039212
v -0.191953 1.255042 0.063561
v -0.191953 1.255042 -0.071877
v -0.227007 1.219988 -0.022303
v -0.203909 1.243086 -0.064873
v -0.188195 1.252159 -0.071877
v -0.209480 1.215292 0.030896
v -0.212982 1.209226 -0.022303
v -0.188195 1.252159 0.063561
v -0.196649 1.237515 -0.064873
v -0.203909 1.224941 0.045416
v -0.214176 1.207157 -0.004158
v -0.203909 1.224941 -0.053732
v -0.196649 1.237515 0.056558
v -0.212982 1.209226 0.013987
v -0.209480 1.215292 -0.039212
v -0.191953 1.219988 0.045416
v -0.188195 1.234013 0.056558
v -0.197267 1.200154 -0.004158
v -0.196649 1.202461 0.013987
v -0.191953 1.219988 -0.053732
v -0.194836 1.209226 -0.039212
v -0.183818 1.250346 0.063561
v -0.183818 1.250346 -0.071877
v -0.194836 1.209226 0.030896
v -0.196649 1.202461 -0.022303
v -0.188195 1.234013 -0.064873
v -0.179122 1.249728 -0.071877
v -0.179122 1.232819 -0.064873
v -0.179122 1.218299 0.045416
v -0.179122 1.197765 -0.004158
v -0.179122 1.218299 -0.053732
v -0.179122 1.232819 0.056558
v -0.179122 1.200154 0.013987
v -0.179122 1.207157 -0.039212
v -0.179122 1.249727 0.063561
v -0.179122 1.207157 0.030896
v -0.179122 1.200154 -0.022303
v -0.174426 1.250346 0.063561
v -0.174426 1.250346 -0.071877
v -0.163408 1.209226 0.030896
v -0.163408 1.209226 -0.039212
v -0.161595 1.202461 -0.022303
v -0.170049 1.234013 -0.064873
v -0.166291 1.219988 0.045416
v -0.160977 1.200154 -0.004158
v -0.166291 1.219988 -0.053732
v -0.170049 1.234013 0.056558
v -0.161595 1.202461 0.013987
v -0.161595 1.237515 -0.064873
v -0.154335 1.224941 -0.053732
v -0.154335 1.224941 0.045416
v -0.161595 1.237515 0.056558
v -0.144068 1.207157 -0.004158
v -0.145262 1.209226 0.013987
v -0.148764 1.215292 -0.039212
v -0.170049 1.252159 0.063561
v -0.170049 1.252159 -0.071877
v -0.148764 1.215292 0.030896
v -0.145262 1.209226 -0.022303
v -0.166291 1.255042 0.063561
v -0.166291 1.255042 -0.071877
v -0.154335 1.243086 -0.064873
v -0.136190 1.224941 0.030896
v -0.144068 1.232819 0.045416
v -0.131237 1.219988 -0.022303
v -0.129548 1.218299 -0.004158
v -0.144068 1.232819 -0.053732
v -0.154335 1.243086 0.056558
v -0.131237 1.219988 0.013987
v -0.136190 1.224941 -0.039212
v -0.136190 1.243086 -0.053732
v -0.126541 1.237515 -0.039212
v -0.148764 1.250346 0.056558
v -0.163408 1.258800 0.063561
v -0.163408 1.258800 -0.071877
v -0.120475 1.234013 0.013987
v -0.126541 1.237515 0.030896
v -0.120475 1.234013 -0.022303
v -0.148764 1.250346 -0.064873
v -0.136190 1.243086 0.045416
v -0.118406 1.232819 -0.004158
v -0.131237 1.255042 -0.053732
v -0.131237 1.255042 0.045416
v -0.145262 1.258800 0.056558
v -0.113710 1.250346 0.013988
v -0.120475 1.252159 -0.039212
v -0.161595 1.263177 0.063561
v -0.161595 1.263177 -0.071877
v -0.120475 1.252159 0.030896
v -0.113710 1.250346 -0.022303
v -0.145262 1.258800 -0.064873
v -0.111403 1.249728 -0.004158
v -0.111403 1.267873 -0.022303
v -0.160977 1.267873 0.063561
v -0.160976 1.267873 -0.071877
v -0.144068 1.267873 -0.064873
v -0.129548 1.267873 0.045416
v -0.109014 1.267873 -0.004158
v -0.129548 1.267873 -0.053732
v -0.144068 1.267873 0.056558
v -0.111403 1.267873 0.013988
v -0.118406 1.267873 -0.039212
v -0.118406 1.267873 0.030896
v -0.131237 1.280704 -0.053732
v -0.120475 1.283587 -0.039212
v -0.145262 1.276946 0.056558
v -0.161595 1.272569 0.063561
v -0.161595 1.272569 -0.071877
v -0.113710 1.285400 0.013988
v -0.120475 1.283587 0.030896
v -0.113710 1.285400 -0.022303
v -0.145262 1.276946 -0.064873
v -0.131237 1.280704 0.045416
v -0.111403 1.286018 -0.004158
v -0.118406 1.302927 -0.004157
v -0.136190 1.292660 -0.053732
v -0.148764 1.285400 0.056558
v -0.120475 1.301733 0.013988
v -0.126541 1.298231 -0.039212
v -0.163408 1.276946 0.063561
v -0.163408 1.276946 -0.071877
v -0.126541 1.298231 0.030896
v -0.120475 1.301733 -0.022303
v -0.148764 1.285400 -0.064873
v -0.136190 1.292660 0.045416
v -0.131237 1.315758 -0.022303
v -0.166291 1.280704 0.063561
v -0.154335 1.292660 -0.064873
v -0.136190 1.310805 0.030897
v -0.144068 1.302927 0.045417
v -0.129548 1.317447 -0.004157
v -0.144068 1.302927 -0.053732
v -0.154335 1.292660 0.056558
v -0.131237 1.315758 0.013988
v -0.136190 1.310805 -0.039211
v -0.166291 1.280704 -0.071877
v -0.144068 1.328588 -0.004157
v -0.145262 1.326520 0.013988
v -0.148764 1.320454 -0.039211
v -0.161595 1.298231 0.056558
v -0.170049 1.283587 0.063561
v -0.170049 1.283587 -0.071877
v -0.148764 1.320454 0.030897
v -0.145262 1.326520 -0.022303
v -0.161595 1.298231 -0.064873
v -0.154335 1.310805 0.045417
v -0.154335 1.310805 -0.053732
v -0.161595 1.333285 -0.022303
v -0.160977 1.335592 -0.004157
v -0.166291 1.315758 -0.053732
v -0.170049 1.301733 0.056558
v -0.161595 1.333285 0.013988
v -0.163408 1.326520 -0.039211
v -0.174426 1.285400 0.063561
v -0.174426 1.285400 -0.071877
v -0.163408 1.326520 0.030897
v -0.170049 1.301733 -0.064873
v -0.166291 1.315758 0.045417
v -0.179038 1.349526 -0.066918
v -0.179038 1.352203 0.024891
v -0.171595 1.348046 -0.066918
v -0.170571 1.350518 0.024891
v -0.165285 1.343829 -0.066918
v -0.163392 1.345722 0.024891
v -0.161068 1.337519 -0.066918
v -0.158596 1.338543 0.024891
v -0.159587 1.330075 -0.066918
v -0.156911 1.330075 0.024891
v -0.161068 1.322632 -0.066918
v -0.158596 1.321608 0.024891
v -0.165285 1.316321 -0.066918
v -0.163392 1.314429 0.024891
v -0.171595 1.312105 -0.066918
v -0.170571 1.309633 0.024891
v -0.179038 1.310624 -0.066918
v -0.179038 1.307948 0.024891
v -0.186482 1.312105 -0.066918
v -0.187506 1.309633 0.024891
v -0.192792 1.316321 -0.066918
v -0.194685 1.314429 0.024891
v -0.197009 1.322632 -0.066918
v -0.199481 1.321608 0.024891
v -0.198490 1.330075 -0.066918
v -0.201166 1.330075 0.024891
v -0.197009 1.337519 -0.066918
v -0.199481 1.338543 0.024891
v -0.192792 1.343829 -0.066918
v -0.194685 1.345722 0.024891
v -0.186482 1.348046 -0.066918
v -0.187506 1.350518 0.024891
v -0.179038 1.352203 -0.066918
v -0.170571 1.350518 -0.066918
v -0.163392 1.345722 -0.066918
v -0.158596 1.338543 -0.066918
v -0.156911 1.330075 -0.066918
v -0.158596 1.321608 -0.066918
v -0.163392 1.314429 -0.066918
v -0.170571 1.309633 -0.066918
v -0.179038 1.307948 -0.066918
v -0.187506 1.309633 -0.066918
v -0.194685 1.314429 -0.066918
v -0.199481 1.321608 -0.066918
v -0.201166 1.330075 -0.066918
v -0.199481 1.338543 -0.066918
v -0.194685 1.345722 -0.066918
v -0.187506 1.350518 -0.066918
v -0.179038 1.343732 -0.060394
v -0.173812 1.342693 -0.060394
v -0.169381 1.339732 -0.060394
v -0.166421 1.335302 -0.060394
v -0.165382 1.330075 -0.060394
v -0.166421 1.324849 -0.060394
v -0.169381 1.320418 -0.060394
v -0.173812 1.317458 -0.060394
v -0.179038 1.316419 -0.060394
v -0.184265 1.317458 -0.060394
v -0.188695 1.320418 -0.060394
v -0.191656 1.324849 -0.060394
v -0.192695 1.330075 -0.060394
v -0.191656 1.335302 -0.060394
v -0.188695 1.339732 -0.060394
v -0.184265 1.342693 -0.060394
v -0.179038 1.349526 -0.060394
v -0.171595 1.348046 -0.060394
v -0.165285 1.343829 -0.060394
v -0.161068 1.337519 -0.060394
v -0.159587 1.330075 -0.060394
v -0.161068 1.322632 -0.060394
v -0.165285 1.316321 -0.060394
v -0.171595 1.312105 -0.060394
v -0.179038 1.310624 -0.060394
v -0.186482 1.312105 -0.060394
v -0.192792 1.316321 -0.060394
v -0.197009 1.322632 -0.060394
v -0.198490 1.330075 -0.060394
v -0.197009 1.337519 -0.060394
v -0.192792 1.343829 -0.060394
v -0.186482 1.348046 -0.060394
v -0.179038 1.338180 -0.079731
v -0.175937 1.337563 -0.079731
v -0.173308 1.335806 -0.079731
v -0.171551 1.333177 -0.079731
v -0.170934 1.330075 -0.079731
v -0.171551 1.326974 -0.079731
v -0.173308 1.324345 -0.079731
v -0.175937 1.322588 -0.079731
v -0.179038 1.321971 -0.079731
v -0.182140 1.322588 -0.079731
v -0.184769 1.324345 -0.079731
v -0.186526 1.326974 -0.079731
v -0.187143 1.330075 -0.079731
v -0.186526 1.333177 -0.079731
v -0.184769 1.335806 -0.079731
v -0.182140 1.337563 -0.079731
v -0.179038 1.343732 -0.079731
v -0.173812 1.342693 -0.079731
v -0.169382 1.339732 -0.079731
v -0.166421 1.335302 -0.079731
v -0.165382 1.330075 -0.079731
v -0.166421 1.324849 -0.079731
v -0.169382 1.320418 -0.079731
v -0.173812 1.317458 -0.079731
v -0.179038 1.316419 -0.079731
v -0.184265 1.317458 -0.079731
v -0.188695 1.320418 -0.079731
v -0.191656 1.324849 -0.079731
v -0.192696 1.330075 -0.079731
v -0.191656 1.335302 -0.079731
v -0.188695 1.339732 -0.079731
v -0.184265 1.342693 -0.079731
v -0.179038 1.333887 -0.116501
v -0.177580 1.333597 -0.116501
v -0.176343 1.332771 -0.116501
v -0.175517 1.331534 -0.116501
v -0.175227 1.330075 -0.116501
v -0.175517 1.328617 -0.116501
v -0.176343 1.327380 -0.116501
v -0.177580 1.326554 -0.116501
v -0.179038 1.326264 -0.116501
v -0.180497 1.326554 -0.116501
v -0.181734 1.327380 -0.116501
v -0.182560 1.328617 -0.116501
v -0.182850 1.330075 -0.116501
v -0.182560 1.331534 -0.116501
v -0.181734 1.332771 -0.116501
v -0.180497 1.333597 -0.116501
v -0.179038 1.338180 -0.116501
v -0.175937 1.337563 -0.116501
v -0.173308 1.335806 -0.116501
v -0.171551 1.333177 -0.116501
v -0.170934 1.330075 -0.116501
v -0.171551 1.326974 -0.116501
v -0.173308 1.324345 -0.116501
v -0.175937 1.322588 -0.116501
v -0.179038 1.321971 -0.116501
v -0.182140 1.322588 -0.116501
v -0.184769 1.324345 -0.116501
v -0.186526 1.326974 -0.116501
v -0.187143 1.330075 -0.116501
v -0.186526 1.333177 -0.116501
v -0.184769 1.335806 -0.116501
v -0.182140 1.337563 -0.116501
v -0.179039 1.333887 -0.175899
v -0.177580 1.333597 -0.175899
v -0.176343 1.332771 -0.175899
v -0.175517 1.331534 -0.175899
v -0.175227 1.330076 -0.175899
v -0.175517 1.328617 -0.175899
v -0.176343 1.327380 -0.175899
v -0.177580 1.326554 -0.175899
v -0.179039 1.326264 -0.175899
v -0.180497 1.326554 -0.175899
v -0.181734 1.327380 -0.175899
v -0.182560 1.328617 -0.175899
v -0.182850 1.330076 -0.175899
v -0.182560 1.331534 -0.175899
v -0.181734 1.332771 -0.175899
v -0.180497 1.333597 -0.175899
v -0.179039 1.336365 -0.186049
v -0.176632 1.335886 -0.186049
v -0.174591 1.334523 -0.186049
v -0.173228 1.332482 -0.186049
v -0.172749 1.330076 -0.186049
v -0.173228 1.327669 -0.186049
v -0.174591 1.325628 -0.186049
v -0.176632 1.324265 -0.186049
v -0.179039 1.323786 -0.186049
v -0.181446 1.324265 -0.186049
v -0.183486 1.325628 -0.186049
v -0.184849 1.327669 -0.186049
v -0.185328 1.330076 -0.186049
v -0.184849 1.332482 -0.186049
v -0.183486 1.334523 -0.186049
v -0.181446 1.335886 -0.186049
v -0.179039 1.332577 -0.208558
v -0.178081 1.332387 -0.208558
v -0.177270 1.331845 -0.208558
v -0.176727 1.331033 -0.208558
v -0.176537 1.330076 -0.208558
v -0.176727 1.329118 -0.208558
v -0.177270 1.328307 -0.208558
v -0.178081 1.327764 -0.208558
v -0.179039 1.327574 -0.208558
v -0.179996 1.327764 -0.208558
v -0.180808 1.328307 -0.208558
v -0.181350 1.329118 -0.208558
v -0.181540 1.330076 -0.208558
v -0.181350 1.331033 -0.208558
v -0.180808 1.331845 -0.208558
v -0.179996 1.332387 -0.208558
v -0.173095 1.344424 0.031543
v -0.179038 1.345606 0.031543
v -0.168057 1.341057 0.031543
v -0.164690 1.336019 0.031543
v -0.163507 1.330075 0.031543
v -0.164690 1.324132 0.031543
v -0.168057 1.319093 0.031543
v -0.173095 1.315727 0.031543
v -0.179038 1.314544 0.031543
v -0.184982 1.315727 0.031543
v -0.190021 1.319093 0.031543
v -0.193387 1.324132 0.031543
v -0.194569 1.330075 0.031543
v -0.193387 1.336019 0.031543
v -0.190021 1.341057 0.031543
v -0.184982 1.344424 0.031543
v -0.179038 1.227510 -0.066918
v -0.179038 1.230186 0.024891
v -0.171595 1.226029 -0.066918
v -0.170571 1.228502 0.024891
v -0.165285 1.221813 -0.066918
v -0.163392 1.223705 0.024891
v -0.161068 1.215503 -0.066918
v -0.158596 1.216527 0.024891
v -0.159587 1.208059 -0.066918
v -0.156911 1.208059 0.024891
v -0.161068 1.200615 -0.066918
v -0.158596 1.199591 0.024891
v -0.165285 1.194305 -0.066918
v -0.163392 1.192413 0.024891
v -0.171595 1.190089 -0.066918
v -0.170571 1.187616 0.024891
v -0.179038 1.188608 -0.066918
v -0.179038 1.185932 0.024891
v -0.186482 1.190089 -0.066918
v -0.187506 1.187616 0.024891
v -0.192792 1.194305 -0.066918
v -0.194685 1.192413 0.024891
v -0.197009 1.200615 -0.066918
v -0.199481 1.199591 0.024891
v -0.198490 1.208059 -0.066918
v -0.201166 1.208059 0.024891
v -0.197009 1.215503 -0.066918
v -0.199481 1.216527 0.024891
v -0.192792 1.221813 -0.066918
v -0.194685 1.223705 0.024891
v -0.186482 1.226029 -0.066918
v -0.187506 1.228502 0.024891
v -0.179038 1.230186 -0.066918
v -0.170571 1.228502 -0.066918
v -0.163392 1.223705 -0.066918
v -0.158596 1.216527 -0.066918
v -0.156911 1.208059 -0.066918
v -0.158596 1.199591 -0.066918
v -0.163392 1.192413 -0.066918
v -0.170571 1.187616 -0.066918
v -0.179038 1.185932 -0.066918
v -0.187506 1.187616 -0.066918
v -0.194685 1.192413 -0.066918
v -0.199481 1.199591 -0.066918
v -0.201166 1.208059 -0.066918
v -0.199481 1.216527 -0.066918
v -0.194685 1.223705 -0.066918
v -0.187506 1.228502 -0.066918
v -0.179038 1.221716 -0.060394
v -0.173812 1.220676 -0.060394
v -0.169381 1.217716 -0.060394
v -0.166421 1.213285 -0.060394
v -0.165382 1.208059 -0.060394
v -0.166421 1.202833 -0.060394
v -0.169381 1.198402 -0.060394
v -0.173812 1.195442 -0.060394
v -0.179038 1.194402 -0.060394
v -0.184265 1.195442 -0.060394
v -0.188695 1.198402 -0.060394
v -0.191656 1.202833 -0.060394
v -0.192695 1.208059 -0.060394
v -0.191656 1.213285 -0.060394
v -0.188695 1.217716 -0.060394
v -0.184265 1.220676 -0.060394
v -0.179038 1.227510 -0.060394
v -0.171595 1.226029 -0.060394
v -0.165285 1.221813 -0.060394
v -0.161068 1.215503 -0.060394
v -0.159587 1.208059 -0.060394
v -0.161068 1.200615 -0.060394
v -0.165285 1.194305 -0.060394
v -0.171595 1.190089 -0.060394
v -0.179038 1.188608 -0.060394
v -0.186482 1.190089 -0.060394
v -0.192792 1.194305 -0.060394
v -0.197009 1.200615 -0.060394
v -0.198490 1.208059 -0.060394
v -0.197009 1.215503 -0.060394
v -0.192792 1.221813 -0.060394
v -0.186482 1.226029 -0.060394
v -0.179038 1.216164 -0.079731
v -0.175937 1.215547 -0.079731
v -0.173308 1.213790 -0.079731
v -0.171551 1.211161 -0.079731
v -0.170934 1.208059 -0.079731
v -0.171551 1.204957 -0.079731
v -0.173308 1.202328 -0.079731
v -0.175937 1.200571 -0.079731
v -0.179038 1.199954 -0.079731
v -0.182140 1.200571 -0.079731
v -0.184769 1.202328 -0.079731
v -0.186526 1.204957 -0.079731
v -0.187143 1.208059 -0.079731
v -0.186526 1.211161 -0.079731
v -0.184769 1.213790 -0.079731
v -0.182140 1.215547 -0.079731
v -0.179038 1.221716 -0.079731
v -0.173812 1.220676 -0.079731
v -0.169382 1.217716 -0.079731
v -0.166421 1.213285 -0.079731
v -0.165382 1.208059 -0.079731
v -0.166421 1.202833 -0.079731
v -0.169382 1.198402 -0.079731
v -0.173812 1.195442 -0.079731
v -0.179038 1.194402 -0.079731
v -0.184265 1.195442 -0.079731
v -0.188695 1.198402 -0.079731
v -0.191656 1.202833 -0.079731
v -0.192696 1.208059 -0.079731
v -0.191656 1.213285 -0.079731
v -0.188695 1.217716 -0.079731
v -0.184265 1.220676 -0.079731
v -0.179038 1.211871 -0.116501
v -0.177580 1.211580 -0.116501
v -0.176343 1.210754 -0.116501
v -0.175517 1.209518 -0.116501
v -0.175227 1.208059 -0.116501
v -0.175517 1.206600 -0.116501
v -0.176343 1.205364 -0.116501
v -0.177580 1.204538 -0.116501
v -0.179038 1.204247 -0.116501
v -0.180497 1.204538 -0.116501
v -0.181734 1.205364 -0.116501
v -0.182560 1.206600 -0.116501
v -0.182850 1.208059 -0.116501
v -0.182560 1.209518 -0.116501
v -0.181734 1.210754 -0.116501
v -0.180497 1.211580 -0.116501
v -0.179038 1.216164 -0.116501
v -0.175937 1.215547 -0.116501
v -0.173308 1.213790 -0.116501
v -0.171551 1.211161 -0.116501
v -0.170934 1.208059 -0.116501
v -0.171551 1.204958 -0.116501
v -0.173308 1.202328 -0.116501
v -0.175937 1.200571 -0.116501
v -0.179038 1.199954 -0.116501
v -0.182140 1.200571 -0.116501
v -0.184769 1.202328 -0.116501
v -0.186526 1.204958 -0.116501
v -0.187143 1.208059 -0.116501
v -0.186526 1.211161 -0.116501
v -0.184769 1.213790 -0.116501
v -0.182140 1.215547 -0.116501
v -0.179039 1.211871 -0.175899
v -0.177580 1.211581 -0.175899
v -0.176343 1.210754 -0.175899
v -0.175517 1.209518 -0.175899
v -0.175227 1.208059 -0.175899
v -0.175517 1.206601 -0.175899
v -0.176343 1.205364 -0.175899
v -0.177580 1.204538 -0.175899
v -0.179039 1.204248 -0.175899
v -0.180497 1.204538 -0.175899
v -0.181734 1.205364 -0.175899
v -0.182560 1.206601 -0.175899
v -0.182850 1.208059 -0.175899
v -0.182560 1.209518 -0.175899
v -0.181734 1.210754 -0.175899
v -0.180497 1.211581 -0.175899
v -0.179039 1.214349 -0.186049
v -0.176632 1.213870 -0.186049
v -0.174591 1.212507 -0.186049
v -0.173228 1.210466 -0.186049
v -0.172749 1.208059 -0.186049
v -0.173228 1.205652 -0.186049
v -0.174591 1.203612 -0.186049
v -0.176632 1.202249 -0.186049
v -0.179039 1.201770 -0.186049
v -0.181446 1.202249 -0.186049
v -0.183486 1.203612 -0.186049
v -0.184849 1.205652 -0.186049
v -0.185328 1.208059 -0.186049
v -0.184849 1.210466 -0.186049
v -0.183486 1.212507 -0.186049
v -0.181446 1.213870 -0.186049
v -0.179039 1.210561 -0.208558
v -0.178081 1.210370 -0.208558
v -0.177270 1.209828 -0.208558
v -0.176727 1.209017 -0.208558
v -0.176537 1.208059 -0.208558
v -0.176727 1.207102 -0.208558
v -0.177270 1.206290 -0.208558
v -0.178081 1.205748 -0.208558
v -0.179039 1.205557 -0.208558
v -0.179996 1.205748 -0.208558
v -0.180808 1.206290 -0.208558
v -0.181350 1.207102 -0.208558
v -0.181540 1.208059 -0.208558
v -0.181350 1.209017 -0.208558
v -0.180808 1.209828 -0.208558
v -0.179996 1.210370 -0.208558
v -0.173095 1.222408 0.031543
v -0.179038 1.223590 0.031543
v -0.168057 1.219041 0.031543
v -0.164690 1.214002 0.031543
v -0.163507 1.208059 0.031543
v -0.164690 1.202115 0.031543
v -0.168057 1.197077 0.031543
v -0.173095 1.193710 0.031543
v -0.179038 1.192528 0.031543
v -0.184982 1.193710 0.031543
v -0.190021 1.197077 0.031543
v -0.193387 1.202115 0.031543
v -0.194569 1.208059 0.031543
v -0.193387 1.214002 0.031543
v -0.190021 1.219041 0.031543
v -0.184982 1.222408 0.031543
v -0.155210 1.285699 -0.076801
v -0.160991 1.285699 -0.076801
v -0.203897 1.268706 -0.076801
v -0.203897 1.285699 -0.076801
v -0.155210 1.268706 -0.076801
v -0.199365 1.285699 -0.076801
v -0.199365 1.268706 -0.076801
v -0.160991 1.268706 -0.076801
v -0.156861 1.284048 -0.074261
v -0.160991 1.284048 -0.074261
v -0.202247 1.270356 -0.074262
v -0.202247 1.284048 -0.074261
v -0.156861 1.270356 -0.074262
v -0.199365 1.284048 -0.074261
v -0.199365 1.270356 -0.074262
v -0.160991 1.270356 -0.074262
vn -0.0000 0.2459 0.9693
vn 0.0026 0.3023 -0.9532
vn -0.0000 0.2459 -0.9693
vn 0.0021 0.2459 -0.9693
vn 0.0085 -1.0000 -0.0000
vn -0.0086 -1.0000 -0.0000
vn 0.0020 0.2358 -0.9718
vn -0.0000 -0.3023 -0.9532
vn 0.0026 0.3023 0.9532
vn -0.0000 -0.2334 -0.9724
vn -0.0000 -0.2334 0.9724
vn 0.0026 -0.3023 0.9532
vn 0.0026 -0.3023 -0.9532
vn -0.0021 0.2459 -0.9693
vn -0.0000 1.0000 -0.0000
vn 0.0020 -0.2358 -0.9718
vn -0.0000 -0.3023 0.9532
vn -0.0000 0.2334 0.9724
vn -0.0000 0.2334 -0.9724
vn -0.0000 -1.0000 -0.0000
vn -0.0000 -0.2459 -0.9693
vn -0.0000 -0.2459 0.9693
vn -0.0000 -0.2358 0.9718
vn -0.0000 -0.2358 -0.9718
vn -0.0000 0.3023 -0.9532
vn -0.0000 0.3023 0.9532
vn -0.0021 0.2459 0.9693
vn -0.0020 -0.2358 0.9718
vn -0.0021 -0.2459 -0.9693
vn 0.0020 0.2334 -0.9724
vn -0.0026 0.3023 0.9532
vn 0.0021 -0.2459 -0.9693
vn -0.0021 -0.2459 0.9693
vn 0.0020 0.2334 0.9724
vn -0.0020 0.2358 -0.9718
vn 0.0021 -0.2459 0.9693
vn 1.0000 -0.0000 -0.0000
vn -1.0000 -0.0000 -0.0000
vn -0.0000 0.4990 0.8666
vn -0.0000 -0.8660 0.5000
vn -0.0000 -0.5010 -0.8654
vn -0.0000 -0.4989 -0.8666
vn -0.0000 -0.5000 0.8660
vn -0.0000 -0.5011 0.8654
vn -0.0000 0.5010 0.8654
vn -0.0000 -0.0000 1.0000
vn -0.0000 0.4989 -0.8666
vn -0.0000 0.5000 -0.8660
vn -0.0000 0.5011 -0.8654
vn 0.0001 0.8661 0.5000
vn -0.0000 -1.0000 -0.0020
vn -0.0000 -0.4989 0.8666
vn -0.7255 0.5960 -0.3441
vn -0.0000 1.0000 -0.0020
vn -0.0000 -0.5000 -0.8660
vn -0.0000 1.0000 0.0020
vn -0.0000 -0.0000 -1.0000
vn -0.0000 -1.0000 0.0020
vn -0.0000 0.5000 0.8660
vn -0.0000 -0.8660 -0.5000
vn -0.9897 0.0715 0.1238
vn -0.0000 0.2358 0.9718
vn -0.0000 0.2358 -0.9718
vn -0.9897 -0.0715 0.1238
vn -0.9897 -0.0715 -0.1238
vn -0.9897 0.1430 -0.0000
vn -0.9897 -0.1430 -0.0000
vn -0.9897 0.0715 -0.1238
vn -0.9554 -0.2953 -0.0000
vn -0.9554 0.1477 -0.2557
vn -0.9554 0.1477 0.2557
vn -0.9554 -0.1477 0.2557
vn -0.9554 -0.1477 -0.2557
vn -0.9554 0.2953 -0.0000
vn -0.9007 -0.1068 -0.4211
vn -0.9341 -0.3571 -0.0000
vn -0.8981 0.1330 0.4193
vn -0.9007 -0.1068 0.4211
vn -0.9010 -0.1023 0.4216
vn -0.8981 0.1330 -0.4193
vn -0.9008 0.1014 0.4223
vn -0.9346 0.3558 -0.0000
vn -0.9008 0.1014 -0.4222
vn -0.9010 -0.1023 -0.4215
vn -0.0026 -0.3023 -0.9532
vn 0.0086 1.0000 -0.0000
vn 0.0021 0.2459 0.9693
vn -0.0026 -0.3023 0.9532
vn -0.0020 -0.2334 -0.9724
vn -0.0020 -0.2358 -0.9718
vn -0.0085 -1.0000 -0.0000
vn -0.0020 -0.2334 0.9724
vn 0.0020 0.2358 0.9718
vn 0.9008 0.1014 0.4223
vn 0.8981 0.1330 -0.4193
vn 0.8981 0.1330 0.4193
vn 0.9007 -0.1068 0.4211
vn 0.9007 -0.1068 -0.4211
vn 0.9341 -0.3571 -0.0000
vn 0.9010 -0.1023 -0.4215
vn 0.9008 0.1014 -0.4223
vn 0.9346 0.3558 -0.0000
vn 0.9010 -0.1023 0.4216
vn 0.0020 -0.2334 -0.9724
vn -0.0085 1.0000 -0.0000
vn -0.0020 0.2334 -0.9724
vn -0.0026 0.3023 -0.9532
vn -0.0020 0.2358 0.9718
vn 0.0020 -0.2334 0.9724
vn -0.0020 0.2334 0.9724
vn 0.0020 -0.2358 0.9718
vn -0.0000 0.5011 0.8654
vn -0.0000 0.4990 -0.8666
vn -0.0000 0.5010 -0.8654
vn -0.0000 0.8660 0.5000
vn -0.0000 0.8660 -0.5000
vn 0.9993 0.0325 -0.0188
vn 0.9992 -0.0198 0.0343
vn 0.9992 0.0198 0.0343
vn 0.9993 -0.0325 -0.0188
vn 0.9992 0.0198 -0.0343
vn 0.9993 0.0325 0.0188
vn 0.9992 -0.0396 -0.0000
vn 0.9993 -0.0000 -0.0376
vn 0.9992 0.0396 -0.0000
vn 0.9993 -0.0325 0.0188
vn 0.9993 -0.0000 0.0376
vn 0.9992 -0.0198 -0.0343
vn 0.3738 -0.4638 -0.8033
vn 0.3906 0.7972 -0.4603
vn 0.3738 -0.4638 0.8033
vn 0.3738 0.4638 0.8033
vn 0.3906 -0.7972 -0.4603
vn 0.3737 0.4638 -0.8033
vn 0.3906 0.7972 0.4603
vn 0.3738 -0.9275 -0.0000
vn 0.3906 -0.0000 -0.9206
vn 0.3737 0.9275 -0.0000
vn 0.3906 -0.7972 0.4603
vn 0.3906 -0.0000 0.9206
vn 1.0000 -0.0001 -0.0000
vn 0.0086 -1.0000 -0.0000
vn -0.0001 -0.5010 -0.8654
vn 0.9897 0.0715 0.1238
vn 0.9897 -0.0715 0.1238
vn 0.9897 -0.0715 -0.1238
vn 0.9897 0.1430 -0.0000
vn 0.9897 -0.1430 -0.0000
vn 0.9897 0.0715 -0.1238
vn 0.9554 -0.2953 -0.0000
vn 0.9554 0.1477 -0.2557
vn 0.9554 0.1476 0.2557
vn 0.9554 -0.1477 0.2557
vn 0.9554 -0.1477 -0.2557
vn 0.9554 0.2953 -0.0000
vn 0.9010 -0.1023 0.4215
vn 0.9008 0.1014 0.4222
vn -0.0086 1.0000 -0.0000
vn -0.9008 0.1014 0.4222
vn -0.9008 0.1014 -0.4223
vn -0.9010 -0.1023 0.4215
vn 0.0085 1.0000 -0.0000
vn -0.9924 -0.1063 -0.0614
vn -0.9963 0.0745 -0.0430
vn -0.9959 -0.0453 0.0784
vn -0.9959 0.0453 0.0785
vn -0.9963 -0.0745 -0.0430
vn -0.9959 0.0453 -0.0784
vn -0.9963 0.0745 0.0430
vn -0.9959 -0.0906 -0.0000
vn -0.9963 -0.0000 -0.0861
vn -0.9959 0.0906 -0.0000
vn -0.9963 -0.0745 0.0430
vn -0.9963 -0.0000 0.0861
vn -0.9959 -0.0453 -0.0785
vn -0.3942 -0.4595 -0.7959
vn -0.4116 0.7893 -0.4557
vn -0.3942 -0.4595 0.7959
vn -0.3942 0.4595 0.7959
vn -0.4116 -0.7893 -0.4557
vn -0.3942 0.4595 -0.7959
vn -0.4116 0.7893 0.4557
vn -0.3942 -0.9190 -0.0000
vn -0.4116 -0.0000 -0.9114
vn -0.3942 0.9190 -0.0000
vn -0.4116 -0.7893 0.4557
vn -0.4116 -0.0000 0.9114
vn -0.0472 0.4790 -0.8766
vn -0.3592 0.0354 0.9326
vn 0.0050 -0.0509 -0.9987
vn 0.0148 -0.0489 -0.9987
vn -0.1397 0.4606 -0.8766
vn -0.1923 0.6460 0.7388
vn -0.3454 0.1048 0.9326
vn -0.3183 0.1701 0.9326
vn 0.0241 -0.0451 -0.9987
vn -0.2269 0.4245 -0.8766
vn 0.0324 -0.0395 -0.9987
vn -0.3053 0.3720 -0.8766
vn -0.2790 0.2290 0.9326
vn -0.2290 0.2790 0.9326
vn 0.0395 -0.0324 -0.9987
vn -0.3720 0.3053 -0.8766
vn 0.3160 0.6026 0.7328
vn -0.4245 0.2269 -0.8766
vn 0.1957 -0.6452 0.7386
vn -0.1702 0.3183 0.9326
vn 0.0451 -0.0241 -0.9987
vn -0.1048 0.3454 0.9326
vn 0.0489 -0.0148 -0.9987
vn -0.4606 0.1397 -0.8766
vn -0.4790 0.0472 -0.8766
vn -0.0354 0.3592 0.9326
vn 0.0509 -0.0050 -0.9987
vn 0.0354 0.3592 0.9326
vn 0.0509 0.0050 -0.9987
vn -0.4790 -0.0472 -0.8766
vn -0.6990 -0.0688 0.7118
vn 0.1048 0.3454 0.9326
vn 0.0489 0.0148 -0.9987
vn -0.4606 -0.1397 -0.8766
vn 0.0451 0.0241 -0.9987
vn -0.4245 -0.2269 -0.8766
vn 0.6990 0.0702 0.7117
vn 0.1701 0.3183 0.9326
vn 0.2290 0.2790 0.9326
vn 0.0395 0.0324 -0.9987
vn -0.3720 -0.3053 -0.8766
vn 0.0324 0.0395 -0.9987
vn -0.3053 -0.3720 -0.8766
vn 0.5347 0.4388 0.7222
vn 0.2790 0.2290 0.9326
vn 0.3183 0.1701 0.9326
vn 0.0241 0.0451 -0.9987
vn -0.2269 -0.4245 -0.8766
vn -0.0660 -0.6698 0.7396
vn 0.0148 0.0489 -0.9987
vn -0.1397 -0.4606 -0.8766
vn 0.3454 0.1048 0.9326
vn 0.3592 0.0354 0.9326
vn 0.0050 0.0509 -0.9987
vn -0.0472 -0.4790 -0.8766
vn -0.0050 0.0509 -0.9987
vn 0.0472 -0.4790 -0.8766
vn 0.3592 -0.0354 0.9326
vn 0.3454 -0.1048 0.9326
vn -0.0148 0.0489 -0.9987
vn 0.1397 -0.4606 -0.8766
vn -0.6696 -0.2070 0.7133
vn 0.2269 -0.4245 -0.8766
vn -0.6689 0.2029 0.7151
vn 0.3183 -0.1701 0.9326
vn -0.0241 0.0451 -0.9987
vn 0.2790 -0.2290 0.9326
vn -0.0324 0.0395 -0.9987
vn 0.3053 -0.3720 -0.8766
vn -0.0721 -0.5611 0.8246
vn 0.3720 -0.3053 -0.8766
vn 0.2290 -0.2790 0.9326
vn -0.0395 0.0324 -0.9987
vn 0.1702 -0.3183 0.9326
vn -0.0451 0.0241 -0.9987
vn 0.4245 -0.2269 -0.8766
vn 0.3195 -0.5978 0.7352
vn -0.7741 -0.2348 0.5880
vn -0.6253 0.5131 0.5880
vn 0.6696 0.2070 0.7133
vn 0.7741 0.2348 0.5880
vn -0.3813 -0.7134 0.5880
vn 0.2348 0.7741 0.5880
vn 0.1048 -0.3454 0.9326
vn -0.0489 0.0148 -0.9987
vn 0.4606 -0.1397 -0.8766
vn 0.6253 -0.5132 0.5880
vn -0.0509 0.0050 -0.9987
vn 0.4790 -0.0472 -0.8766
vn 0.3813 -0.7134 0.5880
vn -0.8050 -0.0793 0.5880
vn 0.0354 -0.3592 0.9326
vn -0.0509 -0.0050 -0.9987
vn 0.4790 0.0472 -0.8766
vn -0.3207 -0.5999 0.7330
vn -0.0489 -0.0148 -0.9987
vn 0.4606 0.1397 -0.8766
vn -0.0451 -0.0241 -0.9987
vn 0.4245 0.2269 -0.8766
vn -0.0395 -0.0324 -0.9987
vn 0.3720 0.3053 -0.8766
vn -0.6984 0.0688 0.7124
vn -0.0324 -0.0395 -0.9987
vn 0.3053 0.3720 -0.8766
vn -0.5324 0.4369 0.7250
vn -0.0241 -0.0451 -0.9987
vn 0.2269 0.4245 -0.8766
vn -0.0148 -0.0489 -0.9987
vn 0.1397 0.4606 -0.8766
vn 0.0659 -0.6693 0.7401
vn 0.0472 0.4790 -0.8766
vn 0.6982 -0.0701 0.7124
vn -0.0050 -0.0509 -0.9987
vn -0.3592 -0.0354 0.9326
vn -0.5132 0.6253 0.5880
vn 0.3813 0.7134 0.5880
vn 0.2348 -0.7741 0.5880
vn -0.3454 -0.1048 0.9326
vn -0.0793 -0.8050 0.5880
vn 0.0793 0.8050 0.5880
vn 0.7134 0.3813 0.5880
vn 0.7134 -0.3813 0.5880
vn -0.2348 0.7741 0.5880
vn -0.2348 -0.7741 0.5880
vn -0.3183 -0.1702 0.9326
vn -0.2790 -0.2290 0.9326
vn -0.6253 -0.5132 0.5880
vn 0.6253 0.5131 0.5880
vn 0.5132 0.6253 0.5880
vn 0.7741 -0.2348 0.5880
vn -0.7134 0.3813 0.5880
vn -0.0793 0.8050 0.5880
vn -0.2290 -0.2790 0.9326
vn -0.1702 -0.3183 0.9326
vn -0.5132 -0.6253 0.5880
vn -0.8050 0.0793 0.5880
vn 0.0793 -0.8050 0.5880
vn -0.7134 -0.3813 0.5880
vn -0.7741 0.2348 0.5880
vn -0.1048 -0.3454 0.9326
vn 0.8050 -0.0793 0.5880
vn -0.0354 -0.3592 0.9326
vn 0.8050 0.0793 0.5880
vn 0.5132 -0.6253 0.5880
vn -0.3813 0.7134 0.5880
vn -0.0210 0.2129 0.9768
vn -0.0608 0.2004 0.9778
vn -0.0959 0.1794 0.9791
vn -0.1269 0.1546 0.9798
vn -0.1468 0.1205 0.9818
vn -0.1625 0.0869 0.9829
vn -0.1743 0.0529 0.9833
vn -0.1779 0.0175 0.9839
vn -0.1779 -0.0175 0.9839
vn -0.1727 -0.0524 0.9836
vn -0.1625 -0.0869 0.9829
vn -0.1468 -0.1204 0.9818
vn -0.1247 -0.1519 0.9805
vn -0.0974 -0.1822 0.9784
vn -0.0608 -0.2004 0.9778
vn -0.0210 -0.2129 0.9768
vn 0.0210 -0.2129 0.9768
vn 0.0614 -0.2025 0.9774
vn 0.0974 -0.1822 0.9784
vn 0.1247 -0.1519 0.9805
vn 0.1493 -0.1225 0.9812
vn 0.1648 -0.0881 0.9824
vn 0.1743 -0.0529 0.9833
vn 0.1785 -0.0176 0.9838
vn 0.1779 0.0175 0.9839
vn 0.1727 0.0524 0.9836
vn 0.1625 0.0869 0.9829
vn 0.1468 0.1205 0.9818
vn 0.1269 0.1546 0.9798
vn 0.0974 0.1822 0.9784
vn 0.0608 0.2004 0.9778
vn 0.0210 0.2129 0.9768
vn 0.6121 0.3335 0.7170
vn 0.5324 -0.4369 0.7250
vn -0.6122 -0.3335 0.7170
vn -0.9415 0.1186 0.3156
vn 0.4280 -0.5316 0.7309
vn 0.6676 -0.2064 0.7154
vn -0.4281 0.5316 0.7309
vn 0.4351 0.5301 0.7278
vn -0.6095 0.3320 0.7200
vn -0.4303 -0.5343 0.7276
vn 0.6124 -0.3273 0.7196
vn 0.1928 0.6478 0.7370
vn -0.3147 0.6000 0.7355
vn -0.1962 -0.6467 0.7371
vn -0.5307 -0.4439 0.7220
vn -0.2029 0.7573 -0.6208
vn -0.2532 0.9449 -0.2075
vn -0.0829 0.3096 -0.9472
vn -0.6917 0.6917 -0.2076
vn -0.2267 0.2266 -0.9472
vn -0.5544 0.5544 -0.6207
vn -0.9449 0.2532 -0.2075
vn -0.3096 0.0830 -0.9472
vn -0.7573 0.2029 -0.6207
vn -0.9449 -0.2532 -0.2075
vn -0.3096 -0.0830 -0.9472
vn -0.7573 -0.2029 -0.6207
vn -0.6917 -0.6917 -0.2075
vn -0.2267 -0.2266 -0.9472
vn -0.5544 -0.5544 -0.6208
vn -0.2531 -0.9449 -0.2075
vn -0.0829 -0.3096 -0.9472
vn -0.2029 -0.7573 -0.6207
vn 0.0830 -0.3096 -0.9472
vn 0.2029 -0.7573 -0.6207
vn 0.2531 -0.9449 -0.2075
vn 0.5544 -0.5544 -0.6208
vn 0.6917 -0.6917 -0.2075
vn 0.2267 -0.2266 -0.9472
vn 0.7573 -0.2029 -0.6208
vn 0.9449 -0.2532 -0.2075
vn 0.3096 -0.0830 -0.9472
vn 0.7573 0.2029 -0.6207
vn 0.9449 0.2532 -0.2075
vn 0.3096 0.0830 -0.9472
vn 0.5543 0.5544 -0.6208
vn 0.6917 0.6917 -0.2076
vn 0.2267 0.2266 -0.9472
vn 0.2029 0.7573 -0.6207
vn 0.2532 0.9449 -0.2075
vn 0.0829 0.3096 -0.9472
vn 0.0001 0.4990 0.8666
vn -0.0001 0.5010 -0.8654
vn -0.0000 0.7066 -0.7076
vn -0.8975 -0.0065 0.4409
vn -0.0000 -0.4990 -0.8666
vn -0.8506 -0.2043 -0.4845
vn 0.6487 -0.1463 0.7469
vn 0.8532 0.0461 -0.5196
vn 0.2903 0.9569 -0.0000
vn -0.2903 -0.9569 -0.0000
vn -0.7730 -0.6344 -0.0000
vn 0.9569 -0.2903 -0.0000
vn 0.0980 0.9952 -0.0000
vn -0.9952 -0.0980 -0.0000
vn 0.6344 -0.7730 -0.0000
vn -0.6344 0.7730 -0.0000
vn 0.0980 -0.9952 -0.0000
vn 0.7730 0.6344 -0.0000
vn 0.9952 0.0980 -0.0000
vn -0.8819 0.4714 -0.0000
vn -0.8819 -0.4714 -0.0000
vn -0.4714 -0.8819 -0.0000
vn 0.8819 -0.4714 -0.0000
vn 0.4714 0.8819 -0.0000
vn -0.4714 0.8819 -0.0000
vn -0.0980 0.9952 -0.0000
vn 0.4714 -0.8819 -0.0000
vn 0.8819 0.4714 -0.0000
vn -0.9952 0.0980 -0.0000
vn -0.0980 -0.9952 -0.0000
vn 0.9952 -0.0980 -0.0000
vn -0.2903 0.9569 -0.0000
vn -0.6344 -0.7730 -0.0000
vn 0.9569 0.2903 -0.0000
vn -0.7730 0.6344 -0.0000
vn 0.6344 0.7730 -0.0000
vn -0.9569 -0.2903 -0.0000
vn 0.2903 -0.9569 -0.0000
vn 0.7730 -0.6344 -0.0000
vn -0.9569 0.2903 -0.0000
vn 0.6177 -0.4528 -0.6429
vn -0.9950 -0.0980 -0.0177
vn -0.9950 0.0980 -0.0177
vn -0.1447 -0.1188 -0.9823
vn 0.0713 0.2352 -0.9693
vn 0.1886 0.1548 -0.9698
vn 0.0899 0.2962 0.9509
vn 0.5545 0.0546 -0.8304
vn -0.6353 0.4657 -0.6160
vn -0.5731 -0.0564 -0.8175
vn 0.0790 0.0536 -0.9954
vn -0.0676 -0.0166 -0.9976
vn 0.1886 -0.1548 -0.9698
vn -0.9778 -0.2096 -0.0000
vn 0.0713 -0.2351 -0.9693
vn -0.0625 0.0458 -0.9970
vn 0.0782 -0.0573 -0.9953
vn 0.1483 0.1217 -0.9814
vn -0.0548 -0.1805 -0.9820
vn -0.7152 0.6989 -0.0000
vn -0.0548 0.1805 -0.9821
vn -0.1986 -0.1630 0.9664
vn -0.9838 -0.1794 -0.0000
vn 0.0734 0.2419 0.9675
vn 0.0553 0.1821 -0.9817
vn 0.0553 -0.1822 -0.9817
vn -0.1447 0.1188 -0.9823
vn -0.0740 -0.2441 0.9669
vn 0.1483 -0.1217 -0.9814
vn 0.9295 -0.3687 -0.0000
vn 0.6991 0.7151 -0.0000
vn 0.0116 -0.0382 -0.9992
vn -0.0227 0.0339 -0.9992
vn -0.0000 -0.0406 -0.9992
vn -0.0167 0.0249 0.9995
vn -0.0000 -0.0299 0.9996
vn -0.0000 0.0299 0.9996
vn -0.0167 -0.0249 0.9995
vn -0.6996 0.7145 -0.0000
vn 0.9185 -0.3955 -0.0000
vn 0.7147 0.6994 -0.0000
vn -0.0719 0.2371 -0.9688
vn -0.1929 0.1583 -0.9684
vn -0.2358 -0.1935 0.9523
vn -0.1929 -0.1583 -0.9684
vn -0.0892 -0.2939 0.9517
vn -0.0719 -0.2371 -0.9688
vn -0.0000 0.0406 -0.9992
vn -0.0227 -0.0339 -0.9992
vn -0.0086 -0.0282 0.9996
vn 0.0225 0.0336 -0.9992
vn -0.0462 -0.0000 -0.9989
vn -0.1033 0.1009 0.9895
vn 0.0165 0.0247 0.9996
vn -0.0549 0.0097 -0.9984
vn 0.0347 -0.0000 -0.9994
vn 0.1193 -0.1094 0.9868
vn -0.0117 -0.0384 -0.9992
vn -0.2902 -0.9570 -0.0000
vn -0.5556 -0.8315 -0.0000
vn 0.5555 -0.8315 -0.0000
vn -0.9676 -0.2527 -0.0000
vn 0.0165 -0.0247 0.9996
vn -0.1032 -0.1009 0.9895
vn 0.0308 -0.0253 -0.9992
vn 0.0225 -0.0337 -0.9992
vn -0.0549 -0.0097 -0.9984
vn 0.0308 0.0253 -0.9992
vn 0.1122 0.1174 0.9867
vn -0.0229 -0.0188 0.9996
vn -0.0537 -0.0000 -0.9986
vn 0.0116 0.0382 -0.9992
vn 0.0456 -0.0029 -0.9990
vn -0.0910 -0.0000 0.9959
vn -0.0117 0.0384 -0.9992
vn 0.1052 -0.0000 0.9945
vn -0.0311 0.0256 -0.9992
vn 0.0493 -0.0000 -0.9988
vn -0.0311 -0.0256 -0.9992
vn 0.0456 0.0029 -0.9990
vn 0.0085 0.0281 0.9996
vn -0.1409 0.0139 0.9899
vn -0.2432 0.0240 0.9697
vn -0.0461 0.0045 0.9989
vn -0.0444 0.0135 0.9989
vn -0.1355 0.0411 0.9899
vn -0.2339 0.0710 0.9697
vn -0.1249 0.0668 0.9899
vn -0.2156 0.1152 0.9697
vn -0.0409 0.0219 0.9989
vn -0.0358 0.0294 0.9989
vn -0.1095 0.0898 0.9899
vn -0.1889 0.1550 0.9697
vn -0.1551 0.1889 0.9697
vn -0.0294 0.0358 0.9989
vn -0.0898 0.1095 0.9899
vn -0.0219 0.0409 0.9989
vn -0.0668 0.1249 0.9899
vn -0.1152 0.2156 0.9697
vn -0.0710 0.2339 0.9697
vn -0.0135 0.0444 0.9989
vn -0.0411 0.1355 0.9899
vn -0.0046 0.0461 0.9989
vn -0.0139 0.1409 0.9899
vn -0.0240 0.2432 0.9697
vn 0.0046 0.0462 0.9989
vn 0.0139 0.1409 0.9899
vn 0.0240 0.2432 0.9697
vn 0.0135 0.0444 0.9989
vn 0.0411 0.1355 0.9899
vn 0.0709 0.2339 0.9697
vn 0.0219 0.0409 0.9989
vn 0.0668 0.1249 0.9899
vn 0.1152 0.2156 0.9697
vn 0.0294 0.0358 0.9989
vn 0.0898 0.1095 0.9899
vn 0.1551 0.1889 0.9697
vn 0.0358 0.0294 0.9989
vn 0.1095 0.0898 0.9899
vn 0.1889 0.1551 0.9697
vn 0.1249 0.0668 0.9899
vn 0.2156 0.1152 0.9697
vn 0.0409 0.0219 0.9989
vn 0.0444 0.0135 0.9989
vn 0.1355 0.0411 0.9899
vn 0.2339 0.0710 0.9697
vn 0.1409 0.0139 0.9899
vn 0.2432 0.0240 0.9697
vn 0.0461 0.0045 0.9989
vn 0.0461 -0.0045 0.9989
vn 0.1409 -0.0139 0.9899
vn 0.2432 -0.0240 0.9697
vn 0.2339 -0.0709 0.9697
vn 0.0444 -0.0135 0.9989
vn 0.1355 -0.0411 0.9899
vn 0.0409 -0.0219 0.9989
vn 0.1249 -0.0668 0.9899
vn 0.2156 -0.1152 0.9697
vn 0.0358 -0.0294 0.9989
vn 0.1095 -0.0898 0.9899
vn 0.1889 -0.1551 0.9697
vn 0.0294 -0.0358 0.9989
vn 0.0898 -0.1095 0.9899
vn 0.1551 -0.1889 0.9697
vn 0.0219 -0.0409 0.9989
vn 0.0668 -0.1249 0.9899
vn 0.1152 -0.2156 0.9697
vn 0.0135 -0.0444 0.9989
vn 0.0411 -0.1355 0.9899
vn 0.0710 -0.2339 0.9697
vn 0.0045 -0.0461 0.9989
vn 0.0139 -0.1409 0.9899
vn 0.0240 -0.2433 0.9697
vn -0.2432 -0.0240 0.9697
vn -0.1409 -0.0139 0.9899
vn -0.0461 -0.0045 0.9989
vn -0.2339 -0.0709 0.9697
vn -0.1355 -0.0411 0.9899
vn -0.0444 -0.0135 0.9989
vn -0.2156 -0.1152 0.9697
vn -0.1249 -0.0668 0.9899
vn -0.0409 -0.0219 0.9989
vn -0.1889 -0.1550 0.9697
vn -0.1095 -0.0898 0.9899
vn -0.0358 -0.0294 0.9989
vn -0.1551 -0.1889 0.9697
vn -0.0898 -0.1095 0.9899
vn -0.0294 -0.0358 0.9989
vn -0.1152 -0.2156 0.9697
vn -0.0668 -0.1249 0.9899
vn -0.0219 -0.0409 0.9989
vn -0.0411 -0.1355 0.9899
vn -0.0135 -0.0444 0.9989
vn -0.0710 -0.2339 0.9697
vn -0.0239 -0.2433 0.9697
vn -0.0139 -0.1409 0.9899
vn -0.0045 -0.0461 0.9989
vn -0.9506 0.1428 -0.2755
vn -0.8791 -0.2087 0.4286
vn -0.8552 0.4997 -0.1373
vn -0.9554 0.1477 -0.2558
vn 0.9008 0.1014 -0.4222
vn 0.8936 0.0354 -0.4475
vn 0.8134 -0.0183 0.5814
vn 0.0001 -0.8660 -0.5000
vn 0.3737 -0.4638 -0.8033
vn 0.3737 -0.4638 0.8033
vn 1.0000 0.0001 -0.0000
vn -0.0000 -0.5012 -0.8653
vn 0.8577 0.2516 0.4485
vn 0.8668 0.4983 0.0188
vn 0.8769 -0.2111 -0.4319
vn 0.9554 0.1477 -0.2558
vn 0.9554 0.1477 0.2557
vn -0.8981 0.1329 0.4193
vn -0.9010 -0.1023 -0.4216
vn -0.9983 0.0290 -0.0503
vn -0.7756 -0.0493 -0.6293
vn -0.8874 -0.0294 0.4600
vn -0.9375 -0.2027 -0.2828
vn -0.9959 0.0453 0.0784
vn -0.9959 -0.0453 -0.0784
vn -1.0000 -0.0001 -0.0000
vn -0.1962 0.6467 0.7371
vn 0.3195 0.5978 0.7352
vn 0.1928 -0.6478 0.7370
vn -0.1701 0.3183 0.9326
vn -0.6982 -0.0701 0.7124
vn 0.6984 0.0688 0.7124
vn 0.5280 0.4416 0.7254
vn -0.0647 -0.6693 0.7401
vn -0.6689 -0.2029 0.7151
vn -0.6696 0.2070 0.7133
vn 0.3183 -0.1702 0.9326
vn 0.0576 -0.5923 0.8037
vn 0.1701 -0.3183 0.9326
vn 0.3160 -0.6026 0.7328
vn -0.6253 0.5132 0.5880
vn 0.6689 0.2029 0.7151
vn -0.3147 -0.6000 0.7355
vn -0.6990 0.0702 0.7117
vn -0.5307 0.4439 0.7220
vn 0.0648 -0.6700 0.7395
vn 0.6990 -0.0688 0.7118
vn -0.5131 0.6253 0.5880
vn -0.1701 -0.3183 0.9326
vn -0.0205 0.2122 0.9770
vn -0.0604 0.2027 0.9774
vn -0.0959 0.1829 0.9784
vn -0.1235 0.1534 0.9804
vn -0.1481 0.1239 0.9812
vn -0.1641 0.0894 0.9824
vn -0.1725 0.0533 0.9836
vn -0.1784 0.0179 0.9838
vn -0.1784 -0.0179 0.9838
vn -0.1740 -0.0538 0.9833
vn -0.1641 -0.0894 0.9824
vn -0.1481 -0.1239 0.9812
vn -0.1255 -0.1558 0.9798
vn -0.0946 -0.1804 0.9790
vn -0.0603 -0.2028 0.9774
vn -0.0205 -0.2122 0.9770
vn 0.0205 -0.2122 0.9770
vn 0.0598 -0.2009 0.9778
vn 0.0946 -0.1804 0.9790
vn 0.1255 -0.1558 0.9798
vn 0.1459 -0.1220 0.9818
vn 0.1620 -0.0883 0.9828
vn 0.1725 -0.0533 0.9836
vn 0.1779 -0.0179 0.9839
vn 0.1784 0.0179 0.9838
vn 0.1740 0.0538 0.9833
vn 0.1641 0.0894 0.9824
vn 0.1482 0.1239 0.9812
vn 0.1235 0.1534 0.9804
vn 0.0946 0.1804 0.9790
vn 0.0603 0.2027 0.9774
vn 0.0205 0.2122 0.9770
vn 0.6124 0.3273 0.7196
vn 0.5307 -0.4439 0.7220
vn -0.6124 -0.3273 0.7196
vn 0.9419 0.1180 0.3143
vn 0.4351 -0.5301 0.7278
vn 0.6705 -0.2034 0.7135
vn -0.4351 0.5301 0.7278
vn 0.4281 0.5316 0.7309
vn -0.6146 0.3285 0.7172
vn -0.4333 -0.5279 0.7305
vn 0.6122 -0.3335 0.7170
vn 0.1957 0.6452 0.7386
vn -0.3207 0.5999 0.7330
vn -0.1923 -0.6460 0.7388
vn -0.5324 -0.4370 0.7250
vn 0.7071 -0.7071 -0.0000
vn 0.7071 0.7071 -0.0000
vn -0.2028 0.7573 -0.6207
vn -0.6917 0.6918 -0.2075
vn -0.5544 0.5543 -0.6208
vn -0.7573 0.2030 -0.6208
vn -0.7573 -0.2029 -0.6208
vn -0.6917 -0.6917 -0.2076
vn -0.5544 -0.5544 -0.6207
vn -0.2532 -0.9449 -0.2075
vn -0.2029 -0.7573 -0.6208
vn 0.2532 -0.9449 -0.2075
vn 0.5544 -0.5544 -0.6207
vn 0.6917 -0.6917 -0.2076
vn 0.7573 -0.2029 -0.6207
vn 0.9449 -0.2531 -0.2075
vn 0.7573 0.2030 -0.6208
vn 0.5544 0.5544 -0.6207
vn 0.6917 0.6918 -0.2075
vn 0.2029 0.7573 -0.6208
vn 0.8660 -0.2345 0.4416
vn 0.8248 0.1879 -0.5334
vn -0.8186 0.0320 0.5735
vn -0.0000 -0.5010 0.8654
vn -0.0000 -0.4990 0.8666
vn 0.0981 0.9952 -0.0000
vn -0.9583 -0.2852 -0.0170
vn 0.5545 -0.0546 -0.8304
vn -0.9957 0.0926 -0.0000
vn 0.6177 0.4528 -0.6430
vn -0.5731 0.0564 -0.8175
vn -0.6353 -0.4657 -0.6160
vn 0.0782 0.0573 -0.9953
vn -0.0625 -0.0458 -0.9970
vn 0.1887 -0.1548 -0.9698
vn -0.0676 0.0166 -0.9976
vn 0.0790 -0.0536 -0.9954
vn -0.0547 -0.1805 -0.9821
vn 0.0553 -0.1821 -0.9817
vn -0.6996 0.7146 -0.0000
vn -0.1928 0.1583 -0.9684
vn 0.0225 0.0337 -0.9992
vn -0.1032 0.1009 0.9895
vn 0.1122 -0.1175 0.9867
vn 0.2903 0.9570 -0.0000
vn 0.5556 -0.8315 -0.0000
vn -0.1033 -0.1009 0.9895
vn 0.0225 -0.0336 -0.9992
vn 0.1193 0.1094 0.9868
vn 0.0485 -0.0061 -0.9988
vn 0.0485 0.0061 -0.9988
vn -0.1889 0.1551 0.9697
vn -0.0709 0.2339 0.9697
vn -0.1889 -0.1551 0.9697
vn -0.0240 -0.2433 0.9697
vn -0.0090 0.0909 0.9958
vn -0.0006 0.0940 0.9956
vn -0.0000 -0.1981 -0.9802
vn -0.0000 -0.5617 -0.8273
vn -0.0000 -0.8355 -0.5494
vn -0.0000 -0.9814 -0.1921
vn -0.0000 -0.9814 0.1921
vn -0.0000 -0.8355 0.5494
vn -0.0000 -0.5617 0.8273
vn -0.0000 -0.1981 0.9802
vn -0.0000 0.1981 0.9802
vn -0.0000 0.5617 0.8273
vn -0.0000 0.8355 0.5494
vn -0.0000 0.9814 0.1921
vn -0.0000 0.9814 -0.1921
vn -0.0000 0.8355 -0.5494
vn -0.0000 0.5617 -0.8273
vn -0.0000 0.1981 -0.9802
vn -0.9999 -0.0118 -0.0078
vn -0.9999 -0.0028 0.0137
vn -0.9999 -0.0028 -0.0137
vn -0.9999 0.0140 -0.0027
vn -0.9999 -0.0118 0.0078
vn -0.9999 0.0118 0.0078
vn -0.9999 0.0028 -0.0137
vn -0.9999 -0.0140 -0.0027
vn -0.9999 0.0028 0.0137
vn -0.9999 0.0118 -0.0078
vn -0.9999 -0.0079 -0.0117
vn -0.9999 -0.0079 0.0117
vn -0.9999 0.0140 0.0027
vn -0.9999 -0.0140 0.0027
vn -0.9999 0.0079 0.0116
vn -0.9999 0.0079 -0.0116
vn -0.0000 -0.8355 0.5495
vn -0.0000 0.5617 0.8274
vn -0.0000 0.5601 0.8284
vn -0.0000 -0.5601 -0.8284
vn -0.0000 0.8345 0.5510
vn -0.0000 -0.8345 -0.5510
vn -0.0000 0.9812 0.1929
vn -0.0000 -0.9812 -0.1929
vn -0.0000 0.9812 -0.1929
vn -0.0000 -0.9812 0.1929
vn -0.0000 0.8345 -0.5510
vn -0.0000 -0.8345 0.5510
vn -0.0000 0.5601 -0.8284
vn -0.0000 -0.5601 0.8284
vn -0.0000 0.1973 -0.9803
vn -0.0000 0.1973 0.9803
vn -0.0000 -0.1973 0.9803
vn -0.0000 -0.1973 -0.9803
vn -0.3922 -0.0000 -0.9199
vn -0.3922 -0.0000 0.9199
vn 0.3922 -0.0000 -0.9199
vn 0.3922 -0.0000 0.9199
vn -0.0000 0.2510 -0.9680
vn -0.0000 0.2510 0.9680
vn 0.1591 0.9873 -0.0000
vn -0.0000 -0.2510 -0.9680
vn -0.0000 -0.2510 0.9680
vn 0.1591 -0.9873 -0.0000
vn -0.1591 0.9873 -0.0000
vn -0.1591 -0.9873 -0.0000
vn -0.0000 0.3326 -0.9431
vn 0.9892 0.1466 -0.0000
vn -0.0000 0.4242 0.9056
vn 0.9389 -0.3442 -0.0000
vn -0.0000 -0.3326 -0.9431
vn 0.9892 -0.1466 -0.0000
vn -0.0000 -0.2305 0.9731
vn 0.3207 -0.9472 -0.0000
vn -0.9892 0.1466 -0.0000
vn -0.9892 -0.1466 -0.0000
vn -0.3207 -0.9472 -0.0000
vn -0.0000 0.2014 -0.9795
vn 0.8908 -0.4545 -0.0000
vn -0.0000 0.2014 0.9795
vn 0.1474 -0.9891 -0.0000
vn 0.1474 0.9891 -0.0000
vn 0.1415 0.9899 -0.0000
vn 0.8908 0.4545 -0.0000
vn -0.0000 0.2043 -0.9789
vn -0.0000 -0.2043 0.9789
vn 0.0976 0.2481 -0.9638
vn 0.0976 -0.2481 0.9638
vn 0.1415 -0.9899 -0.0000
vn 0.1197 0.2029 0.9719
vn 0.1197 -0.2029 -0.9719
vn 0.0044 0.2014 0.9795
vn 0.0045 -0.2014 -0.9795
vn 0.0266 -0.1784 0.9836
vn 0.0266 -0.1785 -0.9836
vn -0.8908 -0.4545 -0.0000
vn -0.1474 -0.9891 -0.0000
vn -0.1474 0.9891 -0.0000
vn -0.1415 0.9899 -0.0000
vn -0.8908 0.4545 -0.0000
vn -0.0976 0.2481 -0.9638
vn -0.0976 -0.2481 0.9638
vn -0.1415 -0.9899 -0.0000
vn -0.1197 0.2029 0.9719
vn -0.1197 -0.2029 -0.9719
vn -0.0044 0.2014 0.9795
vn -0.0045 -0.2014 -0.9795
vn -0.0266 -0.1784 0.9836
vn -0.0266 -0.1785 -0.9836
vn -0.9999 -0.0079 -0.0116
vn -0.9999 0.0079 0.0117
vn -0.9999 0.0079 -0.0117
vn -0.0000 -0.8355 -0.5495
vn -0.0000 0.8355 0.5495
vn 0.0247 0.1531 -0.9879
vn 0.0247 0.1531 0.9879
vn 0.0247 -0.1531 -0.9879
vn 0.0247 -0.1531 0.9879
vn -0.0247 0.1531 -0.9879
vn -0.0247 0.1531 0.9879
vn -0.0247 -0.1531 -0.9879
vn -0.0247 -0.1531 0.9879
vn 0.0722 0.2132 -0.9743
vn 0.0941 0.2778 0.9560
vn 0.9389 0.3442 -0.0000
vn 0.0722 -0.2132 -0.9743
vn 0.0492 -0.1452 0.9882
vn -0.0722 0.2132 -0.9743
vn -0.0941 0.2778 0.9560
vn -0.9389 0.3442 -0.0000
vn -0.0722 -0.2132 -0.9743
vn -0.0492 -0.1452 0.9882
vn 0.0266 0.1785 -0.9836
vn 0.0266 0.1784 0.9836
vn 0.0045 0.2014 -0.9795
vn 0.0045 -0.2014 0.9795
vn 0.1197 0.2029 -0.9719
vn 0.1197 -0.2029 0.9719
vn 0.0976 0.2481 0.9638
vn 0.0976 -0.2481 -0.9638
vn -0.0000 0.2043 0.9789
vn -0.0000 -0.2043 -0.9789
vn -0.0000 -0.2014 0.9795
vn -0.0000 -0.2014 -0.9795
vn -0.0266 0.1785 -0.9836
vn -0.0266 0.1784 0.9836
vn -0.0045 0.2014 -0.9795
vn -0.0045 -0.2014 0.9795
vn -0.1197 0.2029 -0.9719
vn -0.1197 -0.2029 0.9719
vn -0.0976 0.2481 0.9638
vn -0.0976 -0.2481 -0.9638
vn 0.4695 0.3955 -0.7894
vn -0.9504 0.2729 -0.1494
vn 0.0716 0.9910 -0.1134
vn -0.5556 0.8315 -0.0000
vn -0.6033 0.7887 -0.1179
vn 0.6421 0.7612 -0.0913
vn -0.4489 -0.5307 0.7189
vn -0.9791 0.1605 -0.1246
vn -0.0653 0.9945 -0.0813
vn -0.4392 -0.8982 -0.0151
vn 0.6358 -0.7571 -0.1505
vn 0.5407 -0.8379 -0.0744
vn 0.7057 0.1389 0.6948
vn 0.6039 -0.7883 -0.1175
vn -0.6443 -0.7595 -0.0899
vn 0.5556 0.8315 -0.0000
vn 0.9945 -0.1040 -0.0107
vn 0.5538 0.8238 -0.1211
vn 0.9194 -0.3414 -0.1952
vn -0.3089 -0.9511 -0.0000
vn 0.5040 0.8637 -0.0000
vn 0.9796 0.2009 -0.0000
vn -0.1951 0.0689 0.9784
vn 0.2513 -0.0887 0.9638
vn 0.2654 0.0544 -0.9626
vn 0.3089 -0.9511 -0.0000
vn -0.5040 0.8637 -0.0000
vn -0.9796 0.2009 -0.0000
vn -0.0100 -0.9999 -0.0000
vn -0.2513 -0.0887 0.9638
vn -0.2654 0.0544 -0.9626
vn 0.0838 -0.8513 0.5179
vn 0.0755 -0.9043 0.4201
vn -0.4172 -0.8567 0.3034
vn -0.0755 -0.9043 0.4201
vn -0.0838 -0.8513 0.5179
vn -0.9967 0.0600 0.0550
vn -0.8437 -0.4178 0.3370
vn -0.7868 0.4466 0.4260
vn -0.2587 0.9657 0.0213
vn 0.7059 -0.7059 -0.0580
vn 0.7052 -0.7052 0.0728
vn 0.9629 -0.2580 -0.0792
vn -0.7052 -0.7052 -0.0728
vn -0.2587 0.9656 -0.0267
vn 0.9612 -0.2575 0.0993
vn -0.9612 -0.2575 -0.0993
vn 0.2587 0.9657 -0.0213
vn -0.7052 0.7052 -0.0728
vn -0.7059 0.7059 0.0580
vn 0.2588 -0.9657 -0.0213
vn 0.7059 0.7059 -0.0580
vn 0.9612 0.2575 0.0993
vn 0.9629 0.2580 -0.0792
vn -0.2588 -0.9657 0.0213
vn -0.9629 0.2580 0.0792
vn 0.2587 -0.9656 0.0267
vn -0.9629 -0.2580 0.0792
vn 0.7052 0.7052 0.0728
vn -0.2587 -0.9656 -0.0267
vn -0.7059 -0.7059 0.0580
vn 0.2587 0.9656 0.0267
vn -0.9612 0.2575 -0.0993
vn -0.9659 -0.2588 -0.0000
vn 0.9659 -0.2588 -0.0000
vn -0.7071 0.7071 -0.0000
vn -0.7071 -0.7071 -0.0000
vn -0.2588 0.9659 -0.0000
vn 0.9659 0.2588 -0.0000
vn 0.2588 -0.9659 -0.0000
vn 0.2588 0.9659 -0.0000
vn -0.9659 0.2588 -0.0000
vn -0.2588 -0.9659 -0.0000
vn 0.0006 0.0940 0.9956
vn 0.0090 0.0909 0.9958
vn 0.9182 0.3955 -0.0226
vn -0.6644 0.2729 0.6958
vn -0.9148 -0.3973 -0.0731
vn -0.6612 0.7501 -0.0152
vn -0.5221 -0.8459 -0.1088
vn -0.9740 0.2267 -0.0000
vn -0.9961 0.0875 -0.0081
vn -0.4969 -0.8597 -0.1182
vn -0.5555 -0.8315 -0.0000
vn 0.3994 -0.5991 0.6940
vn 0.9430 0.2973 -0.1495
vn 0.6611 -0.7501 -0.0151
vn 0.9742 -0.1817 -0.1337
vn 0.9675 -0.2527 -0.0000
vn 0.4773 0.5310 0.7001
vn -0.0100 0.9999 -0.0000
vn 0.2654 0.0544 0.9626
vn 0.2513 -0.0887 -0.9638
vn 0.1951 0.0689 -0.9784
vn -0.2654 0.0544 0.9626
vn -0.2513 -0.0887 -0.9638
vn 0.3207 0.9472 -0.0000
vn -0.3207 0.9472 -0.0000
vn -0.9389 -0.3442 -0.0000
vn 0.3766 -0.9264 -0.0000
vn -0.4560 0.1610 0.8753
vn -0.1951 0.0689 -0.9784
vn 0.0100 -0.9999 -0.0000
vn 0.3766 0.9264 -0.0000
vn 0.4560 0.1610 -0.8753
vn 0.0100 0.9999 -0.0000
vn 0.1951 0.0689 0.9784
vn 0.9430 0.3329 -0.0000
vn 0.4560 0.1610 0.8753
vn -0.3765 -0.9264 -0.0000
vn -0.9430 0.3329 -0.0000
vn -0.4560 0.1610 -0.8753
vn -0.3766 0.9264 -0.0000
vn -0.8269 -0.0000 0.5623
vn -0.0000 0.9794 0.2017
vn 0.6522 -0.0000 -0.7581
vn -0.0000 -0.7516 0.6597
vn -0.0000 0.7516 0.6597
vn -0.0000 -0.9794 0.2017
vn -0.9642 -0.0000 0.2651
vn -0.9682 -0.0410 0.2467
vn -0.9801 0.0347 0.1956
vn -0.9631 0.0020 0.2692
vn -0.9629 0.0039 0.2697
vn -0.9630 -0.0000 0.2696
vn -0.1275 0.9638 0.2342
vn 0.0516 -0.9809 0.1876
vn -0.0551 -0.7499 0.6592
vn -0.1804 -0.0000 0.9836
vn -0.1850 0.7270 0.6613
vn 0.1803 -0.0000 -0.9836
vn -0.0630 0.6728 0.7371
vn 0.0678 0.6733 0.7362
vn 0.0659 0.6698 0.7396
vn 0.0646 0.6685 0.7409
vn -0.0660 0.6698 0.7396
vn -0.0670 0.6699 0.7395
vn 0.0088 0.6782 0.7348
vn 0.0106 0.6686 0.7435
vn -0.0106 0.6686 0.7435
vn -0.0088 0.6782 0.7348
vn 0.0864 0.8740 -0.4781
vn -0.0725 0.8938 -0.4425
vn -0.0279 -0.9455 0.3244
vn -0.0217 0.9185 0.3949
vn -0.0576 -0.5923 0.8037
vn -0.9419 0.1180 0.3143
vn 0.0721 -0.5611 0.8246
vn 0.9415 0.1186 0.3156
vn 0.3765 -0.9264 -0.0000
vn -0.3766 -0.9264 -0.0000
vn 0.9632 -0.0000 -0.2690
vn -0.9801 -0.0347 0.1956
vn -0.9682 0.0410 0.2467
vn -0.9629 -0.0039 0.2697
vn -0.9631 -0.0020 0.2692
vn -0.9860 -0.0000 0.1666
vn -0.0646 0.6685 0.7409
vn 0.0660 0.6698 0.7396
vn 0.0670 0.6698 0.7395
vn 0.0630 0.6728 0.7371
vn -0.0678 0.6733 0.7362
vn -0.0659 0.6698 0.7396
vn 0.0725 0.8938 -0.4425
vn -0.0864 0.8740 -0.4781
vn -0.0217 -0.9185 0.3949
vn -0.0279 0.9455 0.3244
vn -0.0000 0.8723 0.4889
vn -0.1653 0.8307 0.5316
vn -0.0000 0.8469 0.5317
vn 0.1787 -0.4313 -0.8844
vn -0.1531 0.7692 0.6204
vn -0.3000 0.7242 0.6209
vn -0.0000 0.8333 -0.5528
vn -0.1258 0.6325 -0.7643
vn -0.1626 0.8173 -0.5528
vn -0.1804 0.9070 -0.3805
vn -0.0000 0.9248 -0.3805
vn -0.1914 0.9622 -0.1939
vn -0.0000 0.9810 -0.1939
vn -0.1951 0.9808 -0.0000
vn -0.0000 0.2010 -0.9796
vn -0.0392 0.1971 -0.9796
vn -0.0000 0.9810 0.1939
vn -0.1914 0.9622 0.1939
vn -0.1027 0.5163 -0.8502
vn -0.0000 0.5264 -0.8502
vn -0.1702 0.8556 0.4889
vn -0.0769 0.1857 -0.9796
vn -0.2015 0.4864 -0.8502
vn -0.3338 0.8059 0.4889
vn -0.3241 0.7825 0.5317
vn -0.3189 0.7699 -0.5528
vn -0.3539 0.8544 -0.3805
vn -0.3754 0.9063 -0.1939
vn -0.3827 0.9239 -0.0000
vn -0.3754 0.9063 0.1939
vn -0.5138 0.7689 -0.3805
vn -0.5450 0.8157 -0.1939
vn -0.1116 0.1671 -0.9796
vn -0.5450 0.8157 0.1939
vn -0.2925 0.4377 -0.8502
vn -0.4846 0.7253 0.4889
vn -0.4706 0.7043 0.5315
vn 0.3882 -0.2594 -0.8843
vn -0.5546 0.5546 0.6204
vn -0.6511 0.4351 0.6220
vn -0.2468 0.5958 -0.7642
vn -0.4630 0.6929 -0.5528
vn -0.6168 0.6168 0.4889
vn -0.5989 0.5989 0.5317
vn -0.3881 -0.2593 -0.8844
vn 0.5545 0.5547 0.6204
vn -0.3301 -0.3301 -0.8844
vn -0.3583 0.5363 -0.7642
vn -0.5893 0.5893 -0.5528
vn -0.6539 0.6539 -0.3805
vn -0.6937 0.6937 -0.1939
vn -0.1421 0.1421 -0.9796
vn -0.6937 0.6937 0.1939
vn -0.3722 0.3723 -0.8502
vn -0.7689 0.5138 -0.3805
vn -0.8157 0.5450 -0.1939
vn -0.8315 0.5556 -0.0000
vn -0.1671 0.1117 -0.9796
vn -0.8157 0.5450 0.1939
vn -0.4377 0.2925 -0.8502
vn -0.7253 0.4846 0.4889
vn -0.7043 0.4705 0.5316
vn -0.5362 0.3583 -0.7643
vn -0.6929 0.4630 -0.5528
vn -0.8059 0.3338 0.4889
vn -0.7825 0.3241 0.5317
vn -0.7699 0.3189 -0.5528
vn -0.8544 0.3539 -0.3805
vn -0.9063 0.3754 -0.1939
vn -0.9239 0.3827 -0.0000
vn -0.1857 0.0769 -0.9796
vn -0.9063 0.3754 0.1939
vn -0.4864 0.2015 -0.8502
vn -0.9808 0.1951 -0.0000
vn -0.1971 0.0392 -0.9796
vn -0.9622 0.1914 0.1939
vn -0.5163 0.1027 -0.8502
vn -0.8556 0.1702 0.4889
vn -0.8307 0.1653 0.5317
vn -0.4579 -0.0911 -0.8843
vn 0.7838 0.0001 0.6210
vn 0.7681 0.1527 0.6219
vn -0.5958 0.2468 -0.7642
vn -0.8173 0.1626 -0.5528
vn -0.9070 0.1804 -0.3805
vn -0.9622 0.1914 -0.1939
vn 0.3882 0.2594 -0.8843
vn -0.5546 -0.5547 0.6203
vn 0.3301 0.3301 -0.8844
vn -0.6326 0.1258 -0.7642
vn -0.8333 -0.0000 -0.5528
vn -0.9248 -0.0000 -0.3805
vn -0.9810 -0.0000 -0.1939
vn -0.2010 -0.0000 -0.9796
vn -0.9810 -0.0000 0.1939
vn -0.5264 -0.0000 -0.8503
vn -0.8723 -0.0000 0.4889
vn -0.8470 -0.0000 0.5316
vn -0.9808 -0.1951 -0.0000
vn -0.1971 -0.0392 -0.9796
vn -0.9622 -0.1914 0.1939
vn -0.5163 -0.1027 -0.8503
vn -0.8556 -0.1702 0.4889
vn -0.8307 -0.1653 0.5317
vn -0.6325 -0.1258 -0.7643
vn -0.8173 -0.1626 -0.5528
vn -0.9070 -0.1804 -0.3805
vn -0.9622 -0.1914 -0.1939
vn -0.0000 -0.4668 -0.8843
vn 0.1530 0.7693 0.6204
vn -0.0001 0.7831 0.6219
vn -0.7699 -0.3189 -0.5528
vn -0.8544 -0.3539 -0.3805
vn -0.9063 -0.3754 -0.1939
vn -0.9239 -0.3827 -0.0000
vn -0.1857 -0.0769 -0.9796
vn -0.9063 -0.3754 0.1939
vn -0.4864 -0.2015 -0.8502
vn -0.8059 -0.3338 0.4889
vn -0.7825 -0.3241 0.5317
vn -0.1671 -0.1116 -0.9796
vn -0.8157 -0.5450 0.1939
vn -0.4377 -0.2925 -0.8502
vn -0.7253 -0.4846 0.4889
vn -0.7043 -0.4706 0.5315
vn -0.5958 -0.2468 -0.7642
vn -0.6929 -0.4630 -0.5528
vn -0.7689 -0.5138 -0.3805
vn -0.8157 -0.5450 -0.1939
vn -0.8315 -0.5556 -0.0000
vn -0.4560 -0.4560 -0.7643
vn -0.5893 -0.5893 -0.5528
vn -0.6539 -0.6539 -0.3805
vn -0.6937 -0.6937 -0.1939
vn -0.1421 -0.1421 -0.9796
vn -0.6937 -0.6937 0.1939
vn -0.3723 -0.3722 -0.8502
vn -0.6168 -0.6168 0.4889
vn -0.5989 -0.5989 0.5317
vn 0.2594 -0.3882 -0.8843
vn -0.4352 0.6510 0.6220
vn -0.5450 -0.8157 0.1939
vn -0.2925 -0.4377 -0.8502
vn -0.4846 -0.7253 0.4889
vn -0.4706 -0.7043 0.5315
vn -0.3583 -0.5362 -0.7642
vn -0.4630 -0.6929 -0.5528
vn -0.5138 -0.7689 -0.3805
vn -0.5450 -0.8157 -0.1939
vn -0.1116 -0.1671 -0.9796
vn -0.3539 -0.8544 -0.3805
vn -0.3754 -0.9063 -0.1939
vn -0.3827 -0.9239 -0.0000
vn -0.0769 -0.1857 -0.9796
vn -0.3754 -0.9063 0.1939
vn -0.2015 -0.4864 -0.8502
vn -0.3338 -0.8059 0.4889
vn -0.3241 -0.7825 0.5317
vn -0.2468 -0.5959 -0.7642
vn -0.3189 -0.7699 -0.5528
vn -0.1702 -0.8556 0.4889
vn -0.1653 -0.8307 0.5316
vn -0.4312 0.1786 -0.8844
vn 0.7693 -0.1530 0.6204
vn -0.4578 0.0911 -0.8844
vn -0.1258 -0.6325 -0.7643
vn -0.1626 -0.8173 -0.5528
vn -0.1804 -0.9070 -0.3805
vn -0.1914 -0.9622 -0.1939
vn -0.1951 -0.9808 -0.0000
vn -0.0392 -0.1971 -0.9796
vn -0.1914 -0.9622 0.1939
vn -0.1027 -0.5163 -0.8503
vn -0.0000 -0.9248 -0.3805
vn -0.0000 -0.9810 -0.1939
vn -0.0000 -0.2010 -0.9796
vn -0.0000 -0.9810 0.1939
vn -0.0000 -0.5264 -0.8502
vn -0.0000 -0.8723 0.4889
vn -0.0000 -0.8470 0.5316
vn -0.0000 0.4669 -0.8843
vn -0.1530 -0.7692 0.6204
vn 0.0001 -0.7831 0.6219
vn -0.0000 -0.8333 -0.5528
vn 0.1702 -0.8556 0.4889
vn 0.1653 -0.8307 0.5316
vn 0.4578 0.0911 -0.8844
vn -0.7245 -0.3003 0.6205
vn 0.4312 0.1786 -0.8844
vn -0.0000 -0.6449 -0.7642
vn 0.1626 -0.8173 -0.5528
vn 0.1804 -0.9070 -0.3805
vn 0.1914 -0.9622 -0.1939
vn 0.1951 -0.9808 -0.0000
vn 0.0392 -0.1971 -0.9796
vn 0.1914 -0.9622 0.1939
vn 0.1027 -0.5163 -0.8502
vn 0.3539 -0.8544 -0.3805
vn 0.3754 -0.9063 -0.1939
vn 0.3827 -0.9239 -0.0000
vn 0.0769 -0.1857 -0.9796
vn 0.3754 -0.9063 0.1939
vn 0.2015 -0.4864 -0.8502
vn 0.3338 -0.8059 0.4889
vn 0.3241 -0.7825 0.5317
vn 0.2468 -0.5958 -0.7643
vn 0.3189 -0.7699 -0.5528
vn 0.4846 -0.7253 0.4889
vn 0.4705 -0.7043 0.5316
vn 0.4630 -0.6929 -0.5528
vn 0.5138 -0.7689 -0.3805
vn 0.5450 -0.8157 -0.1939
vn 0.1117 -0.1671 -0.9796
vn 0.5450 -0.8157 0.1939
vn 0.2925 -0.4377 -0.8502
vn 0.6937 -0.6937 -0.1939
vn 0.1421 -0.1421 -0.9796
vn 0.6937 -0.6937 0.1939
vn 0.3723 -0.3723 -0.8502
vn 0.6168 -0.6168 0.4889
vn 0.5989 -0.5989 0.5317
vn 0.4560 -0.4560 -0.7643
vn 0.5893 -0.5893 -0.5528
vn 0.6539 -0.6539 -0.3805
vn 0.7246 0.3002 0.6204
vn -0.4313 -0.1786 -0.8844
vn 0.5362 -0.3583 -0.7643
vn 0.6929 -0.4630 -0.5528
vn 0.7689 -0.5138 -0.3805
vn 0.8157 -0.5450 -0.1939
vn 0.8315 -0.5556 -0.0000
vn 0.1671 -0.1117 -0.9796
vn 0.8157 -0.5450 0.1939
vn 0.4377 -0.2925 -0.8502
vn 0.7253 -0.4846 0.4889
vn 0.7043 -0.4706 0.5315
vn 0.9239 -0.3827 -0.0000
vn 0.1857 -0.0769 -0.9796
vn 0.9063 -0.3754 0.1939
vn 0.4863 -0.2015 -0.8502
vn 0.8059 -0.3338 0.4889
vn 0.7825 -0.3241 0.5317
vn 0.7699 -0.3189 -0.5528
vn 0.8544 -0.3539 -0.3805
vn 0.9063 -0.3754 -0.1939
vn 0.5959 -0.2468 -0.7642
vn 0.8173 -0.1626 -0.5528
vn 0.9070 -0.1804 -0.3805
vn 0.9622 -0.1914 -0.1939
vn 0.9808 -0.1951 -0.0000
vn 0.1971 -0.0392 -0.9796
vn 0.9622 -0.1914 0.1939
vn 0.5163 -0.1027 -0.8502
vn 0.8556 -0.1702 0.4889
vn 0.8306 -0.1653 0.5317
vn 0.9810 -0.0000 0.1939
vn 0.2010 -0.0000 -0.9796
vn 0.5264 -0.0000 -0.8503
vn 0.8723 -0.0000 0.4889
vn 0.8470 -0.0000 0.5316
vn 0.0911 -0.4578 -0.8844
vn 0.6326 -0.1258 -0.7642
vn 0.8333 -0.0000 -0.5528
vn 0.9248 -0.0000 -0.3805
vn 0.9810 -0.0000 -0.1939
vn 0.6428 -0.6428 0.4167
vn 0.5050 -0.7558 0.4167
vn 0.9070 0.1804 -0.3805
vn 0.1453 -0.8882 0.4358
vn -0.0000 -0.8556 0.5176
vn 0.9622 0.1914 -0.1939
vn -0.9090 -0.0000 0.4167
vn -0.4668 -0.0000 -0.8843
vn 0.9808 0.1951 -0.0000
vn 0.1971 0.0392 -0.9796
vn -0.7558 -0.5050 0.4167
vn 0.9622 0.1914 0.1939
vn 0.5163 0.1027 -0.8502
vn 0.8556 0.1702 0.4889
vn 0.8307 0.1653 0.5317
vn 0.6325 0.1258 -0.7643
vn 0.8173 0.1626 -0.5528
vn 0.1857 0.0769 -0.9796
vn 0.4864 0.2015 -0.8502
vn 0.8059 0.3338 0.4889
vn 0.7825 0.3241 0.5317
vn -0.3301 0.3301 -0.8844
vn 0.6518 -0.4354 0.6210
vn -0.3882 0.2594 -0.8843
vn 0.7699 0.3189 -0.5528
vn 0.7558 0.5050 0.4167
vn 0.8544 0.3539 -0.3805
vn 0.0911 0.4578 -0.8844
vn 0.3479 0.8399 0.4167
vn 0.1787 0.4313 -0.8844
vn 0.9063 0.3754 -0.1939
vn -0.2594 0.3882 -0.8843
vn -0.6428 0.6428 0.4167
vn -0.5050 0.7558 0.4167
vn 0.9239 0.3827 -0.0000
vn -0.0911 -0.4578 -0.8844
vn -0.3479 -0.8399 0.4167
vn -0.1787 -0.4313 -0.8843
vn 0.9063 0.3754 0.1939
vn 0.7689 0.5138 -0.3805
vn -0.8399 0.3479 0.4167
vn 0.8157 0.5450 -0.1939
vn 0.8916 0.1773 0.4167
vn 0.8315 0.5556 -0.0000
vn 0.1671 0.1117 -0.9796
vn 0.3479 -0.8398 0.4167
vn 0.8157 0.5450 0.1939
vn 0.4377 0.2925 -0.8502
vn 0.7253 0.4846 0.4889
vn 0.7043 0.4705 0.5316
vn 0.4578 -0.0911 -0.8844
vn -0.7838 -0.0001 0.6210
vn 0.4668 -0.0000 -0.8843
vn 0.5363 0.3583 -0.7642
vn 0.6929 0.4630 -0.5528
vn 0.4313 -0.1786 -0.8844
vn 0.8916 -0.1774 0.4167
vn 0.8399 -0.3479 0.4167
vn 0.6168 0.6168 0.4889
vn 0.5989 0.5989 0.5317
vn 0.4560 0.4560 -0.7643
vn 0.5893 0.5893 -0.5528
vn 0.2594 0.3882 -0.8843
vn 0.6428 0.6428 0.4167
vn 0.6539 0.6539 -0.3805
vn -0.1787 0.4313 -0.8843
vn -0.1797 0.8923 0.4140
vn -0.0911 0.4578 -0.8844
vn 0.6937 0.6937 -0.1939
vn -0.2593 -0.3881 -0.8844
vn -0.6428 -0.6428 0.4167
vn 0.1421 0.1421 -0.9796
vn 0.6937 0.6937 0.1939
vn 0.3723 0.3722 -0.8502
vn 0.5138 0.7689 -0.3805
vn 0.5450 0.8157 -0.1939
vn 0.3301 -0.3301 -0.8844
vn 0.7558 -0.5050 0.4167
vn 0.1116 0.1671 -0.9796
vn 0.1797 0.8923 0.4140
vn 0.5450 0.8157 0.1939
vn 0.2925 0.4377 -0.8502
vn 0.4846 0.7253 0.4889
vn 0.4705 0.7043 0.5316
vn 0.3583 0.5362 -0.7642
vn 0.4630 0.6929 -0.5528
vn -0.1602 -0.9077 0.3878
vn 0.3338 0.8059 0.4889
vn 0.3241 0.7825 0.5317
vn 0.2468 0.5958 -0.7642
vn 0.3189 0.7699 -0.5528
vn -0.8916 -0.1774 0.4167
vn 0.3539 0.8544 -0.3805
vn 0.8399 0.3479 0.4167
vn 0.3754 0.9063 -0.1939
vn -0.0000 0.9047 0.4260
vn 0.3827 0.9239 -0.0000
vn 0.0769 0.1857 -0.9796
vn -0.3479 0.8398 0.4167
vn 0.3754 0.9063 0.1939
vn 0.2015 0.4864 -0.8502
vn 0.1804 0.9070 -0.3805
vn 0.1914 0.9622 -0.1939
vn 0.1951 0.9808 -0.0000
vn 0.0392 0.1971 -0.9796
vn 0.1914 0.9622 0.1939
vn 0.1027 0.5163 -0.8502
vn 0.1702 0.8556 0.4889
vn 0.1653 0.8307 0.5316
vn 0.1258 0.6326 -0.7642
vn 0.1626 0.8173 -0.5528
vn -0.8399 -0.3479 0.4167
vn -0.8916 0.1773 0.4167
vn -0.0000 0.6449 -0.7642
vn -0.5050 -0.7558 0.4167
vn 0.5050 0.7558 0.4167
vn 0.9090 -0.0000 0.4167
vn -0.7558 0.5050 0.4167
vn -0.2913 0.2912 0.9112
vn -0.3428 -0.2291 0.9110
vn -0.3801 -0.1575 0.9114
vn -0.3806 0.1577 0.9112
vn -0.1577 0.3806 0.9112
vn -0.4124 -0.0000 0.9110
vn 0.2291 0.3429 0.9110
vn 0.2913 0.2913 0.9112
vn 0.3421 0.2286 0.9114
vn 0.4041 -0.0803 0.9112
vn 0.2289 -0.3426 0.9112
vn 0.2087 0.5807 0.7869
vn -0.0555 0.9042 0.4235
vn 0.4044 0.0804 0.9111
vn 0.3429 -0.2291 0.9110
vn 0.0227 -0.7304 0.6827
vn -0.2291 -0.3429 0.9110
vn 0.1577 0.3806 0.9112
vn 0.3806 0.1577 0.9112
vn -0.4041 -0.0803 0.9112
vn 0.4115 -0.0000 0.9114
vn -0.4036 0.0802 0.9114
vn 0.1368 0.8969 0.4206
vn -0.3426 0.2289 0.9112
vn -0.2289 0.3426 0.9112
vn 0.3806 -0.1577 0.9112
vn 0.2909 -0.2909 0.9115
vn 0.1577 -0.3806 0.9112
vn -0.0012 0.9467 0.3220
vn -0.1577 -0.3806 0.9112
vn -0.2909 -0.2909 0.9115
vn -0.3000 -0.7242 0.6209
vn 0.1531 -0.7692 0.6204
vn 0.3000 -0.7242 0.6209
vn -0.6510 -0.4352 0.6220
vn 0.6510 0.4352 0.6220
vn -0.7688 0.1529 0.6209
vn 0.4355 0.6517 0.6210
vn 0.2997 0.7235 0.6219
vn 0.5542 -0.5543 0.6210
vn -0.4350 -0.6512 0.6219
vn -0.7688 -0.1529 0.6209
vn 0.7242 -0.2999 0.6209
vn -0.7242 0.2999 0.6209
vn 0.4350 -0.6511 0.6219
vn -0.0000 0.9842 0.1771
vn -0.0458 0.9842 0.1711
vn -0.0922 0.9345 0.3440
vn -0.0000 0.9345 0.3561
vn -0.1423 0.8353 0.5311
vn -0.0000 0.8353 0.5498
vn -0.0000 0.4119 0.9112
vn -0.2358 0.4119 0.8802
vn -0.2749 0.8353 0.4762
vn -0.4556 0.4119 0.7891
vn -0.0885 0.9842 0.1534
vn -0.1780 0.9345 0.3084
vn -0.1252 0.9842 0.1252
vn -0.2518 0.9345 0.2518
vn -0.3888 0.8353 0.3888
vn -0.6443 0.4119 0.6443
vn -0.4762 0.8353 0.2749
vn -0.7891 0.4119 0.4556
vn -0.1534 0.9842 0.0885
vn -0.3084 0.9345 0.1780
vn -0.3440 0.9345 0.0922
vn -0.5311 0.8353 0.1423
vn -0.8802 0.4119 0.2358
vn -0.1711 0.9842 0.0458
vn -0.1771 0.9842 -0.0000
vn -0.3561 0.9345 -0.0000
vn -0.5498 0.8353 -0.0000
vn -0.9112 0.4119 -0.0000
vn -0.8802 0.4119 -0.2358
vn -0.1711 0.9842 -0.0458
vn -0.3440 0.9345 -0.0922
vn -0.5311 0.8353 -0.1423
vn -0.3084 0.9345 -0.1780
vn -0.4762 0.8353 -0.2749
vn -0.7891 0.4119 -0.4556
vn -0.1534 0.9842 -0.0885
vn -0.1252 0.9842 -0.1252
vn -0.2518 0.9345 -0.2518
vn -0.3888 0.8353 -0.3888
vn -0.6443 0.4119 -0.6443
vn -0.4556 0.4119 -0.7892
vn -0.0885 0.9842 -0.1534
vn -0.1780 0.9345 -0.3084
vn -0.2749 0.8353 -0.4762
vn -0.0458 0.9842 -0.1711
vn -0.0922 0.9345 -0.3440
vn -0.1423 0.8353 -0.5311
vn -0.2358 0.4119 -0.8802
vn -0.0000 0.9842 -0.1771
vn -0.0000 0.9345 -0.3561
vn -0.0000 0.8353 -0.5498
vn -0.0000 0.4119 -0.9112
vn 0.1423 0.8353 -0.5311
vn 0.2358 0.4119 -0.8802
vn 0.0458 0.9842 -0.1711
vn 0.0922 0.9345 -0.3440
vn 0.1780 0.9345 -0.3084
vn 0.2749 0.8353 -0.4762
vn 0.4556 0.4119 -0.7891
vn 0.0885 0.9842 -0.1534
vn 0.6443 0.4119 -0.6443
vn 0.1252 0.9842 -0.1252
vn 0.2518 0.9345 -0.2518
vn 0.3888 0.8353 -0.3888
vn 0.3084 0.9345 -0.1780
vn 0.4762 0.8353 -0.2749
vn 0.7892 0.4119 -0.4556
vn 0.1534 0.9842 -0.0885
vn 0.3440 0.9345 -0.0922
vn 0.5311 0.8353 -0.1423
vn 0.8802 0.4119 -0.2358
vn 0.1711 0.9842 -0.0458
vn 0.9112 0.4119 -0.0000
vn 0.1771 0.9842 -0.0000
vn 0.3561 0.9345 -0.0000
vn 0.5498 0.8353 -0.0000
vn 0.3440 0.9345 0.0922
vn 0.5311 0.8353 0.1423
vn 0.8802 0.4119 0.2358
vn 0.1711 0.9842 0.0458
vn 0.3084 0.9345 0.1780
vn 0.4762 0.8353 0.2749
vn 0.7891 0.4119 0.4556
vn 0.1534 0.9842 0.0885
vn 0.3888 0.8353 0.3888
vn 0.6443 0.4119 0.6443
vn 0.7071 -0.0000 -0.7071
vn 0.5000 -0.0000 -0.8660
vn 0.1252 0.9842 0.1252
vn 0.5000 -0.0000 0.8660
vn 0.7071 -0.0000 0.7071
vn 0.2518 0.9345 0.2518
vn 0.9659 -0.0000 -0.2588
vn -0.7071 -0.0000 0.7071
vn 0.2358 0.4119 0.8802
vn 0.2588 -0.0000 0.9659
vn 0.2749 0.8353 0.4762
vn 0.2588 -0.0000 -0.9659
vn -0.8660 -0.0000 -0.5000
vn 0.4556 0.4119 0.7891
vn -0.7071 -0.0000 -0.7071
vn 0.0885 0.9842 0.1534
vn -0.5000 -0.0000 0.8660
vn -0.9659 -0.0000 0.2588
vn 0.1780 0.9345 0.3084
vn -0.2588 -0.0000 -0.9659
vn -0.2588 -0.0000 0.9659
vn 0.9659 -0.0000 0.2588
vn 0.0922 0.9345 0.3440
vn -0.9659 -0.0000 -0.2588
vn -0.8660 -0.0000 0.5000
vn 0.1423 0.8353 0.5311
vn 0.0458 0.9842 0.1711
vn -0.5000 -0.0000 -0.8660
vn 0.8660 -0.0000 -0.5000
vn 0.8660 -0.0000 0.5000
vn -0.0000 -0.9842 0.1771
vn 0.0458 -0.9842 0.1711
vn 0.0922 -0.9345 0.3440
vn -0.0000 -0.9345 0.3561
vn 0.1423 -0.8353 0.5311
vn -0.0000 -0.8353 0.5498
vn -0.0000 -0.4119 0.9112
vn 0.2358 -0.4119 0.8802
vn 0.2749 -0.8353 0.4762
vn 0.4556 -0.4119 0.7892
vn 0.0885 -0.9842 0.1534
vn 0.1780 -0.9345 0.3084
vn 0.1252 -0.9842 0.1252
vn 0.2518 -0.9345 0.2518
vn 0.3888 -0.8353 0.3888
vn 0.6443 -0.4119 0.6443
vn 0.4762 -0.8353 0.2749
vn 0.7891 -0.4119 0.4556
vn 0.1534 -0.9842 0.0885
vn 0.3084 -0.9345 0.1780
vn 0.3440 -0.9345 0.0922
vn 0.5311 -0.8353 0.1423
vn 0.8802 -0.4119 0.2358
vn 0.1711 -0.9842 0.0458
vn 0.1771 -0.9842 -0.0000
vn 0.3561 -0.9345 -0.0000
vn 0.5498 -0.8353 -0.0000
vn 0.9112 -0.4119 -0.0000
vn 0.8802 -0.4119 -0.2358
vn 0.1711 -0.9842 -0.0458
vn 0.3440 -0.9345 -0.0922
vn 0.5311 -0.8353 -0.1423
vn 0.4762 -0.8353 -0.2749
vn 0.7892 -0.4119 -0.4556
vn 0.1534 -0.9842 -0.0885
vn 0.3084 -0.9345 -0.1781
vn 0.1252 -0.9842 -0.1252
vn 0.2518 -0.9345 -0.2518
vn 0.3888 -0.8353 -0.3888
vn 0.6443 -0.4119 -0.6443
vn 0.2749 -0.8353 -0.4762
vn 0.4556 -0.4119 -0.7891
vn 0.0885 -0.9842 -0.1534
vn 0.1780 -0.9345 -0.3084
vn 0.0458 -0.9842 -0.1711
vn 0.0922 -0.9345 -0.3440
vn 0.1423 -0.8353 -0.5311
vn 0.2358 -0.4119 -0.8802
vn -0.0000 -0.9842 -0.1771
vn -0.0000 -0.9344 -0.3561
vn -0.0000 -0.8353 -0.5498
vn -0.0000 -0.4119 -0.9112
vn -0.1423 -0.8353 -0.5311
vn -0.2358 -0.4119 -0.8802
vn -0.0458 -0.9842 -0.1711
vn -0.0922 -0.9345 -0.3440
vn -0.1780 -0.9345 -0.3084
vn -0.2749 -0.8353 -0.4762
vn -0.4556 -0.4119 -0.7891
vn -0.0885 -0.9842 -0.1534
vn -0.6443 -0.4119 -0.6443
vn -0.1252 -0.9842 -0.1252
vn -0.2518 -0.9345 -0.2518
vn -0.3888 -0.8353 -0.3888
vn -0.3084 -0.9344 -0.1781
vn -0.4762 -0.8353 -0.2749
vn -0.7891 -0.4119 -0.4556
vn -0.1534 -0.9842 -0.0885
vn -0.3440 -0.9345 -0.0922
vn -0.5311 -0.8353 -0.1423
vn -0.8802 -0.4119 -0.2358
vn -0.1711 -0.9842 -0.0458
vn -0.9112 -0.4119 -0.0000
vn -0.1771 -0.9842 -0.0000
vn -0.3561 -0.9345 -0.0000
vn -0.5498 -0.8353 -0.0000
vn -0.3440 -0.9345 0.0922
vn -0.5311 -0.8353 0.1423
vn -0.8802 -0.4119 0.2358
vn -0.1711 -0.9842 0.0458
vn -0.3084 -0.9345 0.1780
vn -0.4762 -0.8353 0.2749
vn -0.7891 -0.4119 0.4556
vn -0.1534 -0.9842 0.0885
vn -0.3888 -0.8353 0.3888
vn -0.6443 -0.4119 0.6443
vn -0.1252 -0.9842 0.1252
vn -0.2518 -0.9345 0.2518
vn -0.2358 -0.4119 0.8802
vn -0.2749 -0.8353 0.4762
vn -0.4556 -0.4119 0.7892
vn -0.0885 -0.9842 0.1534
vn -0.1780 -0.9345 0.3084
vn -0.0922 -0.9345 0.3440
vn -0.1423 -0.8353 0.5311
vn -0.0458 -0.9842 0.1711
vn 0.4014 -0.8758 0.2681
vn -0.0000 -0.6836 -0.7298
vn -0.6568 -0.7055 0.2661
vn -0.6316 -0.2616 -0.7299
vn -0.5212 0.1832 -0.8335
vn -0.9901 -0.0652 0.1239
vn 0.8720 -0.0000 0.4895
vn 0.4589 0.7370 0.4962
vn 0.9904 -0.0699 0.1191
vn -0.9901 0.0652 0.1239
vn -0.6317 0.2615 -0.7298
vn -0.0331 0.3875 -0.9213
vn -0.6568 0.7055 0.2662
vn 0.3443 -0.1773 -0.9220
vn 0.7377 -0.0499 0.6732
vn 0.6669 0.2862 -0.6880
vn -0.8206 0.5080 0.2618
vn -0.3798 0.5684 -0.7299
vn 0.1881 0.3388 -0.9219
vn -0.1534 0.9512 0.2676
vn 0.3444 0.1773 -0.9219
vn 0.4013 0.8758 0.2681
vn 0.0403 -0.3920 -0.9191
vn -0.2287 -0.6984 0.6782
vn 0.6570 -0.7065 0.2631
vn -0.4003 0.8784 0.2611
vn 0.8206 -0.5051 0.2673
vn -0.4003 -0.8784 0.2611
vn 0.9904 0.0699 0.1191
vn -0.8676 -0.0000 0.4973
vn 0.6570 0.7065 0.2631
vn 0.8206 0.5052 0.2673
vn 0.1545 0.9527 0.2616
vn 0.1545 -0.9527 0.2616
vn 0.5556 -0.8314 -0.0000
vn 0.2351 -0.7008 0.6735
vn -0.0331 -0.3878 -0.9211
vn -0.5769 0.4542 0.6789
vn -0.1837 0.3502 -0.9185
vn -0.1838 -0.3503 -0.9184
vn -0.3478 -0.1889 -0.9183
vn -0.7324 -0.0572 0.6785
vn 0.0404 0.3920 -0.9191
vn -0.2287 0.6984 0.6782
vn -0.5193 0.5007 -0.6925
vn 0.6317 -0.2613 -0.7298
vn -0.4401 -0.7506 0.4929
vn -0.5212 -0.1832 -0.8335
vn 0.0828 -0.6245 -0.7766
vn 0.5295 -0.1763 -0.8298
vn 0.6316 0.2616 -0.7299
vn 0.7377 0.0499 0.6733
vn 0.3864 -0.0421 -0.9214
vn 0.3796 0.5686 -0.7298
vn -0.4401 0.7506 0.4929
vn -0.0972 -0.0000 0.9953
vn 0.5295 0.1762 -0.8298
vn -0.0867 0.6180 -0.7814
vn 0.4589 -0.7371 0.4962
vn 0.0903 -0.0000 0.9959
vn -0.1003 -0.3777 0.9205
vn -0.5769 -0.4542 0.6789
vn 0.4129 -0.0491 0.9095
vn 0.3948 -0.6084 -0.6885
vn 0.3704 -0.1899 0.9093
vn 0.6409 -0.3666 0.6745
vn -0.0868 -0.6180 -0.7814
vn 0.1159 -0.3289 0.9372
vn 0.1159 0.3289 0.9372
vn 0.0143 0.3168 -0.9484
vn -0.0152 -0.3276 -0.9447
vn 0.0828 0.6245 -0.7767
vn -0.1003 0.3777 0.9205
vn 0.1441 -0.0000 0.9896
vn -0.1316 -0.0000 0.9913
vn 0.5860 0.4514 0.6729
vn 0.2351 0.7008 0.6735
vn -0.7324 0.0572 0.6785
vn 0.6408 0.3667 0.6745
vn -0.3928 -0.0377 -0.9189
vn -0.6411 -0.3610 0.6773
vn -0.3884 -0.6060 -0.6942
vn 0.5937 0.2920 0.7499
vn -0.1104 0.3934 0.9127
vn 0.3704 0.1899 0.9092
vn 0.1015 -0.3840 0.9177
vn 0.5192 -0.5041 -0.6902
vn -0.1104 0.3935 0.9127
vn 0.2568 0.1127 -0.9599
vn -0.3230 0.2599 0.9100
vn -0.7087 0.1265 -0.6941
vn -0.7087 -0.1265 -0.6941
vn -0.3230 -0.2599 0.9100
vn -0.3628 -0.1979 0.9106
vn -0.1491 -0.2411 -0.9590
vn 0.6669 -0.2862 -0.6880
vn 0.4128 0.0490 0.9095
vn 0.3160 0.2689 0.9098
vn -0.4122 0.0357 0.9104
vn 0.5192 0.5041 -0.6902
vn 0.1014 0.3840 0.9177
vn -0.6589 0.2885 -0.6947
vn -0.4122 -0.0356 0.9104
vn -0.5193 -0.5007 -0.6926
vn -0.1104 -0.3935 0.9127
vn -0.2220 0.1986 -0.9546
vn 0.7130 0.1320 -0.6886
vn 0.2919 -0.6170 0.7308
vn 0.1000 -0.6754 0.7307
vn -0.1000 0.6753 0.7307
vn 0.5930 -0.2917 0.7505
vn 0.4583 -0.5058 0.7308
vn -0.2920 0.6171 0.7307
vn -0.1007 0.6795 -0.7268
vn 0.4611 -0.5090 -0.7269
vn 0.1006 -0.6794 -0.7268
vn -0.6343 0.2596 0.7282
vn -0.4612 0.5091 -0.7267
vn -0.4584 0.5059 0.7307
vn 0.4583 0.5058 0.7308
vn 0.5435 0.2788 -0.7918
vn -0.1001 -0.6753 0.7307
vn 0.7323 -0.1001 -0.6736
vn 0.7438 -0.0550 0.6661
vn 0.7331 0.1002 -0.6727
vn 0.7425 0.0546 0.6676
vn 0.4611 0.5090 -0.7268
vn 0.2919 0.6170 0.7309
vn 0.2938 0.6208 -0.7269
vn -0.6898 0.0795 -0.7196
vn -0.6980 0.0408 0.7149
vn -0.4560 0.4560 -0.7642
vn -0.6450 -0.0000 -0.7642
vn -0.5363 -0.3583 -0.7642
vn 0.1258 -0.6326 -0.7642
vn 0.3583 -0.5363 -0.7642
vn 0.6450 -0.0000 -0.7642
vn 0.5959 0.2468 -0.7642
vn -0.3684 0.8233 0.4318
vn 0.6121 0.4415 0.6560
vn -0.0024 0.8119 0.5837
vn -0.3301 -0.5353 0.7774
vn -0.0000 0.6836 -0.7299
vn 0.3797 -0.5684 -0.7299
vn 0.1496 -0.2375 -0.9598
vn 0.0143 -0.3168 -0.9484
vn -0.0152 0.3276 -0.9447
vn 0.2058 -0.1937 -0.9592
vn 0.5192 -0.5041 -0.6901
vn -0.2801 0.0431 -0.9590
vn -0.2801 -0.0432 -0.9590
vn 0.2568 -0.1127 -0.9599
vn 0.2058 0.1937 -0.9592
vn -0.2574 0.1193 -0.9589
vn -0.2220 -0.1985 -0.9546
vn 0.2764 0.0499 -0.9598
vn -0.2939 0.6209 -0.7267
vn 0.5470 -0.2806 -0.7887
vn 0.2938 -0.6208 -0.7268
vn -0.6043 0.2952 -0.7400
vn -0.1007 -0.6795 -0.7267
vn 0.9675 0.2527 -0.0000
vn -0.9740 -0.2267 -0.0000
vn -0.5232 0.8502 -0.0587
vn 0.4413 0.5068 0.7406
vn 0.0001 -0.0000 -1.0000
vn 0.0758 0.0622 -0.9952
vn -0.0000 0.0001 -1.0000
vn 0.0938 -0.0283 -0.9952
vn -0.0001 -0.0000 -1.0000
vn -0.0003 -0.0000 -1.0000
vn -0.0975 -0.0096 -0.9952
vn -0.0938 0.0285 -0.9952
vn 0.0238 0.9966 -0.0788
vn 0.6162 -0.0000 -0.7876
vn -0.0000 -0.9133 -0.4074
vn -0.0000 0.9132 -0.4074
vn -0.6162 -0.0000 -0.7876
vn 0.5960 0.3983 0.6972
vn -0.5403 -0.8086 0.2329
vn 0.8314 -0.5556 -0.0000
vn -0.5557 0.8314 -0.0000
vn 0.5555 0.8315 -0.0000
vn -0.5482 0.8204 -0.1628
vn 0.8086 0.5403 0.2329
vn -0.8086 -0.5403 0.2329
vn 0.9538 0.1897 0.2328
vn -0.9538 -0.1897 0.2329
vn 0.9538 -0.1897 0.2329
vn -0.9538 0.1897 0.2329
vn 0.8086 -0.5403 0.2328
vn -0.8086 0.5403 0.2329
vn 0.5403 -0.8086 0.2328
vn -0.5403 0.8086 0.2329
vn 0.1897 -0.9538 0.2329
vn 0.1897 0.9538 0.2329
vn -0.1897 0.9538 0.2329
vn -0.1898 -0.9538 0.2329
vn 0.5403 0.8086 0.2329
vn 0.1923 -0.9677 -0.1628
vn 0.1925 0.9677 -0.1628
vn -0.1925 0.9677 -0.1628
vn -0.1924 -0.9677 -0.1629
vn 0.5482 0.8204 -0.1628
vn -0.5482 -0.8203 -0.1628
vn 0.8204 0.5481 -0.1628
vn -0.8204 -0.5481 -0.1628
vn 0.9677 0.1925 -0.1628
vn -0.9677 -0.1925 -0.1628
vn 0.9677 -0.1925 -0.1628
vn -0.9677 0.1925 -0.1628
vn 0.8204 -0.5481 -0.1628
vn -0.8203 0.5482 -0.1628
vn 0.5480 -0.8205 -0.1628
vn 0.1398 -0.7031 0.6972
vn 0.1399 0.7031 0.6972
vn -0.7031 0.1398 0.6972
vn 0.5960 -0.3983 0.6972
vn -0.5960 -0.3983 0.6972
vn -0.1398 0.7031 0.6972
vn 0.7031 0.1399 0.6972
vn -0.1399 -0.7031 0.6972
vn -0.5960 0.3983 0.6972
vn 0.3983 0.5960 0.6972
vn 0.3983 -0.5960 0.6972
vn -0.7031 -0.1398 0.6972
vn 0.7031 -0.1399 0.6972
vn -0.3983 -0.5960 0.6972
vn -0.3983 0.5960 0.6972
vn 0.8315 -0.5555 -0.0000
vn 0.8315 0.5555 -0.0000
vn -0.8315 -0.5555 -0.0000
vn -0.5481 0.8204 -0.1628
vn 0.8086 0.5403 0.2328
vn 0.9538 0.1898 0.2328
vn 0.8087 -0.5402 0.2328
vn 0.5403 -0.8086 0.2329
vn 0.1897 -0.9538 0.2328
vn -0.1898 0.9538 0.2328
vn 0.5402 0.8086 0.2328
vn 0.1925 -0.9677 -0.1628
vn -0.1926 -0.9677 -0.1628
vn 0.5481 0.8204 -0.1628
vn -0.5481 -0.8204 -0.1628
vn 0.9677 0.1926 -0.1628
vn 0.9677 -0.1926 -0.1628
vn -0.9677 0.1926 -0.1628
vn 0.5481 -0.8204 -0.1628
vn -0.3982 0.5960 0.6972
vn -0.8314 0.5556 -0.0000
vn -0.5403 -0.8086 0.2328
vn -0.5555 0.8315 -0.0000
vn 0.5557 0.8314 -0.0000
vn 0.8314 0.5556 -0.0000
vn 0.9538 0.1898 0.2329
vn 0.9538 -0.1898 0.2328
vn 0.8086 -0.5403 0.2329
vn -0.1898 0.9538 0.2329
vn -0.1897 -0.9538 0.2329
vn 0.5403 0.8086 0.2328
vn -0.1926 0.9677 -0.1628
vn -0.1925 -0.9677 -0.1628
vn -0.5482 -0.8204 -0.1628
vn -0.8203 -0.5482 -0.1628
vn -0.9677 -0.1926 -0.1628
vn -0.8204 0.5481 -0.1628
vn 0.5482 -0.8204 -0.1628
vn -0.0000 0.0001 1.0000
vn 0.1399 -0.7031 0.6972
vn 0.1398 0.7031 0.6972
vn -0.7031 0.1399 0.6972
vn -0.1399 0.7031 0.6972
vn 0.7031 0.1398 0.6972
vn -0.1398 -0.7031 0.6972
vn -0.7031 -0.1399 0.6972
vn 0.7031 -0.1398 0.6972
vn -0.8315 0.5555 -0.0000
vn 0.5556 0.8314 -0.0000
vn 0.8087 0.5402 0.2328
vn -0.8086 0.5403 0.2328
vn 0.5402 -0.8086 0.2328
vn 0.1898 -0.9538 0.2329
vn 0.1898 0.9538 0.2328
vn -0.1898 -0.9538 0.2328
vn -0.0000 0.8687 0.4954
vn -0.1844 0.6882 0.7017
vn -0.0000 0.7125 0.7017
vn -0.2502 0.9337 -0.2561
vn -0.0000 0.7125 -0.7017
vn -0.1315 0.4908 -0.8613
vn -0.1844 0.6882 -0.7017
vn -0.1315 0.4907 0.8613
vn -0.0000 0.5081 0.8613
vn -0.2502 0.9337 0.2561
vn -0.0000 0.9666 0.2561
vn -0.0000 0.8687 -0.4954
vn -0.2248 0.8391 -0.4954
vn -0.0000 0.2689 0.9632
vn -0.0696 0.2597 0.9632
vn -0.0000 0.2689 -0.9632
vn -0.0696 0.2597 -0.9632
vn -0.2248 0.8391 0.4954
vn -0.0000 0.9666 -0.2561
vn -0.0000 0.5081 -0.8613
vn -0.3562 0.6170 -0.7017
vn -0.4343 0.7523 -0.4954
vn -0.2540 0.4400 0.8613
vn -0.1345 0.2329 0.9632
vn -0.1344 0.2329 -0.9632
vn -0.4833 0.8371 0.2561
vn -0.4343 0.7523 0.4954
vn -0.4833 0.8371 -0.2561
vn -0.2540 0.4400 -0.8613
vn -0.3562 0.6170 0.7017
vn -0.5000 0.8660 -0.0000
vn -0.6835 0.6835 -0.2561
vn -0.3593 0.3593 -0.8613
vn -0.5038 0.5038 -0.7017
vn -0.3593 0.3592 0.8613
vn -0.6835 0.6835 0.2561
vn -0.6143 0.6143 -0.4954
vn -0.1901 0.1901 0.9632
vn -0.1901 0.1901 -0.9632
vn -0.6143 0.6142 0.4954
vn -0.5038 0.5038 0.7017
vn -0.8371 0.4833 -0.2561
vn -0.2329 0.1344 0.9632
vn -0.4400 0.2540 -0.8613
vn -0.6170 0.3562 0.7017
vn -0.8660 0.5000 -0.0000
vn -0.6170 0.3562 -0.7017
vn -0.4400 0.2540 0.8613
vn -0.8371 0.4833 0.2561
vn -0.7523 0.4343 -0.4954
vn -0.2329 0.1344 -0.9632
vn -0.7523 0.4343 0.4954
vn -0.9337 0.2502 0.2562
vn -0.8391 0.2248 -0.4954
vn -0.4908 0.1315 0.8613
vn -0.2597 0.0696 0.9632
vn -0.2597 0.0696 -0.9632
vn -0.8391 0.2248 0.4954
vn -0.9337 0.2502 -0.2562
vn -0.4908 0.1315 -0.8613
vn -0.6882 0.1844 0.7017
vn -0.6882 0.1844 -0.7017
vn -0.9666 -0.0000 -0.2561
vn -0.7125 -0.0000 -0.7017
vn -0.7125 -0.0000 0.7017
vn -0.5081 -0.0000 0.8613
vn -0.9666 -0.0000 0.2561
vn -0.8687 -0.0000 -0.4954
vn -0.2689 -0.0000 0.9632
vn -0.2689 -0.0000 -0.9632
vn -0.8687 -0.0000 0.4954
vn -0.5081 -0.0000 -0.8613
vn -0.9337 -0.2502 0.2562
vn -0.8391 -0.2248 0.4954
vn -0.9337 -0.2502 -0.2562
vn -0.2597 -0.0696 0.9632
vn -0.4908 -0.1315 -0.8613
vn -0.6882 -0.1844 0.7017
vn -0.6882 -0.1844 -0.7017
vn -0.4908 -0.1315 0.8613
vn -0.8391 -0.2248 -0.4954
vn -0.2597 -0.0696 -0.9632
vn -0.8371 -0.4833 0.2561
vn -0.6170 -0.3562 -0.7017
vn -0.7523 -0.4343 -0.4954
vn -0.2329 -0.1345 0.9632
vn -0.2329 -0.1344 -0.9632
vn -0.7523 -0.4343 0.4954
vn -0.8371 -0.4833 -0.2561
vn -0.4400 -0.2540 -0.8613
vn -0.6170 -0.3562 0.7017
vn -0.8660 -0.5000 -0.0000
vn -0.4400 -0.2540 0.8613
vn -0.6143 -0.6143 0.4954
vn -0.5038 -0.5038 0.7017
vn -0.5038 -0.5038 -0.7017
vn -0.3593 -0.3593 0.8613
vn -0.6835 -0.6835 0.2561
vn -0.6143 -0.6143 -0.4954
vn -0.1901 -0.1901 0.9632
vn -0.1901 -0.1901 -0.9632
vn -0.6835 -0.6835 -0.2561
vn -0.3593 -0.3593 -0.8613
vn -0.1345 -0.2329 -0.9632
vn -0.4343 -0.7523 0.4954
vn -0.4833 -0.8371 -0.2561
vn -0.1345 -0.2329 0.9632
vn -0.2540 -0.4400 -0.8613
vn -0.3562 -0.6170 0.7017
vn -0.5000 -0.8660 -0.0000
vn -0.3562 -0.6170 -0.7017
vn -0.2540 -0.4400 0.8613
vn -0.4833 -0.8371 0.2561
vn -0.4343 -0.7523 -0.4954
vn -0.1844 -0.6882 0.7017
vn -0.1315 -0.4908 0.8613
vn -0.2502 -0.9337 0.2561
vn -0.1844 -0.6882 -0.7017
vn -0.2248 -0.8391 -0.4954
vn -0.0696 -0.2597 0.9632
vn -0.0696 -0.2597 -0.9632
vn -0.2248 -0.8391 0.4954
vn -0.2502 -0.9337 -0.2561
vn -0.1315 -0.4908 -0.8613
vn -0.0000 -0.2689 -0.9632
vn -0.0000 -0.5081 -0.8613
vn -0.0000 -0.7125 0.7017
vn -0.0000 -0.7125 -0.7017
vn -0.0000 -0.5081 0.8613
vn -0.0000 -0.9666 0.2561
vn -0.0000 -0.8687 -0.4954
vn -0.0000 -0.2689 0.9632
vn -0.0000 -0.8687 0.4954
vn -0.0000 -0.9666 -0.2561
vn 0.0696 -0.2597 0.9632
vn 0.0696 -0.2597 -0.9632
vn 0.2248 -0.8391 0.4954
vn 0.2248 -0.8391 -0.4954
vn 0.2502 -0.9337 -0.2561
vn 0.1315 -0.4908 -0.8613
vn 0.1844 -0.6882 0.7017
vn 0.1844 -0.6882 -0.7017
vn 0.1315 -0.4908 0.8613
vn 0.2502 -0.9337 0.2561
vn 0.2540 -0.4400 -0.8613
vn 0.3562 -0.6170 -0.7017
vn 0.3562 -0.6170 0.7017
vn 0.2540 -0.4400 0.8613
vn 0.5000 -0.8660 -0.0000
vn 0.4833 -0.8371 0.2561
vn 0.4343 -0.7523 -0.4954
vn 0.1345 -0.2329 0.9632
vn 0.1345 -0.2329 -0.9632
vn 0.4343 -0.7523 0.4954
vn 0.4833 -0.8371 -0.2561
vn 0.1901 -0.1901 0.9632
vn 0.1901 -0.1901 -0.9632
vn 0.3593 -0.3593 -0.8613
vn 0.6143 -0.6143 0.4954
vn 0.5038 -0.5038 0.7017
vn 0.6835 -0.6835 -0.2561
vn 0.5038 -0.5038 -0.7017
vn 0.3593 -0.3593 0.8613
vn 0.6835 -0.6835 0.2562
vn 0.6143 -0.6143 -0.4954
vn 0.6170 -0.3562 -0.7017
vn 0.7523 -0.4343 -0.4954
vn 0.4400 -0.2540 0.8613
vn 0.2329 -0.1345 0.9632
vn 0.2329 -0.1345 -0.9632
vn 0.8371 -0.4833 0.2561
vn 0.7523 -0.4343 0.4954
vn 0.8371 -0.4833 -0.2561
vn 0.4400 -0.2540 -0.8613
vn 0.6170 -0.3562 0.7017
vn 0.8660 -0.5000 -0.0000
vn 0.6882 -0.1844 -0.7017
vn 0.6882 -0.1844 0.7017
vn 0.4908 -0.1315 0.8613
vn 0.9337 -0.2502 0.2561
vn 0.8391 -0.2248 -0.4954
vn 0.2597 -0.0696 0.9632
vn 0.2597 -0.0696 -0.9632
vn 0.8391 -0.2248 0.4954
vn 0.9337 -0.2502 -0.2561
vn 0.4908 -0.1315 -0.8613
vn 0.9666 -0.0000 -0.2561
vn 0.2689 -0.0000 0.9632
vn 0.2689 -0.0000 -0.9632
vn 0.5081 -0.0000 -0.8613
vn 0.7125 -0.0000 0.7017
vn 0.7125 -0.0000 -0.7017
vn 0.5081 -0.0000 0.8613
vn 0.9666 -0.0000 0.2561
vn 0.8687 -0.0000 -0.4954
vn 0.8687 -0.0000 0.4954
vn 0.6882 0.1844 -0.7017
vn 0.8391 0.2248 -0.4954
vn 0.4908 0.1315 0.8613
vn 0.2597 0.0696 0.9632
vn 0.2597 0.0696 -0.9632
vn 0.9337 0.2502 0.2561
vn 0.8391 0.2248 0.4954
vn 0.9337 0.2502 -0.2561
vn 0.4908 0.1315 -0.8613
vn 0.6882 0.1844 0.7017
vn 0.8660 0.5000 -0.0000
vn 0.6170 0.3562 -0.7017
vn 0.4400 0.2540 0.8613
vn 0.8371 0.4833 0.2561
vn 0.7523 0.4344 -0.4954
vn 0.2329 0.1345 0.9632
vn 0.2329 0.1345 -0.9632
vn 0.7523 0.4343 0.4954
vn 0.8371 0.4833 -0.2561
vn 0.4400 0.2540 -0.8613
vn 0.6170 0.3562 0.7017
vn 0.6835 0.6835 -0.2561
vn 0.1901 0.1901 0.9632
vn 0.3593 0.3593 -0.8613
vn 0.6143 0.6143 0.4954
vn 0.5038 0.5038 0.7017
vn 0.5038 0.5038 -0.7017
vn 0.3593 0.3592 0.8613
vn 0.6835 0.6835 0.2561
vn 0.6143 0.6143 -0.4954
vn 0.1901 0.1901 -0.9632
vn 0.5000 0.8660 -0.0000
vn 0.4833 0.8371 0.2562
vn 0.4343 0.7523 -0.4954
vn 0.2540 0.4400 0.8613
vn 0.1344 0.2329 0.9632
vn 0.1344 0.2329 -0.9632
vn 0.4343 0.7523 0.4954
vn 0.4833 0.8371 -0.2562
vn 0.2540 0.4400 -0.8613
vn 0.3562 0.6170 0.7017
vn 0.3562 0.6170 -0.7017
vn 0.2502 0.9337 -0.2561
vn 0.1844 0.6882 -0.7017
vn 0.1315 0.4908 0.8613
vn 0.2502 0.9337 0.2561
vn 0.2248 0.8391 -0.4954
vn 0.0696 0.2597 0.9632
vn 0.0696 0.2597 -0.9632
vn 0.2248 0.8391 0.4954
vn 0.1315 0.4908 -0.8613
vn 0.1844 0.6882 0.7017
vt 0.461206 0.813073
vt 0.459044 0.804552
vt 0.465510 0.820235
vt 0.467775 0.813110
vt 0.465510 0.820256
vt 0.188479 0.813073
vt 0.190640 0.804552
vt 0.190640 0.804572
vt 0.188479 0.813094
vt 0.425196 0.638028
vt 0.224489 0.638048
vt 0.224489 0.638028
vt 0.425196 0.638049
vt 0.229101 0.646077
vt 0.190640 0.819890
vt 0.184175 0.820235
vt 0.181910 0.813110
vt 0.181910 0.813090
vt 0.229101 0.980089
vt 0.420584 0.980089
vt 0.459044 0.819890
vt 0.461206 0.813093
vt 0.459044 0.819910
vt 0.188479 0.813093
vt 0.190640 0.804572
vt 0.229101 0.646057
vt 0.420584 0.646057
vt 0.465510 0.804158
vt 0.425196 0.638048
vt 0.224488 0.988151
vt 0.425196 0.988151
vt 0.467775 0.813090
vt 0.184175 0.804158
vt 0.459044 0.804572
vt 0.224489 0.638049
vt 0.465510 0.804179
vt 0.425196 0.988172
vt 0.181910 0.813109
vt 0.184175 0.820255
vt 0.465510 0.804178
vt 0.184175 0.804179
vt 0.184175 0.820256
vt 0.184175 0.804178
vt 0.237822 0.648330
vt 0.225909 0.655207
vt 0.223561 0.651151
vt 0.426924 0.650531
vt 0.424783 0.654229
vt 0.412869 0.647351
vt 0.365073 0.819890
vt 0.365073 0.806493
vt 0.459048 0.806308
vt 0.415732 0.984000
vt 0.411910 0.977363
vt 0.423817 0.970490
vt 0.223447 0.975428
vt 0.227849 0.967826
vt 0.239753 0.974698
vt 0.191078 0.806308
vt 0.285054 0.806493
vt 0.285054 0.819890
vt 0.339267 0.851190
vt 0.350869 0.781892
vt 0.235484 0.644268
vt 0.229575 0.647679
vt 0.422033 0.647707
vt 0.459048 0.820075
vt 0.416512 0.974707
vt 0.413938 0.980886
vt 0.233875 0.971305
vt 0.227701 0.977885
vt 0.299257 0.844491
vt 0.339267 0.775193
vt 0.310860 0.775193
vt 0.427654 0.977117
vt 0.310860 0.851190
vt 0.299257 0.781892
vt 0.191078 0.820075
vt 0.235370 0.982312
vt 0.350869 0.844491
vt 0.229494 0.978920
vt 0.415002 0.643648
vt 0.419174 0.979447
vt 0.295913 0.813191
vt 0.304869 0.848169
vt 0.310489 0.838436
vt 0.346795 0.775551
vt 0.281600 0.813191
vt 0.303331 0.775551
vt 0.303331 0.850832
vt 0.368527 0.813191
vt 0.346795 0.850832
vt 0.924158 0.808911
vt 0.887194 0.962878
vt 0.794465 0.808911
vt 0.324842 0.804552
vt 0.886990 0.640919
vt 0.794465 0.794088
vt 0.701941 0.640919
vt 0.324842 0.819890
vt 0.228889 0.979212
vt 0.339638 0.787947
vt 0.310489 0.787947
vt 0.339638 0.838436
vt 0.354213 0.813191
vt 0.301541 0.813191
vt 0.313302 0.792820
vt 0.317462 0.800026
vt 0.332664 0.800026
vt 0.336825 0.792820
vt 0.336824 0.833563
vt 0.348586 0.813191
vt 0.313302 0.833563
vt 0.332664 0.826357
vt 0.340265 0.813191
vt 0.317462 0.826357
vt 0.309862 0.813191
vt 0.461206 0.813094
vt 0.459044 0.804572
vt 0.420584 0.646078
vt 0.190640 0.819911
vt 0.229101 0.980110
vt 0.224488 0.988172
vt 0.420584 0.980110
vt 0.459044 0.819911
vt 0.664773 0.808911
vt 0.701941 0.963727
vt 0.664773 0.794088
vt 0.229101 0.980109
vt 0.190640 0.819910
vt 0.465510 0.820255
vt 0.467775 0.813109
vt 0.420584 0.646077
vt 0.420584 0.980109
vt 0.425196 0.988171
vt 0.224488 0.988171
vt 0.235484 0.644267
vt 0.226357 0.655981
vt 0.238268 0.649104
vt 0.410931 0.650717
vt 0.422836 0.657590
vt 0.423950 0.970720
vt 0.412044 0.977594
vt 0.238124 0.977527
vt 0.226214 0.970651
vt 0.226564 0.649417
vt 0.423632 0.648630
vt 0.423244 0.979663
vt 0.225092 0.976378
vt 0.427654 0.977116
vt 0.334941 0.839619
vt 0.343011 0.834960
vt 0.204939 0.585160
vt 0.216106 0.568427
vt 0.216106 0.585160
vt 0.307115 0.791423
vt 0.297237 0.808532
vt 0.307115 0.834960
vt 0.334941 0.786764
vt 0.352889 0.817851
vt 0.315185 0.839619
vt 0.315185 0.786764
vt 0.352889 0.808532
vt 0.297237 0.817851
vt 0.343011 0.791423
vt 0.216106 0.605645
vt 0.262355 0.572504
vt 0.216106 0.585161
vt 0.204939 0.490244
vt 0.216106 0.510727
vt 0.216106 0.490244
vt 0.204939 0.510727
vt 0.204939 0.568427
vt 0.204939 0.605645
vt 0.216106 0.527460
vt 0.204939 0.527460
vt 0.204939 0.585161
vt 0.306700 0.816266
vt 0.307067 0.810178
vt 0.307067 0.816205
vt 0.262355 0.523383
vt 0.262355 0.509866
vt 0.262355 0.561461
vt 0.262355 0.586022
vt 0.262355 0.534426
vt 0.343426 0.810117
vt 0.318675 0.796100
vt 0.313455 0.799113
vt 0.336671 0.799113
vt 0.336907 0.798826
vt 0.331582 0.830632
vt 0.336671 0.827270
vt 0.336907 0.827557
vt 0.313219 0.798826
vt 0.306700 0.810117
vt 0.313219 0.827557
vt 0.313455 0.827270
vt 0.331582 0.795751
vt 0.331451 0.796100
vt 0.343426 0.816266
vt 0.343059 0.816205
vt 0.318675 0.830283
vt 0.318544 0.830632
vt 0.318544 0.795751
vt 0.343059 0.810178
vt 0.331451 0.830283
vt 0.465509 0.820235
vt 0.465509 0.804158
vt 0.465509 0.804179
vt 0.465509 0.820256
vt 0.465509 0.804178
vt 0.226751 0.656660
vt 0.232705 0.653223
vt 0.229522 0.647709
vt 0.411754 0.649287
vt 0.417709 0.652725
vt 0.420962 0.647089
vt 0.418417 0.974885
vt 0.421692 0.980559
vt 0.426728 0.975518
vt 0.238088 0.977591
vt 0.232132 0.974152
vt 0.229408 0.978870
vt 0.345068 0.847840
vt 0.225717 0.654875
vt 0.424371 0.971447
vt 0.424701 0.972017
vt 0.345068 0.778542
vt 0.412462 0.978322
vt 0.238660 0.649785
vt 0.226177 0.970714
vt 0.423663 0.656162
vt 0.346795 0.775551
vt 0.886990 0.963727
vt 0.336824 0.792820
vt 0.465509 0.820255
vt 0.239130 0.650600
vt 0.235483 0.644267
vt 0.421745 0.659476
vt 0.424650 0.971929
vt 0.412740 0.978805
vt 0.238102 0.977566
vt 0.226191 0.970689
vt 0.227783 0.648713
vt 0.227222 0.657475
vt 0.424986 0.653877
vt 0.409844 0.652606
vt 0.425168 0.978552
vt 0.226556 0.977223
vt 0.339266 0.851190
vt 0.906612 0.585160
vt 0.893326 0.568427
vt 0.906612 0.568427
vt 0.315185 0.786764
vt 0.849878 0.572504
vt 0.893326 0.605644
vt 0.893326 0.585161
vt 0.906612 0.490244
vt 0.893326 0.510727
vt 0.906612 0.510727
vt 0.893326 0.510726
vt 0.906612 0.510726
vt 0.906612 0.585161
vt 0.906612 0.605645
vt 0.893326 0.585160
vt 0.893326 0.527460
vt 0.906612 0.527460
vt 0.906612 0.605644
vt 0.893326 0.490244
vt 0.849878 0.523383
vt 0.893326 0.605645
vt 0.849878 0.534426
vt 0.849878 0.586022
vt 0.849878 0.561461
vt 0.849878 0.509866
vt 0.519093 0.718650
vt 0.528519 0.728076
vt 0.519093 0.729004
vt 0.627211 0.369749
vt 0.632165 0.373059
vt 0.627537 0.373059
vt 0.519093 0.706835
vt 0.526499 0.717920
vt 0.529100 0.704845
vt 0.533621 0.715759
vt 0.537583 0.725327
vt 0.601409 0.419126
vt 0.595821 0.408003
vt 0.603052 0.410155
vt 0.626246 0.366566
vt 0.631750 0.368847
vt 0.624678 0.363633
vt 0.630521 0.364796
vt 0.533621 0.702428
vt 0.540185 0.712252
vt 0.545937 0.720861
vt 0.537583 0.699176
vt 0.545937 0.707530
vt 0.553260 0.714852
vt 0.622568 0.361063
vt 0.628526 0.361063
vt 0.619998 0.358953
vt 0.625840 0.357791
vt 0.550658 0.701777
vt 0.559269 0.707530
vt 0.636667 0.412113
vt 0.625324 0.408003
vt 0.631988 0.404508
vt 0.554167 0.695213
vt 0.563733 0.699176
vt 0.628547 0.329664
vt 0.618092 0.335962
vt 0.619736 0.326991
vt 0.618836 0.353110
vt 0.617064 0.357385
vt 0.543252 0.690693
vt 0.614785 0.351881
vt 0.613882 0.356419
vt 0.556327 0.688092
vt 0.566483 0.690112
vt 0.567412 0.680686
vt 0.610572 0.351467
vt 0.610572 0.356093
vt 0.544741 0.685787
vt 0.557056 0.680686
vt 0.607263 0.356419
vt 0.545243 0.680686
vt 0.556327 0.673279
vt 0.566483 0.671259
vt 0.564505 0.363896
vt 0.572025 0.373059
vt 0.563603 0.373059
vt 0.602309 0.353110
vt 0.604080 0.357385
vt 0.544741 0.675584
vt 0.554167 0.666157
vt 0.563733 0.662195
vt 0.543252 0.670678
vt 0.550658 0.659594
vt 0.559269 0.653842
vt 0.657542 0.373059
vt 0.648379 0.380438
vt 0.649119 0.373059
vt 0.601147 0.358953
vt 0.598576 0.361063
vt 0.598576 0.355106
vt 0.540836 0.666157
vt 0.545937 0.653842
vt 0.553260 0.646519
vt 0.537583 0.662195
vt 0.540185 0.649120
vt 0.545937 0.640510
vt 0.643785 0.406272
vt 0.642623 0.394072
vt 0.649626 0.399154
vt 0.592619 0.361063
vt 0.596467 0.363633
vt 0.594899 0.366566
vt 0.533621 0.658942
vt 0.533621 0.645612
vt 0.537583 0.636045
vt 0.610572 0.326089
vt 0.603052 0.335962
vt 0.601409 0.326991
vt 0.524195 0.655038
vt 0.526499 0.643451
vt 0.528519 0.633295
vt 0.593933 0.369749
vt 0.590624 0.364796
vt 0.588980 0.373059
vt 0.593607 0.373059
vt 0.519093 0.654536
vt 0.519093 0.642722
vt 0.519093 0.632367
vt 0.511686 0.643451
vt 0.509666 0.633295
vt 0.593933 0.376368
vt 0.590624 0.381322
vt 0.594899 0.379551
vt 0.513991 0.655038
vt 0.504565 0.645612
vt 0.500602 0.636045
vt 0.574960 0.358584
vt 0.572766 0.365680
vt 0.498001 0.649120
vt 0.492248 0.640510
vt 0.564505 0.382222
vt 0.574960 0.387533
vt 0.567178 0.391033
vt 0.596467 0.382484
vt 0.504565 0.658942
vt 0.598576 0.385055
vt 0.592619 0.385055
vt 0.492248 0.653842
vt 0.484926 0.646519
vt 0.610573 0.412410
vt 0.616317 0.411856
vt 0.478917 0.653842
vt 0.598576 0.391012
vt 0.601147 0.387164
vt 0.500602 0.662195
vt 0.487527 0.659594
vt 0.602309 0.393008
vt 0.604080 0.388732
vt 0.497350 0.666157
vt 0.484019 0.666157
vt 0.474452 0.662195
vt 0.636667 0.334004
vt 0.625324 0.338115
vt 0.627211 0.376368
vt 0.623070 0.378235
vt 0.623839 0.375698
vt 0.620137 0.363493
vt 0.656639 0.382222
vt 0.646185 0.387533
vt 0.597305 0.370420
vt 0.617064 0.388732
vt 0.618088 0.384306
vt 0.619998 0.387164
vt 0.607933 0.359791
vt 0.605395 0.360561
vt 0.607263 0.389697
vt 0.494934 0.670678
vt 0.481859 0.673279
vt 0.471703 0.671259
vt 0.601007 0.382623
vt 0.492943 0.680686
vt 0.481129 0.680686
vt 0.470774 0.680686
vt 0.605395 0.385556
vt 0.624099 0.373059
vt 0.610572 0.394651
vt 0.610572 0.390023
vt 0.481859 0.688092
vt 0.471703 0.690112
vt 0.592597 0.329664
vt 0.589156 0.341610
vt 0.584477 0.334004
vt 0.493446 0.685787
vt 0.484019 0.695213
vt 0.474452 0.699176
vt 0.497350 0.695213
vt 0.487527 0.701777
vt 0.478917 0.707530
vt 0.492248 0.707530
vt 0.484926 0.714852
vt 0.572766 0.380438
vt 0.500603 0.699176
vt 0.498001 0.712251
vt 0.492248 0.720861
vt 0.571518 0.399154
vt 0.583316 0.399804
vt 0.577359 0.406272
vt 0.504565 0.702428
vt 0.504565 0.715759
vt 0.500603 0.725327
vt 0.513991 0.706333
vt 0.511687 0.717920
vt 0.509666 0.728076
vt 0.610572 0.335236
vt 0.656639 0.363896
vt 0.648379 0.365680
vt 0.618088 0.361811
vt 0.603057 0.361811
vt 0.607933 0.386326
vt 0.631750 0.377271
vt 0.626246 0.379551
vt 0.613882 0.389697
vt 0.610572 0.386586
vt 0.613211 0.386326
vt 0.610572 0.359532
vt 0.598075 0.367882
vt 0.599325 0.380574
vt 0.615749 0.360561
vt 0.613211 0.359791
vt 0.615749 0.385556
vt 0.628526 0.385055
vt 0.624678 0.382484
vt 0.622568 0.385055
vt 0.620137 0.382623
vt 0.621820 0.380574
vt 0.599325 0.365543
vt 0.601007 0.363493
vt 0.598075 0.378235
vt 0.623070 0.367882
vt 0.621820 0.365543
vt 0.625840 0.388327
vt 0.618836 0.393008
vt 0.623839 0.370420
vt 0.614785 0.394236
vt 0.597305 0.375698
vt 0.597045 0.373059
vt 0.603057 0.384306
vt 0.610572 0.410882
vt 0.603881 0.406700
vt 0.610572 0.407360
vt 0.597446 0.404749
vt 0.589156 0.404508
vt 0.591516 0.401578
vt 0.586318 0.397313
vt 0.578522 0.394072
vt 0.582053 0.392115
vt 0.578883 0.386185
vt 0.576931 0.379750
vt 0.576272 0.373059
vt 0.576931 0.366367
vt 0.578883 0.359932
vt 0.582053 0.354002
vt 0.578522 0.352045
vt 0.586318 0.348805
vt 0.583316 0.346314
vt 0.591516 0.344538
vt 0.595821 0.338115
vt 0.597446 0.341369
vt 0.603881 0.339417
vt 0.610572 0.338758
vt 0.617264 0.339417
vt 0.623699 0.341369
vt 0.629629 0.344538
vt 0.637829 0.346314
vt 0.634826 0.348805
vt 0.639092 0.354002
vt 0.642623 0.352045
vt 0.642262 0.359932
vt 0.646185 0.358584
vt 0.644214 0.366367
vt 0.644873 0.373059
vt 0.644214 0.379750
vt 0.642262 0.386185
vt 0.639092 0.392115
vt 0.634826 0.397313
vt 0.629629 0.401578
vt 0.623699 0.404749
vt 0.617264 0.406700
vt 0.653967 0.391033
vt 0.649626 0.346963
vt 0.643785 0.339846
vt 0.567178 0.355084
vt 0.604827 0.411856
vt 0.603733 0.417827
vt 0.631988 0.341610
vt 0.653967 0.355084
vt 0.584477 0.412113
vt 0.637829 0.399804
vt 0.577359 0.339846
vt 0.628547 0.416454
vt 0.618092 0.410155
vt 0.592597 0.416454
vt 0.571518 0.346963
vt 0.619098 0.722470
vt 0.623516 0.725073
vt 0.619153 0.726290
vt 0.619226 0.727571
vt 0.624156 0.726197
vt 0.619079 0.717133
vt 0.621659 0.721758
vt 0.627759 0.722457
vt 0.623532 0.719818
vt 0.626704 0.721766
vt 0.629078 0.717356
vt 0.624217 0.717168
vt 0.627872 0.717251
vt 0.627761 0.712252
vt 0.623533 0.714516
vt 0.626708 0.712735
vt 0.624162 0.708509
vt 0.621662 0.712573
vt 0.623521 0.709422
vt 0.619161 0.708199
vt 0.619235 0.707127
vt 0.619103 0.711856
vt 0.616540 0.712564
vt 0.614793 0.709400
vt 0.614298 0.708482
vt 0.614663 0.714503
vt 0.611588 0.712707
vt 0.610675 0.712219
vt 0.610411 0.717234
vt 0.609345 0.717336
vt 0.613974 0.717158
vt 0.611582 0.721765
vt 0.610669 0.722458
vt 0.614659 0.719815
vt 0.614784 0.725078
vt 0.614288 0.726205
vt 0.616536 0.721758
vt 0.225495 0.971893
vt 0.305058 0.847840
vt 0.413574 0.980253
vt 0.424603 0.654538
vt 0.305059 0.778542
vt 0.743896 0.266880
vt 0.754023 0.269952
vt 0.785215 0.167128
vt 0.775087 0.164056
vt 0.809443 0.187011
vt 0.802729 0.178831
vt 0.714679 0.196345
vt 0.711607 0.206472
vt 0.764555 0.270990
vt 0.818541 0.217004
vt 0.817504 0.206472
vt 0.734562 0.172117
vt 0.726381 0.178831
vt 0.794548 0.261892
vt 0.802729 0.255178
vt 0.764555 0.163019
vt 0.754023 0.164056
vt 0.719668 0.246997
vt 0.726382 0.255178
vt 0.710570 0.217004
vt 0.711607 0.227537
vt 0.809443 0.246997
vt 0.814432 0.237664
vt 0.814432 0.196345
vt 0.794548 0.172117
vt 0.719668 0.187011
vt 0.734563 0.261892
vt 0.785215 0.266880
vt 0.775087 0.269953
vt 0.743896 0.167128
vt 0.714679 0.237664
vt 0.817504 0.227537
vt 0.717415 0.217004
vt 0.723670 0.214134
vt 0.721566 0.217004
vt 0.817446 0.206472
vt 0.818483 0.217004
vt 0.734562 0.261892
vt 0.797888 0.183671
vt 0.794260 0.197035
vt 0.789791 0.191588
vt 0.755358 0.170770
vt 0.764555 0.169865
vt 0.738366 0.256200
vt 0.746516 0.260556
vt 0.790745 0.256200
vt 0.797888 0.250337
vt 0.755358 0.263239
vt 0.725360 0.243194
vt 0.731222 0.250337
vt 0.782595 0.173453
vt 0.773752 0.170770
vt 0.721003 0.235044
vt 0.790745 0.177809
vt 0.764555 0.264145
vt 0.773752 0.263239
vt 0.782595 0.260556
vt 0.746516 0.173453
vt 0.803751 0.243194
vt 0.738366 0.177809
vt 0.808107 0.235044
vt 0.731222 0.183671
vt 0.810789 0.226201
vt 0.725360 0.190814
vt 0.811696 0.217004
vt 0.721003 0.198964
vt 0.810789 0.207808
vt 0.718320 0.207808
vt 0.808107 0.198964
vt 0.803751 0.190814
vt 0.718320 0.226201
vt 0.757362 0.252258
vt 0.755377 0.239163
vt 0.759876 0.240528
vt 0.744613 0.230329
vt 0.738958 0.242421
vt 0.734487 0.236974
vt 0.769234 0.193481
vt 0.778129 0.183797
vt 0.771386 0.181751
vt 0.723670 0.219875
vt 0.805724 0.219874
vt 0.807829 0.217004
vt 0.805724 0.214134
vt 0.738417 0.217004
vt 0.741883 0.219875
vt 0.789151 0.217004
vt 0.786931 0.214134
vt 0.738958 0.191588
vt 0.744613 0.203680
vt 0.734487 0.197035
vt 0.757362 0.181751
vt 0.759876 0.193481
vt 0.755377 0.194846
vt 0.750619 0.183797
vt 0.778129 0.250212
vt 0.794260 0.236974
vt 0.750619 0.250212
vt 0.789791 0.242421
vt 0.769234 0.240528
vt 0.771212 0.233192
vt 0.773734 0.239163
vt 0.757801 0.200817
vt 0.747596 0.200045
vt 0.767924 0.234189
vt 0.767924 0.199820
vt 0.757801 0.233192
vt 0.747596 0.233964
vt 0.781515 0.233964
vt 0.784498 0.230329
vt 0.781515 0.200045
vt 0.761089 0.199820
vt 0.761089 0.234189
vt 0.776895 0.204616
vt 0.773734 0.194846
vt 0.786931 0.219874
vt 0.749938 0.226738
vt 0.747944 0.219101
vt 0.741883 0.214134
vt 0.779074 0.207271
vt 0.781263 0.214908
vt 0.771212 0.200817
vt 0.752117 0.229394
vt 0.776895 0.229394
vt 0.747944 0.214908
vt 0.749938 0.207271
vt 0.779074 0.226738
vt 0.781263 0.219101
vt 0.752117 0.204616
vt 0.784498 0.203680
vt 0.615231 0.372131
vt 0.619890 0.373059
vt 0.615323 0.373059
vt 0.619711 0.371241
vt 0.610572 0.373059
vt 0.614961 0.371241
vt 0.619181 0.369493
vt 0.618319 0.367882
vt 0.614522 0.370420
vt 0.613931 0.369700
vt 0.617161 0.366471
vt 0.615749 0.365311
vt 0.613211 0.369110
vt 0.612390 0.368670
vt 0.614138 0.364450
vt 0.612390 0.363920
vt 0.611499 0.368400
vt 0.610572 0.368308
vt 0.610572 0.363741
vt 0.609646 0.368400
vt 0.608755 0.363920
vt 0.608755 0.368670
vt 0.607006 0.364450
vt 0.607933 0.369110
vt 0.605395 0.365311
vt 0.607213 0.369700
vt 0.603983 0.366471
vt 0.606622 0.370420
vt 0.602825 0.367882
vt 0.601964 0.369493
vt 0.606184 0.371241
vt 0.605913 0.372131
vt 0.601434 0.371241
vt 0.605822 0.373059
vt 0.601255 0.373059
vt 0.605913 0.373985
vt 0.601434 0.374877
vt 0.601964 0.376624
vt 0.606184 0.374877
vt 0.606622 0.375698
vt 0.602825 0.378235
vt 0.607213 0.376417
vt 0.603983 0.379647
vt 0.607933 0.377008
vt 0.605395 0.380806
vt 0.608755 0.377447
vt 0.607006 0.381667
vt 0.609646 0.377717
vt 0.608755 0.382198
vt 0.610572 0.377809
vt 0.610572 0.382376
vt 0.619711 0.374877
vt 0.615231 0.373985
vt 0.619181 0.376624
vt 0.614961 0.374877
vt 0.618319 0.378235
vt 0.614522 0.375698
vt 0.617161 0.379647
vt 0.613931 0.376417
vt 0.615749 0.380806
vt 0.613211 0.377008
vt 0.614138 0.381667
vt 0.612390 0.377447
vt 0.611499 0.377717
vt 0.612390 0.382198
vt 0.924158 0.794088
vt 0.524195 0.706333
vt 0.622568 0.355106
vt 0.540836 0.695213
vt 0.606360 0.351881
vt 0.595304 0.357791
vt 0.529100 0.656526
vt 0.589395 0.368847
vt 0.589395 0.377271
vt 0.509086 0.656526
vt 0.595304 0.388327
vt 0.606360 0.394236
vt 0.493446 0.675584
vt 0.494934 0.690693
vt 0.509086 0.704845
vt 0.630521 0.381322
vt 0.622568 0.391012
vt 0.617411 0.417827
vt 0.619736 0.419126
vt 0.649427 0.373900
vt 0.650975 0.375449
vt 0.650975 0.368123
vt 0.649427 0.369670
vt 0.771386 0.252258
vt 0.606981 0.405496
vt 0.614163 0.405496
vt 0.610572 0.405473
vt 0.825082 0.381656
vt 0.806548 0.366153
vt 0.806548 0.381656
vt 0.825082 0.366153
vt 0.806548 0.353010
vt 0.825082 0.353010
vt 0.806548 0.344228
vt 0.825082 0.344228
vt 0.806548 0.341144
vt 0.825082 0.397159
vt 0.806548 0.397159
vt 0.825082 0.410303
vt 0.806548 0.410303
vt 0.806548 0.419085
vt 0.825082 0.419085
vt 0.806548 0.422169
vt 0.825082 0.341144
vt 0.825082 0.422169
vt 0.806362 0.362394
vt 0.806362 0.408897
vt 0.805192 0.406823
vt 0.806362 0.406823
vt 0.806362 0.381656
vt 0.806362 0.371232
vt 0.806362 0.356490
vt 0.806362 0.400918
vt 0.806362 0.392080
vt 0.806362 0.354416
vt 0.805192 0.356490
vt 0.805192 0.408651
vt 0.805192 0.362394
vt 0.805192 0.354416
vt 0.805192 0.408897
vt 0.805192 0.371232
vt 0.805192 0.400918
vt 0.805192 0.381656
vt 0.805192 0.392080
vt 0.792000 0.406823
vt 0.792000 0.400918
vt 0.792000 0.356490
vt 0.792000 0.354662
vt 0.792000 0.346699
vt 0.805192 0.366916
vt 0.805192 0.396397
vt 0.792000 0.366916
vt 0.805192 0.354662
vt 0.792000 0.392080
vt 0.792000 0.381656
vt 0.805192 0.346699
vt 0.792000 0.371232
vt 0.805192 0.343957
vt 0.792000 0.362394
vt 0.792000 0.396397
vt 0.792000 0.408651
vt 0.792000 0.354416
vt 0.792000 0.416614
vt 0.805192 0.416614
vt 0.805192 0.419356
vt 0.792000 0.419356
vt 0.792000 0.343957
vt 0.792000 0.408897
vt 0.269123 0.355215
vt 0.269123 0.361420
vt 0.269123 0.410018
vt 0.282316 0.408097
vt 0.282316 0.355215
vt 0.282316 0.401893
vt 0.282316 0.344929
vt 0.282316 0.353295
vt 0.269123 0.392609
vt 0.269123 0.366170
vt 0.269123 0.381656
vt 0.269123 0.370704
vt 0.269123 0.397143
vt 0.282316 0.366170
vt 0.269123 0.401893
vt 0.269123 0.353295
vt 0.282316 0.392609
vt 0.282316 0.381656
vt 0.269123 0.408097
vt 0.269123 0.344929
vt 0.282316 0.370704
vt 0.269123 0.410275
vt 0.269123 0.342048
vt 0.282316 0.361420
vt 0.282316 0.397143
vt 0.282316 0.410018
vt 0.282316 0.353037
vt 0.282316 0.418383
vt 0.269123 0.418383
vt 0.269123 0.421264
vt 0.282316 0.421264
vt 0.282316 0.342048
vt 0.282316 0.410275
vt 0.269123 0.353037
vt 0.848780 0.491904
vt 0.848780 0.601650
vt 0.805616 0.371013
vt 0.852883 0.389547
vt 0.852883 0.371013
vt 0.909831 0.627679
vt 0.909831 0.465876
vt 0.805616 0.389547
vt 0.257493 0.491904
vt 0.257493 0.601650
vt 0.282750 0.371013
vt 0.235482 0.371013
vt 0.235482 0.389547
vt 0.196442 0.627679
vt 0.196442 0.465876
vt 0.282750 0.389547
vt 0.739616 0.427524
vt 0.834780 0.450313
vt 0.834780 0.427524
vt 0.886449 0.580927
vt 0.886449 0.511057
vt 0.886449 0.588558
vt 0.736880 0.580927
vt 0.886449 0.518689
vt 0.739616 0.333990
vt 0.834780 0.333990
vt 0.834780 0.311203
vt 0.736880 0.518689
vt 0.496631 0.427524
vt 0.401468 0.427524
vt 0.401468 0.450313
vt 0.365557 0.580927
vt 0.365557 0.588558
vt 0.365557 0.511057
vt 0.515125 0.580927
vt 0.365557 0.518689
vt 0.496631 0.333990
vt 0.401468 0.311203
vt 0.401468 0.333990
vt 0.515125 0.518689
vt 0.697556 0.432805
vt 0.756327 0.465326
vt 0.761145 0.432805
vt 0.791340 0.605187
vt 0.785117 0.509241
vt 0.791340 0.489565
vt 0.709207 0.489565
vt 0.709207 0.605187
vt 0.532640 0.580726
vt 0.532640 0.518890
vt 0.785117 0.590374
vt 0.791340 0.499292
vt 0.756327 0.296188
vt 0.761145 0.328709
vt 0.697556 0.328709
vt 0.692747 0.509241
vt 0.525159 0.432805
vt 0.461570 0.432805
vt 0.466388 0.465326
vt 0.443186 0.605187
vt 0.443186 0.489565
vt 0.449408 0.509241
vt 0.525318 0.605187
vt 0.525318 0.489565
vt 0.458548 0.518890
vt 0.525159 0.328709
vt 0.466388 0.296188
vt 0.461570 0.328709
vt 0.449408 0.590374
vt 0.443186 0.499292
vt 0.525318 0.499292
vt 0.541779 0.509241
vt 0.419034 0.358119
vt 0.419034 0.363641
vt 0.419034 0.406903
vt 0.432226 0.405194
vt 0.432226 0.358119
vt 0.432226 0.399671
vt 0.432226 0.348962
vt 0.432226 0.356410
vt 0.419034 0.391406
vt 0.419034 0.367870
vt 0.419034 0.381656
vt 0.419034 0.371907
vt 0.419034 0.395442
vt 0.432226 0.367870
vt 0.419034 0.399671
vt 0.419034 0.356410
vt 0.432226 0.391406
vt 0.432226 0.381656
vt 0.419034 0.405194
vt 0.419034 0.348962
vt 0.432226 0.371907
vt 0.419034 0.407133
vt 0.419034 0.346398
vt 0.432226 0.363641
vt 0.432226 0.395442
vt 0.432226 0.406903
vt 0.432226 0.356179
vt 0.432226 0.414351
vt 0.419034 0.414351
vt 0.419034 0.416915
vt 0.432226 0.416915
vt 0.432226 0.346398
vt 0.432226 0.407133
vt 0.419034 0.356179
vt 0.330598 0.826666
vt 0.330598 0.800071
vt 0.335342 0.823546
vt 0.319405 0.826666
vt 0.332371 0.794898
vt 0.338743 0.799106
vt 0.314660 0.823546
vt 0.343120 0.805580
vt 0.311490 0.818876
vt 0.344688 0.813368
vt 0.311490 0.807861
vt 0.310377 0.813368
vt 0.314660 0.803191
vt 0.343120 0.821157
vt 0.319405 0.800071
vt 0.338743 0.827632
vt 0.325001 0.798975
vt 0.332371 0.831839
vt 0.311259 0.827632
vt 0.306881 0.821157
vt 0.317632 0.831839
vt 0.325001 0.833288
vt 0.325001 0.793449
vt 0.317632 0.794898
vt 0.311259 0.799106
vt 0.306881 0.805580
vt 0.305313 0.813368
vt 0.325001 0.827761
vt 0.338512 0.807861
vt 0.338512 0.818876
vt 0.335342 0.803191
vt 0.339625 0.813368
vt 0.733108 0.379516
vt 0.766980 0.417304
vt 0.766980 0.379516
vt 0.766980 0.341729
vt 0.777955 0.363240
vt 0.733108 0.336681
vt 0.733108 0.422352
vt 0.777955 0.395793
vt 0.805426 0.391867
vt 0.777955 0.379516
vt 0.805426 0.379516
vt 0.805426 0.367166
vt 0.490800 0.379516
vt 0.456928 0.379516
vt 0.456928 0.417304
vt 0.456928 0.341729
vt 0.445953 0.363240
vt 0.490800 0.336681
vt 0.490800 0.422352
vt 0.445953 0.395793
vt 0.418483 0.391867
vt 0.445953 0.379516
vt 0.418483 0.379516
vt 0.418483 0.367166
vt 0.331172 0.798707
vt 0.336402 0.802147
vt 0.309850 0.829095
vt 0.331172 0.828030
vt 0.336402 0.824590
vt 0.318831 0.828030
vt 0.333126 0.793003
vt 0.340153 0.797642
vt 0.339898 0.819441
vt 0.305023 0.804781
vt 0.303294 0.813368
vt 0.339898 0.807296
vt 0.305023 0.821956
vt 0.313600 0.824590
vt 0.344979 0.804781
vt 0.309850 0.797642
vt 0.341125 0.813368
vt 0.310105 0.819441
vt 0.346708 0.813368
vt 0.316876 0.793003
vt 0.310105 0.807296
vt 0.308877 0.813368
vt 0.325001 0.829237
vt 0.325001 0.791406
vt 0.313600 0.802147
vt 0.344979 0.821956
vt 0.318831 0.798707
vt 0.340153 0.829095
vt 0.325001 0.797499
vt 0.333126 0.833734
vt 0.316876 0.833734
vt 0.325001 0.835330
vt 0.718980 0.468979
vt 0.718980 0.292535
vt 0.718980 0.292536
vt 0.763534 0.511057
vt 0.517267 0.468979
vt 0.517267 0.292535
vt 0.517267 0.292536
vt 0.684811 0.489542
vt 0.775978 0.580726
vt 0.775978 0.518890
vt 0.692747 0.590374
vt 0.684811 0.271973
vt 0.537903 0.489542
vt 0.458548 0.580726
vt 0.537903 0.271973
vt 0.541779 0.590374
vt 0.732719 0.556272
vt 0.732719 0.545822
vt 0.717904 0.543335
vt 0.717904 0.558758
vt 0.732022 0.556272
vt 0.719902 0.543335
vt 0.732022 0.545822
vt 0.719902 0.558758
vt 0.500485 0.556272
vt 0.515300 0.543335
vt 0.500485 0.545822
vt 0.515300 0.558758
vt 0.501181 0.556272
vt 0.501181 0.545822
vt 0.513302 0.543335
vt 0.513302 0.558758
vt 0.610572 0.336168
vt 0.605996 0.406408
vt 0.469142 0.384387
vt 0.470788 0.385137
vt 0.467988 0.384387
vt 0.474743 0.374686
vt 0.475639 0.376736
vt 0.476793 0.376736
vt 0.476389 0.379537
vt 0.473589 0.374686
vt 0.465188 0.379537
vt 0.648939 0.371785
vt 0.651739 0.376636
vt 0.660141 0.371785
vt 0.657940 0.368985
vt 0.657341 0.366935
vt 0.659391 0.368985
vt 0.477543 0.379537
vt 0.650290 0.366935
vt 0.649689 0.368985
vt 0.651739 0.366935
vt 0.653090 0.377387
vt 0.650290 0.376636
vt 0.658691 0.371785
vt 0.648240 0.368985
vt 0.471943 0.385137
vt 0.473589 0.384387
vt 0.649689 0.374586
vt 0.648240 0.374586
vt 0.467092 0.382337
vt 0.465938 0.382337
vt 0.471943 0.373935
vt 0.474743 0.384387
vt 0.475639 0.382337
vt 0.659391 0.374586
vt 0.657940 0.374586
vt 0.476793 0.382337
vt 0.469142 0.374686
vt 0.470788 0.373935
vt 0.466342 0.379537
vt 0.655890 0.366935
vt 0.654540 0.366185
vt 0.465938 0.376736
vt 0.467092 0.376736
vt 0.657341 0.376636
vt 0.655890 0.376636
vt 0.653090 0.366185
vt 0.467988 0.374686
vt 0.654540 0.377387
vt 0.647489 0.371785
vt 0.471943 0.375307
vt 0.474058 0.375873
vt 0.468279 0.381651
vt 0.475606 0.377422
vt 0.476172 0.379537
vt 0.467713 0.379537
vt 0.656753 0.369670
vt 0.475606 0.381651
vt 0.653090 0.367556
vt 0.655205 0.375449
vt 0.653090 0.376015
vt 0.468279 0.377422
vt 0.648860 0.371785
vt 0.655205 0.368123
vt 0.469828 0.375873
vt 0.474058 0.383199
vt 0.471943 0.383766
vt 0.657320 0.371785
vt 0.656753 0.373900
vt 0.469828 0.383199
vt 0.701885 0.580726
vt 0.701885 0.518890
vt 0.487025 0.374563
vt 0.489418 0.383099
vt 0.487025 0.384236
vt 0.449687 0.403409
vt 0.510111 0.355390
vt 0.449687 0.355390
vt 0.510111 0.403409
vt 0.462694 0.393818
vt 0.523117 0.393818
vt 0.450980 0.361328
vt 0.450980 0.397471
vt 0.529620 0.388908
vt 0.529620 0.369891
vt 0.523117 0.364981
vt 0.463912 0.369891
vt 0.462694 0.364981
vt 0.463912 0.388908
vt 0.462618 0.372131
vt 0.462618 0.386668
vt 0.462109 0.389285
vt 0.462109 0.369514
vt 0.460072 0.389106
vt 0.448943 0.397293
vt 0.448943 0.361150
vt 0.460072 0.369336
vt 0.460582 0.371953
vt 0.460582 0.386490
vt 0.610572 0.420029
vt 0.610573 0.418501
vt 0.541308 0.372961
vt 0.541308 0.385837
vt 0.541308 0.384325
vt 0.489418 0.375700
vt 0.541308 0.374474
vt 0.610572 0.436190
vt 0.625830 0.336225
vt 0.519093 0.737502
vt 0.530178 0.736411
vt 0.531409 0.742604
vt 0.519093 0.743817
vt 0.532168 0.746417
vt 0.519093 0.747706
vt 0.532424 0.747706
vt 0.519093 0.749019
vt 0.873896 0.241609
vt 0.873896 0.217200
vt 0.878483 0.241140
vt 0.610572 0.440078
vt 0.597242 0.440078
vt 0.597498 0.438791
vt 0.882891 0.264160
vt 0.873896 0.265079
vt 0.598256 0.434977
vt 0.882891 0.239751
vt 0.891541 0.261435
vt 0.586413 0.431385
vt 0.540836 0.733178
vt 0.543252 0.739011
vt 0.544741 0.742604
vt 0.545243 0.743817
vt 0.584423 0.436190
vt 0.584925 0.434977
vt 0.554167 0.733178
vt 0.556327 0.736411
vt 0.557056 0.737502
vt 0.886955 0.237495
vt 0.573338 0.428783
vt 0.899512 0.257011
vt 0.575499 0.425550
vt 0.643722 0.350908
vt 0.550658 0.727927
vt 0.565931 0.417699
vt 0.577422 0.350908
vt 0.582381 0.344867
vt 0.559269 0.720861
vt 0.563733 0.725327
vt 0.566483 0.728076
vt 0.567412 0.729004
vt 0.890517 0.234460
vt 0.572609 0.429875
vt 0.563182 0.420448
vt 0.906498 0.251056
vt 0.571584 0.715759
vt 0.574818 0.717920
vt 0.575910 0.718650
vt 0.893440 0.230761
vt 0.562254 0.421377
vt 0.554848 0.410293
vt 0.912233 0.243801
vt 0.558080 0.408133
vt 0.566335 0.712252
vt 0.552247 0.397218
vt 0.571584 0.702428
vt 0.577419 0.704845
vt 0.581012 0.706333
vt 0.582224 0.706835
vt 0.895613 0.226542
vt 0.553756 0.411022
vt 0.548654 0.398706
vt 0.916494 0.235523
vt 0.586112 0.694016
vt 0.896950 0.221962
vt 0.547441 0.399209
vt 0.544840 0.386134
vt 0.919118 0.226542
vt 0.548654 0.385375
vt 0.571470 0.365280
vt 0.574818 0.691770
vt 0.581012 0.693002
vt 0.584825 0.693760
vt 0.643722 0.395208
vt 0.638763 0.401251
vt 0.575910 0.680686
vt 0.582224 0.680686
vt 0.586112 0.680686
vt 0.587426 0.680686
vt 0.897402 0.217200
vt 0.543553 0.386390
vt 0.543553 0.373059
vt 0.920003 0.217200
vt 0.547441 0.373059
vt 0.586112 0.667355
vt 0.896950 0.212438
vt 0.542239 0.373059
vt 0.544840 0.359984
vt 0.919118 0.207860
vt 0.548654 0.360742
vt 0.574818 0.669601
vt 0.581012 0.668370
vt 0.584825 0.667611
vt 0.610572 0.333190
vt 0.571584 0.658942
vt 0.577419 0.656526
vt 0.581012 0.655038
vt 0.582224 0.654536
vt 0.895613 0.207860
vt 0.547441 0.346909
vt 0.548654 0.347411
vt 0.916494 0.198878
vt 0.552247 0.348899
vt 0.893440 0.203639
vt 0.554848 0.335825
vt 0.912233 0.190600
vt 0.558080 0.337985
vt 0.566335 0.649120
vt 0.571584 0.645612
vt 0.574818 0.643451
vt 0.575910 0.642722
vt 0.559269 0.640510
vt 0.563733 0.636045
vt 0.566483 0.633295
vt 0.567412 0.632367
vt 0.890517 0.199941
vt 0.553756 0.335095
vt 0.563182 0.325668
vt 0.906498 0.183344
vt 0.565931 0.328418
vt 0.632722 0.339909
vt 0.562254 0.324740
vt 0.573338 0.317334
vt 0.899512 0.177390
vt 0.575499 0.320567
vt 0.550658 0.633444
vt 0.554167 0.628194
vt 0.556327 0.624961
vt 0.557056 0.623869
vt 0.886955 0.196905
vt 0.543252 0.622360
vt 0.544741 0.618767
vt 0.545243 0.617554
vt 0.882891 0.194650
vt 0.572609 0.316242
vt 0.584925 0.311140
vt 0.891541 0.172965
vt 0.586413 0.314733
vt 0.540836 0.628194
vt 0.598256 0.311140
vt 0.573739 0.388316
vt 0.571470 0.380836
vt 0.530178 0.624961
vt 0.531409 0.618767
vt 0.532168 0.614954
vt 0.532424 0.613666
vt 0.878483 0.193261
vt 0.584423 0.309927
vt 0.597498 0.307327
vt 0.882891 0.170241
vt 0.519093 0.617554
vt 0.519093 0.613666
vt 0.519093 0.612352
vt 0.873896 0.192792
vt 0.597242 0.306038
vt 0.610572 0.306038
vt 0.873896 0.169321
vt 0.610572 0.309927
vt 0.610572 0.412928
vt 0.519093 0.623869
vt 0.622888 0.311140
vt 0.649675 0.380836
vt 0.647406 0.388316
vt 0.508009 0.624961
vt 0.506776 0.618767
vt 0.506018 0.614954
vt 0.505761 0.613666
vt 0.869311 0.193261
vt 0.610572 0.304726
vt 0.623647 0.307327
vt 0.864902 0.170241
vt 0.494934 0.622360
vt 0.493446 0.618767
vt 0.492943 0.617554
vt 0.864902 0.194650
vt 0.623903 0.306038
vt 0.636220 0.311140
vt 0.856252 0.172965
vt 0.634732 0.314733
vt 0.497350 0.628194
vt 0.645646 0.320567
vt 0.487527 0.633444
vt 0.484019 0.628194
vt 0.481859 0.624961
vt 0.481129 0.623869
vt 0.860837 0.196905
vt 0.636722 0.309927
vt 0.647807 0.317334
vt 0.848282 0.177390
vt 0.471703 0.633295
vt 0.470774 0.632367
vt 0.857275 0.199941
vt 0.648536 0.316242
vt 0.657962 0.325668
vt 0.841294 0.183344
vt 0.655213 0.328418
vt 0.478917 0.640510
vt 0.474452 0.636045
vt 0.573739 0.357802
vt 0.471852 0.649120
vt 0.466601 0.645612
vt 0.463368 0.643451
vt 0.462276 0.642722
vt 0.854353 0.203639
vt 0.658891 0.324740
vt 0.666297 0.335825
vt 0.835561 0.190600
vt 0.663064 0.337985
vt 0.455962 0.654536
vt 0.852181 0.207860
vt 0.673704 0.346909
vt 0.672491 0.347411
vt 0.831300 0.198878
vt 0.668898 0.348899
vt 0.466601 0.658942
vt 0.460767 0.656526
vt 0.457175 0.655038
vt 0.463368 0.669601
vt 0.457175 0.668370
vt 0.453361 0.667611
vt 0.452073 0.667355
vt 0.850844 0.212438
vt 0.677592 0.359728
vt 0.676304 0.359984
vt 0.828677 0.207860
vt 0.672491 0.360742
vt 0.678905 0.373059
vt 0.677592 0.373059
vt 0.850393 0.217200
vt 0.827791 0.217200
vt 0.673704 0.373059
vt 0.618350 0.333956
vt 0.462276 0.680686
vt 0.455962 0.680686
vt 0.452073 0.680686
vt 0.450760 0.680686
vt 0.636658 0.346973
vt 0.631068 0.342385
vt 0.457175 0.693002
vt 0.617769 0.336876
vt 0.453361 0.693760
vt 0.573681 0.373059
vt 0.570704 0.373059
vt 0.452073 0.694016
vt 0.850844 0.221962
vt 0.579898 0.352563
vt 0.677592 0.386390
vt 0.676304 0.386134
vt 0.828677 0.226542
vt 0.672491 0.385375
vt 0.463368 0.691770
vt 0.852181 0.226542
vt 0.831300 0.235523
vt 0.668898 0.397218
vt 0.582381 0.401251
vt 0.577422 0.395208
vt 0.466601 0.702428
vt 0.641245 0.393555
vt 0.460767 0.704845
vt 0.618350 0.412162
vt 0.624689 0.407141
vt 0.625830 0.409892
vt 0.457175 0.706333
vt 0.588423 0.406209
vt 0.584487 0.399145
vt 0.590077 0.403733
vt 0.455962 0.706835
vt 0.602794 0.333956
vt 0.596455 0.338976
vt 0.595315 0.336225
vt 0.673704 0.399209
vt 0.672491 0.398706
vt 0.466601 0.715759
vt 0.576490 0.387177
vt 0.463368 0.717920
vt 0.646754 0.380256
vt 0.462276 0.718650
vt 0.854353 0.230761
vt 0.624689 0.338976
vt 0.666297 0.410293
vt 0.835561 0.243800
vt 0.663064 0.408133
vt 0.649675 0.365280
vt 0.650441 0.373059
vt 0.471852 0.712251
vt 0.647406 0.357802
vt 0.646754 0.365861
vt 0.644655 0.358941
vt 0.655213 0.417699
vt 0.478917 0.720861
vt 0.632722 0.406209
vt 0.636658 0.399145
vt 0.474452 0.725327
vt 0.595315 0.409892
vt 0.603375 0.409240
vt 0.602794 0.412162
vt 0.471703 0.728076
vt 0.588423 0.339909
vt 0.584487 0.346973
vt 0.470774 0.729004
vt 0.857275 0.234460
vt 0.658891 0.421377
vt 0.657962 0.420448
vt 0.841294 0.251056
vt 0.484019 0.733178
vt 0.481859 0.736411
vt 0.638763 0.344867
vt 0.641246 0.352563
vt 0.481129 0.737502
vt 0.860837 0.237495
vt 0.617769 0.409240
vt 0.647807 0.428783
vt 0.848282 0.257011
vt 0.645646 0.425550
vt 0.487527 0.727927
vt 0.603375 0.336876
vt 0.634732 0.431385
vt 0.497350 0.733178
vt 0.574390 0.365861
vt 0.494934 0.739011
vt 0.644655 0.387177
vt 0.493446 0.742604
vt 0.610572 0.409949
vt 0.492943 0.743817
vt 0.864902 0.239751
vt 0.596455 0.407141
vt 0.648536 0.429875
vt 0.636220 0.434977
vt 0.856252 0.261435
vt 0.506776 0.742604
vt 0.506018 0.746417
vt 0.505762 0.747706
vt 0.869311 0.241140
vt 0.636722 0.436190
vt 0.623647 0.438791
vt 0.864902 0.264160
vt 0.622888 0.434977
vt 0.508009 0.736411
vt 0.576490 0.358941
vt 0.574390 0.380256
vt 0.590077 0.342385
vt 0.631068 0.403733
vt 0.647463 0.373059
vt 0.579898 0.393555
vt 0.623903 0.440078
vt 0.615149 0.406408
vt 0.610572 0.406202
vt 0.610602 0.566018
vt 0.610602 0.545825
vt 0.615635 0.565329
vt 0.620325 0.583505
vt 0.610602 0.584834
vt 0.624351 0.599113
vt 0.610602 0.600992
vt 0.610602 0.607192
vt 0.625897 0.605100
vt 0.637165 0.593601
vt 0.640150 0.598970
vt 0.620325 0.563312
vt 0.629385 0.579607
vt 0.624351 0.560104
vt 0.637165 0.573409
vt 0.648166 0.584834
vt 0.652388 0.589217
vt 0.656609 0.573409
vt 0.661779 0.576508
vt 0.627442 0.555921
vt 0.643133 0.565329
vt 0.646886 0.555921
vt 0.661917 0.560104
vt 0.667682 0.561708
vt 0.629385 0.551051
vt 0.630046 0.545825
vt 0.648166 0.545825
vt 0.663726 0.545825
vt 0.669696 0.545825
vt 0.667682 0.529941
vt 0.629385 0.540599
vt 0.646886 0.535729
vt 0.661917 0.531547
vt 0.643133 0.526320
vt 0.656609 0.518242
vt 0.661779 0.515142
vt 0.627442 0.535729
vt 0.624351 0.531547
vt 0.637165 0.518242
vt 0.648166 0.506816
vt 0.652388 0.502432
vt 0.640150 0.492680
vt 0.620325 0.528338
vt 0.629385 0.512043
vt 0.637165 0.498049
vt 0.615635 0.526320
vt 0.620325 0.508146
vt 0.624351 0.492537
vt 0.625897 0.486550
vt 0.610602 0.525632
vt 0.610602 0.506816
vt 0.610602 0.490658
vt 0.610602 0.484458
vt 0.596852 0.492537
vt 0.595307 0.486550
vt 0.605570 0.526320
vt 0.600880 0.508146
vt 0.591821 0.512043
vt 0.584041 0.498049
vt 0.581056 0.492680
vt 0.600880 0.528338
vt 0.568817 0.502432
vt 0.596852 0.531547
vt 0.584041 0.518242
vt 0.573038 0.506816
vt 0.578071 0.526320
vt 0.564596 0.518242
vt 0.559426 0.515142
vt 0.593763 0.535729
vt 0.574319 0.535729
vt 0.559290 0.531547
vt 0.553523 0.529941
vt 0.591821 0.540599
vt 0.551509 0.545825
vt 0.591157 0.545825
vt 0.573038 0.545825
vt 0.557479 0.545825
vt 0.574319 0.555921
vt 0.559290 0.560104
vt 0.553523 0.561708
vt 0.591821 0.551051
vt 0.578071 0.565330
vt 0.564596 0.573409
vt 0.559426 0.576508
vt 0.593763 0.555921
vt 0.573038 0.584834
vt 0.568817 0.589217
vt 0.596852 0.560104
vt 0.581056 0.598970
vt 0.584041 0.573409
vt 0.553523 0.529943
vt 0.595307 0.605100
vt 0.584041 0.593601
vt 0.600880 0.563312
vt 0.591821 0.579607
vt 0.600880 0.583505
vt 0.667682 0.529943
vt 0.596852 0.599113
vt 0.605570 0.565329
vt 0.626683 0.210584
vt 0.626683 0.223355
vt 0.623500 0.211019
vt 0.620534 0.199524
vt 0.626683 0.198682
vt 0.617986 0.189651
vt 0.626683 0.188463
vt 0.626683 0.184542
vt 0.617009 0.185863
vt 0.609883 0.193137
vt 0.607995 0.189742
vt 0.620534 0.212296
vt 0.614804 0.201988
vt 0.617986 0.214324
vt 0.609883 0.205909
vt 0.602924 0.198682
vt 0.600255 0.195909
vt 0.597584 0.205909
vt 0.594314 0.203948
vt 0.616032 0.216970
vt 0.606107 0.211019
vt 0.603733 0.216970
vt 0.594227 0.214324
vt 0.590581 0.213309
vt 0.614804 0.220050
vt 0.614384 0.223355
vt 0.602924 0.223355
vt 0.593082 0.223355
vt 0.589307 0.223355
vt 0.590581 0.233401
vt 0.614804 0.226661
vt 0.603733 0.229742
vt 0.594227 0.232386
vt 0.597584 0.240803
vt 0.594314 0.242762
vt 0.616032 0.229742
vt 0.606107 0.235693
vt 0.617986 0.232386
vt 0.609883 0.240803
vt 0.602924 0.248029
vt 0.600255 0.250801
vt 0.609883 0.253574
vt 0.607995 0.256970
vt 0.620534 0.234416
vt 0.614804 0.244723
vt 0.623500 0.235693
vt 0.620534 0.247188
vt 0.617986 0.257060
vt 0.617009 0.260847
vt 0.626683 0.236128
vt 0.626683 0.248029
vt 0.626683 0.258248
vt 0.626683 0.262169
vt 0.635379 0.257060
vt 0.636357 0.260847
vt 0.629866 0.235693
vt 0.632833 0.247188
vt 0.638563 0.244723
vt 0.643483 0.253574
vt 0.645372 0.256970
vt 0.632833 0.234416
vt 0.653113 0.250801
vt 0.635379 0.232386
vt 0.643483 0.240803
vt 0.650442 0.248029
vt 0.647259 0.235693
vt 0.655782 0.240803
vt 0.659051 0.242762
vt 0.637334 0.229742
vt 0.649633 0.229742
vt 0.659138 0.232386
vt 0.662786 0.233401
vt 0.638563 0.226661
vt 0.664060 0.223355
vt 0.638982 0.223355
vt 0.650442 0.223355
vt 0.660284 0.223355
vt 0.649633 0.216970
vt 0.659138 0.214324
vt 0.662786 0.213309
vt 0.638563 0.220050
vt 0.647259 0.211019
vt 0.655782 0.205909
vt 0.659051 0.203948
vt 0.637334 0.216970
vt 0.650442 0.198682
vt 0.653113 0.195909
vt 0.635379 0.214324
vt 0.645372 0.189742
vt 0.643483 0.205909
vt 0.636357 0.185863
vt 0.643483 0.193137
vt 0.632833 0.212296
vt 0.638563 0.201988
vt 0.632833 0.199524
vt 0.635379 0.189651
vt 0.629866 0.211019
vt 0.735730 0.217004
vt 0.794830 0.217004
vt 0.786083 0.217004
vt 0.746612 0.217004
vt 0.610572 0.441391
vt 0.543553 0.359728
vt 0.667389 0.335095
vt 0.667389 0.411022
vt 0.502947 0.696831
vt 0.502947 0.664540
vt 0.535239 0.664540
vt 0.538079 0.668000
vt 0.541927 0.680686
vt 0.540188 0.671947
vt 0.541488 0.676230
vt 0.541488 0.685140
vt 0.540188 0.689424
vt 0.538079 0.693371
vt 0.535239 0.696831
vt 0.531779 0.699671
vt 0.527831 0.701782
vt 0.523547 0.703080
vt 0.519093 0.703520
vt 0.514638 0.703080
vt 0.510355 0.701782
vt 0.506407 0.699671
vt 0.500107 0.693371
vt 0.496259 0.680686
vt 0.497997 0.689424
vt 0.496698 0.685140
vt 0.496698 0.676230
vt 0.497997 0.671947
vt 0.500107 0.668000
vt 0.506407 0.661700
vt 0.510355 0.659589
vt 0.514638 0.658290
vt 0.519093 0.657851
vt 0.523547 0.658290
vt 0.527831 0.659589
vt 0.531779 0.661700
vt 0.689337 0.631547
vt 0.671715 0.644576
vt 0.671715 0.631547
vt 0.605381 0.645452
vt 0.587335 0.632424
vt 0.605381 0.632424
vt 0.597947 0.653910
vt 0.602535 0.680880
vt 0.597947 0.682481
vt 0.606139 0.644576
vt 0.608026 0.631547
vt 0.608026 0.644576
vt 0.606029 0.629993
vt 0.608439 0.616965
vt 0.608439 0.629993
vt 0.672188 0.653910
vt 0.675221 0.655511
vt 0.668455 0.655511
vt 0.607668 0.682481
vt 0.611166 0.680880
vt 0.679808 0.653910
vt 0.675221 0.680880
vt 0.668455 0.680880
vt 0.672188 0.682481
vt 0.607668 0.653910
vt 0.602535 0.655511
vt 0.669480 0.616965
vt 0.669480 0.629993
vt 0.669296 0.644576
vt 0.669805 0.629993
vt 0.671685 0.616965
vt 0.671685 0.629993
vt 0.679808 0.682481
vt 0.611166 0.655511
vt 0.669296 0.631547
vt 0.689337 0.644576
vt 0.587335 0.645452
vt 0.606139 0.631547
vt 0.606029 0.616965
vt 0.669805 0.616965
vt 0.668455 0.657976
vt 0.611166 0.657975
vt 0.232372 0.240221
vt 0.345846 0.243576
vt 0.345846 0.240221
vt 0.232372 0.243576
vt 0.345846 0.246933
vt 0.232372 0.250288
vt 0.345846 0.250288
vt 0.232372 0.253643
vt 0.345846 0.253643
vt 0.232372 0.256995
vt 0.345846 0.256995
vt 0.232372 0.260344
vt 0.345846 0.260344
vt 0.345846 0.263689
vt 0.232372 0.263689
vt 0.345846 0.267029
vt 0.232372 0.213478
vt 0.345846 0.216817
vt 0.345846 0.213478
vt 0.232372 0.220154
vt 0.345846 0.220154
vt 0.345846 0.223492
vt 0.232372 0.223492
vt 0.345846 0.226831
vt 0.232372 0.226831
vt 0.345846 0.230173
vt 0.232372 0.230173
vt 0.345846 0.233519
vt 0.232372 0.246933
vt 0.224151 0.250293
vt 0.232372 0.233519
vt 0.345846 0.236868
vt 0.232372 0.236868
vt 0.345846 0.233516
vt 0.337783 0.230170
vt 0.345846 0.230170
vt 0.548252 0.253355
vt 0.553827 0.256468
vt 0.547485 0.255207
vt 0.543526 0.250197
vt 0.542109 0.251615
vt 0.540368 0.245471
vt 0.538516 0.246237
vt 0.537255 0.239895
vt 0.539259 0.239895
vt 0.538516 0.233554
vt 0.540368 0.234320
vt 0.542109 0.228177
vt 0.543526 0.229595
vt 0.547485 0.224585
vt 0.548252 0.226437
vt 0.553827 0.223324
vt 0.553827 0.225328
vt 0.559402 0.226437
vt 0.560169 0.224585
vt 0.564128 0.229595
vt 0.565546 0.228177
vt 0.567285 0.234320
vt 0.569137 0.233554
vt 0.570400 0.239895
vt 0.568395 0.239895
vt 0.567285 0.245471
vt 0.569137 0.246237
vt 0.565546 0.251615
vt 0.564128 0.250197
vt 0.560169 0.255207
vt 0.559402 0.253355
vt 0.553827 0.254464
vt 0.337783 0.260359
vt 0.361684 0.263702
vt 0.361684 0.260359
vt 0.345846 0.263691
vt 0.337783 0.260347
vt 0.345846 0.260347
vt 0.337783 0.236866
vt 0.337783 0.233516
vt 0.345846 0.267032
vt 0.337783 0.263691
vt 0.345846 0.243575
vt 0.337783 0.240219
vt 0.345846 0.240219
vt 0.345846 0.236866
vt 0.345846 0.216818
vt 0.337783 0.213480
vt 0.345846 0.213480
vt 0.337783 0.243575
vt 0.345846 0.220154
vt 0.337783 0.216818
vt 0.345846 0.250290
vt 0.337783 0.246933
vt 0.345846 0.223491
vt 0.337783 0.220154
vt 0.345846 0.253645
vt 0.337783 0.250290
vt 0.337783 0.226829
vt 0.337783 0.223491
vt 0.337783 0.256999
vt 0.337783 0.253645
vt 0.345846 0.226829
vt 0.345846 0.256999
vt 0.553827 0.250125
vt 0.549913 0.249345
vt 0.546594 0.247128
vt 0.544377 0.243810
vt 0.543599 0.239895
vt 0.544377 0.235981
vt 0.546594 0.232663
vt 0.549913 0.230446
vt 0.553827 0.229667
vt 0.557741 0.230446
vt 0.561059 0.232663
vt 0.563277 0.235981
vt 0.564055 0.239895
vt 0.563277 0.243810
vt 0.561059 0.247128
vt 0.557741 0.249345
vt 0.361684 0.246934
vt 0.407129 0.243562
vt 0.361684 0.243562
vt 0.337783 0.236854
vt 0.361684 0.233504
vt 0.337783 0.233504
vt 0.337783 0.267040
vt 0.337783 0.263702
vt 0.337783 0.240211
vt 0.361684 0.243571
vt 0.361684 0.240211
vt 0.361684 0.236854
vt 0.337783 0.216821
vt 0.361684 0.213487
vt 0.337783 0.213487
vt 0.337783 0.243571
vt 0.361684 0.246933
vt 0.361684 0.216821
vt 0.337783 0.246933
vt 0.361684 0.250295
vt 0.337783 0.223486
vt 0.361684 0.220154
vt 0.337783 0.253654
vt 0.337783 0.250295
vt 0.337783 0.226821
vt 0.361684 0.223486
vt 0.361684 0.257009
vt 0.361684 0.253654
vt 0.361684 0.230159
vt 0.361684 0.226821
vt 0.337783 0.257009
vt 0.337783 0.230159
vt 0.551504 0.245504
vt 0.549535 0.244188
vt 0.546594 0.247129
vt 0.548219 0.242219
vt 0.547756 0.239895
vt 0.548219 0.237573
vt 0.549535 0.235604
vt 0.551504 0.234288
vt 0.553827 0.233826
vt 0.556150 0.234288
vt 0.558119 0.235604
vt 0.559435 0.237573
vt 0.564056 0.239895
vt 0.559897 0.239895
vt 0.559435 0.242219
vt 0.558119 0.244187
vt 0.561059 0.247129
vt 0.556150 0.245504
vt 0.553827 0.245966
vt 0.407129 0.226747
vt 0.480544 0.223444
vt 0.407129 0.223444
vt 0.361684 0.220153
vt 0.407129 0.216831
vt 0.361684 0.216831
vt 0.407129 0.250307
vt 0.407129 0.246934
vt 0.361684 0.223474
vt 0.407129 0.220153
vt 0.361684 0.253674
vt 0.361684 0.250307
vt 0.361684 0.226800
vt 0.407129 0.223474
vt 0.407129 0.257034
vt 0.407129 0.253674
vt 0.407129 0.230134
vt 0.407129 0.226800
vt 0.361684 0.260385
vt 0.361684 0.257034
vt 0.361684 0.233477
vt 0.361684 0.230134
vt 0.407129 0.263726
vt 0.407129 0.260385
vt 0.361684 0.236830
vt 0.407129 0.233477
vt 0.361684 0.263726
vt 0.407129 0.267058
vt 0.361684 0.240193
vt 0.407129 0.240193
vt 0.407129 0.236831
vt 0.407129 0.213506
vt 0.361684 0.213506
vt 0.552735 0.242533
vt 0.551808 0.241914
vt 0.551189 0.240988
vt 0.550972 0.239895
vt 0.551189 0.238803
vt 0.551808 0.237877
vt 0.552735 0.237258
vt 0.553827 0.237041
vt 0.554920 0.237258
vt 0.555845 0.237877
vt 0.556464 0.238803
vt 0.556681 0.239895
vt 0.556464 0.240988
vt 0.558119 0.244188
vt 0.555845 0.241914
vt 0.554920 0.242533
vt 0.553827 0.242750
vt 0.480544 0.216855
vt 0.493090 0.220152
vt 0.493090 0.216837
vt 0.407129 0.253730
vt 0.480544 0.257105
vt 0.480544 0.253729
vt 0.480544 0.230065
vt 0.480544 0.226747
vt 0.407129 0.257105
vt 0.480544 0.260460
vt 0.407129 0.233403
vt 0.407129 0.230065
vt 0.407129 0.260460
vt 0.480544 0.263793
vt 0.407129 0.236762
vt 0.480544 0.233403
vt 0.407129 0.267107
vt 0.407129 0.263793
vt 0.407129 0.240141
vt 0.480544 0.243535
vt 0.480544 0.240141
vt 0.480544 0.236762
vt 0.407129 0.216855
vt 0.480544 0.213556
vt 0.407129 0.213555
vt 0.407129 0.243535
vt 0.480544 0.246937
vt 0.407129 0.220149
vt 0.407129 0.246938
vt 0.480544 0.250338
vt 0.480544 0.220149
vt 0.407129 0.250338
vt 0.493090 0.236813
vt 0.520910 0.233329
vt 0.493090 0.233458
vt 0.493090 0.246935
vt 0.493090 0.250315
vt 0.493090 0.226787
vt 0.493090 0.223466
vt 0.493090 0.253688
vt 0.493090 0.260404
vt 0.493090 0.257053
vt 0.493090 0.230117
vt 0.480544 0.267107
vt 0.493090 0.263743
vt 0.493090 0.240179
vt 0.493090 0.213519
vt 0.493090 0.243555
vt 0.553110 0.238165
vt 0.555558 0.239179
vt 0.554544 0.241627
vt 0.520910 0.267156
vt 0.520910 0.263858
vt 0.520910 0.240090
vt 0.520910 0.236694
vt 0.520910 0.216880
vt 0.520910 0.213604
vt 0.520910 0.243509
vt 0.520910 0.220146
vt 0.520910 0.250371
vt 0.520910 0.246940
vt 0.520910 0.223414
vt 0.520910 0.253785
vt 0.520910 0.229997
vt 0.520910 0.226694
vt 0.520910 0.260532
vt 0.520910 0.257175
vt 0.553827 0.228263
vt 0.545602 0.231671
vt 0.545602 0.248121
vt 0.232372 0.267029
vt 0.224151 0.263697
vt 0.224151 0.267036
vt 0.224151 0.243572
vt 0.224151 0.226824
vt 0.224151 0.230163
vt 0.224151 0.260354
vt 0.224151 0.220154
vt 0.224151 0.223487
vt 0.224151 0.236859
vt 0.224151 0.240214
vt 0.224151 0.253650
vt 0.224151 0.216820
vt 0.232372 0.216816
vt 0.224151 0.233509
vt 0.224151 0.246933
vt 0.224151 0.257005
vt 0.232374 0.171610
vt 0.345847 0.175265
vt 0.345847 0.171610
vt 0.232374 0.175265
vt 0.345847 0.178919
vt 0.232374 0.182573
vt 0.345847 0.182573
vt 0.232374 0.186227
vt 0.345847 0.186227
vt 0.232374 0.189879
vt 0.345847 0.189879
vt 0.232374 0.193530
vt 0.345847 0.193530
vt 0.345847 0.197180
vt 0.232374 0.197180
vt 0.345847 0.200829
vt 0.232374 0.142407
vt 0.345847 0.146055
vt 0.345847 0.142407
vt 0.232374 0.149704
vt 0.345847 0.149704
vt 0.345847 0.153352
vt 0.232374 0.153352
vt 0.345847 0.157002
vt 0.232374 0.157002
vt 0.345847 0.160652
vt 0.232374 0.160652
vt 0.345847 0.164303
vt 0.232374 0.178919
vt 0.224153 0.182576
vt 0.232374 0.164303
vt 0.345847 0.167957
vt 0.232374 0.167957
vt 0.345847 0.164303
vt 0.337784 0.160651
vt 0.345847 0.160651
vt 0.548252 0.184340
vt 0.553827 0.187453
vt 0.547485 0.186192
vt 0.543526 0.181182
vt 0.542109 0.182599
vt 0.540368 0.176455
vt 0.538516 0.177223
vt 0.537255 0.170881
vt 0.539259 0.170881
vt 0.538516 0.164539
vt 0.540368 0.165306
vt 0.542109 0.159162
vt 0.543526 0.160580
vt 0.547485 0.155570
vt 0.548252 0.157422
vt 0.553827 0.154308
vt 0.553827 0.156313
vt 0.559402 0.157422
vt 0.560169 0.155570
vt 0.564128 0.160580
vt 0.565546 0.159162
vt 0.567285 0.165306
vt 0.569137 0.164539
vt 0.570400 0.170881
vt 0.568395 0.170881
vt 0.567285 0.176455
vt 0.569137 0.177223
vt 0.565546 0.182599
vt 0.564128 0.181182
vt 0.560169 0.186192
vt 0.559402 0.184340
vt 0.553827 0.185449
vt 0.337784 0.193535
vt 0.361685 0.197183
vt 0.361685 0.193535
vt 0.345847 0.197181
vt 0.337784 0.193531
vt 0.345847 0.193531
vt 0.337784 0.167956
vt 0.337784 0.164303
vt 0.345847 0.200830
vt 0.337784 0.197181
vt 0.337784 0.171610
vt 0.345847 0.171610
vt 0.345847 0.167956
vt 0.337784 0.142407
vt 0.345847 0.178920
vt 0.337784 0.175265
vt 0.345847 0.149703
vt 0.337784 0.146055
vt 0.345847 0.182574
vt 0.337784 0.178920
vt 0.345847 0.153351
vt 0.337784 0.149703
vt 0.345847 0.186228
vt 0.337784 0.182574
vt 0.337784 0.157001
vt 0.337784 0.153351
vt 0.337784 0.189880
vt 0.337784 0.186228
vt 0.345847 0.157001
vt 0.345847 0.189880
vt 0.553827 0.181109
vt 0.549913 0.180331
vt 0.546594 0.178114
vt 0.544377 0.174795
vt 0.543599 0.170881
vt 0.544377 0.166967
vt 0.546594 0.163648
vt 0.549913 0.161431
vt 0.553827 0.160652
vt 0.557741 0.161431
vt 0.561059 0.163648
vt 0.563277 0.166966
vt 0.564055 0.170881
vt 0.563277 0.174795
vt 0.561059 0.178114
vt 0.557741 0.180331
vt 0.361685 0.178924
vt 0.407131 0.175263
vt 0.361685 0.175263
vt 0.337784 0.167953
vt 0.361685 0.164299
vt 0.337784 0.164299
vt 0.337784 0.200831
vt 0.337784 0.197183
vt 0.337784 0.171609
vt 0.361685 0.175264
vt 0.361685 0.171609
vt 0.361685 0.167953
vt 0.337784 0.146056
vt 0.361685 0.142409
vt 0.337784 0.142409
vt 0.337784 0.175264
vt 0.361685 0.178921
vt 0.337784 0.149702
vt 0.361685 0.146056
vt 0.337784 0.178921
vt 0.361685 0.182577
vt 0.337784 0.153349
vt 0.361685 0.149702
vt 0.337784 0.186231
vt 0.337784 0.182577
vt 0.337784 0.156997
vt 0.361685 0.153349
vt 0.361685 0.189884
vt 0.361685 0.186231
vt 0.361685 0.160647
vt 0.361685 0.156997
vt 0.337784 0.189884
vt 0.337784 0.160647
vt 0.551504 0.176489
vt 0.549535 0.175173
vt 0.548219 0.173204
vt 0.547756 0.170881
vt 0.548219 0.168558
vt 0.549535 0.166588
vt 0.551504 0.165273
vt 0.553827 0.164811
vt 0.556150 0.165273
vt 0.558119 0.166588
vt 0.563277 0.166967
vt 0.559435 0.168558
vt 0.564056 0.170881
vt 0.559897 0.170881
vt 0.559435 0.173204
vt 0.558119 0.175173
vt 0.556150 0.176489
vt 0.553827 0.176951
vt 0.407131 0.156968
vt 0.480546 0.153328
vt 0.407131 0.153327
vt 0.361685 0.149699
vt 0.407131 0.146057
vt 0.361685 0.146057
vt 0.407131 0.182583
vt 0.407131 0.178924
vt 0.361685 0.153343
vt 0.407131 0.149699
vt 0.361685 0.186239
vt 0.361685 0.182583
vt 0.361685 0.156990
vt 0.407131 0.153343
vt 0.407131 0.189892
vt 0.407131 0.186239
vt 0.407131 0.160638
vt 0.407131 0.156990
vt 0.361685 0.193543
vt 0.361685 0.189893
vt 0.361685 0.164290
vt 0.361685 0.160638
vt 0.407131 0.197191
vt 0.407131 0.193543
vt 0.361685 0.167946
vt 0.407131 0.164290
vt 0.361685 0.197191
vt 0.407131 0.200835
vt 0.361685 0.171604
vt 0.407131 0.171604
vt 0.407131 0.167946
vt 0.407131 0.142413
vt 0.361685 0.142413
vt 0.552735 0.173518
vt 0.551808 0.172900
vt 0.551189 0.171973
vt 0.550972 0.170881
vt 0.551189 0.169788
vt 0.551808 0.168862
vt 0.552735 0.168243
vt 0.553827 0.168027
vt 0.554920 0.168243
vt 0.555845 0.168862
vt 0.556464 0.169788
vt 0.556681 0.170881
vt 0.556464 0.171973
vt 0.555845 0.172900
vt 0.554920 0.173518
vt 0.553827 0.173736
vt 0.480546 0.146058
vt 0.493091 0.149697
vt 0.493091 0.146057
vt 0.407131 0.186261
vt 0.480546 0.189917
vt 0.480546 0.186261
vt 0.480546 0.160614
vt 0.480546 0.156968
vt 0.407131 0.189917
vt 0.480546 0.193566
vt 0.407131 0.164268
vt 0.407131 0.160614
vt 0.407131 0.193566
vt 0.480546 0.197209
vt 0.407131 0.167928
vt 0.480546 0.164268
vt 0.407131 0.200846
vt 0.407131 0.197209
vt 0.407131 0.171593
vt 0.480546 0.175262
vt 0.480546 0.171593
vt 0.480546 0.167928
vt 0.407131 0.146058
vt 0.480546 0.142425
vt 0.407131 0.142424
vt 0.407131 0.175262
vt 0.480546 0.178931
vt 0.407131 0.149691
vt 0.407131 0.178931
vt 0.480546 0.182599
vt 0.480546 0.149692
vt 0.407131 0.182599
vt 0.493091 0.167942
vt 0.520912 0.164244
vt 0.493091 0.164284
vt 0.493091 0.178925
vt 0.493091 0.153339
vt 0.493091 0.182586
vt 0.493091 0.156984
vt 0.493091 0.186245
vt 0.493091 0.193549
vt 0.493091 0.189899
vt 0.493091 0.160632
vt 0.480546 0.200846
vt 0.493091 0.197195
vt 0.493091 0.171601
vt 0.493091 0.142416
vt 0.493091 0.175263
vt 0.553110 0.169150
vt 0.555558 0.170164
vt 0.554544 0.172612
vt 0.520912 0.200858
vt 0.520912 0.197227
vt 0.520912 0.171582
vt 0.520912 0.167908
vt 0.520912 0.146060
vt 0.520912 0.142435
vt 0.520912 0.175260
vt 0.520912 0.149685
vt 0.520912 0.182614
vt 0.520912 0.178938
vt 0.520912 0.153312
vt 0.520912 0.186282
vt 0.520912 0.160590
vt 0.520912 0.156947
vt 0.520912 0.193589
vt 0.520912 0.189941
vt 0.553827 0.159249
vt 0.545602 0.162656
vt 0.545602 0.179106
vt 0.232374 0.200829
vt 0.224153 0.197183
vt 0.224153 0.200830
vt 0.224153 0.175264
vt 0.224153 0.156998
vt 0.224153 0.160649
vt 0.224153 0.193533
vt 0.224153 0.149703
vt 0.224153 0.153350
vt 0.224153 0.167954
vt 0.224153 0.171609
vt 0.224153 0.186230
vt 0.224153 0.146056
vt 0.232374 0.146055
vt 0.224153 0.164301
vt 0.224153 0.178921
vt 0.224153 0.189883
vt 0.337783 0.267032
vt 0.361684 0.267040
vt 0.361684 0.267058
vt 0.493090 0.267071
vt 0.553110 0.241627
vt 0.552502 0.241221
vt 0.552096 0.240613
vt 0.551953 0.239895
vt 0.552096 0.239179
vt 0.552502 0.238571
vt 0.553827 0.238023
vt 0.554544 0.238165
vt 0.555152 0.238571
vt 0.555701 0.239895
vt 0.555558 0.240613
vt 0.555152 0.241221
vt 0.549375 0.250643
vt 0.553827 0.251528
vt 0.558278 0.250643
vt 0.562052 0.248121
vt 0.564574 0.244347
vt 0.565459 0.239895
vt 0.564574 0.235444
vt 0.562052 0.231671
vt 0.558278 0.229149
vt 0.549375 0.229149
vt 0.543081 0.235444
vt 0.542194 0.239895
vt 0.543081 0.244347
vt 0.224151 0.213485
vt 0.337784 0.200830
vt 0.361685 0.200831
vt 0.361685 0.200835
vt 0.493091 0.200838
vt 0.553827 0.172755
vt 0.553110 0.172612
vt 0.552502 0.172206
vt 0.552096 0.171598
vt 0.551953 0.170881
vt 0.552096 0.170164
vt 0.552502 0.169556
vt 0.553827 0.169007
vt 0.554544 0.169150
vt 0.555152 0.169556
vt 0.555701 0.170881
vt 0.555558 0.171598
vt 0.555152 0.172206
vt 0.549375 0.181627
vt 0.553827 0.182513
vt 0.558278 0.181627
vt 0.562052 0.179106
vt 0.564574 0.175333
vt 0.565459 0.170881
vt 0.564574 0.166430
vt 0.562052 0.162656
vt 0.558278 0.160134
vt 0.549375 0.160134
vt 0.543081 0.166430
vt 0.542194 0.170881
vt 0.543081 0.175333
vt 0.224153 0.142408
vt 0.604999 0.678416
vt 0.672756 0.657976
vt 0.672756 0.678416
vt 0.604998 0.657976
vt 0.668455 0.678416
vt 0.611166 0.678416
vt 0.569469 0.899777
vt 0.558154 0.886972
vt 0.569469 0.886972
vt 0.569469 0.930690
vt 0.554013 0.946692
vt 0.553467 0.930690
vt 0.529856 0.855477
vt 0.537874 0.841043
vt 0.541195 0.853925
vt 0.561468 0.877147
vt 0.569469 0.877147
vt 0.554013 0.914688
vt 0.569469 0.914688
vt 0.569469 0.961603
vt 0.558154 0.974408
vt 0.555611 0.961603
vt 0.569469 0.870970
vt 0.565328 0.870970
vt 0.529856 0.826612
vt 0.529856 0.809948
vt 0.534007 0.826043
vt 0.555611 0.899777
vt 0.569469 0.946692
vt 0.569469 0.868863
vt 0.529856 0.842142
vt 0.547610 0.974408
vt 0.542698 0.961603
vt 0.554013 0.877147
vt 0.561468 0.870970
vt 0.537874 0.824378
vt 0.539609 0.914688
vt 0.542698 0.899777
vt 0.539609 0.946692
vt 0.545346 0.837828
vt 0.547610 0.886972
vt 0.538555 0.930690
vt 0.551761 0.849376
vt 0.527241 0.946692
vt 0.525751 0.930690
vt 0.551761 0.832713
vt 0.560837 0.842142
vt 0.547610 0.877147
vt 0.527241 0.914688
vt 0.531608 0.961603
vt 0.558154 0.870970
vt 0.541195 0.821731
vt 0.531608 0.899777
vt 0.538555 0.886972
vt 0.517750 0.946692
vt 0.555611 0.870970
vt 0.556686 0.826043
vt 0.531608 0.886972
vt 0.515926 0.930690
vt 0.567799 0.832713
vt 0.542698 0.877147
vt 0.517750 0.914688
vt 0.538555 0.974408
vt 0.523099 0.961603
vt 0.543745 0.818278
vt 0.523099 0.899777
vt 0.511784 0.914688
vt 0.531608 0.974408
vt 0.517750 0.961603
vt 0.539609 0.877147
vt 0.554013 0.870970
vt 0.545346 0.814260
vt 0.517750 0.899777
vt 0.511784 0.946692
vt 0.559780 0.818278
vt 0.527241 0.886972
vt 0.509749 0.930690
vt 0.572176 0.821731
vt 0.509749 0.946692
vt 0.507642 0.930690
vt 0.573669 0.809948
vt 0.525751 0.886972
vt 0.538555 0.877147
vt 0.509749 0.914688
vt 0.527241 0.974408
vt 0.515926 0.961603
vt 0.553467 0.870970
vt 0.545891 0.809948
vt 0.515926 0.899777
vt 0.560837 0.809948
vt 0.559780 0.801613
vt 0.572176 0.798160
vt 0.525751 0.974408
vt 0.545346 0.805633
vt 0.543745 0.801613
vt 0.556686 0.793848
vt 0.567799 0.787180
vt 0.560837 0.777751
vt 0.541195 0.798160
vt 0.551761 0.787180
vt 0.537874 0.795513
vt 0.545346 0.782065
vt 0.551761 0.770514
vt 0.534007 0.793848
vt 0.537874 0.778848
vt 0.541195 0.765966
vt 0.529856 0.793280
vt 0.529856 0.777751
vt 0.529856 0.764415
vt 0.573611 0.870970
vt 0.525705 0.793848
vt 0.583327 0.899777
vt 0.583327 0.961603
vt 0.584926 0.946692
vt 0.521837 0.778848
vt 0.580785 0.886972
vt 0.585471 0.930690
vt 0.518516 0.765966
vt 0.577470 0.877147
vt 0.584926 0.914688
vt 0.569470 0.974408
vt 0.514366 0.782065
vt 0.507951 0.770514
vt 0.591328 0.886972
vt 0.584926 0.877147
vt 0.600383 0.930690
vt 0.599329 0.914688
vt 0.580785 0.974408
vt 0.596241 0.961603
vt 0.577470 0.870970
vt 0.521837 0.795513
vt 0.596241 0.899777
vt 0.599329 0.946692
vt 0.580785 0.870970
vt 0.518516 0.798160
vt 0.507951 0.787180
vt 0.607330 0.899777
vt 0.600383 0.886972
vt 0.611698 0.946692
vt 0.613188 0.930690
vt 0.498876 0.777751
vt 0.591328 0.877147
vt 0.611698 0.914688
vt 0.591328 0.974408
vt 0.607330 0.961603
vt 0.607330 0.974408
vt 0.615839 0.961603
vt 0.596241 0.877147
vt 0.583327 0.870970
vt 0.515968 0.801613
vt 0.621188 0.914688
vt 0.615839 0.899777
vt 0.621188 0.946692
vt 0.503027 0.793848
vt 0.607330 0.886972
vt 0.623013 0.930690
vt 0.491913 0.787180
vt 0.487536 0.798160
vt 0.611698 0.886972
vt 0.599329 0.877147
vt 0.627154 0.914688
vt 0.621188 0.961603
vt 0.584926 0.870970
vt 0.514366 0.805633
vt 0.621188 0.899777
vt 0.627154 0.946692
vt 0.499932 0.801613
vt 0.629189 0.930690
vt 0.629189 0.946692
vt 0.585471 0.870970
vt 0.513820 0.809948
vt 0.498876 0.809948
vt 0.613188 0.886972
vt 0.631296 0.930690
vt 0.486043 0.809948
vt 0.600383 0.877147
vt 0.629189 0.914688
vt 0.611698 0.974408
vt 0.623013 0.961603
vt 0.623013 0.899777
vt 0.514366 0.814260
vt 0.499932 0.818278
vt 0.487536 0.821731
vt 0.491913 0.832713
vt 0.515968 0.818278
vt 0.503027 0.826043
vt 0.507951 0.832713
vt 0.498876 0.842142
vt 0.518516 0.821731
vt 0.600383 0.974408
vt 0.521837 0.824378
vt 0.514366 0.837828
vt 0.507951 0.849376
vt 0.518516 0.853925
vt 0.525705 0.826043
vt 0.521837 0.841043
vt 0.569469 0.974408
vt 0.613188 0.974408
s 0
f 975/762/154 976/763/154 977/763/154
f 978/764/155 979/765/155 980/766/155
f 981/767/156 982/768/156 983/768/156
f 981/767/157 984/769/157 985/770/157
f 986/771/158 987/772/158 988/773/158
f 989/773/159 990/774/159 991/771/159
f 983/768/160 992/775/160 984/769/160
f 993/776/161 994/767/161 981/767/161
f 995/777/162 996/778/162 997/779/162
f 998/776/163 999/780/163 1000/780/163
f 1001/781/164 1002/782/164 1003/782/164
f 1003/782/165 1004/783/165 1005/784/165
f 1006/782/164 1007/781/164 1008/781/164
f 998/776/166 1009/785/166 1010/767/166
f 1010/767/167 1011/786/167 1012/768/167
f 1013/787/168 1014/788/168 1015/788/168
f 1016/789/169 1017/790/169 986/771/169
f 1003/782/170 1018/762/170 975/762/170
f 1019/791/171 995/777/171 1020/777/171
f 1021/792/172 1022/764/172 978/764/172
f 989/773/173 986/771/173 988/773/173
f 1019/791/168 1021/792/168 1023/791/168
f 1024/793/174 1016/789/174 1025/789/174
f 1026/779/175 1027/794/175 1028/794/175
f 1028/794/176 989/773/176 988/773/176
f 1025/789/177 986/771/177 991/771/177
f 978/764/178 1029/793/178 1024/793/178
f 1020/777/179 997/779/179 1026/779/179
f 975/762/180 1030/795/180 1004/783/180
f 1027/794/181 1031/796/181 989/773/181
f 1024/793/182 1032/797/182 979/765/182
f 1021/792/183 980/766/183 1033/798/183
f 1020/777/184 1034/799/184 1035/800/184
f 1029/793/185 1036/801/185 1016/789/185
f 997/779/186 1037/802/186 1027/794/186
f 1023/791/187 1038/803/187 995/777/187
f 1012/768/188 1039/775/188 1040/787/188
f 1026/779/189 1041/804/189 1034/799/189
f 1042/805/190 1044/806/190 1043/807/190
f 1045/808/190 1047/809/190 1046/810/190
f 1048/811/190 1050/812/190 1049/813/190
f 1051/814/190 1053/815/190 1052/816/190
f 1054/817/190 1056/818/190 1055/819/190
f 1057/820/190 1059/821/190 1058/822/190
f 1060/823/190 1059/821/190 1061/824/190
f 1062/805/191 1064/825/191 1063/826/191
f 1065/810/191 1067/809/191 1066/827/191
f 1068/811/191 1070/828/191 1069/813/191
f 1071/829/191 1073/815/191 1072/830/191
f 1074/831/191 1076/818/191 1075/832/191
f 1077/822/191 1079/821/191 1078/820/191
f 1080/824/191 1081/833/191 1068/811/191
f 1082/834/173 1084/835/173 1083/835/173
f 1053/815/192 1073/815/192 1085/823/192
f 1086/825/193 1043/807/193 1063/826/193
f 1087/836/194 1052/816/194 1088/816/194
f 1089/837/168 1060/823/168 1085/823/168
f 1084/835/195 1042/805/195 1062/805/195
f 1090/838/196 1059/821/196 1079/821/196
f 1091/833/197 1056/818/197 1076/818/197
f 1043/807/198 1044/806/198 1092/806/198
f 1057/820/199 1094/839/199 1093/839/199
f 1095/840/200 1055/819/200 1096/819/200
f 1097/841/201 1048/811/201 1068/811/201
f 1061/824/202 1047/809/202 1067/809/202
f 1054/817/203 1098/842/203 1075/832/203
f 1059/821/204 1057/820/204 1078/820/204
f 1099/843/205 1046/810/205 1065/810/205
f 1051/814/206 1087/836/206 1100/844/206
f 1094/839/207 1058/822/207 1077/822/207
f 1050/812/208 1061/824/208 1080/824/208
f 1048/811/209 1101/828/209 1070/828/209
f 1101/828/210 1049/813/210 1069/813/210
f 1049/813/211 1050/812/211 1102/812/211
f 1058/822/212 1091/833/212 1081/833/212
f 1099/843/213 1103/843/213 1066/827/213
f 1104/845/214 1106/846/214 1105/847/214
f 1107/848/190 1109/849/190 1108/850/190
f 1110/851/212 1111/849/212 1109/849/212
f 1111/849/196 1112/850/196 1108/850/196
f 1113/848/208 1115/852/208 1114/852/208
f 1116/853/168 1110/851/168 1117/851/168
f 1112/850/173 1113/848/173 1107/848/173
f 1115/852/201 1116/853/201 1118/853/201
f 1119/854/191 1120/855/191 1121/856/191
f 1122/762/191 1123/763/191 1124/857/191
f 1125/858/191 1124/859/191 1014/860/191
f 1121/861/191 1126/782/191 1122/762/191
f 1008/781/173 1127/780/173 1128/780/173
f 1129/762/170 1126/782/170 1006/782/170
f 1130/763/154 1122/762/154 1129/762/154
f 1015/788/215 1123/763/215 1130/763/215
f 983/768/216 1125/787/216 1013/787/216
f 993/776/163 1120/862/163 1119/776/163
f 1131/863/168 1133/864/168 1132/864/168
f 1112/850/217 1111/849/217 1104/845/217
f 1115/852/218 1113/848/218 1131/863/218
f 1106/846/219 1116/853/219 1134/865/219
f 1112/850/220 1133/864/220 1131/863/220
f 1115/852/221 1135/866/221 1134/865/221
f 1132/864/191 1137/845/191 1136/867/191
f 1134/865/196 1135/866/196 1138/866/196
f 1104/845/208 1105/847/208 1139/847/208
f 1133/864/201 1104/845/201 1137/845/201
f 1135/866/212 1131/863/212 1140/863/212
f 1105/847/173 1134/865/173 1141/865/173
f 1142/868/222 1144/869/222 1143/870/222
f 1138/866/191 1140/863/191 1145/871/191
f 1139/847/191 1141/865/191 1146/872/191
f 1140/863/191 1132/864/191 1142/868/191
f 1141/865/191 1138/866/191 1147/873/191
f 1137/845/191 1139/847/191 1148/874/191
f 1143/870/191 1150/875/191 1149/876/191
f 1146/872/223 1147/873/223 1149/876/223
f 1148/874/224 1152/877/224 1151/878/224
f 1142/868/225 1136/867/225 1151/878/225
f 1147/873/226 1145/871/226 1143/870/226
f 1148/874/227 1146/872/227 1150/875/227
f 1153/879/228 1032/797/228 1154/880/228
f 1155/881/229 1031/796/229 992/775/229
f 985/770/230 1038/803/230 1156/882/230
f 985/770/231 1037/802/231 996/778/231
f 992/775/232 1037/802/232 984/769/232
f 1153/879/233 980/766/233 979/765/233
f 1157/883/234 1038/803/234 1158/884/234
f 1157/883/235 1033/798/235 1159/885/235
f 1159/885/236 980/766/236 1160/886/236
f 1155/881/237 1032/797/237 990/774/237
f 993/776/238 985/770/238 1156/882/238
f 1021/792/239 1158/884/239 1023/791/239
f 1015/788/239 992/775/239 1013/787/239
f 1129/762/240 1154/880/240 1130/763/240
f 1006/782/241 1153/879/241 1129/762/241
f 1128/780/242 1156/882/242 1157/883/242
f 1025/789/243 990/774/243 1032/797/243
f 1128/780/244 1159/885/244 1008/781/244
f 1008/781/245 1160/886/245 1006/782/245
f 1130/763/246 1155/881/246 1015/788/246
f 1002/887/190 1161/888/190 1162/856/190
f 1163/767/190 1164/768/190 1165/857/190
f 1166/860/190 976/889/190 1165/859/190
f 1162/861/190 1167/776/190 1163/767/190
f 1000/780/173 1161/781/173 1001/781/173
f 977/763/215 1166/788/215 1168/788/215
f 1010/767/161 1167/776/161 998/776/161
f 1040/787/216 1164/768/216 1012/768/216
f 1012/768/156 1163/767/156 1010/767/156
f 1168/788/168 1169/787/168 1040/787/168
f 1170/890/247 1035/800/247 1171/891/247
f 1004/783/248 1172/892/248 1005/784/248
f 1009/785/249 1035/800/249 1034/799/249
f 1009/785/250 1041/804/250 1011/786/250
f 1004/783/251 1036/801/251 1173/893/251
f 1039/775/252 1017/790/252 1174/894/252
f 1174/894/253 1036/801/253 1030/795/253
f 1175/895/254 1172/892/254 1176/896/254
f 1170/890/255 1176/896/255 1177/897/255
f 1039/775/256 1041/804/256 987/772/256
f 1000/780/257 1171/891/257 998/776/257
f 1040/787/258 1174/894/258 1168/788/258
f 1178/792/259 1172/892/259 1022/764/259
f 1022/764/260 1173/893/260 1029/793/260
f 977/763/261 1174/894/261 1030/795/261
f 1001/781/262 1005/784/262 1175/895/262
f 1019/791/258 1176/896/258 1178/792/258
f 1019/791/263 1035/800/263 1177/897/263
f 1028/794/264 987/772/264 1041/804/264
f 1001/781/158 1170/890/158 1000/780/158
f 1179/898/191 1180/899/191 1181/900/191
f 1182/808/191 1183/901/191 1184/902/191
f 1185/811/191 1186/813/191 1187/812/191
f 1188/814/191 1189/903/191 1190/904/191
f 1191/817/191 1192/905/191 1193/906/191
f 1194/820/191 1195/822/191 1196/821/191
f 1197/823/191 1198/824/191 1196/821/191
f 1199/900/190 1200/907/190 1201/898/190
f 1202/901/190 1203/908/190 1204/902/190
f 1205/811/190 1206/813/190 1207/828/190
f 1208/904/190 1209/909/190 1210/814/190
f 1211/905/190 1212/910/190 1213/906/190
f 1214/822/190 1215/820/190 1216/821/190
f 1205/811/210 1217/812/210 1218/812/210
f 1219/834/173 1220/835/173 1221/835/173
f 1197/823/192 1208/904/192 1190/904/192
f 1179/898/193 1200/907/193 1222/807/193
f 1223/911/194 1224/903/194 1189/903/194
f 1225/837/168 1226/823/168 1197/823/168
f 1221/835/195 1199/900/195 1181/900/195
f 1227/838/196 1216/821/196 1196/821/196
f 1228/833/197 1213/906/197 1193/906/197
f 1222/807/265 1229/899/265 1180/899/265
f 1194/820/199 1230/839/199 1231/839/199
f 1232/840/266 1211/905/266 1192/905/266
f 1185/811/201 1233/841/201 1205/811/201
f 1198/824/267 1204/902/267 1184/902/267
f 1232/840/268 1212/910/268 1234/840/268
f 1196/821/204 1215/820/204 1194/820/204
f 1235/843/205 1202/901/205 1183/901/205
f 1188/814/269 1209/909/269 1223/911/269
f 1231/839/207 1214/822/207 1195/822/207
f 1187/812/208 1236/824/208 1198/824/208
f 1185/811/209 1207/828/209 1237/828/209
f 1237/828/210 1206/813/210 1186/813/210
f 1186/813/211 1218/812/211 1187/812/211
f 1195/822/212 1238/833/212 1228/833/212
f 1235/843/213 1203/908/213 1239/843/213
f 1240/841/270 1241/912/270 1242/913/270
f 1243/837/168 1244/823/168 1226/823/168
f 1220/835/193 1245/838/193 1246/838/193
f 1214/822/199 1247/821/199 1248/822/199
f 1218/812/208 1249/824/208 1236/824/208
f 1226/823/269 1240/841/269 1233/841/269
f 1246/838/196 1247/821/196 1216/821/196
f 1214/822/212 1250/833/212 1238/833/212
f 1236/824/213 1251/834/213 1252/834/213
f 1233/841/201 1253/811/201 1205/811/201
f 1238/833/268 1254/837/268 1243/837/268
f 1252/834/173 1255/835/173 1220/835/173
f 1242/914/269 1256/915/269 1257/916/269
f 1247/821/271 1258/917/271 1259/918/271
f 1248/822/272 1260/919/272 1250/833/272
f 1249/824/273 1261/920/273 1251/834/273
f 1240/841/274 1262/921/274 1253/811/274
f 1254/837/275 1260/919/275 1263/922/275
f 1251/834/276 1264/923/276 1255/835/276
f 1217/812/277 1262/921/277 1265/924/277
f 1244/823/278 1263/922/278 1241/912/278
f 1255/835/279 1258/917/279 1245/838/279
f 1247/821/280 1266/925/280 1248/822/280
f 1249/824/281 1265/924/281 1267/926/281
f 1268/927/282 1269/928/282 1270/929/282
f 1259/930/196 1271/931/196 1272/932/196
f 1266/930/212 1273/931/212 1260/933/212
f 1261/934/213 1270/929/213 1274/915/213
f 1262/935/201 1257/916/201 1275/927/201
f 1260/933/268 1276/936/268 1263/937/268
f 1261/934/173 1277/936/173 1264/937/173
f 1262/921/210 1268/924/210 1265/924/210
f 1263/937/168 1256/915/168 1241/934/168
f 1258/933/193 1277/936/193 1271/931/193
f 1266/925/199 1272/918/199 1278/925/199
f 1267/938/208 1268/927/208 1270/929/208
f 1279/939/190 1280/940/190 1281/941/190
f 1256/915/283 1282/928/283 1257/916/283
f 1272/932/284 1283/942/284 1284/943/284
f 1278/932/285 1285/942/285 1273/931/285
f 1270/929/286 1286/944/286 1274/915/286
f 1275/927/287 1282/928/287 1287/945/287
f 1273/931/288 1288/946/288 1276/936/288
f 1274/915/289 1289/946/289 1277/936/289
f 1275/921/290 1290/947/290 1268/924/290
f 1276/936/291 1291/944/291 1256/915/291
f 1277/936/292 1283/942/292 1271/931/292
f 1272/918/293 1279/939/293 1278/925/293
f 1292/948/193 1293/949/193 1294/949/193
f 1290/947/190 1295/950/190 1269/951/190
f 1291/952/190 1296/953/190 1282/954/190
f 1283/955/190 1280/940/190 1284/956/190
f 1285/957/190 1281/941/190 1297/958/190
f 1286/959/190 1295/950/190 1298/960/190
f 1287/961/190 1296/953/190 1299/962/190
f 1285/957/190 1300/963/190 1288/964/190
f 1289/965/294 1298/960/294 1292/948/294
f 1287/961/190 1301/966/190 1290/947/190
f 1288/964/294 1302/967/294 1291/952/294
f 1283/955/190 1292/948/190 1294/949/190
f 1281/941/199 1303/940/199 1304/941/199
f 1301/966/208 1305/950/208 1295/950/208
f 1302/967/269 1306/953/269 1296/953/269
f 1294/949/196 1303/940/196 1280/940/196
f 1281/941/212 1307/958/212 1297/958/212
f 1298/960/213 1305/950/213 1308/960/213
f 1296/953/201 1309/962/201 1299/962/201
f 1297/958/268 1310/963/268 1300/963/268
f 1292/948/173 1308/960/173 1311/948/173
f 1299/962/210 1312/966/210 1301/966/210
f 1300/963/168 1313/967/168 1302/967/168
f 1314/763/154 1315/762/154 1316/763/154
f 1317/968/260 1318/765/260 1319/793/260
f 1320/768/156 1321/767/156 1322/768/156
f 1321/767/167 1323/769/167 1322/768/167
f 1324/772/244 1325/771/244 1326/773/244
f 1327/774/295 1328/773/295 1329/771/295
f 1322/768/188 1330/775/188 1331/787/188
f 1332/767/161 1333/776/161 1321/767/161
f 1334/778/184 1335/777/184 1336/779/184
f 1337/780/163 1338/776/163 1339/780/163
f 1340/782/164 1341/781/164 1342/782/164
f 1342/782/241 1343/783/241 1315/762/241
f 1344/781/164 1345/782/164 1346/781/164
f 1347/785/238 1338/776/238 1348/767/238
f 1349/786/157 1348/767/157 1350/768/157
f 1351/788/168 1331/787/168 1352/788/168
f 1353/790/243 1354/969/243 1325/771/243
f 1355/762/170 1342/782/170 1315/762/170
f 1335/777/171 1356/791/171 1357/777/171
f 1358/968/172 1359/792/172 1317/968/172
f 1325/771/173 1328/773/173 1326/773/173
f 1359/792/168 1356/791/168 1360/791/168
f 1354/969/174 1319/793/174 1361/969/174
f 1362/794/175 1363/779/175 1364/794/175
f 1328/773/176 1364/794/176 1326/773/176
f 1325/771/177 1361/969/177 1329/771/177
f 1365/793/178 1317/968/178 1319/793/178
f 1336/779/179 1357/777/179 1363/779/179
f 1315/762/240 1366/795/240 1316/763/240
f 1367/796/264 1362/794/264 1328/773/264
f 1319/793/185 1368/970/185 1361/969/185
f 1359/792/259 1369/971/259 1317/968/259
f 1357/777/162 1370/799/162 1363/779/162
f 1371/972/182 1365/793/182 1354/969/182
f 1372/802/189 1336/779/189 1362/794/189
f 1373/803/263 1360/791/263 1335/777/263
f 1374/775/160 1350/768/160 1375/787/160
f 1363/779/186 1376/804/186 1364/794/186
f 1377/973/191 1379/974/191 1378/975/191
f 1380/976/191 1382/977/191 1381/978/191
f 1383/811/191 1385/828/191 1384/813/191
f 1386/979/191 1388/980/191 1387/981/191
f 1389/982/191 1391/983/191 1390/984/191
f 1392/822/191 1394/821/191 1393/820/191
f 1383/811/191 1396/985/191 1395/841/191
f 1397/974/190 1399/973/190 1398/986/190
f 1400/978/190 1402/977/190 1401/976/190
f 1403/811/190 1405/812/190 1404/813/190
f 1406/979/190 1408/987/190 1407/988/190
f 1409/984/190 1411/983/190 1410/982/190
f 1412/820/190 1414/821/190 1413/822/190
f 1415/985/190 1416/989/190 1403/811/190
f 1417/835/173 1419/835/173 1418/834/173
f 1420/990/192 1422/990/192 1421/823/192
f 1423/975/193 1378/975/193 1424/825/193
f 1425/987/296 1387/981/296 1407/988/296
f 1426/823/168 1421/823/168 1427/837/168
f 1428/991/195 1429/991/195 1419/835/195
f 1414/821/196 1394/821/196 1430/838/196
f 1431/992/197 1433/992/197 1432/833/197
f 1377/973/265 1434/807/265 1398/986/265
f 1435/839/199 1436/839/199 1393/820/199
f 1410/982/200 1389/982/200 1437/840/200
f 1403/811/201 1383/811/201 1395/841/201
f 1438/993/267 1440/993/267 1439/824/267
f 1409/984/268 1390/984/268 1441/817/268
f 1412/820/204 1393/820/204 1394/821/204
f 1401/976/205 1380/976/205 1442/843/205
f 1443/980/269 1388/980/269 1444/814/269
f 1413/822/207 1392/822/207 1436/839/207
f 1445/824/208 1439/824/208 1446/812/208
f 1447/828/209 1385/828/209 1383/811/209
f 1404/813/210 1384/813/210 1385/828/210
f 1405/812/211 1446/812/211 1384/813/211
f 1448/833/212 1432/833/212 1392/822/212
f 1400/978/213 1381/978/213 1449/808/213
f 1450/851/297 1452/849/297 1451/845/297
f 1453/994/191 1455/853/191 1454/852/191
f 1456/849/212 1452/849/212 1450/851/212
f 1457/850/196 1458/850/196 1452/849/196
f 1454/852/208 1460/852/208 1459/994/208
f 1461/851/168 1450/851/168 1462/853/168
f 1453/994/173 1459/994/173 1458/850/173
f 1455/853/201 1462/853/201 1460/852/201
f 1463/854/190 1464/856/190 1465/995/190
f 1466/857/190 1467/762/190 1332/767/190
f 1468/858/190 1351/860/190 1466/859/190
f 1467/762/190 1469/782/190 1464/861/190
f 1465/780/173 1346/781/173 1470/780/173
f 1469/782/170 1471/762/170 1345/782/170
f 1467/762/154 1472/763/154 1471/762/154
f 1473/763/215 1352/788/215 1472/763/215
f 1468/787/216 1322/768/216 1331/787/216
f 1463/776/163 1470/780/163 1333/776/163
f 1474/864/168 1476/864/168 1475/863/168
f 1451/845/298 1452/849/298 1458/850/298
f 1475/863/299 1459/994/299 1460/852/299
f 1477/865/300 1462/853/300 1450/851/300
f 1476/864/301 1458/850/301 1459/994/301
f 1478/866/302 1460/852/302 1462/853/302
f 1479/867/190 1480/845/190 1474/864/190
f 1481/866/196 1478/866/196 1477/865/196
f 1482/847/208 1483/847/208 1451/845/208
f 1480/845/201 1451/845/201 1476/864/201
f 1484/863/212 1475/863/212 1478/866/212
f 1485/865/173 1477/865/173 1483/847/173
f 1486/868/303 1488/996/303 1487/870/303
f 1488/996/190 1484/863/190 1481/866/190
f 1489/872/190 1485/865/190 1482/847/190
f 1486/868/190 1474/864/190 1484/863/190
f 1481/866/190 1485/865/190 1489/872/190
f 1490/874/190 1482/847/190 1480/845/190
f 1487/870/190 1492/878/190 1491/869/190
f 1493/876/304 1494/873/304 1489/872/304
f 1490/874/305 1479/867/305 1492/878/305
f 1492/878/306 1479/867/306 1486/868/306
f 1487/870/307 1488/996/307 1494/873/307
f 1495/875/308 1489/872/308 1490/874/308
f 1368/970/251 1496/879/251 1497/880/251
f 1367/796/252 1498/881/252 1330/775/252
f 1373/803/249 1499/770/249 1500/882/249
f 1499/770/250 1372/802/250 1323/769/250
f 1372/802/309 1330/775/309 1323/769/309
f 1496/879/248 1369/971/248 1501/886/248
f 1502/883/310 1373/803/310 1500/882/310
f 1503/798/255 1502/883/255 1504/885/255
f 1369/971/254 1504/885/254 1501/886/254
f 1498/881/253 1368/970/253 1497/880/253
f 1333/776/166 1499/770/166 1321/767/166
f 1505/884/311 1359/792/311 1360/791/311
f 1330/775/311 1352/788/311 1331/787/311
f 1497/880/180 1471/762/180 1472/763/180
f 1496/879/165 1345/782/165 1471/762/165
f 1470/780/257 1500/882/257 1333/776/257
f 1361/969/169 1327/774/169 1329/771/169
f 1504/885/158 1470/780/158 1346/781/158
f 1501/886/262 1346/781/262 1345/782/262
f 1498/881/261 1472/763/261 1352/788/261
f 1340/887/191 1506/856/191 1507/888/191
f 1508/857/191 1509/767/191 1355/762/191
f 1510/860/191 1508/859/191 1314/889/191
f 1509/767/191 1511/776/191 1506/861/191
f 1507/781/173 1339/780/173 1341/781/173
f 1510/788/215 1316/763/215 1512/788/215
f 1511/776/161 1348/767/161 1338/776/161
f 1513/768/216 1375/787/216 1350/768/216
f 1509/767/156 1350/768/156 1348/767/156
f 1514/787/168 1512/788/168 1375/787/168
f 1515/800/312 1516/890/312 1517/891/312
f 1518/997/233 1343/783/233 1519/784/233
f 1347/785/230 1515/800/230 1517/891/230
f 1376/804/231 1347/785/231 1349/786/231
f 1343/783/228 1371/972/228 1366/795/228
f 1353/790/229 1374/775/229 1520/894/229
f 1371/972/237 1520/894/237 1366/795/237
f 1521/895/313 1518/997/313 1519/784/313
f 1522/897/235 1521/895/235 1516/890/235
f 1374/775/314 1376/804/314 1349/786/314
f 1517/891/242 1339/780/242 1338/776/242
f 1520/894/315 1375/787/315 1512/788/315
f 1518/997/183 1523/792/183 1358/968/183
f 1524/893/155 1358/968/155 1365/793/155
f 1316/763/246 1520/894/246 1512/788/246
f 1341/781/245 1519/784/245 1342/782/245
f 1525/896/315 1356/791/315 1523/792/315
f 1356/791/187 1515/800/187 1357/777/187
f 1364/794/181 1324/772/181 1326/773/181
f 1516/890/244 1341/781/244 1339/780/244
f 1526/998/190 1527/807/190 1528/999/190
f 1529/1000/190 1530/843/190 1531/808/190
f 1532/811/190 1533/813/190 1534/828/190
f 1535/1001/190 1536/814/190 1537/1002/190
f 1538/1003/190 1539/817/190 1540/1004/190
f 1541/822/190 1542/820/190 1543/821/190
f 1543/821/190 1544/835/190 1532/811/190
f 1545/998/191 1546/1005/191 1547/1006/191
f 1548/1007/316 1549/1008/316 1550/1000/316
f 1551/811/191 1552/813/191 1553/812/191
f 1554/1002/191 1555/1009/191 1556/1001/191
f 1557/1010/191 1558/1003/191 1559/1004/191
f 1560/820/191 1561/822/191 1562/821/191
f 1563/812/210 1551/811/210 1553/812/210
f 1564/835/173 1565/834/173 1544/835/173
f 1554/1002/192 1566/1011/192 1537/1002/192
f 1546/1005/193 1528/999/193 1527/807/193
f 1556/1001/194 1567/911/194 1535/1001/194
f 1568/1011/168 1569/837/168 1566/1011/168
f 1545/998/195 1544/835/195 1526/998/195
f 1562/821/196 1570/838/196 1543/821/196
f 1559/1004/197 1571/833/197 1540/1004/197
f 1547/1006/265 1527/807/265 1572/1006/265
f 1573/839/199 1542/820/199 1574/839/199
f 1558/1003/200 1575/840/200 1538/1003/200
f 1551/811/201 1576/841/201 1532/811/201
f 1550/1000/267 1577/824/267 1529/1000/267
f 1575/840/268 1557/1010/268 1539/817/268
f 1560/820/204 1543/821/204 1542/820/204
f 1549/1008/205 1530/843/205 1578/1008/205
f 1555/1009/269 1536/814/269 1567/911/269
f 1561/822/207 1574/839/207 1541/822/207
f 1579/824/208 1580/812/208 1577/824/208
f 1581/828/209 1532/811/209 1534/828/209
f 1552/813/210 1534/828/210 1533/813/210
f 1553/812/211 1533/813/211 1580/812/211
f 1571/833/212 1561/822/212 1541/822/212
f 1582/843/213 1531/808/213 1530/843/213
f 1583/841/317 1584/912/317 1585/1011/317
f 1585/1011/168 1586/837/168 1568/1011/168
f 1587/838/193 1564/835/193 1588/838/193
f 1561/822/199 1589/821/199 1562/821/199
f 1590/824/208 1553/812/208 1579/824/208
f 1583/841/269 1568/1011/269 1591/841/269
f 1589/821/196 1588/838/196 1562/821/196
f 1592/833/212 1561/822/212 1593/833/212
f 1594/834/213 1579/824/213 1595/834/213
f 1596/811/201 1591/841/201 1551/811/201
f 1597/837/268 1593/833/268 1586/837/268
f 1598/835/173 1595/834/173 1564/835/173
f 1599/1012/269 1600/1013/269 1584/1014/269
f 1589/821/318 1601/917/318 1587/838/318
f 1602/919/319 1603/822/319 1592/833/319
f 1604/920/320 1590/824/320 1594/834/320
f 1605/921/321 1583/841/321 1596/811/321
f 1597/837/322 1602/919/322 1592/833/322
f 1606/1015/323 1594/834/323 1598/835/323
f 1563/812/324 1605/921/324 1596/811/324
f 1584/912/325 1597/837/325 1585/1011/325
f 1601/917/326 1598/835/326 1587/838/326
f 1607/925/327 1589/821/327 1603/822/327
f 1608/926/328 1563/812/328 1590/824/328
f 1609/1016/329 1610/1017/329 1611/1018/329
f 1612/1019/196 1613/1020/196 1601/1021/196
f 1614/1022/212 1607/1019/212 1602/1023/212
f 1604/1014/213 1611/1018/213 1608/1024/213
f 1605/1025/201 1615/1026/201 1599/1012/201
f 1616/1027/268 1602/1023/268 1617/1028/268
f 1618/1027/173 1604/1014/173 1606/1028/173
f 1610/1017/210 1605/1025/210 1619/1029/210
f 1600/1013/168 1617/1028/168 1584/1014/168
f 1601/1021/193 1618/1027/193 1606/1028/193
f 1620/1030/199 1612/1019/199 1607/1019/199
f 1608/1024/208 1610/1017/208 1619/1029/208
f 1621/939/191 1622/940/191 1623/956/191
f 1624/1016/330 1600/1013/330 1615/1026/330
f 1625/1030/331 1626/1031/331 1613/1020/331
f 1627/1031/332 1620/1030/332 1614/1022/332
f 1628/1013/333 1609/1016/333 1611/1018/333
f 1629/1032/334 1624/1016/334 1615/1026/334
f 1630/1033/335 1614/1022/335 1616/1027/335
f 1631/1033/336 1628/1013/336 1618/1027/336
f 1632/1034/337 1629/1032/337 1610/1017/337
f 1633/1035/338 1616/1027/338 1600/1013/338
f 1626/1031/339 1618/1027/339 1613/1020/339
f 1621/1036/340 1625/1030/340 1620/1030/340
f 1634/949/193 1311/948/193 1635/948/193
f 1636/950/191 1632/947/191 1609/951/191
f 1637/953/191 1633/952/191 1624/954/191
f 1622/940/191 1626/955/191 1623/956/191
f 1627/957/191 1638/941/191 1621/939/191
f 1639/959/191 1636/950/191 1609/951/191
f 1640/961/191 1637/953/191 1624/954/191
f 1641/963/191 1627/957/191 1630/964/191
f 1631/965/191 1642/960/191 1639/959/191
f 1643/966/191 1640/961/191 1632/947/191
f 1644/967/191 1630/964/191 1633/952/191
f 1626/955/191 1635/948/191 1631/965/191
f 1313/967/190 1303/940/190 1305/950/190
f 1304/941/199 1622/940/199 1638/941/199
f 1305/950/208 1643/966/208 1636/950/208
f 1306/953/269 1644/967/269 1637/953/269
f 1622/940/196 1293/949/196 1634/949/196
f 1645/958/212 1304/941/212 1638/941/212
f 1642/960/213 1305/950/213 1636/950/213
f 1646/962/201 1306/953/201 1637/953/201
f 1310/963/268 1645/958/268 1641/963/268
f 1311/948/173 1642/960/173 1635/948/173
f 1643/966/210 1309/962/210 1646/962/210
f 1313/967/168 1641/963/168 1644/967/168
f 1647/1037/341 1648/1038/341 1649/1039/341
f 1650/1040/342 1651/1041/342 1652/1042/342
f 1653/1043/343 1654/1044/343 1647/1037/343
f 1654/1044/344 1655/1045/344 1656/1046/344
f 1654/1044/345 1657/1047/345 1648/1038/345
f 3546/1048/346 1659/1049/346 1660/1050/346
f 1661/1051/347 1662/1052/347 1650/1040/347
f 1663/1053/348 1664/1054/348 1661/1051/348
f 1656/1046/349 1665/1055/349 1666/1056/349
f 1657/1047/350 1666/1056/350 1667/1057/350
f 1666/1056/351 1668/1058/351 1669/1059/351
f 1666/1056/352 1670/1060/352 1667/1057/352
f 1671/1061/353 1672/1062/353 1663/1053/353
f 1673/1063/354 1674/1064/354 1671/1061/354
f 1668/1058/355 1675/1065/355 1669/1059/355
f 1669/1059/356 1676/1066/356 1670/1060/356
f 1677/1067/357 1678/1068/357 1679/1069/357
f 1676/1066/358 1680/1070/358 1681/1071/358
f 1682/1072/359 1683/1073/359 1684/1074/359
f 1685/1075/360 1673/1063/360 1686/1076/360
f 1675/1065/361 1687/1077/361 1680/1070/361
f 1688/1078/362 1686/1076/362 1689/1079/362
f 1687/1077/363 1690/1080/363 1680/1070/363
f 1681/1071/364 1690/1080/364 1691/1081/364
f 1690/1080/365 1692/1082/365 1691/1081/365
f 1693/1083/366 1689/1079/366 1694/1084/366
f 1695/1085/367 1696/1086/367 1690/1080/367
f 1697/1087/368 1693/1083/368 1694/1084/368
f 1698/1088/369 1699/1089/369 1696/1086/369
f 1692/1082/370 1699/1089/370 1700/1090/370
f 1701/1091/371 1702/1092/371 1703/1093/371
f 1704/1094/372 1697/1087/372 1705/1095/372
f 1706/1096/373 1707/1097/373 1699/1089/373
f 1699/1089/374 1708/1098/374 1700/1090/374
f 1709/1099/375 1710/1100/375 1707/1097/375
f 1708/1098/376 1710/1100/376 1711/1101/376
f 1712/1102/377 1713/1103/377 1714/1104/377
f 1715/1105/378 1704/1094/378 1705/1095/378
f 1716/1106/379 1717/1107/379 1715/1105/379
f 1718/1108/380 1719/1109/380 1710/1100/380
f 1710/1100/381 1720/1110/381 1711/1101/381
f 1721/1111/382 1722/1112/382 1719/1109/382
f 1719/1109/383 1723/1113/383 1720/1110/383
f 1724/1114/384 1725/1115/384 1726/1116/384
f 1727/1117/385 1716/1106/385 1728/1118/385
f 1729/1119/386 1727/1117/386 1728/1118/386
f 1730/1120/387 1731/1121/387 1722/1112/387
f 1722/1112/388 1732/1122/388 1723/1113/388
f 1733/1123/389 1734/1124/389 1735/1125/389
f 1731/1121/390 1736/1126/390 1737/1127/390
f 1732/1122/391 1737/1127/391 1738/1128/391
f 1739/1129/392 1740/1130/392 1729/1119/392
f 1741/1131/393 1739/1129/393 1742/1132/393
f 1737/1127/394 1743/1133/394 1744/1134/394
f 1738/1128/395 1744/1134/395 1745/1135/395
f 1743/1133/396 1746/1136/396 1744/1134/396
f 1745/1135/397 1746/1136/397 1747/1137/397
f 1748/1138/398 1741/1131/398 1742/1132/398
f 1749/1139/399 1748/1138/399 1750/1140/399
f 1751/1141/400 1752/1142/400 1746/1136/400
f 1747/1137/401 1752/1142/401 1753/1143/401
f 1701/1091/402 1754/1144/402 1755/1145/402
f 1753/1143/403 1756/1146/403 1757/1147/403
f 1758/1148/404 1759/1149/404 1760/1150/404
f 1761/1151/405 1749/1139/405 1750/1140/405
f 1752/1142/406 1762/1152/406 1756/1146/406
f 1763/1153/407 1764/1154/407 1761/1151/407
f 1762/1152/408 1765/1155/408 1756/1146/408
f 1757/1147/409 1765/1155/409 1766/1156/409
f 1866/1157/410 3549/1158/410 3550/1157/410
f 1765/1155/411 1770/1159/411 1766/1156/411
f 1771/1160/412 1763/1153/412 1772/1161/412
f 1773/1162/413 1774/1163/413 1765/1155/413
f 1775/1164/414 1772/1161/414 1776/1165/414
f 1777/1166/415 1778/1167/415 1774/1163/415
f 1770/1159/416 1778/1167/416 1779/1168/416
f 1780/1169/417 1781/1170/417 1682/1072/417
f 1782/1171/418 1783/1172/418 1784/1173/418
f 1663/1053/419 1785/1174/419 1671/1061/419
f 1786/1175/420 1787/1176/420 1713/1103/420
f 1729/1119/421 1788/1177/421 1739/1129/421
f 1789/1178/422 1790/1179/422 1791/1180/422
f 1705/1095/423 1792/1181/423 1793/1182/423
f 1794/1183/424 1775/1164/424 1776/1165/424
f 1795/1184/425 1796/1185/425 1778/1167/425
f 1779/1168/426 1796/1185/426 1797/1186/426
f 1761/1151/427 1798/1187/427 1763/1153/427
f 1796/1185/428 1799/1188/428 1800/1189/428
f 1797/1186/429 1800/1189/429 1801/1190/429
f 1772/1161/430 1802/1191/430 1776/1165/430
f 1652/1042/431 1784/1173/431 1803/1192/431
f 1804/1193/432 1794/1183/432 1805/1194/432
f 1799/1188/433 1806/1195/433 1800/1189/433
f 1800/1189/434 1807/1196/434 1801/1190/434
f 1808/1197/435 1809/1198/435 1810/1199/435
f 1811/1200/436 1812/1201/436 1806/1195/436
f 1806/1195/437 1813/1202/437 1807/1196/437
f 1812/1201/438 1814/1203/438 1815/1204/438
f 1813/1202/439 1815/1204/439 1816/1205/439
f 1814/1203/440 1817/1206/440 1815/1204/440
f 1816/1205/441 1817/1206/441 1818/1207/441
f 1703/1093/442 1819/1208/442 1758/1148/442
f 1820/1209/443 1821/1210/443 1817/1206/443
f 1817/1206/444 1822/1211/444 1818/1207/444
f 1823/1212/445 1824/1213/445 1825/1214/445
f 1826/1215/446 1827/1216/446 1821/1210/446
f 1822/1211/447 1827/1216/447 1828/1217/447
f 1827/1216/448 1829/1218/448 1830/1219/448
f 1827/1216/449 1831/1220/449 1828/1217/449
f 1684/1074/450 1832/1221/450 1733/1123/450
f 1831/1220/451 1647/1037/451 1649/1039/451
f 1833/1222/452 1714/1104/452 1834/1223/452
f 1830/1219/453 1653/1043/453 1647/1037/453
f 1651/1041/454 1782/1171/454 1652/1042/454
f 1673/1063/455 1785/1174/455 1835/1224/455
f 1705/1095/456 1836/1225/456 1715/1105/456
f 1776/1165/457 1837/1226/457 1794/1183/457
f 1838/1227/458 1839/1228/458 1782/1171/458
f 1840/1229/459 1841/1230/459 1842/1231/459
f 1697/1087/460 1843/1232/460 1792/1181/460
f 1728/1118/461 1844/1233/461 1729/1119/461
f 1750/1140/462 1845/1234/462 1761/1151/462
f 1689/1079/463 1846/1235/463 1847/1236/463
f 1840/1229/464 1848/1237/464 1789/1178/464
f 1839/1228/465 1849/1238/465 1850/1239/465
f 1849/1238/466 1851/1240/466 1850/1239/466
f 1850/1239/467 1852/1241/467 1853/1242/467
f 1716/1106/468 1854/1243/468 1728/1118/468
f 1716/1106/469 1836/1225/469 1855/1244/469
f 1748/1138/470 1856/1245/470 1750/1140/470
f 1663/1053/471 1857/1246/471 1858/1247/471
f 1694/1084/472 1847/1236/472 1843/1232/472
f 1859/1248/473 1791/1180/473 1851/1240/473
f 1791/1180/474 1860/1249/474 1789/1178/474
f 1791/1180/475 1852/1241/475 1851/1240/475
f 1652/1042/476 1861/1250/476 1650/1040/476
f 1805/1194/477 1837/1226/477 1841/1230/477
f 1850/1239/478 1783/1172/478 1839/1228/478
f 1661/1051/479 1861/1250/479 1857/1246/479
f 1789/1178/480 1862/1251/480 1840/1229/480
f 1742/1132/481 1863/1252/481 1748/1138/481
f 1862/1251/482 1805/1194/482 1840/1229/482
f 1742/1132/483 1788/1177/483 1864/1253/483
f 1763/1153/484 1865/1254/484 1772/1161/484
f 1686/1076/485 1835/1224/485 1846/1235/485
f 3542/1255/486 1867/1256/486 1868/1257/486
f 1867/1256/487 1659/1049/487 1869/1258/487
f 1869/1258/488 1870/1259/488 1871/1260/488
f 1870/1259/489 1872/1261/489 1871/1260/489
f 1872/1261/490 1873/1262/490 1874/1263/490
f 1874/1263/491 1759/1149/491 1875/1264/491
f 1759/1149/492 1876/1265/492 1875/1264/492
f 1876/1265/493 1702/1092/493 1877/1266/493
f 1702/1092/494 1878/1267/494 1877/1266/494
f 1755/1145/495 1879/1268/495 1878/1267/495
f 1754/1144/496 1880/1269/496 1879/1268/496
f 1881/1270/497 1882/1271/497 1880/1269/497
f 1883/1272/498 1884/1273/498 1882/1271/498
f 1884/1273/499 1885/1274/499 1886/1275/499
f 1885/1274/500 1887/1276/500 1886/1275/500
f 1887/1276/501 1832/1221/501 1888/1277/501
f 1832/1221/502 1889/1278/502 1888/1277/502
f 1683/1073/503 1890/1279/503 1889/1278/503
f 1781/1170/504 1891/1280/504 1890/1279/504
f 1891/1280/505 1892/1281/505 1893/1282/505
f 1892/1281/506 1894/1283/506 1893/1282/506
f 1895/1284/507 1896/1285/507 1894/1283/507
f 1897/1286/508 1898/1287/508 1896/1285/508
f 1834/1223/509 1899/1288/509 1898/1287/509
f 1714/1104/510 1900/1289/510 1899/1288/510
f 1713/1103/511 1901/1290/511 1900/1289/511
f 1787/1176/512 1902/1291/512 1901/1290/512
f 1725/1115/513 1903/1292/513 1902/1291/513
f 1903/1292/514 1679/1069/514 1904/1293/514
f 1904/1293/515 1678/1068/515 1905/1294/515
f 1678/1068/516 1906/1295/516 1905/1294/516
f 1906/1295/517 3542/1255/517 1868/1257/517
f 1907/1296/518 1725/1115/518 1787/1176/518
f 1908/1297/519 1892/1281/519 1909/1298/519
f 1910/1299/520 1881/1270/520 1754/1144/520
f 3541/1300/521 3552/1301/521 1658/1301/521
f 1780/1169/522 1892/1281/522 1911/1302/522
f 1912/1303/523 1834/1223/523 1897/1286/523
f 1913/1304/524 1824/1213/524 1870/1259/524
f 1677/1067/525 1914/1305/525 1724/1114/525
f 1823/1212/526 1759/1149/526 1873/1262/526
f 1915/1306/527 1809/1198/527 1883/1272/527
f 1912/1303/528 1895/1284/528 1908/1297/528
f 1916/1307/529 3545/1308/529 1678/1068/529
f 1917/1309/530 1870/1259/530 1659/1049/530
f 1735/1125/531 1885/1274/531 1808/1197/531
f 1918/1310/532 1883/1272/532 1881/1270/532
f 1943/1311/533 1944/1312/533 1945/1313/533
f 1946/1314/534 1944/1312/534 1947/1315/534
f 1943/1311/535 1948/1316/535 1949/1317/535
f 1944/1312/536 1950/1318/536 1947/1315/536
f 1949/1317/537 1948/1316/537 1951/1319/537
f 1949/1317/538 1952/1320/538 1944/1312/538
f 1952/1320/539 1953/1321/539 1950/1318/539
f 1951/1319/540 1948/1316/540 1954/1322/540
f 1952/1320/541 1954/1322/541 1955/1323/541
f 1955/1323/542 1956/1324/542 1953/1321/542
f 1954/1322/543 1948/1316/543 1957/1325/543
f 1954/1322/544 1958/1326/544 1955/1323/544
f 1958/1326/545 1959/1327/545 1956/1324/545
f 1957/1325/546 1948/1316/546 1960/1328/546
f 1957/1325/547 1961/1329/547 1958/1326/547
f 1959/1327/548 1962/1330/548 1963/1331/548
f 1960/1328/549 1948/1316/549 1964/1332/549
f 1960/1328/550 1962/1330/550 1961/1329/550
f 1964/1332/551 1948/1316/551 1965/1333/551
f 1964/1332/552 1966/1334/552 1962/1330/552
f 1963/1331/553 1966/1334/553 1967/1335/553
f 1966/1334/554 1968/1336/554 1969/1337/554
f 1967/1335/555 1969/1337/555 1970/1338/555
f 1965/1333/556 1948/1316/556 1968/1336/556
f 1968/1336/557 1971/1339/557 1969/1337/557
f 1969/1337/558 1972/1340/558 1970/1338/558
f 1968/1336/559 1948/1316/559 1973/1341/559
f 1973/1341/560 1974/1342/560 1971/1339/560
f 1972/1340/561 1974/1342/561 1975/1343/561
f 1973/1341/562 1948/1316/562 1976/1344/562
f 1976/1344/563 1977/1345/563 1974/1342/563
f 1975/1343/564 1977/1345/564 1978/1346/564
f 1976/1344/565 1948/1316/565 1979/1347/565
f 1979/1347/566 1945/1313/566 1977/1345/566
f 1977/1345/567 1946/1314/567 1978/1346/567
f 1979/1347/568 1948/1316/568 1943/1311/568
f 1980/837/200 1427/837/200 1389/982/200
f 1981/1348/197 1441/817/197 1433/992/197
f 1411/983/190 1982/1349/190 1980/837/190
f 1427/837/191 1983/1349/191 1391/983/191
f 1395/841/194 1425/987/194 1408/987/194
f 1984/1350/569 1444/814/569 1422/990/569
f 1406/979/190 1415/985/190 1985/841/190
f 1395/841/191 1396/985/191 1386/979/191
f 1986/834/205 1418/834/205 1380/976/205
f 1987/1351/570 1449/808/570 1440/993/570
f 1402/977/190 1416/989/190 1986/834/190
f 1418/834/191 1988/989/191 1382/977/191
f 1989/838/265 1430/838/265 1377/973/265
f 1990/825/195 1424/825/195 1429/991/195
f 1397/974/190 1991/1352/190 1989/838/190
f 1430/838/191 1992/1352/191 1379/974/191
f 1419/835/191 1429/991/191 1379/974/191
f 1417/835/190 1991/1352/190 1397/974/190
f 1434/807/193 1378/975/193 1423/975/193
f 1428/991/190 1397/974/190 1423/975/190
f 1429/991/191 1424/825/191 1378/975/191
f 1432/833/191 1433/992/191 1391/983/191
f 1448/833/190 1982/1349/190 1411/983/190
f 1993/840/268 1437/840/268 1390/984/268
f 1981/1348/190 1431/992/190 1411/983/190
f 1433/992/191 1441/817/191 1390/984/191
f 1421/823/191 1422/990/191 1386/979/191
f 1426/823/190 1415/985/190 1406/979/190
f 1387/981/571 1388/980/571 1443/980/571
f 1984/1350/190 1420/990/190 1406/979/190
f 1422/990/191 1444/814/191 1388/980/191
f 1439/824/191 1440/993/191 1382/977/191
f 1445/824/190 1416/989/190 1402/977/190
f 1994/843/213 1442/843/213 1381/978/213
f 1987/1351/190 1438/993/190 1402/977/190
f 1440/993/191 1449/808/191 1381/978/191
f 1591/841/194 1535/1001/194 1576/841/194
f 1995/814/192 1537/1002/192 1536/814/192
f 1554/1002/191 1591/841/191 1568/1011/191
f 1576/841/190 1537/1002/190 1566/1011/190
f 1586/837/200 1538/1003/200 1569/837/200
f 1539/817/197 1559/1004/197 1540/1004/197
f 1559/1004/191 1586/837/191 1593/833/191
f 1569/837/190 1540/1004/190 1571/833/190
f 1595/834/205 1578/1008/205 1565/834/205
f 1548/1007/202 1529/1000/202 1531/808/202
f 1550/1000/191 1595/834/191 1579/824/191
f 1565/834/190 1529/1000/190 1577/824/190
f 1588/838/265 1572/1006/265 1570/838/265
f 1996/999/195 1526/998/195 1528/999/195
f 1564/835/191 1547/1006/191 1588/838/191
f 1570/838/190 1526/998/190 1544/835/190
f 1052/816/194 1097/841/194 1997/841/194
f 1053/815/192 1051/814/192 1072/830/192
f 1997/841/191 1071/829/191 1088/816/191
f 1053/815/190 1060/823/190 1097/841/190
f 1055/819/200 1089/837/200 1998/837/200
f 1054/817/572 1075/832/572 1076/818/572
f 1998/837/191 1074/831/191 1096/819/191
f 1056/818/190 1091/833/190 1089/837/190
f 1044/806/265 1090/838/265 1999/838/265
f 1042/805/573 1086/825/573 1064/825/573
f 1083/835/191 1062/805/191 1092/806/191
f 1042/805/190 1084/835/190 1090/838/190
f 1046/810/205 1082/834/205 2000/834/205
f 1045/808/574 1066/827/574 1067/809/574
f 2000/834/191 1080/824/191 1067/809/191
f 1047/809/190 1061/824/190 1082/834/190
f 1192/905/200 1243/837/200 1225/837/200
f 1191/817/575 1213/906/575 1212/910/575
f 1243/837/190 1213/906/190 1238/833/190
f 1228/833/191 1192/905/191 1225/837/191
f 1189/903/194 1233/841/194 2001/841/194
f 1190/904/192 1210/814/192 1188/814/192
f 1226/823/190 1224/903/190 1208/904/190
f 1190/904/191 2001/841/191 1197/823/191
f 1183/901/205 1252/834/205 1219/834/205
f 1182/808/576 1204/902/576 1203/908/576
f 1252/834/190 1204/902/190 1236/824/190
f 1184/902/191 1219/834/191 1198/824/191
f 1180/899/265 1246/838/265 1227/838/265
f 1181/900/195 1201/898/195 1179/898/195
f 1246/838/190 1199/900/190 1220/835/190
f 1181/900/191 1227/838/191 1221/835/191
f 2002/1353/577 2003/1354/577 1829/1354/577
f 2004/1355/578 1736/1356/578 2005/1355/578
f 1718/1357/579 2006/1358/579 1721/1358/579
f 1795/1359/580 2007/1360/580 2008/1360/580
f 1829/1354/581 2009/1361/581 1653/1361/581
f 1698/1362/582 2010/1363/582 1706/1363/582
f 1762/1364/583 2011/1365/583 1773/1365/583
f 2012/1366/584 1668/1367/584 1665/1366/584
f 2013/1368/585 1751/1369/585 1743/1368/585
f 2014/1370/586 1820/1371/586 1814/1370/586
f 1799/1372/587 2015/1373/587 1811/1373/587
f 2016/1374/588 2017/1375/588 1687/1375/588
f 1709/1376/589 2018/1357/589 1718/1357/589
f 1730/1377/590 2004/1355/590 2005/1355/590
f 1777/1378/591 2019/1359/591 1795/1359/591
f 2020/1379/592 2002/1353/592 1826/1379/592
f 1655/1380/593 2012/1366/593 1665/1366/593
f 1653/1361/594 2021/1381/594 2022/1381/594
f 2023/1382/595 2024/1364/595 1762/1364/595
f 2025/1383/596 2014/1370/596 1814/1370/596
f 1695/1384/597 2026/1362/597 1698/1362/597
f 1736/1356/598 2013/1368/598 1743/1368/598
f 2008/1360/599 2027/1372/599 1799/1372/599
f 2022/1381/600 2028/1380/600 1655/1380/600
f 1721/1358/601 2029/1377/601 1730/1377/601
f 1811/1373/602 2030/1383/602 2025/1383/602
f 1668/1367/603 2031/1374/603 2016/1374/603
f 1820/1371/604 2020/1379/604 1826/1379/604
f 1706/1363/605 2032/1376/605 1709/1376/605
f 1751/1369/606 2033/1382/606 2023/1382/606
f 1773/1365/607 2034/1378/607 1777/1378/607
f 1687/1375/608 2035/1384/608 1695/1384/608
f 2018/1357/579 2036/1358/579 2006/1358/579
f 2032/1376/589 2037/1357/589 2018/1357/589
f 2010/1363/605 2038/1376/605 2032/1376/605
f 2039/1385/609 2040/1386/609 2041/1387/609
f 2026/1362/610 2042/1388/610 2010/1363/610
f 2035/1384/611 2043/1389/611 2026/1362/611
f 2017/1375/608 2044/1384/608 2035/1384/608
f 2031/1374/588 2045/1375/588 2017/1375/588
f 2003/1354/581 2046/1361/581 2009/1361/581
f 2047/1367/603 2048/1374/603 2031/1374/603
f 2049/1353/577 2050/1354/577 2003/1354/577
f 2051/1366/584 2047/1367/584 2012/1366/584
f 2052/1390/592 2049/1353/592 2020/1379/592
f 2053/1391/612 2054/1392/612 2055/1393/612
f 2028/1380/593 2051/1366/593 2012/1366/593
f 2056/1371/604 2052/1390/604 2020/1379/604
f 2057/1394/594 2058/1395/594 2059/1394/594
f 2021/1381/600 2060/1380/600 2028/1380/600
f 2061/1370/586 2056/1371/586 2014/1370/586
f 2009/1361/594 2062/1381/594 2021/1381/594
f 2030/1383/596 2061/1370/596 2014/1370/596
f 2063/1396/590 2064/1397/590 2065/1396/590
f 2066/1395/594 2059/1394/594 2058/1395/594
f 2067/1398/583 2068/1399/583 2069/1398/583
f 2064/1397/578 2070/1400/578 2071/1400/578
f 2072/1401/579 2073/1402/579 2074/1401/579
f 2075/1403/577 2076/1404/577 2077/1403/577
f 2073/1402/601 2063/1396/601 2065/1396/601
f 2061/1370/210 2078/1405/210 2079/1401/210
f 2080/1355/210 2081/1406/210 2082/1403/210
f 2062/1381/210 2083/1407/210 2084/1408/210
f 2079/1401/210 2085/1371/210 2061/1370/210
f 2080/1355/210 2086/1404/210 2087/1356/210
f 2062/1381/210 2088/1409/210 2060/1380/210
f 2052/1390/210 2089/1402/210 2090/1396/210
f 2091/1368/210 2086/1404/210 2092/1395/210
f 2051/1366/210 2088/1409/210 2093/1398/210
f 2090/1396/210 2094/1353/210 2052/1390/210
f 2092/1395/210 2095/1369/210 2091/1368/210
f 2093/1398/210 2096/1367/210 2051/1366/210
f 2050/1354/210 2097/1397/210 2098/1400/210
f 2099/1382/210 2057/1394/210 2100/1410/210
f 2048/1374/210 2101/1399/210 2102/1411/210
f 2050/1354/210 2083/1407/210 2046/1361/210
f 2099/1382/210 2103/1412/210 2104/1364/210
f 2048/1374/210 2105/1413/210 2045/1375/210
f 2104/1364/210 2106/1414/210 2107/1365/210
f 2044/1384/210 2105/1413/210 2108/1415/210
f 2109/1378/210 2106/1414/210 2110/1416/210
f 2043/1389/210 2108/1415/210 2111/1417/210
f 2109/1378/210 2112/1418/210 2113/1359/210
f 2043/1389/210 2114/1419/210 2042/1388/210
f 2113/1359/210 2115/1420/210 2116/1360/210
f 2038/1376/210 2114/1419/210 2117/1421/210
f 2116/1360/210 2039/1385/210 2118/1372/210
f 2038/1376/210 2119/1422/210 2037/1357/210
f 2120/1373/210 2039/1385/210 2121/1423/210
f 2036/1358/210 2119/1422/210 2053/1391/210
f 2122/1383/210 2121/1423/210 2078/1405/210
f 2123/1377/210 2053/1391/210 2081/1406/210
f 2006/1358/601 2123/1377/601 2029/1377/601
f 2029/1377/590 2080/1355/590 2004/1355/590
f 2065/1396/601 2089/1402/601 2073/1402/601
f 2080/1355/578 2124/1356/578 2004/1355/578
f 2097/1397/590 2065/1396/590 2064/1397/590
f 2101/1399/583 2069/1398/583 2068/1399/583
f 2124/1356/598 2091/1368/598 2013/1368/598
f 2091/1368/585 2125/1369/585 2013/1368/585
f 2125/1369/606 2099/1382/606 2033/1382/606
f 2033/1382/595 2104/1364/595 2024/1364/595
f 2024/1364/583 2107/1365/583 2011/1365/583
f 2011/1365/607 2109/1378/607 2034/1378/607
f 2034/1378/591 2113/1359/591 2019/1359/591
f 2019/1359/580 2116/1360/580 2007/1360/580
f 2007/1360/599 2118/1372/599 2027/1372/599
f 2027/1372/587 2120/1373/587 2015/1373/587
f 2015/1373/602 2122/1383/602 2030/1383/602
f 2126/1424/613 2127/1425/613 2128/1426/613
f 2129/1427/614 2130/1428/614 2131/1429/614
f 2132/1430/615 2133/1431/615 2134/1432/615
f 2039/1385/616 2135/1433/616 2121/1423/616
f 2111/1417/617 2136/1434/617 2137/1435/617
f 2111/1417/618 2138/1436/618 2114/1419/618
f 2135/1433/619 2139/1437/619 2140/1438/619
f 2138/1436/620 2141/1439/620 2142/1440/620
f 2143/1441/621 2144/1442/621 2145/1443/621
f 2146/1444/622 2147/1445/622 2148/1445/622
f 2146/1444/623 2149/1446/623 2150/1447/623
f 2136/1434/624 2141/1439/624 2137/1435/624
f 2040/1386/625 2139/1437/625 2041/1387/625
f 2079/1401/626 2130/1428/626 2089/1402/626
f 2151/1431/627 2086/1404/627 2082/1403/627
f 2089/1402/628 2152/1428/628 2073/1402/628
f 2084/1408/629 2153/1448/629 2088/1409/629
f 2152/1428/630 2074/1401/630 2073/1402/630
f 2057/1394/631 2154/1444/631 2146/1444/631
f 2076/1404/632 2133/1431/632 2077/1403/632
f 2097/1397/633 2126/1424/633 2098/1400/633
f 2100/1410/634 2146/1444/634 2150/1447/634
f 2101/1399/635 2155/1449/635 2102/1411/635
f 2064/1397/636 2156/1424/636 2157/1450/636
f 2110/1416/637 2143/1441/637 2145/1443/637
f 2097/1397/638 2157/1450/638 2158/1450/638
f 2101/1399/639 2159/1451/639 2160/1451/639
f 2161/1452/640 2162/1453/640 2163/1454/640
f 2164/1455/641 2165/1456/641 2149/1446/641
f 2128/1426/642 2166/1457/642 2161/1452/642
f 2167/1456/643 2168/1455/643 2169/1446/643
f 2170/1457/644 2171/1426/644 2172/1452/644
f 2147/1445/645 2173/1458/645 2132/1430/645
f 2174/1459/646 2175/1460/646 2176/1425/646
f 2130/1428/647 2175/1460/647 2152/1428/647
f 2158/1450/648 2176/1425/648 2127/1425/648
f 2160/1451/649 2177/1461/649 2178/1461/649
f 2153/1448/650 2161/1452/650 2163/1454/650
f 2155/1449/651 2178/1461/651 2179/1462/651
f 2152/1428/652 2180/1427/652 2181/1429/652
f 2054/1392/653 2182/1463/653 2055/1393/653
f 2156/1424/654 2176/1425/654 2157/1450/654
f 2151/1431/655 2183/1430/655 2184/1432/655
f 2148/1445/656 2185/1458/656 2186/1464/656
f 2187/1460/657 2188/1459/657 2127/1425/657
f 2176/1425/658 2189/1465/658 2174/1459/658
f 2190/1466/659 2191/1467/659 2182/1463/659
f 2141/1439/660 2192/1468/660 2142/1440/660
f 2193/1438/661 2194/1469/661 2195/1470/661
f 2196/1467/662 2197/1466/662 2198/1463/662
f 2140/1438/663 2199/1469/663 2129/1427/663
f 2139/1437/664 2200/1471/664 2140/1438/664
f 2201/1440/665 2202/1472/665 2203/1473/665
f 2127/1425/666 2204/1465/666 2128/1426/666
f 2185/1458/577 2205/1474/577 2173/1458/577
f 2189/1465/667 2188/1459/667 2174/1459/667
f 2206/1475/579 2194/1469/579 2207/1475/579
f 2188/1459/668 2207/1475/668 2174/1459/668
f 2162/1453/669 2208/1476/669 2209/1476/669
f 2186/1464/168 2173/1458/168 2210/1464/168
f 2195/1470/191 2211/1477/191 2212/1477/191
f 2213/1470/670 2194/1469/670 2199/1469/670
f 2208/1476/671 2214/1454/671 2177/1461/671
f 2215/1471/672 2216/1478/672 2217/1442/672
f 2178/1461/673 2218/1479/673 2179/1462/673
f 2163/1454/674 2209/1476/674 2178/1461/674
f 2219/1478/675 2200/1471/675 2144/1442/675
f 2182/1463/676 2220/1472/676 2190/1466/676
f 2221/1468/677 2222/1479/677 2223/1462/677
f 2207/1475/678 2180/1427/678 2175/1460/678
f 2200/1471/679 2213/1470/679 2140/1438/679
f 2224/1474/680 2183/1430/680 2191/1467/680
f 2218/1479/681 2192/1468/681 2179/1462/681
f 2215/1471/682 2195/1470/682 2212/1477/682
f 2149/1446/683 2186/1464/683 2164/1455/683
f 2201/1440/684 2225/1480/684 2221/1468/684
f 2144/1442/685 2226/1481/685 2219/1478/685
f 2192/1468/686 2227/1473/686 2142/1440/686
f 2129/1427/687 2206/1475/687 2187/1460/687
f 2142/1440/688 2220/1472/688 2228/1482/688
f 2132/1430/689 2205/1474/689 2196/1467/689
f 2229/1483/690 2230/1484/690 2231/1485/690
f 2232/1486/691 1803/1192/691 2230/1484/691
f 2233/1487/692 2229/1483/692 2231/1485/692
f 2233/1487/693 2234/1488/693 2229/1483/693
f 2234/1488/694 2232/1486/694 2229/1483/694
f 1857/1246/695 2232/1486/695 2235/1489/695
f 2236/1490/696 2234/1488/696 2237/1491/696
f 1858/1247/697 2235/1489/697 2236/1490/697
f 2233/1487/698 2237/1491/698 2234/1488/698
f 2233/1487/699 2238/1492/699 2237/1491/699
f 2239/1493/700 2237/1491/700 2238/1492/700
f 2239/1493/701 1858/1247/701 2236/1490/701
f 1835/1224/702 2239/1493/702 2240/1494/702
f 2233/1487/703 2241/1495/703 2238/1492/703
f 2240/1494/704 2238/1492/704 2241/1495/704
f 2233/1487/705 2242/1496/705 2241/1495/705
f 2243/1497/706 2241/1495/706 2242/1496/706
f 2243/1497/707 1835/1224/707 2240/1494/707
f 2244/1498/708 1846/1235/708 2243/1497/708
f 2233/1487/709 2245/1499/709 2242/1496/709
f 2244/1498/710 2242/1496/710 2245/1499/710
f 2233/1487/711 2246/1500/711 2245/1499/711
f 2247/1501/712 2245/1499/712 2246/1500/712
f 1843/1232/713 2244/1498/713 2247/1501/713
f 2233/1487/714 2248/1502/714 2246/1500/714
f 2248/1502/715 2247/1501/715 2246/1500/715
f 2249/1503/716 1843/1232/716 2247/1501/716
f 2233/1487/717 2250/1504/717 2248/1502/717
f 2251/1505/718 2248/1502/718 2250/1504/718
f 1793/1182/719 2249/1503/719 2251/1505/719
f 2233/1487/720 2252/1506/720 2250/1504/720
f 2253/1507/721 2250/1504/721 2252/1506/721
f 2253/1507/722 1793/1182/722 2251/1505/722
f 2233/1487/723 2254/1508/723 2252/1506/723
f 2255/1509/724 2252/1506/724 2254/1508/724
f 1855/1244/725 2253/1507/725 2255/1509/725
f 2233/1487/726 2256/1510/726 2254/1508/726
f 2256/1510/727 2255/1509/727 2254/1508/727
f 2257/1511/728 1855/1244/728 2255/1509/728
f 2258/1512/729 2256/1510/729 2259/1513/729
f 1844/1233/730 2257/1511/730 2258/1512/730
f 2233/1487/731 2259/1513/731 2256/1510/731
f 2233/1487/732 2260/1514/732 2259/1513/732
f 2261/1515/733 2259/1513/733 2260/1514/733
f 2261/1515/734 1844/1233/734 2258/1512/734
f 2262/1516/735 2261/1515/735 2260/1514/735
f 2263/1517/736 1788/1177/736 2261/1515/736
f 2233/1487/737 2262/1516/737 2260/1514/737
f 2233/1487/738 2264/1518/738 2262/1516/738
f 2265/1519/739 2262/1516/739 2264/1518/739
f 1863/1252/740 2263/1517/740 2265/1519/740
f 1856/1245/741 2265/1519/741 2266/1520/741
f 2233/1487/742 2267/1521/742 2264/1518/742
f 2266/1520/743 2264/1518/743 2267/1521/743
f 2233/1487/744 2268/1522/744 2267/1521/744
f 2268/1522/745 2266/1520/745 2267/1521/745
f 2269/1523/746 1856/1245/746 2266/1520/746
f 2233/1487/747 2270/1524/747 2268/1522/747
f 2271/1525/748 2268/1522/748 2270/1524/748
f 1798/1187/749 2269/1523/749 2271/1525/749
f 2233/1487/750 2272/1526/750 2270/1524/750
f 2273/1527/751 2270/1524/751 2272/1526/751
f 1865/1254/752 2271/1525/752 2273/1527/752
f 2233/1487/753 2274/1528/753 2272/1526/753
f 2275/1529/754 2272/1526/754 2274/1528/754
f 1802/1191/755 2273/1527/755 2275/1529/755
f 2233/1487/756 2276/1530/756 2274/1528/756
f 2276/1530/757 2275/1529/757 2274/1528/757
f 2277/1531/758 1802/1191/758 2275/1529/758
f 2233/1487/759 2278/1532/759 2276/1530/759
f 2279/1533/760 2276/1530/760 2278/1532/760
f 1841/1230/761 2277/1531/761 2279/1533/761
f 2230/1484/762 1784/1173/762 2280/1534/762
f 2231/1485/763 2280/1534/763 2281/1535/763
f 2233/1487/764 2231/1485/764 2281/1535/764
f 2280/1534/765 1783/1172/765 2282/1536/765
f 2280/1534/766 2283/1537/766 2281/1535/766
f 2233/1487/767 2281/1535/767 2283/1537/767
f 2282/1536/768 1853/1242/768 2284/1538/768
f 2282/1536/769 2285/1539/769 2283/1537/769
f 2233/1487/770 2283/1537/770 2285/1539/770
f 1853/1242/771 2286/1540/771 2284/1538/771
f 2285/1539/772 2286/1540/772 2287/1541/772
f 2233/1487/773 2285/1539/773 2287/1541/773
f 1852/1241/774 2288/1542/774 2286/1540/774
f 2286/1540/775 2289/1543/775 2287/1541/775
f 2233/1487/776 2287/1541/776 2289/1543/776
f 2288/1542/777 1848/1237/777 2290/1544/777
f 2289/1543/778 2290/1544/778 2291/1545/778
f 2233/1487/779 2289/1543/779 2291/1545/779
f 2290/1544/780 2292/1546/780 2291/1545/780
f 2233/1487/781 2291/1545/781 2292/1546/781
f 1848/1237/782 2293/1547/782 2290/1544/782
f 1842/1231/783 2279/1533/783 2293/1547/783
f 2293/1547/784 2278/1532/784 2292/1546/784
f 2233/1487/785 2292/1546/785 2278/1532/785
f 1120/862/163 1128/780/163 1127/780/163
f 1100/844/191 1088/816/191 1071/829/191
f 1098/842/191 2294/840/191 1096/819/191
f 1106/846/219 1110/851/219 1116/853/219
f 1121/856/191 1007/888/191 1126/887/191
f 1007/888/191 1120/855/191 1127/995/191
f 1014/860/191 1124/859/191 1123/889/191
f 1124/859/191 1125/858/191 982/1548/191
f 1507/888/191 1506/856/191 1337/995/191
f 1337/995/191 1506/856/191 1511/854/191
f 1508/859/191 1514/858/191 1513/1548/191
f 1514/858/191 1508/859/191 1510/860/191
f 1162/856/190 999/995/190 1167/854/190
f 999/995/190 1162/856/190 1161/888/190
f 1165/859/190 1164/1548/190 1169/858/190
f 1169/858/190 1166/860/190 1165/859/190
f 1465/995/190 1464/856/190 1344/888/190
f 1344/888/190 1464/856/190 1469/887/190
f 1466/859/190 1320/1548/190 1468/858/190
f 1466/859/190 1351/860/190 1473/889/190
f 975/762/154 1018/762/154 976/763/154
f 978/764/155 1024/793/155 979/765/155
f 981/767/156 994/767/156 982/768/156
f 981/767/157 983/768/157 984/769/157
f 986/771/158 1017/790/158 987/772/158
f 989/773/159 1031/796/159 990/774/159
f 983/768/160 1013/787/160 992/775/160
f 993/776/161 1119/776/161 994/767/161
f 995/777/162 1038/803/162 996/778/162
f 998/776/163 1167/776/163 999/780/163
f 1001/781/164 1161/781/164 1002/782/164
f 1003/782/165 975/762/165 1004/783/165
f 1006/782/164 1126/782/164 1007/781/164
f 998/776/166 1171/891/166 1009/785/166
f 1010/767/167 1009/785/167 1011/786/167
f 1013/787/168 1125/787/168 1014/788/168
f 1016/789/169 1036/801/169 1017/790/169
f 1003/782/170 1002/782/170 1018/762/170
f 1019/791/171 1023/791/171 995/777/171
f 1021/792/172 1178/792/172 1022/764/172
f 989/773/173 991/771/173 986/771/173
f 1019/791/168 1178/792/168 1021/792/168
f 1024/793/174 1029/793/174 1016/789/174
f 1026/779/175 997/779/175 1027/794/175
f 1028/794/176 1027/794/176 989/773/176
f 1025/789/177 1016/789/177 986/771/177
f 978/764/178 1022/764/178 1029/793/178
f 1020/777/179 995/777/179 997/779/179
f 975/762/180 977/763/180 1030/795/180
f 1027/794/181 1037/802/181 1031/796/181
f 1024/793/182 1025/789/182 1032/797/182
f 1021/792/183 978/764/183 980/766/183
f 1020/777/184 1026/779/184 1034/799/184
f 1029/793/185 1173/893/185 1036/801/185
f 997/779/186 996/778/186 1037/802/186
f 1023/791/187 1158/884/187 1038/803/187
f 1012/768/188 1011/786/188 1039/775/188
f 1026/779/189 1028/794/189 1041/804/189
f 1042/805/190 1043/807/190 1086/825/190
f 1045/808/190 1046/810/190 1099/843/190
f 1048/811/190 1049/813/190 1101/828/190
f 1051/814/190 1052/816/190 1087/836/190
f 1054/817/190 1055/819/190 1095/840/190
f 1057/820/190 1058/822/190 1094/839/190
f 1059/821/190 1091/833/190 1058/822/190
f 1091/833/190 1059/821/190 1089/837/190
f 1089/837/190 1059/821/190 1060/823/190
f 1060/823/190 1061/824/190 1097/841/190
f 1097/841/190 1061/824/190 1048/811/190
f 1048/811/190 1061/824/190 1050/812/190
f 1061/824/190 1084/835/190 1082/834/190
f 1084/835/190 1059/821/190 1090/838/190
f 1061/824/190 1059/821/190 1084/835/190
f 1062/805/191 1063/826/191 1092/806/191
f 1065/810/191 1066/827/191 1103/843/191
f 1068/811/191 1069/813/191 1102/812/191
f 1071/829/191 1072/830/191 1100/844/191
f 1074/831/191 1075/832/191 1098/842/191
f 1077/822/191 1078/820/191 1093/839/191
f 1081/833/191 1079/821/191 1077/822/191
f 1079/821/191 1083/835/191 1999/838/191
f 1083/835/191 1080/824/191 2000/834/191
f 1080/824/191 1068/811/191 1102/812/191
f 1068/811/191 1081/833/191 1997/841/191
f 1997/841/191 1081/833/191 1085/823/191
f 1085/823/191 1081/833/191 1998/837/191
f 1081/833/191 1083/835/191 1079/821/191
f 1083/835/191 1081/833/191 1080/824/191
f 1082/834/173 1083/835/173 2000/834/173
f 1053/815/192 1085/823/192 1060/823/192
f 1086/825/193 1063/826/193 1064/825/193
f 1087/836/786 1088/816/786 1100/844/786
f 1089/837/168 1085/823/168 1998/837/168
f 1084/835/195 1062/805/195 1083/835/195
f 1090/838/196 1079/821/196 1999/838/196
f 1091/833/197 1076/818/197 1081/833/197
f 1043/807/787 1092/806/787 1063/826/787
f 1057/820/199 1093/839/199 1078/820/199
f 1095/840/200 1096/819/200 2294/840/200
f 1097/841/201 1068/811/201 1997/841/201
f 1061/824/202 1067/809/202 1080/824/202
f 2294/840/268 1098/842/268 1095/840/268
f 1095/840/268 1098/842/268 1054/817/268
f 1059/821/204 1078/820/204 1079/821/204
f 1099/843/205 1065/810/205 1103/843/205
f 1051/814/788 1100/844/788 1072/830/788
f 1094/839/207 1077/822/207 1093/839/207
f 1050/812/208 1080/824/208 1102/812/208
f 1048/811/209 1070/828/209 1068/811/209
f 1101/828/210 1069/813/210 1070/828/210
f 1049/813/211 1102/812/211 1069/813/211
f 1058/822/212 1081/833/212 1077/822/212
f 1099/843/213 1066/827/213 1045/808/213
f 1106/846/214 1111/849/214 1110/851/214
f 1111/849/214 1106/846/214 1104/845/214
f 1109/849/190 1107/848/190 1117/851/190
f 1117/851/190 1107/848/190 1118/853/190
f 1118/853/190 1107/848/190 1114/852/190
f 1110/851/212 1109/849/212 1117/851/212
f 1111/849/196 1108/850/196 1109/849/196
f 1113/848/208 1114/852/208 1107/848/208
f 1116/853/168 1117/851/168 1118/853/168
f 1112/850/173 1107/848/173 1108/850/173
f 1115/852/201 1118/853/201 1114/852/201
f 1124/857/191 982/768/191 994/767/191
f 994/767/191 1122/762/191 1124/857/191
f 1122/762/191 994/767/191 1121/861/191
f 994/767/191 1119/776/191 1121/861/191
f 1008/781/173 1007/781/173 1127/780/173
f 1129/762/170 1122/762/170 1126/782/170
f 1130/763/154 1123/763/154 1122/762/154
f 1015/788/215 1014/788/215 1123/763/215
f 983/768/216 982/768/216 1125/787/216
f 993/776/163 1128/780/163 1120/862/163
f 1131/863/168 1132/864/168 1140/863/168
f 1112/850/217 1104/845/217 1133/864/217
f 1115/852/218 1131/863/218 1135/866/218
f 1106/846/219 1134/865/219 1105/847/219
f 1112/850/220 1131/863/220 1113/848/220
f 1115/852/221 1134/865/221 1116/853/221
f 1132/864/191 1136/867/191 1142/868/191
f 1134/865/196 1138/866/196 1141/865/196
f 1104/845/208 1139/847/208 1137/845/208
f 1133/864/201 1137/845/201 1132/864/201
f 1135/866/212 1140/863/212 1138/866/212
f 1105/847/173 1141/865/173 1139/847/173
f 1142/868/222 1143/870/222 1145/871/222
f 1138/866/191 1145/871/191 1147/873/191
f 1139/847/191 1146/872/191 1148/874/191
f 1140/863/191 1142/868/191 1145/871/191
f 1141/865/191 1147/873/191 1146/872/191
f 1137/845/191 1148/874/191 1136/867/191
f 1150/875/191 1143/870/191 1152/877/191
f 1152/877/191 1143/870/191 1151/878/191
f 1151/878/191 1143/870/191 1144/869/191
f 1146/872/789 1149/876/789 1150/875/789
f 1148/874/224 1151/878/224 1136/867/224
f 1142/868/225 1151/878/225 1144/869/225
f 1147/873/226 1143/870/226 1149/876/226
f 1148/874/227 1150/875/227 1152/877/227
f 1153/879/228 979/765/228 1032/797/228
f 1155/881/229 990/774/229 1031/796/229
f 985/770/230 996/778/230 1038/803/230
f 985/770/231 984/769/231 1037/802/231
f 992/775/232 1031/796/232 1037/802/232
f 1153/879/233 1160/886/233 980/766/233
f 1157/883/234 1156/882/234 1038/803/234
f 1157/883/235 1158/884/235 1033/798/235
f 1159/885/236 1033/798/236 980/766/236
f 1155/881/237 1154/880/237 1032/797/237
f 993/776/238 981/767/238 985/770/238
f 1021/792/239 1033/798/239 1158/884/239
f 1015/788/315 1155/881/315 992/775/315
f 1129/762/240 1153/879/240 1154/880/240
f 1006/782/241 1160/886/241 1153/879/241
f 1128/780/242 993/776/242 1156/882/242
f 1025/789/243 991/771/243 990/774/243
f 1128/780/244 1157/883/244 1159/885/244
f 1008/781/245 1159/885/245 1160/886/245
f 1130/763/246 1154/880/246 1155/881/246
f 1165/857/190 976/763/190 1018/762/190
f 1018/762/190 1163/767/190 1165/857/190
f 1163/767/190 1018/762/190 1162/861/190
f 1018/762/190 1002/782/190 1162/861/190
f 1000/780/173 999/780/173 1161/781/173
f 977/763/215 976/763/215 1166/788/215
f 1010/767/161 1163/767/161 1167/776/161
f 1040/787/216 1169/787/216 1164/768/216
f 1012/768/156 1164/768/156 1163/767/156
f 1168/788/168 1166/788/168 1169/787/168
f 1170/890/247 1177/897/247 1035/800/247
f 1004/783/248 1173/893/248 1172/892/248
f 1009/785/249 1171/891/249 1035/800/249
f 1009/785/250 1034/799/250 1041/804/250
f 1004/783/251 1030/795/251 1036/801/251
f 1039/775/252 987/772/252 1017/790/252
f 1174/894/253 1017/790/253 1036/801/253
f 1175/895/790 1005/784/790 1172/892/790
f 1170/890/255 1175/895/255 1176/896/255
f 1039/775/256 1011/786/256 1041/804/256
f 1000/780/257 1170/890/257 1171/891/257
f 1040/787/258 1039/775/258 1174/894/258
f 1178/792/259 1176/896/259 1172/892/259
f 1022/764/260 1172/892/260 1173/893/260
f 977/763/261 1168/788/261 1174/894/261
f 1001/781/262 1003/782/262 1005/784/262
f 1019/791/258 1177/897/258 1176/896/258
f 1019/791/263 1020/777/263 1035/800/263
f 1028/794/264 988/773/264 987/772/264
f 1001/781/158 1175/895/158 1170/890/158
f 1179/898/191 1222/807/191 1180/899/191
f 1182/808/191 1235/843/191 1183/901/191
f 1185/811/191 1237/828/191 1186/813/191
f 1188/814/191 1223/911/191 1189/903/191
f 1191/817/191 1232/840/191 1192/905/191
f 1194/820/191 1231/839/191 1195/822/191
f 1196/821/191 1195/822/191 1228/833/191
f 1228/833/191 1225/837/191 1196/821/191
f 1225/837/191 1197/823/191 1196/821/191
f 1197/823/191 2001/841/191 1198/824/191
f 2001/841/191 1185/811/191 1198/824/191
f 1185/811/191 1187/812/191 1198/824/191
f 1198/824/191 1219/834/191 1221/835/191
f 1221/835/191 1227/838/191 1196/821/191
f 1198/824/191 1221/835/191 1196/821/191
f 1199/900/190 1229/899/190 1200/907/190
f 1202/901/190 1239/843/190 1203/908/190
f 1205/811/190 1218/812/190 1206/813/190
f 1208/904/190 1224/903/190 1209/909/190
f 1211/905/190 1234/840/190 1212/910/190
f 1214/822/190 1230/839/190 1215/820/190
f 1205/811/210 1253/811/210 1217/812/210
f 1219/834/173 1252/834/173 1220/835/173
f 1197/823/192 1226/823/192 1208/904/192
f 1179/898/193 1201/898/193 1200/907/193
f 1223/911/791 1209/909/791 1224/903/791
f 1225/837/168 1243/837/168 1226/823/168
f 1221/835/195 1220/835/195 1199/900/195
f 1227/838/196 1246/838/196 1216/821/196
f 1228/833/197 1238/833/197 1213/906/197
f 1222/807/792 1200/907/792 1229/899/792
f 1194/820/199 1215/820/199 1230/839/199
f 1232/840/266 1234/840/266 1211/905/266
f 1185/811/201 2001/841/201 1233/841/201
f 1198/824/202 1236/824/202 1204/902/202
f 1232/840/268 1191/817/268 1212/910/268
f 1196/821/204 1216/821/204 1215/820/204
f 1235/843/205 1239/843/205 1202/901/205
f 1188/814/269 1210/814/269 1209/909/269
f 1231/839/207 1230/839/207 1214/822/207
f 1187/812/208 1218/812/208 1236/824/208
f 1185/811/209 1205/811/209 1207/828/209
f 1237/828/210 1207/828/210 1206/813/210
f 1186/813/211 1206/813/211 1218/812/211
f 1195/822/212 1214/822/212 1238/833/212
f 1235/843/793 1182/808/793 1203/908/793
f 1240/841/270 1244/823/270 1241/912/270
f 1243/837/168 1254/837/168 1244/823/168
f 1220/835/193 1255/835/193 1245/838/193
f 1214/822/199 1216/821/199 1247/821/199
f 1218/812/208 1217/812/208 1249/824/208
f 1226/823/269 1244/823/269 1240/841/269
f 1246/838/196 1245/838/196 1247/821/196
f 1214/822/212 1248/822/212 1250/833/212
f 1236/824/213 1249/824/213 1251/834/213
f 1233/841/201 1240/841/201 1253/811/201
f 1238/833/268 1250/833/268 1254/837/268
f 1252/834/173 1251/834/173 1255/835/173
f 1242/914/269 1241/934/269 1256/915/269
f 1247/821/271 1245/838/271 1258/917/271
f 1248/822/272 1266/925/272 1260/919/272
f 1249/824/273 1267/926/273 1261/920/273
f 1240/841/274 1242/913/274 1262/921/274
f 1254/837/275 1250/833/275 1260/919/275
f 1251/834/276 1261/920/276 1264/923/276
f 1217/812/277 1253/811/277 1262/921/277
f 1244/823/278 1254/837/278 1263/922/278
f 1255/835/279 1264/923/279 1258/917/279
f 1247/821/280 1259/918/280 1266/925/280
f 1249/824/281 1217/812/281 1265/924/281
f 1268/927/794 1290/945/794 1269/928/794
f 1259/930/196 1258/933/196 1271/931/196
f 1266/930/212 1278/932/212 1273/931/212
f 1261/934/213 1267/938/213 1270/929/213
f 1262/935/201 1242/914/201 1257/916/201
f 1260/933/268 1273/931/268 1276/936/268
f 1261/934/173 1274/915/173 1277/936/173
f 1262/921/210 1275/921/210 1268/924/210
f 1263/937/168 1276/936/168 1256/915/168
f 1258/933/193 1264/937/193 1277/936/193
f 1266/925/199 1259/918/199 1272/918/199
f 1267/938/208 1265/935/208 1268/927/208
f 1279/939/190 1284/956/190 1280/940/190
f 1256/915/283 1291/944/283 1282/928/283
f 1272/932/795 1271/931/795 1283/942/795
f 1278/932/285 1279/943/285 1285/942/285
f 1270/929/286 1269/928/286 1286/944/286
f 1275/927/287 1257/916/287 1282/928/287
f 1273/931/288 1285/942/288 1288/946/288
f 1274/915/289 1286/944/289 1289/946/289
f 1275/921/290 1287/961/290 1290/947/290
f 1276/936/291 1288/946/291 1291/944/291
f 1277/936/292 1289/946/292 1283/942/292
f 1272/918/293 1284/956/293 1279/939/293
f 1292/948/193 1311/948/193 1293/949/193
f 1290/947/190 1301/966/190 1295/950/190
f 1291/952/190 1302/967/190 1296/953/190
f 1283/955/190 1294/949/190 1280/940/190
f 1285/957/190 1279/939/190 1281/941/190
f 1286/959/190 1269/951/190 1295/950/190
f 1287/961/190 1282/954/190 1296/953/190
f 1285/957/190 1297/958/190 1300/963/190
f 1289/965/796 1286/959/796 1298/960/796
f 1287/961/190 1299/962/190 1301/966/190
f 1288/964/796 1300/963/796 1302/967/796
f 1283/955/190 1289/965/190 1292/948/190
f 1281/941/199 1280/940/199 1303/940/199
f 1301/966/208 1312/966/208 1305/950/208
f 1302/967/269 1313/967/269 1306/953/269
f 1294/949/196 1293/949/196 1303/940/196
f 1281/941/212 1304/941/212 1307/958/212
f 1298/960/213 1295/950/213 1305/950/213
f 1296/953/201 1306/953/201 1309/962/201
f 1297/958/268 1307/958/268 1310/963/268
f 1292/948/173 1298/960/173 1308/960/173
f 1299/962/210 1309/962/210 1312/966/210
f 1300/963/168 1310/963/168 1313/967/168
f 1314/763/154 1355/762/154 1315/762/154
f 1317/968/260 1369/971/260 1318/765/260
f 1320/768/156 1332/767/156 1321/767/156
f 1321/767/167 1499/770/167 1323/769/167
f 1324/772/244 1353/790/244 1325/771/244
f 1327/774/295 1367/796/295 1328/773/295
f 1322/768/188 1323/769/188 1330/775/188
f 1332/767/161 1463/776/161 1333/776/161
f 1334/778/184 1373/803/184 1335/777/184
f 1337/780/163 1511/776/163 1338/776/163
f 1340/782/164 1507/781/164 1341/781/164
f 1342/782/241 1519/784/241 1343/783/241
f 1344/781/164 1469/782/164 1345/782/164
f 1347/785/238 1517/891/238 1338/776/238
f 1349/786/157 1347/785/157 1348/767/157
f 1351/788/168 1468/787/168 1331/787/168
f 1353/790/243 1371/972/243 1354/969/243
f 1355/762/170 1340/782/170 1342/782/170
f 1335/777/171 1360/791/171 1356/791/171
f 1358/968/172 1523/792/172 1359/792/172
f 1325/771/173 1329/771/173 1328/773/173
f 1359/792/168 1523/792/168 1356/791/168
f 1354/969/174 1365/793/174 1319/793/174
f 1362/794/175 1336/779/175 1363/779/175
f 1328/773/176 1362/794/176 1364/794/176
f 1325/771/177 1354/969/177 1361/969/177
f 1365/793/178 1358/968/178 1317/968/178
f 1336/779/179 1335/777/179 1357/777/179
f 1315/762/240 1343/783/240 1366/795/240
f 1367/796/264 1372/802/264 1362/794/264
f 1319/793/185 1318/765/185 1368/970/185
f 1359/792/259 1503/798/259 1369/971/259
f 1357/777/162 1515/800/162 1370/799/162
f 1371/972/182 1524/893/182 1365/793/182
f 1372/802/189 1334/778/189 1336/779/189
f 1373/803/263 1505/884/263 1360/791/263
f 1374/775/160 1349/786/160 1350/768/160
f 1363/779/186 1370/799/186 1376/804/186
f 1377/973/191 1378/975/191 1434/807/191
f 1380/976/191 1381/978/191 1442/843/191
f 1383/811/191 1384/813/191 1446/812/191
f 1386/979/191 1387/981/191 1425/987/191
f 1389/982/191 1390/984/191 1437/840/191
f 1392/822/191 1393/820/191 1436/839/191
f 1432/833/191 1983/1349/191 1392/822/191
f 1392/822/191 1983/1349/191 1394/821/191
f 1394/821/191 1992/1352/191 1430/838/191
f 1992/1352/191 1988/989/191 1419/835/191
f 1419/835/191 1988/989/191 1418/834/191
f 1988/989/191 1446/812/191 1439/824/191
f 1394/821/191 1983/1349/191 1992/1352/191
f 1421/823/191 1396/985/191 1427/837/191
f 1427/837/191 1396/985/191 1983/1349/191
f 1992/1352/191 1983/1349/191 1988/989/191
f 1988/989/191 1396/985/191 1446/812/191
f 1983/1349/191 1396/985/191 1988/989/191
f 1446/812/191 1396/985/191 1383/811/191
f 1397/974/190 1398/986/190 1423/975/190
f 1400/978/190 1401/976/190 1994/843/190
f 1403/811/190 1404/813/190 1447/828/190
f 1406/979/190 1407/988/190 1443/980/190
f 1409/984/190 1410/982/190 1993/840/190
f 1412/820/190 1413/822/190 1435/839/190
f 1414/821/190 1982/1349/190 1413/822/190
f 1413/822/190 1982/1349/190 1448/833/190
f 1982/1349/190 1415/985/190 1980/837/190
f 1980/837/190 1415/985/190 1426/823/190
f 1991/1352/190 1414/821/190 1989/838/190
f 1986/834/190 1416/989/190 1417/835/190
f 1417/835/190 1416/989/190 1991/1352/190
f 1405/812/190 1416/989/190 1445/824/190
f 1991/1352/190 1982/1349/190 1414/821/190
f 1415/985/190 1403/811/190 1985/841/190
f 1403/811/190 1416/989/190 1405/812/190
f 1416/989/190 1982/1349/190 1991/1352/190
f 1982/1349/190 1416/989/190 1415/985/190
f 1417/835/173 1418/834/173 1986/834/173
f 1420/990/192 1421/823/192 1426/823/192
f 1423/975/193 1424/825/193 1990/825/193
f 1425/987/797 1407/988/797 1408/987/797
f 1426/823/168 1427/837/168 1980/837/168
f 1428/991/195 1419/835/195 1417/835/195
f 1414/821/196 1430/838/196 1989/838/196
f 1431/992/197 1432/833/197 1448/833/197
f 1377/973/265 1398/986/265 1399/973/265
f 1435/839/199 1393/820/199 1412/820/199
f 1410/982/200 1437/840/200 1993/840/200
f 1403/811/201 1395/841/201 1985/841/201
f 1438/993/202 1439/824/202 1445/824/202
f 1409/984/798 1441/817/798 1981/1348/798
f 1412/820/204 1394/821/204 1414/821/204
f 1401/976/205 1442/843/205 1994/843/205
f 1443/980/799 1444/814/799 1984/1350/799
f 1413/822/207 1436/839/207 1435/839/207
f 1445/824/208 1446/812/208 1405/812/208
f 1447/828/209 1383/811/209 1403/811/209
f 1404/813/210 1385/828/210 1447/828/210
f 1405/812/211 1384/813/211 1404/813/211
f 1448/833/212 1392/822/212 1413/822/212
f 1400/978/800 1449/808/800 1987/1351/800
f 1450/851/297 1451/845/297 1483/847/297
f 1455/853/191 1453/994/191 1461/851/191
f 1461/851/191 1453/994/191 1456/849/191
f 1456/849/191 1453/994/191 1457/850/191
f 1456/849/212 1450/851/212 1461/851/212
f 1457/850/196 1452/849/196 1456/849/196
f 1454/852/208 1459/994/208 1453/994/208
f 1461/851/168 1462/853/168 1455/853/168
f 1453/994/173 1458/850/173 1457/850/173
f 1455/853/201 1460/852/201 1454/852/201
f 1332/767/190 1320/768/190 1466/857/190
f 1466/857/190 1473/763/190 1467/762/190
f 1463/776/190 1332/767/190 1464/861/190
f 1332/767/190 1467/762/190 1464/861/190
f 1465/780/173 1344/781/173 1346/781/173
f 1469/782/170 1467/762/170 1471/762/170
f 1467/762/154 1473/763/154 1472/763/154
f 1473/763/215 1351/788/215 1352/788/215
f 1468/787/216 1320/768/216 1322/768/216
f 1463/776/163 1465/780/163 1470/780/163
f 1474/864/168 1475/863/168 1484/863/168
f 1451/845/298 1458/850/298 1476/864/298
f 1475/863/299 1460/852/299 1478/866/299
f 1477/865/300 1450/851/300 1483/847/300
f 1476/864/301 1459/994/301 1475/863/301
f 1478/866/302 1462/853/302 1477/865/302
f 1479/867/190 1474/864/190 1486/868/190
f 1481/866/196 1477/865/196 1485/865/196
f 1482/847/208 1451/845/208 1480/845/208
f 1480/845/201 1476/864/201 1474/864/201
f 1484/863/212 1478/866/212 1481/866/212
f 1485/865/173 1483/847/173 1482/847/173
f 1486/868/303 1487/870/303 1491/869/303
f 1488/996/190 1481/866/190 1494/873/190
f 1489/872/190 1482/847/190 1490/874/190
f 1486/868/190 1484/863/190 1488/996/190
f 1481/866/190 1489/872/190 1494/873/190
f 1490/874/190 1480/845/190 1479/867/190
f 1492/878/190 1487/870/190 2295/877/190
f 2295/877/190 1487/870/190 1495/875/190
f 1495/875/190 1487/870/190 1493/876/190
f 1493/876/801 1489/872/801 1495/875/801
f 1490/874/802 1492/878/802 2295/877/802
f 1492/878/306 1486/868/306 1491/869/306
f 1487/870/307 1494/873/307 1493/876/307
f 1495/875/308 1490/874/308 2295/877/308
f 1368/970/251 1318/765/251 1496/879/251
f 1367/796/252 1327/774/252 1498/881/252
f 1373/803/249 1334/778/249 1499/770/249
f 1499/770/250 1334/778/250 1372/802/250
f 1372/802/309 1367/796/309 1330/775/309
f 1496/879/248 1318/765/248 1369/971/248
f 1502/883/247 1505/884/247 1373/803/247
f 1503/798/255 1505/884/255 1502/883/255
f 1369/971/254 1503/798/254 1504/885/254
f 1498/881/253 1327/774/253 1368/970/253
f 1333/776/166 1500/882/166 1499/770/166
f 1505/884/311 1503/798/311 1359/792/311
f 1330/775/258 1498/881/258 1352/788/258
f 1497/880/180 1496/879/180 1471/762/180
f 1496/879/165 1501/886/165 1345/782/165
f 1470/780/257 1502/883/257 1500/882/257
f 1361/969/169 1368/970/169 1327/774/169
f 1504/885/158 1502/883/158 1470/780/158
f 1501/886/262 1504/885/262 1346/781/262
f 1498/881/261 1497/880/261 1472/763/261
f 1355/762/191 1314/763/191 1508/857/191
f 1508/857/191 1513/768/191 1509/767/191
f 1340/782/191 1355/762/191 1506/861/191
f 1355/762/191 1509/767/191 1506/861/191
f 1507/781/173 1337/780/173 1339/780/173
f 1510/788/215 1314/763/215 1316/763/215
f 1511/776/161 1509/767/161 1348/767/161
f 1513/768/216 1514/787/216 1375/787/216
f 1509/767/156 1513/768/156 1350/768/156
f 1514/787/168 1510/788/168 1512/788/168
f 1515/800/234 1522/897/234 1516/890/234
f 1518/997/233 1524/893/233 1343/783/233
f 1347/785/803 1370/799/803 1515/800/803
f 1376/804/231 1370/799/231 1347/785/231
f 1343/783/228 1524/893/228 1371/972/228
f 1353/790/229 1324/772/229 1374/775/229
f 1371/972/804 1353/790/804 1520/894/804
f 1521/895/313 1525/896/313 1518/997/313
f 1522/897/235 1525/896/235 1521/895/235
f 1374/775/314 1324/772/314 1376/804/314
f 1517/891/242 1516/890/242 1339/780/242
f 1520/894/315 1374/775/315 1375/787/315
f 1518/997/183 1525/896/183 1523/792/183
f 1524/893/155 1518/997/155 1358/968/155
f 1316/763/246 1366/795/246 1520/894/246
f 1341/781/245 1521/895/245 1519/784/245
f 1525/896/315 1522/897/315 1356/791/315
f 1356/791/187 1522/897/187 1515/800/187
f 1364/794/181 1376/804/181 1324/772/181
f 1516/890/244 1521/895/244 1341/781/244
f 1526/998/190 1572/1006/190 1527/807/190
f 1529/1000/190 1578/1008/190 1530/843/190
f 1532/811/190 1580/812/190 1533/813/190
f 1535/1001/190 1567/911/190 1536/814/190
f 1538/1003/190 1575/840/190 1539/817/190
f 1541/822/190 1574/839/190 1542/820/190
f 1571/833/190 1541/822/190 1543/821/190
f 1543/821/190 1570/838/190 1544/835/190
f 1544/835/190 1565/834/190 1577/824/190
f 1577/824/190 1580/812/190 1544/835/190
f 1580/812/190 1532/811/190 1544/835/190
f 1532/811/190 1576/841/190 1571/833/190
f 1576/841/190 1566/1011/190 1571/833/190
f 1566/1011/190 1569/837/190 1571/833/190
f 1571/833/190 1543/821/190 1532/811/190
f 1545/998/191 1996/999/191 1546/1005/191
f 1548/1007/805 1582/843/805 1549/1008/805
f 1551/811/191 1581/828/191 1552/813/191
f 1554/1002/191 1995/814/191 1555/1009/191
f 1557/1010/191 2296/840/191 1558/1003/191
f 1560/820/191 1573/839/191 1561/822/191
f 1563/812/210 1596/811/210 1551/811/210
f 1564/835/173 1595/834/173 1565/834/173
f 1554/1002/192 1568/1011/192 1566/1011/192
f 1546/1005/193 1996/999/193 1528/999/193
f 1556/1001/806 1555/1009/806 1567/911/806
f 1568/1011/168 1586/837/168 1569/837/168
f 1545/998/195 1564/835/195 1544/835/195
f 1562/821/196 1588/838/196 1570/838/196
f 1559/1004/197 1593/833/197 1571/833/197
f 1547/1006/807 1546/1005/807 1527/807/807
f 1573/839/199 1560/820/199 1542/820/199
f 1558/1003/200 2296/840/200 1575/840/200
f 1551/811/201 1591/841/201 1576/841/201
f 1550/1000/202 1579/824/202 1577/824/202
f 1575/840/268 2296/840/268 1557/1010/268
f 1560/820/204 1562/821/204 1543/821/204
f 1549/1008/205 1582/843/205 1530/843/205
f 1555/1009/269 1995/814/269 1536/814/269
f 1561/822/207 1573/839/207 1574/839/207
f 1579/824/208 1553/812/208 1580/812/208
f 1581/828/209 1551/811/209 1532/811/209
f 1552/813/210 1581/828/210 1534/828/210
f 1553/812/211 1552/813/211 1533/813/211
f 1571/833/212 1593/833/212 1561/822/212
f 1582/843/808 1548/1007/808 1531/808/808
f 1583/841/317 1599/913/317 1584/912/317
f 1585/1011/168 1597/837/168 1586/837/168
f 1587/838/193 1598/835/193 1564/835/193
f 1561/822/199 1603/822/199 1589/821/199
f 1590/824/208 1563/812/208 1553/812/208
f 1583/841/269 1585/1011/269 1568/1011/269
f 1589/821/196 1587/838/196 1588/838/196
f 1592/833/212 1603/822/212 1561/822/212
f 1594/834/213 1590/824/213 1579/824/213
f 1596/811/201 1583/841/201 1591/841/201
f 1597/837/268 1592/833/268 1593/833/268
f 1598/835/173 1594/834/173 1595/834/173
f 1599/1012/269 1615/1026/269 1600/1013/269
f 1589/821/318 1612/918/318 1601/917/318
f 1602/919/809 1607/925/809 1603/822/809
f 1604/920/320 1608/926/320 1590/824/320
f 1605/921/321 1599/913/321 1583/841/321
f 1597/837/322 1617/922/322 1602/919/322
f 1606/1015/323 1604/920/323 1594/834/323
f 1563/812/324 1619/924/324 1605/921/324
f 1584/912/325 1617/922/325 1597/837/325
f 1601/917/326 1606/1015/326 1598/835/326
f 1607/925/327 1612/918/327 1589/821/327
f 1608/926/810 1619/924/810 1563/812/810
f 1609/1016/329 1632/1034/329 1610/1017/329
f 1612/1019/196 1625/1030/196 1613/1020/196
f 1614/1022/212 1620/1030/212 1607/1019/212
f 1604/1014/213 1628/1013/213 1611/1018/213
f 1605/1025/201 1629/1032/201 1615/1026/201
f 1616/1027/268 1614/1022/268 1602/1023/268
f 1618/1027/173 1628/1013/173 1604/1014/173
f 1610/1017/210 1629/1032/210 1605/1025/210
f 1600/1013/168 1616/1027/168 1617/1028/168
f 1601/1021/193 1613/1020/193 1618/1027/193
f 1620/1030/199 1625/1030/199 1612/1019/199
f 1608/1024/208 1611/1018/208 1610/1017/208
f 1621/939/191 1638/941/191 1622/940/191
f 1624/954/330 1633/952/330 1600/912/330
f 1625/1030/331 1623/1036/331 1626/1031/331
f 1627/1031/332 1621/1036/332 1620/1030/332
f 1628/1013/333 1639/1035/333 1609/1016/333
f 1629/1032/334 1640/1034/334 1624/1016/334
f 1630/1033/335 1627/1031/335 1614/1022/335
f 1631/1033/336 1639/1035/336 1628/1013/336
f 1632/1034/337 1640/1034/337 1629/1032/337
f 1633/1035/338 1630/1033/338 1616/1027/338
f 1626/1031/339 1631/1033/339 1618/1027/339
f 1621/1036/340 1623/1036/340 1625/1030/340
f 1634/949/193 1293/949/193 1311/948/193
f 1636/950/191 1643/966/191 1632/947/191
f 1637/953/191 1644/967/191 1633/952/191
f 1622/940/191 1634/949/191 1626/955/191
f 1627/957/191 1645/958/191 1638/941/191
f 1639/959/191 1642/960/191 1636/950/191
f 1640/961/191 1646/962/191 1637/953/191
f 1641/963/191 1645/958/191 1627/957/191
f 1631/965/811 1635/948/811 1642/960/811
f 1643/966/191 1646/962/191 1640/961/191
f 1644/967/191 1641/963/191 1630/964/191
f 1626/955/191 1634/949/191 1635/948/191
f 1303/940/190 1307/958/190 1304/941/190
f 1307/958/190 1303/940/190 1310/963/190
f 1310/963/190 1303/940/190 1313/967/190
f 1313/967/190 1309/962/190 1306/953/190
f 1309/962/190 1313/967/190 1312/966/190
f 1312/966/190 1313/967/190 1305/950/190
f 1305/950/190 1311/948/190 1308/960/190
f 1311/948/190 1303/940/190 1293/949/190
f 1305/950/190 1303/940/190 1311/948/190
f 1304/941/199 1303/940/199 1622/940/199
f 1305/950/208 1312/966/208 1643/966/208
f 1306/953/269 1313/967/269 1644/967/269
f 1622/940/196 1303/940/196 1293/949/196
f 1645/958/212 1307/958/212 1304/941/212
f 1642/960/213 1308/960/213 1305/950/213
f 1646/962/201 1309/962/201 1306/953/201
f 1310/963/268 1307/958/268 1645/958/268
f 1311/948/173 1308/960/173 1642/960/173
f 1643/966/210 1312/966/210 1309/962/210
f 1313/967/168 1310/963/168 1641/963/168
f 1647/1037/341 1654/1044/341 1648/1038/341
f 1650/1040/342 1662/1052/342 1651/1041/342
f 1653/1043/343 2022/1549/343 1654/1044/343
f 1654/1044/344 2022/1549/344 1655/1045/344
f 1654/1044/345 1656/1046/345 1657/1047/345
f 3546/1048/812 1917/1309/812 1659/1049/812
f 1661/1051/347 1664/1054/347 1662/1052/347
f 1663/1053/348 1672/1062/348 1664/1054/348
f 1656/1046/349 1655/1045/349 1665/1055/349
f 1657/1047/350 1656/1046/350 1666/1056/350
f 1666/1056/351 1665/1055/351 1668/1058/351
f 1666/1056/352 1669/1059/352 1670/1060/352
f 1671/1061/353 1674/1064/353 1672/1062/353
f 1673/1063/354 2297/1550/354 1674/1064/354
f 1668/1058/355 2016/1551/355 1675/1065/355
f 1669/1059/356 1675/1065/356 1676/1066/356
f 1677/1067/813 1916/1307/813 1678/1068/813
f 1676/1066/358 1675/1065/358 1680/1070/358
f 1682/1072/814 1781/1170/814 1683/1073/814
f 1685/1075/815 2297/1550/815 1673/1063/815
f 1675/1065/361 2016/1551/361 1687/1077/361
f 1688/1078/362 1685/1075/362 1686/1076/362
f 1687/1077/363 1695/1085/363 1690/1080/363
f 1681/1071/364 1680/1070/364 1690/1080/364
f 1690/1080/365 1696/1086/365 1692/1082/365
f 1693/1083/366 1688/1078/366 1689/1079/366
f 1695/1085/367 1698/1088/367 1696/1086/367
f 1697/1087/368 2298/1552/368 1693/1083/368
f 1698/1088/369 1706/1096/369 1699/1089/369
f 1692/1082/370 1696/1086/370 1699/1089/370
f 1701/1091/816 1755/1145/816 1702/1092/816
f 1704/1094/372 2298/1552/372 1697/1087/372
f 1706/1096/373 1709/1099/373 1707/1097/373
f 1699/1089/374 1707/1097/374 1708/1098/374
f 1709/1099/375 1718/1108/375 1710/1100/375
f 1708/1098/376 1707/1097/376 1710/1100/376
f 1712/1102/817 1786/1175/817 1713/1103/817
f 1715/1105/378 1717/1107/378 1704/1094/378
f 1716/1106/379 2299/1553/379 1717/1107/379
f 1718/1108/380 1721/1111/380 1719/1109/380
f 1710/1100/381 1719/1109/381 1720/1110/381
f 1721/1111/382 1730/1120/382 1722/1112/382
f 1719/1109/383 1722/1112/383 1723/1113/383
f 1724/1114/818 1914/1305/818 1725/1115/818
f 1727/1117/385 2299/1553/385 1716/1106/385
f 1729/1119/386 1740/1130/386 1727/1117/386
f 1730/1120/387 2005/1554/387 1731/1121/387
f 1722/1112/388 1731/1121/388 1732/1122/388
f 1733/1123/819 1832/1221/819 1734/1124/819
f 1731/1121/390 2005/1554/390 1736/1126/390
f 1732/1122/391 1731/1121/391 1737/1127/391
f 1739/1129/392 2300/1555/392 1740/1130/392
f 1741/1131/393 2300/1555/393 1739/1129/393
f 1737/1127/394 1736/1126/394 1743/1133/394
f 1738/1128/395 1737/1127/395 1744/1134/395
f 1743/1133/396 1751/1141/396 1746/1136/396
f 1745/1135/397 1744/1134/397 1746/1136/397
f 1748/1138/398 2301/1556/398 1741/1131/398
f 1749/1139/399 2301/1556/399 1748/1138/399
f 1751/1141/400 2023/1557/400 1752/1142/400
f 1747/1137/401 1746/1136/401 1752/1142/401
f 1701/1091/820 1910/1299/820 1754/1144/820
f 1753/1143/403 1752/1142/403 1756/1146/403
f 1758/1148/821 1819/1208/821 1759/1149/821
f 1761/1151/822 1764/1154/822 1749/1139/822
f 1752/1142/406 2023/1557/406 1762/1152/406
f 1763/1153/407 2302/1558/407 1764/1154/407
f 1762/1152/408 1773/1162/408 1765/1155/408
f 1757/1147/409 1756/1146/409 1765/1155/409
f 1866/1157/823 3547/1300/823 3541/1300/823
f 1765/1155/411 1774/1163/411 1770/1159/411
f 1771/1160/412 2302/1558/412 1763/1153/412
f 1773/1162/413 1777/1166/413 1774/1163/413
f 1775/1164/824 1771/1160/824 1772/1161/824
f 1777/1166/415 1795/1184/415 1778/1167/415
f 1770/1159/416 1774/1163/416 1778/1167/416
f 1780/1169/825 1911/1302/825 1781/1170/825
f 1782/1171/418 1839/1228/418 1783/1172/418
f 1663/1053/826 1858/1247/826 1785/1174/826
f 1786/1175/827 1907/1296/827 1787/1176/827
f 1729/1119/421 1844/1233/421 1788/1177/421
f 1789/1178/422 1848/1237/422 1790/1179/422
f 1705/1095/423 1697/1087/423 1792/1181/423
f 1794/1183/424 2303/1559/424 1775/1164/424
f 1795/1184/425 2008/1560/425 1796/1185/425
f 1779/1168/426 1778/1167/426 1796/1185/426
f 1761/1151/427 1845/1234/427 1798/1187/427
f 1796/1185/428 2008/1560/428 1799/1188/428
f 1797/1186/429 1796/1185/429 1800/1189/429
f 1772/1161/430 1865/1254/430 1802/1191/430
f 1652/1042/431 1782/1171/431 1784/1173/431
f 1804/1193/432 2303/1559/432 1794/1183/432
f 1799/1188/433 1811/1200/433 1806/1195/433
f 1800/1189/434 1806/1195/434 1807/1196/434
f 1808/1197/828 1885/1274/828 1809/1198/828
f 1811/1200/436 2025/1561/436 1812/1201/436
f 1806/1195/437 1812/1201/437 1813/1202/437
f 1812/1201/438 2025/1561/438 1814/1203/438
f 1813/1202/439 1812/1201/439 1815/1204/439
f 1814/1203/440 1820/1209/440 1817/1206/440
f 1816/1205/441 1815/1204/441 1817/1206/441
f 1703/1093/829 1702/1092/829 1819/1208/829
f 1820/1209/443 1826/1215/443 1821/1210/443
f 1817/1206/444 1821/1210/444 1822/1211/444
f 1823/1212/830 1873/1262/830 1824/1213/830
f 1826/1215/446 2002/1562/446 1827/1216/446
f 1822/1211/447 1821/1210/447 1827/1216/447
f 1827/1216/448 2002/1562/448 1829/1218/448
f 1827/1216/449 1830/1219/449 1831/1220/449
f 1684/1074/831 1683/1073/831 1832/1221/831
f 1831/1220/451 1830/1219/451 1647/1037/451
f 1833/1222/832 1712/1102/832 1714/1104/832
f 1830/1219/453 1829/1218/453 1653/1043/453
f 1651/1041/454 1838/1227/454 1782/1171/454
f 1673/1063/833 1671/1061/833 1785/1174/833
f 1705/1095/456 1793/1182/456 1836/1225/456
f 1776/1165/457 1802/1191/457 1837/1226/457
f 1838/1227/458 2304/1563/458 1839/1228/458
f 1840/1229/459 1805/1194/459 1841/1230/459
f 1697/1087/460 1694/1084/460 1843/1232/460
f 1728/1118/461 1854/1243/461 1844/1233/461
f 1750/1140/462 1856/1245/462 1845/1234/462
f 1689/1079/463 1686/1076/463 1846/1235/463
f 1840/1229/464 1842/1231/464 1848/1237/464
f 1839/1228/465 2304/1563/465 1849/1238/465
f 1849/1238/466 1859/1248/466 1851/1240/466
f 1850/1239/467 1851/1240/467 1852/1241/467
f 1716/1106/468 1855/1244/468 1854/1243/468
f 1716/1106/469 1715/1105/469 1836/1225/469
f 1748/1138/470 1863/1252/470 1856/1245/470
f 1663/1053/471 1661/1051/471 1857/1246/471
f 1694/1084/472 1689/1079/472 1847/1236/472
f 1859/1248/473 2305/1564/473 1791/1180/473
f 1791/1180/834 2305/1564/834 1860/1249/834
f 1791/1180/475 1790/1179/475 1852/1241/475
f 1652/1042/476 1803/1192/476 1861/1250/476
f 1805/1194/477 1794/1183/477 1837/1226/477
f 1850/1239/478 1853/1242/478 1783/1172/478
f 1661/1051/479 1650/1040/479 1861/1250/479
f 1789/1178/480 1860/1249/480 1862/1251/480
f 1742/1132/481 1864/1253/481 1863/1252/481
f 1862/1251/482 1804/1193/482 1805/1194/482
f 1742/1132/483 1739/1129/483 1788/1177/483
f 1763/1153/484 1798/1187/484 1865/1254/484
f 1686/1076/485 1673/1063/485 1835/1224/485
f 3542/1255/835 1660/1050/835 1867/1256/835
f 1867/1256/836 1660/1050/836 1659/1049/836
f 1869/1258/837 1659/1049/837 1870/1259/837
f 1870/1259/838 1824/1213/838 1872/1261/838
f 1872/1261/839 1824/1213/839 1873/1262/839
f 1874/1263/840 1873/1262/840 1759/1149/840
f 1759/1149/841 1819/1208/841 1876/1265/841
f 1876/1265/842 1819/1208/842 1702/1092/842
f 1702/1092/843 1755/1145/843 1878/1267/843
f 1755/1145/844 1754/1144/844 1879/1268/844
f 1754/1144/845 1881/1270/845 1880/1269/845
f 1881/1270/846 1883/1272/846 1882/1271/846
f 1883/1272/847 1809/1198/847 1884/1273/847
f 1884/1273/848 1809/1198/848 1885/1274/848
f 1885/1274/849 1734/1124/849 1887/1276/849
f 1887/1276/850 1734/1124/850 1832/1221/850
f 1832/1221/851 1683/1073/851 1889/1278/851
f 1683/1073/852 1781/1170/852 1890/1279/852
f 1781/1170/853 1911/1302/853 1891/1280/853
f 1891/1280/854 1911/1302/854 1892/1281/854
f 1892/1281/855 1895/1284/855 1894/1283/855
f 1895/1284/856 1897/1286/856 1896/1285/856
f 1897/1286/857 1834/1223/857 1898/1287/857
f 1834/1223/858 1714/1104/858 1899/1288/858
f 1714/1104/859 1713/1103/859 1900/1289/859
f 1713/1103/860 1787/1176/860 1901/1290/860
f 1787/1176/861 1725/1115/861 1902/1291/861
f 1725/1115/862 1914/1305/862 1903/1292/862
f 1903/1292/863 1914/1305/863 1679/1069/863
f 1904/1293/864 1679/1069/864 1678/1068/864
f 1678/1068/865 3545/1308/865 1906/1295/865
f 1906/1295/866 3545/1308/866 3542/1255/866
f 1907/1296/867 1726/1116/867 1725/1115/867
f 1908/1297/868 1895/1284/868 1892/1281/868
f 1910/1299/869 1918/1310/869 1881/1270/869
f 1768/1158/870 3551/1565/870 3549/1158/870
f 1780/1169/871 1909/1298/871 1892/1281/871
f 1912/1303/872 1833/1222/872 1834/1223/872
f 1913/1304/873 1825/1214/873 1824/1213/873
f 1677/1067/874 1679/1069/874 1914/1305/874
f 1823/1212/875 1760/1150/875 1759/1149/875
f 1915/1306/876 1810/1199/876 1809/1198/876
f 1912/1303/877 1897/1286/877 1895/1284/877
f 1916/1307/878 3544/1566/878 3545/1308/878
f 1917/1309/879 1913/1304/879 1870/1259/879
f 1735/1125/880 1734/1124/880 1885/1274/880
f 1918/1310/881 1915/1306/881 1883/1272/881
f 1921/1567/882 3462/1568/882 1919/1568/882
f 1929/1569/883 3473/1570/883 1927/1570/883
f 1943/1311/884 1949/1317/884 1944/1312/884
f 1946/1314/534 1945/1313/534 1944/1312/534
f 1944/1312/885 1952/1320/885 1950/1318/885
f 1949/1317/886 1951/1319/886 1952/1320/886
f 1952/1320/539 1955/1323/539 1953/1321/539
f 1952/1320/887 1951/1319/887 1954/1322/887
f 1955/1323/542 1958/1326/542 1956/1324/542
f 1954/1322/888 1957/1325/888 1958/1326/888
f 1958/1326/889 1961/1329/889 1959/1327/889
f 1957/1325/890 1960/1328/890 1961/1329/890
f 1959/1327/891 1961/1329/891 1962/1330/891
f 1960/1328/892 1964/1332/892 1962/1330/892
f 1964/1332/552 1965/1333/552 1966/1334/552
f 1963/1331/893 1962/1330/893 1966/1334/893
f 1966/1334/894 1965/1333/894 1968/1336/894
f 1967/1335/895 1966/1334/895 1969/1337/895
f 1968/1336/896 1973/1341/896 1971/1339/896
f 1969/1337/897 1971/1339/897 1972/1340/897
f 1973/1341/898 1976/1344/898 1974/1342/898
f 1972/1340/561 1971/1339/561 1974/1342/561
f 1976/1344/899 1979/1347/899 1977/1345/899
f 1975/1343/900 1974/1342/900 1977/1345/900
f 1979/1347/901 1943/1311/901 1945/1313/901
f 1977/1345/567 1945/1313/567 1946/1314/567
f 1980/837/200 1389/982/200 1410/982/200
f 1981/1348/197 1433/992/197 1431/992/197
f 1411/983/190 1980/837/190 1410/982/190
f 1427/837/191 1391/983/191 1389/982/191
f 1395/841/194 1408/987/194 1985/841/194
f 1984/1350/192 1422/990/192 1420/990/192
f 1406/979/190 1985/841/190 1408/987/190
f 1395/841/191 1386/979/191 1425/987/191
f 1986/834/205 1380/976/205 1401/976/205
f 1987/1351/202 1440/993/202 1438/993/202
f 1402/977/190 1986/834/190 1401/976/190
f 1418/834/191 1382/977/191 1380/976/191
f 1989/838/265 1377/973/265 1399/973/265
f 1990/825/573 1429/991/573 1428/991/573
f 1397/974/190 1989/838/190 1399/973/190
f 1430/838/191 1379/974/191 1377/973/191
f 1419/835/191 1379/974/191 1992/1352/191
f 1417/835/190 1397/974/190 1428/991/190
f 1434/807/902 1423/975/902 1398/986/902
f 1428/991/190 1423/975/190 1990/825/190
f 1429/991/191 1378/975/191 1379/974/191
f 1432/833/191 1391/983/191 1983/1349/191
f 1448/833/190 1411/983/190 1431/992/190
f 1993/840/268 1390/984/268 1409/984/268
f 1981/1348/190 1411/983/190 1409/984/190
f 1433/992/191 1390/984/191 1391/983/191
f 1421/823/191 1386/979/191 1396/985/191
f 1426/823/190 1406/979/190 1420/990/190
f 1387/981/903 1443/980/903 1407/988/903
f 1984/1350/190 1406/979/190 1443/980/190
f 1422/990/191 1388/980/191 1386/979/191
f 1439/824/191 1382/977/191 1988/989/191
f 1445/824/190 1402/977/190 1438/993/190
f 1994/843/213 1381/978/213 1400/978/213
f 1987/1351/190 1402/977/190 1400/978/190
f 1440/993/191 1381/978/191 1382/977/191
f 1591/841/194 1556/1001/194 1535/1001/194
f 1995/814/192 1554/1002/192 1537/1002/192
f 1554/1002/191 1556/1001/191 1591/841/191
f 1576/841/190 1535/1001/190 1537/1002/190
f 1586/837/200 1558/1003/200 1538/1003/200
f 1539/817/904 1557/1010/904 1559/1004/904
f 1559/1004/191 1558/1003/191 1586/837/191
f 1569/837/190 1538/1003/190 1540/1004/190
f 1595/834/205 1549/1008/205 1578/1008/205
f 1548/1007/202 1550/1000/202 1529/1000/202
f 1550/1000/191 1549/1008/191 1595/834/191
f 1565/834/190 1578/1008/190 1529/1000/190
f 1588/838/265 1547/1006/265 1572/1006/265
f 1996/999/573 1545/998/573 1526/998/573
f 1564/835/191 1545/998/191 1547/1006/191
f 1570/838/190 1572/1006/190 1526/998/190
f 1052/816/194 1997/841/194 1088/816/194
f 1053/815/192 1072/830/192 1073/815/192
f 1073/815/191 1071/829/191 1085/823/191
f 1085/823/191 1071/829/191 1997/841/191
f 1053/815/190 1097/841/190 1052/816/190
f 1055/819/200 1998/837/200 1096/819/200
f 1054/817/197 1076/818/197 1056/818/197
f 1076/818/191 1074/831/191 1081/833/191
f 1081/833/191 1074/831/191 1998/837/191
f 1056/818/190 1089/837/190 1055/819/190
f 1044/806/265 1999/838/265 1092/806/265
f 1042/805/573 1064/825/573 1062/805/573
f 1083/835/191 1092/806/191 1999/838/191
f 1042/805/190 1090/838/190 1044/806/190
f 1046/810/205 2000/834/205 1065/810/205
f 1045/808/267 1067/809/267 1047/809/267
f 2000/834/191 1067/809/191 1065/810/191
f 1047/809/190 1082/834/190 1046/810/190
f 1192/905/200 1211/905/200 1243/837/200
f 1191/817/905 1193/906/905 1213/906/905
f 1243/837/190 1211/905/190 1213/906/190
f 1228/833/191 1193/906/191 1192/905/191
f 1189/903/194 1224/903/194 1233/841/194
f 1190/904/192 1208/904/192 1210/814/192
f 1226/823/190 1233/841/190 1224/903/190
f 1190/904/191 1189/903/191 2001/841/191
f 1183/901/906 1202/901/906 1252/834/906
f 1182/808/267 1184/902/267 1204/902/267
f 1252/834/190 1202/901/190 1204/902/190
f 1184/902/191 1183/901/191 1219/834/191
f 1180/899/265 1229/899/265 1246/838/265
f 1181/900/195 1199/900/195 1201/898/195
f 1246/838/190 1229/899/190 1199/900/190
f 1181/900/191 1180/899/191 1227/838/191
f 2002/1353/577 2049/1353/577 2003/1354/577
f 2004/1355/578 2124/1356/578 1736/1356/578
f 1718/1357/579 2018/1357/579 2006/1358/579
f 1795/1359/580 2019/1359/580 2007/1360/580
f 1829/1354/907 2003/1354/907 2009/1361/907
f 1698/1362/582 2026/1362/582 2010/1363/582
f 1762/1364/583 2024/1364/583 2011/1365/583
f 2012/1366/584 2047/1367/584 1668/1367/584
f 2013/1368/585 2125/1369/585 1751/1369/585
f 2014/1370/586 2056/1371/586 1820/1371/586
f 1799/1372/587 2027/1372/587 2015/1373/587
f 2016/1374/588 2031/1374/588 2017/1375/588
f 1709/1376/589 2032/1376/589 2018/1357/589
f 1730/1377/590 2029/1377/590 2004/1355/590
f 1777/1378/591 2034/1378/591 2019/1359/591
f 2020/1379/592 2049/1353/592 2002/1353/592
f 1655/1380/593 2028/1380/593 2012/1366/593
f 1653/1361/594 2009/1361/594 2021/1381/594
f 2023/1382/595 2033/1382/595 2024/1364/595
f 2025/1383/596 2030/1383/596 2014/1370/596
f 1695/1384/597 2035/1384/597 2026/1362/597
f 1736/1356/598 2124/1356/598 2013/1368/598
f 2008/1360/599 2007/1360/599 2027/1372/599
f 2022/1381/600 2021/1381/600 2028/1380/600
f 1721/1358/601 2006/1358/601 2029/1377/601
f 1811/1373/602 2015/1373/602 2030/1383/602
f 1668/1367/603 2047/1367/603 2031/1374/603
f 1820/1371/604 2056/1371/604 2020/1379/604
f 1706/1363/605 2010/1363/605 2032/1376/605
f 1751/1369/606 2125/1369/606 2033/1382/606
f 1773/1365/607 2011/1365/607 2034/1378/607
f 1687/1375/608 2017/1375/608 2035/1384/608
f 2018/1357/579 2037/1357/579 2036/1358/579
f 2032/1376/589 2038/1376/589 2037/1357/589
f 2010/1363/908 2042/1388/908 2038/1376/908
f 2039/1385/909 2115/1420/909 2040/1386/909
f 2026/1362/610 2043/1389/610 2042/1388/610
f 2035/1384/910 2044/1384/910 2043/1389/910
f 2017/1375/608 2045/1375/608 2044/1384/608
f 2031/1374/588 2048/1374/588 2045/1375/588
f 2003/1354/907 2050/1354/907 2046/1361/907
f 2047/1367/603 2096/1367/603 2048/1374/603
f 2049/1353/577 2094/1353/577 2050/1354/577
f 2051/1366/584 2096/1367/584 2047/1367/584
f 2052/1390/592 2094/1353/592 2049/1353/592
f 2053/1391/612 2119/1422/612 2054/1392/612
f 2028/1380/593 2060/1380/593 2051/1366/593
f 2056/1371/604 2085/1371/604 2052/1390/604
f 2057/1394/594 2092/1395/594 2058/1395/594
f 2021/1381/600 2062/1381/600 2060/1380/600
f 2061/1370/586 2085/1371/586 2056/1371/586
f 2009/1361/594 2046/1361/594 2062/1381/594
f 2030/1383/596 2122/1383/596 2061/1370/596
f 2063/1396/590 2306/1397/590 2064/1397/590
f 2066/1395/594 2307/1394/594 2059/1394/594
f 2067/1398/583 2308/1399/583 2068/1399/583
f 2064/1397/578 2306/1397/578 2070/1400/578
f 2072/1401/579 2309/1402/579 2073/1402/579
f 2075/1403/577 2310/1404/577 2076/1404/577
f 2073/1402/601 2309/1402/601 2063/1396/601
f 2061/1370/210 2122/1383/210 2078/1405/210
f 2080/1355/210 2123/1377/210 2081/1406/210
f 2062/1381/210 2046/1361/210 2083/1407/210
f 2079/1401/210 2089/1402/210 2085/1371/210
f 2080/1355/210 2082/1403/210 2086/1404/210
f 2062/1381/210 2084/1408/210 2088/1409/210
f 2052/1390/210 2085/1371/210 2089/1402/210
f 2091/1368/210 2087/1356/210 2086/1404/210
f 2051/1366/210 2060/1380/210 2088/1409/210
f 2090/1396/210 2097/1397/210 2094/1353/210
f 2092/1395/210 2057/1394/210 2095/1369/210
f 2093/1398/210 2101/1399/210 2096/1367/210
f 2050/1354/210 2094/1353/210 2097/1397/210
f 2099/1382/210 2095/1369/210 2057/1394/210
f 2048/1374/210 2096/1367/210 2101/1399/210
f 2050/1354/210 2098/1400/210 2083/1407/210
f 2099/1382/210 2100/1410/210 2103/1412/210
f 2048/1374/210 2102/1411/210 2105/1413/210
f 2104/1364/210 2103/1412/210 2106/1414/210
f 2044/1384/210 2045/1375/210 2105/1413/210
f 2109/1378/210 2107/1365/210 2106/1414/210
f 2043/1389/210 2044/1384/210 2108/1415/210
f 2109/1378/210 2110/1416/210 2112/1418/210
f 2043/1389/210 2111/1417/210 2114/1419/210
f 2113/1359/210 2112/1418/210 2115/1420/210
f 2038/1376/210 2042/1388/210 2114/1419/210
f 2116/1360/210 2115/1420/210 2039/1385/210
f 2038/1376/210 2117/1421/210 2119/1422/210
f 2120/1373/210 2118/1372/210 2039/1385/210
f 2036/1358/210 2037/1357/210 2119/1422/210
f 2122/1383/210 2120/1373/210 2121/1423/210
f 2123/1377/210 2036/1358/210 2053/1391/210
f 2006/1358/601 2036/1358/601 2123/1377/601
f 2029/1377/590 2123/1377/590 2080/1355/590
f 2065/1396/601 2090/1396/601 2089/1402/601
f 2080/1355/578 2087/1356/578 2124/1356/578
f 2097/1397/590 2090/1396/590 2065/1396/590
f 2101/1399/583 2093/1398/583 2069/1398/583
f 2124/1356/598 2087/1356/598 2091/1368/598
f 2091/1368/585 2095/1369/585 2125/1369/585
f 2125/1369/606 2095/1369/606 2099/1382/606
f 2033/1382/595 2099/1382/595 2104/1364/595
f 2024/1364/583 2104/1364/583 2107/1365/583
f 2011/1365/607 2107/1365/607 2109/1378/607
f 2034/1378/591 2109/1378/591 2113/1359/591
f 2019/1359/580 2113/1359/580 2116/1360/580
f 2007/1360/599 2116/1360/599 2118/1372/599
f 2027/1372/587 2118/1372/587 2120/1373/587
f 2015/1373/602 2120/1373/602 2122/1383/602
f 2126/1424/613 2158/1450/613 2127/1425/613
f 2129/1427/614 2187/1460/614 2130/1428/614
f 2132/1430/615 2196/1467/615 2133/1431/615
f 2039/1385/911 2041/1387/911 2135/1433/911
f 2111/1417/912 2108/1415/912 2136/1434/912
f 2111/1417/913 2137/1435/913 2138/1436/913
f 2135/1433/914 2041/1387/914 2139/1437/914
f 2138/1436/915 2137/1435/915 2141/1439/915
f 2143/1441/916 2165/1456/916 2144/1442/916
f 2146/1444/622 2154/1444/622 2147/1445/622
f 2146/1444/623 2148/1445/623 2149/1446/623
f 2136/1434/917 2192/1468/917 2141/1439/917
f 2040/1386/918 2200/1471/918 2139/1437/918
f 2079/1401/626 2131/1429/626 2130/1428/626
f 2151/1431/919 2184/1432/919 2086/1404/919
f 2089/1402/628 2130/1428/628 2152/1428/628
f 2084/1408/629 2311/1571/629 2153/1448/629
f 2152/1428/630 2181/1429/630 2074/1401/630
f 2057/1394/631 2059/1394/631 2154/1444/631
f 2076/1404/632 2134/1432/632 2133/1431/632
f 2097/1397/633 2158/1450/633 2126/1424/633
f 2100/1410/920 2057/1394/920 2146/1444/920
f 2101/1399/635 2160/1451/635 2155/1449/635
f 2064/1397/636 2071/1400/636 2156/1424/636
f 2110/1416/637 2106/1414/637 2143/1441/637
f 2097/1397/638 2064/1397/638 2157/1450/638
f 2101/1399/639 2068/1399/639 2159/1451/639
f 2161/1452/640 2166/1457/640 2162/1453/640
f 2164/1455/641 2226/1481/641 2165/1456/641
f 2128/1426/642 2204/1465/642 2166/1457/642
f 2167/1456/643 2312/1481/643 2168/1455/643
f 2170/1457/644 2189/1465/644 2171/1426/644
f 2147/1445/645 2210/1464/645 2173/1458/645
f 2174/1459/646 2207/1475/646 2175/1460/646
f 2130/1428/921 2187/1460/921 2175/1460/921
f 2158/1450/648 2157/1450/648 2176/1425/648
f 2160/1451/649 2159/1451/649 2177/1461/649
f 2153/1448/650 2311/1571/650 2161/1452/650
f 2155/1449/922 2160/1451/922 2178/1461/922
f 2152/1428/652 2175/1460/652 2180/1427/652
f 2054/1392/653 2228/1482/653 2182/1463/653
f 2156/1424/654 2171/1426/654 2176/1425/654
f 2151/1431/655 2191/1467/655 2183/1430/655
f 2148/1445/656 2183/1430/656 2185/1458/656
f 2187/1460/657 2206/1475/657 2188/1459/657
f 2176/1425/658 2171/1426/658 2189/1465/658
f 2190/1466/923 2224/1474/923 2191/1467/923
f 2193/1438/924 2180/1427/924 2194/1469/924
f 2196/1467/662 2205/1474/662 2197/1466/662
f 2140/1438/663 2213/1470/663 2199/1469/663
f 2201/1440/925 2313/1482/925 2202/1472/925
f 2127/1425/666 2188/1459/666 2204/1465/666
f 2185/1458/926 2224/1474/926 2205/1474/926
f 2189/1465/667 2204/1465/667 2188/1459/667
f 2206/1475/579 2199/1469/579 2194/1469/579
f 2188/1459/668 2206/1475/668 2207/1475/668
f 2162/1453/927 2314/1453/927 2208/1476/927
f 2186/1464/168 2185/1458/168 2173/1458/168
f 2195/1470/191 2213/1470/191 2211/1477/191
f 2213/1470/670 2195/1470/670 2194/1469/670
f 2208/1476/671 2314/1453/671 2214/1454/671
f 2215/1471/928 2212/1477/928 2216/1478/928
f 2178/1461/673 2209/1476/673 2218/1479/673
f 2163/1454/929 2162/1453/929 2209/1476/929
f 2219/1478/675 2211/1477/675 2200/1471/675
f 2182/1463/676 2228/1482/676 2220/1472/676
f 2221/1468/930 2225/1480/930 2222/1479/930
f 2207/1475/678 2194/1469/678 2180/1427/678
f 2200/1471/679 2211/1477/679 2213/1470/679
f 2224/1474/680 2185/1458/680 2183/1430/680
f 2218/1479/931 2315/1480/931 2192/1468/931
f 2215/1471/682 2193/1438/682 2195/1470/682
f 2149/1446/683 2148/1445/683 2186/1464/683
f 2201/1440/684 2203/1473/684 2225/1480/684
f 2144/1442/685 2165/1456/685 2226/1481/685
f 2192/1468/686 2315/1480/686 2227/1473/686
f 2129/1427/687 2199/1469/687 2206/1475/687
f 2142/1440/932 2227/1473/932 2220/1472/932
f 2132/1430/689 2173/1458/689 2205/1474/689
f 2229/1483/690 2232/1486/690 2230/1484/690
f 2232/1486/691 1861/1250/691 1803/1192/691
f 2234/1488/694 2235/1489/694 2232/1486/694
f 1857/1246/695 1861/1250/695 2232/1486/695
f 2236/1490/696 2235/1489/696 2234/1488/696
f 1858/1247/697 1857/1246/697 2235/1489/697
f 2239/1493/700 2236/1490/700 2237/1491/700
f 2239/1493/933 1785/1174/933 1858/1247/933
f 1835/1224/702 1785/1174/702 2239/1493/702
f 2240/1494/704 2239/1493/704 2238/1492/704
f 2243/1497/706 2240/1494/706 2241/1495/706
f 2243/1497/707 1846/1235/707 1835/1224/707
f 2244/1498/934 1847/1236/934 1846/1235/934
f 2244/1498/710 2243/1497/710 2242/1496/710
f 2247/1501/712 2244/1498/712 2245/1499/712
f 1843/1232/713 1847/1236/713 2244/1498/713
f 2248/1502/715 2249/1503/715 2247/1501/715
f 2249/1503/716 1792/1181/716 1843/1232/716
f 2251/1505/718 2249/1503/718 2248/1502/718
f 1793/1182/719 1792/1181/719 2249/1503/719
f 2253/1507/721 2251/1505/721 2250/1504/721
f 2253/1507/722 1836/1225/722 1793/1182/722
f 2255/1509/724 2253/1507/724 2252/1506/724
f 1855/1244/725 1836/1225/725 2253/1507/725
f 2256/1510/727 2257/1511/727 2255/1509/727
f 2257/1511/728 1854/1243/728 1855/1244/728
f 2258/1512/729 2257/1511/729 2256/1510/729
f 1844/1233/730 1854/1243/730 2257/1511/730
f 2261/1515/733 2258/1512/733 2259/1513/733
f 2261/1515/734 1788/1177/734 1844/1233/734
f 2262/1516/735 2263/1517/735 2261/1515/735
f 2263/1517/736 1864/1253/736 1788/1177/736
f 2265/1519/739 2263/1517/739 2262/1516/739
f 1863/1252/740 1864/1253/740 2263/1517/740
f 1856/1245/741 1863/1252/741 2265/1519/741
f 2266/1520/743 2265/1519/743 2264/1518/743
f 2268/1522/745 2269/1523/745 2266/1520/745
f 2269/1523/746 1845/1234/746 1856/1245/746
f 2271/1525/748 2269/1523/748 2268/1522/748
f 1798/1187/749 1845/1234/749 2269/1523/749
f 2273/1527/751 2271/1525/751 2270/1524/751
f 1865/1254/752 1798/1187/752 2271/1525/752
f 2275/1529/754 2273/1527/754 2272/1526/754
f 1802/1191/755 1865/1254/755 2273/1527/755
f 2276/1530/757 2277/1531/757 2275/1529/757
f 2277/1531/758 1837/1226/758 1802/1191/758
f 2279/1533/760 2277/1531/760 2276/1530/760
f 1841/1230/761 1837/1226/761 2277/1531/761
f 2230/1484/762 1803/1192/762 1784/1173/762
f 2231/1485/763 2230/1484/763 2280/1534/763
f 2280/1534/765 1784/1173/765 1783/1172/765
f 2280/1534/766 2282/1536/766 2283/1537/766
f 2282/1536/768 1783/1172/768 1853/1242/768
f 2282/1536/769 2284/1538/769 2285/1539/769
f 1853/1242/935 1852/1241/935 2286/1540/935
f 2285/1539/772 2284/1538/772 2286/1540/772
f 1852/1241/774 1790/1179/774 2288/1542/774
f 2286/1540/775 2288/1542/775 2289/1543/775
f 2288/1542/777 1790/1179/777 1848/1237/777
f 2289/1543/778 2288/1542/778 2290/1544/778
f 2290/1544/780 2293/1547/780 2292/1546/780
f 1848/1237/782 1842/1231/782 2293/1547/782
f 1842/1231/936 1841/1230/936 2279/1533/936
f 2293/1547/784 2279/1533/784 2278/1532/784
f 1098/842/191 1096/819/191 1074/831/191
f 1007/888/191 1121/856/191 1120/855/191
f 1804/1193/937 3404/1572/937 2303/1559/937
f 1804/1193/938 3405/1573/938 3406/1574/938
f 2906/1575/939 2907/1576/939 2905/1577/939
f 2908/1578/940 2909/1579/940 2907/1576/940
f 2910/1580/941 2911/1581/941 2909/1579/941
f 2912/1582/942 2913/1583/942 2911/1581/942
f 2913/1583/943 2916/1582/943 2915/1581/943
f 2915/1581/944 2918/1580/944 2917/1579/944
f 2918/1580/945 2919/1576/945 2917/1579/945
f 2919/1576/946 2922/1575/946 2921/1577/946
f 2921/1577/947 2924/1584/947 2923/1585/947
f 2923/1585/948 2926/1586/948 2925/1587/948
f 2926/1586/949 2927/1588/949 2925/1587/949
f 2928/1589/950 2929/1590/950 2927/1588/950
f 2929/1590/951 2932/1589/951 2931/1588/951
f 2931/1588/952 2934/1586/952 2933/1587/952
f 2914/1591/190 2912/1582/190 2930/1592/190
f 2934/1586/953 2935/1585/953 2933/1587/953
f 2936/1584/954 2905/1577/954 2935/1585/954
f 2911/1581/955 2939/1593/955 2909/1579/955
f 2949/1594/950 2964/1595/950 2948/1596/950
f 2919/1576/956 2945/1597/956 2944/1598/956
f 2907/1576/957 2937/1597/957 2905/1577/957
f 2929/1590/958 2950/1596/958 2949/1594/958
f 2915/1581/959 2943/1593/959 2942/1599/959
f 2927/1588/960 2947/1600/960 2925/1587/960
f 2935/1585/961 2937/1597/961 2952/1601/961
f 2913/1583/962 2940/1599/962 2911/1581/962
f 2923/1585/963 2945/1597/963 2921/1577/963
f 2931/1588/964 2951/1600/964 2950/1596/964
f 2909/1579/965 2938/1598/965 2907/1576/965
f 2917/1579/966 2944/1598/966 2943/1593/966
f 2929/1590/967 2948/1596/967 2927/1588/967
f 2913/1583/968 2942/1599/968 2941/1602/968
f 2925/1587/969 2946/1601/969 2923/1585/969
f 2933/1587/970 2952/1601/970 2951/1600/970
f 2956/1603/191 2987/1604/191 2955/1605/191
f 2941/1602/943 2958/1603/943 2957/1606/943
f 2950/1596/951 2965/1607/951 2949/1594/951
f 2942/1599/971 2959/1605/971 2958/1603/971
f 2951/1600/952 2966/1595/952 2950/1596/952
f 2943/1593/945 2960/1608/945 2959/1605/945
f 2952/1601/953 2967/1609/953 2951/1600/953
f 2944/1598/946 2961/1610/946 2960/1608/946
f 2938/1598/939 2953/1610/939 2937/1597/939
f 2937/1597/954 2968/1611/954 2952/1601/954
f 2946/1601/947 2961/1610/947 2945/1597/947
f 2939/1593/940 2954/1608/940 2938/1598/940
f 2947/1600/972 2962/1611/972 2946/1601/972
f 2940/1599/941 2955/1605/941 2939/1593/941
f 2948/1596/949 2963/1609/949 2947/1600/949
f 2941/1602/942 2956/1603/942 2940/1599/942
f 2982/1612/191 2983/1613/191 2972/1614/191
f 2980/1612/191 3011/1615/191 3012/1616/191
f 2968/1611/190 2985/1610/190 3000/1617/190
f 2955/1605/191 2986/1618/191 2954/1608/191
f 2979/1613/191 3010/1619/191 3011/1615/191
f 2967/1609/190 3000/1617/190 2999/1620/190
f 2954/1608/191 2985/1610/191 2953/1610/191
f 2978/1621/191 3009/1622/191 3010/1619/191
f 2966/1595/190 2999/1620/190 2998/1623/190
f 2976/1624/190 3009/1622/190 2977/1622/190
f 2965/1607/190 2998/1623/190 2997/1625/190
f 2975/1626/190 3008/1627/190 2976/1624/190
f 2965/1607/191 2996/1623/191 2964/1595/191
f 2974/1614/190 3007/1628/190 2975/1626/190
f 2964/1595/191 2995/1620/191 2963/1609/191
f 2973/1629/190 3006/1630/190 2974/1614/190
f 2987/1604/973 3002/1627/973 2986/1618/973
f 2994/1617/974 3011/1615/974 3010/1619/974
f 2988/1631/975 3003/1628/975 2987/1604/975
f 2996/1623/976 3011/1615/976 2995/1620/976
f 2989/1632/977 3004/1630/977 2988/1631/977
f 2997/1625/978 3012/1616/978 2996/1623/978
f 2990/1631/979 3005/1633/979 2989/1632/979
f 2997/1625/980 3014/1616/980 3013/1634/980
f 2990/1631/981 3007/1628/981 3006/1630/981
f 2998/1623/982 3015/1615/982 3014/1616/982
f 2992/1618/983 3007/1628/983 2991/1604/983
f 2999/1620/984 3016/1619/984 3015/1615/984
f 2993/1610/985 3008/1627/985 2992/1618/985
f 2985/1610/986 3002/1627/986 3001/1622/986
f 3000/1617/987 3001/1622/987 3016/1619/987
f 2993/1610/988 3010/1619/988 3009/1622/988
f 2981/1635/191 3012/1616/191 3013/1634/191
f 2957/1606/191 2988/1631/191 2956/1603/191
f 2981/1635/190 3014/1616/190 2982/1612/190
f 2957/1606/190 2990/1631/190 2989/1632/190
f 2982/1612/190 3015/1615/190 2983/1613/190
f 2958/1603/190 2991/1604/190 2990/1631/190
f 2970/1624/191 3001/1622/191 3002/1627/191
f 2983/1613/190 3016/1619/190 2984/1621/190
f 2959/1605/190 2992/1618/190 2991/1604/190
f 2971/1626/191 3002/1627/191 3003/1628/191
f 2984/1621/190 3001/1622/190 2969/1622/190
f 2960/1608/190 2993/1610/190 2992/1618/190
f 2972/1614/191 3003/1628/191 3004/1630/191
f 2962/1611/191 2993/1610/191 2961/1610/191
f 2973/1629/191 3004/1630/191 3005/1633/191
f 2963/1609/191 2994/1617/191 2962/1611/191
f 3020/1636/190 3019/1637/190 3051/1638/190
f 3046/1639/190 3036/1640/190 3047/1641/190
f 3044/1639/190 3076/1642/190 3075/1643/190
f 3032/1644/191 3064/1645/191 3049/1646/191
f 3019/1637/190 3018/1647/190 3050/1648/190
f 3043/1641/190 3075/1643/190 3074/1649/190
f 3031/1650/191 3063/1651/191 3064/1645/191
f 3018/1647/190 3017/1646/190 3049/1646/190
f 3042/1652/190 3074/1649/190 3073/1653/190
f 3030/1654/191 3062/1655/191 3063/1651/191
f 3040/1656/191 3041/1653/191 3073/1653/191
f 3029/1657/191 3061/1658/191 3062/1655/191
f 3039/1659/191 3040/1656/191 3072/1660/191
f 3029/1657/190 3028/1654/190 3060/1655/190
f 3038/1640/191 3039/1659/191 3071/1661/191
f 3028/1654/190 3027/1650/190 3059/1651/190
f 3037/1662/191 3038/1640/191 3070/1663/191
f 3051/1638/973 3050/1648/973 3066/1660/973
f 3058/1645/974 3074/1649/974 3075/1643/974
f 3052/1664/975 3051/1638/975 3067/1661/975
f 3060/1655/976 3059/1651/976 3075/1643/976
f 3053/1665/977 3052/1664/977 3068/1663/977
f 3061/1658/978 3060/1655/978 3076/1642/978
f 3054/1664/979 3053/1665/979 3069/1666/979
f 3061/1658/980 3077/1667/980 3078/1642/980
f 3055/1638/981 3054/1664/981 3070/1663/981
f 3062/1655/982 3078/1642/982 3079/1643/982
f 3056/1648/983 3055/1638/983 3071/1661/983
f 3063/1651/984 3079/1643/984 3080/1649/984
f 3057/1646/985 3056/1648/985 3072/1660/985
f 3049/1646/986 3065/1653/986 3066/1660/986
f 3064/1645/987 3080/1649/987 3065/1653/987
f 3057/1646/988 3073/1653/988 3074/1649/988
f 3045/1668/190 3077/1667/190 3076/1642/190
f 3021/1669/190 3020/1636/190 3052/1664/190
f 3045/1668/191 3046/1639/191 3078/1642/191
f 3021/1669/191 3053/1665/191 3054/1664/191
f 3046/1639/191 3047/1641/191 3079/1643/191
f 3022/1636/191 3054/1664/191 3055/1638/191
f 3034/1656/190 3066/1660/190 3065/1653/190
f 3047/1641/191 3048/1652/191 3080/1649/191
f 3023/1637/191 3055/1638/191 3056/1648/191
f 3035/1659/190 3067/1661/190 3066/1660/190
f 3048/1652/191 3033/1653/191 3065/1653/191
f 3024/1647/191 3056/1648/191 3057/1646/191
f 3036/1640/190 3068/1663/190 3067/1661/190
f 3026/1644/190 3025/1646/190 3057/1646/190
f 3037/1662/190 3069/1666/190 3068/1663/190
f 3027/1650/190 3026/1644/190 3058/1645/190
f 3081/1670/191 3084/1671/191 3083/1671/191
f 3083/1672/989 3088/1673/989 3087/1674/989
f 3088/1675/190 3085/1676/190 3087/1675/190
f 3085/1674/990 3082/1677/990 3081/1672/990
f 3087/1675/173 3081/1670/173 3083/1671/173
f 3084/1671/168 3086/1676/168 3088/1675/168
f 3089/1678/190 3091/1679/190 3092/1679/190
f 3091/1680/991 3095/1681/991 3096/1682/991
f 3096/1683/191 3095/1683/191 3093/1684/191
f 3093/1681/992 3089/1680/992 3090/1685/992
f 3095/1683/173 3091/1679/173 3089/1678/173
f 3092/1679/168 3096/1683/168 3094/1684/168
f 3099/1686/993 3104/1687/993 3103/1688/993
f 3104/1689/190 3101/1690/190 3103/1691/190
f 3102/1687/994 3097/1686/994 3101/1688/994
f 3103/1688/173 3097/1686/173 3099/1686/173
f 3100/1692/995 3102/1693/995 3104/1689/995
f 3107/1694/996 3111/1695/996 3112/1696/996
f 3112/1689/190 3111/1691/190 3109/1690/190
f 3110/1696/997 3109/1695/997 3105/1694/997
f 3111/1695/168 3107/1694/168 3105/1694/168
f 3112/1689/998 3110/1693/998 3106/1697/998
f 3115/1698/993 3119/1699/993 3120/1700/993
f 3120/1701/191 3119/1702/191 3117/1703/191
f 3118/1700/994 3117/1699/994 3113/1698/994
f 3119/1699/173 3115/1698/173 3113/1698/173
f 3116/1704/999 3120/1701/999 3118/1705/999
f 3123/1706/996 3128/1707/996 3127/1708/996
f 3128/1701/191 3125/1703/191 3127/1702/191
f 3126/1707/997 3121/1706/997 3125/1708/997
f 3127/1708/168 3121/1706/168 3123/1706/168
f 3128/1701/1000 3122/1709/1000 3126/1705/1000
f 3131/1710/1001 3481/1711/1001 3135/1712/1001
f 3135/1713/1002 3482/1714/1002 3133/1715/1002
f 3482/1711/1003 3129/1710/1003 3133/1712/1003
f 3135/1713/173 3129/1716/173 3131/1717/173
f 3483/1718/1004 3489/1719/1004 3484/1719/1004
f 3139/1717/1005 3143/1713/1005 3144/1720/1005
f 3144/1720/1006 3143/1713/1006 3141/1721/1006
f 3142/1722/1007 3141/1723/1007 3137/1724/1007
f 3143/1723/168 3139/1724/168 3137/1724/168
f 3144/1720/1008 3142/1714/1008 3138/1725/1008
f 3147/1726/1001 3151/1727/1001 3485/1728/1001
f 3151/1729/1009 3149/1730/1009 3486/1731/1009
f 3486/1728/1003 3149/1727/1003 3145/1726/1003
f 3151/1729/173 3147/1732/173 3145/1733/173
f 3484/1719/199 3494/1734/199 3150/1734/199
f 3155/1735/1005 3160/1736/1005 3159/1737/1005
f 3160/1738/1010 3157/1739/1010 3159/1729/1010
f 3158/1736/1007 3153/1735/1007 3157/1737/1007
f 3155/1732/168 3157/1739/168 3153/1740/168
f 3160/1738/1011 3154/1741/1011 3158/1731/1011
f 3164/1742/190 3163/1743/190 3195/1744/190
f 3190/1745/190 3180/1746/190 3191/1747/190
f 3188/1745/190 3220/1748/190 3219/1749/190
f 3176/1750/191 3208/1751/191 3193/1752/191
f 3163/1743/190 3162/1753/190 3194/1754/190
f 3187/1747/190 3219/1749/190 3218/1755/190
f 3175/1756/191 3207/1757/191 3208/1751/191
f 3162/1753/190 3161/1752/190 3193/1752/190
f 3186/1758/190 3218/1755/190 3217/1759/190
f 3174/1760/191 3206/1761/191 3207/1757/191
f 3184/1762/191 3185/1759/191 3217/1759/191
f 3173/1763/191 3205/1764/191 3206/1761/191
f 3183/1765/191 3184/1762/191 3216/1766/191
f 3173/1763/190 3172/1760/190 3204/1761/190
f 3182/1746/191 3183/1765/191 3215/1767/191
f 3172/1760/190 3171/1756/190 3203/1757/190
f 3181/1768/191 3182/1746/191 3214/1769/191
f 3195/1744/973 3194/1754/973 3210/1766/973
f 3202/1751/974 3218/1755/974 3219/1749/974
f 3196/1770/975 3195/1744/975 3211/1767/975
f 3204/1761/976 3203/1757/976 3219/1749/976
f 3197/1771/977 3196/1770/977 3212/1769/977
f 3205/1764/978 3204/1761/978 3220/1748/978
f 3198/1770/979 3197/1771/979 3213/1772/979
f 3205/1764/980 3221/1773/980 3222/1748/980
f 3199/1744/981 3198/1770/981 3214/1769/981
f 3206/1761/982 3222/1748/982 3223/1749/982
f 3200/1754/983 3199/1744/983 3215/1767/983
f 3207/1757/984 3223/1749/984 3224/1755/984
f 3201/1752/985 3200/1754/985 3216/1766/985
f 3193/1752/986 3209/1759/986 3210/1766/986
f 3193/1752/987 3208/1751/987 3224/1755/987
f 3201/1752/988 3217/1759/988 3218/1755/988
f 3189/1774/190 3221/1773/190 3220/1748/190
f 3165/1775/190 3164/1742/190 3196/1770/190
f 3189/1774/191 3190/1745/191 3222/1748/191
f 3165/1775/191 3197/1771/191 3198/1770/191
f 3190/1745/191 3191/1747/191 3223/1749/191
f 3166/1742/191 3198/1770/191 3199/1744/191
f 3178/1762/190 3210/1766/190 3209/1759/190
f 3191/1747/191 3192/1758/191 3224/1755/191
f 3167/1743/191 3199/1744/191 3200/1754/191
f 3179/1765/190 3211/1767/190 3210/1766/190
f 3192/1758/191 3177/1759/191 3209/1759/191
f 3168/1753/191 3200/1754/191 3201/1752/191
f 3180/1746/190 3212/1769/190 3211/1767/190
f 3170/1750/190 3169/1752/190 3201/1752/190
f 3181/1768/190 3213/1772/190 3212/1769/190
f 3171/1756/190 3170/1750/190 3202/1751/190
f 3238/1776/190 3228/1777/190 3239/1778/190
f 3236/1779/190 3268/1780/190 3267/1781/190
f 3235/1782/190 3267/1781/190 3266/1783/190
f 3234/1784/190 3266/1783/190 3265/1785/190
f 3232/1786/191 3233/1787/191 3265/1785/191
f 3231/1788/191 3232/1786/191 3264/1789/191
f 3230/1790/191 3231/1788/191 3263/1791/191
f 3229/1792/191 3230/1790/191 3262/1793/191
f 3243/1794/973 3242/1795/973 3258/1795/973
f 3250/1783/974 3266/1783/974 3267/1781/974
f 3244/1796/975 3243/1794/975 3259/1794/975
f 3252/1780/976 3251/1781/976 3267/1781/976
f 3245/1797/977 3244/1796/977 3260/1796/977
f 3253/1798/978 3252/1780/978 3268/1780/978
f 3246/1793/979 3245/1797/979 3261/1797/979
f 3253/1798/980 3269/1798/980 3270/1799/980
f 3247/1791/981 3246/1793/981 3262/1793/981
f 3254/1799/982 3270/1799/982 3271/1800/982
f 3248/1789/983 3247/1791/983 3263/1791/983
f 3255/1800/984 3271/1800/984 3272/1801/984
f 3249/1785/985 3248/1789/985 3264/1789/985
f 3241/1802/986 3257/1802/986 3258/1795/986
f 3256/1801/987 3272/1801/987 3257/1802/987
f 3249/1785/988 3265/1785/988 3266/1783/988
f 3237/1803/190 3269/1798/190 3268/1780/190
f 3237/1803/191 3238/1776/191 3270/1799/191
f 3238/1776/191 3239/1778/191 3271/1800/191
f 3226/1804/190 3258/1795/190 3257/1802/190
f 3239/1778/191 3240/1805/191 3272/1801/191
f 3227/1806/190 3259/1794/190 3258/1795/190
f 3240/1805/191 3225/1807/191 3257/1802/191
f 3228/1777/190 3260/1796/190 3259/1794/190
f 3229/1792/190 3261/1797/190 3260/1796/190
f 3290/1808/1012 3280/1809/1012 3291/1810/1012
f 3277/1811/1013 3282/1812/1013 3283/1812/1013
f 3278/1809/1014 3289/1808/1014 3292/1810/1014
f 3279/1811/1015 3273/1813/1015 3275/1813/1015
f 3280/1809/1016 3274/1814/1016 3278/1809/1016
f 3284/1815/1017 3285/1816/1017 3281/1815/1017
f 3278/1809/1018 3281/1815/1018 3280/1809/1018
f 3291/1810/1019 3281/1815/1019 3293/1817/1019
f 3292/1810/1020 3283/1812/1020 3294/1817/1020
f 3285/1816/190 3296/1818/190 3295/1818/190
f 3293/1817/1021 3285/1816/1021 3295/1818/1021
f 3294/1817/1022 3287/1819/1022 3296/1818/1022
f 3282/1812/1023 3287/1819/1023 3283/1812/1023
f 3294/1817/1024 3288/1816/1024 3284/1815/1024
f 3293/1817/1025 3286/1819/1025 3282/1812/1025
f 3295/1818/190 3287/1819/190 3286/1819/190
f 3292/1810/1026 3284/1815/1026 3278/1809/1026
f 3291/1810/1027 3282/1812/1027 3279/1811/1027
f 3277/1811/1028 3289/1808/1028 3273/1813/1028
f 3290/1808/1029 3279/1811/1029 3275/1813/1029
f 3314/1820/1012 3315/1821/1012 3304/1822/1012
f 3301/1823/1030 3307/1824/1030 3306/1824/1030
f 3302/1822/1014 3316/1821/1014 3313/1820/1014
f 3303/1823/1031 3299/1825/1031 3297/1825/1031
f 3304/1822/1032 3302/1822/1032 3298/1826/1032
f 3308/1827/1033 3305/1827/1033 3309/1828/1033
f 3302/1822/1034 3304/1822/1034 3305/1827/1034
f 3315/1821/1019 3317/1829/1019 3305/1827/1019
f 3316/1821/1020 3318/1829/1020 3307/1824/1020
f 3309/1828/191 3319/1830/191 3320/1830/191
f 3317/1829/1035 3319/1830/1035 3309/1828/1035
f 3318/1829/1036 3320/1830/1036 3311/1831/1036
f 3306/1824/1037 3307/1824/1037 3311/1831/1037
f 3318/1829/1038 3308/1827/1038 3312/1828/1038
f 3317/1829/1039 3306/1824/1039 3310/1831/1039
f 3319/1830/191 3310/1831/191 3311/1831/191
f 3316/1821/1040 3302/1822/1040 3308/1827/1040
f 3315/1821/1041 3303/1823/1041 3306/1824/1041
f 3301/1823/1042 3297/1825/1042 3313/1820/1042
f 3314/1820/1043 3299/1825/1043 3303/1823/1043
f 3324/1832/190 3323/1833/190 3355/1834/190
f 3350/1835/190 3340/1832/190 3351/1836/190
f 3348/1837/190 3380/1838/190 3379/1839/190
f 3336/1840/191 3368/1841/191 3353/1842/191
f 3323/1833/190 3322/1843/190 3354/1844/190
f 3347/1845/190 3379/1839/190 3378/1846/190
f 3335/1836/191 3367/1847/191 3368/1841/191
f 3322/1843/190 3321/1848/190 3353/1842/190
f 3346/1849/190 3378/1846/190 3377/1850/190
f 3334/1835/191 3366/1851/191 3367/1847/191
f 3344/1852/191 3345/1853/191 3377/1850/191
f 3333/1854/191 3365/1855/191 3366/1851/191
f 3343/1856/191 3344/1852/191 3376/1857/191
f 3333/1854/190 3332/1837/190 3364/1838/190
f 3342/1858/191 3343/1856/191 3375/1859/191
f 3332/1837/190 3331/1845/190 3363/1839/190
f 3341/1860/191 3342/1858/191 3374/1861/191
f 3355/1834/973 3354/1844/973 3370/1844/973
f 3362/1846/974 3378/1846/974 3379/1839/974
f 3356/1862/975 3355/1834/975 3371/1834/975
f 3364/1838/976 3363/1839/976 3379/1839/976
f 3357/1863/977 3356/1862/977 3372/1862/977
f 3365/1855/978 3364/1838/978 3380/1838/978
f 3358/1861/979 3357/1863/979 3373/1863/979
f 3366/1851/980 3365/1855/980 3381/1855/980
f 3359/1859/981 3358/1861/981 3374/1861/981
f 3366/1851/982 3382/1851/982 3383/1847/982
f 3360/1857/983 3359/1859/983 3375/1859/983
f 3367/1847/984 3383/1847/984 3384/1841/984
f 3361/1850/985 3360/1857/985 3376/1857/985
f 3354/1844/986 3353/1842/986 3369/1842/986
f 3353/1842/987 3368/1841/987 3384/1841/987
f 3361/1850/988 3377/1850/988 3378/1846/988
f 3349/1854/190 3381/1855/190 3380/1838/190
f 3325/1860/190 3324/1832/190 3356/1862/190
f 3349/1854/191 3350/1835/191 3382/1851/191
f 3325/1860/191 3357/1863/191 3358/1861/191
f 3350/1835/191 3351/1836/191 3383/1847/191
f 3326/1858/191 3358/1861/191 3359/1859/191
f 3338/1843/190 3370/1844/190 3369/1842/190
f 3351/1836/191 3352/1840/191 3384/1841/191
f 3327/1856/191 3359/1859/191 3360/1857/191
f 3339/1833/190 3371/1834/190 3370/1844/190
f 3352/1840/191 3337/1848/191 3369/1842/191
f 3328/1852/191 3360/1857/191 3361/1850/191
f 3340/1832/190 3372/1862/190 3371/1834/190
f 3330/1849/190 3329/1853/190 3361/1850/190
f 3341/1860/190 3373/1863/190 3372/1862/190
f 3331/1845/190 3330/1849/190 3362/1846/190
f 2906/1575/939 2908/1578/939 2907/1576/939
f 2908/1578/940 2910/1580/940 2909/1579/940
f 2910/1580/941 2912/1582/941 2911/1581/941
f 2912/1582/942 2914/1591/942 2913/1583/942
f 2913/1583/943 2914/1591/943 2916/1582/943
f 2915/1581/944 2916/1582/944 2918/1580/944
f 2918/1580/945 2920/1578/945 2919/1576/945
f 2919/1576/946 2920/1578/946 2922/1575/946
f 2921/1577/947 2922/1575/947 2924/1584/947
f 2923/1585/948 2924/1584/948 2926/1586/948
f 2926/1586/949 2928/1589/949 2927/1588/949
f 2928/1589/950 2930/1592/950 2929/1590/950
f 2929/1590/951 2930/1592/951 2932/1589/951
f 2931/1588/952 2932/1589/952 2934/1586/952
f 2910/1580/190 2908/1578/190 2934/1586/190
f 2908/1578/190 2906/1575/190 2936/1584/190
f 2934/1586/190 2908/1578/190 2936/1584/190
f 2934/1586/190 2932/1589/190 2910/1580/190
f 2932/1589/190 2930/1592/190 2912/1582/190
f 2910/1580/190 2932/1589/190 2912/1582/190
f 2930/1592/190 2928/1589/190 2914/1591/190
f 2928/1589/190 2926/1586/190 2916/1582/190
f 2914/1591/190 2928/1589/190 2916/1582/190
f 2926/1586/190 2924/1584/190 2918/1580/190
f 2924/1584/190 2922/1575/190 2920/1578/190
f 2918/1580/190 2924/1584/190 2920/1578/190
f 2918/1580/190 2916/1582/190 2926/1586/190
f 2934/1586/953 2936/1584/953 2935/1585/953
f 2936/1584/954 2906/1575/954 2905/1577/954
f 2911/1581/955 2940/1599/955 2939/1593/955
f 2949/1594/950 2965/1607/950 2964/1595/950
f 2919/1576/956 2921/1577/956 2945/1597/956
f 2907/1576/957 2938/1598/957 2937/1597/957
f 2929/1590/958 2931/1588/958 2950/1596/958
f 2915/1581/959 2917/1579/959 2943/1593/959
f 2927/1588/960 2948/1596/960 2947/1600/960
f 2935/1585/961 2905/1577/961 2937/1597/961
f 2913/1583/962 2941/1602/962 2940/1599/962
f 2923/1585/963 2946/1601/963 2945/1597/963
f 2931/1588/964 2933/1587/964 2951/1600/964
f 2909/1579/1044 2939/1593/1044 2938/1598/1044
f 2917/1579/966 2919/1576/966 2944/1598/966
f 2929/1590/967 2949/1594/967 2948/1596/967
f 2913/1583/968 2915/1581/968 2942/1599/968
f 2925/1587/1045 2947/1600/1045 2946/1601/1045
f 2933/1587/1046 2935/1585/1046 2952/1601/1046
f 2956/1603/190 2988/1631/190 2987/1604/190
f 2941/1602/943 2942/1599/943 2958/1603/943
f 2950/1596/951 2966/1595/951 2965/1607/951
f 2942/1599/944 2943/1593/944 2959/1605/944
f 2951/1600/952 2967/1609/952 2966/1595/952
f 2943/1593/945 2944/1598/945 2960/1608/945
f 2952/1601/953 2968/1611/953 2967/1609/953
f 2944/1598/946 2945/1597/946 2961/1610/946
f 2938/1598/939 2954/1608/939 2953/1610/939
f 2937/1597/954 2953/1610/954 2968/1611/954
f 2946/1601/947 2962/1611/947 2961/1610/947
f 2939/1593/940 2955/1605/940 2954/1608/940
f 2947/1600/948 2963/1609/948 2962/1611/948
f 2940/1599/1047 2956/1603/1047 2955/1605/1047
f 2948/1596/1048 2964/1595/1048 2963/1609/1048
f 2941/1602/942 2957/1606/942 2956/1603/942
f 2984/1621/191 2969/1622/191 2970/1624/191
f 2970/1624/191 2971/1626/191 2984/1621/191
f 2971/1626/191 2972/1614/191 2983/1613/191
f 2984/1621/191 2971/1626/191 2983/1613/191
f 2972/1614/191 2973/1629/191 2981/1635/191
f 2973/1629/191 2974/1614/191 2980/1612/191
f 2974/1614/191 2975/1626/191 2980/1612/191
f 2975/1626/191 2976/1624/191 2979/1613/191
f 2980/1612/191 2975/1626/191 2979/1613/191
f 2976/1624/191 2977/1622/191 2978/1621/191
f 2978/1621/191 2979/1613/191 2976/1624/191
f 2980/1612/191 2981/1635/191 2973/1629/191
f 2981/1635/191 2982/1612/191 2972/1614/191
f 2980/1612/190 2979/1613/190 3011/1615/190
f 2968/1611/191 2953/1610/191 2985/1610/191
f 2955/1605/190 2987/1604/190 2986/1618/190
f 2979/1613/190 2978/1621/190 3010/1619/190
f 2967/1609/191 2968/1611/191 3000/1617/191
f 2954/1608/190 2986/1618/190 2985/1610/190
f 2978/1621/190 2977/1622/190 3009/1622/190
f 2966/1595/191 2967/1609/191 2999/1620/191
f 2976/1624/191 3008/1627/191 3009/1622/191
f 2965/1607/191 2966/1595/191 2998/1623/191
f 2975/1626/191 3007/1628/191 3008/1627/191
f 2965/1607/190 2997/1625/190 2996/1623/190
f 2974/1614/191 3006/1630/191 3007/1628/191
f 2964/1595/190 2996/1623/190 2995/1620/190
f 2973/1629/191 3005/1633/191 3006/1630/191
f 2987/1604/973 3003/1628/973 3002/1627/973
f 2994/1617/974 2995/1620/974 3011/1615/974
f 2988/1631/975 3004/1630/975 3003/1628/975
f 2996/1623/976 3012/1616/976 3011/1615/976
f 2989/1632/977 3005/1633/977 3004/1630/977
f 2997/1625/978 3013/1634/978 3012/1616/978
f 2990/1631/979 3006/1630/979 3005/1633/979
f 2997/1625/980 2998/1623/980 3014/1616/980
f 2990/1631/981 2991/1604/981 3007/1628/981
f 2998/1623/982 2999/1620/982 3015/1615/982
f 2992/1618/983 3008/1627/983 3007/1628/983
f 2999/1620/984 3000/1617/984 3016/1619/984
f 2993/1610/985 3009/1622/985 3008/1627/985
f 2985/1610/986 2986/1618/986 3002/1627/986
f 3000/1617/987 2985/1610/987 3001/1622/987
f 2993/1610/988 2994/1617/988 3010/1619/988
f 2981/1635/190 2980/1612/190 3012/1616/190
f 2957/1606/190 2989/1632/190 2988/1631/190
f 2981/1635/191 3013/1634/191 3014/1616/191
f 2957/1606/191 2958/1603/191 2990/1631/191
f 2982/1612/191 3014/1616/191 3015/1615/191
f 2958/1603/191 2959/1605/191 2991/1604/191
f 2970/1624/190 2969/1622/190 3001/1622/190
f 2983/1613/191 3015/1615/191 3016/1619/191
f 2959/1605/191 2960/1608/191 2992/1618/191
f 2971/1626/190 2970/1624/190 3002/1627/190
f 2984/1621/191 3016/1619/191 3001/1622/191
f 2960/1608/191 2961/1610/191 2993/1610/191
f 2972/1614/190 2971/1626/190 3003/1628/190
f 2962/1611/190 2994/1617/190 2993/1610/190
f 2973/1629/190 2972/1614/190 3004/1630/190
f 2963/1609/190 2995/1620/190 2994/1617/190
f 3020/1636/191 3051/1638/191 3052/1664/191
f 3048/1652/190 3034/1656/190 3033/1653/190
f 3034/1656/190 3048/1652/190 3035/1659/190
f 3035/1659/190 3047/1641/190 3036/1640/190
f 3048/1652/190 3047/1641/190 3035/1659/190
f 3036/1640/190 3045/1668/190 3037/1662/190
f 3037/1662/190 3044/1639/190 3038/1640/190
f 3038/1640/190 3044/1639/190 3039/1659/190
f 3039/1659/190 3043/1641/190 3040/1656/190
f 3044/1639/190 3043/1641/190 3039/1659/190
f 3040/1656/190 3042/1652/190 3041/1653/190
f 3042/1652/190 3040/1656/190 3043/1641/190
f 3044/1639/190 3037/1662/190 3045/1668/190
f 3045/1668/190 3036/1640/190 3046/1639/190
f 3044/1639/191 3075/1643/191 3043/1641/191
f 3032/1644/190 3049/1646/190 3017/1646/190
f 3019/1637/191 3050/1648/191 3051/1638/191
f 3043/1641/191 3074/1649/191 3042/1652/191
f 3031/1650/190 3064/1645/190 3032/1644/190
f 3018/1647/191 3049/1646/191 3050/1648/191
f 3042/1652/191 3073/1653/191 3041/1653/191
f 3030/1654/190 3063/1651/190 3031/1650/190
f 3040/1656/190 3073/1653/190 3072/1660/190
f 3029/1657/190 3062/1655/190 3030/1654/190
f 3039/1659/190 3072/1660/190 3071/1661/190
f 3029/1657/191 3060/1655/191 3061/1658/191
f 3038/1640/190 3071/1661/190 3070/1663/190
f 3028/1654/191 3059/1651/191 3060/1655/191
f 3037/1662/190 3070/1663/190 3069/1666/190
f 3051/1638/973 3066/1660/973 3067/1661/973
f 3058/1645/974 3075/1643/974 3059/1651/974
f 3052/1664/975 3067/1661/975 3068/1663/975
f 3060/1655/976 3075/1643/976 3076/1642/976
f 3053/1665/977 3068/1663/977 3069/1666/977
f 3061/1658/978 3076/1642/978 3077/1667/978
f 3054/1664/979 3069/1666/979 3070/1663/979
f 3061/1658/980 3078/1642/980 3062/1655/980
f 3055/1638/981 3070/1663/981 3071/1661/981
f 3062/1655/982 3079/1643/982 3063/1651/982
f 3056/1648/983 3071/1661/983 3072/1660/983
f 3063/1651/984 3080/1649/984 3064/1645/984
f 3057/1646/985 3072/1660/985 3073/1653/985
f 3049/1646/986 3066/1660/986 3050/1648/986
f 3064/1645/987 3065/1653/987 3049/1646/987
f 3057/1646/988 3074/1649/988 3058/1645/988
f 3045/1668/191 3076/1642/191 3044/1639/191
f 3021/1669/191 3052/1664/191 3053/1665/191
f 3045/1668/190 3078/1642/190 3077/1667/190
f 3021/1669/190 3054/1664/190 3022/1636/190
f 3046/1639/190 3079/1643/190 3078/1642/190
f 3022/1636/190 3055/1638/190 3023/1637/190
f 3034/1656/191 3065/1653/191 3033/1653/191
f 3047/1641/190 3080/1649/190 3079/1643/190
f 3023/1637/190 3056/1648/190 3024/1647/190
f 3035/1659/191 3066/1660/191 3034/1656/191
f 3048/1652/190 3065/1653/190 3080/1649/190
f 3024/1647/190 3057/1646/190 3025/1646/190
f 3036/1640/191 3067/1661/191 3035/1659/191
f 3026/1644/191 3057/1646/191 3058/1645/191
f 3037/1662/191 3068/1663/191 3036/1640/191
f 3027/1650/191 3058/1645/191 3059/1651/191
f 3081/1670/191 3082/1670/191 3084/1671/191
f 3083/1672/989 3084/1677/989 3088/1673/989
f 3088/1675/190 3086/1676/190 3085/1676/190
f 3085/1674/990 3086/1673/990 3082/1677/990
f 3087/1675/173 3085/1676/173 3081/1670/173
f 3084/1671/168 3082/1670/168 3086/1676/168
f 3089/1678/190 3092/1679/190 3090/1678/190
f 3091/1680/991 3096/1682/991 3092/1685/991
f 3096/1683/191 3093/1684/191 3094/1684/191
f 3093/1681/992 3090/1685/992 3094/1682/992
f 3095/1683/173 3089/1678/173 3093/1684/173
f 3092/1679/168 3094/1684/168 3090/1678/168
f 3099/1686/1049 3100/1864/1049 3104/1687/1049
f 3104/1689/190 3102/1693/190 3101/1690/190
f 3102/1687/1050 3098/1864/1050 3097/1686/1050
f 3103/1688/173 3101/1688/173 3097/1686/173
f 3100/1692/995 3098/1697/995 3102/1693/995
f 3107/1694/1051 3112/1696/1051 3108/1865/1051
f 3112/1689/190 3109/1690/190 3110/1693/190
f 3110/1696/1052 3105/1694/1052 3106/1866/1052
f 3111/1691/168 3105/1867/168 3109/1690/168
f 3112/1689/998 3106/1697/998 3108/1692/998
f 3115/1698/1053 3120/1700/1053 3116/1868/1053
f 3120/1701/191 3117/1703/191 3118/1705/191
f 3118/1700/1054 3113/1698/1054 3114/1868/1054
f 3119/1699/173 3113/1698/173 3117/1699/173
f 3116/1704/999 3118/1705/999 3114/1709/999
f 3123/1706/1055 3124/1869/1055 3128/1707/1055
f 3128/1701/191 3126/1705/191 3125/1703/191
f 3126/1707/1056 3122/1870/1056 3121/1706/1056
f 3127/1708/168 3125/1708/168 3121/1706/168
f 3128/1701/1000 3124/1704/1000 3122/1709/1000
f 3131/1710/1057 3132/1871/1057 3481/1711/1057
f 3135/1713/1002 3481/1720/1002 3482/1714/1002
f 3482/1711/1058 3130/1871/1058 3129/1710/1058
f 3135/1713/173 3133/1715/173 3129/1716/173
f 3136/1872/1059 3493/1873/1059 3134/1873/1059
f 3139/1717/1060 3144/1720/1060 3140/1874/1060
f 3144/1720/1006 3141/1721/1006 3142/1714/1006
f 3142/1722/1061 3137/1724/1061 3138/1875/1061
f 3143/1723/168 3137/1724/168 3141/1723/168
f 3144/1720/1008 3138/1725/1008 3140/1874/1008
f 3147/1726/1062 3485/1728/1062 3148/1876/1062
f 3151/1729/1009 3486/1731/1009 3485/1738/1009
f 3486/1728/1063 3145/1726/1063 3146/1876/1063
f 3151/1729/173 3145/1733/173 3149/1730/173
f 3150/1734/1064 3492/1877/1064 3152/1877/1064
f 3155/1735/1065 3156/1878/1065 3160/1736/1065
f 3160/1738/1010 3158/1731/1010 3157/1739/1010
f 3158/1736/1066 3154/1878/1066 3153/1735/1066
f 3155/1732/168 3159/1729/168 3157/1739/168
f 3160/1738/1011 3156/1879/1011 3154/1741/1011
f 3164/1742/191 3195/1744/191 3196/1770/191
f 3192/1758/190 3178/1762/190 3177/1759/190
f 3178/1762/190 3192/1758/190 3179/1765/190
f 3179/1765/190 3191/1747/190 3180/1746/190
f 3192/1758/190 3191/1747/190 3179/1765/190
f 3180/1746/190 3189/1774/190 3181/1768/190
f 3181/1768/190 3188/1745/190 3182/1746/190
f 3182/1746/190 3188/1745/190 3183/1765/190
f 3183/1765/190 3187/1747/190 3184/1762/190
f 3188/1745/190 3187/1747/190 3183/1765/190
f 3184/1762/190 3186/1758/190 3185/1759/190
f 3186/1758/190 3184/1762/190 3187/1747/190
f 3188/1745/190 3181/1768/190 3189/1774/190
f 3189/1774/190 3180/1746/190 3190/1745/190
f 3188/1745/191 3219/1749/191 3187/1747/191
f 3176/1750/190 3193/1752/190 3161/1752/190
f 3163/1743/191 3194/1754/191 3195/1744/191
f 3187/1747/191 3218/1755/191 3186/1758/191
f 3175/1756/190 3208/1751/190 3176/1750/190
f 3162/1753/191 3193/1752/191 3194/1754/191
f 3186/1758/191 3217/1759/191 3185/1759/191
f 3174/1760/190 3207/1757/190 3175/1756/190
f 3184/1762/190 3217/1759/190 3216/1766/190
f 3173/1763/190 3206/1761/190 3174/1760/190
f 3183/1765/190 3216/1766/190 3215/1767/190
f 3173/1763/191 3204/1761/191 3205/1764/191
f 3182/1746/190 3215/1767/190 3214/1769/190
f 3172/1760/191 3203/1757/191 3204/1761/191
f 3181/1768/190 3214/1769/190 3213/1772/190
f 3195/1744/973 3210/1766/973 3211/1767/973
f 3202/1751/974 3219/1749/974 3203/1757/974
f 3196/1770/975 3211/1767/975 3212/1769/975
f 3204/1761/976 3219/1749/976 3220/1748/976
f 3197/1771/977 3212/1769/977 3213/1772/977
f 3205/1764/978 3220/1748/978 3221/1773/978
f 3198/1770/979 3213/1772/979 3214/1769/979
f 3205/1764/980 3222/1748/980 3206/1761/980
f 3199/1744/981 3214/1769/981 3215/1767/981
f 3206/1761/982 3223/1749/982 3207/1757/982
f 3200/1754/983 3215/1767/983 3216/1766/983
f 3207/1757/984 3224/1755/984 3208/1751/984
f 3201/1752/985 3216/1766/985 3217/1759/985
f 3193/1752/986 3210/1766/986 3194/1754/986
f 3193/1752/987 3224/1755/987 3209/1759/987
f 3201/1752/988 3218/1755/988 3202/1751/988
f 3189/1774/191 3220/1748/191 3188/1745/191
f 3165/1775/191 3196/1770/191 3197/1771/191
f 3189/1774/190 3222/1748/190 3221/1773/190
f 3165/1775/190 3198/1770/190 3166/1742/190
f 3190/1745/190 3223/1749/190 3222/1748/190
f 3166/1742/190 3199/1744/190 3167/1743/190
f 3178/1762/191 3209/1759/191 3177/1759/191
f 3191/1747/190 3224/1755/190 3223/1749/190
f 3167/1743/190 3200/1754/190 3168/1753/190
f 3179/1765/191 3210/1766/191 3178/1762/191
f 3192/1758/190 3209/1759/190 3224/1755/190
f 3168/1753/190 3201/1752/190 3169/1752/190
f 3180/1746/191 3211/1767/191 3179/1765/191
f 3170/1750/191 3201/1752/191 3202/1751/191
f 3181/1768/191 3212/1769/191 3180/1746/191
f 3171/1756/191 3202/1751/191 3203/1757/191
f 3240/1805/190 3226/1804/190 3225/1807/190
f 3226/1804/190 3240/1805/190 3227/1806/190
f 3227/1806/190 3239/1778/190 3228/1777/190
f 3240/1805/190 3239/1778/190 3227/1806/190
f 3228/1777/190 3237/1803/190 3229/1792/190
f 3229/1792/190 3236/1779/190 3230/1790/190
f 3230/1790/190 3236/1779/190 3231/1788/190
f 3231/1788/190 3235/1782/190 3232/1786/190
f 3236/1779/190 3235/1782/190 3231/1788/190
f 3232/1786/190 3234/1784/190 3233/1787/190
f 3234/1784/190 3232/1786/190 3235/1782/190
f 3236/1779/190 3229/1792/190 3237/1803/190
f 3237/1803/190 3228/1777/190 3238/1776/190
f 3236/1779/191 3267/1781/191 3235/1782/191
f 3235/1782/191 3266/1783/191 3234/1784/191
f 3234/1784/191 3265/1785/191 3233/1787/191
f 3232/1786/190 3265/1785/190 3264/1789/190
f 3231/1788/190 3264/1789/190 3263/1791/190
f 3230/1790/190 3263/1791/190 3262/1793/190
f 3243/1794/973 3258/1795/973 3259/1794/973
f 3250/1783/974 3267/1781/974 3251/1781/974
f 3244/1796/975 3259/1794/975 3260/1796/975
f 3252/1780/976 3267/1781/976 3268/1780/976
f 3245/1797/977 3260/1796/977 3261/1797/977
f 3253/1798/978 3268/1780/978 3269/1798/978
f 3246/1793/979 3261/1797/979 3262/1793/979
f 3253/1798/980 3270/1799/980 3254/1799/980
f 3247/1791/981 3262/1793/981 3263/1791/981
f 3254/1799/982 3271/1800/982 3255/1800/982
f 3248/1789/983 3263/1791/983 3264/1789/983
f 3255/1800/984 3272/1801/984 3256/1801/984
f 3249/1785/985 3264/1789/985 3265/1785/985
f 3241/1802/986 3258/1795/986 3242/1795/986
f 3256/1801/987 3257/1802/987 3241/1802/987
f 3249/1785/988 3266/1783/988 3250/1783/988
f 3237/1803/191 3268/1780/191 3236/1779/191
f 3237/1803/190 3270/1799/190 3269/1798/190
f 3238/1776/190 3271/1800/190 3270/1799/190
f 3226/1804/191 3257/1802/191 3225/1807/191
f 3239/1778/190 3272/1801/190 3271/1800/190
f 3227/1806/191 3258/1795/191 3226/1804/191
f 3240/1805/190 3257/1802/190 3272/1801/190
f 3228/1777/191 3259/1794/191 3227/1806/191
f 3229/1792/191 3260/1796/191 3228/1777/191
f 3290/1808/1067 3276/1814/1067 3280/1809/1067
f 3277/1811/1013 3279/1811/1013 3282/1812/1013
f 3278/1809/1068 3274/1814/1068 3289/1808/1068
f 3279/1811/1015 3277/1811/1015 3273/1813/1015
f 3280/1809/1016 3276/1814/1016 3274/1814/1016
f 3284/1815/1017 3288/1816/1017 3285/1816/1017
f 3278/1809/1018 3284/1815/1018 3281/1815/1018
f 3291/1810/1069 3280/1809/1069 3281/1815/1069
f 3292/1810/1070 3277/1811/1070 3283/1812/1070
f 3285/1816/190 3288/1816/190 3296/1818/190
f 3293/1817/1071 3281/1815/1071 3285/1816/1071
f 3294/1817/1072 3283/1812/1072 3287/1819/1072
f 3282/1812/1023 3286/1819/1023 3287/1819/1023
f 3294/1817/1073 3296/1818/1073 3288/1816/1073
f 3293/1817/1074 3295/1818/1074 3286/1819/1074
f 3295/1818/190 3296/1818/190 3287/1819/190
f 3292/1810/1075 3294/1817/1075 3284/1815/1075
f 3291/1810/1076 3293/1817/1076 3282/1812/1076
f 3277/1811/1077 3292/1810/1077 3289/1808/1077
f 3290/1808/1078 3291/1810/1078 3279/1811/1078
f 3314/1820/1079 3304/1822/1079 3300/1826/1079
f 3301/1823/1030 3306/1824/1030 3303/1823/1030
f 3302/1822/1080 3313/1820/1080 3298/1826/1080
f 3303/1823/1031 3297/1825/1031 3301/1823/1031
f 3304/1822/1032 3298/1826/1032 3300/1826/1032
f 3308/1827/1033 3309/1828/1033 3312/1828/1033
f 3302/1822/1034 3305/1827/1034 3308/1827/1034
f 3315/1821/1081 3305/1827/1081 3304/1822/1081
f 3316/1821/1082 3307/1824/1082 3301/1823/1082
f 3309/1828/191 3320/1830/191 3312/1828/191
f 3317/1829/1083 3309/1828/1083 3305/1827/1083
f 3318/1829/1084 3311/1831/1084 3307/1824/1084
f 3306/1824/1037 3311/1831/1037 3310/1831/1037
f 3318/1829/1085 3312/1828/1085 3320/1830/1085
f 3317/1829/1086 3310/1831/1086 3319/1830/1086
f 3319/1830/191 3311/1831/191 3320/1830/191
f 3316/1821/1075 3308/1827/1075 3318/1829/1075
f 3315/1821/1076 3306/1824/1076 3317/1829/1076
f 3301/1823/1077 3313/1820/1077 3316/1821/1077
f 3314/1820/1078 3303/1823/1078 3315/1821/1078
f 3324/1832/191 3355/1834/191 3356/1862/191
f 3352/1840/190 3338/1843/190 3337/1848/190
f 3338/1843/190 3352/1840/190 3339/1833/190
f 3339/1833/190 3351/1836/190 3340/1832/190
f 3352/1840/190 3351/1836/190 3339/1833/190
f 3340/1832/190 3349/1854/190 3341/1860/190
f 3341/1860/190 3348/1837/190 3342/1858/190
f 3342/1858/190 3348/1837/190 3343/1856/190
f 3343/1856/190 3347/1845/190 3344/1852/190
f 3348/1837/190 3347/1845/190 3343/1856/190
f 3344/1852/190 3346/1849/190 3345/1853/190
f 3346/1849/190 3344/1852/190 3347/1845/190
f 3348/1837/190 3341/1860/190 3349/1854/190
f 3349/1854/190 3340/1832/190 3350/1835/190
f 3348/1837/191 3379/1839/191 3347/1845/191
f 3336/1840/190 3353/1842/190 3321/1848/190
f 3323/1833/191 3354/1844/191 3355/1834/191
f 3347/1845/191 3378/1846/191 3346/1849/191
f 3335/1836/190 3368/1841/190 3336/1840/190
f 3322/1843/191 3353/1842/191 3354/1844/191
f 3346/1849/191 3377/1850/191 3345/1853/191
f 3334/1835/190 3367/1847/190 3335/1836/190
f 3344/1852/190 3377/1850/190 3376/1857/190
f 3333/1854/190 3366/1851/190 3334/1835/190
f 3343/1856/190 3376/1857/190 3375/1859/190
f 3333/1854/191 3364/1838/191 3365/1855/191
f 3342/1858/190 3375/1859/190 3374/1861/190
f 3332/1837/191 3363/1839/191 3364/1838/191
f 3341/1860/190 3374/1861/190 3373/1863/190
f 3355/1834/973 3370/1844/973 3371/1834/973
f 3362/1846/974 3379/1839/974 3363/1839/974
f 3356/1862/975 3371/1834/975 3372/1862/975
f 3364/1838/976 3379/1839/976 3380/1838/976
f 3357/1863/977 3372/1862/977 3373/1863/977
f 3365/1855/978 3380/1838/978 3381/1855/978
f 3358/1861/979 3373/1863/979 3374/1861/979
f 3366/1851/980 3381/1855/980 3382/1851/980
f 3359/1859/981 3374/1861/981 3375/1859/981
f 3366/1851/982 3383/1847/982 3367/1847/982
f 3360/1857/983 3375/1859/983 3376/1857/983
f 3367/1847/984 3384/1841/984 3368/1841/984
f 3361/1850/985 3376/1857/985 3377/1850/985
f 3354/1844/986 3369/1842/986 3370/1844/986
f 3353/1842/987 3384/1841/987 3369/1842/987
f 3361/1850/988 3378/1846/988 3362/1846/988
f 3349/1854/191 3380/1838/191 3348/1837/191
f 3325/1860/191 3356/1862/191 3357/1863/191
f 3349/1854/190 3382/1851/190 3381/1855/190
f 3325/1860/190 3358/1861/190 3326/1858/190
f 3350/1835/190 3383/1847/190 3382/1851/190
f 3326/1858/190 3359/1859/190 3327/1856/190
f 3338/1843/191 3369/1842/191 3337/1848/191
f 3351/1836/190 3384/1841/190 3383/1847/190
f 3327/1856/190 3360/1857/190 3328/1852/190
f 3339/1833/191 3370/1844/191 3338/1843/191
f 3352/1840/190 3369/1842/190 3384/1841/190
f 3328/1852/190 3361/1850/190 3329/1853/190
f 3340/1832/191 3371/1834/191 3339/1833/191
f 3330/1849/191 3361/1850/191 3362/1846/191
f 3341/1860/191 3372/1862/191 3340/1832/191
f 3331/1845/191 3362/1846/191 3363/1839/191
f 2171/1426/1087 2161/1452/1088 2172/1452/1089
f 2147/1445/173 2183/1430/173 2148/1445/173
f 2178/1461/1090 2214/1454/1091 2163/1454/1092
f 2192/1468/1093 2223/1462/1094 2179/1462/1095
f 2198/1463/1096 2191/1467/1097 2196/1467/1098
f 2165/1456/1099 2169/1446/1100 2149/1446/1101
f 2187/1460/1102 2176/1425/1102 2175/1460/1102
f 2217/1442/1103 2200/1471/1104 2215/1471/1105
f 3388/1880/1106 3387/1881/1106 3385/1882/1106
f 3388/1880/1106 3385/1882/1106 3386/1883/1106
f 3391/1884/1107 3389/1885/1107 3392/1886/1107
f 3391/1884/1107 3390/1887/1107 3389/1885/1107
f 3387/1881/1108 3391/1884/1108 3392/1886/1108
f 3385/1882/1109 3497/1885/1109 3495/1882/1109
f 3385/1882/1110 3392/1886/1110 3389/1885/1110
f 3386/1883/1111 3391/1884/1111 3388/1880/1111
f 3396/1888/1112 3393/1889/1112 3395/1890/1112
f 3396/1888/1112 3394/1891/1112 3393/1889/1112
f 3399/1892/1113 3400/1893/1113 3397/1894/1113
f 3399/1892/1113 3397/1894/1113 3398/1895/1113
f 3395/1890/1114 3400/1893/1114 3399/1892/1114
f 3393/1889/1115 3500/1891/1115 3499/1889/1115
f 3393/1889/1116 3397/1894/1116 3400/1893/1116
f 3394/1891/1117 3396/1888/1117 3399/1892/1117
f 1693/1083/1118 2512/1896/1119 1688/1078/1118
f 2298/1552/1120 2512/1896/1121 1693/1083/1122
f 3401/1897/1123 2303/1559/1124 3404/1572/1125
f 3434/1898/1126 3428/1899/1126 3410/1900/1126
f 3431/1901/1127 3411/1902/1127 3435/1903/1127
f 3412/1904/210 3407/1905/210 3413/1906/210
f 3426/1907/210 3414/1908/210 3429/1909/210
f 3442/1910/1128 3417/1911/1128 3418/1912/1128
f 3435/1903/1129 3412/1904/1129 3436/1913/1129
f 3444/1914/1130 3425/1915/1130 3420/1916/1130
f 3439/1917/1131 3414/1908/1131 3438/1918/1131
f 3453/1919/1132 3418/1912/1132 3429/1909/1132
f 3449/1920/1133 3426/1907/1133 3425/1915/1133
f 3452/1921/1134 3427/1922/1134 3428/1899/1134
f 3438/1918/1135 3416/1923/1135 3440/1924/1135
f 3433/1925/1136 3410/1900/1136 3409/1926/1136
f 3432/1927/1137 3407/1905/1137 3431/1901/1137
f 3451/1928/1138 3419/1929/1138 3427/1922/1138
f 3453/1919/1139 3430/1930/1139 3454/1931/1139
f 3443/1932/1140 3412/1904/1140 3419/1929/1140
f 3446/1933/1141 3408/1934/1141 3432/1927/1141
f 3437/1935/1142 3409/1926/1142 3413/1906/1142
f 3441/1936/1143 3421/1937/1143 3417/1911/1143
f 3437/1935/1144 3424/1938/1144 3448/1939/1144
f 3454/1931/1145 3423/1940/1145 3447/1941/1145
f 3445/1942/1146 3420/1916/1146 3421/1937/1146
f 3448/1939/1147 3422/1943/1147 3446/1933/1147
f 3447/1941/1148 3415/1944/1148 3439/1917/1148
f 3440/1924/1149 3426/1907/1149 3450/1945/1149
f 1932/1946/199 3431/1901/199 1931/1947/199
f 1941/1948/199 3434/1898/199 3433/1925/199
f 1928/1949/199 3431/1901/199 3435/1903/199
f 1926/1950/199 3435/1903/199 3436/1913/199
f 1941/1948/199 3437/1935/199 1939/1951/199
f 1919/1568/199 3439/1917/199 3438/1918/199
f 1921/1567/199 3438/1918/199 3440/1924/199
f 1935/1952/199 3441/1936/199 3442/1910/199
f 1926/1950/199 3443/1932/199 1924/1953/199
f 1930/1954/199 3444/1914/199 3445/1942/199
f 1932/1946/199 3446/1933/199 3432/1927/199
f 1940/1955/199 3439/1917/199 1920/1956/199
f 1936/1957/199 3437/1935/199 3448/1939/199
f 1927/1570/199 3444/1914/199 1929/1569/199
f 1921/1567/199 3450/1945/199 1925/1958/199
f 1927/1570/199 3450/1945/199 3449/1920/199
f 1930/1954/199 3441/1936/199 1933/1959/199
f 1936/1957/199 3446/1933/199 1934/1960/199
f 1922/1961/199 3452/1921/199 1923/1962/199
f 1922/1961/199 3443/1932/199 3451/1928/199
f 1938/1963/199 3442/1910/199 3453/1919/199
f 1938/1963/199 3454/1931/199 1937/1964/199
f 1940/1955/199 3454/1931/199 3447/1941/199
f 1942/1965/199 3452/1921/199 3434/1898/199
f 3477/1963/199 3471/1955/199 3474/1958/199
f 3461/1951/199 3470/1960/199 3460/1950/199
f 1937/1964/1150 3477/1963/1150 1938/1963/1150
f 1925/1958/1151 3464/1567/1151 1921/1567/1151
f 1935/1952/1152 3465/1959/1152 1933/1959/1152
f 1940/1955/1153 3478/1964/1153 1937/1964/1153
f 1931/1947/1154 3456/1946/1154 1932/1946/1154
f 1927/1570/1155 3474/1958/1155 1925/1958/1155
f 1924/1953/1150 3460/1950/1150 1926/1950/1150
f 1923/1962/1156 3458/1965/1156 3476/1962/1156
f 1941/1948/882 3458/1965/882 1942/1965/882
f 1933/1959/1154 3469/1954/1154 1930/1954/1154
f 1930/1954/1157 3468/1569/1157 1929/1569/1157
f 1928/1949/1152 3455/1947/1152 1931/1947/1152
f 1934/1960/883 3472/1957/883 1936/1957/883
f 1932/1946/1157 3470/1960/1157 1934/1960/1157
f 1926/1950/1158 3459/1949/1158 1928/1949/1158
f 1922/1961/1159 3476/1962/1159 3475/1961/1159
f 1920/1956/1159 3471/1955/1159 1940/1955/1159
f 1939/1951/1151 3457/1948/1151 1941/1948/1151
f 1924/1953/1153 3475/1961/1153 3467/1953/1153
f 1936/1957/1155 3461/1951/1155 1939/1951/1155
f 1919/1568/1156 3463/1956/1156 1920/1956/1156
f 1938/1963/1158 3466/1952/1158 1935/1952/1158
f 1921/1567/882 3464/1567/882 3462/1568/882
f 1929/1569/883 3468/1569/883 3473/1570/883
f 1804/1193/1160 3406/1574/1160 3404/1572/1160
f 1804/1193/1161 1862/1251/1161 3405/1573/1161
f 2171/1426/1162 2128/1426/168 2161/1452/1163
f 2147/1445/173 2132/1430/1164 2183/1430/173
f 2178/1461/1090 2177/1461/1090 2214/1454/1165
f 2192/1468/1166 2221/1468/1167 2223/1462/1168
f 2198/1463/1169 2182/1463/1170 2191/1467/1171
f 2165/1456/1172 2167/1456/669 2169/1446/1173
f 2187/1460/1102 2127/1425/1102 2176/1425/1102
f 2217/1442/1174 2144/1442/1175 2200/1471/1176
f 3387/1881/1108 3388/1880/1108 3391/1884/1108
f 3389/1885/1177 3498/1887/1177 3497/1885/1177
f 3385/1882/1178 3387/1881/1178 3392/1886/1178
f 3386/1883/1179 3390/1887/1179 3391/1884/1179
f 3395/1890/1114 3399/1892/1114 3396/1888/1114
f 3394/1891/1180 3502/1895/1180 3500/1891/1180
f 3393/1889/1181 3400/1893/1181 3395/1890/1181
f 3394/1891/1182 3399/1892/1182 3398/1895/1182
f 3434/1898/1126 3452/1921/1126 3428/1899/1126
f 3431/1901/1127 3407/1905/1127 3411/1902/1127
f 3407/1905/210 3408/1934/210 3413/1906/210
f 3408/1934/210 3422/1943/210 3413/1906/210
f 3422/1943/210 3424/1938/210 3413/1906/210
f 3413/1906/210 3409/1926/210 3410/1900/210
f 3410/1900/210 3428/1899/210 3413/1906/210
f 3428/1899/210 3427/1922/210 3413/1906/210
f 3427/1922/210 3419/1929/210 3412/1904/210
f 3412/1904/210 3411/1902/210 3407/1905/210
f 3427/1922/210 3412/1904/210 3413/1906/210
f 3414/1908/210 3415/1944/210 3429/1909/210
f 3415/1944/210 3423/1940/210 3429/1909/210
f 3423/1940/210 3430/1930/210 3429/1909/210
f 3429/1909/210 3418/1912/210 3420/1916/210
f 3418/1912/210 3417/1911/210 3420/1916/210
f 3417/1911/210 3421/1937/210 3420/1916/210
f 3420/1916/210 3425/1915/210 3426/1907/210
f 3426/1907/210 3416/1923/210 3414/1908/210
f 3420/1916/210 3426/1907/210 3429/1909/210
f 3442/1910/1128 3441/1936/1128 3417/1911/1128
f 3435/1903/1129 3411/1902/1129 3412/1904/1129
f 3444/1914/1130 3449/1920/1130 3425/1915/1130
f 3439/1917/1131 3415/1944/1131 3414/1908/1131
f 3453/1919/1132 3442/1910/1132 3418/1912/1132
f 3449/1920/1133 3450/1945/1133 3426/1907/1133
f 3452/1921/1134 3451/1928/1134 3427/1922/1134
f 3438/1918/1135 3414/1908/1135 3416/1923/1135
f 3433/1925/1136 3434/1898/1136 3410/1900/1136
f 3432/1927/1137 3408/1934/1137 3407/1905/1137
f 3451/1928/1138 3443/1932/1138 3419/1929/1138
f 3453/1919/1139 3429/1909/1139 3430/1930/1139
f 3443/1932/1140 3436/1913/1140 3412/1904/1140
f 3446/1933/1141 3422/1943/1141 3408/1934/1141
f 3437/1935/1142 3433/1925/1142 3409/1926/1142
f 3441/1936/1143 3445/1942/1143 3421/1937/1143
f 3437/1935/1144 3413/1906/1144 3424/1938/1144
f 3454/1931/1145 3430/1930/1145 3423/1940/1145
f 3445/1942/1146 3444/1914/1146 3420/1916/1146
f 3448/1939/1147 3424/1938/1147 3422/1943/1147
f 3447/1941/1148 3423/1940/1148 3415/1944/1148
f 3440/1924/1149 3416/1923/1149 3426/1907/1149
f 1932/1946/199 3432/1927/199 3431/1901/199
f 1941/1948/199 1942/1965/199 3434/1898/199
f 1928/1949/199 1931/1947/199 3431/1901/199
f 1926/1950/199 1928/1949/199 3435/1903/199
f 1941/1948/199 3433/1925/199 3437/1935/199
f 1919/1568/199 1920/1956/199 3439/1917/199
f 1921/1567/199 1919/1568/199 3438/1918/199
f 1935/1952/199 1933/1959/199 3441/1936/199
f 1926/1950/199 3436/1913/199 3443/1932/199
f 1930/1954/199 1929/1569/199 3444/1914/199
f 1932/1946/199 1934/1960/199 3446/1933/199
f 1940/1955/199 3447/1941/199 3439/1917/199
f 1936/1957/199 1939/1951/199 3437/1935/199
f 1927/1570/199 3449/1920/199 3444/1914/199
f 1921/1567/199 3440/1924/199 3450/1945/199
f 1927/1570/199 1925/1958/199 3450/1945/199
f 1930/1954/199 3445/1942/199 3441/1936/199
f 1936/1957/199 3448/1939/199 3446/1933/199
f 1922/1961/199 3451/1928/199 3452/1921/199
f 1922/1961/199 1924/1953/199 3443/1932/199
f 1938/1963/199 1935/1952/199 3442/1910/199
f 1938/1963/199 3453/1919/199 3454/1931/199
f 1940/1955/199 1937/1964/199 3454/1931/199
f 1942/1965/199 1923/1962/199 3452/1921/199
f 3471/1955/199 3463/1956/199 3474/1958/199
f 3463/1956/199 3462/1568/199 3474/1958/199
f 3462/1568/199 3464/1567/199 3474/1958/199
f 3474/1958/199 3473/1570/199 3468/1569/199
f 3468/1569/199 3469/1954/199 3474/1958/199
f 3469/1954/199 3465/1959/199 3474/1958/199
f 3465/1959/199 3466/1952/199 3477/1963/199
f 3477/1963/199 3478/1964/199 3471/1955/199
f 3465/1959/199 3477/1963/199 3474/1958/199
f 3470/1960/199 3456/1946/199 3455/1947/199
f 3455/1947/199 3459/1949/199 3460/1950/199
f 3460/1950/199 3467/1953/199 3475/1961/199
f 3475/1961/199 3476/1962/199 3460/1950/199
f 3476/1962/199 3458/1965/199 3460/1950/199
f 3458/1965/199 3457/1948/199 3461/1951/199
f 3461/1951/199 3472/1957/199 3470/1960/199
f 3470/1960/199 3455/1947/199 3460/1950/199
f 3458/1965/199 3461/1951/199 3460/1950/199
f 1937/1964/1150 3478/1964/1150 3477/1963/1150
f 1925/1958/1151 3474/1958/1151 3464/1567/1151
f 1935/1952/1152 3466/1952/1152 3465/1959/1152
f 1940/1955/1153 3471/1955/1153 3478/1964/1153
f 1931/1947/1154 3455/1947/1154 3456/1946/1154
f 1927/1570/1155 3473/1570/1155 3474/1958/1155
f 1924/1953/1150 3467/1953/1150 3460/1950/1150
f 1923/1962/1156 1942/1965/1156 3458/1965/1156
f 1941/1948/882 3457/1948/882 3458/1965/882
f 1933/1959/1154 3465/1959/1154 3469/1954/1154
f 1930/1954/1157 3469/1954/1157 3468/1569/1157
f 1928/1949/1152 3459/1949/1152 3455/1947/1152
f 1934/1960/883 3470/1960/883 3472/1957/883
f 1932/1946/1157 3456/1946/1157 3470/1960/1157
f 1926/1950/1158 3460/1950/1158 3459/1949/1158
f 1922/1961/1159 1923/1962/1159 3476/1962/1159
f 1920/1956/1159 3463/1956/1159 3471/1955/1159
f 1939/1951/1151 3461/1951/1151 3457/1948/1151
f 1924/1953/1153 1922/1961/1153 3475/1961/1153
f 1936/1957/1155 3472/1957/1155 3461/1951/1155
f 1919/1568/1156 3462/1568/1156 3463/1956/1156
f 1938/1963/1158 3477/1963/1158 3466/1952/1158
f 3479/1966/1183 3130/1725/1183 3480/1967/1183
f 3479/1966/1183 3481/1720/1183 3132/1874/1183
f 3136/1872/1183 3482/1714/1183 3481/1720/1183
f 3480/1967/1183 3482/1714/1183 3134/1873/1183
f 3484/1719/1184 3148/1879/1184 3483/1718/1184
f 3483/1718/1184 3485/1738/1184 3152/1877/1184
f 3152/1877/1184 3486/1731/1184 3150/1734/1184
f 3484/1719/1184 3486/1731/1184 3146/1741/1184
f 3491/1872/1183 3487/1967/1183 3493/1873/1183
f 3492/1877/1184 3494/1734/1184 3489/1719/1184
f 3491/1872/1183 3488/1966/1183 3487/1967/1183
f 3492/1877/1184 3489/1719/1184 3490/1718/1184
f 3483/1718/210 3492/1877/210 3490/1718/210
f 3480/1967/1185 3488/1966/1185 3479/1966/1185
f 3480/1967/199 3493/1873/199 3487/1967/199
f 3479/1966/210 3491/1872/210 3136/1872/210
f 3495/1882/1186 3508/1883/1186 3496/1883/1186
f 3495/1882/1187 3509/1885/1187 3507/1882/1187
f 3386/1883/1188 3498/1887/1188 3390/1887/1188
f 3385/1882/1189 3496/1883/1189 3386/1883/1189
f 3501/1894/1190 3506/1895/1190 3502/1895/1190
f 3500/1891/1191 3506/1895/1191 3504/1891/1191
f 3397/1894/1192 3502/1895/1192 3398/1895/1192
f 3393/1889/1193 3501/1894/1193 3397/1894/1193
f 3504/1891/1194 3506/1895/1194 3505/1894/1194
f 3504/1891/1194 3505/1894/1194 3503/1889/1194
f 3499/1889/1195 3505/1894/1195 3501/1894/1195
f 3499/1889/1196 3504/1891/1196 3503/1889/1196
f 3508/1883/1197 3509/1885/1197 3510/1887/1197
f 3508/1883/1197 3507/1882/1197 3509/1885/1197
f 3496/1883/1198 3510/1887/1198 3498/1887/1198
f 3497/1885/1199 3510/1887/1199 3509/1885/1199
f 3525/1968/1200 3559/1969/1200 3528/1970/1200
f 3523/1971/210 3513/1972/210 3524/1973/210
f 3514/1974/1201 3527/1975/1201 3521/1976/1201
f 3511/1977/199 3535/1978/199 3512/1978/199
f 3556/1979/1202 3553/1980/1202 3520/1981/1202
f 3520/1981/1203 3554/1982/1203 3526/1983/1203
f 3521/1976/1204 3555/1984/1204 3556/1979/1204
f 3513/1972/1205 3526/1983/1205 3524/1973/1205
f 3511/1977/1206 3523/1971/1206 3524/1973/1206
f 3516/1985/1207 3526/1983/1207 3554/1982/1207
f 3517/1986/1208 3527/1975/1208 3518/1987/1208
f 3511/1977/1209 3526/1983/1209 3515/1988/1209
f 3516/1985/1206 3555/1984/1206 3517/1986/1206
f 3512/1978/1210 3527/1975/1210 3523/1971/1210
f 3534/1989/1211 3532/1990/1211 3530/1991/1211
f 3512/1978/199 3539/1987/199 3518/1987/199
f 3515/1988/199 3536/1977/199 3511/1977/199
f 3516/1985/199 3538/1988/199 3515/1988/199
f 3517/1986/199 3537/1985/199 3516/1985/199
f 3518/1987/199 3540/1986/199 3517/1986/199
f 3535/1978/1212 3534/1989/1212 3539/1987/1212
f 3536/1977/1213 3533/1992/1213 3530/1991/1213
f 3538/1988/1214 3529/1993/1214 3533/1992/1214
f 3537/1985/1215 3531/1994/1215 3529/1993/1215
f 3539/1987/1216 3531/1994/1216 3540/1986/1216
f 3536/1977/1217 3532/1990/1217 3535/1978/1217
f 3541/1300/1218 3542/1255/1218 1866/1157/1218
f 1769/1565/1219 1767/1995/1219 3543/1996/1219
f 1769/1565/1220 3545/1308/1220 3544/1566/1220
f 1768/1158/1221 3542/1255/1221 3545/1308/1221
f 1658/1301/1222 1767/1995/1222 3546/1048/1222
f 1658/1301/1223 1660/1050/1223 3541/1300/1223
f 3548/1996/1224 3549/1158/1224 3551/1565/1224
f 3548/1996/1225 3547/1300/1225 3550/1157/1225
f 3548/1996/1226 3550/1157/1226 3549/1158/1226
f 3548/1996/1227 3552/1301/1227 3547/1300/1227
f 3543/1996/1228 3551/1565/1228 1769/1565/1228
f 3543/1996/1229 3552/1301/1229 3548/1996/1229
f 3525/1968/199 3553/1980/199 3519/1997/199
f 3528/1970/199 3556/1979/199 3555/1984/199
f 3525/1968/199 3555/1984/199 3554/1982/199
f 3519/1997/210 3556/1979/210 3522/1998/210
f 3560/1999/199 3558/2000/199 3557/2001/199
f 3519/1997/1230 3558/2000/1230 3525/1968/1230
f 3522/1998/190 3557/2001/190 3519/1997/190
f 3522/1998/1231 3559/1969/1231 3560/1999/1231
f 1866/1157/1232 1768/1158/1232 3549/1158/1232
f 3541/1300/1233 3547/1300/1233 3552/1301/1233
f 1866/1157/1234 3550/1157/1234 3547/1300/1234
f 1768/1158/1235 1769/1565/1235 3551/1565/1235
f 3483/1718/1004 3490/1718/1004 3489/1719/1004
f 3484/1719/199 3489/1719/199 3494/1734/199
f 3136/1872/1059 3491/1872/1059 3493/1873/1059
f 3150/1734/1064 3494/1734/1064 3492/1877/1064
f 3385/1882/1109 3389/1885/1109 3497/1885/1109
f 3393/1889/1115 3394/1891/1115 3500/1891/1115
f 3389/1885/1177 3390/1887/1177 3498/1887/1177
f 3394/1891/1180 3398/1895/1180 3502/1895/1180
f 3479/1966/1183 3132/1874/1183 3130/1725/1183
f 3479/1966/1183 3136/1872/1183 3481/1720/1183
f 3136/1872/1183 3134/1873/1183 3482/1714/1183
f 3480/1967/1183 3130/1725/1183 3482/1714/1183
f 3484/1719/1184 3146/1741/1184 3148/1879/1184
f 3483/1718/1184 3148/1879/1184 3485/1738/1184
f 3152/1877/1184 3485/1738/1184 3486/1731/1184
f 3484/1719/1184 3150/1734/1184 3486/1731/1184
f 3483/1718/210 3152/1877/210 3492/1877/210
f 3480/1967/1185 3487/1967/1185 3488/1966/1185
f 3480/1967/199 3134/1873/199 3493/1873/199
f 3479/1966/210 3488/1966/210 3491/1872/210
f 3495/1882/1236 3507/1882/1236 3508/1883/1236
f 3495/1882/1187 3497/1885/1187 3509/1885/1187
f 3386/1883/1188 3496/1883/1188 3498/1887/1188
f 3385/1882/1189 3495/1882/1189 3496/1883/1189
f 3501/1894/1190 3505/1894/1190 3506/1895/1190
f 3500/1891/1191 3502/1895/1191 3506/1895/1191
f 3397/1894/1192 3501/1894/1192 3502/1895/1192
f 3393/1889/1193 3499/1889/1193 3501/1894/1193
f 3499/1889/1195 3503/1889/1195 3505/1894/1195
f 3499/1889/1237 3500/1891/1237 3504/1891/1237
f 3496/1883/1198 3508/1883/1198 3510/1887/1198
f 3497/1885/1199 3498/1887/1199 3510/1887/1199
f 3525/1968/1200 3558/2000/1200 3559/1969/1200
f 3523/1971/210 3514/1974/210 3513/1972/210
f 3514/1974/1201 3523/1971/1201 3527/1975/1201
f 3511/1977/199 3536/1977/199 3535/1978/199
f 3520/1981/1238 3513/1972/1238 3514/1974/1238
f 3514/1974/1238 3521/1976/1238 3520/1981/1238
f 3521/1976/1202 3556/1979/1202 3520/1981/1202
f 3520/1981/1203 3553/1980/1203 3554/1982/1203
f 3521/1976/1204 3527/1975/1204 3555/1984/1204
f 3513/1972/1205 3520/1981/1205 3526/1983/1205
f 3511/1977/1206 3512/1978/1206 3523/1971/1206
f 3516/1985/1239 3515/1988/1239 3526/1983/1239
f 3517/1986/1240 3555/1984/1240 3527/1975/1240
f 3511/1977/1241 3524/1973/1241 3526/1983/1241
f 3516/1985/1206 3554/1982/1206 3555/1984/1206
f 3512/1978/1242 3518/1987/1242 3527/1975/1242
f 3530/1991/1211 3533/1992/1211 3534/1989/1211
f 3533/1992/1243 3529/1993/1243 3534/1989/1243
f 3529/1993/1243 3531/1994/1243 3534/1989/1243
f 3512/1978/199 3535/1978/199 3539/1987/199
f 3515/1988/199 3538/1988/199 3536/1977/199
f 3516/1985/199 3537/1985/199 3538/1988/199
f 3517/1986/199 3540/1986/199 3537/1985/199
f 3518/1987/199 3539/1987/199 3540/1986/199
f 3535/1978/1212 3532/1990/1212 3534/1989/1212
f 3536/1977/1213 3538/1988/1213 3533/1992/1213
f 3538/1988/1214 3537/1985/1214 3529/1993/1214
f 3537/1985/1215 3540/1986/1215 3531/1994/1215
f 3539/1987/1216 3534/1989/1216 3531/1994/1216
f 3536/1977/1217 3530/1991/1217 3532/1990/1217
f 3541/1300/1244 1660/1050/1244 3542/1255/1244
f 1769/1565/1245 3544/1566/1245 1767/1995/1245
f 1769/1565/1246 1768/1158/1246 3545/1308/1246
f 1768/1158/1247 1866/1157/1247 3542/1255/1247
f 1658/1301/1248 3543/1996/1248 1767/1995/1248
f 1658/1301/1249 3546/1048/1249 1660/1050/1249
f 3543/1996/1250 3548/1996/1250 3551/1565/1250
f 3543/1996/1251 1658/1301/1251 3552/1301/1251
f 3525/1968/199 3554/1982/199 3553/1980/199
f 3528/1970/199 3522/1998/199 3556/1979/199
f 3525/1968/199 3528/1970/199 3555/1984/199
f 3519/1997/210 3553/1980/210 3556/1979/210
f 3560/1999/199 3559/1969/199 3558/2000/199
f 3519/1997/1252 3557/2001/1252 3558/2000/1252
f 3522/1998/190 3560/1999/190 3557/2001/190
f 3522/1998/1253 3528/1970/1253 3559/1969/1253
s 1
f 2316/2002/1254 3546/1048/1255 1767/1995/1256
f 2317/2003/1257 1889/1278/1258 1890/1279/1259
f 2318/2004/1260 1648/1038/1261 2319/2005/1262
f 2318/2004/1260 2320/2006/1263 2321/2007/1264
f 2321/2007/1264 2322/2008/1265 2323/2009/1266
f 2323/2009/1266 2324/2010/1267 2325/2011/168
f 2326/2012/1268 2327/2013/210 2328/2014/1269
f 2329/2015/1270 2324/2016/1267 2330/2017/1271
f 2326/2012/1268 2022/2018/1272 1653/2019/1273
f 2329/2015/1270 2331/2020/1274 2316/2002/1254
f 2022/2018/1272 2332/2021/1275 1655/2022/1276
f 2330/2017/1271 2333/2023/1277 2331/2020/1274
f 2331/2020/1274 1917/1309/1278 3546/1048/1255
f 1648/1038/1261 2334/2024/1279 2319/2005/1262
f 2319/2005/1262 2335/2025/1280 2320/2006/1263
f 2320/2006/1263 2336/2026/1281 2322/2008/1265
f 2322/2008/1265 2337/2027/1282 2324/2010/1267
f 2328/2014/1269 2327/2013/210 2332/2021/1275
f 2330/2017/1271 2337/2028/1282 2338/2029/1283
f 2334/2024/1279 2339/2030/1284 2335/2025/1280
f 2335/2025/1280 2340/2031/1285 2336/2026/1281
f 2337/2027/1282 2340/2031/1285 2341/2032/1090
f 2332/2021/1275 2327/2013/210 2342/2033/1286
f 2337/2028/1282 2343/2034/1287 2338/2029/1283
f 2332/2021/1275 1665/2035/1288 1655/2022/1276
f 2338/2029/1283 2344/2036/1289 2333/2023/1277
f 2333/2023/1277 1913/1304/1290 1917/1309/1278
f 2345/2037/1291 1893/1282/1292 1894/1283/1293
f 1657/1047/1294 2346/2038/1295 2334/2024/1279
f 2343/2034/1287 2347/2039/1296 2344/2036/1289
f 1913/1304/1290 2347/2039/1296 1825/1214/1297
f 2348/2040/1298 1882/1271/1299 2349/2041/1300
f 1667/1057/1301 2350/2042/1302 2346/2038/1295
f 2346/2038/1295 2351/2043/1303 2339/2030/1284
f 2340/2031/1285 2351/2043/1303 2352/2044/1304
f 2341/2032/1090 2352/2044/1304 2353/2045/1152
f 2342/2033/1286 2327/2013/210 2354/2046/1305
f 2341/2047/1090 2355/2048/1306 2343/2034/1287
f 2342/2033/1286 1668/2049/1307 1665/2035/1288
f 2352/2044/1304 2356/2050/1308 2357/2051/1309
f 2352/2044/1304 2358/2052/1310 2353/2045/1152
f 2354/2046/1305 2327/2013/210 2359/2053/1311
f 2353/2054/1152 2360/2055/1312 2355/2048/1306
f 2354/2046/1305 2016/2056/1313 1668/2049/1307
f 2355/2048/1306 2361/2057/1314 2347/2039/1296
f 1825/1214/1297 2361/2057/1314 1823/1212/1315
f 2350/2042/1302 1676/1066/1316 2362/2058/1317
f 2350/2042/1302 2356/2050/1308 2351/2043/1303
f 1823/1212/1315 2363/2059/1318 1760/1150/1319
f 1676/1066/1316 2364/2060/1320 2362/2058/1317
f 2362/2058/1317 2365/2061/1321 2356/2050/1308
f 2357/2051/1309 2365/2061/1321 2366/2062/1322
f 2357/2051/1309 2367/2063/1323 2358/2052/1310
f 2359/2053/1311 2327/2013/210 2368/2064/1324
f 2358/2065/1310 2369/2066/1325 2360/2055/1312
f 2359/2053/1311 1687/2067/1326 2016/2056/1313
f 2360/2055/1312 2363/2059/1318 2361/2057/1314
f 2366/2062/1322 2370/2068/1327 2367/2063/1323
f 2368/2064/1324 2327/2013/210 2371/2069/1328
f 2367/2070/1323 2372/2071/1329 2369/2066/1325
f 2368/2064/1324 1695/2072/1330 1687/2067/1326
f 2369/2066/1325 2373/2073/1331 2363/2059/1318
f 1760/1150/1319 2373/2073/1331 1758/1148/1332
f 2374/2074/1333 1877/1266/1334 1878/1267/1335
f 1681/1071/1336 2375/2075/1337 2364/2060/1320
f 2364/2060/1320 2376/2076/1338 2365/2061/1321
f 2366/2062/1322 2376/2076/1338 2377/2077/1339
f 2378/2078/1340 1903/1292/1341 2379/2079/1342
f 1691/1081/1343 2380/2080/1344 2375/2075/1337
f 2375/2075/1337 2381/2081/1345 2376/2076/1338
f 2377/2077/1339 2381/2081/1345 2382/2082/1346
f 2370/2068/1327 2382/2082/1346 2383/2083/191
f 2371/2069/1328 2327/2013/210 2384/2084/1347
f 2370/2085/1327 2385/2086/1348 2372/2071/1329
f 2371/2069/1328 1698/2087/1349 1695/2072/1330
f 2372/2071/1329 2386/2088/1350 2373/2073/1331
f 1758/1148/1332 2386/2088/1350 1703/1093/1351
f 2382/2082/1346 2387/2089/1352 2383/2083/191
f 2384/2084/1347 2327/2013/210 2388/2090/1353
f 2383/2091/191 2389/2092/1354 2385/2086/1348
f 1698/2087/1349 2388/2090/1353 1706/2093/1355
f 2385/2086/1348 2390/2094/1356 2386/2088/1350
f 1703/1093/1351 2390/2094/1356 1701/1091/1357
f 2380/2080/1344 1700/1090/1358 2391/2095/1359
f 2380/2080/1344 2392/2096/1360 2381/2081/1345
f 2382/2082/1346 2392/2096/1360 2393/2097/1361
f 2394/2098/1362 1887/1276/1363 1888/1277/1364
f 1700/1090/1358 2395/2099/1365 2391/2095/1359
f 2391/2095/1359 2396/2100/1366 2392/2096/1360
f 2393/2097/1361 2396/2100/1366 2397/2101/1367
f 2393/2097/1361 2398/2102/1368 2387/2089/1352
f 2388/2090/1353 2327/2013/210 2399/2103/1369
f 2389/2092/1354 2398/2104/1368 2400/2105/1370
f 2388/2090/1353 1709/2106/1371 1706/2093/1355
f 2389/2092/1354 2401/2107/1372 2390/2094/1356
f 1701/1091/1357 2401/2107/1372 1910/1299/1373
f 2399/2103/1369 2327/2013/210 2402/2108/1374
f 2398/2104/1368 2403/2109/1375 2400/2105/1370
f 1709/2106/1371 2402/2108/1374 1718/2110/1376
f 2400/2105/1370 2404/2111/1377 2401/2107/1372
f 2401/2107/1372 1918/1310/1378 1910/1299/1373
f 1708/1098/1379 2405/2112/1380 2395/2099/1365
f 2395/2099/1365 2406/2113/1381 2396/2100/1366
f 2397/2101/1367 2406/2113/1381 2407/2114/1382
f 2398/2102/1368 2407/2114/1382 2408/2115/1383
f 2405/2112/1380 1720/1110/1384 2409/2116/1385
f 2405/2112/1380 2410/2117/1386 2406/2113/1381
f 2407/2114/1382 2410/2117/1386 2411/2118/1387
f 2408/2115/1383 2411/2118/1387 2412/2119/1153
f 2402/2108/1374 2327/2013/210 2413/2120/1388
f 2408/2121/1383 2414/2122/1389 2403/2109/1375
f 2402/2108/1374 1721/2123/1390 1718/2110/1376
f 2403/2109/1375 2415/2124/1391 2404/2111/1377
f 1918/1310/1378 2415/2124/1391 1915/1306/1392
f 2416/2125/1393 1890/1279/1259 1891/1280/1394
f 2412/2126/1153 2417/2127/1395 2414/2122/1389
f 2413/2120/1388 1730/2128/1396 1721/2123/1390
f 2414/2122/1389 2418/2129/1397 2415/2124/1391
f 2415/2124/1391 1810/1199/1398 1915/1306/1392
f 2409/2116/1385 1723/1113/1399 2419/2130/1400
f 2409/2116/1385 2420/2131/1401 2410/2117/1386
f 2411/2118/1387 2420/2131/1401 2421/2132/1402
f 2411/2118/1387 2422/2133/668 2412/2119/1153
f 2413/2120/1388 2327/2013/210 2423/2134/1403
f 2419/2130/1400 2424/2135/1404 2420/2131/1401
f 2421/2132/1402 2424/2135/1404 2425/2136/1405
f 2421/2132/1402 2426/2137/1406 2422/2133/668
f 2423/2134/1403 2327/2013/210 2427/2138/1407
f 2422/2139/668 2428/2140/1408 2417/2127/1395
f 2423/2134/1403 2005/2141/1409 1730/2128/1396
f 2417/2127/1395 2429/2142/1410 2418/2129/1397
f 1810/1199/1398 2429/2142/1410 1808/1197/1411
f 2419/2130/1400 1732/1122/1412 2430/2143/1413
f 2428/2140/1408 2431/2144/1414 2429/2142/1410
f 1808/1197/1411 2431/2144/1414 1735/1125/1415
f 2432/2145/1416 1876/1265/1417 2433/2146/1418
f 2430/2143/1413 1738/1128/1419 2434/2147/1420
f 2430/2143/1413 2435/2148/1421 2424/2135/1404
f 2425/2136/1405 2435/2148/1421 2436/2149/1422
f 2426/2137/1406 2436/2149/1422 2437/2150/1423
f 2427/2138/1407 2327/2013/210 2438/2151/1424
f 2426/2152/1406 2439/2153/1425 2428/2140/1408
f 2005/2141/1409 2438/2151/1424 1736/2154/1426
f 2436/2149/1422 2440/2155/1427 2441/2156/1428
f 2437/2150/1423 2441/2156/1428 2442/2157/173
f 2438/2151/1424 2327/2013/210 2443/2158/1429
f 2437/2159/1423 2444/2160/1430 2439/2153/1425
f 2438/2151/1424 1743/2161/1431 1736/2154/1426
f 2439/2153/1425 2445/2162/1432 2431/2144/1414
f 1735/1125/1415 2445/2162/1432 1733/1123/1433
f 2446/2163/1434 1906/1295/1435 1868/1257/1436
f 1738/1128/1419 2447/2164/1437 2434/2147/1420
f 2434/2147/1420 2440/2155/1427 2435/2148/1421
f 1733/1123/1433 2448/2165/1438 1684/1074/1439
f 2449/2166/1440 1901/1290/1441 2450/2167/1442
f 1745/1135/1443 2451/2168/1444 2447/2164/1437
f 2447/2164/1437 2452/2169/1445 2440/2155/1427
f 2441/2156/1428 2452/2169/1445 2453/2170/1446
f 2442/2157/173 2453/2170/1446 2454/2171/1447
f 2443/2158/1429 2327/2013/210 2455/2172/1448
f 2442/2173/173 2456/2174/1449 2444/2160/1430
f 2443/2158/1429 1751/2175/1450 1743/2161/1431
f 2444/2160/1430 2448/2165/1438 2445/2162/1432
f 2453/2170/1446 2457/2176/1451 2458/2177/1452
f 2453/2170/1446 2459/2178/1453 2454/2171/1447
f 2455/2172/1448 2327/2013/210 2460/2179/1454
f 2454/2180/1447 2461/2181/1455 2456/2174/1449
f 2455/2172/1448 2023/2182/1456 1751/2175/1450
f 2456/2174/1449 2462/2183/1457 2448/2165/1438
f 1684/1074/1439 2462/2183/1457 1682/1072/1458
f 2451/2168/1444 1753/1143/1459 2463/2184/1460
f 2451/2168/1444 2457/2176/1451 2452/2169/1445
f 1682/1072/1458 2464/2185/1461 1780/1169/1462
f 1753/1143/1459 2465/2186/1463 2463/2184/1460
f 2463/2184/1460 2466/2187/1464 2457/2176/1451
f 2458/2177/1452 2466/2187/1464 2467/2188/1465
f 2459/2178/1453 2467/2188/1465 2468/2189/927
f 2460/2179/1454 2327/2013/210 2469/2190/1466
f 2459/2191/1453 2470/2192/1467 2461/2181/1455
f 2460/2179/1454 1762/2193/1468 2023/2182/1456
f 2461/2181/1455 2464/2185/1461 2462/2183/1457
f 2468/2189/927 2471/2194/1469 2472/2195/882
f 2469/2190/1466 2327/2013/210 2473/2196/1470
f 2468/2197/927 2474/2198/1471 2470/2192/1467
f 2469/2190/1466 1773/2199/1472 1762/2193/1468
f 2470/2192/1467 2475/2200/1473 2464/2185/1461
f 1780/1169/1462 2475/2200/1473 1909/1298/1474
f 2465/2186/1463 1766/1156/1475 2476/2201/1476
f 2465/2186/1463 2477/2202/1477 2466/2187/1464
f 2467/2188/1465 2477/2202/1477 2471/2194/1469
f 2374/2074/1333 1879/1268/1478 2478/2203/1479
f 2476/2201/1476 1770/1159/1480 2479/2204/1481
f 2476/2201/1476 2480/2205/1482 2477/2202/1477
f 2471/2194/1469 2480/2205/1482 2481/2206/1483
f 2471/2194/1469 2482/2207/1484 2472/2195/882
f 2473/2196/1470 2327/2013/210 2483/2208/1485
f 2472/2209/882 2484/2210/1486 2474/2198/1471
f 2473/2196/1470 1777/2211/1487 1773/2199/1472
f 2474/2198/1471 2485/2212/1488 2475/2200/1473
f 2475/2200/1473 1908/1297/1489 1909/1298/1474
f 2481/2206/1483 2486/2213/1490 2482/2207/1484
f 2483/2208/1485 2327/2013/210 2487/2214/1491
f 2484/2210/1486 2486/2215/1490 2488/2216/1492
f 2483/2208/1485 1795/2217/1493 1777/2211/1487
f 2484/2210/1486 2489/2218/1494 2485/2212/1488
f 1908/1297/1489 2489/2218/1494 1912/1303/1495
f 1770/1159/1480 2490/2219/1496 2479/2204/1481
f 2479/2204/1481 2491/2220/1497 2480/2205/1482
f 2481/2206/1483 2491/2220/1497 2492/2221/1498
f 1779/1168/1499 2493/2222/1500 2490/2219/1496
f 2490/2219/1496 2494/2223/1501 2491/2220/1497
f 2492/2221/1498 2494/2223/1501 2495/2224/1502
f 2492/2221/1498 2496/2225/1503 2486/2213/1490
f 2487/2214/1491 2327/2013/210 2497/2226/1504
f 2488/2216/1492 2496/2227/1503 2498/2228/1505
f 2487/2214/1491 2008/2229/1506 1795/2217/1493
f 2488/2216/1492 2499/2230/1507 2489/2218/1494
f 1912/1303/1495 2499/2230/1507 1833/1222/1508
f 2498/2228/1505 2500/2231/190 2501/2232/1509
f 2008/2229/1506 2502/2233/1510 1799/2234/1511
f 2498/2228/1505 2503/2235/1512 2499/2230/1507
f 2499/2230/1507 1712/1102/1513 1833/1222/1508
f 2394/2098/1362 1889/1278/1258 2504/2236/1514
f 1797/1186/1515 2505/2237/1516 2493/2222/1500
f 2493/2222/1500 2506/2238/1517 2494/2223/1501
f 2495/2224/1502 2506/2238/1517 2507/2239/1518
f 2495/2224/1502 2500/2240/190 2496/2225/1503
f 2497/2226/1504 2327/2013/210 2502/2233/1510
f 2416/2125/1393 2508/2241/1519 2509/2242/1520
f 2505/2237/1516 2510/2243/1521 2506/2238/1517
f 2394/2098/1362 2511/2244/1522 2512/1896/1523
f 2507/2239/1518 2510/2243/1521 2513/2245/1524
f 2374/2074/1333 2514/2246/1525 2515/2247/1526
f 2507/2239/1518 2516/2248/1527 2500/2240/190
f 2502/2233/1510 2327/2013/210 2517/2249/1528
f 2349/2041/1300 2518/2250/1529 2348/2040/1298
f 2501/2232/1509 2516/2251/1527 2519/2252/1530
f 2502/2233/1510 1811/2253/1531 1799/2234/1511
f 2501/2232/1509 2520/2254/1532 2503/2235/1512
f 1712/1102/1513 2520/2254/1532 1786/1175/1533
f 2505/2237/1516 1807/1196/1534 2521/2255/1535
f 1811/2253/1531 2522/2256/1536 2025/2257/1537
f 2519/2252/1530 2523/2258/1538 2520/2254/1532
f 1786/1175/1533 2523/2258/1538 1907/1296/1539
f 2524/2259/1540 1874/1263/1541 2525/2260/1542
f 1807/1196/1534 2526/2261/1543 2521/2255/1535
f 2379/2079/1342 2527/2262/1544 2378/2078/1340
f 2521/2255/1535 2528/2263/1545 2510/2243/1521
f 2529/2264/1546 2530/2265/1547 2531/2266/1548
f 2513/2245/1524 2528/2263/1545 2532/2267/1549
f 2533/2268/1550 2534/2269/1551 2535/2270/1552
f 2513/2245/1524 2536/2271/1553 2516/2248/1527
f 2517/2249/1528 2327/2013/210 2522/2256/1536
f 2537/2272/1554 2538/2273/1555 2539/2274/1556
f 2519/2252/1530 2536/2275/1553 2540/2276/1557
f 2526/2261/1543 2541/2277/1558 2528/2263/1545
f 2433/2146/1418 2542/2278/1559 2432/2145/1416
f 2532/2267/1549 2541/2277/1558 2543/2279/1560
f 2450/2167/1442 2544/2280/1561 2449/2166/1440
f 2532/2267/1549 2545/2281/1562 2536/2271/1553
f 2522/2256/1536 2327/2013/210 2546/2282/1563
f 2504/2236/1514 2547/2283/1564 2511/2244/1522
f 2536/2275/1553 2548/2284/1565 2540/2276/1557
f 2025/2257/1537 2546/2282/1563 1814/2285/1566
f 2540/2276/1557 2549/2286/1567 2523/2258/1538
f 1907/1296/1539 2549/2286/1567 1726/1116/1568
f 2550/2287/1569 1899/1288/1570 2551/2288/1571
f 2526/2261/1543 1816/1205/1572 2552/2289/1573
f 2553/2290/1574 2554/2291/1575 2555/2292/1576
f 2548/2284/1565 2556/2293/1577 2549/2286/1567
f 1726/1116/1568 2556/2293/1577 1724/1114/1578
f 2552/2289/1573 1818/1207/1579 2557/2294/1580
f 2558/2295/1581 2559/2296/1582 2379/2079/1342
f 2552/2289/1573 2560/2297/1583 2541/2277/1558
f 2561/2298/1584 2562/2299/1585 2563/2300/1586
f 2543/2279/1560 2560/2297/1583 2564/2301/1587
f 2565/2302/1588 2566/2303/1589 2349/2041/1300
f 2543/2279/1560 2567/2304/883 2545/2281/1562
f 2546/2282/1563 2327/2013/210 2568/2305/1590
f 2525/2260/1542 2534/2269/1551 2524/2259/1540
f 2548/2284/1565 2567/2306/883 2569/2307/1591
f 2546/2282/1563 1820/2308/1592 1814/2285/1566
f 2551/2288/1571 2554/2291/1575 2550/2287/1569
f 2564/2301/1587 2570/2309/1593 2571/2310/1594
f 2572/2311/1595 2573/2312/1596 2508/2241/1519
f 2567/2304/883 2571/2310/1594 2574/2313/1102
f 2568/2305/1590 2327/2013/210 2575/2314/1597
f 2446/2163/1434 2576/2315/1598 2529/2264/1546
f 2567/2306/883 2577/2316/1599 2569/2307/1591
f 2568/2305/1590 1826/2317/1600 1820/2308/1592
f 2569/2307/1591 2578/2318/1601 2556/2293/1577
f 1724/1114/1578 2578/2318/1601 1677/1067/1602
f 2557/2294/1580 1822/1211/1603 2579/2319/1604
f 2537/2272/1554 2512/1896/1523 2580/2320/1605
f 2557/2294/1580 2570/2309/1593 2560/2297/1583
f 1677/1067/1602 2581/2321/1606 1916/1307/1607
f 2515/2247/1526 1876/1265/1417 1877/1266/1334
f 2579/2319/1604 1828/1217/1608 2582/2322/1609
f 2478/2203/1479 2583/2323/1610 2374/2074/1333
f 2579/2319/1604 2584/2324/1611 2570/2309/1593
f 2378/2078/1340 2585/2325/1612 2450/2167/1442
f 2571/2310/1594 2584/2324/1611 2586/2326/1613
f 2446/2163/1434 2562/2299/1585 2587/2327/1614
f 2571/2310/1594 2588/2328/1615 2574/2313/1102
f 2575/2314/1597 2327/2013/210 2589/2329/1616
f 2561/2298/1584 2535/2270/1552 2590/2330/1617
f 2574/2331/1102 2591/2332/1618 2577/2316/1599
f 2575/2314/1597 2002/2333/1619 1826/2317/1600
f 2577/2316/1599 2581/2321/1606 2578/2318/1601
f 2586/2326/1613 2592/2334/1620 2593/2335/1621
f 2345/2037/1291 2555/2292/1576 2573/2312/1596
f 2588/2328/1615 2593/2335/1621 2594/2336/1622
f 2589/2329/1616 2327/2013/210 2595/2337/1623
f 2317/2003/1257 2509/2242/1520 2547/2283/1564
f 2588/2338/1615 2596/2339/1624 2591/2332/1618
f 2589/2329/1616 1829/2340/1625 2002/2333/1619
f 2591/2332/1618 2597/2341/1626 2581/2321/1606
f 1916/1307/1607 2597/2341/1626 3544/1566/1627
f 2582/2322/1609 1831/1220/1628 2598/2342/1629
f 2478/2203/1479 2518/2250/1529 2599/2343/1630
f 2582/2322/1609 2592/2334/1620 2584/2324/1611
f 2515/2247/1526 2600/2344/1631 2433/2146/1418
f 3544/1566/1627 2316/2002/1254 1767/1995/1256
f 2598/2342/1629 1649/1039/1632 2318/2004/1260
f 2539/2274/1556 2601/2345/1633 2565/2302/1588
f 2592/2334/1620 2318/2004/1260 2321/2007/1264
f 2531/2266/1548 2602/2346/1634 2558/2295/1581
f 2593/2335/1621 2321/2007/1264 2323/2009/1266
f 2551/2288/1571 2544/2280/1561 2603/2347/1635
f 2594/2336/1622 2323/2009/1266 2325/2011/168
f 2595/2337/1623 2327/2013/210 2326/2012/1268
f 2525/2260/1542 2542/2278/1559 2604/2348/1636
f 2594/2349/1622 2329/2015/1270 2596/2339/1624
f 1829/2340/1625 2326/2012/1268 1653/2019/1273
f 2596/2339/1624 2316/2002/1254 2597/2341/1626
f 2604/2348/1636 2302/1558/1637 2534/2269/1551
f 2599/2343/1630 1727/1117/1638 1740/1130/1639
f 2600/2344/1631 1749/1139/1640 2542/2278/1559
f 2535/2270/1552 1775/1164/1641 2590/2330/1617
f 2583/2323/1610 1741/1131/1642 2514/2246/1525
f 2530/2265/1547 2305/1564/1643 2602/2346/1634
f 2527/2262/1544 1859/1248/1644 1849/1238/1645
f 2603/2347/1635 1662/1052/1646 2554/2291/1575
f 2508/2241/1519 2297/1550/1647 2509/2242/1520
f 2303/1559/1648 3401/1897/1649 2562/2299/1585
f 2585/2325/1612 1838/1227/1650 2544/2280/1561
f 2555/2292/1576 1672/1062/1651 2573/2312/1596
f 2547/2283/1564 1688/1078/1652 2511/2244/1522
f 2538/2273/1555 1717/1107/1653 2601/2345/1633
f 2559/2296/1582 2305/1564/1643 1859/1248/1644
f 2576/2315/1598 1860/1249/1654 2530/2265/1547
f 2527/2262/1544 2304/1563/1655 2585/2325/1612
f 2566/2303/1589 1727/1117/1638 2518/2250/1529
f 2599/2343/1630 2300/1555/1656 2583/2323/1610
f 2603/2347/1635 1838/1227/1650 1651/1041/1657
f 2600/2344/1631 1741/1131/1642 2301/1556/1658
f 2587/2327/1614 3403/2350/1659 2576/2315/1598
f 2542/2278/1559 1764/1154/1660 2604/2348/1636
f 2534/2269/1551 1771/1160/1661 2535/2270/1552
f 2554/2291/1575 1664/1054/1662 2555/2292/1576
f 2590/2330/1617 2303/1559/1648 2562/2299/1585
f 2508/2241/1519 1672/1062/1651 1674/1064/1663
f 2509/2242/1520 1685/1075/1664 2547/2283/1564
f 2587/2327/1614 3401/1897/1649 3402/2351/1665
f 2580/2320/1605 1704/1094/1666 2538/2273/1555
f 2566/2303/1589 1717/1107/1653 2299/1553/1667
f 2558/2295/1581 1905/1294/1668 2531/2266/1548
f 2561/2298/1584 1867/1256/1669 1869/1258/1670
f 2378/2078/1340 1901/1290/1441 1902/1291/1671
f 2348/2040/1298 1879/1268/1478 1880/1269/1672
f 2553/2290/1574 1898/1287/1673 2550/2287/1569
f 2539/2274/1556 1884/1273/1674 1886/1275/1675
f 2446/2163/1434 1867/1256/1669 2563/2300/1586
f 2416/2125/1393 1893/1282/1292 2572/2311/1595
f 2533/2268/1550 1872/1261/1676 2524/2259/1540
f 2558/2295/1581 1903/1292/1341 1904/1293/1677
f 2565/2302/1588 1882/1271/1299 1884/1273/1674
f 2551/2288/1571 1900/1289/1678 2449/2166/1440
f 2525/2260/1542 1875/1264/1679 2432/2145/1416
f 2345/2037/1291 1896/1285/1680 2553/2290/1574
f 2531/2266/1548 1906/1295/1435 2529/2264/1546
f 2533/2268/1550 1869/1258/1670 1871/1260/1681
f 2539/2274/1556 1887/1276/1363 2537/2272/1554
f 2605/2352/1682 2606/2353/168 2607/2354/1683
f 2605/2352/1682 2608/2355/1684 2609/2356/1685
f 2609/2356/1685 2610/2357/1686 2611/2358/1687
f 2612/2359/1688 2610/2357/1686 2613/2360/1689
f 2608/2355/1684 2614/2361/1690 2610/2357/1686
f 2613/2360/1689 2614/2361/1690 2615/2362/1691
f 2607/2354/1683 2606/2353/168 2616/2363/1692
f 2608/2355/1684 2616/2363/1692 2617/2364/1693
f 2617/2364/1693 2618/2365/1694 2619/2366/1695
f 2614/2361/1690 2619/2366/1695 2620/2367/1696
f 2615/2362/1691 2620/2367/1696 2621/2368/1697
f 2616/2363/1692 2606/2353/168 2618/2365/1694
f 2621/2368/1697 2622/2369/1698 2623/2370/1699
f 2618/2365/1694 2606/2353/168 2624/2371/1700
f 2618/2365/1694 2625/2372/1701 2619/2366/1695
f 2619/2366/1695 2622/2369/1698 2620/2367/1696
f 2622/2369/1698 2626/2373/1702 2627/2374/1703
f 2623/2370/1699 2627/2374/1703 2628/2375/1704
f 2624/2371/1700 2606/2353/168 2629/2376/1705
f 2625/2372/1701 2629/2376/1705 2626/2373/1702
f 2626/2373/1702 2630/2377/1706 2631/2378/1707
f 2626/2373/1702 2632/2379/1708 2627/2374/1703
f 2627/2374/1703 2633/2380/1709 2628/2375/1704
f 2629/2376/1705 2606/2353/168 2630/2377/1706
f 2632/2379/1708 2634/2381/1710 2633/2380/1709
f 2630/2377/1706 2606/2353/168 2635/2382/1711
f 2630/2377/1706 2636/2383/1712 2631/2378/1707
f 2631/2378/1707 2637/2384/1713 2632/2379/1708
f 2637/2384/1713 2638/2385/1714 2639/2386/1715
f 2634/2381/1710 2639/2386/1715 2640/2387/1716
f 2635/2382/1711 2606/2353/168 2641/2388/1717
f 2636/2383/1712 2641/2388/1717 2638/2385/1714
f 2641/2388/1717 2606/2353/168 2642/2389/1718
f 2638/2385/1714 2642/2389/1718 2643/2390/1719
f 2638/2385/1714 2644/2391/1720 2639/2386/1715
f 2640/2387/1716 2644/2391/1720 2645/2392/1721
f 2644/2391/1720 2646/2393/1722 2645/2392/1721
f 2642/2389/1718 2606/2353/168 2647/2394/1723
f 2643/2390/1719 2647/2394/1723 2648/2395/1724
f 2643/2390/1719 2649/2396/1725 2644/2391/1720
f 2648/2395/1724 2650/2397/1726 2651/2398/1727
f 2648/2395/1724 2652/2399/1728 2649/2396/1725
f 2646/2393/1722 2652/2399/1728 2653/2400/1729
f 2647/2394/1723 2606/2353/168 2650/2397/1726
f 2650/2397/1726 2606/2353/168 2654/2401/1730
f 2650/2397/1726 2655/2402/1731 2651/2398/1727
f 2651/2398/1727 2656/2403/1732 2652/2399/1728
f 2652/2399/1728 2657/2404/1733 2653/2400/1729
f 2655/2402/1731 2658/2405/1734 2656/2403/1732
f 2657/2404/1733 2658/2405/1734 2659/2406/1735
f 2654/2401/1730 2606/2353/168 2660/2407/1736
f 2655/2402/1731 2660/2407/1736 2661/2408/1737
f 2660/2407/1736 2662/2409/1738 2661/2408/1737
f 2661/2408/1737 2663/2410/1739 2658/2405/1734
f 2658/2405/1734 2664/2411/1740 2659/2406/1735
f 2660/2407/1736 2606/2353/168 2665/2412/1741
f 2663/2410/1739 2666/2413/1742 2664/2411/1740
f 2665/2412/1741 2606/2353/168 2667/2414/1743
f 2665/2412/1741 2668/2415/1744 2662/2409/1738
f 2663/2410/1739 2668/2415/1744 2669/2416/1745
f 2669/2416/1745 2670/2417/1746 2671/2418/1747
f 2669/2416/1745 2672/2419/1748 2666/2413/1742
f 2667/2414/1743 2606/2353/168 2673/2420/1749
f 2667/2414/1743 2670/2417/1746 2668/2415/1744
f 2673/2420/1749 2674/2421/1750 2670/2417/1746
f 2670/2417/1746 2675/2422/1751 2671/2418/1747
f 2671/2418/1747 2676/2423/1752 2672/2419/1748
f 2673/2420/1749 2606/2353/168 2677/2424/1753
f 2675/2422/1751 2678/2425/1754 2676/2423/1752
f 2677/2424/1753 2606/2353/168 2679/2426/1755
f 2674/2421/1750 2679/2426/1755 2680/2427/1756
f 2675/2422/1751 2680/2427/1756 2681/2428/1757
f 2681/2428/1757 2682/2429/1758 2683/2430/1759
f 2678/2425/1754 2683/2430/1759 2684/2431/1760
f 2679/2426/1755 2606/2353/168 2685/2432/1761
f 2679/2426/1755 2682/2429/1758 2680/2427/1756
f 2685/2432/1761 2686/2433/1762 2682/2429/1758
f 2682/2429/1758 2687/2434/1763 2683/2430/1759
f 2684/2431/1760 2687/2434/1763 2688/2435/1764
f 2685/2432/1761 2606/2353/168 2689/2436/1765
f 2613/2360/1689 2690/2359/199 2612/2359/1688
f 2688/2435/1764 2691/2437/1766 2692/2438/1767
f 2664/2411/1740 2693/2413/1768 2694/2411/1769
f 2689/2436/1765 2606/2353/168 2695/2439/1770
f 2692/2438/1767 2696/2440/1771 2697/2438/1772
f 2686/2433/1762 2695/2439/1770 2698/2441/1773
f 2678/2425/1754 2699/2442/1774 2676/2423/1752
f 2672/2419/1748 2693/2413/1768 2666/2413/1742
f 2686/2433/1762 2691/2437/1766 2687/2434/1763
f 2623/2370/1699 2700/2368/1775 2621/2368/1697
f 2701/2443/1776 2690/2359/199 2702/2443/1777
f 2698/2441/1773 2703/2444/1778 2691/2437/1766
f 2659/2406/1735 2694/2411/1769 2704/2406/1779
f 2645/2392/1721 2705/2387/1780 2640/2387/1716
f 2692/2438/1767 2703/2444/1778 2706/2440/1781
f 2646/2393/1722 2707/2392/1782 2645/2392/1721
f 2695/2439/1770 2606/2353/168 2708/2445/1783
f 2621/2368/1697 2709/2362/1784 2615/2362/1691
f 2633/2380/1709 2710/2375/1785 2628/2375/1704
f 2695/2439/1770 2711/2446/1786 2698/2441/1773
f 2657/2404/1733 2712/2400/1787 2653/2400/1729
f 2615/2362/1691 2713/2360/1788 2613/2360/1689
f 2688/2435/1764 2714/2431/1789 2684/2431/1760
f 2708/2445/1783 2715/2447/1790 2711/2446/1786
f 2640/2387/1716 2716/2448/1791 2634/2381/1710
f 2628/2375/1704 2717/2370/1792 2623/2370/1699
f 2711/2446/1786 2718/2449/1793 2703/2444/1778
f 2684/2431/1760 2719/2425/190 2678/2425/1754
f 2706/2440/1781 2702/2443/1777 2696/2440/1771
f 2703/2444/1778 2701/2443/1776 2706/2440/1781
f 2657/2404/1733 2704/2406/1779 2720/2404/210
f 2708/2445/1783 2606/2353/168 2721/2450/1794
f 2701/2443/1776 2611/2358/1687 2612/2359/1688
f 2721/2450/1794 2606/2353/168 2605/2352/1682
f 2715/2447/1790 2605/2352/1682 2609/2356/1685
f 2634/2381/1710 2722/2380/191 2633/2380/1709
f 2718/2449/1793 2609/2356/1685 2611/2358/1687
f 2653/2400/1729 2723/2393/1795 2646/2393/1722
f 2676/2423/1752 2724/2419/1796 2672/2419/1748
f 2688/2435/1764 2697/2438/1772 2725/2435/1797
f 2726/2451/1798 2727/2452/173 2728/2453/1799
f 2726/2451/1798 2729/2454/1800 2730/2455/1801
f 2730/2455/1801 2731/2456/1802 2732/2457/1803
f 2733/2458/1804 2731/2456/1802 2734/2459/1805
f 2729/2454/1800 2735/2460/1806 2731/2456/1802
f 2734/2459/1805 2735/2460/1806 2736/2461/1807
f 2728/2453/1799 2727/2452/173 2737/2462/1808
f 2729/2454/1800 2737/2462/1808 2738/2463/1809
f 2738/2463/1809 2739/2464/1810 2740/2465/1811
f 2735/2460/1806 2740/2465/1811 2741/2466/1812
f 2736/2461/1807 2741/2466/1812 2742/2467/1813
f 2737/2462/1808 2727/2452/173 2739/2464/1810
f 2742/2467/1813 2743/2468/1814 2744/2469/1815
f 2739/2464/1810 2727/2452/173 2745/2470/1816
f 2739/2464/1810 2746/2471/1817 2740/2465/1811
f 2740/2465/1811 2743/2468/1814 2741/2466/1812
f 2743/2468/1814 2747/2472/1818 2748/2473/1819
f 2744/2469/1815 2748/2473/1819 2749/2474/1820
f 2745/2470/1816 2727/2452/173 2750/2475/1821
f 2746/2471/1817 2750/2475/1821 2747/2472/1818
f 2747/2472/1818 2751/2476/1822 2752/2477/1823
f 2747/2472/1818 2753/2478/1824 2748/2473/1819
f 2748/2473/1819 2754/2479/1825 2749/2474/1820
f 2750/2475/1821 2727/2452/173 2751/2476/1822
f 2753/2478/1824 2755/2480/1826 2754/2479/1825
f 2751/2476/1822 2727/2452/173 2756/2481/1827
f 2751/2476/1822 2757/2482/1828 2752/2477/1823
f 2752/2477/1823 2758/2483/1829 2753/2478/1824
f 2757/2482/1828 2759/2484/1830 2758/2483/1829
f 2755/2480/1826 2759/2484/1830 2760/2485/1831
f 2756/2481/1827 2727/2452/173 2761/2486/1832
f 2757/2482/1828 2761/2486/1832 2762/2487/1833
f 2761/2486/1832 2727/2452/173 2763/2488/1834
f 2762/2487/1833 2763/2488/1834 2764/2489/1835
f 2762/2487/1833 2765/2490/1836 2759/2484/1830
f 2760/2485/1831 2765/2490/1836 2766/2491/1837
f 2766/2491/1837 2767/2492/1838 2768/2493/1839
f 2763/2488/1834 2727/2452/173 2769/2494/1840
f 2764/2489/1835 2769/2494/1840 2770/2495/1841
f 2764/2489/1835 2767/2492/1838 2765/2490/1836
f 2770/2495/1841 2771/2496/1842 2772/2497/1843
f 2770/2495/1841 2773/2498/1844 2767/2492/1838
f 2768/2493/1839 2773/2498/1844 2774/2499/1845
f 2769/2494/1840 2727/2452/173 2771/2496/1842
f 2771/2496/1842 2727/2452/173 2775/2500/1846
f 2771/2496/1842 2776/2501/1847 2772/2497/1843
f 2772/2497/1843 2777/2502/1848 2773/2498/1844
f 2773/2498/1844 2778/2503/1849 2774/2499/1845
f 2776/2501/1847 2779/2504/1850 2777/2502/1848
f 2778/2503/1849 2779/2504/1850 2780/2505/1851
f 2775/2500/1846 2727/2452/173 2781/2506/1852
f 2776/2501/1847 2781/2506/1852 2782/2507/1853
f 2781/2506/1852 2783/2508/1854 2782/2507/1853
f 2779/2504/1850 2783/2508/1854 2784/2509/1855
f 2779/2504/1850 2785/2510/1856 2780/2505/1851
f 2781/2506/1852 2727/2452/173 2786/2511/1857
f 2784/2509/1855 2787/2512/1858 2785/2510/1856
f 2786/2511/1857 2727/2452/173 2788/2513/1859
f 2786/2511/1857 2789/2514/1860 2783/2508/1854
f 2784/2509/1855 2789/2514/1860 2790/2515/1861
f 2790/2515/1861 2791/2516/1862 2792/2517/1863
f 2790/2515/1861 2793/2518/1864 2787/2512/1858
f 2788/2513/1859 2727/2452/173 2794/2519/1865
f 2788/2513/1859 2791/2516/1862 2789/2514/1860
f 2794/2519/1865 2795/2520/1866 2791/2516/1862
f 2791/2516/1862 2796/2521/1867 2792/2517/1863
f 2792/2517/1863 2797/2522/1868 2793/2518/1864
f 2794/2519/1865 2727/2452/173 2798/2523/1869
f 2796/2521/1867 2799/2524/1870 2797/2522/1868
f 2798/2523/1869 2727/2452/173 2800/2525/1871
f 2795/2520/1866 2800/2525/1871 2801/2526/1872
f 2796/2521/1867 2801/2526/1872 2802/2527/1873
f 2802/2527/1873 2803/2528/1874 2804/2529/1875
f 2799/2524/1870 2804/2529/1875 2805/2530/1876
f 2800/2525/1871 2727/2452/173 2806/2531/1877
f 2800/2525/1871 2803/2528/1874 2801/2526/1872
f 2806/2531/1877 2807/2532/1878 2803/2528/1874
f 2803/2528/1874 2808/2533/1879 2804/2529/1875
f 2805/2530/1876 2808/2533/1879 2809/2534/1880
f 2806/2531/1877 2727/2452/173 2810/2535/1881
f 2734/2459/1805 2811/2458/199 2733/2458/1804
f 2809/2534/1880 2812/2536/1882 2813/2537/1883
f 2785/2510/1856 2814/2512/1782 2815/2510/1795
f 2810/2535/1881 2727/2452/173 2816/2538/1884
f 2813/2537/1883 2817/2539/1784 2818/2537/1775
f 2807/2532/1878 2816/2538/1884 2819/2540/1885
f 2799/2524/1870 2820/2522/1791 2797/2522/1868
f 2787/2512/1858 2821/2518/1780 2814/2512/1782
f 2807/2532/1878 2812/2536/1882 2808/2533/1879
f 2744/2469/1815 2822/2467/1772 2742/2467/1813
f 2733/2458/1804 2823/2541/1788 2824/2541/1886
f 2819/2540/1885 2825/2542/1887 2812/2536/1882
f 2780/2505/1851 2815/2510/1795 2826/2505/1787
f 2766/2491/1837 2827/2485/1796 2760/2485/1831
f 2813/2537/1883 2825/2542/1887 2828/2539/1888
f 2768/2493/1839 2829/2491/1768 2766/2491/1837
f 2816/2538/1884 2727/2452/173 2830/2543/1889
f 2742/2467/1813 2831/2461/1771 2736/2461/1807
f 2754/2479/1825 2832/2474/1789 2749/2474/1820
f 2816/2538/1884 2833/2544/1890 2819/2540/1885
f 2778/2503/1849 2834/2499/1779 2774/2499/1845
f 2736/2461/1807 2835/2459/1777 2734/2459/1805
f 2809/2534/1880 2836/2530/1785 2805/2530/1876
f 2830/2543/1889 2837/2545/1891 2833/2544/1890
f 2760/2485/1831 2838/2480/1774 2755/2480/1826
f 2744/2469/1815 2832/2474/1789 2839/2469/1797
f 2833/2544/1890 2840/2546/1892 2825/2542/1887
f 2805/2530/1876 2841/2524/191 2799/2524/1870
f 2828/2539/1888 2823/2541/1788 2817/2539/1784
f 2825/2542/1887 2824/2541/1886 2828/2539/1888
f 2780/2505/1851 2842/2503/210 2778/2503/1849
f 2830/2543/1889 2727/2452/173 2843/2547/1893
f 2824/2541/1886 2732/2457/1803 2733/2458/1804
f 2843/2547/1893 2727/2452/173 2726/2451/1798
f 2837/2545/1891 2726/2451/1798 2730/2455/1801
f 2754/2479/1825 2838/2480/1774 2844/2479/190
f 2840/2546/1892 2730/2455/1801 2732/2457/1803
f 2774/2499/1845 2845/2493/1769 2768/2493/1839
f 2797/2522/1868 2821/2518/1780 2793/2518/1864
f 2809/2534/1880 2818/2537/1775 2846/2534/1792
f 2847/1408/1894 2083/1407/1895 2848/1407/173
f 2074/1401/1896 2078/1405/1897 2849/1405/1368
f 2849/1405/1368 2121/1423/1898 2850/1423/1899
f 2851/1417/1900 2852/1434/1901 2853/1415/1902
f 2854/1420/1903 2112/1418/1904 2855/1418/1323
f 2855/1418/1323 2110/1416/1905 2856/1416/1906
f 2084/1408/1907 2857/1571/1908 2311/1571/1909
f 2858/1414/1910 2103/1412/1911 2859/1412/1090
f 2859/1412/1090 2100/1410/1912 2860/1410/1913
f 2058/1395/168 2086/1404/1914 2076/1404/1915
f 2102/1411/1916 2861/1449/1917 2862/1411/1918
f 2059/1394/1919 2863/1410/1282 2860/1410/1913
f 2068/1399/1920 2864/1411/1484 2862/1411/1918
f 2071/1400/1921 2865/1407/173 2848/1407/173
f 2860/1410/1913 2866/1412/1090 2859/1412/1090
f 2862/1411/1918 2867/1413/1490 2868/1413/1490
f 2859/1412/1090 2869/1414/1152 2858/1414/1910
f 2868/1413/1490 2870/1415/1503 2853/1415/1902
f 2858/1414/1910 2871/1416/1310 2856/1416/1906
f 2853/1415/1902 2872/1417/190 2851/1417/1900
f 2856/1416/1906 2873/1418/1323 2855/1418/1323
f 2851/1417/1900 2874/1419/1527 2875/1419/1922
f 2855/1418/1323 2876/1420/1327 2854/1420/1903
f 2875/1419/1922 2877/1421/1553 2878/1421/1553
f 2854/1420/1903 2879/1385/191 2880/1385/1923
f 2878/1421/1553 2881/1422/1562 2882/1422/1924
f 2880/1385/1923 2883/1423/1352 2850/1423/1899
f 2882/1422/1924 2884/1391/883 2885/1391/1925
f 2850/1423/1899 2886/1405/1368 2849/1405/1368
f 2885/1391/1925 2887/1406/1102 2888/1406/1102
f 2849/1405/1368 2072/1401/1383 2074/1401/1896
f 2888/1406/1102 2075/1403/1615 2077/1403/1926
f 2848/1407/173 2889/1408/1447 2847/1408/1894
f 2847/1408/1894 2890/1409/1453 2891/1409/1927
f 2076/1404/1915 2066/1395/168 2058/1395/168
f 2891/1409/1927 2067/1398/1928 2069/1398/1928
f 2181/1429/1929 2079/1401/1930 2074/1401/1896
f 2133/1431/1931 2082/1403/1932 2077/1403/1926
f 2069/1398/1928 2088/1409/1933 2891/1409/1927
f 2098/1400/1934 2156/1424/1935 2071/1400/1921
f 2119/1422/1936 2892/1392/1937 2054/1392/1938
f 2848/1407/173 2098/1400/1934 2071/1400/1921
f 2868/1413/1490 2102/1411/1916 2862/1411/1918
f 2853/1415/1902 2105/1413/1939 2868/1413/1490
f 2880/1385/1923 2893/1386/1940 2854/1420/1903
f 2115/1420/1941 2893/1386/1940 2040/1386/1942
f 2878/1421/1553 2114/1419/1943 2875/1419/1922
f 2882/1422/1924 2117/1421/1944 2878/1421/1553
f 2086/1404/1914 2134/1432/1945 2076/1404/1915
f 2888/1406/1102 2053/1391/1946 2885/1391/1925
f 2077/1403/1926 2081/1406/1947 2888/1406/1102
f 2880/1385/1923 2895/1433/1948 2896/2548/1949
f 2108/1415/1950 2852/1434/1901 2136/1434/1951
f 2121/1423/1898 2895/1433/1948 2850/1423/1899
f 2114/1419/1943 2897/1436/1952 2875/1419/1922
f 2851/1417/1900 2897/1436/1952 2898/2549/1953
f 2896/2548/1949 2215/1471/1954 2893/1386/1940
f 2899/1448/1955 2172/1452/1956 2857/1571/1908
f 2055/1393/1957 2198/1463/1958 2901/1393/1959
f 2138/1436/1960 2201/1440/1961 2897/1436/1952
f 2136/1434/1951 2221/1468/1962 2192/1468/1963
f 2040/1386/1942 2215/1471/1954 2200/1471/1964
f 2135/1433/1965 2193/1438/1966 2895/1433/1948
f 2898/2549/1953 2201/1440/1961 2894/2550/1967
f 2898/2549/1953 2221/1468/1962 2852/1434/1901
f 2896/2548/1949 2193/1438/1966 2900/2551/1968
f 2053/1391/1946 2901/1393/1959 2885/1391/1925
f 2100/1410/1912 2902/1447/1969 2860/1410/1913
f 2885/1391/1925 2892/1392/1937 2882/1422/1924
f 2847/1408/1894 2899/1448/1955 2857/1571/1908
f 2088/1409/1933 2899/1448/1955 2891/1409/1927
f 2110/1416/1905 2903/1443/1970 2856/1416/1906
f 2860/1410/1913 2154/1444/1971 2059/1394/1919
f 2068/1399/1920 2861/1449/1917 2159/1451/1972
f 2106/1414/1973 2904/1441/1974 2143/1441/1975
f 2856/1416/1906 2904/1441/1974 2858/1414/1910
f 2198/1463/1958 2202/1472/1976 2313/1482/1977
f 2861/1449/1917 2177/1461/1978 2159/1451/1972
f 2180/1427/1979 2131/1429/1980 2181/1429/1929
f 2892/1392/1937 2198/1463/1958 2313/1482/1981
f 2311/1571/1909 2172/1452/1956 2161/1452/1982
f 2196/1467/1983 2151/1431/1984 2133/1431/1931
f 2153/1448/1985 2214/1454/1986 2899/1448/1955
f 2143/1441/1975 2167/1456/1987 2165/1456/1988
f 2184/1432/1989 2132/1430/1990 2134/1432/1945
f 2154/1444/1971 2169/1446/1991 2147/1445/1992
f 2145/1443/1993 2217/1442/1994 2903/1443/1970
f 2126/1424/1995 2171/1426/1996 2156/1424/1935
f 2155/1449/1997 2223/1462/1998 2861/1449/1917
f 2904/1441/1974 2217/1442/1994 2167/1456/1987
f 2054/1392/1938 2313/1482/1981 2228/1482/1999
f 2150/1447/2000 2169/1446/1991 2902/1447/1969
f 2172/1452/1956 2314/1453/2001 2170/1457/2002
f 2169/1446/1991 2210/1464/2003 2147/1445/1992
f 2177/1461/1978 2222/1479/2004 2208/1476/2005
f 2168/1455/2006 2186/1464/2007 2210/1464/2003
f 2222/1479/2004 2209/1476/2008 2208/1476/2005
f 2314/1453/2001 2166/1457/2009 2170/1457/2002
f 2216/1478/2010 2226/1481/2011 2312/1481/2012
f 2197/1466/2013 2220/1472/2014 2202/1472/1976
f 2166/1457/2009 2189/1465/2015 2170/1457/2002
f 2315/1480/2016 2222/1479/2004 2225/1480/2017
f 2227/1473/2018 2225/1480/2017 2203/1473/2019
f 2227/1473/2018 2202/1472/1976 2220/1472/2014
f 2190/1466/2020 2205/1474/2021 2224/1474/2022
f 2226/1481/2011 2168/1455/2006 2312/1481/2012
f 2211/1477/2023 2216/1478/2010 2212/1477/2024
f 2217/1442/1994 2312/1481/2012 2167/1456/1987
f 2316/2002/1254 2331/2020/1274 3546/1048/1255
f 2317/2003/1257 2504/2236/1514 1889/1278/1258
f 2318/2004/1260 1649/1039/1632 1648/1038/1261
f 2318/2004/1260 2319/2005/1262 2320/2006/1263
f 2321/2007/1264 2320/2006/1263 2322/2008/1265
f 2323/2009/1266 2322/2008/1265 2324/2010/1267
f 2329/2015/1270 2325/2552/168 2324/2016/1267
f 2326/2012/1268 2328/2014/1269 2022/2018/1272
f 2329/2015/1270 2330/2017/1271 2331/2020/1274
f 2022/2018/1272 2328/2014/1269 2332/2021/1275
f 2330/2017/1271 2338/2029/1283 2333/2023/1277
f 2331/2020/1274 2333/2023/1277 1917/1309/1278
f 1648/1038/1261 1657/1047/1294 2334/2024/1279
f 2319/2005/1262 2334/2024/1279 2335/2025/1280
f 2320/2006/1263 2335/2025/1280 2336/2026/1281
f 2322/2008/1265 2336/2026/1281 2337/2027/1282
f 2330/2017/1271 2324/2016/1267 2337/2028/1282
f 2334/2024/1279 2346/2038/1295 2339/2030/1284
f 2335/2025/1280 2339/2030/1284 2340/2031/1285
f 2337/2027/1282 2336/2026/1281 2340/2031/1285
f 2337/2028/1282 2341/2047/1090 2343/2034/1287
f 2332/2021/1275 2342/2033/1286 1665/2035/1288
f 2338/2029/1283 2343/2034/1287 2344/2036/1289
f 2333/2023/1277 2344/2036/1289 1913/1304/1290
f 2345/2037/1291 2572/2311/1595 1893/1282/1292
f 1657/1047/1294 1667/1057/1301 2346/2038/1295
f 2343/2034/1287 2355/2048/1306 2347/2039/1296
f 1913/1304/1290 2344/2036/1289 2347/2039/1296
f 2348/2040/1298 1880/1269/1672 1882/1271/1299
f 1667/1057/1301 1670/1060/2025 2350/2042/1302
f 2346/2038/1295 2350/2042/1302 2351/2043/1303
f 2340/2031/1285 2339/2030/1284 2351/2043/1303
f 2341/2032/1090 2340/2031/1285 2352/2044/1304
f 2341/2047/1090 2353/2054/1152 2355/2048/1306
f 2342/2033/1286 2354/2046/1305 1668/2049/1307
f 2352/2044/1304 2351/2043/1303 2356/2050/1308
f 2352/2044/1304 2357/2051/1309 2358/2052/1310
f 2353/2054/1152 2358/2065/1310 2360/2055/1312
f 2354/2046/1305 2359/2053/1311 2016/2056/1313
f 2355/2048/1306 2360/2055/1312 2361/2057/1314
f 1825/1214/1297 2347/2039/1296 2361/2057/1314
f 2350/2042/1302 1670/1060/2025 1676/1066/1316
f 2350/2042/1302 2362/2058/1317 2356/2050/1308
f 1823/1212/1315 2361/2057/1314 2363/2059/1318
f 1676/1066/1316 1681/1071/1336 2364/2060/1320
f 2362/2058/1317 2364/2060/1320 2365/2061/1321
f 2357/2051/1309 2356/2050/1308 2365/2061/1321
f 2357/2051/1309 2366/2062/1322 2367/2063/1323
f 2358/2065/1310 2367/2070/1323 2369/2066/1325
f 2359/2053/1311 2368/2064/1324 1687/2067/1326
f 2360/2055/1312 2369/2066/1325 2363/2059/1318
f 2366/2062/1322 2377/2077/1339 2370/2068/1327
f 2367/2070/1323 2370/2085/1327 2372/2071/1329
f 2368/2064/1324 2371/2069/1328 1695/2072/1330
f 2369/2066/1325 2372/2071/1329 2373/2073/1331
f 1760/1150/1319 2363/2059/1318 2373/2073/1331
f 2374/2074/1333 2515/2247/1526 1877/1266/1334
f 1681/1071/1336 1691/1081/1343 2375/2075/1337
f 2364/2060/1320 2375/2075/1337 2376/2076/1338
f 2366/2062/1322 2365/2061/1321 2376/2076/1338
f 2378/2078/1340 1902/1291/1671 1903/1292/1341
f 1691/1081/1343 1692/1082/2026 2380/2080/1344
f 2375/2075/1337 2380/2080/1344 2381/2081/1345
f 2377/2077/1339 2376/2076/1338 2381/2081/1345
f 2370/2068/1327 2377/2077/1339 2382/2082/1346
f 2370/2085/1327 2383/2091/191 2385/2086/1348
f 2371/2069/1328 2384/2084/1347 1698/2087/1349
f 2372/2071/1329 2385/2086/1348 2386/2088/1350
f 1758/1148/1332 2373/2073/1331 2386/2088/1350
f 2382/2082/1346 2393/2097/1361 2387/2089/1352
f 2383/2091/191 2387/2553/1352 2389/2092/1354
f 1698/2087/1349 2384/2084/1347 2388/2090/1353
f 2385/2086/1348 2389/2092/1354 2390/2094/1356
f 1703/1093/1351 2386/2088/1350 2390/2094/1356
f 2380/2080/1344 1692/1082/2026 1700/1090/1358
f 2380/2080/1344 2391/2095/1359 2392/2096/1360
f 2382/2082/1346 2381/2081/1345 2392/2096/1360
f 2394/2098/1362 2537/2272/1554 1887/1276/1363
f 1700/1090/1358 1708/1098/1379 2395/2099/1365
f 2391/2095/1359 2395/2099/1365 2396/2100/1366
f 2393/2097/1361 2392/2096/1360 2396/2100/1366
f 2393/2097/1361 2397/2101/1367 2398/2102/1368
f 2389/2092/1354 2387/2553/1352 2398/2104/1368
f 2388/2090/1353 2399/2103/1369 1709/2106/1371
f 2389/2092/1354 2400/2105/1370 2401/2107/1372
f 1701/1091/1357 2390/2094/1356 2401/2107/1372
f 2398/2104/1368 2408/2121/1383 2403/2109/1375
f 1709/2106/1371 2399/2103/1369 2402/2108/1374
f 2400/2105/1370 2403/2109/1375 2404/2111/1377
f 2401/2107/1372 2404/2111/1377 1918/1310/1378
f 1708/1098/1379 1711/1101/2027 2405/2112/1380
f 2395/2099/1365 2405/2112/1380 2406/2113/1381
f 2397/2101/1367 2396/2100/1366 2406/2113/1381
f 2398/2102/1368 2397/2101/1367 2407/2114/1382
f 2405/2112/1380 1711/1101/2027 1720/1110/1384
f 2405/2112/1380 2409/2116/1385 2410/2117/1386
f 2407/2114/1382 2406/2113/1381 2410/2117/1386
f 2408/2115/1383 2407/2114/1382 2411/2118/1387
f 2408/2121/1383 2412/2126/1153 2414/2122/1389
f 2402/2108/1374 2413/2120/1388 1721/2123/1390
f 2403/2109/1375 2414/2122/1389 2415/2124/1391
f 1918/1310/1378 2404/2111/1377 2415/2124/1391
f 2416/2125/1393 2317/2003/1257 1890/1279/1259
f 2412/2126/1153 2422/2139/668 2417/2127/1395
f 2413/2120/1388 2423/2134/1403 1730/2128/1396
f 2414/2122/1389 2417/2127/1395 2418/2129/1397
f 2415/2124/1391 2418/2129/1397 1810/1199/1398
f 2409/2116/1385 1720/1110/1384 1723/1113/1399
f 2409/2116/1385 2419/2130/1400 2420/2131/1401
f 2411/2118/1387 2410/2117/1386 2420/2131/1401
f 2411/2118/1387 2421/2132/1402 2422/2133/668
f 2419/2130/1400 2430/2143/1413 2424/2135/1404
f 2421/2132/1402 2420/2131/1401 2424/2135/1404
f 2421/2132/1402 2425/2136/1405 2426/2137/1406
f 2422/2139/668 2426/2152/1406 2428/2140/1408
f 2423/2134/1403 2427/2138/1407 2005/2141/1409
f 2417/2127/1395 2428/2140/1408 2429/2142/1410
f 1810/1199/1398 2418/2129/1397 2429/2142/1410
f 2419/2130/1400 1723/1113/1399 1732/1122/1412
f 2428/2140/1408 2439/2153/1425 2431/2144/1414
f 1808/1197/1411 2429/2142/1410 2431/2144/1414
f 2432/2145/1416 1875/1264/1679 1876/1265/1417
f 2430/2143/1413 1732/1122/1412 1738/1128/1419
f 2430/2143/1413 2434/2147/1420 2435/2148/1421
f 2425/2136/1405 2424/2135/1404 2435/2148/1421
f 2426/2137/1406 2425/2136/1405 2436/2149/1422
f 2426/2152/1406 2437/2159/1423 2439/2153/1425
f 2005/2141/1409 2427/2138/1407 2438/2151/1424
f 2436/2149/1422 2435/2148/1421 2440/2155/1427
f 2437/2150/1423 2436/2149/1422 2441/2156/1428
f 2437/2159/1423 2442/2173/173 2444/2160/1430
f 2438/2151/1424 2443/2158/1429 1743/2161/1431
f 2439/2153/1425 2444/2160/1430 2445/2162/1432
f 1735/1125/1415 2431/2144/1414 2445/2162/1432
f 2446/2163/1434 2529/2264/1546 1906/1295/1435
f 1738/1128/1419 1745/1135/1443 2447/2164/1437
f 2434/2147/1420 2447/2164/1437 2440/2155/1427
f 1733/1123/1433 2445/2162/1432 2448/2165/1438
f 2449/2166/1440 1900/1289/1678 1901/1290/1441
f 1745/1135/1443 1747/1137/2028 2451/2168/1444
f 2447/2164/1437 2451/2168/1444 2452/2169/1445
f 2441/2156/1428 2440/2155/1427 2452/2169/1445
f 2442/2157/173 2441/2156/1428 2453/2170/1446
f 2442/2173/173 2454/2180/1447 2456/2174/1449
f 2443/2158/1429 2455/2172/1448 1751/2175/1450
f 2444/2160/1430 2456/2174/1449 2448/2165/1438
f 2453/2170/1446 2452/2169/1445 2457/2176/1451
f 2453/2170/1446 2458/2177/1452 2459/2178/1453
f 2454/2180/1447 2459/2191/1453 2461/2181/1455
f 2455/2172/1448 2460/2179/1454 2023/2182/1456
f 2456/2174/1449 2461/2181/1455 2462/2183/1457
f 1684/1074/1439 2448/2165/1438 2462/2183/1457
f 2451/2168/1444 1747/1137/2028 1753/1143/1459
f 2451/2168/1444 2463/2184/1460 2457/2176/1451
f 1682/1072/1458 2462/2183/1457 2464/2185/1461
f 1753/1143/1459 1757/1147/2029 2465/2186/1463
f 2463/2184/1460 2465/2186/1463 2466/2187/1464
f 2458/2177/1452 2457/2176/1451 2466/2187/1464
f 2459/2178/1453 2458/2177/1452 2467/2188/1465
f 2459/2191/1453 2468/2197/927 2470/2192/1467
f 2460/2179/1454 2469/2190/1466 1762/2193/1468
f 2461/2181/1455 2470/2192/1467 2464/2185/1461
f 2468/2189/927 2467/2188/1465 2471/2194/1469
f 2468/2197/927 2472/2209/882 2474/2198/1471
f 2469/2190/1466 2473/2196/1470 1773/2199/1472
f 2470/2192/1467 2474/2198/1471 2475/2200/1473
f 1780/1169/1462 2464/2185/1461 2475/2200/1473
f 2465/2186/1463 1757/1147/2029 1766/1156/1475
f 2465/2186/1463 2476/2201/1476 2477/2202/1477
f 2467/2188/1465 2466/2187/1464 2477/2202/1477
f 2374/2074/1333 1878/1267/1335 1879/1268/1478
f 2476/2201/1476 1766/1156/1475 1770/1159/1480
f 2476/2201/1476 2479/2204/1481 2480/2205/1482
f 2471/2194/1469 2477/2202/1477 2480/2205/1482
f 2471/2194/1469 2481/2206/1483 2482/2207/1484
f 2472/2209/882 2482/2554/1484 2484/2210/1486
f 2473/2196/1470 2483/2208/1485 1777/2211/1487
f 2474/2198/1471 2484/2210/1486 2485/2212/1488
f 2475/2200/1473 2485/2212/1488 1908/1297/1489
f 2481/2206/1483 2492/2221/1498 2486/2213/1490
f 2484/2210/1486 2482/2554/1484 2486/2215/1490
f 2483/2208/1485 2487/2214/1491 1795/2217/1493
f 2484/2210/1486 2488/2216/1492 2489/2218/1494
f 1908/1297/1489 2485/2212/1488 2489/2218/1494
f 1770/1159/1480 1779/1168/1499 2490/2219/1496
f 2479/2204/1481 2490/2219/1496 2491/2220/1497
f 2481/2206/1483 2480/2205/1482 2491/2220/1497
f 1779/1168/1499 1797/1186/1515 2493/2222/1500
f 2490/2219/1496 2493/2222/1500 2494/2223/1501
f 2492/2221/1498 2491/2220/1497 2494/2223/1501
f 2492/2221/1498 2495/2224/1502 2496/2225/1503
f 2488/2216/1492 2486/2215/1490 2496/2227/1503
f 2487/2214/1491 2497/2226/1504 2008/2229/1506
f 2488/2216/1492 2498/2228/1505 2499/2230/1507
f 1912/1303/1495 2489/2218/1494 2499/2230/1507
f 2498/2228/1505 2496/2227/1503 2500/2231/190
f 2008/2229/1506 2497/2226/1504 2502/2233/1510
f 2498/2228/1505 2501/2232/1509 2503/2235/1512
f 2499/2230/1507 2503/2235/1512 1712/1102/1513
f 2394/2098/1362 1888/1277/1364 1889/1278/1258
f 1797/1186/1515 1801/1190/2030 2505/2237/1516
f 2493/2222/1500 2505/2237/1516 2506/2238/1517
f 2495/2224/1502 2494/2223/1501 2506/2238/1517
f 2495/2224/1502 2507/2239/1518 2500/2240/190
f 2416/2125/1393 2572/2311/1595 2508/2241/1519
f 2505/2237/1516 2521/2255/1535 2510/2243/1521
f 2394/2098/1362 2504/2236/1514 2511/2244/1522
f 2507/2239/1518 2506/2238/1517 2510/2243/1521
f 2374/2074/1333 2583/2323/1610 2514/2246/1525
f 2507/2239/1518 2513/2245/1524 2516/2248/1527
f 2349/2041/1300 2566/2303/1589 2518/2250/1529
f 2501/2232/1509 2500/2231/190 2516/2251/1527
f 2502/2233/1510 2517/2249/1528 1811/2253/1531
f 2501/2232/1509 2519/2252/1530 2520/2254/1532
f 1712/1102/1513 2503/2235/1512 2520/2254/1532
f 2505/2237/1516 1801/1190/2030 1807/1196/1534
f 1811/2253/1531 2517/2249/1528 2522/2256/1536
f 2519/2252/1530 2540/2276/1557 2523/2258/1538
f 1786/1175/1533 2520/2254/1532 2523/2258/1538
f 2524/2259/1540 1872/1261/1676 1874/1263/1541
f 1807/1196/1534 1813/1202/2031 2526/2261/1543
f 2379/2079/1342 2559/2296/1582 2527/2262/1544
f 2521/2255/1535 2526/2261/1543 2528/2263/1545
f 2529/2264/1546 2576/2315/1598 2530/2265/1547
f 2513/2245/1524 2510/2243/1521 2528/2263/1545
f 2533/2268/1550 2524/2259/1540 2534/2269/1551
f 2513/2245/1524 2532/2267/1549 2536/2271/1553
f 2537/2272/1554 2580/2320/1605 2538/2273/1555
f 2519/2252/1530 2516/2251/1527 2536/2275/1553
f 2526/2261/1543 2552/2289/1573 2541/2277/1558
f 2433/2146/1418 2600/2344/1631 2542/2278/1559
f 2532/2267/1549 2528/2263/1545 2541/2277/1558
f 2450/2167/1442 2585/2325/1612 2544/2280/1561
f 2532/2267/1549 2543/2279/1560 2545/2281/1562
f 2504/2236/1514 2317/2003/1257 2547/2283/1564
f 2536/2275/1553 2545/2555/1562 2548/2284/1565
f 2025/2257/1537 2522/2256/1536 2546/2282/1563
f 2540/2276/1557 2548/2284/1565 2549/2286/1567
f 1907/1296/1539 2523/2258/1538 2549/2286/1567
f 2550/2287/1569 1898/1287/1673 1899/1288/1570
f 2526/2261/1543 1813/1202/2031 1816/1205/1572
f 2553/2290/1574 2550/2287/1569 2554/2291/1575
f 2548/2284/1565 2569/2307/1591 2556/2293/1577
f 1726/1116/1568 2549/2286/1567 2556/2293/1577
f 2552/2289/1573 1816/1205/1572 1818/1207/1579
f 2558/2295/1581 2602/2346/1634 2559/2296/1582
f 2552/2289/1573 2557/2294/1580 2560/2297/1583
f 2561/2298/1584 2590/2330/1617 2562/2299/1585
f 2543/2279/1560 2541/2277/1558 2560/2297/1583
f 2565/2302/1588 2601/2345/1633 2566/2303/1589
f 2543/2279/1560 2564/2301/1587 2567/2304/883
f 2525/2260/1542 2604/2348/1636 2534/2269/1551
f 2548/2284/1565 2545/2555/1562 2567/2306/883
f 2546/2282/1563 2568/2305/1590 1820/2308/1592
f 2551/2288/1571 2603/2347/1635 2554/2291/1575
f 2564/2301/1587 2560/2297/1583 2570/2309/1593
f 2572/2311/1595 2345/2037/1291 2573/2312/1596
f 2567/2304/883 2564/2301/1587 2571/2310/1594
f 2446/2163/1434 2587/2327/1614 2576/2315/1598
f 2567/2306/883 2574/2331/1102 2577/2316/1599
f 2568/2305/1590 2575/2314/1597 1826/2317/1600
f 2569/2307/1591 2577/2316/1599 2578/2318/1601
f 1724/1114/1578 2556/2293/1577 2578/2318/1601
f 2557/2294/1580 1818/1207/1579 1822/1211/1603
f 2537/2272/1554 2394/2098/1362 2512/1896/1523
f 2557/2294/1580 2579/2319/1604 2570/2309/1593
f 1677/1067/1602 2578/2318/1601 2581/2321/1606
f 2515/2247/1526 2433/2146/1418 1876/1265/1417
f 2579/2319/1604 1822/1211/1603 1828/1217/1608
f 2478/2203/1479 2599/2343/1630 2583/2323/1610
f 2579/2319/1604 2582/2322/1609 2584/2324/1611
f 2378/2078/1340 2527/2262/1544 2585/2325/1612
f 2571/2310/1594 2570/2309/1593 2584/2324/1611
f 2446/2163/1434 2563/2300/1586 2562/2299/1585
f 2571/2310/1594 2586/2326/1613 2588/2328/1615
f 2561/2298/1584 2533/2268/1550 2535/2270/1552
f 2574/2331/1102 2588/2338/1615 2591/2332/1618
f 2575/2314/1597 2589/2329/1616 2002/2333/1619
f 2577/2316/1599 2591/2332/1618 2581/2321/1606
f 2586/2326/1613 2584/2324/1611 2592/2334/1620
f 2345/2037/1291 2553/2290/1574 2555/2292/1576
f 2588/2328/1615 2586/2326/1613 2593/2335/1621
f 2317/2003/1257 2416/2125/1393 2509/2242/1520
f 2588/2338/1615 2594/2349/1622 2596/2339/1624
f 2589/2329/1616 2595/2337/1623 1829/2340/1625
f 2591/2332/1618 2596/2339/1624 2597/2341/1626
f 1916/1307/1607 2581/2321/1606 2597/2341/1626
f 2582/2322/1609 1828/1217/1608 1831/1220/1628
f 2478/2203/1479 2348/2040/1298 2518/2250/1529
f 2582/2322/1609 2598/2342/1629 2592/2334/1620
f 2515/2247/1526 2514/2246/1525 2600/2344/1631
f 3544/1566/1627 2597/2341/1626 2316/2002/1254
f 2598/2342/1629 1831/1220/1628 1649/1039/1632
f 2539/2274/1556 2538/2273/1555 2601/2345/1633
f 2592/2334/1620 2598/2342/1629 2318/2004/1260
f 2531/2266/1548 2530/2265/1547 2602/2346/1634
f 2593/2335/1621 2592/2334/1620 2321/2007/1264
f 2551/2288/1571 2449/2166/1440 2544/2280/1561
f 2594/2336/1622 2593/2335/1621 2323/2009/1266
f 2525/2260/1542 2432/2145/1416 2542/2278/1559
f 2594/2349/1622 2325/2552/168 2329/2015/1270
f 1829/2340/1625 2595/2337/1623 2326/2012/1268
f 2596/2339/1624 2329/2015/1270 2316/2002/1254
f 2604/2348/1636 1764/1154/1660 2302/1558/1637
f 2599/2343/1630 2518/2250/1529 1727/1117/1638
f 2600/2344/1631 2301/1556/1658 1749/1139/1640
f 2535/2270/1552 1771/1160/1661 1775/1164/1641
f 2583/2323/1610 2300/1555/1656 1741/1131/1642
f 2530/2265/1547 1860/1249/1654 2305/1564/1643
f 2527/2262/1544 2559/2296/1582 1859/1248/1644
f 2603/2347/1635 1651/1041/1657 1662/1052/1646
f 2508/2241/1519 1674/1064/1663 2297/1550/1647
f 3402/2351/1665 3401/1897/1649 3404/1572/2032
f 2585/2325/1612 2304/1563/1655 1838/1227/1650
f 2555/2292/1576 1664/1054/1662 1672/1062/1651
f 2547/2283/1564 1685/1075/1664 1688/1078/1652
f 2538/2273/1555 1704/1094/1666 1717/1107/1653
f 2559/2296/1582 2602/2346/1634 2305/1564/1643
f 2576/2315/1598 1862/1251/2033 1860/1249/1654
f 2527/2262/1544 1849/1238/1645 2304/1563/1655
f 2566/2303/1589 2299/1553/1667 1727/1117/1638
f 2599/2343/1630 1740/1130/1639 2300/1555/1656
f 2603/2347/1635 2544/2280/1561 1838/1227/1650
f 2600/2344/1631 2514/2246/1525 1741/1131/1642
f 2542/2278/1559 1749/1139/1640 1764/1154/1660
f 2534/2269/1551 2302/1558/1637 1771/1160/1661
f 2554/2291/1575 1662/1052/1646 1664/1054/1662
f 2590/2330/1617 1775/1164/1641 2303/1559/1648
f 2508/2241/1519 2573/2312/1596 1672/1062/1651
f 2509/2242/1520 2297/1550/1647 1685/1075/1664
f 3403/2350/1659 3402/2351/1665 3406/1574/2034
f 2580/2320/1605 2298/1552/2035 1704/1094/1666
f 2566/2303/1589 2601/2345/1633 1717/1107/1653
f 2558/2295/1581 1904/1293/1677 1905/1294/1668
f 2561/2298/1584 2563/2300/1586 1867/1256/1669
f 2378/2078/1340 2450/2167/1442 1901/1290/1441
f 2348/2040/1298 2478/2203/1479 1879/1268/1478
f 2553/2290/1574 1896/1285/1680 1898/1287/1673
f 2539/2274/1556 2565/2302/1588 1884/1273/1674
f 2446/2163/1434 1868/1257/1436 1867/1256/1669
f 2416/2125/1393 1891/1280/1394 1893/1282/1292
f 2533/2268/1550 1871/1260/1681 1872/1261/1676
f 2558/2295/1581 2379/2079/1342 1903/1292/1341
f 2565/2302/1588 2349/2041/1300 1882/1271/1299
f 2551/2288/1571 1899/1288/1570 1900/1289/1678
f 2525/2260/1542 1874/1263/1541 1875/1264/1679
f 2345/2037/1291 1894/1283/1293 1896/1285/1680
f 2531/2266/1548 1905/1294/1668 1906/1295/1435
f 2533/2268/1550 2561/2298/1584 1869/1258/1670
f 2539/2274/1556 1886/1275/1675 1887/1276/1363
f 2605/2352/1682 2607/2354/1683 2608/2355/1684
f 2609/2356/1685 2608/2355/1684 2610/2357/1686
f 2612/2359/1688 2611/2358/1687 2610/2357/1686
f 2608/2355/1684 2617/2364/1693 2614/2361/1690
f 2613/2360/1689 2610/2357/1686 2614/2361/1690
f 2608/2355/1684 2607/2354/1683 2616/2363/1692
f 2617/2364/1693 2616/2363/1692 2618/2365/1694
f 2614/2361/1690 2617/2364/1693 2619/2366/1695
f 2615/2362/1691 2614/2361/1690 2620/2367/1696
f 2621/2368/1697 2620/2367/1696 2622/2369/1698
f 2618/2365/1694 2624/2371/1700 2625/2372/1701
f 2619/2366/1695 2625/2372/1701 2622/2369/1698
f 2622/2369/1698 2625/2372/1701 2626/2373/1702
f 2623/2370/1699 2622/2369/1698 2627/2374/1703
f 2625/2372/1701 2624/2371/1700 2629/2376/1705
f 2626/2373/1702 2629/2376/1705 2630/2377/1706
f 2626/2373/1702 2631/2378/1707 2632/2379/1708
f 2627/2374/1703 2632/2379/1708 2633/2380/1709
f 2632/2379/1708 2637/2384/1713 2634/2381/1710
f 2630/2377/1706 2635/2382/1711 2636/2383/1712
f 2631/2378/1707 2636/2383/1712 2637/2384/1713
f 2637/2384/1713 2636/2383/1712 2638/2385/1714
f 2634/2381/1710 2637/2384/1713 2639/2386/1715
f 2636/2383/1712 2635/2382/1711 2641/2388/1717
f 2638/2385/1714 2641/2388/1717 2642/2389/1718
f 2638/2385/1714 2643/2390/1719 2644/2391/1720
f 2640/2387/1716 2639/2386/1715 2644/2391/1720
f 2644/2391/1720 2649/2396/1725 2646/2393/1722
f 2643/2390/1719 2642/2389/1718 2647/2394/1723
f 2643/2390/1719 2648/2395/1724 2649/2396/1725
f 2648/2395/1724 2647/2394/1723 2650/2397/1726
f 2648/2395/1724 2651/2398/1727 2652/2399/1728
f 2646/2393/1722 2649/2396/1725 2652/2399/1728
f 2650/2397/1726 2654/2401/1730 2655/2402/1731
f 2651/2398/1727 2655/2402/1731 2656/2403/1732
f 2652/2399/1728 2656/2403/1732 2657/2404/1733
f 2655/2402/1731 2661/2408/1737 2658/2405/1734
f 2657/2404/1733 2656/2403/1732 2658/2405/1734
f 2655/2402/1731 2654/2401/1730 2660/2407/1736
f 2660/2407/1736 2665/2412/1741 2662/2409/1738
f 2661/2408/1737 2662/2409/1738 2663/2410/1739
f 2658/2405/1734 2663/2410/1739 2664/2411/1740
f 2663/2410/1739 2669/2416/1745 2666/2413/1742
f 2665/2412/1741 2667/2414/1743 2668/2415/1744
f 2663/2410/1739 2662/2409/1738 2668/2415/1744
f 2669/2416/1745 2668/2415/1744 2670/2417/1746
f 2669/2416/1745 2671/2418/1747 2672/2419/1748
f 2667/2414/1743 2673/2420/1749 2670/2417/1746
f 2673/2420/1749 2677/2424/1753 2674/2421/1750
f 2670/2417/1746 2674/2421/1750 2675/2422/1751
f 2671/2418/1747 2675/2422/1751 2676/2423/1752
f 2675/2422/1751 2681/2428/1757 2678/2425/1754
f 2674/2421/1750 2677/2424/1753 2679/2426/1755
f 2675/2422/1751 2674/2421/1750 2680/2427/1756
f 2681/2428/1757 2680/2427/1756 2682/2429/1758
f 2678/2425/1754 2681/2428/1757 2683/2430/1759
f 2679/2426/1755 2685/2432/1761 2682/2429/1758
f 2685/2432/1761 2689/2436/1765 2686/2433/1762
f 2682/2429/1758 2686/2433/1762 2687/2434/1763
f 2684/2431/1760 2683/2430/1759 2687/2434/1763
f 2613/2360/1689 2713/2360/1788 2690/2359/199
f 2688/2435/1764 2687/2434/1763 2691/2437/1766
f 2664/2411/1740 2666/2413/1742 2693/2413/1768
f 2692/2438/1767 2706/2440/1781 2696/2440/1771
f 2686/2433/1762 2689/2436/1765 2695/2439/1770
f 2678/2425/1754 2719/2425/190 2699/2442/1774
f 2672/2419/1748 2724/2419/1796 2693/2413/1768
f 2686/2433/1762 2698/2441/1773 2691/2437/1766
f 2623/2370/1699 2717/2370/1792 2700/2368/1775
f 2701/2443/1776 2612/2359/1688 2690/2359/199
f 2698/2441/1773 2711/2446/1786 2703/2444/1778
f 2659/2406/1735 2664/2411/1740 2694/2411/1769
f 2645/2392/1721 2707/2392/1782 2705/2387/1780
f 2692/2438/1767 2691/2437/1766 2703/2444/1778
f 2646/2393/1722 2723/2393/1795 2707/2392/1782
f 2621/2368/1697 2700/2368/1775 2709/2362/1784
f 2633/2380/1709 2722/2380/191 2710/2375/1785
f 2695/2439/1770 2708/2445/1783 2711/2446/1786
f 2657/2404/1733 2720/2404/210 2712/2400/1787
f 2615/2362/1691 2709/2362/1784 2713/2360/1788
f 2688/2435/1764 2725/2435/1797 2714/2431/1789
f 2708/2445/1783 2721/2450/1794 2715/2447/1790
f 2640/2387/1716 2705/2387/1780 2716/2448/1791
f 2628/2375/1704 2710/2375/1785 2717/2370/1792
f 2711/2446/1786 2715/2447/1790 2718/2449/1793
f 2684/2431/1760 2714/2431/1789 2719/2425/190
f 2706/2440/1781 2701/2443/1776 2702/2443/1777
f 2703/2444/1778 2718/2449/1793 2701/2443/1776
f 2657/2404/1733 2659/2406/1735 2704/2406/1779
f 2701/2443/1776 2718/2449/1793 2611/2358/1687
f 2715/2447/1790 2721/2450/1794 2605/2352/1682
f 2634/2381/1710 2716/2448/1791 2722/2380/191
f 2718/2449/1793 2715/2447/1790 2609/2356/1685
f 2653/2400/1729 2712/2400/1787 2723/2393/1795
f 2676/2423/1752 2699/2442/1774 2724/2419/1796
f 2688/2435/1764 2692/2438/1767 2697/2438/1772
f 2726/2451/1798 2728/2453/1799 2729/2454/1800
f 2730/2455/1801 2729/2454/1800 2731/2456/1802
f 2733/2458/1804 2732/2457/1803 2731/2456/1802
f 2729/2454/1800 2738/2463/1809 2735/2460/1806
f 2734/2459/1805 2731/2456/1802 2735/2460/1806
f 2729/2454/1800 2728/2453/1799 2737/2462/1808
f 2738/2463/1809 2737/2462/1808 2739/2464/1810
f 2735/2460/1806 2738/2463/1809 2740/2465/1811
f 2736/2461/1807 2735/2460/1806 2741/2466/1812
f 2742/2467/1813 2741/2466/1812 2743/2468/1814
f 2739/2464/1810 2745/2470/1816 2746/2471/1817
f 2740/2465/1811 2746/2471/1817 2743/2468/1814
f 2743/2468/1814 2746/2471/1817 2747/2472/1818
f 2744/2469/1815 2743/2468/1814 2748/2473/1819
f 2746/2471/1817 2745/2470/1816 2750/2475/1821
f 2747/2472/1818 2750/2475/1821 2751/2476/1822
f 2747/2472/1818 2752/2477/1823 2753/2478/1824
f 2748/2473/1819 2753/2478/1824 2754/2479/1825
f 2753/2478/1824 2758/2483/1829 2755/2480/1826
f 2751/2476/1822 2756/2481/1827 2757/2482/1828
f 2752/2477/1823 2757/2482/1828 2758/2483/1829
f 2757/2482/1828 2762/2487/1833 2759/2484/1830
f 2755/2480/1826 2758/2483/1829 2759/2484/1830
f 2757/2482/1828 2756/2481/1827 2761/2486/1832
f 2762/2487/1833 2761/2486/1832 2763/2488/1834
f 2762/2487/1833 2764/2489/1835 2765/2490/1836
f 2760/2485/1831 2759/2484/1830 2765/2490/1836
f 2766/2491/1837 2765/2490/1836 2767/2492/1838
f 2764/2489/1835 2763/2488/1834 2769/2494/1840
f 2764/2489/1835 2770/2495/1841 2767/2492/1838
f 2770/2495/1841 2769/2494/1840 2771/2496/1842
f 2770/2495/1841 2772/2497/1843 2773/2498/1844
f 2768/2493/1839 2767/2492/1838 2773/2498/1844
f 2771/2496/1842 2775/2500/1846 2776/2501/1847
f 2772/2497/1843 2776/2501/1847 2777/2502/1848
f 2773/2498/1844 2777/2502/1848 2778/2503/1849
f 2776/2501/1847 2782/2507/1853 2779/2504/1850
f 2778/2503/1849 2777/2502/1848 2779/2504/1850
f 2776/2501/1847 2775/2500/1846 2781/2506/1852
f 2781/2506/1852 2786/2511/1857 2783/2508/1854
f 2779/2504/1850 2782/2507/1853 2783/2508/1854
f 2779/2504/1850 2784/2509/1855 2785/2510/1856
f 2784/2509/1855 2790/2515/1861 2787/2512/1858
f 2786/2511/1857 2788/2513/1859 2789/2514/1860
f 2784/2509/1855 2783/2508/1854 2789/2514/1860
f 2790/2515/1861 2789/2514/1860 2791/2516/1862
f 2790/2515/1861 2792/2517/1863 2793/2518/1864
f 2788/2513/1859 2794/2519/1865 2791/2516/1862
f 2794/2519/1865 2798/2523/1869 2795/2520/1866
f 2791/2516/1862 2795/2520/1866 2796/2521/1867
f 2792/2517/1863 2796/2521/1867 2797/2522/1868
f 2796/2521/1867 2802/2527/1873 2799/2524/1870
f 2795/2520/1866 2798/2523/1869 2800/2525/1871
f 2796/2521/1867 2795/2520/1866 2801/2526/1872
f 2802/2527/1873 2801/2526/1872 2803/2528/1874
f 2799/2524/1870 2802/2527/1873 2804/2529/1875
f 2800/2525/1871 2806/2531/1877 2803/2528/1874
f 2806/2531/1877 2810/2535/1881 2807/2532/1878
f 2803/2528/1874 2807/2532/1878 2808/2533/1879
f 2805/2530/1876 2804/2529/1875 2808/2533/1879
f 2734/2459/1805 2835/2459/1777 2811/2458/199
f 2809/2534/1880 2808/2533/1879 2812/2536/1882
f 2785/2510/1856 2787/2512/1858 2814/2512/1782
f 2813/2537/1883 2828/2539/1888 2817/2539/1784
f 2807/2532/1878 2810/2535/1881 2816/2538/1884
f 2799/2524/1870 2841/2524/191 2820/2522/1791
f 2787/2512/1858 2793/2518/1864 2821/2518/1780
f 2807/2532/1878 2819/2540/1885 2812/2536/1882
f 2744/2469/1815 2839/2469/1797 2822/2467/1772
f 2733/2458/1804 2811/2458/199 2823/2541/1788
f 2819/2540/1885 2833/2544/1890 2825/2542/1887
f 2780/2505/1851 2785/2510/1856 2815/2510/1795
f 2766/2491/1837 2829/2491/1768 2827/2485/1796
f 2813/2537/1883 2812/2536/1882 2825/2542/1887
f 2768/2493/1839 2845/2493/1769 2829/2491/1768
f 2742/2467/1813 2822/2467/1772 2831/2461/1771
f 2754/2479/1825 2844/2479/190 2832/2474/1789
f 2816/2538/1884 2830/2543/1889 2833/2544/1890
f 2778/2503/1849 2842/2503/210 2834/2499/1779
f 2736/2461/1807 2831/2461/1771 2835/2459/1777
f 2809/2534/1880 2846/2534/1792 2836/2530/1785
f 2830/2543/1889 2843/2547/1893 2837/2545/1891
f 2760/2485/1831 2827/2485/1796 2838/2480/1774
f 2744/2469/1815 2749/2474/1820 2832/2474/1789
f 2833/2544/1890 2837/2545/1891 2840/2546/1892
f 2805/2530/1876 2836/2530/1785 2841/2524/191
f 2828/2539/1888 2824/2541/1886 2823/2541/1788
f 2825/2542/1887 2840/2546/1892 2824/2541/1886
f 2780/2505/1851 2826/2505/1787 2842/2503/210
f 2824/2541/1886 2840/2546/1892 2732/2457/1803
f 2837/2545/1891 2843/2547/1893 2726/2451/1798
f 2754/2479/1825 2755/2480/1826 2838/2480/1774
f 2840/2546/1892 2837/2545/1891 2730/2455/1801
f 2774/2499/1845 2834/2499/1779 2845/2493/1769
f 2797/2522/1868 2820/2522/1791 2821/2518/1780
f 2809/2534/1880 2813/2537/1883 2818/2537/1775
f 2847/1408/1894 2084/1408/1907 2083/1407/1895
f 2074/1401/1896 2079/1401/1930 2078/1405/1897
f 2849/1405/1368 2078/1405/1897 2121/1423/1898
f 2851/1417/1900 2898/2549/1953 2852/1434/1901
f 2854/1420/1903 2115/1420/1941 2112/1418/1904
f 2855/1418/1323 2112/1418/1904 2110/1416/1905
f 2084/1408/1907 2847/1408/1894 2857/1571/1908
f 2858/1414/1910 2106/1414/1973 2103/1412/1911
f 2859/1412/1090 2103/1412/1911 2100/1410/1912
f 2058/1395/168 2092/1395/2036 2086/1404/1914
f 2102/1411/1916 2155/1449/1997 2861/1449/1917
f 2059/1394/1919 2307/1394/1267 2863/1410/1282
f 2068/1399/1920 2308/1399/882 2864/1411/1484
f 2071/1400/1921 2070/1400/1423 2865/1407/173
f 2860/1410/1913 2863/1410/1282 2866/1412/1090
f 2862/1411/1918 2864/1411/1484 2867/1413/1490
f 2859/1412/1090 2866/1412/1090 2869/1414/1152
f 2868/1413/1490 2867/1413/1490 2870/1415/1503
f 2858/1414/1910 2869/1414/1152 2871/1416/1310
f 2853/1415/1902 2870/1415/1503 2872/1417/190
f 2856/1416/1906 2871/1416/1310 2873/1418/1323
f 2851/1417/1900 2872/1417/190 2874/1419/1527
f 2855/1418/1323 2873/1418/1323 2876/1420/1327
f 2875/1419/1922 2874/1419/1527 2877/1421/1553
f 2854/1420/1903 2876/1420/1327 2879/1385/191
f 2878/1421/1553 2877/1421/1553 2881/1422/1562
f 2880/1385/1923 2879/1385/191 2883/1423/1352
f 2882/1422/1924 2881/1422/1562 2884/1391/883
f 2850/1423/1899 2883/1423/1352 2886/1405/1368
f 2885/1391/1925 2884/1391/883 2887/1406/1102
f 2849/1405/1368 2886/1405/1368 2072/1401/1383
f 2888/1406/1102 2887/1406/1102 2075/1403/1615
f 2848/1407/173 2865/1407/173 2889/1408/1447
f 2847/1408/1894 2889/1408/1447 2890/1409/1453
f 2076/1404/1915 2310/1404/1622 2066/1395/168
f 2891/1409/1927 2890/1409/1453 2067/1398/1928
f 2181/1429/1929 2131/1429/1980 2079/1401/1930
f 2133/1431/1931 2151/1431/1984 2082/1403/1932
f 2069/1398/1928 2093/1398/2037 2088/1409/1933
f 2098/1400/1934 2126/1424/1995 2156/1424/1935
f 2119/1422/1936 2882/1422/1924 2892/1392/1937
f 2848/1407/173 2083/1407/1895 2098/1400/1934
f 2868/1413/1490 2105/1413/1939 2102/1411/1916
f 2853/1415/1902 2108/1415/1950 2105/1413/1939
f 2880/1385/1923 2896/2548/1949 2893/1386/1940
f 2115/1420/1941 2854/1420/1903 2893/1386/1940
f 2878/1421/1553 2117/1421/1944 2114/1419/1943
f 2882/1422/1924 2119/1422/1936 2117/1421/1944
f 2086/1404/1914 2184/1432/1989 2134/1432/1945
f 2888/1406/1102 2081/1406/1947 2053/1391/1946
f 2077/1403/1926 2082/1403/1932 2081/1406/1947
f 2880/1385/1923 2850/1423/1899 2895/1433/1948
f 2108/1415/1950 2853/1415/1902 2852/1434/1901
f 2121/1423/1898 2135/1433/1965 2895/1433/1948
f 2114/1419/1943 2138/1436/1960 2897/1436/1952
f 2851/1417/1900 2875/1419/1922 2897/1436/1952
f 2896/2548/1949 2900/2551/1968 2215/1471/1954
f 2899/1448/1955 2214/1454/1986 2172/1452/1956
f 2055/1393/1957 2182/1463/2038 2198/1463/1958
f 2138/1436/1960 2142/1440/2039 2201/1440/1961
f 2136/1434/1951 2852/1434/1901 2221/1468/1962
f 2040/1386/1942 2893/1386/1940 2215/1471/1954
f 2135/1433/1965 2140/1438/2040 2193/1438/1966
f 2898/2549/1953 2897/1436/1952 2201/1440/1961
f 2898/2549/1953 2894/2550/1967 2221/1468/1962
f 2896/2548/1949 2895/1433/1948 2193/1438/1966
f 2053/1391/1946 2055/1393/1957 2901/1393/1959
f 2100/1410/1912 2150/1447/2000 2902/1447/1969
f 2885/1391/1925 2901/1393/1959 2892/1392/1937
f 2847/1408/1894 2891/1409/1927 2899/1448/1955
f 2088/1409/1933 2153/1448/1985 2899/1448/1955
f 2110/1416/1905 2145/1443/1993 2903/1443/1970
f 2860/1410/1913 2902/1447/1969 2154/1444/1971
f 2068/1399/1920 2862/1411/1918 2861/1449/1917
f 2106/1414/1973 2858/1414/1910 2904/1441/1974
f 2856/1416/1906 2903/1443/1970 2904/1441/1974
f 2198/1463/1958 2197/1466/2013 2202/1472/1976
f 2861/1449/1917 2223/1462/1998 2177/1461/1978
f 2180/1427/1979 2129/1427/2041 2131/1429/2042
f 2892/1392/1937 2901/1393/1959 2198/1463/1958
f 2311/1571/1909 2857/1571/1908 2172/1452/1956
f 2196/1467/1983 2191/1467/2043 2151/1431/1984
f 2153/1448/1985 2163/1454/2044 2214/1454/1986
f 2143/1441/1975 2904/1441/1974 2167/1456/1987
f 2184/1432/1989 2183/1430/2045 2132/1430/1990
f 2154/1444/1971 2902/1447/1969 2169/1446/1991
f 2145/1443/1993 2144/1442/2046 2217/1442/1994
f 2126/1424/1995 2128/1426/2047 2171/1426/1996
f 2155/1449/1997 2179/1462/2048 2223/1462/1998
f 2904/1441/1974 2903/1443/1970 2217/1442/1994
f 2054/1392/1938 2892/1392/1937 2313/1482/1981
f 2150/1447/2000 2149/1446/2049 2169/1446/1991
f 2172/1452/1956 2214/1454/1986 2314/1453/2001
f 2169/1446/1991 2168/1455/2006 2210/1464/2003
f 2177/1461/1978 2223/1462/1998 2222/1479/2004
f 2168/1455/2006 2164/1455/2050 2186/1464/2007
f 2222/1479/2004 2218/1479/2051 2209/1476/2008
f 2314/1453/2001 2162/1453/2052 2166/1457/2009
f 2216/1478/2010 2219/1478/2053 2226/1481/2011
f 2197/1466/2013 2190/1466/2020 2220/1472/2014
f 2166/1457/2009 2204/1465/2054 2189/1465/2015
f 2315/1480/2016 2218/1479/2051 2222/1479/2004
f 2227/1473/2018 2315/1480/2016 2225/1480/2017
f 2227/1473/2018 2203/1473/2019 2202/1472/1976
f 2190/1466/2020 2197/1466/2013 2205/1474/2021
f 2226/1481/2011 2164/1455/2050 2168/1455/2006
f 2211/1477/2023 2219/1478/2053 2216/1478/2010
f 2217/1442/1994 2216/1478/2010 2312/1481/2012
f 2309/2556/210 2869/2557/210 2884/2558/210
f 2140/1438/2055 2180/1427/2055 2193/1438/2055
f 2313/1482/2056 2142/1440/2057 2228/1482/2056
f 3402/2351/1665 3404/1572/2032 3406/1574/2034
f 3403/2350/1659 3406/1574/2034 3405/1573/2058
f 2511/2244/1522 1688/1078/1652 2512/1896/1523
f 2580/2320/1605 2512/1896/1523 2298/1552/2035
f 1862/1251/2033 3403/2350/1659 3405/1573/2058
f 2587/2327/1614 3402/2351/1665 3403/2350/1659
f 2587/2327/1614 2562/2299/1585 3401/1897/1649
f 1862/1251/2033 2576/2315/1598 3403/2350/1659
f 2884/2558/210 2881/2559/210 2872/2560/210
f 2881/2559/210 2877/2561/210 2872/2560/210
f 2877/2561/210 2874/2562/210 2872/2560/210
f 2872/2560/210 2870/2563/210 2867/2564/210
f 2867/2564/210 2864/2565/2059 2872/2560/210
f 2864/2565/2059 2308/2566/2060 2872/2560/210
f 2308/2566/2060 2067/2567/210 2890/2568/210
f 2890/2568/210 2889/2569/2061 2865/2570/210
f 2865/2570/210 2070/2571/2062 2306/2572/210
f 2306/2572/210 2063/2573/210 2309/2556/210
f 2309/2556/210 2072/2574/2063 2879/2575/210
f 2072/2574/2064 2886/2576/210 2879/2575/210
f 2886/2576/210 2883/2577/210 2879/2575/210
f 2879/2575/210 2876/2578/210 2873/2579/210
f 2873/2579/210 2871/2580/210 2879/2575/210
f 2871/2580/210 2869/2557/210 2879/2575/210
f 2869/2557/210 2866/2581/210 2863/2582/210
f 2863/2582/210 2307/2583/2065 2066/2584/210
f 2066/2584/210 2310/2585/2066 2075/2586/210
f 2075/2586/210 2887/2587/210 2884/2558/210
f 2308/2566/2060 2890/2568/210 2309/2556/210
f 2890/2568/210 2865/2570/210 2309/2556/210
f 2865/2570/210 2306/2572/210 2309/2556/210
f 2869/2557/210 2863/2582/210 2066/2584/210
f 2066/2584/210 2075/2586/210 2869/2557/210
f 2075/2586/210 2884/2558/210 2869/2557/210
f 2884/2558/210 2872/2560/210 2309/2556/210
f 2872/2560/210 2308/2566/2060 2309/2556/210
f 2309/2556/210 2879/2575/210 2869/2557/210
f 2140/1438/2055 2129/1427/2067 2180/1427/2055
f 2313/1482/2056 2201/1440/2056 2142/1440/2057
s 0
f 3561/2588/190 3562/2589/190 3563/2590/190
f 3565/2591/191 3567/2592/191 3568/2593/191
f 3563/2594/2068 4267/2595/2068 3561/2596/2068
f 3565/2597/173 3570/2598/173 3566/2599/173
f 3571/2600/168 3572/2601/168 3573/2602/168
f 3570/2603/2069 4269/2604/2069 4273/2605/2069
f 3572/2606/2070 4267/2595/2070 4268/2607/2070
f 3568/2608/2071 4270/2609/2071 4269/2604/2071
f 3572/2606/2070 4272/2610/2070 3580/2611/2070
f 3581/2612/2069 4271/2613/2069 3563/2594/2069
f 3573/2602/168 3580/2614/168 3564/2615/168
f 3583/2616/173 3563/2590/173 3562/2589/173
f 3564/2617/168 3567/2618/168 3584/2619/168
f 3580/2611/2070 4270/2609/2070 3567/2620/2070
f 3581/2612/2069 4273/2605/2069 4274/2621/2069
f 3566/2599/173 3581/2622/173 3583/2616/173
f 3561/2588/190 3571/2623/190 3562/2589/190
f 3565/2591/191 3584/2624/191 3567/2592/191
f 3563/2594/2068 4271/2613/2068 4267/2595/2068
f 3565/2597/173 3568/2625/173 3570/2598/173
f 3571/2600/168 3561/2626/168 3572/2601/168
f 3570/2603/2069 3568/2608/2069 4269/2604/2069
f 3572/2606/2070 3561/2596/2070 4267/2595/2070
f 3568/2608/2071 3567/2620/2071 4270/2609/2071
f 3572/2606/2070 4268/2607/2070 4272/2610/2070
f 3581/2612/2069 4274/2621/2069 4271/2613/2069
f 3573/2602/168 3572/2601/168 3580/2614/168
f 3583/2616/173 3581/2622/173 3563/2590/173
f 3564/2617/168 3580/2627/168 3567/2618/168
f 3580/2611/2070 4272/2610/2070 4270/2609/2070
f 3581/2612/2069 3570/2603/2069 4273/2605/2069
f 3574/2628/168 4282/2629/168 3582/2629/168
f 3566/2599/173 3570/2598/173 3581/2622/173
f 3852/2630/1622 3884/2631/1622 3883/2632/1622
f 3854/2633/1102 3885/2634/1102 3884/2631/1102
f 3885/2634/1562 3858/2635/1562 3886/2636/1562
f 3886/2636/1527 3860/2637/1527 3887/2638/1527
f 3887/2638/1503 3862/2639/1503 3888/2640/1503
f 3888/2640/1484 3864/2641/1484 3889/2642/1484
f 3864/2641/927 3890/2643/927 3889/2642/927
f 3866/2644/1447 3891/2645/1447 3890/2643/1447
f 3868/2646/1423 3892/2647/1423 3891/2648/1423
f 3892/2647/668 3872/2649/668 3893/2650/668
f 3872/2649/1383 3894/2651/1383 3893/2650/1383
f 3874/2652/1352 3895/2653/1352 3894/2651/1352
f 3876/2654/1327 3896/2655/1327 3895/2653/1327
f 3878/2656/1310 3897/2657/1310 3896/2655/1310
f 3856/2658/2072 4046/2659/2072 3858/2635/2072
f 3880/2660/1090 3898/2661/1090 3897/2657/1090
f 3882/2662/1267 3883/2632/1267 3898/2661/1267
f 3879/2663/1484 3928/2664/1484 3877/2665/1484
f 3853/2666/210 3883/2667/210 3884/2668/210
f 3855/2669/210 3884/2668/210 3885/2670/210
f 3857/2671/210 3885/2670/210 3886/2672/210
f 3857/2671/210 3887/2673/210 3859/2674/210
f 3859/2674/210 3888/2675/210 3861/2676/210
f 3861/2676/210 3889/2677/210 3863/2678/210
f 3863/2678/210 3890/2679/210 3865/2680/210
f 3865/2680/210 3891/2681/210 3867/2682/210
f 3869/2683/210 3891/2681/210 3892/2684/210
f 3871/2685/210 3892/2684/210 3893/2686/210
f 3873/2687/210 3893/2686/210 3894/2688/210
f 3873/2687/210 3895/2689/210 3875/2690/210
f 3877/2691/210 3895/2689/210 3896/2692/210
f 3877/2691/210 3897/2693/210 3879/2694/210
f 3879/2694/210 3898/2695/210 3881/2696/210
f 3881/2696/210 3883/2667/210 3851/2697/210
f 3905/2698/927 3954/2699/927 3953/2700/927
f 3865/2701/1090 3921/2702/1090 3863/2703/1090
f 3879/2663/927 3930/2704/927 3929/2705/927
f 3867/2706/1267 3922/2707/1267 3865/2701/1267
f 3853/2708/1423 3915/2709/1423 3851/2710/1423
f 3881/2711/1447 3915/2709/1447 3930/2704/1447
f 3869/2712/1622 3923/2713/1622 3867/2714/1622
f 3855/2634/668 3916/2715/668 3853/2708/668
f 3871/2716/1102 3924/2717/1102 3869/2712/1102
f 3857/2718/1383 3917/2719/1383 3855/2634/1383
f 3873/2720/1562 3925/2721/1562 3871/2716/1562
f 3859/2722/1352 3918/2723/1352 3857/2718/1352
f 3873/2720/1527 3927/2724/1527 3926/2725/1527
f 3859/2722/1327 3920/2726/1327 3919/2727/1327
f 3875/2728/1503 3928/2664/1503 3927/2724/1503
f 3861/2729/1310 3921/2702/1310 3920/2726/1310
f 3899/2730/210 3916/2666/210 3900/2731/210
f 3900/2731/210 3917/2669/210 3901/2732/210
f 3902/2733/210 3917/2669/210 3918/2671/210
f 3903/2734/210 3918/2671/210 3919/2674/210
f 3904/2735/210 3919/2674/210 3920/2676/210
f 3904/2735/210 3921/2678/210 3905/2736/210
f 3906/2737/210 3921/2678/210 3922/2680/210
f 3907/2738/210 3922/2680/210 3923/2682/210
f 3907/2738/210 3924/2683/210 3908/2739/210
f 3909/2740/210 3924/2683/210 3925/2685/210
f 3910/2741/210 3925/2685/210 3926/2687/210
f 3910/2741/210 3927/2690/210 3911/2742/210
f 3912/2743/210 3927/2690/210 3928/2691/210
f 3912/2743/210 3929/2694/210 3913/2744/210
f 3913/2744/210 3930/2696/210 3914/2745/210
f 3899/2730/210 3930/2696/210 3915/2697/210
f 3933/2746/1102 3980/2747/1102 3932/2748/1102
f 3914/2749/1090 3961/2750/1090 3913/2751/1090
f 3907/2752/1447 3954/2699/1447 3906/2753/1447
f 3899/2754/1622 3948/2755/1622 3947/2756/1622
f 3914/2749/1267 3947/2756/1267 3962/2757/1267
f 3908/2758/1423 3955/2759/1423 3907/2760/1423
f 3900/2761/1102 3949/2762/1102 3948/2755/1102
f 3909/2721/668 3956/2763/668 3908/2758/668
f 3901/2764/1562 3950/2765/1562 3949/2762/1562
f 3910/2766/1383 3957/2767/1383 3909/2721/1383
f 3903/2768/1527 3950/2765/1527 3902/2769/1527
f 3911/2770/1352 3958/2771/1352 3910/2766/1352
f 3903/2768/1503 3952/2772/1503 3951/2773/1503
f 3911/2770/1327 3960/2774/1327 3959/2775/1327
f 3905/2698/1484 3952/2772/1484 3904/2776/1484
f 3912/2777/1310 3961/2750/1310 3960/2774/1310
f 3932/2778/210 3947/2730/210 3948/2731/210
f 3933/2779/210 3948/2731/210 3949/2780/210
f 3934/2781/210 3949/2780/210 3950/2733/210
f 3934/2781/210 3951/2734/210 3935/2782/210
f 3936/2783/210 3951/2734/210 3952/2735/210
f 3936/2783/210 3953/2736/210 3937/2784/210
f 3937/2784/210 3954/2737/210 3938/2785/210
f 3938/2785/210 3955/2738/210 3939/2786/210
f 3940/2787/210 3955/2738/210 3956/2739/210
f 3940/2787/210 3957/2740/210 3941/2788/210
f 3941/2788/210 3958/2741/210 3942/2789/210
f 3942/2789/210 3959/2790/210 3943/2791/210
f 3944/2792/210 3959/2790/210 3960/2743/210
f 3945/2793/210 3960/2743/210 3961/2794/210
f 3946/2795/210 3961/2794/210 3962/2745/210
f 3946/2795/210 3947/2730/210 3931/2796/210
f 3975/2797/1352 4006/2798/1352 3974/2799/1352
f 3941/2800/668 3988/2801/668 3940/2802/668
f 3933/2746/1562 3982/2803/1562 3981/2804/1562
f 3942/2805/1383 3989/2806/1383 3941/2800/1383
f 3935/2807/1527 3982/2803/1527 3934/2808/1527
f 3943/2809/1352 3990/2810/1352 3942/2805/1352
f 3935/2807/1503 3984/2811/1503 3983/2812/1503
f 3943/2809/1327 3992/2813/1327 3991/2814/1327
f 3937/2815/1484 3984/2811/1484 3936/2816/1484
f 3945/2817/1310 3992/2813/1310 3944/2818/1310
f 3937/2815/927 3986/2819/927 3985/2820/927
f 3946/2821/1090 3993/2822/1090 3945/2817/1090
f 3938/2823/1447 3987/2824/1447 3986/2819/1447
f 3931/2825/1622 3980/2747/1622 3979/2826/1622
f 3931/2825/1267 3994/2827/1267 3946/2821/1267
f 3940/2802/1423 3987/2828/1423 3939/2829/1423
f 3964/2830/210 3979/2796/210 3980/2778/210
f 3964/2830/210 3981/2779/210 3965/2831/210
f 3966/2832/210 3981/2779/210 3982/2781/210
f 3966/2832/210 3983/2782/210 3967/2833/210
f 3968/2834/210 3983/2782/210 3984/2783/210
f 3968/2834/210 3985/2784/210 3969/2835/210
f 3970/2836/210 3985/2784/210 3986/2785/210
f 3970/2836/210 3987/2786/210 3971/2837/210
f 3972/2838/210 3987/2786/210 3988/2787/210
f 3972/2838/210 3989/2788/210 3973/2839/210
f 3974/2840/210 3989/2788/210 3990/2789/210
f 3974/2840/210 3991/2791/210 3975/2841/210
f 3976/2842/210 3991/2791/210 3992/2792/210
f 3976/2842/210 3993/2843/210 3977/2844/210
f 3978/2845/210 3993/2843/210 3994/2795/210
f 3978/2845/210 3979/2796/210 3963/2846/210
f 4004/2847/2073 4021/2848/2073 4020/2849/2073
f 3967/2850/1503 4000/2851/1503 3999/2852/1503
f 3975/2797/1327 4008/2853/1327 4007/2854/1327
f 3968/2855/2074 4001/2856/2074 4000/2851/2074
f 3977/2857/1310 4008/2853/1310 3976/2858/1310
f 3969/2859/669 4002/2860/669 4001/2856/669
f 3978/2861/2075 4009/2862/2075 3977/2857/2075
f 3971/2863/1447 4002/2860/1447 3970/2864/1447
f 3963/2865/1622 3996/2866/1622 3995/2867/1622
f 3978/2861/1267 3995/2867/1267 4010/2868/1267
f 3972/2869/1423 4003/2870/1423 3971/2871/1423
f 3964/2872/2076 3997/2873/2076 3996/2866/2076
f 3973/2874/668 4004/2847/668 3972/2869/668
f 3965/2875/1562 3998/2876/1562 3997/2873/1562
f 3974/2799/1383 4005/2877/1383 3973/2874/1383
f 3967/2850/1527 3998/2876/1527 3966/2878/1527
f 4026/2879/2077 4041/2880/2077 4025/2881/2077
f 3998/2876/2078 4013/2882/2078 3997/2873/2078
f 4006/2798/2079 4021/2848/2079 4005/2877/2079
f 3999/2852/2080 4014/2883/2080 3998/2876/2080
f 4006/2798/2081 4023/2884/2081 4022/2885/2081
f 4000/2851/2082 4015/2886/2082 3999/2852/2082
f 4008/2853/2083 4023/2884/2083 4007/2854/2083
f 4000/2851/2084 4017/2887/2084 4016/2888/2084
f 4008/2853/2085 4025/2881/2085 4024/2889/2085
f 4002/2860/2086 4017/2887/2086 4001/2856/2086
f 4009/2862/2087 4026/2879/2087 4025/2881/2087
f 4003/2890/2088 4018/2891/2088 4002/2860/2088
f 3996/2866/2089 4011/2892/2089 3995/2867/2089
f 4010/2868/2090 4011/2892/2090 4026/2879/2090
f 4004/2847/2091 4019/2893/2091 4003/2870/2091
f 3996/2866/2092 4013/2882/2092 4012/2894/2092
f 4034/2895/210 4038/2896/210 4042/2897/210
f 4018/2891/2093 4035/2898/2093 4034/2899/2093
f 4012/2894/2094 4027/2900/2094 4011/2892/2094
f 4011/2892/2095 4042/2901/2095 4026/2879/2095
f 4019/2893/2096 4036/2902/2096 4035/2903/2096
f 4013/2882/2097 4028/2904/2097 4012/2894/2097
f 4020/2849/2098 4037/2905/2098 4036/2902/2098
f 4013/2882/2099 4030/2906/2099 4029/2907/2099
f 4021/2848/2100 4038/2908/2100 4037/2905/2100
f 4014/2883/2101 4031/2909/2101 4030/2906/2101
f 4023/2884/2102 4038/2908/2102 4022/2885/2102
f 4016/2888/2103 4031/2909/2103 4015/2886/2103
f 4023/2884/2104 4040/2910/2104 4039/2911/2104
f 4016/2888/2105 4033/2912/2105 4032/2913/2105
f 4025/2881/2106 4040/2910/2106 4024/2889/2106
f 4017/2887/2107 4034/2899/2107 4033/2912/2107
f 4051/2914/199 4049/2915/199 4045/2916/199
f 3868/2917/2108 4050/2918/2108 4051/2919/2108
f 3852/2630/2109 4043/2920/2109 3854/2633/2109
f 3878/2656/2110 4055/2921/2110 4056/2922/2110
f 3862/2639/2111 4049/2923/2111 3864/2641/2111
f 3874/2652/2112 4053/2924/2112 4054/2925/2112
f 3852/2630/2113 4058/2926/2113 4044/2927/2113
f 3858/2635/2114 4047/2928/2114 3860/2637/2114
f 3868/2646/2115 4052/2929/2115 3870/2930/2115
f 3880/2660/2116 4056/2922/2116 4057/2931/2116
f 3854/2633/2117 4045/2932/2117 3856/2658/2117
f 3866/2644/2118 4049/2923/2118 4050/2918/2118
f 3876/2654/2119 4054/2925/2119 4055/2921/2119
f 3860/2637/2120 4048/2933/2120 3862/2639/2120
f 3870/2930/2121 4053/2924/2121 3872/2649/2121
f 3882/2662/2122 4057/2931/2122 4058/2926/2122
f 4060/2934/1622 4092/2935/1622 4091/2936/1622
f 4062/2937/1102 4093/2938/1102 4092/2935/1102
f 4093/2938/1562 4066/2939/1562 4094/2940/1562
f 4094/2940/1527 4068/2941/1527 4095/2942/1527
f 4095/2942/1503 4070/2943/1503 4096/2944/1503
f 4096/2944/1484 4072/2945/1484 4097/2946/1484
f 4072/2945/927 4098/2947/927 4097/2946/927
f 4074/2948/1447 4099/2949/1447 4098/2947/1447
f 4076/2950/1423 4100/2951/1423 4099/2952/1423
f 4100/2951/668 4080/2953/668 4101/2954/668
f 4080/2953/1383 4102/2955/1383 4101/2954/1383
f 4082/2956/1352 4103/2957/1352 4102/2955/1352
f 4084/2958/1327 4104/2959/1327 4103/2957/1327
f 4086/2960/1310 4105/2961/1310 4104/2959/1310
f 4064/2962/2072 4254/2963/2072 4066/2939/2072
f 4088/2964/1090 4106/2965/1090 4105/2961/1090
f 4090/2966/1267 4091/2936/1267 4106/2965/1267
f 4087/2967/1484 4136/2968/1484 4085/2969/1484
f 4061/2970/210 4091/2971/210 4092/2972/210
f 4063/2973/210 4092/2972/210 4093/2974/210
f 4065/2975/210 4093/2974/210 4094/2976/210
f 4065/2975/210 4095/2977/210 4067/2978/210
f 4067/2978/210 4096/2979/210 4069/2980/210
f 4069/2980/210 4097/2981/210 4071/2982/210
f 4071/2982/210 4098/2983/210 4073/2984/210
f 4073/2984/210 4099/2985/210 4075/2986/210
f 4077/2987/210 4099/2985/210 4100/2988/210
f 4079/2989/210 4100/2988/210 4101/2990/210
f 4081/2991/210 4101/2990/210 4102/2992/210
f 4081/2991/210 4103/2993/210 4083/2994/210
f 4085/2995/210 4103/2993/210 4104/2996/210
f 4085/2995/210 4105/2997/210 4087/2998/210
f 4087/2998/210 4106/2999/210 4089/3000/210
f 4089/3000/210 4091/2971/210 4059/3001/210
f 4113/3002/927 4162/3003/927 4161/3004/927
f 4073/3005/1090 4129/3006/1090 4071/3007/1090
f 4087/2967/927 4138/3008/927 4137/3009/927
f 4075/3010/1267 4130/3011/1267 4073/3005/1267
f 4061/2935/1423 4123/3012/1423 4059/3013/1423
f 4089/3014/1447 4123/3012/1447 4138/3008/1447
f 4077/2951/1622 4131/3015/1622 4075/2952/1622
f 4063/3016/668 4124/3017/668 4061/2935/668
f 4079/3018/1102 4132/3019/1102 4077/2951/1102
f 4065/3020/1383 4125/3021/1383 4063/3016/1383
f 4081/3022/1562 4133/3023/1562 4079/3018/1562
f 4067/3024/1352 4126/3025/1352 4065/3020/1352
f 4081/3022/1527 4135/3026/1527 4134/3027/1527
f 4067/3024/1327 4128/3028/1327 4127/3029/1327
f 4083/3030/1503 4136/2968/1503 4135/3026/1503
f 4069/3031/1310 4129/3006/1310 4128/3028/1310
f 4107/3032/210 4124/2970/210 4108/3033/210
f 4108/3033/210 4125/2973/210 4109/3034/210
f 4110/3035/210 4125/2973/210 4126/2975/210
f 4111/3036/210 4126/2975/210 4127/2978/210
f 4112/3037/210 4127/2978/210 4128/2980/210
f 4112/3037/210 4129/2982/210 4113/3038/210
f 4114/3039/210 4129/2982/210 4130/2984/210
f 4115/3040/210 4130/2984/210 4131/2986/210
f 4115/3040/210 4132/2987/210 4116/3041/210
f 4117/3042/210 4132/2987/210 4133/2989/210
f 4118/3043/210 4133/2989/210 4134/2991/210
f 4118/3043/210 4135/2994/210 4119/3044/210
f 4120/3045/210 4135/2994/210 4136/2995/210
f 4120/3045/210 4137/2998/210 4121/3046/210
f 4121/3046/210 4138/3000/210 4122/3047/210
f 4107/3032/210 4138/3000/210 4123/3001/210
f 4141/3048/1102 4188/3049/1102 4140/3050/1102
f 4122/3051/1090 4169/3052/1090 4121/3053/1090
f 4115/3054/1447 4162/3003/1447 4114/3055/1447
f 4107/3056/1622 4156/3057/1622 4155/3058/1622
f 4122/3051/1267 4155/3058/1267 4170/3059/1267
f 4116/3060/1423 4163/3061/1423 4115/3062/1423
f 4108/3063/1102 4157/3064/1102 4156/3057/1102
f 4117/3065/668 4164/3066/668 4116/3060/668
f 4109/3067/1562 4158/3068/1562 4157/3064/1562
f 4118/3069/1383 4165/3070/1383 4117/3065/1383
f 4111/3071/1527 4158/3068/1527 4110/3072/1527
f 4119/3073/1352 4166/3074/1352 4118/3069/1352
f 4111/3071/1503 4160/3075/1503 4159/3076/1503
f 4119/3073/1327 4168/3077/1327 4167/3078/1327
f 4113/3002/1484 4160/3075/1484 4112/3079/1484
f 4120/3080/1310 4169/3052/1310 4168/3077/1310
f 4140/3081/210 4155/3032/210 4156/3033/210
f 4141/3082/210 4156/3033/210 4157/3034/210
f 4142/3083/210 4157/3034/210 4158/3035/210
f 4142/3083/210 4159/3036/210 4143/3084/210
f 4144/3085/210 4159/3036/210 4160/3037/210
f 4144/3085/210 4161/3038/210 4145/3086/210
f 4145/3086/210 4162/3039/210 4146/3087/210
f 4146/3087/210 4163/3040/210 4147/3088/210
f 4148/3089/210 4163/3040/210 4164/3041/210
f 4148/3089/210 4165/3042/210 4149/3090/210
f 4149/3090/210 4166/3091/210 4150/3092/210
f 4150/3092/210 4167/3093/210 4151/3094/210
f 4152/3095/210 4167/3093/210 4168/3045/210
f 4153/3096/210 4168/3045/210 4169/3046/210
f 4154/3097/210 4169/3046/210 4170/3047/210
f 4154/3097/210 4155/3032/210 4139/3098/210
f 4183/3099/1352 4214/3100/1352 4182/3101/1352
f 4149/3102/1170 4196/3103/1170 4148/3104/1170
f 4141/3048/1562 4190/3105/1562 4189/3106/1562
f 4150/3107/1383 4197/3108/1383 4149/3102/1383
f 4143/3109/1527 4190/3105/1527 4142/3110/1527
f 4151/3111/1352 4198/3112/1352 4150/3107/1352
f 4143/3109/1503 4192/3113/1503 4191/3114/1503
f 4151/3111/1327 4200/3115/1327 4199/3116/1327
f 4145/3117/1484 4192/3113/1484 4144/3118/1484
f 4153/3119/1310 4200/3115/1310 4152/3120/1310
f 4145/3117/927 4194/3121/927 4193/3122/927
f 4154/3123/1090 4201/3124/1090 4153/3119/1090
f 4146/3125/1447 4195/3126/1447 4194/3121/1447
f 4139/3127/1622 4188/3049/1622 4187/3128/1622
f 4139/3127/1267 4202/3129/1267 4154/3123/1267
f 4148/3104/1423 4195/3130/1423 4147/3131/1423
f 4172/3132/210 4187/3098/210 4188/3081/210
f 4172/3132/210 4189/3082/210 4173/3133/210
f 4174/3134/210 4189/3082/210 4190/3083/210
f 4174/3134/210 4191/3084/210 4175/3135/210
f 4176/3136/210 4191/3084/210 4192/3085/210
f 4176/3136/210 4193/3086/210 4177/3137/210
f 4178/3138/210 4193/3086/210 4194/3087/210
f 4178/3138/210 4195/3088/210 4179/3139/210
f 4180/3140/210 4195/3088/210 4196/3089/210
f 4180/3140/210 4197/3090/210 4181/3141/210
f 4182/3142/210 4197/3090/210 4198/3092/210
f 4182/3142/210 4199/3094/210 4183/3143/210
f 4184/3144/210 4199/3094/210 4200/3095/210
f 4184/3144/210 4201/3096/210 4185/3145/210
f 4186/3146/210 4201/3096/210 4202/3097/210
f 4186/3146/210 4187/3098/210 4171/3147/210
f 4212/3148/2073 4229/3149/2073 4228/3150/2073
f 4175/3151/1503 4208/3152/1503 4207/3153/1503
f 4183/3099/1327 4216/3154/1327 4215/3155/1327
f 4176/3156/2123 4209/3157/2123 4208/3152/2123
f 4185/3158/1310 4216/3154/1310 4184/3159/1310
f 4177/3160/669 4210/3161/669 4209/3157/669
f 4186/3162/1090 4217/3163/1090 4185/3158/1090
f 4179/3164/1447 4210/3161/1447 4178/3165/1447
f 4171/3166/1622 4204/3167/1622 4203/3168/1622
f 4186/3162/1267 4203/3168/1267 4218/3169/1267
f 4180/3170/1423 4211/3171/1423 4179/3172/1423
f 4172/3173/2076 4205/3174/2076 4204/3167/2076
f 4181/3175/668 4212/3148/668 4180/3170/668
f 4173/3176/2124 4206/3177/2124 4205/3174/2124
f 4182/3101/2125 4213/3178/2125 4181/3175/2125
f 4175/3151/1527 4206/3177/1527 4174/3179/1527
f 4234/3180/2126 4249/3181/2126 4233/3182/2126
f 4206/3177/2127 4221/3183/2127 4205/3174/2127
f 4213/3178/2079 4230/3184/2079 4229/3149/2079
f 4207/3153/2128 4222/3185/2128 4206/3177/2128
f 4214/3100/2081 4231/3186/2081 4230/3184/2081
f 4208/3152/2082 4223/3187/2082 4207/3153/2082
f 4216/3154/2083 4231/3186/2083 4215/3155/2083
f 4208/3152/2129 4225/3188/2129 4224/3189/2129
f 4216/3154/2085 4233/3182/2085 4232/3190/2085
f 4210/3161/2130 4225/3188/2130 4209/3157/2130
f 4217/3163/2087 4234/3180/2087 4233/3182/2087
f 4211/3191/2131 4226/3192/2131 4210/3161/2131
f 4204/3167/2089 4219/3193/2089 4203/3168/2089
f 4218/3169/2132 4219/3193/2132 4234/3180/2132
f 4212/3148/2091 4227/3194/2091 4211/3171/2091
f 4204/3167/2133 4221/3183/2133 4220/3195/2133
f 4242/3196/210 4246/3197/210 4250/3198/210
f 4226/3192/2134 4243/3199/2134 4242/3200/2134
f 4220/3195/2094 4235/3201/2094 4219/3193/2094
f 4219/3193/2095 4250/3202/2095 4234/3180/2095
f 4227/3194/2135 4244/3203/2135 4243/3204/2135
f 4221/3183/2136 4236/3205/2136 4220/3195/2136
f 4228/3150/2137 4245/3206/2137 4244/3203/2137
f 4221/3183/2099 4238/3207/2099 4237/3208/2099
f 4229/3149/2100 4246/3209/2100 4245/3206/2100
f 4222/3185/2138 4239/3210/2138 4238/3207/2138
f 4231/3186/2102 4246/3209/2102 4230/3184/2102
f 4224/3189/2139 4239/3210/2139 4223/3187/2139
f 4231/3186/2140 4248/3211/2140 4247/3212/2140
f 4224/3189/2105 4241/3213/2105 4240/3214/2105
f 4233/3182/2106 4248/3211/2106 4232/3190/2106
f 4225/3188/2141 4242/3200/2141 4241/3213/2141
f 4259/3215/199 4257/3216/199 4253/3217/199
f 4076/3218/2108 4258/3219/2108 4259/3220/2108
f 4060/2934/2109 4251/3221/2109 4062/2937/2109
f 4086/2960/2110 4263/3222/2110 4264/3223/2110
f 4070/2943/2111 4257/3224/2111 4072/2945/2111
f 4082/2956/2112 4261/3225/2112 4262/3226/2112
f 4060/2934/2113 4266/3227/2113 4252/3228/2113
f 4066/2939/2114 4255/3229/2114 4068/2941/2114
f 4076/2950/2115 4260/3230/2115 4078/3231/2115
f 4088/2964/2116 4264/3223/2116 4265/3232/2116
f 4062/2937/2117 4253/3233/2117 4064/2962/2117
f 4074/2948/2118 4257/3224/2118 4258/3219/2118
f 4084/2958/2119 4262/3226/2119 4263/3222/2119
f 4068/2941/2120 4256/3234/2120 4070/2943/2120
f 4078/3231/2121 4261/3225/2121 4080/2953/2121
f 4090/2966/2142 4265/3232/2142 4266/3227/2142
f 3852/2630/1622 3854/2633/1622 3884/2631/1622
f 3854/2633/1102 3856/2658/1102 3885/2634/1102
f 3885/2634/1562 3856/2658/1562 3858/2635/1562
f 3886/2636/1527 3858/2635/1527 3860/2637/1527
f 3887/2638/1503 3860/2637/1503 3862/2639/1503
f 3888/2640/1484 3862/2639/1484 3864/2641/1484
f 3864/2641/927 3866/2644/927 3890/2643/927
f 3866/2644/1447 3868/2917/1447 3891/2645/1447
f 3868/2646/1423 3870/2930/1423 3892/2647/1423
f 3892/2647/668 3870/2930/668 3872/2649/668
f 3872/2649/1383 3874/2652/1383 3894/2651/1383
f 3874/2652/1352 3876/2654/1352 3895/2653/1352
f 3876/2654/1327 3878/2656/1327 3896/2655/1327
f 3878/2656/1310 3880/2660/1310 3897/2657/1310
f 3856/2658/2072 4045/2932/2072 4046/2659/2072
f 3880/2660/1090 3882/2662/1090 3898/2661/1090
f 3882/2662/1267 3852/2630/1267 3883/2632/1267
f 3879/2663/1484 3929/2705/1484 3928/2664/1484
f 3853/2666/210 3851/2697/210 3883/2667/210
f 3855/2669/210 3853/2666/210 3884/2668/210
f 3857/2671/210 3855/2669/210 3885/2670/210
f 3857/2671/210 3886/2672/210 3887/2673/210
f 3859/2674/210 3887/2673/210 3888/2675/210
f 3861/2676/210 3888/2675/210 3889/2677/210
f 3863/2678/210 3889/2677/210 3890/2679/210
f 3865/2680/210 3890/2679/210 3891/2681/210
f 3869/2683/210 3867/2682/210 3891/2681/210
f 3871/2685/210 3869/2683/210 3892/2684/210
f 3873/2687/210 3871/2685/210 3893/2686/210
f 3873/2687/210 3894/2688/210 3895/2689/210
f 3877/2691/210 3875/2690/210 3895/2689/210
f 3877/2691/210 3896/2692/210 3897/2693/210
f 3879/2694/210 3897/2693/210 3898/2695/210
f 3881/2696/210 3898/2695/210 3883/2667/210
f 3905/2698/927 3906/2753/927 3954/2699/927
f 3865/2701/1090 3922/2707/1090 3921/2702/1090
f 3879/2663/927 3881/2711/927 3930/2704/927
f 3867/2706/1267 3923/3235/1267 3922/2707/1267
f 3853/2708/1423 3916/2715/1423 3915/2709/1423
f 3881/2711/1447 3851/2710/1447 3915/2709/1447
f 3869/2712/1622 3924/2717/1622 3923/2713/1622
f 3855/2634/668 3917/2719/668 3916/2715/668
f 3871/2716/1102 3925/2721/1102 3924/2717/1102
f 3857/2718/1383 3918/2723/1383 3917/2719/1383
f 3873/2720/1562 3926/2725/1562 3925/2721/1562
f 3859/2722/1352 3919/2727/1352 3918/2723/1352
f 3873/2720/1527 3875/2728/1527 3927/2724/1527
f 3859/2722/1327 3861/2729/1327 3920/2726/1327
f 3875/2728/1503 3877/2665/1503 3928/2664/1503
f 3861/2729/1310 3863/2703/1310 3921/2702/1310
f 3899/2730/210 3915/2697/210 3916/2666/210
f 3900/2731/210 3916/2666/210 3917/2669/210
f 3902/2733/210 3901/2732/210 3917/2669/210
f 3903/2734/210 3902/2733/210 3918/2671/210
f 3904/2735/210 3903/2734/210 3919/2674/210
f 3904/2735/210 3920/2676/210 3921/2678/210
f 3906/2737/210 3905/2736/210 3921/2678/210
f 3907/2738/210 3906/2737/210 3922/2680/210
f 3907/2738/210 3923/2682/210 3924/2683/210
f 3909/2740/210 3908/2739/210 3924/2683/210
f 3910/2741/210 3909/2740/210 3925/2685/210
f 3910/2741/210 3926/2687/210 3927/2690/210
f 3912/2743/210 3911/2742/210 3927/2690/210
f 3912/2743/210 3928/2691/210 3929/2694/210
f 3913/2744/210 3929/2694/210 3930/2696/210
f 3899/2730/210 3914/2745/210 3930/2696/210
f 3933/2746/1102 3981/2804/1102 3980/2747/1102
f 3914/2749/1090 3962/2757/1090 3961/2750/1090
f 3907/2752/1447 3955/3236/1447 3954/2699/1447
f 3899/2754/1622 3900/2761/1622 3948/2755/1622
f 3914/2749/1267 3899/2754/1267 3947/2756/1267
f 3908/2758/1423 3956/2763/1423 3955/2759/1423
f 3900/2761/1102 3901/2764/1102 3949/2762/1102
f 3909/2721/668 3957/2767/668 3956/2763/668
f 3901/2764/1562 3902/2769/1562 3950/2765/1562
f 3910/2766/1383 3958/2771/1383 3957/2767/1383
f 3903/2768/1527 3951/2773/1527 3950/2765/1527
f 3911/2770/1352 3959/2775/1352 3958/2771/1352
f 3903/2768/1503 3904/2776/1503 3952/2772/1503
f 3911/2770/1327 3912/2777/1327 3960/2774/1327
f 3905/2698/1484 3953/2700/1484 3952/2772/1484
f 3912/2777/1310 3913/2751/1310 3961/2750/1310
f 3932/2778/210 3931/2796/210 3947/2730/210
f 3933/2779/210 3932/2778/210 3948/2731/210
f 3934/2781/210 3933/2779/210 3949/2780/210
f 3934/2781/210 3950/2733/210 3951/2734/210
f 3936/2783/210 3935/2782/210 3951/2734/210
f 3936/2783/210 3952/2735/210 3953/2736/210
f 3937/2784/210 3953/2736/210 3954/2737/210
f 3938/2785/210 3954/2737/210 3955/2738/210
f 3940/2787/210 3939/2786/210 3955/2738/210
f 3940/2787/210 3956/2739/210 3957/2740/210
f 3941/2788/210 3957/2740/210 3958/2741/210
f 3942/2789/210 3958/2741/210 3959/2790/210
f 3944/2792/210 3943/2791/210 3959/2790/210
f 3945/2793/210 3944/2792/210 3960/2743/210
f 3946/2795/210 3945/2793/210 3961/2794/210
f 3946/2795/210 3962/2745/210 3947/2730/210
f 3975/2797/1352 4007/2854/1352 4006/2798/1352
f 3941/2800/668 3989/2806/668 3988/2801/668
f 3933/2746/1562 3934/2808/1562 3982/2803/1562
f 3942/2805/1383 3990/2810/1383 3989/2806/1383
f 3935/2807/1527 3983/2812/1527 3982/2803/1527
f 3943/2809/1352 3991/2814/1352 3990/2810/1352
f 3935/2807/1503 3936/2816/1503 3984/2811/1503
f 3943/2809/1327 3944/2818/1327 3992/2813/1327
f 3937/2815/1484 3985/2820/1484 3984/2811/1484
f 3945/2817/2143 3993/2822/2143 3992/2813/2143
f 3937/2815/927 3938/2823/927 3986/2819/927
f 3946/2821/1090 3994/2827/1090 3993/2822/1090
f 3938/2823/1447 3939/3237/1447 3987/2824/1447
f 3931/2825/1622 3932/2748/1622 3980/2747/1622
f 3931/2825/1267 3979/2826/1267 3994/2827/1267
f 3940/2802/1423 3988/2801/1423 3987/2828/1423
f 3964/2830/210 3963/2846/210 3979/2796/210
f 3964/2830/210 3980/2778/210 3981/2779/210
f 3966/2832/210 3965/2831/210 3981/2779/210
f 3966/2832/210 3982/2781/210 3983/2782/210
f 3968/2834/210 3967/2833/210 3983/2782/210
f 3968/2834/210 3984/2783/210 3985/2784/210
f 3970/2836/210 3969/2835/210 3985/2784/210
f 3970/2836/210 3986/2785/210 3987/2786/210
f 3972/2838/210 3971/2837/210 3987/2786/210
f 3972/2838/210 3988/2787/210 3989/2788/210
f 3974/2840/210 3973/2839/210 3989/2788/210
f 3974/2840/210 3990/2789/210 3991/2791/210
f 3976/2842/210 3975/2841/210 3991/2791/210
f 3976/2842/210 3992/2792/210 3993/2843/210
f 3978/2845/210 3977/2844/210 3993/2843/210
f 3978/2845/210 3994/2795/210 3979/2796/210
f 4004/2847/2144 4005/2877/2144 4021/2848/2144
f 3967/2850/1503 3968/2855/1503 4000/2851/1503
f 3975/2797/1327 3976/2858/1327 4008/2853/1327
f 3968/2855/2123 3969/2859/2123 4001/2856/2123
f 3977/2857/1310 4009/2862/1310 4008/2853/1310
f 3969/2859/927 3970/2864/927 4002/2860/927
f 3978/2861/2145 4010/2868/2145 4009/2862/2145
f 3971/2863/1447 4003/2890/1447 4002/2860/1447
f 3963/2865/1622 3964/2872/1622 3996/2866/1622
f 3978/2861/1267 3963/2865/1267 3995/2867/1267
f 3972/2869/1423 4004/2847/1423 4003/2870/1423
f 3964/2872/2146 3965/2875/2146 3997/2873/2146
f 3973/2874/1170 4005/2877/1170 4004/2847/1170
f 3965/2875/2147 3966/2878/2147 3998/2876/2147
f 3974/2799/1383 4006/2798/1383 4005/2877/1383
f 3967/2850/1527 3999/2852/1527 3998/2876/1527
f 4026/2879/2126 4042/2901/2126 4041/2880/2126
f 3998/2876/2127 4014/2883/2127 4013/2882/2127
f 4006/2798/2079 4022/2885/2079 4021/2848/2079
f 3999/2852/2148 4015/2886/2148 4014/2883/2148
f 4006/2798/2081 4007/2854/2081 4023/2884/2081
f 4000/2851/2149 4016/2888/2149 4015/2886/2149
f 4008/2853/2083 4024/2889/2083 4023/2884/2083
f 4000/2851/2150 4001/2856/2150 4017/2887/2150
f 4008/2853/2085 4009/2862/2085 4025/2881/2085
f 4002/2860/2130 4018/2891/2130 4017/2887/2130
f 4009/2862/2087 4010/2868/2087 4026/2879/2087
f 4003/2890/2088 4019/3238/2088 4018/2891/2088
f 3996/2866/2089 4012/2894/2089 4011/2892/2089
f 4010/2868/2151 3995/2867/2151 4011/2892/2151
f 4004/2847/2152 4020/2849/2152 4019/2893/2152
f 3996/2866/2153 3997/2873/2153 4013/2882/2153
f 4042/2901/210 4027/2900/210 4028/2904/210
f 4028/3239/210 4029/3240/210 4030/3241/210
f 4030/3241/2063 4031/3242/2063 4032/3243/2063
f 4032/3243/2059 4033/3244/2059 4030/3241/2059
f 4033/3244/2063 4034/2895/2063 4030/3241/2063
f 4034/2895/210 4035/3245/210 4036/3246/210
f 4036/3246/210 4037/3247/210 4034/2895/210
f 4037/3247/210 4038/2896/210 4034/2895/210
f 4038/2896/210 4039/3248/210 4042/2897/210
f 4039/3248/210 4040/3249/210 4042/2897/210
f 4040/3249/210 4041/3250/210 4042/2897/210
f 4042/2897/210 4028/3239/210 4034/2895/210
f 4028/3239/210 4030/3241/210 4034/2895/210
f 4018/2891/2134 4019/3238/2134 4035/2898/2134
f 4012/2894/2094 4028/2904/2094 4027/2900/2094
f 4011/2892/2154 4027/2900/2154 4042/2901/2154
f 4019/2893/2155 4020/2849/2155 4036/2902/2155
f 4013/2882/2136 4029/2907/2136 4028/2904/2136
f 4020/2849/2156 4021/2848/2156 4037/2905/2156
f 4013/2882/2099 4014/2883/2099 4030/2906/2099
f 4021/2848/2157 4022/2885/2157 4038/2908/2157
f 4014/2883/2101 4015/2886/2101 4031/2909/2101
f 4023/2884/2158 4039/2911/2158 4038/2908/2158
f 4016/2888/2139 4032/2913/2139 4031/2909/2139
f 4023/2884/2104 4024/2889/2104 4040/2910/2104
f 4016/2888/2105 4017/2887/2105 4033/2912/2105
f 4025/2881/2159 4041/2880/2159 4040/2910/2159
f 4017/2887/2160 4018/2891/2160 4034/2899/2160
f 4045/2916/199 4043/3251/199 4044/3252/199
f 4044/3252/199 4058/3253/199 4045/2916/199
f 4058/3253/199 4057/3254/199 4045/2916/199
f 4057/3254/199 4056/3255/199 4055/3256/199
f 4055/3256/199 4054/3257/199 4053/3258/199
f 4053/3258/2161 4052/3259/2161 4051/2914/2161
f 4051/2914/2161 4050/3260/2161 4049/2915/2161
f 4049/2915/199 4048/3261/199 4045/2916/199
f 4048/3261/199 4047/3262/199 4045/2916/199
f 4047/3262/199 4046/3263/199 4045/2916/199
f 4057/3254/199 4055/3256/199 4045/2916/199
f 4055/3256/199 4053/3258/199 4045/2916/199
f 4053/3258/199 4051/2914/199 4045/2916/199
f 3868/2917/2162 3866/2644/2162 4050/2918/2162
f 3852/2630/2163 4044/2927/2163 4043/2920/2163
f 3878/2656/2164 3876/2654/2164 4055/2921/2164
f 3862/2639/2111 4048/2933/2111 4049/2923/2111
f 3874/2652/2112 3872/2649/2112 4053/2924/2112
f 3852/2630/2165 3882/2662/2165 4058/2926/2165
f 3858/2635/2166 4046/2659/2166 4047/2928/2166
f 3868/2646/2167 4051/3264/2167 4052/2929/2167
f 3880/2660/2116 3878/2656/2116 4056/2922/2116
f 3854/2633/2117 4043/2920/2117 4045/2932/2117
f 3866/2644/2118 3864/2641/2118 4049/2923/2118
f 3876/2654/2168 3874/2652/2168 4054/2925/2168
f 3860/2637/2169 4047/2928/2169 4048/2933/2169
f 3870/2930/2121 4052/2929/2121 4053/2924/2121
f 3882/2662/2122 3880/2660/2122 4057/2931/2122
f 4060/2934/1622 4062/2937/1622 4092/2935/1622
f 4062/2937/1102 4064/2962/1102 4093/2938/1102
f 4093/2938/1562 4064/2962/1562 4066/2939/1562
f 4094/2940/1527 4066/2939/1527 4068/2941/1527
f 4095/2942/1503 4068/2941/1503 4070/2943/1503
f 4096/2944/1484 4070/2943/1484 4072/2945/1484
f 4072/2945/927 4074/2948/927 4098/2947/927
f 4074/2948/1447 4076/3218/1447 4099/2949/1447
f 4076/2950/1423 4078/3231/1423 4100/2951/1423
f 4100/2951/668 4078/3231/668 4080/2953/668
f 4080/2953/1383 4082/2956/1383 4102/2955/1383
f 4082/2956/1352 4084/2958/1352 4103/2957/1352
f 4084/2958/1327 4086/2960/1327 4104/2959/1327
f 4086/2960/1310 4088/2964/1310 4105/2961/1310
f 4064/2962/2072 4253/3233/2072 4254/2963/2072
f 4088/2964/1090 4090/2966/1090 4106/2965/1090
f 4090/2966/1267 4060/2934/1267 4091/2936/1267
f 4087/2967/1484 4137/3009/1484 4136/2968/1484
f 4061/2970/210 4059/3001/210 4091/2971/210
f 4063/2973/210 4061/2970/210 4092/2972/210
f 4065/2975/210 4063/2973/210 4093/2974/210
f 4065/2975/210 4094/2976/210 4095/2977/210
f 4067/2978/210 4095/2977/210 4096/2979/210
f 4069/2980/210 4096/2979/210 4097/2981/210
f 4071/2982/210 4097/2981/210 4098/2983/210
f 4073/2984/210 4098/2983/210 4099/2985/210
f 4077/2987/210 4075/2986/210 4099/2985/210
f 4079/2989/210 4077/2987/210 4100/2988/210
f 4081/2991/210 4079/2989/210 4101/2990/210
f 4081/2991/210 4102/2992/210 4103/2993/210
f 4085/2995/210 4083/2994/210 4103/2993/210
f 4085/2995/210 4104/2996/210 4105/2997/210
f 4087/2998/210 4105/2997/210 4106/2999/210
f 4089/3000/210 4106/2999/210 4091/2971/210
f 4113/3002/927 4114/3055/927 4162/3003/927
f 4073/3005/1090 4130/3011/1090 4129/3006/1090
f 4087/2967/927 4089/3014/927 4138/3008/927
f 4075/3010/1267 4131/3265/1267 4130/3011/1267
f 4061/2935/1423 4124/3017/1423 4123/3012/1423
f 4089/3014/1447 4059/3013/1447 4123/3012/1447
f 4077/2951/1622 4132/3019/1622 4131/3015/1622
f 4063/3016/668 4125/3021/668 4124/3017/668
f 4079/3018/1102 4133/3023/1102 4132/3019/1102
f 4065/3020/1383 4126/3025/1383 4125/3021/1383
f 4081/3022/1562 4134/3027/1562 4133/3023/1562
f 4067/3024/1352 4127/3029/1352 4126/3025/1352
f 4081/3022/1527 4083/3030/1527 4135/3026/1527
f 4067/3024/1327 4069/3031/1327 4128/3028/1327
f 4083/3030/1503 4085/2969/1503 4136/2968/1503
f 4069/3031/1310 4071/3007/1310 4129/3006/1310
f 4107/3032/210 4123/3001/210 4124/2970/210
f 4108/3033/210 4124/2970/210 4125/2973/210
f 4110/3035/210 4109/3034/210 4125/2973/210
f 4111/3036/210 4110/3035/210 4126/2975/210
f 4112/3037/210 4111/3036/210 4127/2978/210
f 4112/3037/210 4128/2980/210 4129/2982/210
f 4114/3039/210 4113/3038/210 4129/2982/210
f 4115/3040/210 4114/3039/210 4130/2984/210
f 4115/3040/210 4131/2986/210 4132/2987/210
f 4117/3042/210 4116/3041/210 4132/2987/210
f 4118/3043/210 4117/3042/210 4133/2989/210
f 4118/3043/210 4134/2991/210 4135/2994/210
f 4120/3045/210 4119/3044/210 4135/2994/210
f 4120/3045/210 4136/2995/210 4137/2998/210
f 4121/3046/210 4137/2998/210 4138/3000/210
f 4107/3032/210 4122/3047/210 4138/3000/210
f 4141/3048/1102 4189/3106/1102 4188/3049/1102
f 4122/3051/1090 4170/3059/1090 4169/3052/1090
f 4115/3054/1447 4163/3266/1447 4162/3003/1447
f 4107/3056/1622 4108/3063/1622 4156/3057/1622
f 4122/3051/1267 4107/3056/1267 4155/3058/1267
f 4116/3060/1423 4164/3066/1423 4163/3061/1423
f 4108/3063/1102 4109/3067/1102 4157/3064/1102
f 4117/3065/668 4165/3070/668 4164/3066/668
f 4109/3067/1562 4110/3072/1562 4158/3068/1562
f 4118/3069/1383 4166/3074/1383 4165/3070/1383
f 4111/3071/1527 4159/3076/1527 4158/3068/1527
f 4119/3073/1352 4167/3078/1352 4166/3074/1352
f 4111/3071/1503 4112/3079/1503 4160/3075/1503
f 4119/3073/1327 4120/3080/1327 4168/3077/1327
f 4113/3002/1484 4161/3004/1484 4160/3075/1484
f 4120/3080/1310 4121/3053/1310 4169/3052/1310
f 4140/3081/210 4139/3098/210 4155/3032/210
f 4141/3082/210 4140/3081/210 4156/3033/210
f 4142/3083/210 4141/3082/210 4157/3034/210
f 4142/3083/210 4158/3035/210 4159/3036/210
f 4144/3085/210 4143/3084/210 4159/3036/210
f 4144/3085/210 4160/3037/210 4161/3038/210
f 4145/3086/210 4161/3038/210 4162/3039/210
f 4146/3087/210 4162/3039/210 4163/3040/210
f 4148/3089/210 4147/3088/210 4163/3040/210
f 4148/3089/210 4164/3041/210 4165/3042/210
f 4149/3090/210 4165/3042/210 4166/3091/210
f 4150/3092/210 4166/3091/210 4167/3093/210
f 4152/3095/210 4151/3094/210 4167/3093/210
f 4153/3096/210 4152/3095/210 4168/3045/210
f 4154/3097/210 4153/3096/210 4169/3046/210
f 4154/3097/210 4170/3047/210 4155/3032/210
f 4183/3099/1352 4215/3155/1352 4214/3100/1352
f 4149/3102/668 4197/3108/668 4196/3103/668
f 4141/3048/1562 4142/3110/1562 4190/3105/1562
f 4150/3107/1383 4198/3112/1383 4197/3108/1383
f 4143/3109/1527 4191/3114/1527 4190/3105/1527
f 4151/3111/1352 4199/3116/1352 4198/3112/1352
f 4143/3109/1503 4144/3118/1503 4192/3113/1503
f 4151/3111/1327 4152/3120/1327 4200/3115/1327
f 4145/3117/1484 4193/3122/1484 4192/3113/1484
f 4153/3119/1310 4201/3124/1310 4200/3115/1310
f 4145/3117/669 4146/3125/669 4194/3121/669
f 4154/3123/1090 4202/3129/1090 4201/3124/1090
f 4146/3125/1447 4147/3267/1447 4195/3126/1447
f 4139/3127/1622 4140/3050/1622 4188/3049/1622
f 4139/3127/1267 4187/3128/1267 4202/3129/1267
f 4148/3104/1423 4196/3103/1423 4195/3130/1423
f 4172/3132/210 4171/3147/210 4187/3098/210
f 4172/3132/210 4188/3081/210 4189/3082/210
f 4174/3134/210 4173/3133/210 4189/3082/210
f 4174/3134/210 4190/3083/210 4191/3084/210
f 4176/3136/210 4175/3135/210 4191/3084/210
f 4176/3136/210 4192/3085/210 4193/3086/210
f 4178/3138/210 4177/3137/210 4193/3086/210
f 4178/3138/210 4194/3087/210 4195/3088/210
f 4180/3140/210 4179/3139/210 4195/3088/210
f 4180/3140/210 4196/3089/210 4197/3090/210
f 4182/3142/210 4181/3141/210 4197/3090/210
f 4182/3142/210 4198/3092/210 4199/3094/210
f 4184/3144/210 4183/3143/210 4199/3094/210
f 4184/3144/210 4200/3095/210 4201/3096/210
f 4186/3146/210 4185/3145/210 4201/3096/210
f 4186/3146/210 4202/3097/210 4187/3098/210
f 4212/3148/2073 4213/3178/2073 4229/3149/2073
f 4175/3151/1503 4176/3156/1503 4208/3152/1503
f 4183/3099/1327 4184/3159/1327 4216/3154/1327
f 4176/3156/2123 4177/3160/2123 4209/3157/2123
f 4185/3158/2170 4217/3163/2170 4216/3154/2170
f 4177/3160/927 4178/3165/927 4210/3161/927
f 4186/3162/2145 4218/3169/2145 4217/3163/2145
f 4179/3164/1447 4211/3191/1447 4210/3161/1447
f 4171/3166/1622 4172/3173/1622 4204/3167/1622
f 4186/3162/1267 4171/3166/1267 4203/3168/1267
f 4180/3170/1423 4212/3148/1423 4211/3171/1423
f 4172/3173/2171 4173/3176/2171 4205/3174/2171
f 4181/3175/1170 4213/3178/1170 4212/3148/1170
f 4173/3176/2124 4174/3179/2124 4206/3177/2124
f 4182/3101/2125 4214/3100/2125 4213/3178/2125
f 4175/3151/1527 4207/3153/1527 4206/3177/1527
f 4234/3180/2126 4250/3202/2126 4249/3181/2126
f 4206/3177/2172 4222/3185/2172 4221/3183/2172
f 4213/3178/2079 4214/3100/2079 4230/3184/2079
f 4207/3153/2128 4223/3187/2128 4222/3185/2128
f 4214/3100/2081 4215/3155/2081 4231/3186/2081
f 4208/3152/2149 4224/3189/2149 4223/3187/2149
f 4216/3154/2083 4232/3190/2083 4231/3186/2083
f 4208/3152/2084 4209/3157/2084 4225/3188/2084
f 4216/3154/2173 4217/3163/2173 4233/3182/2173
f 4210/3161/2174 4226/3192/2174 4225/3188/2174
f 4217/3163/2087 4218/3169/2087 4234/3180/2087
f 4211/3191/2175 4227/3268/2175 4226/3192/2175
f 4204/3167/2176 4220/3195/2176 4219/3193/2176
f 4218/3169/2151 4203/3168/2151 4219/3193/2151
f 4212/3148/2177 4228/3150/2177 4227/3194/2177
f 4204/3167/2153 4205/3174/2153 4221/3183/2153
f 4250/3198/210 4235/3269/210 4236/3270/210
f 4236/3270/210 4237/3271/210 4238/3272/210
f 4238/3272/2059 4239/3273/2059 4240/3274/2059
f 4240/3274/210 4241/3275/210 4238/3272/210
f 4241/3275/210 4242/3196/210 4238/3272/210
f 4242/3196/210 4243/3276/210 4244/3277/210
f 4244/3277/210 4245/3278/210 4242/3196/210
f 4245/3278/210 4246/3197/210 4242/3196/210
f 4246/3197/210 4247/3279/210 4250/3198/210
f 4247/3279/210 4248/3280/210 4250/3198/210
f 4248/3280/210 4249/3281/210 4250/3198/210
f 4250/3198/210 4236/3270/210 4242/3196/210
f 4236/3270/210 4238/3272/210 4242/3196/210
f 4226/3192/2134 4227/3268/2134 4243/3199/2134
f 4220/3195/2094 4236/3205/2094 4235/3201/2094
f 4219/3193/2154 4235/3201/2154 4250/3202/2154
f 4227/3194/2155 4228/3150/2155 4244/3203/2155
f 4221/3183/2136 4237/3208/2136 4236/3205/2136
f 4228/3150/2137 4229/3149/2137 4245/3206/2137
f 4221/3183/2099 4222/3185/2099 4238/3207/2099
f 4229/3149/2157 4230/3184/2157 4246/3209/2157
f 4222/3185/2101 4223/3187/2101 4239/3210/2101
f 4231/3186/2102 4247/3212/2102 4246/3209/2102
f 4224/3189/2103 4240/3214/2103 4239/3210/2103
f 4231/3186/2104 4232/3190/2104 4248/3211/2104
f 4224/3189/2105 4225/3188/2105 4241/3213/2105
f 4233/3182/2159 4249/3181/2159 4248/3211/2159
f 4225/3188/2141 4226/3192/2141 4242/3200/2141
f 4253/3217/199 4251/3282/199 4252/3283/199
f 4252/3283/199 4266/3284/199 4253/3217/199
f 4266/3284/199 4265/3285/199 4253/3217/199
f 4265/3285/199 4264/3286/199 4263/3287/199
f 4263/3287/199 4262/3288/199 4261/3289/199
f 4261/3289/2161 4260/3290/2161 4259/3215/2161
f 4259/3215/2161 4258/3291/2161 4257/3216/2161
f 4257/3216/199 4256/3292/199 4253/3217/199
f 4256/3292/199 4255/3293/199 4253/3217/199
f 4255/3293/199 4254/3294/199 4253/3217/199
f 4265/3285/199 4263/3287/199 4253/3217/199
f 4263/3287/199 4261/3289/199 4253/3217/199
f 4261/3289/199 4259/3215/199 4253/3217/199
f 4076/3218/2162 4074/2948/2162 4258/3219/2162
f 4060/2934/2163 4252/3228/2163 4251/3221/2163
f 4086/2960/2110 4084/2958/2110 4263/3222/2110
f 4070/2943/2111 4256/3234/2111 4257/3224/2111
f 4082/2956/2112 4080/2953/2112 4261/3225/2112
f 4060/2934/2165 4090/2966/2165 4266/3227/2165
f 4066/2939/2166 4254/2963/2166 4255/3229/2166
f 4076/2950/2167 4259/3295/2167 4260/3230/2167
f 4088/2964/2116 4086/2960/2116 4264/3223/2116
f 4062/2937/2117 4251/3221/2117 4253/3233/2117
f 4074/2948/2118 4072/2945/2118 4257/3224/2118
f 4084/2958/2168 4082/2956/2168 4262/3226/2168
f 4068/2941/2169 4255/3229/2169 4256/3234/2169
f 4078/3231/2121 4260/3230/2121 4261/3225/2121
f 4090/2966/2122 4088/2964/2122 4265/3232/2122
f 3569/3296/210 4268/2607/210 4267/2595/210
f 3575/3297/210 4270/2609/210 3577/3298/210
f 3569/3296/210 4271/2613/210 3578/3299/210
f 3579/3300/210 4268/2607/210 3576/3301/210
f 3577/3298/210 4272/2610/210 3579/3300/210
f 3575/3297/210 4273/2605/210 4269/2604/210
f 3582/2629/210 4273/2605/210 3574/2628/210
f 3578/3299/210 4274/2621/210 3582/2629/210
f 4281/2628/210 4278/3298/210 4280/3300/210
f 3579/3300/173 4278/3298/173 3577/3298/173
f 3578/3299/191 4275/3296/191 3569/3296/191
f 3569/3296/173 4276/3301/173 3576/3301/173
f 3582/2629/168 4279/3299/168 3578/3299/168
f 3575/3297/168 4281/2628/168 3574/2628/168
f 3576/3301/173 4280/3300/173 3579/3300/173
f 3577/3298/190 4277/3297/190 3575/3297/190
f 3574/2628/168 4281/2628/168 4282/2629/168
f 3569/3296/210 3576/3301/210 4268/2607/210
f 3575/3297/210 4269/2604/210 4270/2609/210
f 3569/3296/210 4267/2595/210 4271/2613/210
f 3579/3300/210 4272/2610/210 4268/2607/210
f 3577/3298/210 4270/2609/210 4272/2610/210
f 3575/3297/210 3574/2628/210 4273/2605/210
f 3582/2629/210 4274/2621/210 4273/2605/210
f 3578/3299/210 4271/2613/210 4274/2621/210
f 4280/3300/210 4276/3301/210 4281/2628/210
f 4276/3301/210 4275/3296/210 4282/2629/210
f 4281/2628/210 4276/3301/210 4282/2629/210
f 4275/3296/210 4279/3299/210 4282/2629/210
f 4281/2628/210 4277/3297/210 4278/3298/210
f 3579/3300/173 4280/3300/173 4278/3298/173
f 3578/3299/191 4279/3299/191 4275/3296/191
f 3569/3296/173 4275/3296/173 4276/3301/173
f 3582/2629/168 4282/2629/168 4279/3299/168
f 3575/3297/168 4277/3297/168 4281/2628/168
f 3576/3301/173 4276/3301/173 4280/3300/173
f 3577/3298/190 4278/3298/190 4277/3297/190
s 1
f 3585/3302/2178 3586/3303/2179 3587/3304/2180
f 3588/3305/168 3589/3306/2181 3590/3307/1154
f 3591/3308/2182 3592/3309/2183 3593/3310/2184
f 3587/3304/2180 3594/3311/2185 3595/3312/2186
f 3588/3305/168 3596/3313/2187 3597/3314/2188
f 3598/3315/2189 3593/3316/2184 3599/3317/2190
f 3600/3318/2191 3594/3311/2185 3601/3319/2192
f 3602/3320/2193 3603/3321/210 3604/3322/2194
f 3585/3302/2178 3596/3313/2187 3605/3323/2195
f 3598/3315/2189 3589/3306/2181 3606/3324/2196
f 3607/3325/199 3600/3318/2191 3601/3319/2192
f 3608/3326/2197 3604/3322/2194 3592/3309/2183
f 3599/3317/2190 3609/3327/2198 3610/3328/2199
f 3601/3319/2192 3611/3329/2200 3612/3330/2201
f 3604/3322/2194 3603/3321/210 3613/3331/2202
f 3605/3323/2195 3614/3332/2203 3615/3333/2204
f 3599/3317/2190 3616/3334/2205 3589/3306/2181
f 3607/3325/199 3601/3319/2192 3612/3330/2201
f 3604/3322/2194 3617/3335/2206 3592/3309/2183
f 3605/3323/2195 3618/3336/2207 3586/3303/2179
f 3590/3307/1154 3616/3334/2205 3619/3337/2208
f 3593/3310/2184 3617/3335/2206 3609/3338/2198
f 3586/3303/2179 3611/3329/2200 3594/3311/2185
f 3596/3313/2187 3619/3337/2208 3614/3332/2203
f 3619/3337/2208 3620/3339/2209 3621/3340/1152
f 3609/3338/2198 3622/3341/2210 3623/3342/2211
f 3618/3336/2207 3624/3343/2212 3611/3329/2200
f 3619/3337/2208 3625/3344/2213 3614/3332/2203
f 3609/3327/2198 3626/3345/2214 3610/3328/2199
f 3611/3329/2200 3627/3346/2215 3612/3330/2201
f 3613/3331/2202 3603/3321/210 3628/3347/2216
f 3615/3333/2204 3625/3344/2213 3629/3348/2217
f 3610/3328/2199 3620/3339/2209 3616/3334/2205
f 3607/3325/199 3612/3330/2201 3627/3346/2215
f 3617/3335/2206 3628/3347/2216 3622/3341/2210
f 3618/3336/2207 3629/3348/2217 3630/3349/2218
f 3626/3345/2214 3631/3350/2219 3620/3339/2209
f 3607/3325/199 3627/3346/2215 3632/3351/2220
f 3628/3347/2216 3633/3352/2221 3622/3341/2210
f 3629/3348/2217 3634/3353/2222 3630/3349/2218
f 3621/3340/1152 3631/3350/2219 3635/3354/2223
f 3622/3341/2210 3636/3355/2224 3623/3342/2211
f 3630/3349/2218 3637/3356/2225 3624/3343/2212
f 3621/3340/1152 3638/3357/2226 3625/3344/2213
f 3623/3358/2211 3639/3359/2227 3626/3345/2214
f 3624/3343/2212 3632/3351/2220 3627/3346/2215
f 3628/3347/2216 3603/3321/210 3640/3360/2228
f 3629/3348/2217 3638/3357/2226 3641/3361/2229
f 3635/3354/2223 3642/3362/2230 3638/3357/2226
f 3636/3363/2224 3643/3364/2231 3639/3359/2227
f 3632/3351/2220 3644/3365/2232 3645/3366/2233
f 3640/3360/2228 3603/3321/210 3646/3367/2234
f 3638/3357/2226 3647/3368/2235 3641/3361/2229
f 3639/3359/2227 3648/3369/2236 3631/3350/2219
f 3607/3325/199 3632/3351/2220 3645/3366/2233
f 3640/3360/2228 3649/3370/2237 3633/3352/2221
f 3641/3361/2229 3650/3371/2238 3634/3353/2222
f 3635/3354/2223 3648/3369/2236 3651/3372/1158
f 3636/3355/2224 3649/3370/2237 3652/3373/2239
f 3637/3356/2225 3650/3371/2238 3644/3365/2232
f 3651/3372/1158 3653/3374/2240 3654/3375/191
f 3649/3370/2237 3655/3376/2241 3652/3373/2239
f 3644/3365/2232 3656/3377/2242 3657/3378/2243
f 3651/3372/1158 3658/3379/2244 3642/3362/2230
f 3652/3380/2239 3659/3381/2245 3643/3364/2231
f 3644/3365/2232 3660/3382/2246 3645/3366/2233
f 3646/3367/2234 3603/3321/210 3661/3383/2247
f 3647/3368/2235 3658/3379/2244 3662/3384/2248
f 3648/3369/2236 3659/3381/2245 3653/3374/2240
f 3607/3325/199 3645/3366/2233 3660/3382/2246
f 3649/3370/2237 3661/3383/2247 3663/3385/2249
f 3647/3368/2235 3656/3377/2242 3650/3371/2238
f 3662/3384/2248 3664/3362/2250 3665/3368/2251
f 3659/3381/2245 3666/3369/2252 3653/3374/2240
f 3607/3325/199 3660/3382/2246 3667/3366/2253
f 3661/3383/2247 3668/3386/2254 3663/3385/2249
f 3656/3377/2242 3665/3368/2251 3669/3371/2255
f 3654/3375/191 3666/3369/2252 3670/3372/1150
f 3663/3385/2249 3671/3387/2256 3655/3376/2241
f 3657/3378/2243 3669/3371/2255 3672/3365/2257
f 3654/3375/191 3664/3362/2250 3658/3379/2244
f 3655/3388/2241 3673/3364/2258 3659/3381/2245
f 3660/3382/2246 3672/3365/2257 3667/3366/2253
f 3661/3383/2247 3603/3321/210 3674/3389/2259
f 3670/3372/1150 3675/3357/2260 3664/3362/2250
f 3673/3364/2258 3676/3363/2261 3677/3359/2262
f 3672/3365/2257 3678/3351/2263 3667/3366/2253
f 3674/3389/2259 3603/3321/210 3679/3390/2264
f 3664/3362/2250 3680/3361/2265 3665/3368/2251
f 3666/3369/2252 3677/3359/2262 3681/3350/2266
f 3607/3325/199 3667/3366/2253 3678/3351/2263
f 3668/3386/2254 3679/3390/2264 3682/3391/2267
f 3665/3368/2251 3683/3353/2268 3669/3371/2255
f 3670/3372/1150 3681/3350/2266 3684/3354/2269
f 3671/3387/2256 3682/3391/2267 3676/3392/2261
f 3669/3371/2255 3685/3356/2270 3672/3365/2257
f 3683/3353/2268 3686/3348/2271 3687/3349/2272
f 3681/3350/2266 3688/3340/1153 3684/3354/2269
f 3682/3391/2267 3689/3393/2273 3676/3392/2261
f 3683/3353/2268 3690/3343/2274 3685/3356/2270
f 3684/3354/2269 3691/3344/2275 3675/3357/2260
f 3676/3363/2261 3692/3345/2276 3677/3359/2262
f 3678/3351/2263 3690/3343/2274 3693/3346/2277
f 3679/3390/2264 3603/3321/210 3694/3394/2278
f 3675/3357/2260 3686/3348/2271 3680/3361/2265
f 3677/3359/2262 3695/3339/2279 3681/3350/2266
f 3607/3325/199 3678/3351/2263 3693/3346/2277
f 3682/3391/2267 3694/3394/2278 3696/3395/2280
f 3694/3394/2278 3603/3321/210 3697/3396/2281
f 3691/3344/2275 3698/3333/2282 3686/3348/2271
f 3692/3345/2276 3699/3334/2283 3695/3339/2279
f 3607/3325/199 3693/3346/2277 3700/3330/2284
f 3694/3394/2278 3701/3397/2285 3696/3395/2280
f 3686/3348/2271 3702/3336/2286 3687/3349/2272
f 3695/3339/2279 3703/3337/2287 3688/3340/1153
f 3696/3395/2280 3704/3398/2288 3689/3393/2273
f 3690/3343/2274 3702/3336/2286 3705/3329/2289
f 3688/3340/1153 3706/3332/2290 3691/3344/2275
f 3689/3358/2273 3707/3328/2291 3692/3345/2276
f 3693/3346/2277 3705/3329/2289 3700/3330/2284
f 3705/3329/2289 3708/3303/2292 3709/3311/2293
f 3706/3332/2290 3710/3307/1159 3711/3313/2294
f 3707/3328/2291 3712/3316/2295 3713/3317/2296
f 3705/3329/2289 3714/3319/2297 3700/3330/2284
f 3697/3396/2281 3603/3321/210 3715/3399/2298
f 3706/3332/2290 3716/3323/2299 3698/3333/2282
f 3699/3334/2283 3713/3317/2296 3717/3306/2300
f 3607/3325/199 3700/3330/2284 3714/3319/2297
f 3701/3397/2285 3715/3399/2298 3718/3400/2301
f 3698/3333/2282 3708/3303/2292 3702/3336/2286
f 3699/3334/2283 3710/3307/1159 3703/3337/2287
f 3701/3397/2285 3712/3401/2295 3704/3398/2288
f 3718/3400/2301 3719/3402/2302 3720/3403/2303
f 3716/3323/2299 3721/3304/2304 3708/3303/2292
f 3717/3306/2300 3722/3305/173 3710/3307/1159
f 3712/3401/2295 3720/3403/2303 3723/3404/2305
f 3709/3311/2293 3721/3304/2304 3724/3312/2306
f 3711/3313/2294 3722/3305/173 3725/3314/2307
f 3712/3316/2295 3726/3315/2308 3713/3317/2296
f 3709/3311/2293 3727/3318/2309 3714/3319/2297
f 3715/3399/2298 3603/3321/210 3719/3402/2302
f 3711/3313/2294 3728/3302/2310 3716/3323/2299
f 3717/3306/2300 3726/3315/2308 3729/3324/2311
f 3607/3325/199 3714/3319/2297 3727/3318/2309
f 3724/3312/2306 3730/3405/2312 3727/3318/2309
f 3719/3402/2302 3603/3321/210 3731/3406/2313
f 3725/3314/2307 3732/3407/2314 3728/3302/2310
f 3729/3324/2311 3733/3408/2315 3734/3409/2316
f 3607/3325/199 3727/3318/2309 3730/3405/2312
f 3720/3403/2303 3731/3406/2313 3735/3410/2317
f 3721/3304/2304 3732/3407/2314 3736/3411/2318
f 3729/3324/2311 3737/3412/1156 3722/3305/173
f 3723/3404/2305 3735/3410/2317 3738/3413/2319
f 3721/3304/2304 3739/3414/2320 3724/3312/2306
f 3725/3314/2307 3737/3412/1156 3740/3415/2321
f 3723/3416/2305 3733/3408/2315 3726/3315/2308
f 3738/3413/2319 3741/3417/2322 3742/3418/2323
f 3739/3414/2320 3743/3419/2324 3744/3420/2325
f 3740/3415/2321 3745/3421/2326 3746/3422/2327
f 3738/3423/2319 3747/3424/2328 3733/3408/2315
f 3739/3414/2320 3748/3425/2329 3730/3405/2312
f 3731/3406/2313 3603/3321/210 3749/3426/2330
f 3740/3415/2321 3750/3427/2331 3732/3407/2314
f 3733/3408/2315 3751/3428/2332 3734/3409/2316
f 3607/3325/199 3730/3405/2312 3748/3425/2329
f 3731/3406/2313 3741/3417/2322 3735/3410/2317
f 3732/3407/2314 3743/3419/2324 3736/3411/2318
f 3734/3409/2316 3745/3421/2326 3737/3412/1156
f 3607/3325/199 3748/3425/2329 3752/3429/2333
f 3741/3417/2322 3753/3430/2334 3754/3431/2335
f 3743/3419/2324 3755/3432/2336 3756/3433/2337
f 3745/3421/2326 3757/3434/2338 3758/3435/882
f 3741/3417/2322 3759/3436/2339 3742/3418/2323
f 3744/3420/2325 3756/3433/2337 3760/3437/2340
f 3746/3422/2327 3758/3435/882 3761/3438/2341
f 3742/3439/2323 3762/3440/2342 3747/3424/2328
f 3748/3425/2329 3760/3437/2340 3752/3429/2333
f 3749/3426/2330 3603/3321/210 3753/3430/2334
f 3750/3427/2331 3761/3438/2341 3755/3432/2336
f 3747/3424/2328 3757/3434/2338 3751/3428/2332
f 3762/3440/2342 3763/3441/2343 3764/3442/2344
f 3752/3429/2333 3765/3443/2345 3766/3444/2346
f 3753/3430/2334 3603/3321/210 3767/3445/2347
f 3755/3432/2336 3768/3446/2348 3769/3447/2349
f 3762/3440/2342 3770/3448/2350 3757/3434/2338
f 3607/3325/199 3752/3429/2333 3766/3444/2346
f 3754/3431/2335 3767/3445/2347 3771/3449/2351
f 3755/3432/2336 3772/3450/2352 3756/3433/2337
f 3758/3435/882 3770/3448/2350 3773/3451/2353
f 3754/3431/2335 3763/3452/2343 3759/3436/2339
f 3756/3433/2337 3765/3443/2345 3760/3437/2340
f 3758/3435/882 3768/3446/2348 3761/3438/2341
f 3771/3449/2351 3774/3453/2354 3763/3452/2343
f 3765/3443/2345 3775/3454/2355 3776/3455/2356
f 3773/3451/2353 3777/3456/2357 3768/3446/2348
f 3763/3441/2343 3778/3457/2358 3764/3442/2344
f 3766/3444/2346 3776/3455/2356 3779/3458/2359
f 3767/3445/2347 3603/3321/210 3780/3459/2360
f 3769/3447/2349 3777/3456/2357 3781/3460/2361
f 3764/3442/2344 3782/3461/2362 3770/3448/2350
f 3607/3325/199 3766/3444/2346 3779/3458/2359
f 3767/3445/2347 3783/3462/2363 3771/3449/2351
f 3769/3447/2349 3775/3454/2355 3772/3450/2352
f 3773/3451/2353 3782/3461/2362 3784/3463/1151
f 3778/3457/2358 3785/3464/2364 3782/3461/2362
f 3607/3325/199 3779/3458/2359 3786/3465/2365
f 3783/3462/2363 3787/3466/2366 3788/3467/2367
f 3781/3460/2361 3789/3468/2368 3775/3454/2355
f 3784/3463/1151 3785/3464/2364 3790/3469/190
f 3783/3462/2363 3791/3470/2369 3774/3453/2354
f 3775/3454/2355 3792/3471/2370 3776/3455/2356
f 3784/3463/1151 3793/3472/2371 3777/3456/2357
f 3774/3473/2354 3794/3474/2372 3778/3457/2358
f 3776/3455/2356 3786/3465/2365 3779/3458/2359
f 3780/3459/2360 3603/3321/210 3787/3466/2366
f 3777/3456/2357 3795/3475/2373 3781/3460/2361
f 3794/3474/2372 3796/3473/2374 3797/3457/2375
f 3786/3465/2365 3798/3455/2376 3799/3458/2377
f 3787/3466/2366 3603/3321/210 3800/3476/2378
f 3795/3475/2373 3801/3456/2379 3802/3460/2380
f 3794/3474/2372 3803/3461/2381 3785/3464/2364
f 3607/3325/199 3786/3465/2365 3799/3458/2377
f 3787/3466/2366 3804/3477/2382 3788/3467/2367
f 3789/3468/2368 3802/3460/2380 3805/3454/2383
f 3785/3464/2364 3806/3463/1155 3790/3469/190
f 3791/3470/2369 3804/3477/2382 3796/3478/2374
f 3792/3471/2370 3805/3454/2383 3798/3455/2376
f 3793/3472/2371 3806/3463/1155 3801/3456/2379
f 3803/3461/2381 3807/3451/2384 3806/3463/1155
f 3804/3477/2382 3808/3479/2385 3796/3478/2374
f 3805/3454/2383 3809/3443/2386 3798/3455/2376
f 3806/3463/1155 3810/3446/2387 3801/3456/2379
f 3797/3457/2375 3808/3441/2385 3811/3442/2388
f 3798/3455/2376 3812/3444/2389 3799/3458/2377
f 3800/3476/2378 3603/3321/210 3813/3480/2390
f 3802/3460/2380 3810/3446/2387 3814/3447/2391
f 3803/3461/2381 3811/3442/2388 3815/3448/2392
f 3607/3325/199 3799/3458/2377 3812/3444/2389
f 3804/3477/2382 3813/3480/2390 3816/3481/2393
f 3802/3460/2380 3817/3450/2394 3805/3454/2383
f 3811/3442/2388 3818/3434/2395 3815/3448/2392
f 3607/3325/199 3812/3444/2389 3819/3429/2396
f 3813/3480/2390 3820/3482/2397 3816/3481/2393
f 3817/3450/2394 3821/3432/2398 3822/3433/2399
f 3815/3448/2392 3823/3435/883 3807/3451/2384
f 3816/3481/2393 3824/3483/2400 3808/3479/2385
f 3817/3450/2394 3825/3437/2401 3809/3443/2386
f 3810/3446/2387 3823/3435/883 3826/3438/2402
f 3808/3441/2385 3827/3440/2403 3811/3442/2388
f 3809/3443/2386 3819/3429/2396 3812/3444/2389
f 3813/3480/2390 3603/3321/210 3828/3484/2404
f 3814/3447/2391 3826/3438/2402 3821/3432/2398
f 3826/3438/2402 3829/3421/2405 3830/3422/2406
f 3824/3485/2400 3831/3424/2407 3827/3440/2403
f 3819/3429/2396 3832/3420/2408 3833/3425/2409
f 3828/3484/2404 3603/3321/210 3834/3486/2410
f 3826/3438/2402 3835/3427/2411 3821/3432/2398
f 3818/3434/2395 3831/3424/2407 3836/3428/2412
f 3607/3325/199 3819/3429/2396 3833/3425/2409
f 3820/3482/2397 3834/3486/2410 3837/3487/2413
f 3821/3432/2398 3838/3419/2414 3822/3433/2399
f 3818/3434/2395 3829/3421/2405 3823/3435/883
f 3820/3482/2397 3839/3488/2415 3824/3483/2400
f 3822/3433/2399 3832/3420/2408 3825/3437/2401
f 3829/3421/2405 3840/3409/2416 3841/3412/1157
f 3837/3487/2413 3842/3489/2417 3839/3488/2415
f 3838/3419/2414 3843/3414/2418 3832/3420/2408
f 3830/3422/2406 3841/3412/1157 3844/3415/2419
f 3839/3439/2415 3845/3408/2420 3831/3424/2407
f 3833/3425/2409 3843/3414/2418 3846/3405/2421
f 3834/3486/2410 3603/3321/210 3847/3490/2422
f 3830/3422/2406 3848/3407/2423 3835/3427/2411
f 3836/3428/2412 3845/3408/2420 3840/3409/2416
f 3607/3325/199 3833/3425/2409 3846/3405/2421
f 3837/3487/2413 3847/3490/2422 3849/3491/2424
f 3838/3419/2414 3848/3407/2423 3850/3411/2425
f 3844/3415/2419 3585/3302/2178 3848/3407/2423
f 3845/3408/2420 3606/3324/2196 3840/3409/2416
f 3607/3325/199 3846/3405/2421 3600/3318/2191
f 3849/3491/2424 3602/3320/2193 3608/3326/2197
f 3848/3407/2423 3587/3304/2180 3850/3411/2425
f 3841/3412/1157 3606/3324/2196 3588/3305/168
f 3849/3491/2424 3591/3308/2182 3842/3489/2417
f 3843/3414/2418 3587/3304/2180 3595/3312/2186
f 3844/3415/2419 3588/3305/168 3597/3314/2188
f 3845/3408/2420 3591/3492/2182 3598/3315/2189
f 3843/3414/2418 3600/3318/2191 3846/3405/2421
f 3847/3490/2422 3603/3321/210 3602/3320/2193
f 3585/3302/2178 3605/3323/2195 3586/3303/2179
f 3588/3305/168 3606/3324/2196 3589/3306/2181
f 3591/3308/2182 3608/3326/2197 3592/3309/2183
f 3587/3304/2180 3586/3303/2179 3594/3311/2185
f 3588/3305/168 3590/3307/1154 3596/3313/2187
f 3598/3315/2189 3591/3492/2182 3593/3316/2184
f 3600/3318/2191 3595/3312/2186 3594/3311/2185
f 3585/3302/2178 3597/3314/2188 3596/3313/2187
f 3598/3315/2189 3599/3317/2190 3589/3306/2181
f 3608/3326/2197 3602/3320/2193 3604/3322/2194
f 3599/3317/2190 3593/3316/2184 3609/3327/2198
f 3601/3319/2192 3594/3311/2185 3611/3329/2200
f 3605/3323/2195 3596/3313/2187 3614/3332/2203
f 3599/3317/2190 3610/3328/2199 3616/3334/2205
f 3604/3322/2194 3613/3331/2202 3617/3335/2206
f 3605/3323/2195 3615/3333/2204 3618/3336/2207
f 3590/3307/1154 3589/3306/2181 3616/3334/2205
f 3593/3310/2184 3592/3309/2183 3617/3335/2206
f 3586/3303/2179 3618/3336/2207 3611/3329/2200
f 3596/3313/2187 3590/3307/1154 3619/3337/2208
f 3619/3337/2208 3616/3334/2205 3620/3339/2209
f 3609/3338/2198 3617/3335/2206 3622/3341/2210
f 3618/3336/2207 3630/3349/2218 3624/3343/2212
f 3619/3337/2208 3621/3340/1152 3625/3344/2213
f 3609/3327/2198 3623/3358/2211 3626/3345/2214
f 3611/3329/2200 3624/3343/2212 3627/3346/2215
f 3615/3333/2204 3614/3332/2203 3625/3344/2213
f 3610/3328/2199 3626/3345/2214 3620/3339/2209
f 3617/3335/2206 3613/3331/2202 3628/3347/2216
f 3618/3336/2207 3615/3333/2204 3629/3348/2217
f 3626/3345/2214 3639/3359/2227 3631/3350/2219
f 3628/3347/2216 3640/3360/2228 3633/3352/2221
f 3629/3348/2217 3641/3361/2229 3634/3353/2222
f 3621/3340/1152 3620/3339/2209 3631/3350/2219
f 3622/3341/2210 3633/3352/2221 3636/3355/2224
f 3630/3349/2218 3634/3353/2222 3637/3356/2225
f 3621/3340/1152 3635/3354/2223 3638/3357/2226
f 3623/3358/2211 3636/3363/2224 3639/3359/2227
f 3624/3343/2212 3637/3356/2225 3632/3351/2220
f 3629/3348/2217 3625/3344/2213 3638/3357/2226
f 3635/3354/2223 3651/3372/1158 3642/3362/2230
f 3636/3363/2224 3652/3380/2239 3643/3364/2231
f 3632/3351/2220 3637/3356/2225 3644/3365/2232
f 3638/3357/2226 3642/3362/2230 3647/3368/2235
f 3639/3359/2227 3643/3364/2231 3648/3369/2236
f 3640/3360/2228 3646/3367/2234 3649/3370/2237
f 3641/3361/2229 3647/3368/2235 3650/3371/2238
f 3635/3354/2223 3631/3350/2219 3648/3369/2236
f 3636/3355/2224 3633/3352/2221 3649/3370/2237
f 3637/3356/2225 3634/3353/2222 3650/3371/2238
f 3651/3372/1158 3648/3369/2236 3653/3374/2240
f 3649/3370/2237 3663/3385/2249 3655/3376/2241
f 3644/3365/2232 3650/3371/2238 3656/3377/2242
f 3651/3372/1158 3654/3375/191 3658/3379/2244
f 3652/3380/2239 3655/3388/2241 3659/3381/2245
f 3644/3365/2232 3657/3378/2243 3660/3382/2246
f 3647/3368/2235 3642/3362/2230 3658/3379/2244
f 3648/3369/2236 3643/3364/2231 3659/3381/2245
f 3649/3370/2237 3646/3367/2234 3661/3383/2247
f 3647/3368/2235 3662/3384/2248 3656/3377/2242
f 3662/3384/2248 3658/3379/2244 3664/3362/2250
f 3659/3381/2245 3673/3364/2258 3666/3369/2252
f 3661/3383/2247 3674/3389/2259 3668/3386/2254
f 3656/3377/2242 3662/3384/2248 3665/3368/2251
f 3654/3375/191 3653/3374/2240 3666/3369/2252
f 3663/3385/2249 3668/3386/2254 3671/3387/2256
f 3657/3378/2243 3656/3377/2242 3669/3371/2255
f 3654/3375/191 3670/3372/1150 3664/3362/2250
f 3655/3388/2241 3671/3380/2256 3673/3364/2258
f 3660/3382/2246 3657/3378/2243 3672/3365/2257
f 3670/3372/1150 3684/3354/2269 3675/3357/2260
f 3673/3364/2258 3671/3380/2256 3676/3363/2261
f 3672/3365/2257 3685/3356/2270 3678/3351/2263
f 3664/3362/2250 3675/3357/2260 3680/3361/2265
f 3666/3369/2252 3673/3364/2258 3677/3359/2262
f 3668/3386/2254 3674/3389/2259 3679/3390/2264
f 3665/3368/2251 3680/3361/2265 3683/3353/2268
f 3670/3372/1150 3666/3369/2252 3681/3350/2266
f 3671/3387/2256 3668/3386/2254 3682/3391/2267
f 3669/3371/2255 3683/3353/2268 3685/3356/2270
f 3683/3353/2268 3680/3361/2265 3686/3348/2271
f 3681/3350/2266 3695/3339/2279 3688/3340/1153
f 3682/3391/2267 3696/3395/2280 3689/3393/2273
f 3683/3353/2268 3687/3349/2272 3690/3343/2274
f 3684/3354/2269 3688/3340/1153 3691/3344/2275
f 3676/3363/2261 3689/3358/2273 3692/3345/2276
f 3678/3351/2263 3685/3356/2270 3690/3343/2274
f 3675/3357/2260 3691/3344/2275 3686/3348/2271
f 3677/3359/2262 3692/3345/2276 3695/3339/2279
f 3682/3391/2267 3679/3390/2264 3694/3394/2278
f 3691/3344/2275 3706/3332/2290 3698/3333/2282
f 3692/3345/2276 3707/3328/2291 3699/3334/2283
f 3694/3394/2278 3697/3396/2281 3701/3397/2285
f 3686/3348/2271 3698/3333/2282 3702/3336/2286
f 3695/3339/2279 3699/3334/2283 3703/3337/2287
f 3696/3395/2280 3701/3397/2285 3704/3398/2288
f 3690/3343/2274 3687/3349/2272 3702/3336/2286
f 3688/3340/1153 3703/3337/2287 3706/3332/2290
f 3689/3358/2273 3704/3327/2288 3707/3328/2291
f 3693/3346/2277 3690/3343/2274 3705/3329/2289
f 3705/3329/2289 3702/3336/2286 3708/3303/2292
f 3706/3332/2290 3703/3337/2287 3710/3307/1159
f 3707/3328/2291 3704/3327/2288 3712/3316/2295
f 3705/3329/2289 3709/3311/2293 3714/3319/2297
f 3706/3332/2290 3711/3313/2294 3716/3323/2299
f 3699/3334/2283 3707/3328/2291 3713/3317/2296
f 3701/3397/2285 3697/3396/2281 3715/3399/2298
f 3698/3333/2282 3716/3323/2299 3708/3303/2292
f 3699/3334/2283 3717/3306/2300 3710/3307/1159
f 3701/3397/2285 3718/3400/2301 3712/3401/2295
f 3718/3400/2301 3715/3399/2298 3719/3402/2302
f 3716/3323/2299 3728/3302/2310 3721/3304/2304
f 3717/3306/2300 3729/3324/2311 3722/3305/173
f 3712/3401/2295 3718/3400/2301 3720/3403/2303
f 3709/3311/2293 3708/3303/2292 3721/3304/2304
f 3711/3313/2294 3710/3307/1159 3722/3305/173
f 3712/3316/2295 3723/3416/2305 3726/3315/2308
f 3709/3311/2293 3724/3312/2306 3727/3318/2309
f 3711/3313/2294 3725/3314/2307 3728/3302/2310
f 3717/3306/2300 3713/3317/2296 3726/3315/2308
f 3724/3312/2306 3739/3414/2320 3730/3405/2312
f 3725/3314/2307 3740/3415/2321 3732/3407/2314
f 3729/3324/2311 3726/3315/2308 3733/3408/2315
f 3720/3403/2303 3719/3402/2302 3731/3406/2313
f 3721/3304/2304 3728/3302/2310 3732/3407/2314
f 3729/3324/2311 3734/3409/2316 3737/3412/1156
f 3723/3404/2305 3720/3403/2303 3735/3410/2317
f 3721/3304/2304 3736/3411/2318 3739/3414/2320
f 3725/3314/2307 3722/3305/173 3737/3412/1156
f 3723/3416/2305 3738/3423/2319 3733/3408/2315
f 3738/3413/2319 3735/3410/2317 3741/3417/2322
f 3739/3414/2320 3736/3411/2318 3743/3419/2324
f 3740/3415/2321 3737/3412/1156 3745/3421/2326
f 3738/3423/2319 3742/3439/2323 3747/3424/2328
f 3739/3414/2320 3744/3420/2325 3748/3425/2329
f 3740/3415/2321 3746/3422/2327 3750/3427/2331
f 3733/3408/2315 3747/3424/2328 3751/3428/2332
f 3731/3406/2313 3749/3426/2330 3741/3417/2322
f 3732/3407/2314 3750/3427/2331 3743/3419/2324
f 3734/3409/2316 3751/3428/2332 3745/3421/2326
f 3741/3417/2322 3749/3426/2330 3753/3430/2334
f 3743/3419/2324 3750/3427/2331 3755/3432/2336
f 3745/3421/2326 3751/3428/2332 3757/3434/2338
f 3741/3417/2322 3754/3431/2335 3759/3436/2339
f 3744/3420/2325 3743/3419/2324 3756/3433/2337
f 3746/3422/2327 3745/3421/2326 3758/3435/882
f 3742/3439/2323 3759/3485/2339 3762/3440/2342
f 3748/3425/2329 3744/3420/2325 3760/3437/2340
f 3750/3427/2331 3746/3422/2327 3761/3438/2341
f 3747/3424/2328 3762/3440/2342 3757/3434/2338
f 3762/3440/2342 3759/3485/2339 3763/3441/2343
f 3752/3429/2333 3760/3437/2340 3765/3443/2345
f 3755/3432/2336 3761/3438/2341 3768/3446/2348
f 3762/3440/2342 3764/3442/2344 3770/3448/2350
f 3754/3431/2335 3753/3430/2334 3767/3445/2347
f 3755/3432/2336 3769/3447/2349 3772/3450/2352
f 3758/3435/882 3757/3434/2338 3770/3448/2350
f 3754/3431/2335 3771/3449/2351 3763/3452/2343
f 3756/3433/2337 3772/3450/2352 3765/3443/2345
f 3758/3435/882 3773/3451/2353 3768/3446/2348
f 3771/3449/2351 3783/3462/2363 3774/3453/2354
f 3765/3443/2345 3772/3450/2352 3775/3454/2355
f 3773/3451/2353 3784/3463/1151 3777/3456/2357
f 3763/3441/2343 3774/3473/2354 3778/3457/2358
f 3766/3444/2346 3765/3443/2345 3776/3455/2356
f 3769/3447/2349 3768/3446/2348 3777/3456/2357
f 3764/3442/2344 3778/3457/2358 3782/3461/2362
f 3767/3445/2347 3780/3459/2360 3783/3462/2363
f 3769/3447/2349 3781/3460/2361 3775/3454/2355
f 3773/3451/2353 3770/3448/2350 3782/3461/2362
f 3778/3457/2358 3794/3474/2372 3785/3464/2364
f 3783/3462/2363 3780/3459/2360 3787/3466/2366
f 3781/3460/2361 3795/3475/2373 3789/3468/2368
f 3784/3463/1151 3782/3461/2362 3785/3464/2364
f 3783/3462/2363 3788/3467/2367 3791/3470/2369
f 3775/3454/2355 3789/3468/2368 3792/3471/2370
f 3784/3463/1151 3790/3469/190 3793/3472/2371
f 3774/3473/2354 3791/3493/2369 3794/3474/2372
f 3776/3455/2356 3792/3471/2370 3786/3465/2365
f 3777/3456/2357 3793/3472/2371 3795/3475/2373
f 3794/3474/2372 3791/3493/2369 3796/3473/2374
f 3786/3465/2365 3792/3471/2370 3798/3455/2376
f 3795/3475/2373 3793/3472/2371 3801/3456/2379
f 3794/3474/2372 3797/3457/2375 3803/3461/2381
f 3787/3466/2366 3800/3476/2378 3804/3477/2382
f 3789/3468/2368 3795/3475/2373 3802/3460/2380
f 3785/3464/2364 3803/3461/2381 3806/3463/1155
f 3791/3470/2369 3788/3467/2367 3804/3477/2382
f 3792/3471/2370 3789/3468/2368 3805/3454/2383
f 3793/3472/2371 3790/3469/190 3806/3463/1155
f 3803/3461/2381 3815/3448/2392 3807/3451/2384
f 3804/3477/2382 3816/3481/2393 3808/3479/2385
f 3805/3454/2383 3817/3450/2394 3809/3443/2386
f 3806/3463/1155 3807/3451/2384 3810/3446/2387
f 3797/3457/2375 3796/3473/2374 3808/3441/2385
f 3798/3455/2376 3809/3443/2386 3812/3444/2389
f 3802/3460/2380 3801/3456/2379 3810/3446/2387
f 3803/3461/2381 3797/3457/2375 3811/3442/2388
f 3804/3477/2382 3800/3476/2378 3813/3480/2390
f 3802/3460/2380 3814/3447/2391 3817/3450/2394
f 3811/3442/2388 3827/3440/2403 3818/3434/2395
f 3813/3480/2390 3828/3484/2404 3820/3482/2397
f 3817/3450/2394 3814/3447/2391 3821/3432/2398
f 3815/3448/2392 3818/3434/2395 3823/3435/883
f 3816/3481/2393 3820/3482/2397 3824/3483/2400
f 3817/3450/2394 3822/3433/2399 3825/3437/2401
f 3810/3446/2387 3807/3451/2384 3823/3435/883
f 3808/3441/2385 3824/3485/2400 3827/3440/2403
f 3809/3443/2386 3825/3437/2401 3819/3429/2396
f 3814/3447/2391 3810/3446/2387 3826/3438/2402
f 3826/3438/2402 3823/3435/883 3829/3421/2405
f 3824/3485/2400 3839/3439/2415 3831/3424/2407
f 3819/3429/2396 3825/3437/2401 3832/3420/2408
f 3826/3438/2402 3830/3422/2406 3835/3427/2411
f 3818/3434/2395 3827/3440/2403 3831/3424/2407
f 3820/3482/2397 3828/3484/2404 3834/3486/2410
f 3821/3432/2398 3835/3427/2411 3838/3419/2414
f 3818/3434/2395 3836/3428/2412 3829/3421/2405
f 3820/3482/2397 3837/3487/2413 3839/3488/2415
f 3822/3433/2399 3838/3419/2414 3832/3420/2408
f 3829/3421/2405 3836/3428/2412 3840/3409/2416
f 3837/3487/2413 3849/3491/2424 3842/3489/2417
f 3838/3419/2414 3850/3411/2425 3843/3414/2418
f 3830/3422/2406 3829/3421/2405 3841/3412/1157
f 3839/3439/2415 3842/3423/2417 3845/3408/2420
f 3833/3425/2409 3832/3420/2408 3843/3414/2418
f 3830/3422/2406 3844/3415/2419 3848/3407/2423
f 3836/3428/2412 3831/3424/2407 3845/3408/2420
f 3837/3487/2413 3834/3486/2410 3847/3490/2422
f 3838/3419/2414 3835/3427/2411 3848/3407/2423
f 3844/3415/2419 3597/3314/2188 3585/3302/2178
f 3845/3408/2420 3598/3315/2189 3606/3324/2196
f 3849/3491/2424 3847/3490/2422 3602/3320/2193
f 3848/3407/2423 3585/3302/2178 3587/3304/2180
f 3841/3412/1157 3840/3409/2416 3606/3324/2196
f 3849/3491/2424 3608/3326/2197 3591/3308/2182
f 3843/3414/2418 3850/3411/2425 3587/3304/2180
f 3844/3415/2419 3841/3412/1157 3588/3305/168
f 3845/3408/2420 3842/3423/2417 3591/3492/2182
f 3843/3414/2418 3595/3312/2186 3600/3318/2191
