# Blender 4.2.3 LTS
# www.blender.org
o CAPITAL_NR_BOTHAN
v -0.160837 2.832190 -2.033515
v -0.198533 2.820009 -2.033514
v -0.204702 2.832190 -2.033514
v -0.167006 2.820009 -2.033515
v -0.160837 3.239167 -2.033515
v -0.204702 3.239167 -2.033514
v -0.167006 3.251348 -2.033515
v -0.198533 3.251348 -2.033514
v -0.087728 2.612865 -2.033515
v -0.125424 2.600684 -2.033515
v -0.131593 2.612865 -2.033515
v -0.093897 2.600684 -2.033515
v -0.087728 3.312275 -2.033515
v -0.131593 3.312275 -2.033515
v -0.093897 3.324457 -2.033515
v -0.125424 3.324457 -2.033515
v -0.014620 2.612865 -2.033515
v -0.052316 2.600684 -2.033515
v -0.058485 2.612865 -2.033515
v -0.020789 2.600684 -2.033515
v -0.014620 3.312275 -2.033515
v -0.058485 3.312275 -2.033515
v -0.020789 3.324456 -2.033515
v -0.052316 3.324456 -2.033515
v 0.058488 2.612865 -2.033515
v 0.020793 2.600684 -2.033515
v 0.014623 2.612865 -2.033515
v 0.052319 2.600684 -2.033515
v 0.058489 3.312275 -2.033515
v 0.014624 3.312275 -2.033515
v 0.052319 3.324456 -2.033515
v 0.020793 3.324456 -2.033515
v 0.131597 2.612865 -2.033515
v 0.093901 2.600684 -2.033515
v 0.087732 2.612865 -2.033515
v 0.125428 2.600684 -2.033515
v 0.131597 3.312275 -2.033515
v 0.087732 3.312275 -2.033515
v 0.125428 3.324456 -2.033515
v 0.093901 3.324456 -2.033515
v 0.204705 2.832190 -2.033515
v 0.167009 2.820009 -2.033515
v 0.160840 2.832190 -2.033515
v 0.198536 2.820009 -2.033515
v 0.204705 3.239167 -2.033515
v 0.160840 3.239167 -2.033515
v 0.198536 3.251348 -2.033515
v 0.167009 3.251348 -2.033515
v -0.118281 2.549507 1.205186
v 0.000000 2.549507 0.547211
v 0.000001 2.549507 1.205186
v -0.178906 2.549507 0.547211
v -0.146215 3.192091 -0.841848
v -0.339253 3.192035 0.108561
v -0.146214 3.192035 0.108561
v -0.365540 3.192091 -0.841848
v -0.146215 3.192091 -0.841848
v -0.365540 2.988158 -0.841848
v -0.365540 3.192091 -0.841848
v -0.180545 2.549507 -0.841848
v -0.254624 2.622616 -0.841848
v -0.000000 2.549507 -0.841849
v -0.000000 3.192091 -0.841849
v 0.206302 2.544112 -0.827180
v 0.260389 2.598520 0.532636
v 0.204764 2.544122 0.532636
v 0.259600 2.596792 -0.827180
v -0.063404 2.615052 2.294786
v 0.000001 2.677588 2.311363
v -0.111998 2.677588 2.311363
v 0.000001 2.615052 2.294786
v -0.097962 2.586061 1.804675
v -0.199718 2.628934 1.497620
v -0.119068 2.568625 1.497620
v -0.098058 2.586061 1.877784
v -0.146214 2.669134 2.313855
v -0.098058 2.586061 1.877784
v -0.081665 2.586061 2.291849
v -0.146214 2.669134 2.313855
v 0.146220 2.669134 2.313855
v 0.197833 2.841941 2.228704
v 0.189569 2.841941 2.355331
v 0.245543 2.841941 1.497620
v 0.229817 2.768833 1.497620
v 0.199723 2.628934 1.497620
v 0.000001 2.982818 2.388355
v -0.111998 2.677588 2.311363
v -0.168856 2.915629 2.370352
v -0.153719 2.842520 2.350763
v -0.168856 2.915629 2.370352
v -0.182768 2.982818 2.388355
v -0.278204 2.627237 -0.841885
v -0.342961 2.841685 0.912753
v -0.410433 2.841941 -0.841885
v -0.278171 2.626808 0.547211
v -0.252017 2.626451 0.912753
v 0.276670 2.986644 1.497620
v 0.219328 3.089579 2.392927
v 0.219328 2.985667 2.393842
v 0.276634 3.121161 1.497620
v 0.146220 3.084003 2.386812
v 0.182774 2.982818 2.388355
v 0.182774 3.084003 2.386812
v 0.000001 2.982818 2.388355
v 0.000001 3.084003 2.386812
v -0.399371 3.149206 0.547175
v -0.437790 2.978726 -0.841885
v -0.399381 2.978247 0.547175
v -0.399277 3.182660 -0.841885
v -0.060705 2.542197 2.254225
v 0.000001 2.542197 2.133663
v 0.000001 2.542197 2.254225
v -0.043862 2.542197 2.133663
v -0.065637 2.542197 2.133663
v 0.000001 2.542197 1.877301
v -0.076058 2.542197 1.826607
v 0.000001 2.542197 1.826608
v -0.076125 2.542197 1.877301
v 0.000001 2.586062 2.291849
v -0.081665 2.564129 2.276157
v 0.000001 2.564129 2.276157
v -0.081665 2.586061 2.291849
v 0.098064 2.564129 1.877784
v 0.081671 2.586062 2.291849
v 0.081671 2.564129 2.276157
v 0.098064 2.586062 1.877784
v 0.097968 2.564129 1.804675
v 0.097968 2.586062 1.804675
v 0.000001 2.586062 1.804675
v 0.097968 2.564129 1.804675
v 0.000001 2.564129 1.804675
v 0.097968 2.586062 1.804675
v -0.098058 2.564129 1.877784
v -0.097962 2.586061 1.804675
v -0.097962 2.564129 1.804675
v -0.098058 2.586061 1.877784
v -0.081665 2.564129 2.276157
v -0.081665 2.586061 2.291849
v -0.060705 2.542197 2.254225
v 0.000001 2.542197 2.254225
v 0.081671 2.564129 2.276157
v 0.076131 2.542197 1.877301
v 0.098064 2.564129 1.877784
v 0.081671 2.564129 2.276157
v 0.070130 2.542197 2.024000
v 0.076131 2.542197 1.877301
v 0.068635 2.542197 2.060555
v 0.067139 2.542197 2.097109
v 0.065644 2.542197 2.133663
v 0.060712 2.542197 2.254225
v 0.076064 2.542197 1.826608
v 0.098064 2.564129 1.877784
v 0.076131 2.542197 1.877301
v 0.097968 2.564129 1.804675
v 0.000001 2.564129 1.804675
v 0.076064 2.542197 1.826608
v 0.000001 2.542197 1.826608
v 0.097968 2.564129 1.804675
v -0.076125 2.542197 1.877301
v -0.097962 2.564129 1.804675
v -0.076058 2.542197 1.826607
v -0.098058 2.564129 1.877784
v -0.098058 2.564129 1.877784
v -0.060705 2.542197 2.254225
v -0.081665 2.564129 2.276157
v -0.098058 2.564129 1.877784
v -0.065637 2.542197 2.133663
v -0.060705 2.542197 2.254225
v -0.067133 2.542197 2.097109
v -0.068628 2.542197 2.060555
v -0.070124 2.542197 2.024000
v -0.076125 2.542197 1.877301
v -0.070753 2.615305 1.775432
v 0.000001 2.597869 1.496598
v 0.000001 2.615305 1.775432
v -0.089822 2.597869 1.496598
v 0.219328 3.089579 2.392927
v 0.146220 3.097951 2.155596
v 0.146220 3.089579 2.392927
v 0.146220 3.103109 2.009379
v 0.146220 3.105688 1.936270
v 0.146220 3.110845 1.790053
v 0.146220 3.113424 1.716945
v 0.146220 3.118582 1.570728
v 0.146220 3.121161 1.497620
v 0.276634 3.121161 1.497620
v 0.098064 2.586062 1.877784
v 0.146220 2.669134 2.313855
v 0.081671 2.586062 2.291849
v 0.146220 2.669134 2.313855
v 0.119074 2.568625 1.497620
v 0.199723 2.628934 1.497620
v 0.097968 2.586062 1.804675
v 0.098064 2.586062 1.877784
v 0.097968 2.586062 1.804675
v 0.146220 2.669134 2.313855
v -0.118281 2.549507 1.205186
v -0.199886 2.627936 1.351403
v -0.199998 2.627271 1.205187
v -0.199718 2.628934 1.497620
v -0.119068 2.568625 1.497620
v 0.261270 2.915049 1.497620
v 0.275925 2.987042 1.205186
v 0.260733 2.915049 1.205186
v -0.276664 2.986644 1.497620
v -0.204700 2.915049 2.374921
v -0.219322 2.985667 2.393842
v -0.214128 2.915049 2.228704
v -0.261264 2.915049 1.497620
v 0.283263 3.001649 1.219793
v 0.283918 3.107047 1.482984
v 0.283949 3.001282 1.482984
v 0.283244 3.118910 1.219793
v -0.219322 3.089579 2.392927
v -0.276629 3.121161 1.497620
v -0.089101 2.578751 1.234430
v 0.000001 2.578751 1.234430
v 0.162331 3.148077 1.220309
v 0.275678 3.141076 1.483688
v 0.274840 3.153199 1.220490
v 0.162331 3.136213 1.483517
v 0.118287 2.549507 1.205186
v 0.199723 2.628934 1.497620
v 0.119074 2.568625 1.497620
v 0.199892 2.627936 1.351403
v 0.200004 2.627271 1.205186
v -0.260727 2.915049 1.205187
v -0.275920 2.987042 1.205187
v -0.283257 3.001649 1.219793
v -0.283912 3.107047 1.482984
v -0.283238 3.118910 1.219793
v -0.283943 3.001282 1.482984
v -0.206298 2.544112 -0.827179
v -0.260383 2.598520 0.532637
v -0.259596 2.596792 -0.827180
v -0.204759 2.544122 0.532637
v 0.278176 2.626808 0.547211
v 0.342966 2.841685 0.912753
v 0.252022 2.626451 0.912753
v 0.278208 2.627237 -0.841885
v 0.410437 2.841941 -0.841885
v 0.348151 3.124624 1.205150
v 0.399386 2.978248 0.547174
v 0.399376 3.149206 0.547174
v 0.370933 2.977893 0.912753
v 0.348175 2.977610 1.205150
v 0.089828 2.568625 1.496598
v 0.097968 2.586062 1.804675
v 0.070759 2.586062 1.775432
v 0.089106 2.549507 1.234430
v 0.000001 2.549507 1.205186
v 0.089106 2.549507 1.234430
v 0.000001 2.549507 1.234430
v 0.118287 2.549507 1.205186
v -0.089822 2.568625 1.496598
v -0.118281 2.549507 1.205186
v -0.089101 2.549507 1.234430
v -0.119068 2.568625 1.497620
v -0.070753 2.586061 1.775432
v -0.097962 2.586061 1.804675
v 0.000001 2.586062 1.804675
v 0.000001 2.586061 1.775432
v 0.089828 2.597869 1.496598
v 0.070759 2.586062 1.775432
v 0.070759 2.615305 1.775432
v 0.089828 2.568625 1.496598
v 0.089106 2.578751 1.234430
v 0.089106 2.549507 1.234430
v 0.000001 2.549507 1.234430
v 0.089106 2.578751 1.234430
v 0.000001 2.578751 1.234430
v 0.089106 2.549507 1.234430
v -0.089822 2.597869 1.496598
v -0.089101 2.549507 1.234430
v -0.089101 2.578751 1.234430
v -0.089822 2.568625 1.496598
v -0.070753 2.615305 1.775432
v -0.070753 2.586061 1.775432
v 0.000001 2.586061 1.775432
v -0.070753 2.615305 1.775432
v 0.000001 2.615305 1.775432
v -0.070753 2.586061 1.775432
v 0.222871 2.630495 1.346832
v 0.249751 2.757111 1.490330
v 0.222698 2.631482 1.490330
v 0.221802 2.624379 1.212518
v 0.249798 2.757113 1.212518
v -0.222865 2.630495 1.346832
v -0.249793 2.757113 1.212518
v -0.221796 2.624379 1.212518
v -0.222692 2.631482 1.490330
v -0.249746 2.757111 1.490330
v 0.283949 3.001282 1.482984
v 0.275925 2.987042 1.205186
v 0.283263 3.001649 1.219793
v 0.276670 2.986644 1.497620
v 0.283918 3.107047 1.482984
v 0.276670 2.986644 1.497620
v 0.283949 3.001282 1.482984
v 0.276634 3.121161 1.497620
v 0.278206 3.146291 1.227159
v 0.275678 3.141076 1.483688
v 0.278854 3.134889 1.477278
v 0.274840 3.153199 1.220490
v 0.283263 3.001649 1.219793
v 0.275901 3.134056 1.205186
v 0.283244 3.118910 1.219793
v 0.275925 2.987042 1.205186
v -0.278848 3.134889 1.477279
v -0.274834 3.153199 1.220490
v -0.278200 3.146291 1.227159
v -0.275672 3.141076 1.483689
v -0.283943 3.001282 1.482984
v -0.276629 3.121161 1.497620
v -0.283912 3.107047 1.482984
v -0.276664 2.986644 1.497620
v -0.283257 3.001649 1.219793
v -0.276664 2.986644 1.497620
v -0.283943 3.001282 1.482984
v -0.275920 2.987042 1.205187
v -0.283238 3.118910 1.219793
v -0.275920 2.987042 1.205187
v -0.283257 3.001649 1.219793
v -0.275895 3.134056 1.205187
v 0.205164 2.581323 1.226961
v 0.190751 2.585035 1.330016
v 0.190863 2.584370 1.226951
v 0.205052 2.581988 1.330016
v 0.244118 2.765786 1.497633
v 0.199723 2.628934 1.497620
v 0.214024 2.625887 1.497633
v 0.229817 2.768833 1.497620
v 0.244178 2.765786 1.205200
v 0.229817 2.768833 1.497620
v 0.244118 2.765786 1.497633
v 0.229877 2.768832 1.205186
v 0.214305 2.624224 1.205200
v 0.229877 2.768832 1.205186
v 0.244178 2.765786 1.205200
v 0.200004 2.627271 1.205186
v -0.214018 2.625887 1.497634
v -0.199886 2.627936 1.351403
v -0.199718 2.628934 1.497620
v -0.214187 2.624889 1.351403
v -0.244172 2.765786 1.205200
v -0.199998 2.627271 1.205187
v -0.214299 2.624224 1.205200
v -0.229872 2.768832 1.205187
v -0.244112 2.765786 1.497634
v -0.229872 2.768832 1.205187
v -0.244172 2.765786 1.205200
v -0.229811 2.768832 1.497620
v -0.214018 2.625887 1.497634
v -0.229811 2.768832 1.497620
v -0.244112 2.765786 1.497634
v -0.199718 2.628934 1.497620
v 0.214193 2.624889 1.351403
v 0.199723 2.628934 1.497620
v 0.199892 2.627936 1.351403
v 0.214024 2.625887 1.497633
v -0.205046 2.581988 1.330017
v -0.190858 2.584369 1.226952
v -0.190745 2.585035 1.330017
v -0.205158 2.581323 1.226961
v 0.190751 2.585035 1.330016
v 0.200004 2.627271 1.205186
v 0.190863 2.584370 1.226951
v 0.199892 2.627936 1.351403
v 0.205052 2.581988 1.330016
v 0.199892 2.627936 1.351403
v 0.190751 2.585035 1.330016
v 0.214193 2.624889 1.351403
v 0.213835 2.586979 1.231489
v 0.213729 2.587586 1.325441
v 0.190863 2.584370 1.226951
v 0.214305 2.624224 1.205200
v 0.205164 2.581323 1.226961
v 0.200004 2.627271 1.205186
v -0.205158 2.581323 1.226961
v -0.199998 2.627271 1.205187
v -0.190858 2.584369 1.226952
v -0.214299 2.624224 1.205200
v -0.213723 2.587585 1.325442
v -0.213829 2.586978 1.231489
v -0.190745 2.585035 1.330017
v -0.214187 2.624889 1.351403
v -0.205046 2.581988 1.330017
v -0.199886 2.627936 1.351403
v -0.190858 2.584369 1.226952
v -0.199886 2.627936 1.351403
v -0.190745 2.585035 1.330017
v -0.199998 2.627271 1.205187
v 0.249751 2.757111 1.490330
v 0.214024 2.625887 1.497633
v 0.222698 2.631482 1.490330
v 0.244118 2.765786 1.497633
v 0.249798 2.757113 1.212518
v 0.244118 2.765786 1.497633
v 0.249751 2.757111 1.490330
v 0.244178 2.765786 1.205200
v 0.221802 2.624379 1.212518
v 0.244178 2.765786 1.205200
v 0.249798 2.757113 1.212518
v 0.214305 2.624224 1.205200
v 0.213835 2.586979 1.231489
v 0.205164 2.581323 1.226961
v 0.213729 2.587586 1.325441
v 0.205164 2.581323 1.226961
v 0.213835 2.586979 1.231489
v 0.205052 2.581988 1.330016
v 0.222871 2.630495 1.346832
v 0.205052 2.581988 1.330016
v 0.213729 2.587586 1.325441
v 0.214193 2.624889 1.351403
v 0.222698 2.631482 1.490330
v 0.214193 2.624889 1.351403
v 0.222871 2.630495 1.346832
v 0.214024 2.625887 1.497633
v -0.222865 2.630495 1.346832
v -0.214018 2.625887 1.497634
v -0.222692 2.631482 1.490330
v -0.214187 2.624889 1.351403
v -0.213723 2.587585 1.325442
v -0.214187 2.624889 1.351403
v -0.222865 2.630495 1.346832
v -0.205046 2.581988 1.330017
v -0.213829 2.586978 1.231489
v -0.205046 2.581988 1.330017
v -0.213723 2.587585 1.325442
v -0.205158 2.581323 1.226961
v -0.221796 2.624379 1.212518
v -0.205158 2.581323 1.226961
v -0.213829 2.586978 1.231489
v -0.214299 2.624224 1.205200
v -0.249793 2.757113 1.212518
v -0.244172 2.765786 1.205200
v -0.249746 2.757111 1.490330
v -0.244172 2.765786 1.205200
v -0.249793 2.757113 1.212518
v -0.244112 2.765786 1.497634
v -0.222692 2.631482 1.490330
v -0.244112 2.765786 1.497634
v -0.249746 2.757111 1.490330
v -0.214018 2.625887 1.497634
v 0.188635 2.905559 2.241911
v 0.172128 2.860991 2.342736
v 0.178718 2.860989 2.241912
v 0.181376 2.905556 2.354680
v 0.229877 2.768832 1.205186
v 0.245305 2.841941 1.205186
v -0.229811 2.768832 1.497620
v -0.197827 2.841941 2.228704
v -0.245538 2.841941 1.497620
v -0.189563 2.841941 2.355331
v -0.199718 2.628934 1.497620
v -0.146214 2.669134 2.313855
v -0.245299 2.841941 1.205187
v -0.229872 2.768832 1.205187
v 0.242374 2.896725 1.496850
v 0.235622 2.866506 1.226497
v 0.241918 2.896714 1.226497
v 0.235893 2.866496 1.497149
v -0.188629 2.905558 2.241911
v -0.172121 2.860991 2.342736
v -0.181370 2.905556 2.354680
v -0.178712 2.860988 2.241912
v -0.241912 2.896714 1.226497
v -0.235888 2.866496 1.497149
v -0.242369 2.896724 1.496850
v -0.235616 2.866506 1.226497
v 0.214134 2.915050 2.228704
v 0.204707 2.915049 2.374921
v 0.189679 2.866483 2.206188
v 0.196582 2.896737 2.206198
v -0.196576 2.896737 2.206198
v -0.189673 2.866483 2.206188
v 0.254222 2.847538 1.497977
v 0.245305 2.841941 1.205186
v 0.253974 2.847541 1.212803
v 0.245543 2.841941 1.497620
v 0.207009 2.847534 2.221712
v 0.197833 2.841941 2.228704
v 0.220181 2.906357 2.221715
v 0.197833 2.841941 2.228704
v 0.207009 2.847534 2.221712
v 0.214134 2.915050 2.228704
v 0.266867 2.906353 1.497877
v 0.214134 2.915050 2.228704
v 0.220181 2.906357 2.221715
v 0.261270 2.915049 1.497620
v 0.266355 2.906350 1.212803
v 0.260733 2.915049 1.205186
v 0.253974 2.847541 1.212803
v 0.260733 2.915049 1.205186
v 0.266355 2.906350 1.212803
v 0.245305 2.841941 1.205186
v -0.253969 2.847541 1.212804
v -0.245538 2.841941 1.497620
v -0.254216 2.847538 1.497977
v -0.245299 2.841941 1.205187
v -0.266350 2.906350 1.212804
v -0.245299 2.841941 1.205187
v -0.253969 2.847541 1.212804
v -0.260727 2.915049 1.205187
v -0.266861 2.906353 1.497877
v -0.260727 2.915049 1.205187
v -0.266350 2.906350 1.212804
v -0.261264 2.915049 1.497620
v -0.220174 2.906357 2.221715
v -0.214128 2.915049 2.228704
v -0.207003 2.847534 2.221712
v -0.214128 2.915049 2.228704
v -0.220174 2.906357 2.221715
v -0.197827 2.841941 2.228704
v -0.197827 2.841941 2.228704
v -0.207003 2.847534 2.221712
v 0.257304 2.861832 1.498077
v 0.253974 2.847541 1.212803
v 0.257032 2.861842 1.227425
v 0.254222 2.847538 1.497977
v 0.211090 2.861819 2.207116
v 0.207009 2.847534 2.221712
v 0.217993 2.892073 2.207126
v 0.220181 2.906357 2.221715
v 0.263785 2.892060 1.497778
v 0.266867 2.906353 1.497877
v 0.263328 2.892050 1.227425
v 0.266355 2.906350 1.212803
v -0.257027 2.861842 1.227425
v -0.254216 2.847538 1.497977
v -0.257298 2.861831 1.498077
v -0.253969 2.847541 1.212804
v -0.263323 2.892050 1.227425
v -0.266350 2.906350 1.212804
v -0.263779 2.892060 1.497779
v -0.266861 2.906353 1.497877
v -0.217987 2.892073 2.207126
v -0.220174 2.906357 2.221715
v -0.211084 2.861819 2.207116
v -0.207003 2.847534 2.221712
v 0.235893 2.866496 1.497149
v 0.257032 2.861842 1.227425
v 0.235622 2.866506 1.226497
v 0.257304 2.861832 1.498077
v 0.189679 2.866483 2.206188
v 0.211090 2.861819 2.207116
v 0.196582 2.896737 2.206198
v 0.211090 2.861819 2.207116
v 0.189679 2.866483 2.206188
v 0.217993 2.892073 2.207126
v 0.242374 2.896725 1.496850
v 0.217993 2.892073 2.207126
v 0.196582 2.896737 2.206198
v 0.263785 2.892060 1.497778
v 0.241918 2.896714 1.226497
v 0.263328 2.892050 1.227425
v 0.235622 2.866506 1.226497
v 0.263328 2.892050 1.227425
v 0.241918 2.896714 1.226497
v 0.257032 2.861842 1.227425
v -0.235616 2.866506 1.226497
v -0.257298 2.861831 1.498077
v -0.235888 2.866496 1.497149
v -0.257027 2.861842 1.227425
v -0.241912 2.896714 1.226497
v -0.257027 2.861842 1.227425
v -0.235616 2.866506 1.226497
v -0.263323 2.892050 1.227425
v -0.242369 2.896724 1.496850
v -0.263323 2.892050 1.227425
v -0.241912 2.896714 1.226497
v -0.263779 2.892060 1.497779
v -0.196576 2.896737 2.206198
v -0.217987 2.892073 2.207126
v -0.189673 2.866483 2.206188
v -0.217987 2.892073 2.207126
v -0.196576 2.896737 2.206198
v -0.211084 2.861819 2.207116
v -0.211084 2.861819 2.207116
v -0.189673 2.866483 2.206188
v 0.202737 2.900778 2.356066
v 0.193489 2.856212 2.344121
v 0.209996 2.900780 2.243296
v 0.200079 2.856210 2.243297
v -0.193482 2.856212 2.344121
v -0.202730 2.900777 2.356065
v -0.200072 2.856210 2.243297
v -0.209989 2.900780 2.243296
v 0.181376 2.905556 2.354680
v 0.193489 2.856212 2.344121
v 0.172128 2.860991 2.342736
v 0.202737 2.900778 2.356066
v 0.188635 2.905559 2.241911
v 0.202737 2.900778 2.356066
v 0.181376 2.905556 2.354680
v 0.209996 2.900780 2.243296
v 0.178718 2.860989 2.241912
v 0.209996 2.900780 2.243296
v 0.188635 2.905559 2.241911
v 0.200079 2.856210 2.243297
v 0.172128 2.860991 2.342736
v 0.200079 2.856210 2.243297
v 0.178718 2.860989 2.241912
v 0.193489 2.856212 2.344121
v -0.172121 2.860991 2.342736
v -0.202730 2.900777 2.356065
v -0.181370 2.905556 2.354680
v -0.193482 2.856212 2.344121
v -0.178712 2.860988 2.241912
v -0.193482 2.856212 2.344121
v -0.172121 2.860991 2.342736
v -0.200072 2.856210 2.243297
v -0.188629 2.905558 2.241911
v -0.200072 2.856210 2.243297
v -0.178712 2.860988 2.241912
v -0.209989 2.900780 2.243296
v -0.181370 2.905556 2.354680
v -0.209989 2.900780 2.243296
v -0.188629 2.905558 2.241911
v -0.202730 2.900777 2.356065
v 0.088353 3.263881 0.108561
v -0.000000 3.261286 -0.766711
v 0.000000 3.263881 0.108561
v 0.089640 3.261286 -0.766711
v -0.219322 3.089579 2.392927
v -0.146214 3.121161 1.497620
v -0.276629 3.121161 1.497620
v -0.146214 3.118582 1.570728
v -0.146214 3.113424 1.716945
v -0.146214 3.110845 1.790053
v -0.146214 3.105687 1.936270
v -0.146214 3.103109 2.009379
v -0.146214 3.097951 2.155595
v -0.146214 3.089579 2.392927
v -0.162325 3.148077 1.220309
v -0.275672 3.141076 1.483689
v -0.162325 3.136213 1.483517
v -0.274834 3.153199 1.220490
v 0.124287 3.156474 2.155595
v 0.029247 3.148802 2.373070
v 0.124287 3.148802 2.373070
v 0.029246 3.156474 2.155595
v 0.124287 3.192506 1.207248
v 0.029246 3.179611 1.499682
v 0.124287 3.179611 1.499682
v 0.029246 3.192506 1.207248
v 0.146219 3.192091 -0.841849
v 0.339258 3.192035 0.108560
v 0.365544 3.192092 -0.841849
v 0.146219 3.192035 0.108561
v -0.146215 3.214010 -0.841075
v -0.000000 3.214010 -0.841075
v 0.148165 3.225157 -0.826592
v 0.146219 3.187884 0.532565
v 0.146219 3.221332 -0.826727
v 0.146217 3.195204 0.532565
v 0.146220 3.143080 1.498393
v 0.146220 3.134056 1.205186
v 0.146220 3.155975 1.205960
v 0.146220 3.121161 1.497620
v 0.146220 3.140528 1.570728
v 0.146220 3.118582 1.570728
v 0.000001 3.089579 2.392927
v 0.146220 3.111498 2.393700
v 0.000001 3.111498 2.393700
v 0.146220 3.089579 2.392927
v -0.146214 3.111498 2.393700
v -0.146214 3.097951 2.155595
v -0.146214 3.089579 2.392927
v -0.146214 3.119897 2.155595
v -0.146214 3.155975 1.205960
v -0.146214 3.121161 1.497620
v -0.146214 3.143080 1.498393
v -0.146214 3.134056 1.205186
v -0.146214 3.158638 0.547211
v -0.146214 3.180584 0.547211
v -0.000000 3.214010 -0.841075
v -0.124282 3.249769 -0.817868
v -0.000000 3.249769 -0.817868
v -0.146215 3.214010 -0.841075
v 0.126248 3.261177 -0.803265
v 0.146217 3.195204 0.532565
v 0.148165 3.225157 -0.826592
v 0.124284 3.231768 0.532565
v 0.124287 3.179611 1.499682
v 0.146220 3.155975 1.205960
v 0.124287 3.192506 1.207248
v 0.146220 3.143080 1.498393
v 0.124287 3.177105 1.570728
v 0.146220 3.140528 1.570728
v 0.146220 3.111498 2.393700
v 0.000001 3.148802 2.373070
v 0.000001 3.111498 2.393700
v 0.029247 3.148802 2.373070
v 0.124287 3.148802 2.373070
v -0.124281 3.148802 2.373070
v -0.146214 3.119897 2.155595
v -0.146214 3.111498 2.393700
v -0.124281 3.156474 2.155595
v -0.124281 3.192506 1.207248
v -0.146214 3.143080 1.498393
v -0.124281 3.179611 1.499682
v -0.146214 3.155975 1.205960
v -0.146214 3.180584 0.547211
v -0.124282 3.217161 0.547211
v 0.162331 3.136213 1.483517
v 0.276634 3.121161 1.497620
v 0.275678 3.141076 1.483688
v 0.146220 3.121161 1.497620
v 0.162331 3.148077 1.220309
v 0.146220 3.121161 1.497620
v 0.162331 3.136213 1.483517
v 0.146220 3.134056 1.205186
v 0.274840 3.153199 1.220490
v 0.146220 3.134056 1.205186
v 0.162331 3.148077 1.220309
v 0.146220 3.134056 1.205186
v 0.274840 3.153199 1.220490
v 0.275901 3.134056 1.205186
v 0.275901 3.134056 1.205186
v 0.283244 3.118910 1.219793
v 0.283918 3.107047 1.482984
v 0.276634 3.121161 1.497620
v -0.283912 3.107047 1.482984
v -0.283238 3.118910 1.219793
v -0.275895 3.134056 1.205187
v -0.162325 3.148077 1.220309
v -0.275895 3.134056 1.205187
v -0.274834 3.153199 1.220490
v -0.275895 3.134056 1.205187
v -0.162325 3.148077 1.220309
v -0.146214 3.134056 1.205186
v -0.162325 3.136213 1.483517
v -0.146214 3.134056 1.205186
v -0.162325 3.148077 1.220309
v -0.146214 3.121161 1.497620
v -0.275672 3.141076 1.483689
v -0.146214 3.121161 1.497620
v -0.162325 3.136213 1.483517
v -0.276629 3.121161 1.497620
v -0.276629 3.121161 1.497620
v -0.275895 3.134056 1.205187
v -0.146214 3.158638 0.547211
v -0.327121 3.158638 0.547211
v -0.146214 3.134056 1.205186
v -0.348146 3.124624 1.205150
v -0.370927 2.977893 0.912753
v -0.348170 2.977610 1.205150
v -0.399381 2.978247 0.547175
v -0.399371 3.149206 0.547175
v 0.437794 2.978726 -0.841885
v 0.399376 3.149206 0.547174
v 0.399386 2.978248 0.547174
v 0.399281 3.182660 -0.841885
v 0.029246 3.217161 0.547211
v 0.124287 3.217161 0.547211
v 0.146219 3.158638 0.547211
v 0.275901 3.134056 1.205186
v 0.327126 3.158638 0.547211
v 0.146220 3.134056 1.205186
v 0.146219 3.180584 0.547211
v 0.146219 3.158638 0.547211
v -0.146211 3.195204 0.532565
v -0.146215 3.221332 -0.826727
v -0.146214 3.187884 0.532565
v -0.148160 3.225157 -0.826592
v 0.124287 3.217161 0.547211
v 0.146219 3.180584 0.547211
v -0.126243 3.261177 -0.803265
v -0.146211 3.195204 0.532565
v -0.124279 3.231768 0.532565
v -0.148160 3.225157 -0.826592
v 0.146219 3.192035 0.108561
v 0.146219 3.158638 0.547211
v 0.146219 3.192091 -0.841849
v 0.146217 3.195204 0.532565
v 0.146219 3.187884 0.532565
v 0.124284 3.231768 0.532565
v 0.124287 3.217161 0.547211
v -0.029241 3.217161 0.547211
v -0.124279 3.231768 0.532565
v -0.124282 3.217161 0.547211
v 0.000000 3.231768 0.532565
v 0.000000 3.217161 0.547211
v -0.146211 3.195204 0.532565
v -0.124282 3.217161 0.547211
v -0.124279 3.231768 0.532565
v -0.146214 3.187884 0.532565
v -0.146214 3.192035 0.108561
v -0.146215 3.192091 -0.841848
v -0.146214 3.158638 0.547211
v -0.148160 3.225157 -0.826592
v -0.146215 3.192091 -0.841848
v -0.146215 3.221332 -0.826727
v -0.146215 3.192091 -0.841848
v -0.148160 3.225157 -0.826592
v -0.146215 3.214010 -0.841075
v -0.126243 3.261177 -0.803265
v -0.146215 3.214010 -0.841075
v -0.148160 3.225157 -0.826592
v -0.124282 3.249769 -0.817868
v -0.124282 3.249769 -0.817868
v -0.000000 3.261177 -0.803265
v -0.000000 3.249769 -0.817868
v -0.126243 3.261177 -0.803265
v 0.148165 3.225157 -0.826592
v 0.124286 3.249769 -0.817868
v 0.126248 3.261177 -0.803265
v 0.146219 3.214010 -0.841075
v 0.146219 3.214010 -0.841075
v -0.029240 3.156474 2.155595
v -0.124281 3.148802 2.373070
v -0.029240 3.148802 2.373070
v -0.124281 3.156474 2.155595
v -0.021930 3.191718 1.571244
v 0.000001 3.194224 1.500197
v -0.021930 3.194224 1.500197
v -0.021929 3.163673 2.366279
v 0.000001 3.163673 2.366279
v -0.021929 3.171086 2.156111
v -0.021929 3.176244 2.009894
v -0.021929 3.178823 1.936786
v -0.021930 3.183981 1.790569
v -0.021930 3.186560 1.717460
v 0.130883 3.169707 2.148747
v 0.043096 3.174444 2.017146
v 0.043096 3.169801 2.148750
v 0.130769 3.174539 2.017149
v 0.146220 3.119897 2.155595
v 0.146220 3.089579 2.392927
v 0.146220 3.097951 2.155596
v 0.146220 3.111498 2.393700
v -0.152810 3.133001 2.148746
v -0.152753 3.123236 2.017151
v -0.152753 3.118594 2.148746
v -0.152696 3.138091 2.017151
v 0.124287 3.148802 2.373070
v 0.146220 3.119897 2.155595
v 0.124287 3.156474 2.155595
v 0.146220 3.111498 2.393700
v -0.130877 3.169707 2.148747
v -0.152696 3.138091 2.017151
v -0.152810 3.133001 2.148746
v -0.130763 3.174539 2.017149
v -0.043090 3.169801 2.148750
v -0.130763 3.174539 2.017149
v -0.130877 3.169707 2.148747
v -0.043090 3.174444 2.017146
v 0.152816 3.133001 2.148746
v 0.152759 3.123236 2.017151
v 0.152702 3.138091 2.017151
v 0.152759 3.118594 2.148746
v 0.130883 3.169707 2.148747
v 0.152702 3.138091 2.017151
v 0.130769 3.174539 2.017149
v 0.152816 3.133001 2.148746
v 0.124287 3.161632 2.009379
v 0.029246 3.164211 1.936270
v 0.029246 3.161632 2.009379
v 0.124287 3.164211 1.936270
v -0.146214 3.125055 2.009379
v -0.146214 3.105687 1.936270
v -0.146214 3.103109 2.009379
v -0.146214 3.127634 1.936270
v -0.124281 3.161632 2.009379
v -0.146214 3.127634 1.936270
v -0.146214 3.125055 2.009379
v -0.124281 3.164211 1.936270
v -0.029240 3.161632 2.009379
v -0.124281 3.164211 1.936270
v -0.124281 3.161632 2.009379
v -0.029240 3.164211 1.936270
v 0.146220 3.125055 2.009379
v 0.146220 3.105688 1.936270
v 0.146220 3.127634 1.936270
v 0.146220 3.103109 2.009379
v 0.124287 3.161632 2.009379
v 0.146220 3.127634 1.936270
v 0.124287 3.164211 1.936270
v 0.146220 3.125055 2.009379
v 0.130883 3.177444 1.929422
v 0.043096 3.182181 1.797821
v 0.043096 3.177538 1.929425
v 0.130769 3.182275 1.797824
v -0.152810 3.140738 1.929420
v -0.152753 3.130973 1.797825
v -0.152753 3.126331 1.929420
v -0.152696 3.145827 1.797825
v -0.130877 3.177444 1.929422
v -0.152696 3.145827 1.797825
v -0.152810 3.140738 1.929420
v -0.130763 3.182275 1.797824
v -0.043090 3.177538 1.929425
v -0.130763 3.182275 1.797824
v -0.130877 3.177444 1.929422
v -0.043090 3.182181 1.797821
v 0.152816 3.140738 1.929420
v 0.152759 3.130973 1.797825
v 0.152702 3.145827 1.797825
v 0.152759 3.126331 1.929420
v 0.130883 3.177444 1.929422
v 0.152702 3.145827 1.797825
v 0.130769 3.182275 1.797824
v 0.152816 3.140738 1.929420
v 0.124287 3.169369 1.790053
v 0.029246 3.171947 1.716945
v 0.029246 3.169369 1.790053
v 0.124287 3.171947 1.716945
v -0.146214 3.132792 1.790053
v -0.146214 3.113424 1.716945
v -0.146214 3.110845 1.790053
v -0.146214 3.135370 1.716945
v -0.124281 3.169369 1.790053
v -0.146214 3.135370 1.716945
v -0.146214 3.132792 1.790053
v -0.124281 3.171947 1.716945
v -0.029240 3.169369 1.790053
v -0.124281 3.171947 1.716945
v -0.124281 3.169369 1.790053
v -0.029240 3.171947 1.716945
v 0.146220 3.132792 1.790053
v 0.146220 3.113424 1.716945
v 0.146220 3.135370 1.716945
v 0.146220 3.110845 1.790053
v 0.124287 3.169369 1.790053
v 0.146220 3.135370 1.716945
v 0.124287 3.171947 1.716945
v 0.146220 3.132792 1.790053
v 0.130883 3.185180 1.710097
v 0.043096 3.189917 1.578496
v 0.043096 3.185275 1.710100
v 0.130769 3.190012 1.578499
v -0.152810 3.148474 1.710096
v -0.152753 3.138709 1.578500
v -0.152753 3.134067 1.710096
v -0.152696 3.153564 1.578500
v -0.130877 3.185180 1.710097
v -0.152696 3.153564 1.578500
v -0.152810 3.148474 1.710096
v -0.130764 3.190012 1.578499
v -0.043090 3.185275 1.710100
v -0.130764 3.190012 1.578499
v -0.130877 3.185180 1.710097
v -0.043090 3.189917 1.578496
v 0.152816 3.148474 1.710095
v 0.152759 3.138710 1.578500
v 0.152702 3.153564 1.578500
v 0.152759 3.134068 1.710096
v 0.130883 3.185180 1.710097
v 0.152702 3.153564 1.578500
v 0.130769 3.190012 1.578499
v 0.152816 3.148474 1.710095
v 0.124287 3.177105 1.570728
v 0.029246 3.177105 1.570728
v -0.146214 3.140528 1.570728
v -0.146214 3.118582 1.570728
v -0.124281 3.177105 1.570728
v -0.146214 3.140528 1.570728
v -0.029240 3.177105 1.570728
v -0.124281 3.179611 1.499682
v -0.124281 3.177105 1.570728
v -0.029240 3.179611 1.499682
v 0.043096 3.174444 2.017146
v 0.029246 3.156474 2.155595
v 0.043096 3.169801 2.148750
v 0.029246 3.161632 2.009379
v 0.130769 3.174539 2.017149
v 0.029246 3.161632 2.009379
v 0.043096 3.174444 2.017146
v 0.124287 3.161632 2.009379
v 0.152702 3.138091 2.017151
v 0.124287 3.161632 2.009379
v 0.130769 3.174539 2.017149
v 0.146220 3.125055 2.009379
v 0.152759 3.123236 2.017151
v 0.146220 3.125055 2.009379
v 0.152702 3.138091 2.017151
v 0.146220 3.103109 2.009379
v 0.146220 3.103109 2.009379
v 0.146220 3.097951 2.155596
v 0.152816 3.133001 2.148746
v 0.146220 3.097951 2.155596
v 0.152759 3.118594 2.148746
v 0.146220 3.119897 2.155595
v 0.130883 3.169707 2.148747
v 0.146220 3.119897 2.155595
v 0.152816 3.133001 2.148746
v 0.124287 3.156474 2.155595
v 0.043096 3.169801 2.148750
v 0.124287 3.156474 2.155595
v 0.130883 3.169707 2.148747
v 0.029246 3.156474 2.155595
v -0.146214 3.097951 2.155595
v -0.146214 3.103109 2.009379
v -0.152696 3.138091 2.017151
v -0.146214 3.103109 2.009379
v -0.152753 3.123236 2.017151
v -0.146214 3.125055 2.009379
v -0.130763 3.174539 2.017149
v -0.146214 3.125055 2.009379
v -0.152696 3.138091 2.017151
v -0.124281 3.161632 2.009379
v -0.043090 3.174444 2.017146
v -0.124281 3.161632 2.009379
v -0.130763 3.174539 2.017149
v -0.029240 3.161632 2.009379
v -0.043090 3.169801 2.148750
v -0.029240 3.161632 2.009379
v -0.043090 3.174444 2.017146
v -0.029240 3.156474 2.155595
v -0.130877 3.169707 2.148747
v -0.029240 3.156474 2.155595
v -0.043090 3.169801 2.148750
v -0.124281 3.156474 2.155595
v -0.152810 3.133001 2.148746
v -0.124281 3.156474 2.155595
v -0.130877 3.169707 2.148747
v -0.146214 3.119897 2.155595
v -0.152753 3.118594 2.148746
v -0.146214 3.119897 2.155595
v -0.152810 3.133001 2.148746
v -0.146214 3.097951 2.155595
v 0.043096 3.182181 1.797821
v 0.029246 3.164211 1.936270
v 0.043096 3.177538 1.929425
v 0.029246 3.169369 1.790053
v 0.130769 3.182275 1.797824
v 0.029246 3.169369 1.790053
v 0.043096 3.182181 1.797821
v 0.124287 3.169369 1.790053
v 0.152702 3.145827 1.797825
v 0.124287 3.169369 1.790053
v 0.130769 3.182275 1.797824
v 0.146220 3.132792 1.790053
v 0.152759 3.130973 1.797825
v 0.146220 3.132792 1.790053
v 0.152702 3.145827 1.797825
v 0.146220 3.110845 1.790053
v 0.146220 3.110845 1.790053
v 0.146220 3.105688 1.936270
v 0.152816 3.140738 1.929420
v 0.146220 3.105688 1.936270
v 0.152759 3.126331 1.929420
v 0.146220 3.127634 1.936270
v 0.130883 3.177444 1.929422
v 0.146220 3.127634 1.936270
v 0.152816 3.140738 1.929420
v 0.124287 3.164211 1.936270
v 0.043096 3.177538 1.929425
v 0.124287 3.164211 1.936270
v 0.130883 3.177444 1.929422
v 0.029246 3.164211 1.936270
v -0.146214 3.105687 1.936270
v -0.146214 3.110845 1.790053
v -0.152696 3.145827 1.797825
v -0.146214 3.110845 1.790053
v -0.152753 3.130973 1.797825
v -0.146214 3.132792 1.790053
v -0.130763 3.182275 1.797824
v -0.146214 3.132792 1.790053
v -0.152696 3.145827 1.797825
v -0.124281 3.169369 1.790053
v -0.043090 3.182181 1.797821
v -0.124281 3.169369 1.790053
v -0.130763 3.182275 1.797824
v -0.029240 3.169369 1.790053
v -0.043090 3.177538 1.929425
v -0.029240 3.169369 1.790053
v -0.043090 3.182181 1.797821
v -0.029240 3.164211 1.936270
v -0.130877 3.177444 1.929422
v -0.029240 3.164211 1.936270
v -0.043090 3.177538 1.929425
v -0.124281 3.164211 1.936270
v -0.152810 3.140738 1.929420
v -0.124281 3.164211 1.936270
v -0.130877 3.177444 1.929422
v -0.146214 3.127634 1.936270
v -0.152753 3.126331 1.929420
v -0.146214 3.127634 1.936270
v -0.152810 3.140738 1.929420
v -0.146214 3.105687 1.936270
v 0.043096 3.189917 1.578496
v 0.029246 3.171947 1.716945
v 0.043096 3.185275 1.710100
v 0.029246 3.177105 1.570728
v 0.130769 3.190012 1.578499
v 0.029246 3.177105 1.570728
v 0.043096 3.189917 1.578496
v 0.124287 3.177105 1.570728
v 0.152702 3.153564 1.578500
v 0.124287 3.177105 1.570728
v 0.130769 3.190012 1.578499
v 0.146220 3.140528 1.570728
v 0.152759 3.138710 1.578500
v 0.146220 3.140528 1.570728
v 0.152702 3.153564 1.578500
v 0.146220 3.118582 1.570728
v 0.146220 3.118582 1.570728
v 0.146220 3.113424 1.716945
v 0.152816 3.148474 1.710095
v 0.146220 3.113424 1.716945
v 0.152759 3.134068 1.710096
v 0.146220 3.135370 1.716945
v 0.130883 3.185180 1.710097
v 0.146220 3.135370 1.716945
v 0.152816 3.148474 1.710095
v 0.124287 3.171947 1.716945
v 0.043096 3.185275 1.710100
v 0.124287 3.171947 1.716945
v 0.130883 3.185180 1.710097
v 0.029246 3.171947 1.716945
v -0.146214 3.113424 1.716945
v -0.146214 3.118582 1.570728
v -0.152696 3.153564 1.578500
v -0.146214 3.118582 1.570728
v -0.152753 3.138709 1.578500
v -0.146214 3.140528 1.570728
v -0.130764 3.190012 1.578499
v -0.146214 3.140528 1.570728
v -0.152696 3.153564 1.578500
v -0.124281 3.177105 1.570728
v -0.043090 3.189917 1.578496
v -0.124281 3.177105 1.570728
v -0.130764 3.190012 1.578499
v -0.029240 3.177105 1.570728
v -0.043090 3.185275 1.710100
v -0.029240 3.177105 1.570728
v -0.043090 3.189917 1.578496
v -0.029240 3.171947 1.716945
v -0.130877 3.185180 1.710097
v -0.029240 3.171947 1.716945
v -0.043090 3.185275 1.710100
v -0.124281 3.171947 1.716945
v -0.152810 3.148474 1.710096
v -0.124281 3.171947 1.716945
v -0.130877 3.185180 1.710097
v -0.146214 3.135370 1.716945
v -0.152753 3.134067 1.710096
v -0.146214 3.135370 1.716945
v -0.152810 3.148474 1.710096
v -0.146214 3.113424 1.716945
v -0.021930 3.207119 1.207764
v 0.000001 3.207119 1.207764
v -0.021930 3.231516 0.555033
v 0.000000 3.231516 0.555033
v -0.029241 3.192506 1.207248
v -0.124281 3.192506 1.207248
v -0.029241 3.217161 0.547211
v -0.124282 3.217161 0.547211
v -0.021929 3.171086 2.156111
v -0.029240 3.148802 2.373070
v -0.021929 3.163673 2.366279
v -0.029240 3.156474 2.155595
v -0.021929 3.176244 2.009894
v -0.029240 3.161632 2.009379
v -0.021929 3.178823 1.936786
v -0.029240 3.164211 1.936270
v -0.021930 3.183981 1.790569
v -0.029240 3.169369 1.790053
v -0.021930 3.186560 1.717460
v -0.029240 3.171947 1.716945
v -0.021930 3.191718 1.571244
v -0.029240 3.177105 1.570728
v -0.021930 3.194224 1.500197
v -0.029240 3.179611 1.499682
v -0.021930 3.207119 1.207764
v -0.029241 3.192506 1.207248
v -0.021930 3.231516 0.555033
v -0.029241 3.217161 0.547211
v 0.000000 3.217161 0.547211
v -0.021930 3.231516 0.555033
v 0.000000 3.231516 0.555033
v -0.029241 3.217161 0.547211
v 0.021935 3.207119 1.207764
v 0.029246 3.217161 0.547211
v 0.021935 3.231516 0.555033
v 0.029246 3.192506 1.207248
v 0.021935 3.194224 1.500197
v 0.029246 3.179611 1.499682
v 0.021935 3.191718 1.571244
v 0.029246 3.177105 1.570728
v 0.021936 3.186560 1.717460
v 0.029246 3.171947 1.716945
v 0.021936 3.183981 1.790569
v 0.029246 3.169369 1.790053
v 0.021936 3.178823 1.936786
v 0.029246 3.164211 1.936270
v 0.021936 3.176244 2.009894
v 0.029246 3.161632 2.009379
v 0.021936 3.171087 2.156111
v 0.029246 3.156474 2.155595
v 0.021936 3.163673 2.366279
v 0.029247 3.148802 2.373070
v 0.021936 3.163673 2.366279
v 0.000001 3.163673 2.366279
v 0.000001 2.586062 2.291849
v 0.070715 2.601896 2.326212
v 0.000001 2.601896 2.326212
v 0.081671 2.586062 2.291849
v -0.125684 2.672647 2.344961
v -0.081665 2.586061 2.291849
v -0.070708 2.601896 2.326212
v -0.146214 2.669134 2.313855
v -0.168056 2.840729 2.385191
v -0.146214 2.669134 2.313855
v -0.125684 2.672647 2.344961
v -0.189563 2.841941 2.355331
v -0.183194 2.913837 2.404780
v -0.204700 2.915049 2.374921
v -0.197389 2.982397 2.423151
v -0.219322 2.985667 2.393842
v -0.197390 3.074129 2.421816
v -0.219322 3.089579 2.392927
v -0.146214 3.074129 2.421816
v -0.197390 3.074129 2.421816
v 0.000001 3.089579 2.392927
v -0.146214 3.074129 2.421816
v 0.000001 3.074129 2.421816
v -0.146214 3.089579 2.392927
v 0.197396 3.074129 2.421816
v 0.146220 3.074129 2.421816
v 0.197396 2.982398 2.423151
v 0.219328 3.089579 2.392927
v 0.197396 3.074129 2.421816
v 0.219328 2.985667 2.393842
v 0.183200 2.913837 2.404780
v 0.204707 2.915049 2.374921
v 0.168063 2.840729 2.385191
v 0.189569 2.841941 2.355331
v 0.125691 2.672647 2.344961
v 0.146220 2.669134 2.313855
v 0.070715 2.601896 2.326212
v 0.146220 2.669134 2.313855
v 0.125691 2.672647 2.344961
v 0.081671 2.586062 2.291849
v 0.000001 2.601896 2.326212
v 0.063410 2.616030 2.329957
v 0.000001 2.616030 2.329957
v 0.070715 2.601896 2.326212
v -0.111998 2.678567 2.346533
v -0.070708 2.601896 2.326212
v -0.063404 2.616030 2.329957
v -0.125684 2.672647 2.344961
v -0.153719 2.843499 2.385933
v -0.168056 2.840729 2.385191
v -0.168856 2.916607 2.405523
v -0.183194 2.913837 2.404780
v -0.182768 2.983796 2.423526
v -0.197389 2.982397 2.423151
v -0.183685 3.064312 2.461159
v -0.198307 3.008658 2.462328
v -0.183685 3.009416 2.462703
v -0.198307 3.072245 2.460993
v -0.146214 3.084981 2.421982
v -0.197390 3.074129 2.421816
v -0.182768 3.084981 2.421982
v -0.146214 3.074129 2.421816
v 0.000001 3.074129 2.421816
v 0.000001 3.084981 2.421982
v 0.182774 3.084981 2.421982
v 0.146220 3.074129 2.421816
v 0.146220 3.084981 2.421982
v 0.197396 3.074129 2.421816
v 0.183692 3.009417 2.462703
v 0.198313 3.072245 2.460993
v 0.183692 3.064312 2.461159
v 0.198313 3.008658 2.462328
v 0.168862 2.916607 2.405523
v 0.197396 2.982398 2.423151
v 0.182774 2.983796 2.423526
v 0.183200 2.913837 2.404780
v 0.153725 2.843499 2.385934
v 0.168063 2.840729 2.385191
v 0.112004 2.678567 2.346533
v 0.125691 2.672647 2.344961
v 0.000001 2.616030 2.329957
v 0.063410 2.615052 2.294786
v 0.000001 2.615052 2.294786
v 0.063410 2.616030 2.329957
v -0.111998 2.677588 2.311363
v -0.063404 2.616030 2.329957
v -0.063404 2.615052 2.294786
v -0.111998 2.678567 2.346533
v -0.153719 2.842520 2.350763
v -0.153719 2.843499 2.385933
v -0.168856 2.915629 2.370352
v -0.168856 2.916607 2.405523
v -0.182768 2.982818 2.388355
v -0.182768 2.983796 2.423526
v -0.182768 3.084003 2.386812
v -0.182768 3.084981 2.421982
v -0.146214 3.084003 2.386812
v -0.182768 3.084981 2.421982
v -0.182768 3.084003 2.386812
v -0.146214 3.084981 2.421982
v 0.000001 3.084981 2.421982
v 0.000001 3.084003 2.386812
v 0.182774 3.084003 2.386812
v 0.146220 3.084981 2.421982
v 0.146220 3.084003 2.386812
v 0.182774 3.084981 2.421982
v 0.182774 2.982818 2.388355
v 0.182774 3.084981 2.421982
v 0.182774 3.084003 2.386812
v 0.182774 2.983796 2.423526
v 0.168862 2.915629 2.370352
v 0.168862 2.916607 2.405523
v 0.153725 2.842520 2.350763
v 0.153725 2.843499 2.385934
v 0.112004 2.677588 2.311363
v 0.112004 2.678567 2.346533
v 0.063410 2.615052 2.294786
v 0.063410 2.616030 2.329957
v -0.197389 2.982397 2.423151
v -0.198307 3.072245 2.460993
v -0.197390 3.074129 2.421816
v -0.198307 3.008658 2.462328
v -0.197390 3.074129 2.421816
v -0.183685 3.064312 2.461159
v -0.182768 3.084981 2.421982
v -0.183685 3.064312 2.461159
v -0.197390 3.074129 2.421816
v -0.198307 3.072245 2.460993
v -0.183685 3.009416 2.462703
v -0.183685 3.064312 2.461159
v -0.182768 2.983796 2.423526
v -0.198307 3.008658 2.462328
v -0.197389 2.982397 2.423151
v -0.183685 3.009416 2.462703
v 0.197396 3.074129 2.421816
v 0.198313 3.008658 2.462328
v 0.197396 2.982398 2.423151
v 0.198313 3.072245 2.460993
v 0.197396 2.982398 2.423151
v 0.183692 3.009417 2.462703
v 0.182774 2.983796 2.423526
v 0.198313 3.008658 2.462328
v 0.183692 3.064312 2.461159
v 0.183692 3.009417 2.462703
v 0.182774 3.084981 2.421982
v 0.198313 3.072245 2.460993
v 0.197396 3.074129 2.421816
v 0.198313 3.072245 2.460993
v 0.182774 3.084981 2.421982
v 0.183692 3.064312 2.461159
v 0.076131 2.542197 1.877301
v 0.000001 2.542197 2.024000
v 0.000001 2.542197 1.877301
v 0.043868 2.542197 2.024000
v 0.070130 2.542197 2.024000
v 0.068635 2.542197 2.060555
v 0.043868 2.542197 2.024000
v 0.070130 2.542197 2.024000
v 0.043868 2.542197 2.060555
v 0.043868 2.542197 2.060555
v 0.000001 2.542197 2.097109
v 0.000001 2.542197 2.060555
v 0.068635 2.542197 2.060555
v 0.043868 2.542197 2.097109
v 0.067139 2.542197 2.097109
v 0.065644 2.542197 2.133663
v 0.043868 2.542197 2.097109
v 0.067139 2.542197 2.097109
v 0.043868 2.542197 2.133663
v -0.043862 2.542197 2.024000
v -0.068628 2.542197 2.060555
v -0.070124 2.542197 2.024000
v -0.043862 2.542197 2.060555
v -0.043862 2.542197 2.097109
v -0.067133 2.542197 2.097109
v 0.000001 2.527575 2.031311
v 0.036557 2.527575 2.053244
v 0.000001 2.527575 2.053244
v 0.036557 2.527575 2.031311
v 0.000001 2.527575 2.104419
v 0.036557 2.527575 2.126352
v 0.000001 2.527575 2.126352
v 0.036557 2.527575 2.104419
v -0.043862 2.542197 2.024000
v -0.036551 2.527575 2.053244
v -0.043862 2.542197 2.060555
v -0.036551 2.527575 2.031311
v 0.000001 2.542197 2.060555
v -0.036551 2.527575 2.053244
v 0.000001 2.527575 2.053244
v -0.043862 2.542197 2.060555
v 0.043868 2.542197 2.060555
v 0.036557 2.527575 2.031311
v 0.043868 2.542197 2.024000
v 0.036557 2.527575 2.053244
v 0.000001 2.542197 2.024000
v 0.036557 2.527575 2.031311
v 0.000001 2.527575 2.031311
v 0.043868 2.542197 2.024000
v -0.043862 2.542197 2.097109
v -0.036551 2.527575 2.126352
v -0.043862 2.542197 2.133663
v -0.036551 2.527575 2.104419
v 0.000001 2.542197 2.133663
v -0.036551 2.527575 2.126352
v 0.000001 2.527575 2.126352
v -0.043862 2.542197 2.133663
v 0.043868 2.542197 2.133663
v 0.036557 2.527575 2.104419
v 0.043868 2.542197 2.097109
v 0.036557 2.527575 2.126352
v 0.000001 2.542197 2.097109
v 0.036557 2.527575 2.104419
v 0.000001 2.527575 2.104419
v 0.043868 2.542197 2.097109
v -0.026592 2.604800 2.220017
v -0.020417 2.565610 2.332431
v -0.020417 2.604800 2.332431
v -0.026592 2.565610 2.220017
v 0.026598 2.604800 2.220017
v 0.020423 2.565610 2.332431
v 0.026598 2.565610 2.220017
v 0.020423 2.604800 2.332431
v -0.026592 2.565610 2.220017
v 0.000001 2.604800 2.220017
v 0.000001 2.565610 2.220017
v -0.026592 2.604800 2.220017
v -0.020417 2.565610 2.332431
v 0.000001 2.565610 2.220017
v 0.000001 2.565610 2.332431
v -0.026592 2.565610 2.220017
v -0.020417 2.604800 2.332431
v 0.000001 2.565610 2.332431
v 0.000001 2.604800 2.332431
v -0.020417 2.565610 2.332431
v -0.050892 2.619422 2.256572
v -0.039075 2.602165 2.354363
v -0.039075 2.619422 2.354363
v -0.050892 2.602165 2.256572
v 0.050898 2.619422 2.256572
v 0.039081 2.602165 2.354363
v 0.050898 2.602165 2.256572
v 0.039081 2.619422 2.354363
v -0.050892 2.602165 2.256572
v 0.000001 2.619422 2.256572
v 0.000001 2.602165 2.256572
v -0.050892 2.619422 2.256572
v -0.039075 2.602165 2.354363
v 0.000001 2.602165 2.256572
v 0.000001 2.602165 2.354363
v -0.050892 2.602165 2.256572
v -0.039075 2.619422 2.354363
v 0.000001 2.602165 2.354363
v 0.000001 2.619422 2.354363
v -0.039075 2.602165 2.354363
v -0.064679 2.637237 2.243325
v -0.049661 2.615305 2.367610
v -0.049661 2.637237 2.367610
v -0.064679 2.615305 2.243325
v 0.064685 2.637237 2.243325
v 0.049667 2.615305 2.367610
v 0.064685 2.615305 2.243325
v 0.049667 2.637237 2.367610
v -0.064679 2.615305 2.243325
v 0.000001 2.637237 2.243325
v 0.000001 2.615305 2.243325
v -0.064679 2.637237 2.243325
v -0.049661 2.615305 2.367610
v 0.000001 2.615305 2.243325
v 0.000001 2.615305 2.367610
v -0.064679 2.615305 2.243325
v -0.049661 2.637237 2.367610
v 0.000001 2.615305 2.367610
v 0.000001 2.637237 2.367610
v -0.049661 2.615305 2.367610
v 0.081633 2.635815 2.316434
v 0.073860 2.658155 2.350395
v 0.073860 2.635815 2.350488
v 0.081978 2.635815 2.314920
v 0.073860 2.658155 2.350395
v 0.081633 2.635815 2.316434
v 0.081978 2.635815 2.314920
v 0.081978 2.658155 2.314828
v 0.073860 2.658155 2.350395
v 0.051114 2.658155 2.378918
v 0.051114 2.635815 2.379011
v 0.051114 2.635815 2.379011
v 0.018244 2.658155 2.394747
v 0.018244 2.635815 2.394840
v 0.051114 2.658155 2.378918
v 0.000001 2.635815 2.394840
v 0.018244 2.658155 2.394747
v 0.000001 2.658155 2.394747
v 0.018244 2.635815 2.394840
v -0.018238 2.635815 2.394840
v -0.051107 2.658155 2.378918
v -0.051107 2.635815 2.379011
v -0.018238 2.658155 2.394747
v -0.051107 2.635815 2.379011
v -0.073854 2.658155 2.350395
v -0.073854 2.635815 2.350488
v -0.051107 2.658155 2.378918
v -0.081626 2.635815 2.316434
v -0.081972 2.658155 2.314828
v -0.081972 2.635815 2.314920
v -0.081972 2.658155 2.314828
v -0.081626 2.635815 2.316434
v 0.081981 2.658604 2.325866
v 0.091337 2.692651 2.365617
v 0.074891 2.658562 2.357551
v 0.149331 2.938616 2.442631
v 0.164741 2.938348 2.385069
v 0.051916 2.658512 2.386575
v 0.073048 2.689217 2.385301
v 0.062432 2.689222 2.397833
v 0.018544 2.658490 2.402705
v 0.062432 2.689222 2.397833
v 0.022276 2.689245 2.416005
v 0.051916 2.658512 2.386575
v 0.000001 2.689245 2.416005
v 0.000001 2.658490 2.402705
v -0.018537 2.658490 2.402705
v -0.062425 2.689222 2.397833
v -0.051910 2.658512 2.386575
v -0.022269 2.689245 2.416005
v -0.051910 2.658512 2.386575
v -0.091331 2.692651 2.365617
v -0.074885 2.658561 2.357551
v -0.073041 2.689217 2.385301
v -0.062425 2.689222 2.397833
v -0.074885 2.658561 2.357551
v -0.164735 2.938348 2.385069
v -0.081974 2.658604 2.325866
v -0.164735 2.938348 2.385069
v -0.149325 2.938616 2.442631
v -0.074885 2.658561 2.357551
v -0.091331 2.692651 2.365617
v -0.164735 2.938348 2.385069
v 0.149331 2.938616 2.442631
v 0.164796 2.981429 2.385085
v 0.149331 2.981429 2.442631
v 0.164741 2.938348 2.385069
v 0.103342 2.942271 2.491612
v 0.149331 2.981429 2.442631
v 0.103342 2.981429 2.491612
v 0.147878 2.942271 2.443912
v 0.149331 2.938616 2.442631
v 0.036884 2.942271 2.518794
v 0.103342 2.981429 2.491612
v 0.036884 2.981429 2.518794
v 0.103342 2.942271 2.491612
v 0.000001 2.942271 2.518794
v 0.036884 2.981429 2.518794
v 0.000001 2.981429 2.518794
v 0.036884 2.942271 2.518794
v -0.103335 2.942271 2.491612
v -0.036878 2.981429 2.518794
v -0.103335 2.981429 2.491612
v -0.036878 2.942271 2.518794
v -0.149325 2.938616 2.442631
v -0.103335 2.981429 2.491612
v -0.149325 2.981429 2.442631
v -0.147871 2.942271 2.443912
v -0.103335 2.981429 2.491612
v -0.149325 2.938616 2.442631
v -0.103335 2.942271 2.491612
v -0.147871 2.942271 2.443912
v -0.164735 2.938348 2.385069
v -0.149325 2.981429 2.442631
v -0.164790 2.981429 2.385085
v -0.149325 2.938616 2.442631
v 0.149331 3.058996 2.435998
v 0.165745 3.024712 2.374921
v 0.165745 3.058996 2.374921
v 0.149331 3.024712 2.435998
v 0.103342 3.058996 2.484978
v 0.149331 3.024712 2.435998
v 0.149331 3.058996 2.435998
v 0.103342 3.024712 2.484978
v 0.036884 3.058996 2.512160
v 0.103342 3.024712 2.484978
v 0.103342 3.058996 2.484978
v 0.036884 3.024712 2.512160
v -0.036878 3.058996 2.512160
v 0.000001 3.024712 2.512160
v 0.000001 3.058996 2.512160
v -0.036878 3.024712 2.512160
v -0.103335 3.058996 2.484978
v -0.036878 3.024712 2.512160
v -0.036878 3.058996 2.512160
v -0.103335 3.024712 2.484978
v -0.149325 3.058996 2.435998
v -0.103335 3.024712 2.484978
v -0.103335 3.058996 2.484978
v -0.149325 3.024712 2.435998
v -0.165739 3.058996 2.374921
v -0.149325 3.024712 2.435998
v -0.149325 3.058996 2.435998
v -0.165739 3.024712 2.374921
v 0.138290 3.017401 2.420720
v 0.151716 2.995469 2.366771
v 0.151716 3.017401 2.366771
v 0.138290 2.995469 2.420720
v 0.095700 3.017401 2.469700
v 0.095700 2.995469 2.469700
v 0.034157 3.017401 2.496882
v 0.095700 2.995469 2.469700
v 0.095700 3.017401 2.469700
v 0.034157 2.995469 2.496882
v -0.034151 3.017401 2.496882
v 0.000001 2.995469 2.496882
v 0.000001 3.017401 2.496882
v -0.034151 2.995469 2.496882
v -0.095694 3.017401 2.469700
v -0.034151 2.995469 2.496882
v -0.034151 3.017401 2.496882
v -0.095694 2.995469 2.469700
v -0.138283 3.017401 2.420720
v -0.095694 2.995469 2.469700
v -0.095694 3.017401 2.469700
v -0.138283 2.995469 2.420720
v -0.151709 3.017401 2.366771
v -0.151709 2.995469 2.366771
v 0.165745 3.024712 2.374921
v 0.163830 2.995469 2.382048
v 0.165745 2.988158 2.374921
v 0.163830 3.017401 2.382048
v 0.165745 2.988158 2.374921
v 0.149331 2.995469 2.435998
v 0.149331 2.988158 2.435998
v 0.163830 2.995469 2.382048
v 0.103342 2.995469 2.484978
v 0.103342 2.988158 2.484978
v 0.103342 2.988158 2.484978
v 0.036884 2.995469 2.512160
v 0.036884 2.988158 2.512160
v 0.103342 2.995469 2.484978
v 0.000001 2.988158 2.512160
v 0.036884 2.995469 2.512160
v 0.000001 2.995469 2.512160
v 0.036884 2.988158 2.512160
v -0.036878 2.988158 2.512160
v -0.103335 2.995469 2.484978
v -0.103335 2.988158 2.484978
v -0.036878 2.995469 2.512160
v -0.103335 2.988158 2.484978
v -0.149325 2.995469 2.435998
v -0.149325 2.988158 2.435998
v -0.103335 2.995469 2.484978
v -0.163823 2.995469 2.382048
v -0.165739 2.988158 2.374921
v -0.165739 2.988158 2.374921
v -0.163823 3.017401 2.382048
v -0.165739 3.024712 2.374921
v -0.163823 2.995469 2.382048
v -0.149325 3.017401 2.435998
v -0.163823 3.017401 2.382048
v -0.103335 3.017401 2.484978
v -0.149325 3.017401 2.435998
v -0.036878 3.017401 2.512160
v -0.103335 3.017401 2.484978
v -0.036878 3.017401 2.512160
v 0.000001 3.017401 2.512160
v 0.103342 3.017401 2.484978
v 0.036884 3.017401 2.512160
v 0.149331 3.017401 2.435998
v 0.103342 3.017401 2.484978
v 0.163830 3.017401 2.382048
v 0.149331 3.017401 2.435998
v 0.163830 3.017401 2.382048
v 0.151716 2.995469 2.366771
v 0.163830 2.995469 2.382048
v 0.151716 3.017401 2.366771
v 0.163830 2.995469 2.382048
v 0.138290 2.995469 2.420720
v 0.149331 2.995469 2.435998
v 0.151716 2.995469 2.366771
v 0.095700 2.995469 2.469700
v 0.103342 2.995469 2.484978
v 0.034157 2.995469 2.496882
v 0.036884 2.995469 2.512160
v 0.000001 2.995469 2.512160
v 0.000001 2.995469 2.496882
v -0.036878 2.995469 2.512160
v -0.095694 2.995469 2.469700
v -0.103335 2.995469 2.484978
v -0.034151 2.995469 2.496882
v -0.138283 2.995469 2.420720
v -0.149325 2.995469 2.435998
v -0.151709 2.995469 2.366771
v -0.163823 2.995469 2.382048
v -0.163823 2.995469 2.382048
v -0.151709 3.017401 2.366771
v -0.163823 3.017401 2.382048
v -0.151709 2.995469 2.366771
v -0.163823 3.017401 2.382048
v -0.138283 3.017401 2.420720
v -0.149325 3.017401 2.435998
v -0.151709 3.017401 2.366771
v -0.095694 3.017401 2.469700
v -0.103335 3.017401 2.484978
v -0.034151 3.017401 2.496882
v -0.036878 3.017401 2.512160
v 0.000001 3.017401 2.512160
v 0.000001 3.017401 2.496882
v 0.036884 3.017401 2.512160
v 0.095700 3.017401 2.469700
v 0.103342 3.017401 2.484978
v 0.034157 3.017401 2.496882
v 0.138290 3.017401 2.420720
v 0.149331 3.017401 2.435998
v 0.151716 3.017401 2.366771
v 0.163830 3.017401 2.382048
v 0.165745 3.058996 2.374921
v 0.125467 3.088239 2.426237
v 0.149331 3.058996 2.435998
v 0.139257 3.088239 2.374921
v 0.149331 3.058996 2.435998
v 0.086827 3.088239 2.467390
v 0.103342 3.058996 2.484978
v 0.125467 3.088239 2.426237
v 0.103342 3.058996 2.484978
v 0.030990 3.088239 2.490228
v 0.036884 3.058996 2.512160
v 0.086827 3.088239 2.467390
v 0.000001 3.058996 2.512160
v 0.000001 3.088239 2.490228
v -0.036878 3.058996 2.512160
v -0.086821 3.088239 2.467390
v -0.103335 3.058996 2.484978
v -0.030984 3.088239 2.490228
v -0.103335 3.058996 2.484978
v -0.125461 3.088239 2.426237
v -0.149325 3.058996 2.435998
v -0.086821 3.088239 2.467390
v -0.149325 3.058996 2.435998
v -0.139251 3.088239 2.374921
v -0.165739 3.058996 2.374921
v -0.125461 3.088239 2.426237
v 0.125467 3.088239 2.426237
v 0.030990 3.088239 2.490228
v 0.086827 3.088239 2.467390
v 0.000001 3.088239 2.374921
v 0.000001 3.088239 2.490228
v 0.139257 3.088239 2.374921
v -0.073854 2.635815 2.350488
v -0.018238 2.635815 2.394840
v -0.051107 2.635815 2.379011
v 0.000001 2.635815 2.316434
v 0.000001 2.635815 2.394840
v -0.081626 2.635815 2.316434
v 0.063208 2.695724 2.392243
v 0.145475 2.941689 2.440106
v 0.103342 2.941689 2.484978
v 0.071675 2.695724 2.382231
v 0.022561 2.695724 2.410701
v 0.103342 2.941689 2.484978
v 0.036884 2.941689 2.512160
v 0.063208 2.695724 2.392243
v -0.022554 2.695724 2.410701
v 0.000001 2.941689 2.512160
v -0.036878 2.941689 2.512160
v 0.000001 2.695724 2.410701
v -0.103335 2.941689 2.484978
v -0.022554 2.695724 2.410701
v -0.036878 2.941689 2.512160
v -0.063202 2.695724 2.392243
v -0.149325 2.938616 2.442631
v -0.073041 2.689217 2.385301
v -0.147871 2.942271 2.443912
v 0.073048 2.689217 2.385301
v 0.149331 2.938616 2.442631
v 0.147878 2.942271 2.443912
v -0.145468 2.941689 2.440105
v -0.063202 2.695724 2.392243
v -0.103335 2.941689 2.484978
v -0.071669 2.695724 2.382231
v 0.081978 2.658155 2.314828
v 0.074891 2.658562 2.357551
v 0.073860 2.658155 2.350395
v 0.081981 2.658604 2.325866
v 0.051916 2.658512 2.386575
v 0.051114 2.658155 2.378918
v 0.018544 2.658490 2.402705
v 0.018244 2.658155 2.394747
v 0.018244 2.658155 2.394747
v 0.000001 2.658490 2.402705
v 0.000001 2.658155 2.394747
v 0.018544 2.658490 2.402705
v -0.018238 2.658155 2.394747
v -0.051910 2.658512 2.386575
v -0.051107 2.658155 2.378918
v -0.018537 2.658490 2.402705
v -0.074885 2.658561 2.357551
v -0.073854 2.658155 2.350395
v -0.081974 2.658604 2.325866
v -0.081972 2.658155 2.314828
v -0.081972 2.658155 2.314828
v -0.165739 2.941689 2.374921
v -0.165739 2.941689 2.374921
v -0.164790 2.981429 2.385085
v -0.165739 2.988158 2.374921
v -0.165739 2.941689 2.374921
v -0.149325 2.988158 2.435998
v -0.103335 2.981429 2.491612
v -0.103335 2.988158 2.484978
v -0.149325 2.981429 2.442631
v -0.103335 2.988158 2.484978
v -0.036878 2.981429 2.518794
v -0.036878 2.988158 2.512160
v -0.103335 2.981429 2.491612
v 0.000001 2.988158 2.512160
v -0.036878 2.981429 2.518794
v 0.000001 2.981429 2.518794
v -0.036878 2.988158 2.512160
v 0.036884 2.988158 2.512160
v 0.103342 2.981429 2.491612
v 0.103342 2.988158 2.484978
v 0.036884 2.981429 2.518794
v 0.103342 2.988158 2.484978
v 0.149331 2.981429 2.442631
v 0.149331 2.988158 2.435998
v 0.103342 2.981429 2.491612
v 0.165745 2.941689 2.374921
v 0.165745 2.941689 2.374921
v 0.081978 2.658155 2.314828
v 0.145475 2.941689 2.440106
v 0.103342 2.942271 2.491612
v 0.103342 2.941689 2.484978
v 0.147878 2.942271 2.443912
v 0.036884 2.942271 2.518794
v 0.036884 2.941689 2.512160
v 0.000001 2.941689 2.512160
v 0.036884 2.942271 2.518794
v 0.000001 2.942271 2.518794
v 0.036884 2.941689 2.512160
v -0.036878 2.941689 2.512160
v -0.103335 2.942271 2.491612
v -0.103335 2.941689 2.484978
v -0.036878 2.942271 2.518794
v -0.147871 2.942271 2.443912
v -0.145468 2.941689 2.440105
v -0.145468 2.941689 2.440105
v -0.073041 2.689217 2.385301
v -0.071669 2.695724 2.382231
v -0.147871 2.942271 2.443912
v -0.071669 2.695724 2.382231
v -0.062425 2.689222 2.397833
v -0.063202 2.695724 2.392243
v -0.073041 2.689217 2.385301
v -0.063202 2.695724 2.392243
v -0.022269 2.689245 2.416005
v -0.022554 2.695724 2.410701
v -0.062425 2.689222 2.397833
v 0.000001 2.695724 2.410701
v -0.022269 2.689245 2.416005
v 0.000001 2.689245 2.416005
v -0.022554 2.695724 2.410701
v 0.022561 2.695724 2.410701
v 0.062432 2.689222 2.397833
v 0.063208 2.695724 2.392243
v 0.022276 2.689245 2.416005
v 0.063208 2.695724 2.392243
v 0.073048 2.689217 2.385301
v 0.071675 2.695724 2.382231
v 0.062432 2.689222 2.397833
v 0.071675 2.695724 2.382231
v 0.147878 2.942271 2.443912
v 0.145475 2.941689 2.440106
v 0.073048 2.689217 2.385301
v -0.241745 2.736126 1.556107
v -0.241745 2.752987 1.468377
v -0.241745 2.733502 1.468377
v -0.241745 2.750364 1.556107
v -0.241745 2.733502 1.468377
v -0.219813 2.754211 1.468377
v -0.219813 2.732278 1.468377
v -0.241745 2.752987 1.468377
v -0.241745 2.736126 1.556107
v -0.219813 2.732278 1.468377
v -0.219813 2.735231 1.556107
v -0.241745 2.733502 1.468377
v -0.241745 2.750364 1.556107
v -0.219813 2.735231 1.556107
v -0.219813 2.751258 1.556107
v -0.241745 2.736126 1.556107
v -0.241745 2.752987 1.468377
v -0.219813 2.751258 1.556107
v -0.219813 2.754211 1.468377
v -0.241745 2.750364 1.556107
v -0.254211 2.752203 1.457802
v -0.248229 2.718275 1.509270
v -0.254211 2.752203 1.509270
v -0.248229 2.718275 1.457802
v -0.227346 2.759138 1.457802
v -0.248229 2.718275 1.457802
v -0.254211 2.752203 1.457802
v -0.220612 2.720947 1.457802
v -0.220612 2.720947 1.457802
v -0.248229 2.718275 1.509270
v -0.248229 2.718275 1.457802
v -0.220611 2.720947 1.509270
v -0.220611 2.720947 1.509270
v -0.254211 2.752203 1.509270
v -0.248229 2.718275 1.509270
v -0.227346 2.759138 1.509270
v -0.227346 2.759138 1.509270
v -0.254211 2.752203 1.457802
v -0.254211 2.752203 1.509270
v -0.227346 2.759138 1.457802
v 0.241261 2.736126 1.556107
v 0.241261 2.752987 1.468377
v 0.241261 2.750364 1.556107
v 0.241261 2.733502 1.468377
v 0.241261 2.733502 1.468377
v 0.219328 2.754211 1.468377
v 0.241261 2.752987 1.468377
v 0.219328 2.732278 1.468377
v 0.241261 2.736126 1.556107
v 0.219328 2.732278 1.468377
v 0.241261 2.733502 1.468377
v 0.219328 2.735231 1.556107
v 0.241261 2.750364 1.556107
v 0.219328 2.735231 1.556107
v 0.241261 2.736126 1.556107
v 0.219328 2.751258 1.556107
v 0.241261 2.752987 1.468377
v 0.219328 2.751258 1.556107
v 0.241261 2.750364 1.556107
v 0.219328 2.754211 1.468377
v 0.253727 2.752203 1.457801
v 0.247745 2.718275 1.509269
v 0.247745 2.718275 1.457801
v 0.253727 2.752203 1.509269
v 0.226861 2.759138 1.457801
v 0.247745 2.718275 1.457801
v 0.220127 2.720947 1.457801
v 0.253727 2.752203 1.457801
v 0.220127 2.720947 1.457801
v 0.247745 2.718275 1.509269
v 0.220127 2.720947 1.509269
v 0.247745 2.718275 1.457801
v 0.220127 2.720947 1.509269
v 0.253727 2.752203 1.509269
v 0.226861 2.759138 1.509269
v 0.247745 2.718275 1.509269
v 0.226861 2.759138 1.509269
v 0.253727 2.752203 1.457801
v 0.226861 2.759138 1.457801
v 0.253727 2.752203 1.509269
v -0.399371 3.149206 0.547175
v -0.327121 3.158638 0.547211
v -0.399277 3.182660 -0.841885
v -0.348146 3.124624 1.205150
v -0.399371 3.149206 0.547175
v -0.283196 3.125730 1.183250
v -0.340848 2.978374 1.183221
v -0.283220 2.986281 1.183250
v -0.340825 3.118207 1.183221
v -0.325813 2.907128 1.183221
v -0.267870 2.913541 1.183250
v -0.310385 2.834020 1.183221
v -0.252442 2.840433 1.183250
v -0.294958 2.760912 1.183221
v -0.237014 2.767324 1.183250
v -0.240766 2.634123 1.183221
v -0.208773 2.633499 1.183250
v -0.255458 2.624478 0.547211
v -0.252017 2.626451 0.912753
v -0.278171 2.626808 0.547211
v -0.245978 2.625997 1.205150
v -0.199998 2.627271 1.205187
v -0.437790 2.978726 -0.841885
v -0.410433 2.841941 -0.841885
v -0.278204 2.627237 -0.841885
v -0.399277 3.182660 -0.841885
v 0.365544 2.988158 -0.841849
v 0.278208 2.627237 -0.841885
v 0.254628 2.622616 -0.841849
v 0.410437 2.841941 -0.841885
v 0.437794 2.978726 -0.841885
v 0.254628 2.622616 -0.841849
v 0.278176 2.626808 0.547211
v 0.255463 2.624478 0.547211
v 0.278208 2.627237 -0.841885
v 0.208779 2.633499 1.183250
v 0.294963 2.760912 1.183221
v 0.237020 2.767325 1.183250
v 0.240772 2.634123 1.183221
v 0.310391 2.834020 1.183221
v 0.252447 2.840433 1.183250
v 0.325819 2.907129 1.183221
v 0.267875 2.913541 1.183250
v 0.340853 2.978374 1.183221
v 0.283225 2.986281 1.183250
v 0.340830 3.118207 1.183221
v 0.283202 3.125730 1.183250
v 0.399376 3.149206 0.547174
v 0.348151 3.124624 1.205150
v 0.399281 3.182660 -0.841885
v 0.327126 3.158638 0.547211
v 0.399281 3.182660 -0.841885
v 0.339258 3.192035 0.108560
v 0.327126 3.158638 0.547211
v 0.399376 3.149206 0.547174
v 0.399281 3.182660 -0.841885
v 0.365544 3.192092 -0.841849
v 0.399281 3.182660 -0.841885
v -0.275920 2.987042 1.205187
v -0.267880 2.913540 1.205183
v -0.260727 2.915049 1.205187
v -0.283231 2.986279 1.205183
v -0.252453 2.840431 1.205183
v -0.245299 2.841941 1.205187
v -0.245299 2.841941 1.205187
v -0.237025 2.767323 1.205183
v -0.229872 2.768832 1.205187
v -0.252453 2.840431 1.205183
v -0.208784 2.633497 1.205183
v -0.199998 2.627271 1.205187
v -0.199998 2.627271 1.205187
v -0.240776 2.634121 1.205154
v -0.245978 2.625997 1.205150
v -0.208784 2.633497 1.205183
v -0.245978 2.625997 1.205150
v -0.294968 2.760910 1.205154
v -0.302122 2.759401 1.205150
v -0.240776 2.634121 1.205154
v -0.310396 2.834018 1.205154
v -0.317549 2.832509 1.205150
v -0.319432 2.841428 1.205150
v -0.325824 2.907127 1.205154
v -0.332977 2.905617 1.205150
v -0.340859 2.978373 1.205154
v -0.348170 2.977610 1.205150
v -0.348170 2.977610 1.205150
v -0.340836 3.118205 1.205154
v -0.348146 3.124624 1.205150
v -0.340859 2.978373 1.205154
v -0.348146 3.124624 1.205150
v -0.283207 3.125728 1.205183
v -0.275895 3.134056 1.205187
v -0.340836 3.118205 1.205154
v -0.275895 3.134056 1.205187
v -0.283231 2.986279 1.205183
v -0.275920 2.987042 1.205187
v -0.283207 3.125728 1.205183
v 0.260733 2.915049 1.205186
v 0.283236 2.986279 1.205182
v 0.275925 2.987042 1.205186
v 0.267886 2.913540 1.205183
v 0.275925 2.987042 1.205186
v 0.283213 3.125728 1.205182
v 0.275901 3.134056 1.205186
v 0.283236 2.986279 1.205182
v 0.275901 3.134056 1.205186
v 0.340841 3.118205 1.205153
v 0.348151 3.124624 1.205150
v 0.283213 3.125728 1.205182
v 0.348151 3.124624 1.205150
v 0.340864 2.978373 1.205153
v 0.348175 2.977610 1.205150
v 0.340841 3.118205 1.205153
v 0.348175 2.977610 1.205150
v 0.325829 2.907127 1.205153
v 0.332983 2.905617 1.205150
v 0.340864 2.978373 1.205153
v 0.319437 2.841429 1.205150
v 0.310402 2.834019 1.205153
v 0.317555 2.832509 1.205150
v 0.294974 2.760910 1.205153
v 0.302127 2.759401 1.205150
v 0.240781 2.634121 1.205153
v 0.245983 2.625997 1.205150
v 0.245983 2.625997 1.205150
v 0.208790 2.633497 1.205183
v 0.200004 2.627271 1.205186
v 0.240781 2.634121 1.205153
v 0.200004 2.627271 1.205186
v 0.237030 2.767323 1.205183
v 0.229877 2.768832 1.205186
v 0.208790 2.633497 1.205183
v 0.252458 2.840431 1.205183
v 0.245305 2.841941 1.205186
v 0.245305 2.841941 1.205186
v 0.252458 2.840431 1.205183
v -0.283231 2.986279 1.205183
v -0.267870 2.913541 1.183250
v -0.267880 2.913540 1.205183
v -0.283220 2.986281 1.183250
v -0.252442 2.840433 1.183250
v -0.252453 2.840431 1.205183
v -0.237014 2.767324 1.183250
v -0.237025 2.767323 1.205183
v -0.208773 2.633499 1.183250
v -0.208784 2.633497 1.205183
v -0.208784 2.633497 1.205183
v -0.240766 2.634123 1.183221
v -0.240776 2.634121 1.205154
v -0.208773 2.633499 1.183250
v -0.240776 2.634121 1.205154
v -0.294958 2.760912 1.183221
v -0.294968 2.760910 1.205154
v -0.240766 2.634123 1.183221
v -0.310385 2.834020 1.183221
v -0.310396 2.834018 1.205154
v -0.325813 2.907128 1.183221
v -0.325824 2.907127 1.205154
v -0.340848 2.978374 1.183221
v -0.340859 2.978373 1.205154
v -0.340825 3.118207 1.183221
v -0.340836 3.118205 1.205154
v -0.340836 3.118205 1.205154
v -0.283196 3.125730 1.183250
v -0.283207 3.125728 1.205183
v -0.340825 3.118207 1.183221
v -0.283207 3.125728 1.205183
v -0.283196 3.125730 1.183250
v 0.267886 2.913540 1.205183
v 0.283225 2.986281 1.183250
v 0.283236 2.986279 1.205182
v 0.267875 2.913541 1.183250
v 0.283202 3.125730 1.183250
v 0.283213 3.125728 1.205182
v 0.283213 3.125728 1.205182
v 0.340830 3.118207 1.183221
v 0.340841 3.118205 1.205153
v 0.283202 3.125730 1.183250
v 0.340841 3.118205 1.205153
v 0.340853 2.978374 1.183221
v 0.340864 2.978373 1.205153
v 0.340830 3.118207 1.183221
v 0.325819 2.907129 1.183221
v 0.325829 2.907127 1.205153
v 0.310391 2.834020 1.183221
v 0.310402 2.834019 1.205153
v 0.294963 2.760912 1.183221
v 0.294974 2.760910 1.205153
v 0.240772 2.634123 1.183221
v 0.240781 2.634121 1.205153
v 0.240781 2.634121 1.205153
v 0.208779 2.633499 1.183250
v 0.208790 2.633497 1.205183
v 0.240772 2.634123 1.183221
v 0.208790 2.633497 1.205183
v 0.237020 2.767325 1.183250
v 0.237030 2.767323 1.205183
v 0.208779 2.633499 1.183250
v 0.252447 2.840433 1.183250
v 0.252458 2.840431 1.205183
v -0.332977 2.905617 1.205150
v -0.342961 2.841685 0.912753
v -0.319432 2.841428 1.205150
v 0.252022 2.626451 0.912753
v 0.302127 2.759401 1.205150
v 0.245983 2.625997 1.205150
v 0.317555 2.832509 1.205150
v 0.319437 2.841429 1.205150
v 0.342966 2.841685 0.912753
v -0.440628 2.852968 -0.825651
v -0.425203 2.960571 0.548595
v -0.462371 2.961022 -0.825640
v -0.440628 2.852968 -0.825651
v -0.397942 2.960216 0.899857
v -0.425203 2.960571 0.548595
v -0.375694 2.852970 0.899835
v -0.397942 2.960216 0.899857
v 0.375700 2.852971 0.899834
v 0.425208 2.960572 0.548595
v 0.397948 2.960216 0.899856
v 0.462375 2.961022 -0.825641
v 0.440632 2.852968 -0.825652
v -0.437790 2.978726 -0.841885
v -0.413684 2.977718 0.547648
v -0.399381 2.978247 0.547175
v -0.452093 2.978196 -0.841411
v -0.399381 2.978247 0.547175
v -0.385230 2.977363 0.913226
v -0.370927 2.977893 0.912753
v -0.413684 2.977718 0.547648
v -0.370927 2.977893 0.912753
v -0.357372 2.841411 0.913226
v -0.342961 2.841685 0.912753
v -0.385230 2.977363 0.913226
v -0.342961 2.841685 0.912753
v -0.424736 2.841411 -0.841411
v -0.410433 2.841941 -0.841885
v -0.357372 2.841411 0.913226
v -0.452093 2.978196 -0.841411
v -0.424736 2.841411 -0.841411
v 0.399386 2.978248 0.547174
v 0.452097 2.978196 -0.841411
v 0.437794 2.978726 -0.841885
v 0.413689 2.977718 0.547648
v 0.424740 2.841411 -0.841412
v 0.452097 2.978196 -0.841411
v 0.410437 2.841941 -0.841885
v 0.357377 2.841411 0.913226
v 0.342966 2.841685 0.912753
v 0.424740 2.841411 -0.841412
v 0.342966 2.841685 0.912753
v 0.385235 2.977364 0.913226
v 0.370933 2.977893 0.912753
v 0.357377 2.841411 0.913226
v 0.370933 2.977893 0.912753
v 0.413689 2.977718 0.547648
v 0.399386 2.978248 0.547174
v 0.385235 2.977364 0.913226
v -0.452093 2.978196 -0.841411
v -0.425203 2.960571 0.548595
v -0.413684 2.977718 0.547648
v -0.462371 2.961022 -0.825640
v -0.413684 2.977718 0.547648
v -0.397942 2.960216 0.899857
v -0.385230 2.977363 0.913226
v -0.425203 2.960571 0.548595
v -0.385230 2.977363 0.913226
v -0.375694 2.852970 0.899835
v -0.357372 2.841411 0.913226
v -0.397942 2.960216 0.899857
v -0.357372 2.841411 0.913226
v -0.440628 2.852968 -0.825651
v -0.424736 2.841411 -0.841411
v -0.375694 2.852970 0.899835
v -0.424736 2.841411 -0.841411
v -0.462371 2.961022 -0.825640
v -0.452093 2.978196 -0.841411
v -0.440628 2.852968 -0.825651
v 0.413689 2.977718 0.547648
v 0.462375 2.961022 -0.825641
v 0.452097 2.978196 -0.841411
v 0.425208 2.960572 0.548595
v 0.452097 2.978196 -0.841411
v 0.440632 2.852968 -0.825652
v 0.424740 2.841411 -0.841412
v 0.462375 2.961022 -0.825641
v 0.424740 2.841411 -0.841412
v 0.375700 2.852971 0.899834
v 0.357377 2.841411 0.913226
v 0.440632 2.852968 -0.825652
v 0.357377 2.841411 0.913226
v 0.397948 2.960216 0.899856
v 0.385235 2.977364 0.913226
v 0.375700 2.852971 0.899834
v 0.385235 2.977364 0.913226
v 0.425208 2.960572 0.548595
v 0.413689 2.977718 0.547648
v 0.397948 2.960216 0.899856
v 0.180550 2.549507 -0.841849
v 0.000000 2.549507 0.547211
v -0.000000 2.549507 -0.841849
v 0.178911 2.549507 0.547211
v 0.178911 2.549507 0.547211
v 0.255463 2.624478 0.547211
v -0.178906 2.549507 0.547211
v -0.255458 2.624478 0.547211
v 0.254628 2.622616 -0.841849
v 0.206302 2.544112 -0.827180
v 0.180550 2.549507 -0.841849
v 0.259600 2.596792 -0.827180
v 0.180550 2.549507 -0.841849
v 0.204764 2.544122 0.532636
v 0.178911 2.549507 0.547211
v 0.206302 2.544112 -0.827180
v 0.178911 2.549507 0.547211
v 0.260389 2.598520 0.532636
v 0.255463 2.624478 0.547211
v 0.204764 2.544122 0.532636
v 0.255463 2.624478 0.547211
v 0.259600 2.596792 -0.827180
v 0.254628 2.622616 -0.841849
v 0.260389 2.598520 0.532636
v -0.178906 2.549507 0.547211
v -0.206298 2.544112 -0.827179
v -0.180545 2.549507 -0.841848
v -0.204759 2.544122 0.532637
v -0.180545 2.549507 -0.841848
v -0.259596 2.596792 -0.827180
v -0.254624 2.622616 -0.841848
v -0.206298 2.544112 -0.827179
v -0.254624 2.622616 -0.841848
v -0.260383 2.598520 0.532637
v -0.255458 2.624478 0.547211
v -0.259596 2.596792 -0.827180
v -0.255458 2.624478 0.547211
v -0.204759 2.544122 0.532637
v -0.178906 2.549507 0.547211
v -0.260383 2.598520 0.532637
v -0.254624 2.622616 -0.841848
v -0.278171 2.626808 0.547211
v -0.278204 2.627237 -0.841885
v -0.255458 2.624478 0.547211
v 0.200004 2.627271 1.205186
v 0.252022 2.626451 0.912753
v 0.245983 2.625997 1.205150
v 0.278176 2.626808 0.547211
v 0.255463 2.624478 0.547211
v 0.000001 2.549507 1.162875
v -0.012683 2.493927 1.162875
v 0.000001 2.493927 1.162875
v -0.051361 2.524772 1.162875
v -0.035542 2.504936 1.162875
v -0.057007 2.549507 1.162875
v 0.124502 2.549507 1.016658
v 0.091904 2.505250 1.089767
v 0.112173 2.495489 1.016658
v 0.102005 2.549507 1.089767
v 0.112173 2.495489 1.016658
v 0.063600 2.469759 1.089767
v 0.077627 2.452170 1.016658
v 0.091904 2.505250 1.089767
v 0.077627 2.452170 1.016658
v 0.022700 2.450062 1.089767
v 0.027706 2.428130 1.016658
v 0.063600 2.469759 1.089767
v 0.000000 2.428130 1.016658
v 0.022700 2.450062 1.089767
v 0.000001 2.450062 1.089767
v 0.027706 2.428130 1.016658
v -0.027701 2.428130 1.016658
v -0.063595 2.469759 1.089767
v -0.077621 2.452170 1.016658
v -0.022695 2.450062 1.089767
v -0.077621 2.452170 1.016658
v -0.091898 2.505250 1.089767
v -0.112167 2.495489 1.016658
v -0.063595 2.469759 1.089767
v -0.112167 2.495489 1.016658
v -0.102000 2.549507 1.089767
v -0.124496 2.549507 1.016658
v -0.091898 2.505250 1.089767
v 0.102005 2.549507 1.089767
v 0.071635 2.515011 1.089767
v 0.091904 2.505250 1.089767
v 0.079509 2.549507 1.089767
v 0.049574 2.487347 1.089767
v 0.063600 2.469759 1.089767
v 0.017695 2.471995 1.089767
v 0.022700 2.450062 1.089767
v 0.000001 2.450062 1.089767
v 0.000001 2.471995 1.089767
v -0.022695 2.450062 1.089767
v -0.049568 2.487347 1.089767
v -0.063595 2.469759 1.089767
v -0.017689 2.471995 1.089767
v -0.071630 2.515011 1.089767
v -0.091898 2.505250 1.089767
v -0.079503 2.549507 1.089767
v -0.102000 2.549507 1.089767
v 0.079509 2.549507 1.089767
v 0.071635 2.515011 1.126321
v 0.071635 2.515011 1.089767
v 0.079509 2.549507 1.126321
v 0.071635 2.515011 1.089767
v 0.049574 2.487347 1.126321
v 0.049574 2.487347 1.089767
v 0.071635 2.515011 1.126321
v 0.049574 2.487347 1.089767
v 0.017695 2.471995 1.126321
v 0.017695 2.471995 1.089767
v 0.049574 2.487347 1.126321
v 0.000001 2.471995 1.089767
v 0.017695 2.471995 1.126321
v 0.000001 2.471995 1.126321
v 0.017695 2.471995 1.089767
v -0.017689 2.471995 1.089767
v -0.049568 2.487347 1.126321
v -0.049568 2.487347 1.089767
v -0.017689 2.471995 1.126321
v -0.049568 2.487347 1.089767
v -0.071630 2.515011 1.126321
v -0.071630 2.515011 1.089767
v -0.049568 2.487347 1.126321
v -0.071630 2.515011 1.089767
v -0.079503 2.549507 1.126321
v -0.079503 2.549507 1.089767
v -0.071630 2.515011 1.126321
v 0.051367 2.524772 1.162875
v 0.057012 2.549507 1.162875
v 0.035548 2.504936 1.162875
v 0.051367 2.524772 1.162875
v 0.012689 2.493927 1.162875
v 0.035548 2.504936 1.162875
v 0.012689 2.493927 1.162875
v 0.000001 2.493927 1.162875
v -0.035542 2.504936 1.162875
v -0.012683 2.493927 1.162875
v -0.051361 2.524772 1.162875
v -0.035542 2.504936 1.162875
v -0.057007 2.549507 1.162875
v -0.051361 2.524772 1.162875
v 0.141250 2.495489 0.547211
v 0.141697 2.549507 0.766536
v 0.127665 2.495489 0.766536
v 0.156775 2.549507 0.547211
v 0.097749 2.452170 0.547211
v 0.127665 2.495489 0.766536
v 0.088348 2.452170 0.766536
v 0.141250 2.495489 0.547211
v 0.034888 2.428130 0.547211
v 0.088348 2.452170 0.766536
v 0.031533 2.428130 0.766536
v 0.097749 2.452170 0.547211
v -0.031527 2.428130 0.766536
v 0.000000 2.428130 0.547211
v 0.000000 2.428130 0.766536
v -0.034883 2.428130 0.547211
v -0.088342 2.452170 0.766536
v -0.097743 2.452170 0.547211
v -0.127660 2.495489 0.766536
v -0.097743 2.452170 0.547211
v -0.088342 2.452170 0.766536
v -0.141245 2.495489 0.547211
v -0.141692 2.549507 0.766536
v -0.141245 2.495489 0.547211
v -0.127660 2.495489 0.766536
v -0.156770 2.549507 0.547211
v 0.123137 2.495489 0.839644
v 0.136671 2.549507 0.839644
v 0.085214 2.452170 0.839644
v 0.123137 2.495489 0.839644
v 0.030414 2.428130 0.839644
v 0.085214 2.452170 0.839644
v 0.000000 2.428130 0.839644
v -0.030409 2.428130 0.839644
v -0.085209 2.452170 0.839644
v -0.085209 2.452170 0.839644
v -0.123131 2.495489 0.839644
v -0.123131 2.495489 0.839644
v -0.136666 2.549507 0.839644
v 0.132669 2.495697 0.781824
v 0.139988 2.540651 0.825730
v 0.129320 2.495005 0.825721
v 0.143239 2.540624 0.781815
v 0.092032 2.446417 0.781837
v 0.129320 2.495005 0.825721
v 0.089273 2.445809 0.825708
v 0.132669 2.495697 0.781824
v 0.032904 2.418875 0.781840
v 0.089273 2.445809 0.825708
v 0.031806 2.418700 0.825705
v 0.092032 2.446417 0.781837
v -0.031800 2.418699 0.825705
v 0.000000 2.418875 0.781840
v 0.000000 2.418699 0.825705
v -0.032899 2.418875 0.781840
v -0.089268 2.445809 0.825708
v -0.092026 2.446417 0.781837
v -0.129315 2.495005 0.825721
v -0.092026 2.446417 0.781837
v -0.089268 2.445809 0.825708
v -0.132664 2.495697 0.781824
v -0.139982 2.540651 0.825730
v -0.132664 2.495697 0.781824
v -0.129315 2.495005 0.825721
v -0.143233 2.540624 0.781815
v 0.147548 2.495329 0.532589
v 0.159546 2.540753 0.488724
v 0.159546 2.540753 0.532589
v 0.147548 2.495329 0.488724
v 0.102107 2.446093 0.532589
v 0.147548 2.495329 0.488724
v 0.147548 2.495329 0.532589
v 0.102107 2.446093 0.488724
v 0.036443 2.418769 0.532589
v 0.102107 2.446093 0.488724
v 0.102107 2.446093 0.532589
v 0.036443 2.418769 0.488724
v -0.036438 2.418769 0.532589
v 0.000000 2.418769 0.488724
v 0.000000 2.418769 0.532589
v -0.036438 2.418769 0.488724
v -0.102102 2.446093 0.532589
v -0.102102 2.446093 0.488724
v -0.147543 2.495329 0.532589
v -0.102102 2.446093 0.488724
v -0.102102 2.446093 0.532589
v -0.147543 2.495329 0.488724
v -0.159541 2.540753 0.532589
v -0.147543 2.495329 0.488724
v -0.147543 2.495329 0.532589
v -0.159541 2.540753 0.488724
v 0.136671 2.549507 0.839644
v 0.143239 2.540624 0.781815
v 0.141697 2.549507 0.766536
v 0.139988 2.540651 0.825730
v 0.141697 2.549507 0.766536
v 0.132669 2.495697 0.781824
v 0.127665 2.495489 0.766536
v 0.143239 2.540624 0.781815
v 0.127665 2.495489 0.766536
v 0.092032 2.446417 0.781837
v 0.088348 2.452170 0.766536
v 0.132669 2.495697 0.781824
v 0.088348 2.452170 0.766536
v 0.032904 2.418875 0.781840
v 0.031533 2.428130 0.766536
v 0.092032 2.446417 0.781837
v 0.031533 2.428130 0.766536
v 0.000000 2.418875 0.781840
v 0.000000 2.428130 0.766536
v 0.032904 2.418875 0.781840
v -0.031527 2.428130 0.766536
v -0.092026 2.446417 0.781837
v -0.088342 2.452170 0.766536
v -0.032899 2.418875 0.781840
v -0.088342 2.452170 0.766536
v -0.132664 2.495697 0.781824
v -0.127660 2.495489 0.766536
v -0.092026 2.446417 0.781837
v -0.127660 2.495489 0.766536
v -0.143233 2.540624 0.781815
v -0.141692 2.549507 0.766536
v -0.132664 2.495697 0.781824
v -0.141692 2.549507 0.766536
v -0.139982 2.540651 0.825730
v -0.136666 2.549507 0.839644
v -0.143233 2.540624 0.781815
v -0.136666 2.549507 0.839644
v -0.129315 2.495005 0.825721
v -0.123131 2.495489 0.839644
v -0.139982 2.540651 0.825730
v -0.123131 2.495489 0.839644
v -0.089268 2.445809 0.825708
v -0.085209 2.452170 0.839644
v -0.129315 2.495005 0.825721
v -0.085209 2.452170 0.839644
v -0.031800 2.418699 0.825705
v -0.030409 2.428130 0.839644
v -0.089268 2.445809 0.825708
v 0.000000 2.418699 0.825705
v 0.000000 2.428130 0.839644
v 0.030414 2.428130 0.839644
v 0.089273 2.445809 0.825708
v 0.085214 2.452170 0.839644
v 0.031806 2.418700 0.825705
v 0.085214 2.452170 0.839644
v 0.129320 2.495005 0.825721
v 0.123137 2.495489 0.839644
v 0.089273 2.445809 0.825708
v 0.123137 2.495489 0.839644
v 0.139988 2.540651 0.825730
v 0.136671 2.549507 0.839644
v 0.129320 2.495005 0.825721
v 0.156775 2.549507 0.547211
v 0.159546 2.540753 0.488724
v 0.156775 2.549507 0.474102
v 0.159546 2.540753 0.532589
v -0.156770 2.549507 0.474103
v -0.159541 2.540753 0.532589
v -0.156770 2.549507 0.547211
v -0.159541 2.540753 0.488724
v -0.156770 2.549507 0.547211
v -0.147543 2.495329 0.532589
v -0.141245 2.495489 0.547211
v -0.159541 2.540753 0.532589
v -0.141245 2.495489 0.547211
v -0.102102 2.446093 0.532589
v -0.097743 2.452170 0.547211
v -0.147543 2.495329 0.532589
v -0.097743 2.452170 0.547211
v -0.036438 2.418769 0.532589
v -0.034883 2.428130 0.547211
v -0.102102 2.446093 0.532589
v 0.000000 2.418769 0.532589
v 0.000000 2.428130 0.547211
v 0.034888 2.428130 0.547211
v 0.102107 2.446093 0.532589
v 0.097749 2.452170 0.547211
v 0.036443 2.418769 0.532589
v 0.097749 2.452170 0.547211
v 0.147548 2.495329 0.532589
v 0.141250 2.495489 0.547211
v 0.102107 2.446093 0.532589
v 0.141250 2.495489 0.547211
v 0.159546 2.540753 0.532589
v 0.156775 2.549507 0.547211
v 0.147548 2.495329 0.532589
v 0.285125 2.939624 1.168632
v 0.285126 2.912407 1.370217
v 0.285125 2.912407 1.168632
v 0.285126 2.939624 1.370217
v 0.248571 2.907738 1.168632
v 0.285126 2.912407 1.370217
v 0.248571 2.907738 1.373336
v 0.285125 2.912407 1.168632
v 0.248571 2.907738 1.373336
v 0.285126 2.939624 1.370217
v 0.248571 2.944293 1.373336
v 0.285126 2.912407 1.370217
v 0.248571 2.944293 1.373336
v 0.285125 2.939624 1.168632
v 0.248571 2.944293 1.168632
v 0.285126 2.939624 1.370217
v 0.278092 2.938477 1.310690
v 0.278092 2.927713 1.438386
v 0.278092 2.927713 1.310690
v 0.278092 2.938477 1.438386
v 0.263636 2.925867 1.310690
v 0.278092 2.927713 1.438386
v 0.263636 2.925867 1.440362
v 0.278092 2.927713 1.310690
v 0.263636 2.925867 1.440362
v 0.278092 2.938477 1.438386
v 0.263636 2.940323 1.440362
v 0.278092 2.927713 1.438386
v 0.263636 2.940323 1.440362
v 0.278092 2.938477 1.310690
v 0.263636 2.940323 1.310690
v 0.278092 2.938477 1.438386
v 0.270338 2.931397 1.279256
v 0.270338 2.920634 1.406953
v 0.270338 2.920634 1.279256
v 0.270338 2.931397 1.406953
v 0.255882 2.918788 1.279256
v 0.270338 2.920634 1.406953
v 0.255882 2.918788 1.408928
v 0.270338 2.920634 1.279256
v 0.255882 2.918788 1.408928
v 0.270338 2.931397 1.406953
v 0.255882 2.933244 1.408928
v 0.270338 2.920634 1.406953
v 0.255882 2.933244 1.408928
v 0.270338 2.931397 1.279256
v 0.255882 2.933244 1.279256
v 0.270338 2.931397 1.406953
v 0.277649 2.953330 1.169594
v 0.277649 2.942566 1.297290
v 0.277649 2.942566 1.169594
v 0.277649 2.953330 1.297290
v 0.263193 2.940720 1.169594
v 0.277649 2.942566 1.297290
v 0.263193 2.940720 1.299266
v 0.277649 2.942566 1.169594
v 0.263193 2.940720 1.299266
v 0.277649 2.953330 1.297290
v 0.263193 2.955176 1.299266
v 0.277649 2.942566 1.297290
v 0.263193 2.955176 1.299266
v 0.277649 2.953330 1.169594
v 0.263193 2.955176 1.169594
v 0.277649 2.953330 1.297290
v -0.268408 2.931397 1.279257
v -0.268408 2.920634 1.406953
v -0.268408 2.931397 1.406953
v -0.268408 2.920634 1.279257
v -0.253952 2.918788 1.279257
v -0.268408 2.920634 1.406953
v -0.268408 2.920634 1.279257
v -0.253952 2.918788 1.408928
v -0.253952 2.918788 1.408928
v -0.268408 2.931397 1.406953
v -0.268408 2.920634 1.406953
v -0.253952 2.933244 1.408928
v -0.253952 2.933244 1.408928
v -0.268408 2.931397 1.279257
v -0.268408 2.931397 1.406953
v -0.253952 2.933244 1.279257
v -0.276161 2.938477 1.310690
v -0.276161 2.927713 1.438387
v -0.276161 2.938477 1.438387
v -0.276161 2.927713 1.310690
v -0.261705 2.925867 1.310690
v -0.276161 2.927713 1.438387
v -0.276161 2.927713 1.310690
v -0.261705 2.925867 1.440362
v -0.261705 2.925867 1.440362
v -0.276161 2.938477 1.438387
v -0.276161 2.927713 1.438387
v -0.261705 2.940323 1.440362
v -0.261705 2.940323 1.440362
v -0.276161 2.938477 1.310690
v -0.276161 2.938477 1.438387
v -0.261705 2.940323 1.310690
v -0.283195 2.939624 1.168633
v -0.283195 2.912407 1.370218
v -0.283195 2.939624 1.370218
v -0.283195 2.912407 1.168633
v -0.246641 2.907738 1.168633
v -0.283195 2.912407 1.370218
v -0.283195 2.912407 1.168633
v -0.246641 2.907738 1.373336
v -0.246641 2.907738 1.373336
v -0.283195 2.939624 1.370218
v -0.283195 2.912407 1.370218
v -0.246641 2.944293 1.373336
v -0.246641 2.944293 1.373336
v -0.283195 2.939624 1.168633
v -0.283195 2.939624 1.370218
v -0.246641 2.944293 1.168633
v -0.275719 2.953330 1.169594
v -0.275719 2.942566 1.297291
v -0.275719 2.953330 1.297291
v -0.275719 2.942566 1.169594
v -0.261263 2.940720 1.169594
v -0.275719 2.942566 1.297291
v -0.275719 2.942566 1.169594
v -0.261262 2.940720 1.299266
v -0.261262 2.940720 1.299266
v -0.275719 2.953330 1.297291
v -0.275719 2.942566 1.297291
v -0.261262 2.955176 1.299266
v -0.261262 2.955176 1.299266
v -0.275719 2.953330 1.169594
v -0.275719 2.953330 1.297291
v -0.261263 2.955176 1.169594
v -0.343330 2.622616 -0.914957
v -0.254943 2.498911 -0.866385
v -0.365263 2.622616 -0.914957
v -0.233010 2.498911 -0.866385
v -0.254942 2.498911 0.327886
v -0.343330 2.622616 0.265500
v -0.365262 2.622616 0.265500
v -0.233010 2.498911 0.327886
v -0.254943 2.498911 -0.866385
v -0.233010 2.498911 -0.793277
v -0.269564 2.498911 -0.793277
v -0.233010 2.498911 -0.866385
v -0.365263 2.622616 -0.914957
v -0.269564 2.498911 -0.793277
v -0.379885 2.622616 -0.841848
v -0.254943 2.498911 -0.866385
v -0.406251 3.239610 -0.823432
v -0.442805 3.239610 -0.750324
v -0.406251 3.239610 -0.750324
v -0.428183 3.239610 -0.823432
v -0.450112 3.061266 -0.914957
v -0.406251 3.239610 -0.750324
v -0.450112 3.061266 -0.841848
v -0.406251 3.239610 -0.823432
v -0.269564 2.498911 -0.183873
v -0.233010 2.498911 -0.183873
v -0.451650 3.234257 -0.191184
v -0.492020 3.070112 -0.834538
v -0.492019 3.070112 -0.191184
v -0.451650 3.234257 -0.743013
v -0.406251 3.239610 -0.183873
v -0.442805 3.239610 -0.183873
v -0.233010 2.498911 -0.183873
v -0.343330 2.622616 -0.841848
v -0.343330 2.622616 -0.183873
v -0.233010 2.498911 -0.793277
v -0.254942 2.498911 0.327886
v -0.233010 2.498911 0.254777
v -0.233010 2.498911 0.327886
v -0.269564 2.498911 0.254777
v -0.428183 3.239610 0.327886
v -0.486666 3.061266 0.194268
v -0.472044 3.061266 0.267377
v -0.442805 3.239610 0.254778
v -0.406251 3.239610 0.327886
v -0.442805 3.239610 0.254778
v -0.428183 3.239610 0.327886
v -0.406251 3.239610 0.254778
v -0.233010 2.498911 0.327886
v -0.343330 2.622616 0.192392
v -0.343330 2.622616 0.265500
v -0.233010 2.498911 0.254777
v -0.404012 2.695724 -0.914957
v -0.365263 2.622616 -0.914957
v -0.425945 2.695724 -0.914957
v -0.343330 2.622616 -0.914957
v -0.404012 2.695724 0.248722
v -0.425944 2.695724 0.248722
v -0.425945 2.695724 -0.914957
v -0.440566 2.695724 -0.841848
v -0.233010 2.498911 -0.866385
v -0.343330 2.622616 -0.914957
v -0.380475 2.612294 0.187332
v -0.279886 2.499501 -0.176562
v -0.279886 2.499501 0.244214
v -0.380475 2.612294 -0.176562
v -0.404012 2.695724 0.175613
v -0.404012 2.695724 -0.183873
v -0.254942 2.498911 0.327886
v -0.379884 2.622616 0.192392
v -0.269564 2.498911 0.254777
v -0.365262 2.622616 0.265500
v -0.404012 2.695724 0.248722
v -0.404012 2.695724 -0.914957
v -0.438403 2.768833 -0.841848
v -0.404012 2.695724 -0.841848
v -0.438403 2.768833 -0.914957
v -0.481960 2.767375 0.156898
v -0.450935 2.701455 -0.176562
v -0.450935 2.701455 0.167196
v -0.482214 2.767948 -0.176562
v -0.460335 2.768833 0.237302
v -0.440566 2.695724 0.175613
v -0.425944 2.695724 0.248722
v -0.474957 2.768833 0.164193
v -0.462344 2.841941 -0.914957
v -0.460335 2.768833 -0.914957
v -0.484277 2.841941 -0.914957
v -0.438403 2.768833 -0.914957
v -0.460335 2.768833 0.237302
v -0.462344 2.841941 0.234908
v -0.484276 2.841941 0.234908
v -0.438403 2.768833 0.237302
v -0.484277 2.841941 -0.914957
v -0.474957 2.768833 -0.841848
v -0.498898 2.841941 -0.841848
v -0.460335 2.768833 -0.914957
v -0.462344 2.841941 0.161800
v -0.438403 2.768833 -0.183873
v -0.462344 2.841941 -0.183873
v -0.438403 2.768833 0.164193
v -0.462344 2.841941 0.234908
v -0.438403 2.768833 0.237302
v -0.475202 2.915050 -0.914957
v -0.475202 2.915050 -0.841848
v -0.518914 2.915010 0.157210
v -0.495160 3.053176 -0.176562
v -0.519013 2.914164 -0.176562
v -0.495159 3.053176 0.185344
v -0.497135 2.915050 0.237605
v -0.511756 2.915050 0.164496
v -0.406251 3.239610 -0.823432
v -0.472045 3.061266 -0.914957
v -0.428183 3.239610 -0.823432
v -0.450112 3.061266 -0.914957
v -0.428183 3.239610 0.327886
v -0.450112 3.061266 0.267376
v -0.406251 3.239610 0.327886
v -0.472044 3.061266 0.267377
v -0.428183 3.239610 -0.823432
v -0.486666 3.061266 -0.841848
v -0.442805 3.239610 -0.750324
v -0.472045 3.061266 -0.914957
v -0.450112 3.061266 0.194268
v -0.406251 3.239610 -0.183873
v -0.406251 3.239610 0.254778
v -0.450112 3.061266 -0.183873
v -0.406251 3.239610 0.327886
v -0.450112 3.061266 0.267376
v -0.450112 3.061266 -0.914957
v -0.497135 2.915050 -0.914957
v -0.472045 3.061266 -0.914957
v -0.475202 2.915050 -0.914957
v -0.472044 3.061266 0.267377
v -0.475202 2.915050 0.237605
v -0.450112 3.061266 0.267376
v -0.497135 2.915050 0.237605
v -0.511757 2.915050 -0.841848
v -0.497135 2.915050 -0.914957
v -0.475202 2.915050 0.164496
v -0.475202 2.915050 -0.183873
v -0.475202 2.915050 0.237605
v -0.462344 2.841941 -0.914957
v -0.462344 2.841941 -0.841848
v -0.506143 2.841079 0.154485
v -0.506155 2.841056 -0.176562
v -0.498898 2.841941 0.161800
v -0.484276 2.841941 0.234908
v -0.475202 2.915050 -0.914957
v -0.497135 2.915050 -0.914957
v -0.475202 2.915050 0.237605
v -0.497135 2.915050 0.237605
v -0.425944 2.695724 0.248722
v -0.404012 2.695724 0.248722
v -0.440566 2.695724 -0.841848
v -0.425945 2.695724 -0.914957
v -0.404012 2.695724 -0.183873
v -0.404012 2.695724 0.175613
v -0.404012 2.695724 0.248722
v -0.404012 2.695724 -0.841848
v -0.404012 2.695724 -0.914957
v -0.441522 2.685430 0.169480
v -0.390179 2.623572 -0.176562
v -0.390179 2.623572 0.183677
v -0.441522 2.685430 -0.176562
v -0.379884 2.622616 0.192392
v -0.365262 2.622616 0.265500
v -0.451650 3.234257 -0.176562
v -0.492019 3.070112 0.188979
v -0.451650 3.234257 0.244671
v -0.492019 3.070112 -0.176562
v -0.279886 2.499501 -0.785966
v -0.380475 2.612294 -0.191184
v -0.380475 2.612294 -0.834538
v -0.279886 2.499501 -0.191184
v -0.447670 2.693995 -0.834538
v -0.482060 2.767103 -0.191184
v -0.482060 2.767103 -0.834538
v -0.447670 2.693995 -0.191184
v -0.518860 2.913320 -0.834538
v -0.495006 3.052331 -0.191184
v -0.495006 3.052331 -0.834538
v -0.518860 2.913320 -0.191184
v -0.506002 2.840212 -0.834538
v -0.506001 2.840212 -0.191184
v -0.391657 2.626512 -0.834538
v -0.447670 2.693995 -0.191184
v -0.447670 2.693995 -0.834538
v -0.391657 2.626512 -0.191184
v -0.379884 2.622616 0.192392
v -0.390179 2.623572 -0.176562
v -0.379884 2.622616 -0.183873
v -0.390179 2.623572 0.183677
v -0.379884 2.622616 -0.183873
v -0.441522 2.685430 -0.176562
v -0.440566 2.695724 -0.183873
v -0.390179 2.623572 -0.176562
v -0.440566 2.695724 -0.183873
v -0.441522 2.685430 0.169480
v -0.440566 2.695724 0.175613
v -0.441522 2.685430 -0.176562
v -0.440566 2.695724 0.175613
v -0.390179 2.623572 0.183677
v -0.379884 2.622616 0.192392
v -0.441522 2.685430 0.169480
v -0.442805 3.239610 0.254778
v -0.492019 3.070112 0.188979
v -0.486666 3.061266 0.194268
v -0.451650 3.234257 0.244671
v -0.486666 3.061266 0.194268
v -0.492019 3.070112 -0.176562
v -0.486666 3.061266 -0.183873
v -0.492019 3.070112 0.188979
v -0.486666 3.061266 -0.183873
v -0.451650 3.234257 -0.176562
v -0.442805 3.239610 -0.183873
v -0.492019 3.070112 -0.176562
v -0.451650 3.234257 0.244671
v -0.451650 3.234257 -0.176562
v -0.379884 2.622616 0.192392
v -0.279886 2.499501 0.244214
v -0.269564 2.498911 0.254777
v -0.380475 2.612294 0.187332
v -0.279886 2.499501 -0.176562
v -0.279886 2.499501 0.244214
v -0.269564 2.498911 -0.183873
v -0.380475 2.612294 -0.176562
v -0.379884 2.622616 -0.183873
v -0.279886 2.499501 -0.176562
v -0.379884 2.622616 -0.183873
v -0.380475 2.612294 0.187332
v -0.379884 2.622616 0.192392
v -0.380475 2.612294 -0.176562
v -0.474957 2.768833 0.164193
v -0.450935 2.701455 0.167196
v -0.440566 2.695724 0.175613
v -0.481960 2.767375 0.156898
v -0.440566 2.695724 0.175613
v -0.450935 2.701455 -0.176562
v -0.440566 2.695724 -0.183873
v -0.450935 2.701455 0.167196
v -0.440566 2.695724 -0.183873
v -0.482214 2.767948 -0.176562
v -0.474957 2.768833 -0.183873
v -0.450935 2.701455 -0.176562
v -0.506155 2.841056 -0.176562
v -0.498898 2.841941 -0.183873
v -0.519013 2.914164 -0.176562
v -0.511756 2.915050 -0.183873
v -0.511756 2.915050 -0.183873
v -0.495160 3.053176 -0.176562
v -0.486666 3.061266 -0.183873
v -0.519013 2.914164 -0.176562
v -0.486666 3.061266 -0.183873
v -0.495159 3.053176 0.185344
v -0.486666 3.061266 0.194268
v -0.495160 3.053176 -0.176562
v -0.486666 3.061266 0.194268
v -0.518914 2.915010 0.157210
v -0.511756 2.915050 0.164496
v -0.495159 3.053176 0.185344
v -0.511756 2.915050 0.164496
v -0.506143 2.841079 0.154485
v -0.498898 2.841941 0.161800
v -0.506143 2.841079 0.154485
v -0.498898 2.841941 0.161800
v -0.506143 2.841079 0.154485
v -0.451650 3.234257 -0.191184
v -0.451650 3.234257 -0.743013
v -0.442805 3.239610 -0.183873
v -0.492019 3.070112 -0.191184
v -0.486666 3.061266 -0.183873
v -0.451650 3.234257 -0.191184
v -0.492020 3.070112 -0.834538
v -0.486666 3.061266 -0.841848
v -0.492019 3.070112 -0.191184
v -0.486666 3.061266 -0.841848
v -0.451650 3.234257 -0.743013
v -0.442805 3.239610 -0.750324
v -0.451650 3.234257 -0.743013
v -0.486666 3.061266 -0.841848
v -0.492020 3.070112 -0.834538
v -0.279886 2.499501 -0.785966
v -0.279886 2.499501 -0.191184
v -0.269564 2.498911 -0.793277
v -0.380475 2.612294 -0.834538
v -0.379885 2.622616 -0.841848
v -0.380475 2.612294 -0.834538
v -0.269564 2.498911 -0.793277
v -0.279886 2.499501 -0.785966
v -0.379885 2.622616 -0.841848
v -0.380475 2.612294 -0.191184
v -0.379884 2.622616 -0.183873
v -0.380475 2.612294 -0.834538
v -0.379884 2.622616 -0.183873
v -0.279886 2.499501 -0.191184
v -0.269564 2.498911 -0.183873
v -0.380475 2.612294 -0.191184
v -0.440566 2.695724 -0.841848
v -0.482060 2.767103 -0.834538
v -0.474957 2.768833 -0.841848
v -0.447670 2.693995 -0.834538
v -0.506002 2.840212 -0.834538
v -0.498898 2.841941 -0.841848
v -0.518860 2.913320 -0.834538
v -0.511757 2.915050 -0.841848
v -0.511757 2.915050 -0.841848
v -0.495006 3.052331 -0.834538
v -0.486666 3.061266 -0.841848
v -0.518860 2.913320 -0.834538
v -0.486666 3.061266 -0.841848
v -0.495006 3.052331 -0.191184
v -0.486666 3.061266 -0.183873
v -0.495006 3.052331 -0.834538
v -0.486666 3.061266 -0.183873
v -0.518860 2.913320 -0.191184
v -0.511756 2.915050 -0.183873
v -0.495006 3.052331 -0.191184
v -0.511756 2.915050 -0.183873
v -0.506001 2.840212 -0.191184
v -0.498898 2.841941 -0.183873
v -0.518860 2.913320 -0.191184
v -0.482060 2.767103 -0.191184
v -0.474957 2.768833 -0.183873
v -0.447670 2.693995 -0.191184
v -0.440566 2.695724 -0.183873
v -0.440566 2.695724 -0.183873
v -0.391657 2.626512 -0.191184
v -0.379884 2.622616 -0.183873
v -0.447670 2.693995 -0.191184
v -0.379884 2.622616 -0.183873
v -0.391657 2.626512 -0.834538
v -0.379885 2.622616 -0.841848
v -0.391657 2.626512 -0.191184
v -0.379885 2.622616 -0.841848
v -0.447670 2.693995 -0.834538
v -0.440566 2.695724 -0.841848
v -0.391657 2.626512 -0.834538
v 0.343335 2.622616 -0.914957
v 0.254947 2.498911 -0.866386
v 0.233014 2.498911 -0.866386
v 0.365267 2.622616 -0.914957
v 0.254947 2.498911 0.327886
v 0.343335 2.622616 0.265500
v 0.233015 2.498911 0.327886
v 0.365267 2.622616 0.265500
v 0.254947 2.498911 -0.866386
v 0.233014 2.498911 -0.793278
v 0.233014 2.498911 -0.866386
v 0.269569 2.498911 -0.793278
v 0.365267 2.622616 -0.914957
v 0.269569 2.498911 -0.793278
v 0.254947 2.498911 -0.866386
v 0.379889 2.622616 -0.841849
v 0.406255 3.239610 -0.823432
v 0.442809 3.239610 -0.750324
v 0.428188 3.239610 -0.823432
v 0.406255 3.239610 -0.750324
v 0.450116 3.061266 -0.914957
v 0.406255 3.239610 -0.750324
v 0.406255 3.239610 -0.823432
v 0.450116 3.061266 -0.841849
v 0.269569 2.498911 -0.183873
v 0.233015 2.498911 -0.183873
v 0.451655 3.234257 -0.191184
v 0.492024 3.070112 -0.834538
v 0.451655 3.234257 -0.743013
v 0.492024 3.070112 -0.191184
v 0.406255 3.239610 -0.183873
v 0.442810 3.239610 -0.183873
v 0.233015 2.498911 -0.183873
v 0.343335 2.622616 -0.841849
v 0.233014 2.498911 -0.793278
v 0.343335 2.622616 -0.183873
v 0.254947 2.498911 0.327886
v 0.233015 2.498911 0.254777
v 0.269569 2.498911 0.254777
v 0.233015 2.498911 0.327886
v 0.428188 3.239610 0.327886
v 0.486671 3.061266 0.194268
v 0.442810 3.239610 0.254777
v 0.472049 3.061266 0.267376
v 0.406255 3.239610 0.327886
v 0.442810 3.239610 0.254777
v 0.406256 3.239610 0.254777
v 0.428188 3.239610 0.327886
v 0.233015 2.498911 0.327886
v 0.343335 2.622616 0.192392
v 0.233015 2.498911 0.254777
v 0.343335 2.622616 0.265500
v 0.404016 2.695724 -0.914957
v 0.365267 2.622616 -0.914957
v 0.343335 2.622616 -0.914957
v 0.425949 2.695724 -0.914957
v 0.404017 2.695724 0.248721
v 0.425949 2.695724 0.248721
v 0.425949 2.695724 -0.914957
v 0.440571 2.695724 -0.841849
v 0.233014 2.498911 -0.866386
v 0.343335 2.622616 -0.914957
v 0.380479 2.612294 0.187332
v 0.279891 2.499501 -0.176562
v 0.380479 2.612294 -0.176562
v 0.279891 2.499501 0.244214
v 0.404017 2.695724 0.175613
v 0.404017 2.695724 -0.183873
v 0.254947 2.498911 0.327886
v 0.379889 2.622616 0.192392
v 0.365267 2.622616 0.265500
v 0.269569 2.498911 0.254777
v 0.404017 2.695724 0.248721
v 0.404016 2.695724 -0.914957
v 0.438407 2.768833 -0.841849
v 0.438407 2.768833 -0.914957
v 0.404016 2.695724 -0.841849
v 0.481965 2.767375 0.156898
v 0.450940 2.701455 -0.176562
v 0.482219 2.767948 -0.176562
v 0.450940 2.701455 0.167196
v 0.460340 2.768833 0.237301
v 0.440571 2.695724 0.175613
v 0.474962 2.768833 0.164193
v 0.425949 2.695724 0.248721
v 0.462348 2.841941 -0.914957
v 0.460340 2.768833 -0.914957
v 0.438407 2.768833 -0.914957
v 0.484281 2.841941 -0.914957
v 0.460340 2.768833 0.237301
v 0.462349 2.841941 0.234908
v 0.438407 2.768833 0.237301
v 0.484281 2.841941 0.234908
v 0.484281 2.841941 -0.914957
v 0.474961 2.768833 -0.841849
v 0.460340 2.768833 -0.914957
v 0.498902 2.841941 -0.841849
v 0.462349 2.841941 0.161799
v 0.438407 2.768833 -0.183873
v 0.438407 2.768833 0.164193
v 0.462348 2.841941 -0.183873
v 0.462349 2.841941 0.234908
v 0.438407 2.768833 0.237301
v 0.475207 2.915050 -0.914957
v 0.475207 2.915050 -0.841849
v 0.518919 2.915010 0.157210
v 0.495164 3.053176 -0.176562
v 0.495164 3.053176 0.185344
v 0.519018 2.914164 -0.176562
v 0.497140 2.915050 0.237604
v 0.511761 2.915050 0.164496
v 0.406255 3.239610 -0.823432
v 0.472049 3.061266 -0.914957
v 0.450116 3.061266 -0.914957
v 0.428188 3.239610 -0.823432
v 0.428188 3.239610 0.327886
v 0.450117 3.061266 0.267376
v 0.472049 3.061266 0.267376
v 0.406255 3.239610 0.327886
v 0.428188 3.239610 -0.823432
v 0.486671 3.061266 -0.841849
v 0.472049 3.061266 -0.914957
v 0.442809 3.239610 -0.750324
v 0.450117 3.061266 0.194268
v 0.406255 3.239610 -0.183873
v 0.450116 3.061266 -0.183873
v 0.406256 3.239610 0.254777
v 0.406255 3.239610 0.327886
v 0.450117 3.061266 0.267376
v 0.450116 3.061266 -0.914957
v 0.497139 2.915050 -0.914957
v 0.475207 2.915050 -0.914957
v 0.472049 3.061266 -0.914957
v 0.472049 3.061266 0.267376
v 0.475207 2.915050 0.237604
v 0.497140 2.915050 0.237604
v 0.450117 3.061266 0.267376
v 0.511761 2.915050 -0.841849
v 0.497139 2.915050 -0.914957
v 0.475207 2.915050 0.164496
v 0.475207 2.915050 -0.183873
v 0.475207 2.915050 0.237604
v 0.462348 2.841941 -0.914957
v 0.462348 2.841941 -0.841849
v 0.506148 2.841079 0.154485
v 0.506160 2.841056 -0.176562
v 0.498903 2.841941 0.161799
v 0.484281 2.841941 0.234908
v 0.475207 2.915050 -0.914957
v 0.497139 2.915050 -0.914957
v 0.475207 2.915050 0.237604
v 0.497140 2.915050 0.237604
v 0.425949 2.695724 0.248721
v 0.404017 2.695724 0.248721
v 0.440571 2.695724 -0.841849
v 0.425949 2.695724 -0.914957
v 0.404017 2.695724 -0.183873
v 0.404017 2.695724 0.175613
v 0.404017 2.695724 0.248721
v 0.404016 2.695724 -0.841849
v 0.404016 2.695724 -0.914957
v 0.441527 2.685430 0.169480
v 0.390184 2.623572 -0.176562
v 0.441527 2.685430 -0.176562
v 0.390184 2.623572 0.183676
v 0.379889 2.622616 0.192392
v 0.365267 2.622616 0.265500
v 0.451655 3.234257 -0.176562
v 0.492024 3.070112 0.188979
v 0.492024 3.070112 -0.176562
v 0.451655 3.234257 0.244671
v 0.279891 2.499501 -0.785967
v 0.380479 2.612294 -0.191184
v 0.279891 2.499501 -0.191184
v 0.380479 2.612294 -0.834538
v 0.447674 2.693995 -0.834538
v 0.482065 2.767103 -0.191184
v 0.447674 2.693995 -0.191184
v 0.482065 2.767103 -0.834538
v 0.518864 2.913320 -0.834538
v 0.495010 3.052331 -0.191184
v 0.518865 2.913320 -0.191184
v 0.495010 3.052331 -0.834538
v 0.506006 2.840212 -0.834538
v 0.506006 2.840212 -0.191184
v 0.391661 2.626512 -0.834538
v 0.447674 2.693995 -0.191184
v 0.391662 2.626512 -0.191184
v 0.447674 2.693995 -0.834538
v 0.379889 2.622616 0.192392
v 0.390184 2.623572 -0.176562
v 0.390184 2.623572 0.183676
v 0.379889 2.622616 -0.183873
v 0.379889 2.622616 -0.183873
v 0.441527 2.685430 -0.176562
v 0.390184 2.623572 -0.176562
v 0.440571 2.695724 -0.183873
v 0.440571 2.695724 -0.183873
v 0.441527 2.685430 0.169480
v 0.441527 2.685430 -0.176562
v 0.440571 2.695724 0.175613
v 0.440571 2.695724 0.175613
v 0.390184 2.623572 0.183676
v 0.441527 2.685430 0.169480
v 0.379889 2.622616 0.192392
v 0.442810 3.239610 0.254777
v 0.492024 3.070112 0.188979
v 0.451655 3.234257 0.244671
v 0.486671 3.061266 0.194268
v 0.486671 3.061266 0.194268
v 0.492024 3.070112 -0.176562
v 0.492024 3.070112 0.188979
v 0.486671 3.061266 -0.183873
v 0.486671 3.061266 -0.183873
v 0.451655 3.234257 -0.176562
v 0.492024 3.070112 -0.176562
v 0.442810 3.239610 -0.183873
v 0.451655 3.234257 0.244671
v 0.451655 3.234257 -0.176562
v 0.379889 2.622616 0.192392
v 0.279891 2.499501 0.244214
v 0.380479 2.612294 0.187332
v 0.269569 2.498911 0.254777
v 0.279891 2.499501 -0.176562
v 0.279891 2.499501 0.244214
v 0.269569 2.498911 -0.183873
v 0.380479 2.612294 -0.176562
v 0.279891 2.499501 -0.176562
v 0.379889 2.622616 -0.183873
v 0.379889 2.622616 -0.183873
v 0.380479 2.612294 0.187332
v 0.380479 2.612294 -0.176562
v 0.379889 2.622616 0.192392
v 0.474962 2.768833 0.164193
v 0.450940 2.701455 0.167196
v 0.481965 2.767375 0.156898
v 0.440571 2.695724 0.175613
v 0.440571 2.695724 0.175613
v 0.450940 2.701455 -0.176562
v 0.450940 2.701455 0.167196
v 0.440571 2.695724 -0.183873
v 0.440571 2.695724 -0.183873
v 0.482219 2.767948 -0.176562
v 0.450940 2.701455 -0.176562
v 0.474962 2.768833 -0.183873
v 0.506160 2.841056 -0.176562
v 0.498903 2.841941 -0.183873
v 0.519018 2.914164 -0.176562
v 0.511761 2.915050 -0.183873
v 0.511761 2.915050 -0.183873
v 0.495164 3.053176 -0.176562
v 0.519018 2.914164 -0.176562
v 0.486671 3.061266 -0.183873
v 0.486671 3.061266 -0.183873
v 0.495164 3.053176 0.185344
v 0.495164 3.053176 -0.176562
v 0.486671 3.061266 0.194268
v 0.486671 3.061266 0.194268
v 0.518919 2.915010 0.157210
v 0.495164 3.053176 0.185344
v 0.511761 2.915050 0.164496
v 0.506148 2.841079 0.154485
v 0.506148 2.841079 0.154485
v 0.511761 2.915050 0.164496
v 0.498903 2.841941 0.161799
v 0.498903 2.841941 0.161799
v 0.506148 2.841079 0.154485
v 0.451655 3.234257 -0.191184
v 0.451655 3.234257 -0.743013
v 0.442810 3.239610 -0.183873
v 0.492024 3.070112 -0.191184
v 0.451655 3.234257 -0.191184
v 0.486671 3.061266 -0.183873
v 0.486671 3.061266 -0.183873
v 0.492024 3.070112 -0.834538
v 0.492024 3.070112 -0.191184
v 0.486671 3.061266 -0.841849
v 0.486671 3.061266 -0.841849
v 0.451655 3.234257 -0.743013
v 0.492024 3.070112 -0.834538
v 0.451655 3.234257 -0.743013
v 0.486671 3.061266 -0.841849
v 0.442809 3.239610 -0.750324
v 0.279891 2.499501 -0.785967
v 0.279891 2.499501 -0.191184
v 0.269569 2.498911 -0.793278
v 0.380479 2.612294 -0.834538
v 0.279891 2.499501 -0.785967
v 0.380479 2.612294 -0.834538
v 0.269569 2.498911 -0.793278
v 0.379889 2.622616 -0.841849
v 0.379889 2.622616 -0.841849
v 0.380479 2.612294 -0.191184
v 0.380479 2.612294 -0.834538
v 0.379889 2.622616 -0.183873
v 0.279891 2.499501 -0.191184
v 0.380479 2.612294 -0.191184
v 0.269569 2.498911 -0.183873
v 0.440571 2.695724 -0.841849
v 0.482065 2.767103 -0.834538
v 0.447674 2.693995 -0.834538
v 0.474961 2.768833 -0.841849
v 0.506006 2.840212 -0.834538
v 0.498902 2.841941 -0.841849
v 0.518864 2.913320 -0.834538
v 0.511761 2.915050 -0.841849
v 0.511761 2.915050 -0.841849
v 0.495010 3.052331 -0.834538
v 0.518864 2.913320 -0.834538
v 0.486671 3.061266 -0.841849
v 0.486671 3.061266 -0.841849
v 0.495010 3.052331 -0.191184
v 0.495010 3.052331 -0.834538
v 0.486671 3.061266 -0.183873
v 0.486671 3.061266 -0.183873
v 0.518865 2.913320 -0.191184
v 0.495010 3.052331 -0.191184
v 0.511761 2.915050 -0.183873
v 0.511761 2.915050 -0.183873
v 0.506006 2.840212 -0.191184
v 0.518865 2.913320 -0.191184
v 0.498903 2.841941 -0.183873
v 0.482065 2.767103 -0.191184
v 0.474962 2.768833 -0.183873
v 0.447674 2.693995 -0.191184
v 0.440571 2.695724 -0.183873
v 0.440571 2.695724 -0.183873
v 0.391662 2.626512 -0.191184
v 0.447674 2.693995 -0.191184
v 0.379889 2.622616 -0.183873
v 0.379889 2.622616 -0.183873
v 0.391661 2.626512 -0.834538
v 0.391662 2.626512 -0.191184
v 0.379889 2.622616 -0.841849
v 0.379889 2.622616 -0.841849
v 0.447674 2.693995 -0.834538
v 0.391661 2.626512 -0.834538
v 0.440571 2.695724 -0.841849
v -0.175458 2.549507 0.488724
v -0.175458 2.512953 -0.037656
v -0.175458 2.512953 0.488724
v -0.175458 2.512953 -0.768740
v -0.175458 2.549508 -0.768740
v 0.175463 2.512953 -0.037656
v 0.175463 2.549507 0.488724
v 0.175463 2.512953 0.488724
v 0.175462 2.512953 -0.768740
v 0.175462 2.549508 -0.768740
v -0.175458 2.512953 -0.768740
v -0.000000 2.549508 -0.768740
v -0.000000 2.512953 -0.768740
v -0.175458 2.549508 -0.768740
v -0.085570 2.410602 -0.037656
v 0.000000 2.410602 0.488724
v -0.085570 2.410602 0.488724
v -0.085570 2.410602 -0.768740
v -0.000000 2.410602 -0.768740
v -0.085570 2.410602 0.488724
v 0.000000 2.512953 0.488724
v -0.175458 2.512953 0.488724
v 0.000000 2.410602 0.488724
v -0.085570 2.410602 0.488724
v -0.175458 2.512953 -0.037656
v -0.085570 2.410602 -0.037656
v -0.175458 2.512953 0.488724
v -0.085570 2.410602 -0.768740
v -0.000000 2.410602 -0.768740
v -0.175458 2.549507 0.488724
v 0.000000 2.549507 0.488724
v -0.592700 2.843266 -0.856470
v -0.488164 3.351911 -0.761429
v -0.578300 2.840727 -0.856470
v -0.502564 3.354450 -0.761429
v -0.592699 2.843266 -0.352022
v -0.488164 3.351911 -0.454374
v -0.502564 3.354450 -0.454374
v -0.578300 2.840727 -0.352022
v -0.592700 2.843266 -0.856470
v -0.578300 2.840727 -0.352022
v -0.592699 2.843266 -0.352022
v -0.578300 2.840727 -0.856470
v -0.578300 2.840727 -0.856470
v -0.488164 3.351911 -0.454374
v -0.578300 2.840727 -0.352022
v -0.488164 3.351911 -0.761429
v -0.488164 3.351911 -0.761429
v -0.502564 3.354450 -0.454374
v -0.488164 3.351911 -0.454374
v -0.502564 3.354450 -0.761429
v -0.502564 3.354450 -0.761429
v -0.592699 2.843266 -0.352022
v -0.502564 3.354450 -0.454374
v -0.592700 2.843266 -0.856470
v -0.606797 2.820009 -0.768740
v -0.562932 2.856563 -0.768740
v -0.562932 2.820009 -0.768740
v -0.606797 2.856563 -0.768740
v -0.606797 2.820009 -0.425131
v -0.562932 2.856563 -0.425131
v -0.606797 2.856563 -0.425131
v -0.562932 2.820009 -0.425131
v -0.606797 2.820009 -0.768740
v -0.562932 2.820009 -0.425131
v -0.606797 2.820009 -0.425131
v -0.562932 2.820009 -0.768740
v -0.562932 2.820009 -0.768740
v -0.562932 2.856563 -0.425131
v -0.562932 2.820009 -0.425131
v -0.562932 2.856563 -0.768740
v -0.562932 2.856563 -0.768740
v -0.606797 2.856563 -0.425131
v -0.562932 2.856563 -0.425131
v -0.606797 2.856563 -0.768740
v -0.606797 2.856563 -0.768740
v -0.606797 2.820009 -0.425131
v -0.606797 2.856563 -0.425131
v -0.606797 2.820009 -0.768740
v -0.630253 2.788400 -0.623792
v -0.586388 2.833308 -0.623792
v -0.586388 2.784776 -0.623792
v -0.630253 2.829684 -0.623792
v -0.630253 2.788400 -0.411066
v -0.586388 2.833308 -0.411066
v -0.630253 2.829684 -0.411066
v -0.586388 2.784776 -0.411066
v -0.630253 2.788400 -0.623792
v -0.586388 2.784776 -0.411066
v -0.630253 2.788400 -0.411066
v -0.586388 2.784776 -0.623792
v -0.586388 2.784776 -0.623792
v -0.586388 2.833308 -0.411066
v -0.586388 2.784776 -0.411066
v -0.586388 2.833308 -0.623792
v -0.586388 2.833308 -0.623792
v -0.630253 2.829684 -0.411066
v -0.586388 2.833308 -0.411066
v -0.630253 2.829684 -0.623792
v -0.630253 2.829684 -0.623792
v -0.630253 2.788400 -0.411066
v -0.630253 2.829684 -0.411066
v -0.630253 2.788400 -0.623792
v -0.621419 2.793495 -0.703298
v -0.577554 2.827319 -0.703298
v -0.577554 2.790765 -0.703298
v -0.621419 2.824590 -0.703298
v -0.621419 2.793495 -0.490573
v -0.577554 2.827319 -0.490573
v -0.621419 2.824590 -0.490573
v -0.577554 2.790765 -0.490573
v -0.621419 2.793495 -0.703298
v -0.577554 2.790765 -0.490573
v -0.621419 2.793495 -0.490573
v -0.577554 2.790765 -0.703298
v -0.577554 2.790765 -0.703298
v -0.577554 2.827319 -0.490573
v -0.577554 2.790765 -0.490573
v -0.577554 2.827319 -0.703298
v -0.577554 2.827319 -0.703298
v -0.621419 2.824590 -0.490573
v -0.577554 2.827319 -0.490573
v -0.621419 2.824590 -0.703298
v -0.621419 2.824590 -0.703298
v -0.621419 2.793495 -0.490573
v -0.621419 2.824590 -0.490573
v -0.621419 2.793495 -0.703298
v -0.530873 2.805387 -0.819916
v -0.538392 2.836750 -0.352022
v -0.530873 2.805387 -0.352022
v -0.538392 2.836750 -0.819916
v -0.538392 2.836750 -0.819916
v -0.558077 2.856133 -0.352022
v -0.538392 2.836750 -0.352022
v -0.558077 2.856133 -0.819916
v -0.558077 2.856133 -0.819916
v -0.582409 2.856133 -0.352022
v -0.558077 2.856133 -0.352022
v -0.582409 2.856133 -0.819916
v -0.582409 2.856133 -0.819916
v -0.602094 2.836750 -0.352022
v -0.582409 2.856133 -0.352022
v -0.602094 2.836750 -0.819916
v -0.602094 2.836750 -0.819916
v -0.609613 2.805387 -0.352022
v -0.602094 2.836750 -0.352022
v -0.609613 2.805387 -0.819916
v -0.602094 2.774024 -0.352022
v -0.602094 2.774024 -0.819916
v -0.602094 2.774024 -0.819916
v -0.582409 2.754640 -0.352022
v -0.602094 2.774024 -0.352022
v -0.582409 2.754640 -0.819916
v -0.582409 2.754640 -0.819916
v -0.558077 2.754640 -0.352022
v -0.582409 2.754640 -0.352022
v -0.558077 2.754640 -0.819916
v -0.558077 2.754640 -0.819916
v -0.538392 2.774024 -0.352022
v -0.558077 2.754640 -0.352022
v -0.538392 2.774024 -0.819916
v -0.538392 2.774024 -0.819916
v -0.538392 2.774024 -0.352022
v -0.530873 2.805387 -0.819916
v -0.558077 2.856133 -0.819916
v -0.538392 2.836750 -0.819916
v -0.602094 2.836750 -0.819916
v -0.582409 2.856133 -0.819916
v -0.602094 2.774024 -0.819916
v -0.609613 2.805387 -0.819916
v -0.558077 2.754640 -0.819916
v -0.582409 2.754640 -0.819916
v -0.538392 2.774024 -0.819916
v -0.538392 2.774024 -0.352022
v -0.582409 2.754640 -0.352022
v -0.558077 2.754640 -0.352022
v -0.609613 2.805387 -0.352022
v -0.602094 2.774024 -0.352022
v -0.582409 2.856133 -0.352022
v -0.602094 2.836750 -0.352022
v -0.538392 2.836750 -0.352022
v -0.558077 2.856133 -0.352022
v -0.530873 2.805387 -0.352022
v -0.621419 2.820009 -0.832681
v -0.519067 2.820009 -0.752262
v -0.519067 2.820009 -0.832681
v -0.621419 2.820009 -0.752262
v -0.519067 2.790765 -0.752262
v -0.621419 2.790765 -0.832681
v -0.519067 2.790765 -0.832681
v -0.621419 2.790765 -0.752262
v -0.621419 2.820009 -0.752262
v -0.519067 2.790765 -0.752262
v -0.519067 2.820009 -0.752262
v -0.621419 2.790765 -0.752262
v -0.519067 2.820009 -0.832681
v -0.519067 2.790765 -0.752262
v -0.519067 2.790765 -0.832681
v -0.519067 2.820009 -0.752262
v -0.539163 2.820009 -0.876546
v -0.601323 2.790765 -0.876546
v -0.601323 2.820009 -0.876546
v -0.539163 2.790765 -0.876546
v -0.621419 2.820009 -0.832681
v -0.601323 2.790765 -0.876546
v -0.621419 2.790765 -0.832681
v -0.601323 2.820009 -0.876546
v -0.601323 2.820009 -0.876546
v -0.539163 2.820009 -0.876546
v -0.539163 2.790765 -0.876546
v -0.601323 2.790765 -0.876546
v -0.539163 2.820009 -0.876546
v -0.539163 2.790765 -0.876546
v -0.621419 2.820009 -0.752262
v -0.621419 2.790765 -0.752262
v -0.593036 2.772711 -0.856470
v -0.398259 2.449688 -0.761429
v -0.411511 2.443509 -0.761429
v -0.579784 2.778891 -0.856470
v -0.593036 2.772711 -0.352022
v -0.398259 2.449688 -0.454374
v -0.579784 2.778891 -0.352022
v -0.411511 2.443509 -0.454374
v -0.593036 2.772711 -0.856470
v -0.579784 2.778891 -0.352022
v -0.579784 2.778891 -0.856470
v -0.593036 2.772711 -0.352022
v -0.579784 2.778891 -0.856470
v -0.398259 2.449688 -0.454374
v -0.398259 2.449688 -0.761429
v -0.579784 2.778891 -0.352022
v -0.398259 2.449688 -0.761429
v -0.411511 2.443509 -0.454374
v -0.411511 2.443509 -0.761429
v -0.398259 2.449688 -0.454374
v -0.411511 2.443509 -0.761429
v -0.593036 2.772711 -0.352022
v -0.593036 2.772711 -0.856470
v -0.411511 2.443509 -0.454374
v -0.292431 2.820009 -0.815783
v -0.548311 2.841941 -0.768740
v -0.292431 2.841941 -0.768740
v -0.548311 2.820009 -0.815783
v -0.292431 2.768833 -0.768740
v -0.548311 2.768833 -0.403198
v -0.548311 2.768833 -0.768740
v -0.292431 2.768833 -0.403198
v -0.292431 2.790765 -0.356155
v -0.548311 2.790765 -0.356155
v -0.292431 2.841941 -0.403198
v -0.548311 2.841941 -0.403198
v -0.292431 2.790765 -0.815783
v -0.548311 2.820009 -0.815783
v -0.292431 2.820009 -0.815783
v -0.548311 2.790765 -0.815783
v -0.548311 2.820009 -0.356155
v -0.292431 2.820009 -0.356155
v -0.292431 2.820009 -0.356155
v -0.548311 2.790765 -0.356155
v -0.292431 2.790765 -0.356155
v -0.548311 2.820009 -0.356155
v -0.548311 2.790765 -0.815783
v -0.292431 2.790765 -0.815783
v -0.621419 2.820009 -0.337400
v -0.519067 2.820009 -0.417820
v -0.621419 2.820009 -0.417820
v -0.519067 2.820009 -0.337401
v -0.519067 2.790765 -0.417820
v -0.621419 2.790765 -0.337400
v -0.621419 2.790765 -0.417820
v -0.519067 2.790765 -0.337401
v -0.621419 2.820009 -0.417820
v -0.519067 2.790765 -0.417820
v -0.621419 2.790765 -0.417820
v -0.519067 2.820009 -0.417820
v -0.519067 2.820009 -0.337401
v -0.519067 2.790765 -0.417820
v -0.519067 2.820009 -0.417820
v -0.519067 2.790765 -0.337401
v -0.539163 2.820009 -0.293535
v -0.601323 2.790765 -0.293535
v -0.539163 2.790765 -0.293535
v -0.601323 2.820009 -0.293535
v -0.621419 2.820009 -0.337400
v -0.601323 2.790765 -0.293535
v -0.601323 2.820009 -0.293535
v -0.621419 2.790765 -0.337400
v -0.601323 2.820009 -0.293535
v -0.539163 2.820009 -0.293535
v -0.539163 2.790765 -0.293535
v -0.601323 2.790765 -0.293535
v -0.539163 2.820009 -0.293535
v -0.539163 2.790765 -0.293535
v -0.621419 2.820009 -0.417820
v -0.621419 2.790765 -0.417820
v -0.606797 2.761522 -0.768740
v -0.562932 2.798076 -0.768740
v -0.562932 2.761522 -0.768740
v -0.606797 2.798076 -0.768740
v -0.606797 2.761522 -0.425131
v -0.562932 2.798076 -0.425131
v -0.606797 2.798076 -0.425131
v -0.562932 2.761522 -0.425131
v -0.606797 2.761522 -0.768740
v -0.562932 2.761522 -0.425131
v -0.606797 2.761522 -0.425131
v -0.562932 2.761522 -0.768740
v -0.562932 2.761522 -0.768740
v -0.562932 2.798076 -0.425131
v -0.562932 2.761522 -0.425131
v -0.562932 2.798076 -0.768740
v -0.562932 2.798076 -0.768740
v -0.606797 2.798076 -0.425131
v -0.562932 2.798076 -0.425131
v -0.606797 2.798076 -0.768740
v -0.606797 2.798076 -0.768740
v -0.606797 2.761522 -0.425131
v -0.606797 2.798076 -0.425131
v -0.606797 2.761522 -0.768740
v 0.592704 2.843266 -0.856470
v 0.488169 3.351911 -0.761430
v 0.502568 3.354450 -0.761430
v 0.578304 2.840727 -0.856470
v 0.592704 2.843266 -0.352023
v 0.488169 3.351911 -0.454374
v 0.578304 2.840727 -0.352023
v 0.502569 3.354450 -0.454374
v 0.592704 2.843266 -0.856470
v 0.578304 2.840727 -0.352023
v 0.578304 2.840727 -0.856470
v 0.592704 2.843266 -0.352023
v 0.578304 2.840727 -0.856470
v 0.488169 3.351911 -0.454374
v 0.488169 3.351911 -0.761430
v 0.578304 2.840727 -0.352023
v 0.488169 3.351911 -0.761430
v 0.502569 3.354450 -0.454374
v 0.502568 3.354450 -0.761430
v 0.488169 3.351911 -0.454374
v 0.502568 3.354450 -0.761430
v 0.592704 2.843266 -0.352023
v 0.592704 2.843266 -0.856470
v 0.502569 3.354450 -0.454374
v 0.606802 2.820009 -0.768740
v 0.562937 2.856563 -0.768740
v 0.606802 2.856563 -0.768740
v 0.562937 2.820009 -0.768740
v 0.606802 2.820009 -0.425131
v 0.562937 2.856563 -0.425131
v 0.562937 2.820009 -0.425131
v 0.606802 2.856563 -0.425131
v 0.606802 2.820009 -0.768740
v 0.562937 2.820009 -0.425131
v 0.562937 2.820009 -0.768740
v 0.606802 2.820009 -0.425131
v 0.562937 2.820009 -0.768740
v 0.562937 2.856563 -0.425131
v 0.562937 2.856563 -0.768740
v 0.562937 2.820009 -0.425131
v 0.562937 2.856563 -0.768740
v 0.606802 2.856563 -0.425131
v 0.606802 2.856563 -0.768740
v 0.562937 2.856563 -0.425131
v 0.606802 2.856563 -0.768740
v 0.606802 2.820009 -0.425131
v 0.606802 2.820009 -0.768740
v 0.606802 2.856563 -0.425131
v 0.630258 2.788400 -0.623792
v 0.586393 2.833308 -0.623792
v 0.630258 2.829684 -0.623792
v 0.586393 2.784776 -0.623792
v 0.630258 2.788400 -0.411067
v 0.586393 2.833308 -0.411067
v 0.586393 2.784776 -0.411067
v 0.630258 2.829684 -0.411067
v 0.630258 2.788400 -0.623792
v 0.586393 2.784776 -0.411067
v 0.586393 2.784776 -0.623792
v 0.630258 2.788400 -0.411067
v 0.586393 2.784776 -0.623792
v 0.586393 2.833308 -0.411067
v 0.586393 2.833308 -0.623792
v 0.586393 2.784776 -0.411067
v 0.586393 2.833308 -0.623792
v 0.630258 2.829684 -0.411067
v 0.630258 2.829684 -0.623792
v 0.586393 2.833308 -0.411067
v 0.630258 2.829684 -0.623792
v 0.630258 2.788400 -0.411067
v 0.630258 2.788400 -0.623792
v 0.630258 2.829684 -0.411067
v 0.621424 2.793495 -0.703298
v 0.577559 2.827319 -0.703298
v 0.621424 2.824590 -0.703298
v 0.577559 2.790765 -0.703298
v 0.621424 2.793495 -0.490573
v 0.577559 2.827319 -0.490573
v 0.577559 2.790765 -0.490573
v 0.621424 2.824590 -0.490573
v 0.621424 2.793495 -0.703298
v 0.577559 2.790765 -0.490573
v 0.577559 2.790765 -0.703298
v 0.621424 2.793495 -0.490573
v 0.577559 2.790765 -0.703298
v 0.577559 2.827319 -0.490573
v 0.577559 2.827319 -0.703298
v 0.577559 2.790765 -0.490573
v 0.577559 2.827319 -0.703298
v 0.621424 2.824590 -0.490573
v 0.621424 2.824590 -0.703298
v 0.577559 2.827319 -0.490573
v 0.621424 2.824590 -0.703298
v 0.621424 2.793495 -0.490573
v 0.621424 2.793495 -0.703298
v 0.621424 2.824590 -0.490573
v 0.530878 2.805387 -0.819916
v 0.538397 2.836750 -0.352023
v 0.538397 2.836750 -0.819916
v 0.530878 2.805387 -0.352023
v 0.538397 2.836750 -0.819916
v 0.558082 2.856133 -0.352023
v 0.558082 2.856133 -0.819916
v 0.538397 2.836750 -0.352023
v 0.558082 2.856133 -0.819916
v 0.582414 2.856133 -0.352023
v 0.582414 2.856133 -0.819916
v 0.558082 2.856133 -0.352023
v 0.582414 2.856133 -0.819916
v 0.602099 2.836750 -0.352023
v 0.602099 2.836750 -0.819916
v 0.582414 2.856133 -0.352023
v 0.602099 2.836750 -0.819916
v 0.609618 2.805387 -0.352023
v 0.609618 2.805387 -0.819916
v 0.602099 2.836750 -0.352023
v 0.602099 2.774024 -0.352023
v 0.602099 2.774024 -0.819916
v 0.602099 2.774024 -0.819916
v 0.582414 2.754640 -0.352023
v 0.582414 2.754640 -0.819916
v 0.602099 2.774024 -0.352023
v 0.582414 2.754640 -0.819916
v 0.558082 2.754640 -0.352023
v 0.558082 2.754640 -0.819916
v 0.582414 2.754640 -0.352023
v 0.558082 2.754640 -0.819916
v 0.538397 2.774024 -0.352023
v 0.538397 2.774024 -0.819916
v 0.558082 2.754640 -0.352023
v 0.538397 2.774024 -0.819916
v 0.538397 2.774024 -0.352023
v 0.558082 2.754640 -0.819916
v 0.602099 2.774024 -0.819916
v 0.582414 2.754640 -0.819916
v 0.602099 2.836750 -0.819916
v 0.609618 2.805387 -0.819916
v 0.558082 2.856133 -0.819916
v 0.582414 2.856133 -0.819916
v 0.530878 2.805387 -0.819916
v 0.538397 2.836750 -0.819916
v 0.538397 2.774024 -0.819916
v 0.538397 2.836750 -0.352023
v 0.582414 2.856133 -0.352023
v 0.558082 2.856133 -0.352023
v 0.609618 2.805387 -0.352023
v 0.602099 2.836750 -0.352023
v 0.582414 2.754640 -0.352023
v 0.602099 2.774024 -0.352023
v 0.538397 2.774024 -0.352023
v 0.558082 2.754640 -0.352023
v 0.530878 2.805387 -0.352023
v 0.621424 2.820009 -0.832682
v 0.519072 2.820009 -0.752262
v 0.621424 2.820009 -0.752262
v 0.519072 2.820009 -0.832682
v 0.519072 2.790765 -0.752262
v 0.621424 2.790765 -0.832682
v 0.621424 2.790765 -0.752262
v 0.519072 2.790765 -0.832682
v 0.621424 2.820009 -0.752262
v 0.519072 2.790765 -0.752262
v 0.621424 2.790765 -0.752262
v 0.519072 2.820009 -0.752262
v 0.519072 2.820009 -0.832682
v 0.519072 2.790765 -0.752262
v 0.519072 2.820009 -0.752262
v 0.519072 2.790765 -0.832682
v 0.539168 2.820009 -0.876547
v 0.601328 2.790765 -0.876547
v 0.539168 2.790765 -0.876547
v 0.601328 2.820009 -0.876547
v 0.621424 2.820009 -0.832682
v 0.601328 2.790765 -0.876547
v 0.601328 2.820009 -0.876547
v 0.621424 2.790765 -0.832682
v 0.601328 2.820009 -0.876547
v 0.539168 2.820009 -0.876547
v 0.539168 2.790765 -0.876547
v 0.601328 2.790765 -0.876547
v 0.539168 2.820009 -0.876547
v 0.539168 2.790765 -0.876547
v 0.621424 2.820009 -0.752262
v 0.621424 2.790765 -0.752262
v 0.593040 2.772711 -0.856470
v 0.398264 2.449688 -0.761429
v 0.579788 2.778891 -0.856470
v 0.411516 2.443509 -0.761429
v 0.593040 2.772711 -0.352023
v 0.398264 2.449688 -0.454374
v 0.411516 2.443509 -0.454374
v 0.579789 2.778891 -0.352023
v 0.593040 2.772711 -0.856470
v 0.579789 2.778891 -0.352023
v 0.593040 2.772711 -0.352023
v 0.579788 2.778891 -0.856470
v 0.579788 2.778891 -0.856470
v 0.398264 2.449688 -0.454374
v 0.579789 2.778891 -0.352023
v 0.398264 2.449688 -0.761429
v 0.398264 2.449688 -0.761429
v 0.411516 2.443509 -0.454374
v 0.398264 2.449688 -0.454374
v 0.411516 2.443509 -0.761429
v 0.411516 2.443509 -0.761429
v 0.593040 2.772711 -0.352023
v 0.411516 2.443509 -0.454374
v 0.593040 2.772711 -0.856470
v 0.292436 2.820009 -0.815783
v 0.548315 2.841941 -0.768740
v 0.548315 2.820009 -0.815783
v 0.292436 2.841941 -0.768740
v 0.292436 2.768833 -0.768740
v 0.548315 2.768833 -0.403198
v 0.292436 2.768833 -0.403198
v 0.548315 2.768833 -0.768740
v 0.292436 2.790765 -0.356155
v 0.548315 2.790765 -0.356155
v 0.292436 2.841941 -0.403198
v 0.548315 2.841941 -0.403198
v 0.292436 2.790765 -0.815783
v 0.548315 2.820009 -0.815783
v 0.548315 2.790765 -0.815783
v 0.292436 2.820009 -0.815783
v 0.548315 2.820009 -0.356155
v 0.292436 2.820009 -0.356155
v 0.292436 2.820009 -0.356155
v 0.548315 2.790765 -0.356155
v 0.548315 2.820009 -0.356155
v 0.292436 2.790765 -0.356155
v 0.548315 2.790765 -0.815783
v 0.292436 2.790765 -0.815783
v 0.621424 2.820009 -0.337401
v 0.519072 2.820009 -0.417820
v 0.519072 2.820009 -0.337401
v 0.621424 2.820009 -0.417820
v 0.519072 2.790765 -0.417820
v 0.621424 2.790765 -0.337401
v 0.519072 2.790765 -0.337401
v 0.621424 2.790765 -0.417820
v 0.621424 2.820009 -0.417820
v 0.519072 2.790765 -0.417820
v 0.519072 2.820009 -0.417820
v 0.621424 2.790765 -0.417820
v 0.519072 2.820009 -0.337401
v 0.519072 2.790765 -0.417820
v 0.519072 2.790765 -0.337401
v 0.519072 2.820009 -0.417820
v 0.539168 2.820009 -0.293536
v 0.601328 2.790765 -0.293536
v 0.601328 2.820009 -0.293536
v 0.539168 2.790765 -0.293536
v 0.621424 2.820009 -0.337401
v 0.601328 2.790765 -0.293536
v 0.621424 2.790765 -0.337401
v 0.601328 2.820009 -0.293536
v 0.601328 2.820009 -0.293536
v 0.539168 2.820009 -0.293536
v 0.539168 2.790765 -0.293536
v 0.601328 2.790765 -0.293536
v 0.539168 2.820009 -0.293536
v 0.539168 2.790765 -0.293536
v 0.621424 2.820009 -0.417820
v 0.621424 2.790765 -0.417820
v 0.606802 2.761522 -0.768740
v 0.562937 2.798076 -0.768740
v 0.606802 2.798076 -0.768740
v 0.562937 2.761522 -0.768740
v 0.606802 2.761522 -0.425131
v 0.562937 2.798076 -0.425131
v 0.562937 2.761522 -0.425131
v 0.606802 2.798076 -0.425131
v 0.606802 2.761522 -0.768740
v 0.562937 2.761522 -0.425131
v 0.562937 2.761522 -0.768740
v 0.606802 2.761522 -0.425131
v 0.562937 2.761522 -0.768740
v 0.562937 2.798076 -0.425131
v 0.562937 2.798076 -0.768740
v 0.562937 2.761522 -0.425131
v 0.562937 2.798076 -0.768740
v 0.606802 2.798076 -0.425131
v 0.606802 2.798076 -0.768740
v 0.562937 2.798076 -0.425131
v 0.606802 2.798076 -0.768740
v 0.606802 2.761522 -0.425131
v 0.606802 2.761522 -0.768740
v 0.606802 2.798076 -0.425131
v 0.085575 2.410602 0.488724
v 0.175463 2.512953 -0.037656
v 0.175463 2.512953 0.488724
v 0.085575 2.410602 -0.037656
v 0.085575 2.410602 -0.768740
v 0.100048 2.427081 -0.059589
v 0.100048 2.427081 -0.746808
v 0.160990 2.496474 -0.059589
v 0.160990 2.496474 -0.746808
v 0.175462 2.512953 -0.768740
v -0.085570 2.410602 -0.768740
v -0.160985 2.496474 -0.746807
v -0.175458 2.512953 -0.768740
v -0.100043 2.427081 -0.746808
v -0.160985 2.496474 -0.059589
v -0.100043 2.427081 -0.059589
v -0.085570 2.410602 -0.037656
v 0.100048 2.427081 -0.746808
v 0.094505 2.427108 -0.059589
v 0.100048 2.427081 -0.059589
v 0.000002 2.427564 -0.059589
v 0.000002 2.427564 -0.746808
v 0.100048 2.427081 -0.059589
v 0.094505 2.497099 -0.059589
v 0.160990 2.496474 -0.059589
v 0.094505 2.427108 -0.059589
v 0.160990 2.496474 -0.059589
v 0.000002 2.497988 -0.746808
v 0.160990 2.496474 -0.746808
v 0.094505 2.497099 -0.059589
v 0.000002 2.497988 -0.059589
v 0.160990 2.496474 -0.746808
v 0.000002 2.427564 -0.746808
v 0.100048 2.427081 -0.746808
v 0.000002 2.497988 -0.746808
v -0.100043 2.427081 -0.746808
v -0.000000 2.497988 -0.746808
v -0.160985 2.496474 -0.746807
v -0.000000 2.427564 -0.746808
v -0.160985 2.496474 -0.746807
v -0.094500 2.497099 -0.059589
v -0.160985 2.496474 -0.059589
v 0.000000 2.497988 -0.059589
v -0.000000 2.497988 -0.746808
v -0.100043 2.427081 -0.059589
v -0.094500 2.497099 -0.059589
v -0.094500 2.427108 -0.059589
v -0.160985 2.496474 -0.059589
v -0.100043 2.427081 -0.746808
v 0.000000 2.427564 -0.059589
v -0.000000 2.427564 -0.746808
v -0.094500 2.427108 -0.059589
v -0.100043 2.427081 -0.059589
v -0.308525 2.988158 -2.084691
v -0.308593 3.017401 -1.719149
v -0.308593 3.017401 -2.084691
v -0.308592 3.017401 -0.841848
v -0.308524 2.988158 -0.841848
v -0.138904 3.368321 -1.053863
v -0.000000 3.368321 -0.849159
v -0.000000 3.368321 -1.053863
v -0.138904 3.368321 -0.849159
v 0.161870 3.360532 -1.934224
v 0.255460 3.295746 -1.726460
v 0.263776 3.288902 -2.005119
v 0.255460 3.295746 -0.849160
v 0.161871 3.360532 -0.849160
v 0.239408 3.128276 -1.899456
v -0.000000 2.987722 -1.938403
v -0.000000 3.128276 -1.899456
v 0.204705 2.987722 -1.938403
v 0.293969 2.987722 -1.938404
v -0.263772 3.288902 -2.005119
v -0.315041 3.034972 -1.726460
v -0.255456 3.295746 -1.726460
v -0.315041 3.034972 -2.072193
v 0.308528 2.988158 -2.084691
v 0.308597 3.017401 -0.841849
v 0.308529 2.988158 -0.841849
v 0.308596 3.017401 -1.719149
v 0.308596 3.017401 -2.084691
v 0.263776 3.288902 -2.005119
v 0.315045 3.034972 -1.726460
v 0.315045 3.034972 -2.072193
v 0.255460 3.295746 -1.726460
v 0.140253 3.197378 -1.899563
v -0.000000 3.128276 -1.899456
v -0.000000 3.197378 -1.899563
v 0.239408 3.128276 -1.899456
v -0.161867 3.360532 -1.934224
v -0.255456 3.295746 -0.849159
v -0.161866 3.360532 -0.849159
v -0.255456 3.295746 -1.726460
v -0.263772 3.288902 -2.005119
v 0.308528 2.988158 -2.084691
v 0.293969 2.984741 -2.086224
v 0.308596 3.017401 -2.084691
v 0.293969 2.984741 -2.086224
v 0.308528 2.988158 -2.084691
v 0.293940 2.978523 -2.084691
v 0.308596 3.017401 -2.084691
v 0.239408 3.286559 -2.016990
v 0.251830 3.292891 -2.011583
v 0.239408 3.286559 -2.016990
v 0.308596 3.017401 -2.084691
v 0.293969 2.984741 -2.086224
v 0.251830 3.292891 -2.011583
v 0.140253 3.354471 -1.887649
v 0.146219 3.353700 -1.938474
v 0.140253 3.354471 -1.887649
v 0.251830 3.292891 -2.011583
v 0.239408 3.286559 -2.016990
v -0.000000 3.353700 -1.938474
v 0.140253 3.354471 -1.887649
v -0.000000 3.354471 -1.887649
v 0.146219 3.353700 -1.938474
v -0.239404 3.286559 -2.016990
v -0.146215 3.353700 -1.938474
v -0.140249 3.354471 -1.887649
v -0.146215 3.353700 -1.938474
v -0.239404 3.286559 -2.016990
v -0.251827 3.292891 -2.011583
v -0.251827 3.292891 -2.011583
v -0.293965 2.984741 -2.086224
v -0.308593 3.017401 -2.084691
v -0.293965 2.984741 -2.086224
v -0.251827 3.292891 -2.011583
v -0.239404 3.286559 -2.016990
v -0.308593 3.017401 -2.084691
v -0.293937 2.978523 -2.084691
v -0.308525 2.988158 -2.084691
v -0.293937 2.978523 -2.084691
v -0.308593 3.017401 -2.084691
v -0.293965 2.984741 -2.086224
v -0.000000 2.815226 -1.939958
v 0.206219 2.878737 -1.939324
v 0.206244 2.815226 -1.939959
v -0.000000 2.973783 -1.939324
v 0.206182 2.973783 -1.939324
v -0.403619 2.849323 -0.805294
v -0.403579 2.951674 -1.061174
v -0.403619 2.849323 -1.061174
v -0.403579 2.951674 -0.805294
v -0.000000 2.461777 -0.790673
v -0.077774 2.461777 -1.039241
v -0.000000 2.461777 -1.039241
v -0.077774 2.461777 -0.790673
v 0.143674 2.544552 -0.790673
v 0.121842 2.491714 -1.039241
v 0.143673 2.544552 -1.039241
v 0.121842 2.491714 -0.790673
v -0.000000 2.815226 -1.939958
v 0.115878 2.553452 -1.941325
v -0.000000 2.553452 -1.941325
v 0.206244 2.815226 -1.939959
v -0.220863 2.812698 -1.938474
v -0.129913 2.549507 -2.011583
v -0.129913 2.549507 -1.938474
v -0.220863 2.812698 -2.084691
v 0.403623 2.849323 -1.646041
v 0.403583 2.951674 -2.048137
v 0.403583 2.951674 -1.646041
v 0.403623 2.849323 -2.048137
v 0.129917 2.549507 -2.011583
v 0.220866 2.812698 -1.938474
v 0.129917 2.549507 -1.938474
v 0.220866 2.812698 -2.084691
v -0.000000 2.553205 -2.013663
v 0.088750 2.486738 -1.948813
v -0.000000 2.486738 -1.948814
v 0.115878 2.553205 -2.013663
v -0.099707 2.476399 -1.938474
v -0.367011 2.988214 -0.768740
v -0.220794 2.988158 -1.061174
v -0.367011 2.988214 -1.061174
v -0.220794 2.988158 -0.768740
v -0.220837 2.878495 -2.230908
v -0.367011 2.988214 -2.157799
v -0.220795 2.988158 -2.157799
v -0.337811 2.878495 -2.230908
v -0.367079 2.812754 -2.084691
v -0.220862 2.812698 -1.646041
v -0.367079 2.812754 -1.646041
v -0.220863 2.812698 -1.938474
v -0.220863 2.812698 -2.084691
v 0.220841 2.878495 -2.230908
v 0.337839 2.812754 -2.230908
v 0.220866 2.812698 -2.230908
v 0.337814 2.878495 -2.230908
v 0.367015 2.988214 -2.084691
v 0.220798 2.988158 -1.646041
v 0.367015 2.988214 -1.646041
v 0.220798 2.988158 -2.084691
v 0.367083 2.812754 -0.768740
v 0.220866 2.812698 -1.061174
v 0.367083 2.812754 -1.061174
v 0.220867 2.812698 -0.768740
v -0.367079 2.812754 -0.768740
v -0.403579 2.951674 -0.805294
v -0.403619 2.849323 -0.805294
v -0.367011 2.988214 -0.768740
v -0.403579 2.951674 -0.805294
v -0.367011 2.988214 -1.061174
v -0.403579 2.951674 -1.061174
v -0.367011 2.988214 -0.768740
v -0.367011 2.988214 -2.084691
v -0.403619 2.849323 -2.048137
v -0.403580 2.951674 -2.048137
v -0.367054 2.878495 -2.084691
v -0.367079 2.812754 -2.084691
v -0.403619 2.849323 -2.048137
v -0.367079 2.812754 -1.646041
v -0.403619 2.849323 -1.646041
v -0.367079 2.812754 -2.084691
v 0.367083 2.812754 -2.084691
v 0.403583 2.951674 -2.048137
v 0.403623 2.849323 -2.048137
v 0.367057 2.878495 -2.084691
v 0.367015 2.988214 -2.084691
v 0.403583 2.951674 -2.048137
v 0.367015 2.988214 -1.646041
v 0.403583 2.951674 -1.646041
v 0.367015 2.988214 -2.084691
v 0.367015 2.988214 -0.768740
v 0.403623 2.849323 -0.805294
v 0.403584 2.951674 -0.805294
v 0.367083 2.812754 -0.768740
v 0.403623 2.849323 -0.805294
v 0.367083 2.812754 -1.061174
v 0.403623 2.849323 -1.061174
v 0.367083 2.812754 -0.768740
v -0.220837 2.878495 -2.084691
v -0.220795 2.988158 -2.157799
v -0.220795 2.988158 -2.084691
v -0.220837 2.878495 -2.230908
v -0.337836 2.812754 -2.230908
v -0.220863 2.812698 -2.230908
v -0.367054 2.878495 -2.084691
v -0.337836 2.812754 -2.230908
v -0.367079 2.812754 -2.084691
v -0.337811 2.878495 -2.230908
v -0.367011 2.988214 -2.084691
v -0.220795 2.988158 -2.157799
v -0.367011 2.988214 -2.157799
v -0.220795 2.988158 -2.084691
v 0.220841 2.878495 -2.084691
v 0.220866 2.812698 -2.230908
v 0.220866 2.812698 -2.084691
v 0.220841 2.878495 -2.230908
v 0.367015 2.988214 -2.157800
v 0.220798 2.988158 -2.157800
v 0.367057 2.878495 -2.084691
v 0.367015 2.988214 -2.157800
v 0.367015 2.988214 -2.084691
v 0.337814 2.878495 -2.230908
v 0.367083 2.812754 -2.084691
v 0.220866 2.812698 -2.230908
v 0.337839 2.812754 -2.230908
v 0.220866 2.812698 -2.084691
v -0.220863 2.812698 -2.230908
v -0.337811 2.878495 -2.230908
v -0.220837 2.878495 -2.230908
v -0.337836 2.812754 -2.230908
v 0.220798 2.988158 -2.157800
v 0.337814 2.878495 -2.230908
v 0.220841 2.878495 -2.230908
v 0.367015 2.988214 -2.157800
v -0.220863 2.812698 -2.084691
v -0.220863 2.812698 -2.230908
v -0.367011 2.988214 -2.084691
v -0.367011 2.988214 -2.157799
v 0.220798 2.988158 -2.084691
v 0.220798 2.988158 -2.157800
v 0.367083 2.812754 -2.084691
v 0.337839 2.812754 -2.230908
v 0.220841 2.878495 -2.084691
v 0.206244 2.814979 -2.085326
v 0.206219 2.878490 -2.084691
v 0.220866 2.812698 -2.084691
v 0.199117 2.775581 -2.150765
v 0.118222 2.553453 -2.147923
v 0.186073 2.777862 -2.151399
v 0.132262 2.549756 -2.145842
v 0.132262 2.549756 -2.145842
v 0.098320 2.519759 -2.083073
v 0.118222 2.553453 -2.147923
v 0.110151 2.509420 -2.072734
v 0.088750 2.486738 -1.948813
v -0.000000 2.476399 -1.938474
v -0.000000 2.486738 -1.948814
v -0.000000 2.476399 -1.938474
v 0.088750 2.486738 -1.948813
v 0.099711 2.476399 -1.938474
v -0.110147 2.509420 -2.072734
v -0.118219 2.553453 -2.147923
v -0.098317 2.519759 -2.083073
v -0.132258 2.549756 -2.145842
v -0.132258 2.549756 -2.145842
v -0.186069 2.777862 -2.151398
v -0.118219 2.553453 -2.147923
v -0.199113 2.775581 -2.150764
v -0.220863 2.812698 -2.084691
v -0.206216 2.878490 -2.084691
v -0.206240 2.814979 -2.085325
v -0.220837 2.878495 -2.084691
v -0.206179 2.973536 -2.084691
v -0.220795 2.988158 -2.084691
v -0.206179 2.973783 -1.939324
v -0.000000 2.988405 -1.939324
v -0.000000 2.973783 -1.939324
v -0.204702 2.988405 -1.939324
v -0.220795 2.988405 -1.939324
v 0.220798 2.988158 -2.084691
v 0.206182 2.973536 -2.084691
v 0.132262 2.549756 -2.145842
v 0.199117 2.775581 -2.150765
v 0.110151 2.509420 -2.072734
v 0.099711 2.476399 -1.938474
v 0.099711 2.476399 -1.938474
v 0.088750 2.486738 -1.948813
v 0.088750 2.486738 -1.948813
v 0.118222 2.553453 -2.147923
v 0.098320 2.519759 -2.083073
v 0.118222 2.553453 -2.147923
v 0.088750 2.486738 -1.948813
v 0.115878 2.553205 -2.013663
v 0.186073 2.777862 -2.151399
v 0.206244 2.814979 -2.085326
v 0.206244 2.814979 -2.085326
v 0.199117 2.775581 -2.150765
v 0.186073 2.777862 -2.151399
v 0.220866 2.812698 -2.084691
v -0.099707 2.476399 -1.938474
v -0.132258 2.549756 -2.145842
v -0.110147 2.509420 -2.072734
v -0.132258 2.549756 -2.145842
v -0.199113 2.775581 -2.150764
v -0.220863 2.812698 -2.084691
v -0.186069 2.777862 -2.151398
v -0.199113 2.775581 -2.150764
v -0.206240 2.814979 -2.085325
v -0.206240 2.814979 -2.085325
v -0.118219 2.553453 -2.147923
v -0.186069 2.777862 -2.151398
v -0.115874 2.553205 -2.013663
v -0.098317 2.519759 -2.083073
v -0.088746 2.486738 -1.948813
v -0.088746 2.486738 -1.948813
v -0.099707 2.476399 -1.938474
v 0.219327 3.002780 -2.230908
v 0.219327 2.768833 -2.304017
v 0.219327 2.929671 -2.304017
v 0.219327 2.695724 -2.230908
v 0.204705 2.768833 -2.304017
v 0.204705 3.002780 -2.230908
v 0.204705 2.929671 -2.304017
v 0.204705 2.695724 -2.230908
v 0.219327 2.929671 -2.304017
v 0.204705 2.768833 -2.304017
v 0.204705 2.929671 -2.304017
v 0.219327 2.768833 -2.304017
v 0.219327 2.695724 -2.230908
v 0.204705 2.768833 -2.304017
v 0.219327 2.768833 -2.304017
v 0.204705 2.695724 -2.230908
v 0.219327 2.717657 -2.084691
v 0.204705 2.988158 -2.084691
v 0.204705 2.717657 -2.084691
v 0.219327 2.988158 -2.084691
v 0.219327 3.002779 -2.113935
v 0.204705 2.988158 -2.084691
v 0.219327 2.988158 -2.084691
v 0.204705 3.002779 -2.113935
v 0.219327 3.002779 -2.113935
v 0.219327 2.695724 -2.113935
v 0.204705 2.695724 -2.113935
v 0.204705 3.002779 -2.113935
v 0.219327 2.695724 -2.113935
v 0.204705 2.695724 -2.230908
v 0.219327 2.695724 -2.230908
v 0.204705 2.695724 -2.113935
v 0.219327 2.929671 -2.304017
v 0.204705 3.002780 -2.230908
v 0.219327 3.002780 -2.230908
v 0.204705 2.929671 -2.304017
v 0.219327 3.002780 -2.230908
v 0.204705 3.002780 -2.230908
v 0.219327 2.988158 -2.084691
v 0.219327 2.717657 -2.084691
v 0.204705 2.717657 -2.084691
v 0.204705 2.988158 -2.084691
v 0.219327 2.717657 -2.084691
v 0.204705 2.695724 -2.113935
v 0.219327 2.695724 -2.113935
v 0.204705 2.717657 -2.084691
v -0.219324 3.002779 -2.230908
v -0.219324 2.768833 -2.304016
v -0.219323 2.695724 -2.230908
v -0.219324 2.929671 -2.304016
v -0.204702 2.768833 -2.304016
v -0.204702 3.002780 -2.230908
v -0.204702 2.695724 -2.230908
v -0.204702 2.929671 -2.304016
v -0.219324 2.929671 -2.304016
v -0.204702 2.768833 -2.304016
v -0.219324 2.768833 -2.304016
v -0.204702 2.929671 -2.304016
v -0.219323 2.695724 -2.230908
v -0.204702 2.768833 -2.304016
v -0.204702 2.695724 -2.230908
v -0.219324 2.768833 -2.304016
v -0.219323 2.717657 -2.084691
v -0.204702 2.988158 -2.084691
v -0.219323 2.988158 -2.084691
v -0.204702 2.717657 -2.084691
v -0.219323 3.002780 -2.113934
v -0.204702 2.988158 -2.084691
v -0.204702 3.002780 -2.113934
v -0.219323 2.988158 -2.084691
v -0.219323 3.002780 -2.113934
v -0.219323 2.695724 -2.113934
v -0.204702 2.695724 -2.113934
v -0.204702 3.002780 -2.113934
v -0.219323 2.695724 -2.113934
v -0.204702 2.695724 -2.230908
v -0.204702 2.695724 -2.113934
v -0.219323 2.695724 -2.230908
v -0.219324 2.929671 -2.304016
v -0.204702 3.002780 -2.230908
v -0.204702 2.929671 -2.304016
v -0.219324 3.002779 -2.230908
v -0.219324 3.002779 -2.230908
v -0.204702 3.002780 -2.230908
v -0.219323 2.988158 -2.084691
v -0.219323 2.717657 -2.084691
v -0.204702 2.717657 -2.084691
v -0.204702 2.988158 -2.084691
v -0.219323 2.717657 -2.084691
v -0.204702 2.695724 -2.113934
v -0.204702 2.717657 -2.084691
v -0.219323 2.695724 -2.113934
v 0.077778 2.461777 -1.331675
v -0.000000 2.461777 -1.083106
v -0.000000 2.461777 -1.331675
v 0.077778 2.461777 -1.083106
v 0.143673 2.544552 -1.331675
v 0.121842 2.491714 -1.083106
v 0.121842 2.491714 -1.331675
v 0.143673 2.544552 -1.083106
v -0.227455 2.787012 -0.790673
v -0.143669 2.544552 -1.039241
v -0.143669 2.544552 -0.790673
v -0.227455 2.787012 -1.039241
v 0.227459 2.787012 -1.039241
v 0.227459 2.787012 -0.790673
v -0.121838 2.491714 -1.039241
v -0.121838 2.491714 -0.790673
v -0.227455 2.787012 -1.083106
v -0.143669 2.544552 -1.331675
v -0.143669 2.544552 -1.083106
v -0.227455 2.787012 -1.331675
v 0.227459 2.787012 -1.331675
v 0.227459 2.787012 -1.083106
v -0.121838 2.491714 -1.331675
v -0.121838 2.491714 -1.083106
v 0.077778 2.461777 -1.624108
v -0.000000 2.461777 -1.375540
v -0.000000 2.461777 -1.624108
v 0.077778 2.461777 -1.375540
v 0.143673 2.544552 -1.624108
v 0.121842 2.491714 -1.375540
v 0.121842 2.491714 -1.624108
v 0.143673 2.544552 -1.375540
v -0.227455 2.787012 -1.375540
v -0.143669 2.544552 -1.624108
v -0.143669 2.544552 -1.375540
v -0.227455 2.787012 -1.624108
v 0.227459 2.787012 -1.624109
v 0.227459 2.787012 -1.375540
v -0.121838 2.491714 -1.624108
v -0.121838 2.491714 -1.375540
v 0.077778 2.461777 -1.916542
v -0.000000 2.461777 -1.667973
v -0.000000 2.461777 -1.916542
v 0.077778 2.461777 -1.667973
v 0.143673 2.544552 -1.667973
v 0.121842 2.491714 -1.916542
v 0.143673 2.544552 -1.916542
v 0.121842 2.491714 -1.667973
v -0.227455 2.787012 -1.667973
v -0.143670 2.544552 -1.916542
v -0.143669 2.544552 -1.667973
v -0.227455 2.787012 -1.916542
v 0.227459 2.787012 -1.916542
v 0.227459 2.787012 -1.667973
v -0.121839 2.491714 -1.916542
v -0.121838 2.491714 -1.667973
v 0.099711 2.476399 -0.768740
v 0.143674 2.544552 -0.790673
v 0.129917 2.549507 -0.768740
v 0.121842 2.491714 -0.790673
v 0.227459 2.787012 -0.790673
v 0.220867 2.812698 -0.768740
v 0.220867 2.812698 -0.768740
v 0.227459 2.787012 -1.039241
v 0.220866 2.812698 -1.061174
v 0.227459 2.787012 -0.790673
v 0.220866 2.812698 -1.061174
v 0.143673 2.544552 -1.039241
v 0.129917 2.549507 -1.061174
v 0.227459 2.787012 -1.039241
v 0.121842 2.491714 -1.039241
v 0.099711 2.476399 -1.061174
v 0.099711 2.476399 -1.061174
v 0.121842 2.491714 -0.790673
v 0.099711 2.476399 -0.768740
v 0.121842 2.491714 -1.039241
v -0.099707 2.476399 -0.768740
v -0.121838 2.491714 -1.039241
v -0.099707 2.476399 -1.061174
v -0.121838 2.491714 -0.790673
v -0.099707 2.476399 -1.061174
v -0.143669 2.544552 -1.039241
v -0.129913 2.549507 -1.061174
v -0.121838 2.491714 -1.039241
v -0.227455 2.787012 -1.039241
v -0.220862 2.812698 -1.061174
v -0.220862 2.812698 -1.061174
v -0.227455 2.787012 -0.790673
v -0.220862 2.812698 -0.768740
v -0.227455 2.787012 -1.039241
v -0.220862 2.812698 -0.768740
v -0.143669 2.544552 -0.790673
v -0.129913 2.549507 -0.768740
v -0.227455 2.787012 -0.790673
v -0.121838 2.491714 -0.790673
v -0.099707 2.476399 -0.768740
v 0.099711 2.476399 -1.646041
v 0.121842 2.491714 -1.375540
v 0.099711 2.476399 -1.353607
v 0.121842 2.491714 -1.624108
v 0.099711 2.476399 -1.353607
v 0.143673 2.544552 -1.375540
v 0.129917 2.549507 -1.353607
v 0.121842 2.491714 -1.375540
v 0.227459 2.787012 -1.375540
v 0.220866 2.812698 -1.353607
v 0.220866 2.812698 -1.353607
v 0.227459 2.787012 -1.624109
v 0.220866 2.812698 -1.646041
v 0.227459 2.787012 -1.375540
v 0.220866 2.812698 -1.646041
v 0.143673 2.544552 -1.624108
v 0.129917 2.549507 -1.646041
v 0.227459 2.787012 -1.624109
v 0.121842 2.491714 -1.624108
v 0.099711 2.476399 -1.646041
v -0.099707 2.476399 -1.353607
v -0.121838 2.491714 -1.624108
v -0.099707 2.476399 -1.646041
v -0.121838 2.491714 -1.375540
v -0.099707 2.476399 -1.646041
v -0.143669 2.544552 -1.624108
v -0.129913 2.549507 -1.646041
v -0.121838 2.491714 -1.624108
v -0.227455 2.787012 -1.624108
v -0.220862 2.812698 -1.646041
v -0.220862 2.812698 -1.646041
v -0.227455 2.787012 -1.375540
v -0.220862 2.812698 -1.353607
v -0.227455 2.787012 -1.624108
v -0.220862 2.812698 -1.353607
v -0.143669 2.544552 -1.375540
v -0.129913 2.549507 -1.353607
v -0.227455 2.787012 -1.375540
v -0.121838 2.491714 -1.375540
v -0.099707 2.476399 -1.353607
v 0.099711 2.476399 -1.353607
v 0.121842 2.491714 -1.083106
v 0.099711 2.476399 -1.061174
v 0.121842 2.491714 -1.331675
v 0.099711 2.476399 -1.061174
v 0.143673 2.544552 -1.083106
v 0.129917 2.549507 -1.061174
v 0.121842 2.491714 -1.083106
v 0.227459 2.787012 -1.083106
v 0.220866 2.812698 -1.061174
v 0.227459 2.787012 -1.331675
v 0.220866 2.812698 -1.353607
v 0.227459 2.787012 -1.083106
v 0.220866 2.812698 -1.353607
v 0.143673 2.544552 -1.331675
v 0.129917 2.549507 -1.353607
v 0.227459 2.787012 -1.331675
v 0.121842 2.491714 -1.331675
v 0.099711 2.476399 -1.353607
v -0.099707 2.476399 -1.061174
v -0.121838 2.491714 -1.331675
v -0.099707 2.476399 -1.353607
v -0.121838 2.491714 -1.083106
v -0.099707 2.476399 -1.353607
v -0.143669 2.544552 -1.331675
v -0.129913 2.549507 -1.353607
v -0.121838 2.491714 -1.331675
v -0.227455 2.787012 -1.331675
v -0.220862 2.812698 -1.353607
v -0.227455 2.787012 -1.083106
v -0.220862 2.812698 -1.061174
v -0.227455 2.787012 -1.331675
v -0.220862 2.812698 -1.061174
v -0.143669 2.544552 -1.083106
v -0.129913 2.549507 -1.061174
v -0.227455 2.787012 -1.083106
v -0.121838 2.491714 -1.083106
v -0.099707 2.476399 -1.061174
v 0.099711 2.476399 -1.938474
v 0.121842 2.491714 -1.667973
v 0.099711 2.476399 -1.646041
v 0.121842 2.491714 -1.916542
v 0.099711 2.476399 -1.646041
v 0.143673 2.544552 -1.667973
v 0.129917 2.549507 -1.646041
v 0.121842 2.491714 -1.667973
v 0.227459 2.787012 -1.667973
v 0.220866 2.812698 -1.646041
v 0.227459 2.787012 -1.916542
v 0.220866 2.812698 -1.938474
v 0.227459 2.787012 -1.667973
v 0.143673 2.544552 -1.916542
v 0.227459 2.787012 -1.916542
v 0.121842 2.491714 -1.916542
v -0.099707 2.476399 -1.646041
v -0.121839 2.491714 -1.916542
v -0.099707 2.476399 -1.938474
v -0.121838 2.491714 -1.667973
v -0.099707 2.476399 -1.938474
v -0.143670 2.544552 -1.916542
v -0.121839 2.491714 -1.916542
v -0.227455 2.787012 -1.916542
v -0.220863 2.812698 -1.938474
v -0.227455 2.787012 -1.667973
v -0.220862 2.812698 -1.646041
v -0.227455 2.787012 -1.916542
v -0.220862 2.812698 -1.646041
v -0.143669 2.544552 -1.667973
v -0.129913 2.549507 -1.646041
v -0.227455 2.787012 -1.667973
v -0.121838 2.491714 -1.667973
v -0.099707 2.476399 -1.646041
v -0.077774 2.461777 -1.083106
v -0.077774 2.461777 -1.331675
v -0.000000 2.476399 -1.061174
v -0.077774 2.461777 -1.083106
v -0.000000 2.461777 -1.083106
v -0.099707 2.476399 -1.061174
v 0.077778 2.461777 -1.331675
v 0.077778 2.461777 -1.083106
v -0.000000 2.476399 -1.353607
v 0.077778 2.461777 -1.331675
v -0.000000 2.461777 -1.331675
v 0.099711 2.476399 -1.353607
v -0.000000 2.476399 -1.938474
v 0.077778 2.461777 -1.916542
v -0.000000 2.461777 -1.916542
v 0.099711 2.476399 -1.938474
v -0.077775 2.461777 -1.667973
v -0.077775 2.461777 -1.916542
v -0.000000 2.476399 -1.646041
v -0.077775 2.461777 -1.667973
v -0.000000 2.461777 -1.667973
v -0.099707 2.476399 -1.646041
v 0.077778 2.461777 -1.916542
v 0.077778 2.461777 -1.667973
v -0.000000 2.476399 -0.768740
v -0.077774 2.461777 -0.790673
v -0.000000 2.461777 -0.790673
v -0.099707 2.476399 -0.768740
v 0.077779 2.461777 -1.039241
v 0.077779 2.461777 -0.790673
v -0.000000 2.476399 -1.061174
v 0.077779 2.461777 -1.039241
v -0.000000 2.461777 -1.039241
v 0.099711 2.476399 -1.061174
v -0.077774 2.461777 -0.790673
v -0.077774 2.461777 -1.039241
v -0.077774 2.461777 -1.375540
v -0.077775 2.461777 -1.624108
v -0.000000 2.476399 -1.353607
v -0.077774 2.461777 -1.375540
v -0.000000 2.461777 -1.375540
v -0.099707 2.476399 -1.353607
v 0.077778 2.461777 -1.624108
v 0.077778 2.461777 -1.375540
v -0.000000 2.476399 -1.646041
v 0.077778 2.461777 -1.624108
v -0.000000 2.461777 -1.624108
v 0.099711 2.476399 -1.646041
v -0.251826 3.280591 -0.841848
v -0.251827 3.280591 -1.719149
v 0.251830 3.280591 -1.719149
v 0.251831 3.280591 -0.841849
v 0.251831 3.280591 -0.841849
v 0.161871 3.360532 -0.849160
v 0.146219 3.353700 -0.841849
v 0.255460 3.295746 -0.849160
v 0.146219 3.353700 -1.646041
v 0.161870 3.360532 -1.934224
v 0.146219 3.353700 -1.938474
v 0.146219 3.353700 -1.353607
v 0.146219 3.353700 -1.061174
v 0.146219 3.353700 -0.841849
v 0.161871 3.360532 -0.849160
v 0.146219 3.353700 -1.938474
v 0.263776 3.288902 -2.005119
v 0.251830 3.292891 -2.011583
v 0.263776 3.288902 -2.005119
v 0.146219 3.353700 -1.938474
v 0.161870 3.360532 -1.934224
v 0.251830 3.292891 -2.011583
v 0.315045 3.034972 -2.072193
v 0.308596 3.017401 -2.084691
v 0.263776 3.288902 -2.005119
v 0.308596 3.017401 -1.719149
v 0.255460 3.295746 -1.726460
v 0.251830 3.280591 -1.719149
v 0.255460 3.295746 -1.726460
v 0.308596 3.017401 -1.719149
v 0.315045 3.034972 -1.726460
v 0.251830 3.280591 -1.719149
v 0.255460 3.295746 -0.849160
v 0.251831 3.280591 -0.841849
v 0.255460 3.295746 -1.726460
v -0.251827 3.292891 -2.011583
v -0.161867 3.360532 -1.934224
v -0.146215 3.353700 -1.938474
v -0.161867 3.360532 -1.934224
v -0.251827 3.292891 -2.011583
v -0.263772 3.288902 -2.005119
v -0.146215 3.353700 -1.061174
v -0.161866 3.360532 -0.849159
v -0.146215 3.353700 -0.841848
v -0.146215 3.353700 -1.353607
v -0.146215 3.353700 -1.646041
v -0.146215 3.353700 -1.938474
v -0.161867 3.360532 -1.934224
v -0.146215 3.353700 -0.841848
v -0.255456 3.295746 -0.849159
v -0.251826 3.280591 -0.841848
v -0.161866 3.360532 -0.849159
v -0.251826 3.280591 -0.841848
v -0.255456 3.295746 -1.726460
v -0.251827 3.280591 -1.719149
v -0.255456 3.295746 -0.849159
v -0.251827 3.280591 -1.719149
v -0.315041 3.034972 -1.726460
v -0.308593 3.017401 -1.719149
v -0.315041 3.034972 -1.726460
v -0.251827 3.280591 -1.719149
v -0.255456 3.295746 -1.726460
v -0.308593 3.017401 -2.084691
v -0.263772 3.288902 -2.005119
v -0.251827 3.292891 -2.011583
v -0.315041 3.034972 -2.072193
v -0.138904 3.368321 -1.931164
v -0.000000 3.368321 -1.653352
v -0.000000 3.368321 -1.931164
v -0.138904 3.368321 -1.653352
v -0.138904 3.368321 -1.638730
v -0.000000 3.368321 -1.360918
v -0.000000 3.368321 -1.638730
v -0.138904 3.368321 -1.360918
v -0.138904 3.368321 -1.346296
v -0.000000 3.368321 -1.068485
v -0.000000 3.368321 -1.346296
v -0.138904 3.368321 -1.068484
v -0.000000 3.353700 -0.841849
v 0.138908 3.368321 -0.849160
v -0.000000 3.368321 -0.849159
v 0.146219 3.353700 -0.841849
v -0.146215 3.353700 -0.841848
v -0.138904 3.368321 -1.053863
v -0.146215 3.353700 -1.061174
v -0.138904 3.368321 -0.849159
v -0.000000 3.353700 -1.061174
v -0.138904 3.368321 -1.053863
v -0.000000 3.368321 -1.053863
v -0.146215 3.353700 -1.061174
v 0.146219 3.353700 -1.061174
v 0.138908 3.368321 -0.849160
v 0.146219 3.353700 -0.841849
v 0.138908 3.368321 -1.053863
v -0.146215 3.353700 -1.353607
v -0.138904 3.368321 -1.638730
v -0.146215 3.353700 -1.646041
v -0.138904 3.368321 -1.360918
v -0.000000 3.353700 -1.646041
v -0.138904 3.368321 -1.638730
v -0.000000 3.368321 -1.638730
v -0.146215 3.353700 -1.646041
v 0.146219 3.353700 -1.646041
v 0.138908 3.368321 -1.360918
v 0.146219 3.353700 -1.353607
v 0.138908 3.368321 -1.638730
v -0.000000 3.353700 -1.353607
v 0.138908 3.368321 -1.360918
v -0.000000 3.368321 -1.360918
v 0.146219 3.353700 -1.353607
v -0.000000 3.353700 -1.938474
v -0.138904 3.368321 -1.931164
v -0.000000 3.368321 -1.931164
v -0.146215 3.353700 -1.938474
v 0.146219 3.353700 -1.938474
v 0.138908 3.368321 -1.653352
v 0.146219 3.353700 -1.646041
v 0.138908 3.368321 -1.931164
v -0.000000 3.353700 -1.646041
v 0.138908 3.368321 -1.653352
v -0.000000 3.368321 -1.653352
v 0.146219 3.353700 -1.646041
v -0.138904 3.368321 -1.931164
v -0.146215 3.353700 -1.938474
v -0.138904 3.368321 -1.653352
v -0.146215 3.353700 -1.061174
v -0.138904 3.368321 -1.346296
v -0.138904 3.368321 -1.068484
v -0.000000 3.353700 -1.353607
v -0.138904 3.368321 -1.346296
v -0.000000 3.368321 -1.346296
v -0.146215 3.353700 -1.353607
v 0.146219 3.353700 -1.353607
v 0.138908 3.368321 -1.068485
v 0.146219 3.353700 -1.061174
v 0.138908 3.368321 -1.346297
v -0.000000 3.353700 -1.061174
v 0.138908 3.368321 -1.068485
v -0.000000 3.368321 -1.068485
v 0.146219 3.353700 -1.061174
v -0.403619 2.849323 -2.048137
v -0.403580 2.951674 -1.646041
v -0.403580 2.951674 -2.048137
v -0.403619 2.849323 -1.646041
v 0.418245 2.829870 -1.068485
v 0.418205 2.974617 -1.638730
v 0.418205 2.974617 -1.068485
v 0.418245 2.829870 -1.638730
v -0.220794 2.988158 -1.646041
v -0.367011 2.988214 -1.646041
v -0.381701 2.778155 -1.638730
v -0.242795 2.778079 -1.068484
v -0.381701 2.778155 -1.068484
v -0.242795 2.778079 -1.353607
v -0.242795 2.778079 -1.638730
v 0.381637 3.108175 -1.068485
v 0.242731 3.108099 -1.638730
v 0.242731 3.108099 -1.068485
v 0.381637 3.108175 -1.638730
v 0.367083 2.812754 -1.646041
v 0.220866 2.812698 -1.938474
v 0.220866 2.812698 -1.646041
v -0.403580 2.951674 -2.048137
v -0.367011 2.988214 -1.646041
v -0.367011 2.988214 -2.084691
v -0.403580 2.951674 -1.646041
v -0.418241 2.829870 -1.068484
v -0.381701 2.778155 -1.638730
v -0.381701 2.778155 -1.068484
v -0.418241 2.829870 -1.638730
v 0.428447 2.992580 -1.083106
v 0.399601 3.097934 -1.624109
v 0.399601 3.097934 -1.083106
v 0.428446 2.992580 -1.624109
v 0.403623 2.849323 -2.048137
v 0.367083 2.812754 -1.646041
v 0.367083 2.812754 -2.084691
v 0.403623 2.849323 -1.646041
v -0.418241 2.829870 -1.638730
v -0.418201 2.974617 -1.068484
v -0.418201 2.974617 -1.638730
v -0.418241 2.829870 -1.068484
v -0.381633 3.108175 -1.638730
v -0.242727 3.108099 -1.068484
v -0.242727 3.108099 -1.638730
v -0.381633 3.108175 -1.068484
v 0.381705 2.778155 -1.068485
v 0.242799 2.778079 -1.638730
v 0.381705 2.778155 -1.638730
v 0.242799 2.778079 -1.353607
v 0.242799 2.778079 -1.068485
v -0.428443 2.992581 -1.624108
v -0.399597 3.097934 -1.083106
v -0.399597 3.097934 -1.624108
v -0.428442 2.992581 -1.083106
v 0.418245 2.829870 -1.638730
v 0.381705 2.778155 -1.068485
v 0.381705 2.778155 -1.638730
v 0.418245 2.829870 -1.068485
v 0.403623 2.849323 -0.805294
v 0.403584 2.951674 -1.061174
v 0.403584 2.951674 -0.805294
v 0.403623 2.849323 -1.061174
v -0.367079 2.812754 -0.768740
v -0.220862 2.812698 -1.061174
v -0.220862 2.812698 -0.768740
v -0.367079 2.812754 -1.061174
v 0.367015 2.988214 -0.768740
v 0.220798 2.988158 -1.061174
v 0.220799 2.988158 -0.768740
v 0.367015 2.988214 -1.061174
v -0.403619 2.849323 -0.805294
v -0.367079 2.812754 -1.061174
v -0.367079 2.812754 -0.768740
v -0.403619 2.849323 -1.061174
v 0.403584 2.951674 -0.805294
v 0.367015 2.988214 -1.061174
v 0.367015 2.988214 -0.768740
v 0.403584 2.951674 -1.061174
v 0.220866 2.812698 -1.353607
v 0.242799 2.778079 -1.068485
v 0.220866 2.812698 -1.061174
v 0.242799 2.778079 -1.353607
v 0.220866 2.812698 -1.061174
v 0.381705 2.778155 -1.068485
v 0.367083 2.812754 -1.061174
v 0.242799 2.778079 -1.068485
v 0.418245 2.829870 -1.068485
v 0.403623 2.849323 -1.061174
v 0.418245 2.829870 -1.068485
v 0.367083 2.812754 -1.061174
v 0.381705 2.778155 -1.068485
v 0.403623 2.849323 -1.061174
v 0.418205 2.974617 -1.068485
v 0.403584 2.951674 -1.061174
v 0.418245 2.829870 -1.068485
v 0.403584 2.951674 -1.061174
v 0.381637 3.108175 -1.068485
v 0.367015 2.988214 -1.061174
v 0.381637 3.108175 -1.068485
v 0.242731 3.108099 -1.068485
v 0.220798 2.988158 -1.061174
v 0.220798 2.988158 -1.061174
v 0.242731 3.108099 -1.638730
v 0.220798 2.988158 -1.646041
v 0.242731 3.108099 -1.068485
v 0.220798 2.988158 -1.646041
v 0.381637 3.108175 -1.638730
v 0.367015 2.988214 -1.646041
v 0.242731 3.108099 -1.638730
v 0.418205 2.974617 -1.638730
v 0.403583 2.951674 -1.646041
v 0.403583 2.951674 -1.646041
v 0.418245 2.829870 -1.638730
v 0.403623 2.849323 -1.646041
v 0.418205 2.974617 -1.638730
v 0.403623 2.849323 -1.646041
v 0.381705 2.778155 -1.638730
v 0.367083 2.812754 -1.646041
v 0.418245 2.829870 -1.638730
v 0.367083 2.812754 -1.646041
v 0.242799 2.778079 -1.638730
v 0.220866 2.812698 -1.646041
v 0.381705 2.778155 -1.638730
v 0.220866 2.812698 -1.646041
v 0.242799 2.778079 -1.638730
v -0.220862 2.812698 -1.061174
v -0.242795 2.778079 -1.353607
v -0.220862 2.812698 -1.353607
v -0.242795 2.778079 -1.068484
v -0.242795 2.778079 -1.638730
v -0.220862 2.812698 -1.646041
v -0.220862 2.812698 -1.646041
v -0.381701 2.778155 -1.638730
v -0.367079 2.812754 -1.646041
v -0.242795 2.778079 -1.638730
v -0.418241 2.829870 -1.638730
v -0.403619 2.849323 -1.646041
v -0.418241 2.829870 -1.638730
v -0.367079 2.812754 -1.646041
v -0.381701 2.778155 -1.638730
v -0.403619 2.849323 -1.646041
v -0.418201 2.974617 -1.638730
v -0.403580 2.951674 -1.646041
v -0.418241 2.829870 -1.638730
v -0.403580 2.951674 -1.646041
v -0.381633 3.108175 -1.638730
v -0.367011 2.988214 -1.646041
v -0.381633 3.108175 -1.638730
v -0.242727 3.108099 -1.638730
v -0.220794 2.988158 -1.646041
v -0.220794 2.988158 -1.646041
v -0.242727 3.108099 -1.068484
v -0.220794 2.988158 -1.061174
v -0.242727 3.108099 -1.638730
v -0.220794 2.988158 -1.061174
v -0.381633 3.108175 -1.068484
v -0.367011 2.988214 -1.061174
v -0.242727 3.108099 -1.068484
v -0.418201 2.974617 -1.068484
v -0.403579 2.951674 -1.061174
v -0.403579 2.951674 -1.061174
v -0.418241 2.829870 -1.068484
v -0.403619 2.849323 -1.061174
v -0.418201 2.974617 -1.068484
v -0.403619 2.849323 -1.061174
v -0.381701 2.778155 -1.068484
v -0.367079 2.812754 -1.061174
v -0.418241 2.829870 -1.068484
v -0.367079 2.812754 -1.061174
v -0.242795 2.778079 -1.068484
v -0.220862 2.812698 -1.061174
v -0.381701 2.778155 -1.068484
v 0.293969 2.984741 -2.086224
v 0.239408 3.128276 -1.899456
v 0.239408 3.286559 -2.016990
v 0.293969 2.987722 -1.938404
v 0.140253 3.197378 -1.899563
v 0.239408 3.286559 -2.016990
v 0.239408 3.128276 -1.899456
v 0.239408 3.286559 -2.016990
v 0.140253 3.197378 -1.899563
v 0.140253 3.354471 -1.887649
v -0.000000 3.354471 -1.887649
v 0.140253 3.197378 -1.899563
v -0.000000 3.197378 -1.899563
v 0.140253 3.354471 -1.887649
v -0.140249 3.354471 -1.887649
v -0.239404 3.128276 -1.899456
v -0.239404 3.286559 -2.016990
v -0.239404 3.128276 -1.899456
v -0.140249 3.354471 -1.887649
v -0.140249 3.197378 -1.899563
v -0.239404 3.286559 -2.016990
v -0.293965 2.987722 -1.938404
v -0.293965 2.984741 -2.086224
v -0.239404 3.128276 -1.899456
v 0.204705 2.976952 -2.084947
v 0.220798 2.988405 -1.939324
v 0.204705 2.988405 -1.939324
v 0.220798 2.988405 -1.939324
v 0.204705 2.976952 -2.084947
v 0.220798 2.988158 -2.084691
v -0.220795 2.988158 -2.084691
v -0.206179 2.973783 -1.939324
v -0.206179 2.973536 -2.084691
v -0.220795 2.988405 -1.939324
v -0.206179 2.973536 -2.084691
v -0.206215 2.878737 -1.939324
v -0.206216 2.878490 -2.084691
v -0.206179 2.973783 -1.939324
v -0.206240 2.815226 -1.939958
v -0.115874 2.553452 -1.941325
v -0.000000 2.553205 -2.013663
v -0.115874 2.553452 -1.941325
v -0.000000 2.553452 -1.941325
v -0.115874 2.553205 -2.013663
v 0.206244 2.815226 -1.939959
v 0.115878 2.553452 -1.941325
v 0.206219 2.878737 -1.939324
v 0.206219 2.878490 -2.084691
v 0.206182 2.973783 -1.939324
v 0.206182 2.973536 -2.084691
v 0.206182 2.973536 -2.084691
v 0.220798 2.988405 -1.939324
v 0.220798 2.988158 -2.084691
v 0.206182 2.973783 -1.939324
v -0.220795 2.988158 -2.084691
v -0.204702 2.988405 -1.939324
v -0.220795 2.988405 -1.939324
v -0.204702 2.976952 -2.084947
v -0.263188 3.002780 -2.230908
v -0.263189 2.768833 -2.304016
v -0.263189 2.929671 -2.304016
v -0.263189 2.695724 -2.230908
v -0.277810 2.768833 -2.304016
v -0.277810 3.002780 -2.230908
v -0.277810 2.929671 -2.304016
v -0.277810 2.695724 -2.230908
v -0.263189 2.929671 -2.304016
v -0.277810 2.768833 -2.304016
v -0.277810 2.929671 -2.304016
v -0.263189 2.768833 -2.304016
v -0.263189 2.695724 -2.230908
v -0.277810 2.768833 -2.304016
v -0.263189 2.768833 -2.304016
v -0.277810 2.695724 -2.230908
v -0.263188 2.717657 -2.084691
v -0.277810 2.988158 -2.084691
v -0.277810 2.717657 -2.084691
v -0.263188 2.988158 -2.084691
v -0.263188 3.002779 -2.113934
v -0.277810 2.988158 -2.084691
v -0.263188 2.988158 -2.084691
v -0.277810 3.002779 -2.113934
v -0.263188 3.002779 -2.113934
v -0.263188 2.695724 -2.113934
v -0.277810 2.695724 -2.113934
v -0.277810 3.002779 -2.113934
v -0.263188 2.695724 -2.113934
v -0.277810 2.695724 -2.230908
v -0.263189 2.695724 -2.230908
v -0.277810 2.695724 -2.113934
v -0.263189 2.929671 -2.304016
v -0.277810 3.002780 -2.230908
v -0.263188 3.002780 -2.230908
v -0.277810 2.929671 -2.304016
v -0.263188 3.002780 -2.230908
v -0.277810 3.002780 -2.230908
v -0.263188 2.988158 -2.084691
v -0.263188 2.717657 -2.084691
v -0.277810 2.717657 -2.084691
v -0.277810 2.988158 -2.084691
v -0.263188 2.717657 -2.084691
v -0.277810 2.695724 -2.113934
v -0.263188 2.695724 -2.113934
v -0.277810 2.717657 -2.084691
v -0.321675 3.002780 -2.230908
v -0.321675 2.768833 -2.304016
v -0.321675 2.929671 -2.304016
v -0.321675 2.695724 -2.230908
v -0.336297 2.768833 -2.304016
v -0.336297 3.002780 -2.230908
v -0.336297 2.929671 -2.304016
v -0.336297 2.695724 -2.230908
v -0.321675 2.929671 -2.304016
v -0.336297 2.768833 -2.304016
v -0.336297 2.929671 -2.304016
v -0.321675 2.768833 -2.304016
v -0.321675 2.695724 -2.230908
v -0.336297 2.768833 -2.304016
v -0.321675 2.768833 -2.304016
v -0.336297 2.695724 -2.230908
v -0.321675 2.717657 -2.084691
v -0.336297 2.988158 -2.084691
v -0.336297 2.717657 -2.084691
v -0.321675 2.988158 -2.084691
v -0.321675 3.002779 -2.113934
v -0.336297 2.988158 -2.084691
v -0.321675 2.988158 -2.084691
v -0.336297 3.002779 -2.113934
v -0.321675 3.002779 -2.113934
v -0.321675 2.695724 -2.113934
v -0.336297 2.695724 -2.113934
v -0.336297 3.002779 -2.113934
v -0.321675 2.695724 -2.113934
v -0.336297 2.695724 -2.230908
v -0.321675 2.695724 -2.230908
v -0.336297 2.695724 -2.113934
v -0.321675 2.929671 -2.304016
v -0.336297 3.002780 -2.230908
v -0.321675 3.002780 -2.230908
v -0.336297 2.929671 -2.304016
v -0.321675 3.002780 -2.230908
v -0.336297 3.002780 -2.230908
v -0.321675 2.988158 -2.084691
v -0.321675 2.717657 -2.084691
v -0.336297 2.717657 -2.084691
v -0.336297 2.988158 -2.084691
v -0.321675 2.717657 -2.084691
v -0.336297 2.695724 -2.113934
v -0.321675 2.695724 -2.113934
v -0.336297 2.717657 -2.084691
v -0.292432 3.002780 -2.230908
v -0.292432 2.768833 -2.304016
v -0.292432 2.929671 -2.304016
v -0.292432 2.695724 -2.230908
v -0.307054 2.768833 -2.304016
v -0.307054 3.002780 -2.230908
v -0.307054 2.929671 -2.304016
v -0.307054 2.695724 -2.230908
v -0.292432 2.929671 -2.304016
v -0.307054 2.768833 -2.304016
v -0.307054 2.929671 -2.304016
v -0.292432 2.768833 -2.304016
v -0.292432 2.695724 -2.230908
v -0.307054 2.768833 -2.304016
v -0.292432 2.768833 -2.304016
v -0.307054 2.695724 -2.230908
v -0.292432 2.717657 -2.084691
v -0.307053 2.988158 -2.084691
v -0.307054 2.717657 -2.084691
v -0.292432 2.988158 -2.084691
v -0.292432 3.002779 -2.113934
v -0.307053 2.988158 -2.084691
v -0.292432 2.988158 -2.084691
v -0.307053 3.002779 -2.113934
v -0.292432 3.002779 -2.113934
v -0.292432 2.695724 -2.113934
v -0.307054 2.695724 -2.113934
v -0.307053 3.002779 -2.113934
v -0.292432 2.695724 -2.113934
v -0.307054 2.695724 -2.230908
v -0.292432 2.695724 -2.230908
v -0.307054 2.695724 -2.113934
v -0.292432 2.929671 -2.304016
v -0.307054 3.002780 -2.230908
v -0.292432 3.002780 -2.230908
v -0.307054 2.929671 -2.304016
v -0.292432 3.002780 -2.230908
v -0.307054 3.002780 -2.230908
v -0.292432 2.988158 -2.084691
v -0.292432 2.717657 -2.084691
v -0.307054 2.717657 -2.084691
v -0.307053 2.988158 -2.084691
v -0.292432 2.717657 -2.084691
v -0.307054 2.695724 -2.113934
v -0.292432 2.695724 -2.113934
v -0.307054 2.717657 -2.084691
v -0.233945 3.002779 -2.230908
v -0.233945 2.768833 -2.304016
v -0.233945 2.929671 -2.304016
v -0.233945 2.695724 -2.230908
v -0.248567 2.768833 -2.304016
v -0.248567 3.002779 -2.230908
v -0.248567 2.929671 -2.304016
v -0.248567 2.695724 -2.230908
v -0.233945 2.929671 -2.304016
v -0.248567 2.768833 -2.304016
v -0.248567 2.929671 -2.304016
v -0.233945 2.768833 -2.304016
v -0.233945 2.695724 -2.230908
v -0.248567 2.768833 -2.304016
v -0.233945 2.768833 -2.304016
v -0.248567 2.695724 -2.230908
v -0.233945 2.717657 -2.084691
v -0.248567 2.988158 -2.084691
v -0.248567 2.717657 -2.084691
v -0.233945 2.988158 -2.084691
v -0.233945 3.002779 -2.113934
v -0.248567 2.988158 -2.084691
v -0.233945 2.988158 -2.084691
v -0.248567 3.002779 -2.113934
v -0.233945 3.002779 -2.113934
v -0.233945 2.695724 -2.113934
v -0.248567 2.695724 -2.113934
v -0.248567 3.002779 -2.113934
v -0.233945 2.695724 -2.113934
v -0.248567 2.695724 -2.230908
v -0.233945 2.695724 -2.230908
v -0.248567 2.695724 -2.113934
v -0.233945 2.929671 -2.304016
v -0.248567 3.002779 -2.230908
v -0.233945 3.002779 -2.230908
v -0.248567 2.929671 -2.304016
v -0.233945 3.002779 -2.230908
v -0.248567 3.002779 -2.230908
v -0.233945 2.988158 -2.084691
v -0.233945 2.717657 -2.084691
v -0.248567 2.717657 -2.084691
v -0.248567 2.988158 -2.084691
v -0.233945 2.717657 -2.084691
v -0.248567 2.695724 -2.113934
v -0.233945 2.695724 -2.113934
v -0.248567 2.717657 -2.084691
v 0.277814 3.002780 -2.230908
v 0.277814 2.768833 -2.304017
v 0.277814 2.929671 -2.304017
v 0.277814 2.695724 -2.230908
v 0.263192 2.768833 -2.304017
v 0.263192 3.002780 -2.230908
v 0.263192 2.929671 -2.304017
v 0.263192 2.695724 -2.230908
v 0.277814 2.929671 -2.304017
v 0.263192 2.768833 -2.304017
v 0.263192 2.929671 -2.304017
v 0.277814 2.768833 -2.304017
v 0.277814 2.695724 -2.230908
v 0.263192 2.768833 -2.304017
v 0.277814 2.768833 -2.304017
v 0.263192 2.695724 -2.230908
v 0.277814 2.717657 -2.084691
v 0.263192 2.988158 -2.084691
v 0.263192 2.717657 -2.084691
v 0.277814 2.988158 -2.084691
v 0.277814 3.002779 -2.113935
v 0.263192 2.988158 -2.084691
v 0.277814 2.988158 -2.084691
v 0.263192 3.002779 -2.113935
v 0.277814 3.002779 -2.113935
v 0.277814 2.695724 -2.113935
v 0.263192 2.695724 -2.113935
v 0.263192 3.002779 -2.113935
v 0.277814 2.695724 -2.113935
v 0.263192 2.695724 -2.230908
v 0.277814 2.695724 -2.230908
v 0.263192 2.695724 -2.113935
v 0.277814 2.929671 -2.304017
v 0.263192 3.002780 -2.230908
v 0.277814 3.002780 -2.230908
v 0.263192 2.929671 -2.304017
v 0.277814 3.002780 -2.230908
v 0.263192 3.002780 -2.230908
v 0.277814 2.988158 -2.084691
v 0.277814 2.717657 -2.084691
v 0.263192 2.717657 -2.084691
v 0.263192 2.988158 -2.084691
v 0.277814 2.717657 -2.084691
v 0.263192 2.695724 -2.113935
v 0.277814 2.695724 -2.113935
v 0.263192 2.717657 -2.084691
v 0.307057 3.002780 -2.230908
v 0.307057 2.768833 -2.304017
v 0.307057 2.929671 -2.304017
v 0.307057 2.695724 -2.230908
v 0.292435 2.768833 -2.304017
v 0.292435 3.002780 -2.230908
v 0.292435 2.929671 -2.304017
v 0.292435 2.695724 -2.230908
v 0.307057 2.929671 -2.304017
v 0.292435 2.768833 -2.304017
v 0.292435 2.929671 -2.304017
v 0.307057 2.768833 -2.304017
v 0.307057 2.695724 -2.230908
v 0.292435 2.768833 -2.304017
v 0.307057 2.768833 -2.304017
v 0.292435 2.695724 -2.230908
v 0.307057 2.717657 -2.084691
v 0.292435 2.988158 -2.084691
v 0.292435 2.717657 -2.084691
v 0.307057 2.988158 -2.084691
v 0.307057 3.002780 -2.113935
v 0.292435 2.988158 -2.084691
v 0.307057 2.988158 -2.084691
v 0.292435 3.002779 -2.113935
v 0.307057 3.002780 -2.113935
v 0.307057 2.695724 -2.113935
v 0.292435 2.695724 -2.113935
v 0.292435 3.002779 -2.113935
v 0.307057 2.695724 -2.113935
v 0.292435 2.695724 -2.230908
v 0.307057 2.695724 -2.230908
v 0.292435 2.695724 -2.113935
v 0.307057 2.929671 -2.304017
v 0.292435 3.002780 -2.230908
v 0.307057 3.002780 -2.230908
v 0.292435 2.929671 -2.304017
v 0.307057 3.002780 -2.230908
v 0.292435 3.002780 -2.230908
v 0.307057 2.988158 -2.084691
v 0.307057 2.717657 -2.084691
v 0.292435 2.717657 -2.084691
v 0.292435 2.988158 -2.084691
v 0.307057 2.717657 -2.084691
v 0.292435 2.695724 -2.113935
v 0.307057 2.695724 -2.113935
v 0.292435 2.717657 -2.084691
v 0.336300 3.002780 -2.230908
v 0.336300 2.768833 -2.304017
v 0.336300 2.929671 -2.304017
v 0.336300 2.695724 -2.230908
v 0.321679 2.768833 -2.304017
v 0.321679 3.002779 -2.230908
v 0.321679 2.929671 -2.304017
v 0.321679 2.695724 -2.230908
v 0.336300 2.929671 -2.304017
v 0.321679 2.768833 -2.304017
v 0.321679 2.929671 -2.304017
v 0.336300 2.768833 -2.304017
v 0.336300 2.695724 -2.230908
v 0.321679 2.768833 -2.304017
v 0.336300 2.768833 -2.304017
v 0.321679 2.695724 -2.230908
v 0.336300 2.717657 -2.084691
v 0.321679 2.988158 -2.084691
v 0.321679 2.717657 -2.084691
v 0.336300 2.988158 -2.084691
v 0.336300 3.002779 -2.113935
v 0.321679 2.988158 -2.084691
v 0.336300 2.988158 -2.084691
v 0.321679 3.002779 -2.113935
v 0.336300 3.002779 -2.113935
v 0.336300 2.695724 -2.113935
v 0.321679 2.695724 -2.113935
v 0.321679 3.002779 -2.113935
v 0.336300 2.695724 -2.113935
v 0.321679 2.695724 -2.230908
v 0.336300 2.695724 -2.230908
v 0.321679 2.695724 -2.113935
v 0.336300 2.929671 -2.304017
v 0.321679 3.002779 -2.230908
v 0.336300 3.002780 -2.230908
v 0.321679 2.929671 -2.304017
v 0.336300 3.002780 -2.230908
v 0.321679 3.002779 -2.230908
v 0.336300 2.988158 -2.084691
v 0.336300 2.717657 -2.084691
v 0.321679 2.717657 -2.084691
v 0.321679 2.988158 -2.084691
v 0.336300 2.717657 -2.084691
v 0.321679 2.695724 -2.113935
v 0.336300 2.695724 -2.113935
v 0.321679 2.717657 -2.084691
v 0.248570 3.002780 -2.230908
v 0.248570 2.768833 -2.304017
v 0.248570 2.929671 -2.304017
v 0.248570 2.695724 -2.230908
v 0.233948 2.768833 -2.304017
v 0.233949 3.002780 -2.230908
v 0.233949 2.929671 -2.304017
v 0.233948 2.695724 -2.230908
v 0.248570 2.929671 -2.304017
v 0.233948 2.768833 -2.304017
v 0.233949 2.929671 -2.304017
v 0.248570 2.768833 -2.304017
v 0.248570 2.695724 -2.230908
v 0.233948 2.768833 -2.304017
v 0.248570 2.768833 -2.304017
v 0.233948 2.695724 -2.230908
v 0.248570 2.717657 -2.084691
v 0.233949 2.988158 -2.084691
v 0.233949 2.717657 -2.084691
v 0.248570 2.988158 -2.084691
v 0.248570 3.002779 -2.113935
v 0.233949 2.988158 -2.084691
v 0.248570 2.988158 -2.084691
v 0.233949 3.002779 -2.113935
v 0.248570 3.002779 -2.113935
v 0.248570 2.695724 -2.113935
v 0.233949 2.695724 -2.113935
v 0.233949 3.002779 -2.113935
v 0.248570 2.695724 -2.113935
v 0.233948 2.695724 -2.230908
v 0.248570 2.695724 -2.230908
v 0.233949 2.695724 -2.113935
v 0.248570 2.929671 -2.304017
v 0.233949 3.002780 -2.230908
v 0.248570 3.002780 -2.230908
v 0.233949 2.929671 -2.304017
v 0.248570 3.002780 -2.230908
v 0.233949 3.002780 -2.230908
v 0.248570 2.988158 -2.084691
v 0.248570 2.717657 -2.084691
v 0.233949 2.717657 -2.084691
v 0.233949 2.988158 -2.084691
v 0.248570 2.717657 -2.084691
v 0.233949 2.695724 -2.113935
v 0.248570 2.695724 -2.113935
v 0.233949 2.717657 -2.084691
v -0.336297 2.841941 -1.938474
v -0.336297 2.717657 -2.084691
v -0.336297 2.717657 -1.938474
v -0.336297 2.841941 -2.084691
v -0.204702 2.717657 -2.084691
v -0.204702 2.841941 -1.938474
v -0.204702 2.717657 -1.938474
v -0.204702 2.841941 -2.084691
v -0.336297 2.717657 -1.938474
v -0.204702 2.717657 -2.084691
v -0.204702 2.717657 -1.938474
v -0.336297 2.717657 -2.084691
v -0.317965 2.746900 -1.865366
v -0.223033 2.841941 -1.865366
v -0.317965 2.841941 -1.865366
v -0.223033 2.746900 -1.865366
v -0.336297 2.841941 -1.938474
v -0.223033 2.841941 -1.865366
v -0.204702 2.841941 -1.938474
v -0.317965 2.841941 -1.865366
v -0.317965 2.841941 -1.865366
v -0.317965 2.746900 -1.865366
v -0.223033 2.746900 -1.865366
v -0.223033 2.841941 -1.865366
v -0.317965 2.746900 -1.865366
v -0.223033 2.746900 -1.865366
v -0.336297 2.841941 -2.084691
v -0.204702 2.841941 -2.084691
v 0.204705 2.841941 -1.938474
v 0.204705 2.717657 -2.084691
v 0.204705 2.717657 -1.938474
v 0.204705 2.841941 -2.084691
v 0.336300 2.717657 -2.084691
v 0.336300 2.841941 -1.938474
v 0.336300 2.717657 -1.938474
v 0.336300 2.841941 -2.084691
v 0.204705 2.717657 -1.938474
v 0.336300 2.717657 -2.084691
v 0.336300 2.717657 -1.938474
v 0.204705 2.717657 -2.084691
v 0.223037 2.746900 -1.865366
v 0.317969 2.841941 -1.865366
v 0.223037 2.841941 -1.865366
v 0.317969 2.746900 -1.865366
v 0.204705 2.841941 -1.938474
v 0.317969 2.841941 -1.865366
v 0.336300 2.841941 -1.938474
v 0.223037 2.841941 -1.865366
v 0.223037 2.841941 -1.865366
v 0.223037 2.746900 -1.865366
v 0.317969 2.746900 -1.865366
v 0.317969 2.841941 -1.865366
v 0.223037 2.746900 -1.865366
v 0.317969 2.746900 -1.865366
v 0.204705 2.841941 -2.084691
v 0.336300 2.841941 -2.084691
v 0.381637 3.108175 -1.068485
v 0.399601 3.097934 -1.624109
v 0.381637 3.108175 -1.638730
v 0.399601 3.097934 -1.083106
v 0.381637 3.108175 -1.638730
v 0.428446 2.992580 -1.624109
v 0.418205 2.974617 -1.638730
v 0.399601 3.097934 -1.624109
v 0.418205 2.974617 -1.638730
v 0.428447 2.992580 -1.083106
v 0.418205 2.974617 -1.068485
v 0.428446 2.992580 -1.624109
v 0.418205 2.974617 -1.068485
v 0.399601 3.097934 -1.083106
v 0.381637 3.108175 -1.068485
v 0.428447 2.992580 -1.083106
v -0.381633 3.108175 -1.638730
v -0.399597 3.097934 -1.083106
v -0.381633 3.108175 -1.068484
v -0.399597 3.097934 -1.624108
v -0.381633 3.108175 -1.068484
v -0.428442 2.992581 -1.083106
v -0.418201 2.974617 -1.068484
v -0.399597 3.097934 -1.083106
v -0.418201 2.974617 -1.068484
v -0.428443 2.992581 -1.624108
v -0.418201 2.974617 -1.638730
v -0.428442 2.992581 -1.083106
v -0.418201 2.974617 -1.638730
v -0.399597 3.097934 -1.624108
v -0.381633 3.108175 -1.638730
v -0.428443 2.992581 -1.624108
v -0.146214 3.353700 -0.256981
v -0.255023 3.280591 -0.841848
v -0.255023 3.280591 -0.256981
v -0.146215 3.353700 -0.841848
v 0.255027 3.280591 -0.841849
v 0.146219 3.353700 -0.256981
v 0.255028 3.280591 -0.256981
v 0.146219 3.353700 -0.841849
v -0.255023 3.280591 -0.256981
v 0.000000 3.192861 -0.256982
v 0.000000 3.280591 -0.256981
v -0.259936 3.192861 -0.256981
v -0.146215 3.353700 -0.841848
v 0.000000 3.353700 -0.256982
v -0.000000 3.353700 -0.841849
v -0.146214 3.353700 -0.256981
v -0.259936 3.192861 -0.256981
v -0.255023 3.280591 -0.841848
v -0.271394 3.192861 -0.841848
v -0.255023 3.280591 -0.256981
v 0.271398 3.192861 -0.841849
v 0.255028 3.280591 -0.256981
v 0.259941 3.192861 -0.256982
v 0.255027 3.280591 -0.841849
v -0.146214 3.353700 -0.256981
v 0.000000 3.353700 -0.256982
v -0.095456 3.309835 0.042763
v -0.214470 3.236726 -0.322779
v -0.214470 3.236726 0.042763
v -0.095456 3.309835 -0.322779
v 0.214475 3.236726 -0.322779
v 0.095461 3.309835 0.042763
v 0.214475 3.236726 0.042763
v 0.095461 3.309835 -0.322779
v -0.214470 3.236726 0.042763
v 0.000000 3.163618 0.042763
v 0.000000 3.236726 0.042763
v -0.220263 3.163618 0.042763
v -0.095456 3.309835 -0.322779
v 0.000000 3.309835 0.042763
v 0.000000 3.309835 -0.322779
v -0.095456 3.309835 0.042763
v -0.220263 3.163618 0.042763
v -0.214470 3.236726 -0.322779
v -0.220263 3.163618 -0.322779
v -0.214470 3.236726 0.042763
v 0.220268 3.163618 -0.322779
v 0.214475 3.236726 0.042763
v 0.220268 3.163618 0.042763
v 0.214475 3.236726 -0.322779
v -0.095456 3.309835 0.042763
v 0.000000 3.309835 0.042763
v 0.126248 3.261177 -0.803265
v 0.087784 3.265031 0.496011
v 0.124284 3.231768 0.532565
v 0.126248 3.261177 -0.803265
v 0.087784 3.265031 0.496011
v 0.000000 3.231768 0.532565
v 0.087784 3.265031 0.496011
v 0.000000 3.265031 0.496011
v 0.124284 3.231768 0.532565
v -0.124279 3.231768 0.532565
v -0.089635 3.261286 -0.766711
v -0.126243 3.261177 -0.803265
v -0.124279 3.231768 0.532565
v -0.088348 3.263882 0.108561
v -0.089635 3.261286 -0.766711
v -0.087779 3.265031 0.496011
v -0.000000 3.261177 -0.803265
v -0.089635 3.261286 -0.766711
v -0.000000 3.261286 -0.766711
v -0.126243 3.261177 -0.803265
v 0.065912 3.333802 0.473655
v 0.000000 3.332901 0.313768
v 0.000000 3.333802 0.473655
v 0.066359 3.332901 0.313768
v 0.000000 3.265031 0.496011
v 0.087784 3.275130 0.495902
v 0.000000 3.275130 0.495902
v 0.087784 3.265031 0.496011
v -0.087779 3.265031 0.496011
v -0.088348 3.273981 0.108452
v -0.088348 3.263882 0.108561
v -0.087778 3.275130 0.495902
v 0.000000 3.263881 0.108561
v -0.088348 3.273981 0.108452
v 0.000000 3.273981 0.108452
v -0.088348 3.263882 0.108561
v 0.088353 3.263881 0.108561
v 0.087784 3.275130 0.495902
v 0.087784 3.265031 0.496011
v 0.088353 3.273981 0.108452
v 0.087784 3.297373 0.495794
v 0.000000 3.297373 0.495794
v -0.088348 3.296224 0.292042
v -0.087778 3.297373 0.495794
v 0.000000 3.308324 0.129743
v -0.066416 3.308272 0.270312
v 0.000000 3.308272 0.270312
v -0.066416 3.308324 0.129743
v 0.087784 3.297373 0.495794
v 0.088353 3.296224 0.292042
v 0.000000 3.297373 0.495794
v 0.065912 3.333802 0.473655
v 0.000000 3.333802 0.473655
v 0.087784 3.297373 0.495794
v -0.066354 3.332901 0.313768
v -0.065907 3.333802 0.473655
v 0.000000 3.296224 0.292042
v -0.066354 3.332901 0.313768
v 0.000000 3.332901 0.313768
v -0.088348 3.296224 0.292042
v 0.065912 3.333802 0.473655
v 0.066359 3.332901 0.313768
v -0.146214 3.291001 0.315720
v -0.153525 3.298312 0.315720
v -0.146214 3.298312 0.315720
v -0.153525 3.291001 0.315720
v -0.146214 3.291001 0.549667
v -0.153525 3.298312 0.549667
v -0.153525 3.291001 0.549667
v -0.146214 3.298312 0.549667
v -0.146214 3.291001 0.315720
v -0.153525 3.291001 0.549667
v -0.153525 3.291001 0.315720
v -0.146214 3.291001 0.549667
v -0.153525 3.291001 0.315720
v -0.153525 3.298312 0.549667
v -0.153525 3.298312 0.315720
v -0.153525 3.291001 0.549667
v -0.153525 3.298312 0.315720
v -0.146214 3.298312 0.549667
v -0.146214 3.298312 0.315720
v -0.153525 3.298312 0.549667
v -0.146214 3.298312 0.315720
v -0.146214 3.291001 0.549667
v -0.146214 3.291001 0.315720
v -0.146214 3.298312 0.549667
v 0.145732 3.281497 0.276883
v 0.153043 3.288808 0.276883
v 0.153043 3.281497 0.276883
v 0.145732 3.288808 0.276883
v 0.145732 3.281497 0.510830
v 0.153043 3.288808 0.510830
v 0.145732 3.288808 0.510830
v 0.153043 3.281497 0.510830
v 0.145732 3.281497 0.276883
v 0.153043 3.281497 0.510830
v 0.145732 3.281497 0.510830
v 0.153043 3.281497 0.276883
v 0.153043 3.281497 0.276883
v 0.153043 3.288808 0.510830
v 0.153043 3.281497 0.510830
v 0.153043 3.288808 0.276883
v 0.153043 3.288808 0.276883
v 0.145732 3.288808 0.510830
v 0.153043 3.288808 0.510830
v 0.145732 3.288808 0.276883
v 0.145732 3.288808 0.276883
v 0.145732 3.281497 0.510830
v 0.145732 3.288808 0.510830
v 0.145732 3.281497 0.276883
v 0.153043 3.284773 0.295044
v 0.160354 3.292084 0.295044
v 0.160354 3.284773 0.295044
v 0.153043 3.292084 0.295044
v 0.153043 3.284773 0.528991
v 0.160354 3.292084 0.528991
v 0.153043 3.292084 0.528991
v 0.160354 3.284773 0.528991
v 0.153043 3.284773 0.295044
v 0.160354 3.284773 0.528991
v 0.153043 3.284773 0.528991
v 0.160354 3.284773 0.295044
v 0.160354 3.284773 0.295044
v 0.160354 3.292084 0.528991
v 0.160354 3.284773 0.528991
v 0.160354 3.292084 0.295044
v 0.160354 3.292084 0.295044
v 0.153043 3.292084 0.528991
v 0.160354 3.292084 0.528991
v 0.153043 3.292084 0.295044
v 0.153043 3.292084 0.295044
v 0.153043 3.284773 0.528991
v 0.153043 3.292084 0.528991
v 0.153043 3.284773 0.295044
v 0.145732 3.288808 0.315720
v 0.153043 3.296119 0.315720
v 0.153043 3.288808 0.315720
v 0.145732 3.296119 0.315720
v 0.145732 3.288808 0.549667
v 0.153043 3.296119 0.549667
v 0.145732 3.296119 0.549667
v 0.153043 3.288808 0.549667
v 0.145732 3.288808 0.315720
v 0.153043 3.288808 0.549667
v 0.145732 3.288808 0.549667
v 0.153043 3.288808 0.315720
v 0.153043 3.288808 0.315720
v 0.153043 3.296119 0.549667
v 0.153043 3.288808 0.549667
v 0.153043 3.296119 0.315720
v 0.153043 3.296119 0.315720
v 0.145732 3.296119 0.549667
v 0.153043 3.296119 0.549667
v 0.145732 3.296119 0.315720
v 0.145732 3.296119 0.315720
v 0.145732 3.288808 0.549667
v 0.145732 3.296119 0.549667
v 0.145732 3.288808 0.315720
v -0.146214 3.283690 0.276883
v -0.153525 3.291001 0.276883
v -0.146214 3.291001 0.276883
v -0.153525 3.283690 0.276883
v -0.146214 3.283690 0.510830
v -0.153525 3.291001 0.510830
v -0.153525 3.283690 0.510830
v -0.146214 3.291001 0.510830
v -0.146214 3.283690 0.276883
v -0.153525 3.283690 0.510830
v -0.153525 3.283690 0.276883
v -0.146214 3.283690 0.510830
v -0.153525 3.283690 0.276883
v -0.153525 3.291001 0.510830
v -0.153525 3.291001 0.276883
v -0.153525 3.283690 0.510830
v -0.153525 3.291001 0.276883
v -0.146214 3.291001 0.510830
v -0.146214 3.291001 0.276883
v -0.153525 3.291001 0.510830
v -0.146214 3.291001 0.276883
v -0.146214 3.283690 0.510830
v -0.146214 3.283690 0.276883
v -0.146214 3.291001 0.510830
v -0.153525 3.286966 0.295044
v -0.160836 3.294277 0.295044
v -0.153525 3.294277 0.295044
v -0.160836 3.286966 0.295044
v -0.153525 3.286966 0.528991
v -0.160836 3.294277 0.528991
v -0.160836 3.286966 0.528991
v -0.153525 3.294277 0.528991
v -0.153525 3.286966 0.295044
v -0.160836 3.286966 0.528991
v -0.160836 3.286966 0.295044
v -0.153525 3.286966 0.528991
v -0.160836 3.286966 0.295044
v -0.160836 3.294277 0.528991
v -0.160836 3.294277 0.295044
v -0.160836 3.286966 0.528991
v -0.160836 3.294277 0.295044
v -0.153525 3.294277 0.528991
v -0.153525 3.294277 0.295044
v -0.160836 3.294277 0.528991
v -0.153525 3.294277 0.295044
v -0.153525 3.286966 0.528991
v -0.153525 3.286966 0.295044
v -0.153525 3.294277 0.528991
v 0.007313 3.305623 0.323031
v 0.000003 3.312934 0.323031
v 0.007313 3.312934 0.323031
v 0.000003 3.305623 0.323031
v 0.007313 3.305623 0.556977
v 0.000003 3.312934 0.556978
v 0.000003 3.305623 0.556977
v 0.007313 3.312934 0.556978
v 0.007313 3.305623 0.323031
v 0.000003 3.305623 0.556977
v 0.000003 3.305623 0.323031
v 0.007313 3.305623 0.556977
v 0.000003 3.305623 0.323031
v 0.000003 3.312934 0.556978
v 0.000003 3.312934 0.323031
v 0.000003 3.305623 0.556977
v 0.000003 3.312934 0.323031
v 0.007313 3.312934 0.556978
v 0.007313 3.312934 0.323031
v 0.000003 3.312934 0.556978
v 0.007313 3.312934 0.323031
v 0.007313 3.305623 0.556977
v 0.007313 3.305623 0.323031
v 0.007313 3.312934 0.556978
v 0.036557 3.305623 0.337652
v 0.029246 3.312934 0.337652
v 0.036557 3.312934 0.337652
v 0.029246 3.305623 0.337652
v 0.036557 3.305623 0.571599
v 0.029246 3.312934 0.571599
v 0.029246 3.305623 0.571599
v 0.036557 3.312934 0.571599
v 0.036557 3.305623 0.337652
v 0.029246 3.305623 0.571599
v 0.029246 3.305623 0.337652
v 0.036557 3.305623 0.571599
v 0.029246 3.305623 0.337652
v 0.029246 3.312934 0.571599
v 0.029246 3.312934 0.337652
v 0.029246 3.305623 0.571599
v 0.029246 3.312934 0.337652
v 0.036557 3.312934 0.571599
v 0.036557 3.312934 0.337652
v 0.029246 3.312934 0.571599
v 0.036557 3.312934 0.337652
v 0.036557 3.305623 0.571599
v 0.036557 3.305623 0.337652
v 0.036557 3.312934 0.571599
v -0.021930 3.312934 0.337652
v -0.029241 3.320245 0.337652
v -0.021930 3.320245 0.337652
v -0.029241 3.312934 0.337652
v -0.021930 3.312934 0.571599
v -0.029241 3.320245 0.571599
v -0.029241 3.312934 0.571599
v -0.021930 3.320245 0.571599
v -0.021930 3.312934 0.337652
v -0.029241 3.312934 0.571599
v -0.029241 3.312934 0.337652
v -0.021930 3.312934 0.571599
v -0.029241 3.312934 0.337652
v -0.029241 3.320245 0.571599
v -0.029241 3.320245 0.337652
v -0.029241 3.312934 0.571599
v -0.029241 3.320245 0.337652
v -0.021930 3.320245 0.571599
v -0.021930 3.320245 0.337652
v -0.029241 3.320245 0.571599
v -0.021930 3.320245 0.337652
v -0.021930 3.312934 0.571599
v -0.021930 3.312934 0.337652
v -0.021930 3.320245 0.571599
v 0.131598 3.349488 0.452170
v 0.131598 3.239825 0.459481
v 0.131598 3.349488 0.459481
v 0.131598 3.239825 0.452170
v 0.138908 3.349488 0.452170
v 0.138909 3.239825 0.459481
v 0.138908 3.239825 0.452170
v 0.138908 3.349488 0.459481
v 0.131598 3.349488 0.452170
v 0.138908 3.239825 0.452170
v 0.131598 3.239825 0.452170
v 0.138908 3.349488 0.452170
v 0.131598 3.239825 0.452170
v 0.138909 3.239825 0.459481
v 0.131598 3.239825 0.459481
v 0.138908 3.239825 0.452170
v 0.131598 3.239825 0.459481
v 0.138908 3.349488 0.459481
v 0.131598 3.349488 0.459481
v 0.138909 3.239825 0.459481
v 0.131598 3.349488 0.459481
v 0.138908 3.349488 0.452170
v 0.131598 3.349488 0.452170
v 0.138908 3.349488 0.459481
v -0.109660 3.364110 0.452170
v -0.109660 3.254447 0.459481
v -0.109660 3.364110 0.459481
v -0.109660 3.254447 0.452170
v -0.102349 3.364110 0.452170
v -0.102349 3.254447 0.459481
v -0.102349 3.254447 0.452170
v -0.102349 3.364110 0.459481
v -0.109660 3.364110 0.452170
v -0.102349 3.254447 0.452170
v -0.109660 3.254447 0.452170
v -0.102349 3.364110 0.452170
v -0.109660 3.254447 0.452170
v -0.102349 3.254447 0.459481
v -0.109660 3.254447 0.459481
v -0.102349 3.254447 0.452170
v -0.109660 3.254447 0.459481
v -0.102349 3.364110 0.459481
v -0.109660 3.364110 0.459481
v -0.102349 3.254447 0.459481
v -0.109660 3.364110 0.459481
v -0.102349 3.364110 0.452170
v -0.109660 3.364110 0.452170
v -0.102349 3.364110 0.459481
v -0.131593 3.327555 0.437548
v -0.131593 3.217893 0.444859
v -0.131593 3.327555 0.444859
v -0.131593 3.217893 0.437548
v -0.124282 3.327555 0.437548
v -0.124282 3.217893 0.444859
v -0.124282 3.217893 0.437548
v -0.124282 3.327555 0.444859
v -0.131593 3.327555 0.437548
v -0.124282 3.217893 0.437548
v -0.131593 3.217893 0.437548
v -0.124282 3.327555 0.437548
v -0.131593 3.217893 0.437548
v -0.124282 3.217893 0.444859
v -0.131593 3.217893 0.444859
v -0.124282 3.217893 0.437548
v -0.131593 3.217893 0.444859
v -0.124282 3.327555 0.444859
v -0.131593 3.327555 0.444859
v -0.124282 3.217893 0.444859
v -0.131593 3.327555 0.444859
v -0.124282 3.327555 0.437548
v -0.131593 3.327555 0.437548
v -0.124282 3.327555 0.444859
v 0.109665 3.312934 0.437548
v 0.109665 3.203271 0.444859
v 0.109665 3.312934 0.444859
v 0.109665 3.203271 0.437548
v 0.116976 3.312934 0.437548
v 0.116976 3.203271 0.444859
v 0.116976 3.203271 0.437548
v 0.116976 3.312934 0.444859
v 0.109665 3.312934 0.437548
v 0.116976 3.203271 0.437548
v 0.109665 3.203271 0.437548
v 0.116976 3.312934 0.437548
v 0.109665 3.203271 0.437548
v 0.116976 3.203271 0.444859
v 0.109665 3.203271 0.444859
v 0.116976 3.203271 0.437548
v 0.109665 3.203271 0.444859
v 0.116976 3.312934 0.444859
v 0.109665 3.312934 0.444859
v 0.116976 3.203271 0.444859
v 0.109665 3.312934 0.444859
v 0.116976 3.312934 0.437548
v 0.109665 3.312934 0.437548
v 0.116976 3.312934 0.444859
v -0.146214 3.295902 0.423095
v -0.146214 3.282329 0.472300
v -0.146214 3.295902 0.472300
v -0.146214 3.282329 0.423095
v 0.146219 3.295903 0.423095
v 0.146219 3.282329 0.472300
v 0.146219 3.282329 0.423095
v 0.146219 3.295903 0.472300
v -0.146214 3.282329 0.423095
v 0.000000 3.295902 0.423095
v 0.000000 3.282329 0.423095
v -0.146214 3.295902 0.423095
v -0.146214 3.282329 0.472300
v 0.000000 3.282329 0.423095
v 0.000000 3.282329 0.472300
v -0.146214 3.282329 0.423095
v -0.146214 3.295902 0.472300
v 0.000000 3.282329 0.472300
v 0.000000 3.295902 0.472300
v -0.146214 3.282329 0.472300
v -0.146214 3.295902 0.423095
v 0.000000 3.295902 0.472300
v 0.000000 3.295902 0.423095
v -0.146214 3.295902 0.472300
v -0.009436 3.366024 0.386372
v -0.009436 3.256361 0.393683
v -0.009436 3.366024 0.393683
v -0.009436 3.256361 0.386372
v -0.002125 3.366024 0.386372
v -0.002125 3.256361 0.393683
v -0.002125 3.256361 0.386372
v -0.002125 3.366024 0.393683
v -0.009436 3.366024 0.386372
v -0.002125 3.256361 0.386372
v -0.009436 3.256361 0.386372
v -0.002125 3.366024 0.386372
v -0.009436 3.256361 0.386372
v -0.002125 3.256361 0.393683
v -0.009436 3.256361 0.393683
v -0.002125 3.256361 0.386372
v -0.009436 3.256361 0.393683
v -0.002125 3.366024 0.393683
v -0.009436 3.366024 0.393683
v -0.002125 3.256361 0.393683
v -0.009436 3.366024 0.393683
v -0.002125 3.366024 0.386372
v -0.009436 3.366024 0.386372
v -0.002125 3.366024 0.393683
v 0.000003 3.400664 0.400994
v 0.000003 3.291001 0.408305
v 0.000003 3.400664 0.408305
v 0.000003 3.291001 0.400994
v 0.007313 3.400664 0.400994
v 0.007313 3.291001 0.408305
v 0.007313 3.291001 0.400994
v 0.007313 3.400664 0.408305
v 0.000003 3.400664 0.400994
v 0.007313 3.291001 0.400994
v 0.000003 3.291001 0.400994
v 0.007313 3.400664 0.400994
v 0.000003 3.291001 0.400994
v 0.007313 3.291001 0.408305
v 0.000003 3.291001 0.408305
v 0.007313 3.291001 0.400994
v 0.000003 3.291001 0.408305
v 0.007313 3.400664 0.408305
v 0.000003 3.400664 0.408305
v 0.007313 3.291001 0.408305
v 0.000003 3.400664 0.408305
v 0.007313 3.400664 0.400994
v 0.000003 3.400664 0.400994
v 0.007313 3.400664 0.408305
v -0.146214 3.295902 0.328055
v -0.146214 3.282329 0.377259
v -0.146214 3.295902 0.377259
v -0.146214 3.282329 0.328055
v 0.146219 3.295903 0.328054
v 0.146219 3.282329 0.377259
v 0.146219 3.282329 0.328054
v 0.146219 3.295903 0.377259
v -0.146214 3.282329 0.328055
v 0.000000 3.295902 0.328055
v 0.000000 3.282329 0.328055
v -0.146214 3.295902 0.328055
v -0.146214 3.282329 0.377259
v 0.000000 3.282329 0.328055
v 0.000000 3.282329 0.377259
v -0.146214 3.282329 0.328055
v -0.146214 3.295902 0.377259
v 0.000000 3.282329 0.377259
v 0.000000 3.295902 0.377259
v -0.146214 3.282329 0.377259
v -0.146214 3.295902 0.328055
v 0.000000 3.295902 0.377259
v 0.000000 3.295902 0.328055
v -0.146214 3.295902 0.377259
v 0.000000 3.273981 0.108452
v -0.066416 3.278264 0.129962
v 0.000000 3.278264 0.129962
v -0.088348 3.273981 0.108452
v 0.088353 3.273981 0.108452
v 0.066421 3.291941 0.270532
v 0.088353 3.296224 0.292042
v 0.066421 3.278264 0.129962
v 0.000000 3.296224 0.292042
v 0.000000 3.291941 0.270532
v -0.088348 3.296224 0.292042
v -0.066416 3.278264 0.129962
v -0.088348 3.273981 0.108452
v -0.066416 3.291941 0.270532
v 0.000000 3.278264 0.129962
v -0.066416 3.308324 0.129743
v 0.000000 3.308324 0.129743
v -0.066416 3.278264 0.129962
v 0.066421 3.278264 0.129962
v 0.066421 3.308272 0.270312
v 0.066421 3.291941 0.270532
v 0.066421 3.308324 0.129743
v 0.000000 3.291941 0.270532
v 0.066421 3.308272 0.270312
v 0.000000 3.308272 0.270312
v 0.066421 3.291941 0.270532
v -0.066416 3.291941 0.270532
v -0.066416 3.308324 0.129743
v -0.066416 3.278264 0.129962
v -0.066416 3.308272 0.270312
v -0.168147 3.213967 0.130494
v -0.305786 3.180572 0.525280
v -0.168147 3.180572 0.525280
v -0.316705 3.213967 0.130494
v 0.305791 3.180572 0.525280
v 0.168152 3.213967 0.130494
v 0.168152 3.180572 0.525280
v 0.316710 3.213967 0.130494
v -0.146214 3.158638 0.547211
v -0.305786 3.180572 0.525280
v -0.327121 3.158638 0.547211
v -0.168147 3.180572 0.525280
v -0.327121 3.158638 0.547211
v -0.316705 3.213967 0.130494
v -0.339253 3.192035 0.108561
v -0.305786 3.180572 0.525280
v -0.339253 3.192035 0.108561
v -0.168147 3.213967 0.130494
v -0.146214 3.192035 0.108561
v -0.316705 3.213967 0.130494
v -0.146214 3.192035 0.108561
v -0.168147 3.180572 0.525280
v -0.146214 3.158638 0.547211
v -0.168147 3.213967 0.130494
v 0.339258 3.192035 0.108560
v 0.305791 3.180572 0.525280
v 0.327126 3.158638 0.547211
v 0.316710 3.213967 0.130494
v 0.327126 3.158638 0.547211
v 0.168152 3.180572 0.525280
v 0.146219 3.158638 0.547211
v 0.305791 3.180572 0.525280
v 0.146219 3.158638 0.547211
v 0.168152 3.213967 0.130494
v 0.146219 3.192035 0.108561
v 0.168152 3.180572 0.525280
v 0.146219 3.192035 0.108561
v 0.316710 3.213967 0.130494
v 0.339258 3.192035 0.108560
v 0.168152 3.213967 0.130494
v 0.094505 2.497099 0.232845
v 0.000003 2.427564 0.232845
v 0.000003 2.497988 0.232845
v 0.094505 2.427108 0.232845
v 0.000000 2.427564 0.232845
v -0.094500 2.497099 0.232845
v 0.000000 2.497988 0.232845
v -0.094500 2.427108 0.232845
v 0.094505 2.427108 0.232845
v 0.000003 2.427564 0.232845
v 0.094505 2.427108 -0.059589
v 0.094505 2.497099 0.232845
v 0.094505 2.497099 -0.059589
v 0.094505 2.427108 0.232845
v 0.000003 2.497988 0.232845
v 0.094505 2.497099 0.232845
v 0.000000 2.497988 -0.059589
v 0.000003 2.497988 0.232845
v 0.000000 2.497988 0.232845
v 0.000002 2.497988 -0.059589
v -0.094500 2.497099 -0.059589
v -0.094500 2.427108 0.232845
v -0.094500 2.427108 -0.059589
v -0.094500 2.497099 0.232845
v -0.094500 2.427108 0.232845
v 0.000000 2.427564 0.232845
v -0.302122 2.759401 1.205150
v -0.252017 2.626451 0.912753
v -0.245978 2.625997 1.205150
v -0.317549 2.832509 1.205150
v 0.332983 2.905617 1.205150
v -0.158021 2.805387 -2.011583
v -0.207517 2.805387 -1.865366
v -0.207517 2.805387 -2.011583
v -0.158021 2.805387 -1.865366
v -0.219323 2.828698 -2.011583
v -0.207517 2.805387 -1.865366
v -0.219323 2.828698 -1.865366
v -0.207517 2.805387 -2.011583
v -0.207517 3.265970 -2.011583
v -0.158021 3.265970 -1.865366
v -0.158021 3.265970 -2.011583
v -0.207517 3.265970 -1.865366
v -0.146215 3.242658 -2.011583
v -0.158021 3.265970 -1.865366
v -0.146215 3.242658 -1.865366
v -0.158021 3.265970 -2.011583
v -0.219323 3.242658 -2.011583
v -0.219323 3.242658 -1.865366
v -0.158021 2.805387 -2.011583
v -0.146215 2.828698 -1.865366
v -0.158021 2.805387 -1.865366
v -0.146215 2.828698 -2.011583
v -0.207517 3.265970 -2.011583
v -0.207517 3.265970 -1.865366
v -0.153526 2.830444 -2.048137
v -0.162513 2.812698 -2.048137
v -0.153526 3.240912 -2.048137
v -0.162513 3.258659 -2.048137
v -0.203025 3.258659 -2.048137
v -0.162513 3.258659 -2.048137
v -0.212013 3.240913 -2.048137
v -0.203025 3.258659 -2.048137
v -0.212013 2.830444 -2.048137
v -0.203025 2.812698 -2.048137
v -0.162513 2.812698 -2.048137
v -0.203025 2.812698 -2.048137
v -0.162513 2.812698 -2.048137
v -0.160837 2.832190 -2.048137
v -0.153526 2.830444 -2.048137
v -0.167006 2.820009 -2.048137
v -0.153526 2.830444 -2.048137
v -0.160837 3.239167 -2.048137
v -0.153526 3.240912 -2.048137
v -0.160837 2.832190 -2.048137
v -0.153526 3.240912 -2.048137
v -0.167006 3.251348 -2.048137
v -0.162513 3.258659 -2.048137
v -0.160837 3.239167 -2.048137
v -0.162513 3.258659 -2.048137
v -0.198533 3.251348 -2.048137
v -0.203025 3.258659 -2.048137
v -0.167006 3.251348 -2.048137
v -0.204702 3.239167 -2.048137
v -0.212013 3.240913 -2.048137
v -0.212013 3.240913 -2.048137
v -0.204702 2.832190 -2.048137
v -0.212013 2.830444 -2.048137
v -0.204702 3.239167 -2.048137
v -0.212013 2.830444 -2.048137
v -0.198533 2.820009 -2.048137
v -0.203025 2.812698 -2.048137
v -0.204702 2.832190 -2.048137
v -0.167006 2.820009 -2.048137
v -0.162513 2.812698 -2.048137
v -0.167006 2.820009 -2.048137
v -0.160837 2.832190 -2.033515
v -0.160837 2.832190 -2.048137
v -0.167006 2.820009 -2.033515
v -0.160837 3.239167 -2.033515
v -0.160837 3.239167 -2.048137
v -0.167006 3.251348 -2.033515
v -0.167006 3.251348 -2.048137
v -0.167006 3.251348 -2.048137
v -0.198533 3.251348 -2.033515
v -0.198533 3.251348 -2.048137
v -0.167006 3.251348 -2.033515
v -0.198533 3.251348 -2.048137
v -0.204702 3.239167 -2.033515
v -0.204702 3.239167 -2.048137
v -0.198533 3.251348 -2.033515
v -0.204702 2.832190 -2.033515
v -0.204702 2.832190 -2.048137
v -0.198533 2.820009 -2.033515
v -0.198533 2.820009 -2.048137
v -0.198533 2.820009 -2.048137
v -0.167006 2.820009 -2.033515
v -0.167006 2.820009 -2.048137
v -0.198533 2.820009 -2.033515
v -0.084913 2.586062 -2.011583
v -0.134409 2.586062 -1.865366
v -0.134409 2.586062 -2.011583
v -0.084913 2.586062 -1.865366
v -0.146215 2.609373 -2.011583
v -0.134409 2.586062 -1.865366
v -0.146215 2.609373 -1.865366
v -0.134409 2.586062 -2.011583
v -0.134409 3.339078 -2.011583
v -0.084913 3.339078 -1.865366
v -0.084913 3.339078 -2.011583
v -0.134409 3.339078 -1.865366
v -0.073107 3.315767 -2.011583
v -0.084913 3.339078 -1.865366
v -0.073107 3.315767 -1.865366
v -0.084913 3.339078 -2.011583
v -0.146215 3.315767 -2.011583
v -0.146215 3.315767 -1.865366
v -0.084913 2.586062 -2.011583
v -0.073107 2.609373 -1.865366
v -0.084913 2.586062 -1.865366
v -0.073107 2.609373 -2.011583
v -0.134409 3.339078 -2.011583
v -0.134409 3.339078 -1.865366
v -0.080417 2.611119 -2.048137
v -0.089405 2.593373 -2.048137
v -0.080417 3.314021 -2.048137
v -0.089405 3.331767 -2.048137
v -0.129917 3.331767 -2.048137
v -0.089405 3.331767 -2.048137
v -0.138904 3.314021 -2.048137
v -0.129917 3.331767 -2.048137
v -0.138904 2.611119 -2.048137
v -0.129917 2.593373 -2.048137
v -0.089405 2.593373 -2.048137
v -0.129917 2.593373 -2.048137
v -0.089405 2.593373 -2.048137
v -0.087728 2.612864 -2.048137
v -0.080417 2.611119 -2.048137
v -0.093897 2.600683 -2.048137
v -0.080417 2.611119 -2.048137
v -0.087728 3.312275 -2.048137
v -0.080417 3.314021 -2.048137
v -0.087728 2.612864 -2.048137
v -0.080417 3.314021 -2.048137
v -0.093897 3.324456 -2.048137
v -0.089405 3.331767 -2.048137
v -0.087728 3.312275 -2.048137
v -0.089405 3.331767 -2.048137
v -0.125424 3.324456 -2.048137
v -0.129917 3.331767 -2.048137
v -0.093897 3.324456 -2.048137
v -0.131593 3.312275 -2.048137
v -0.138904 3.314021 -2.048137
v -0.138904 3.314021 -2.048137
v -0.131593 2.612864 -2.048137
v -0.138904 2.611119 -2.048137
v -0.131593 3.312275 -2.048137
v -0.138904 2.611119 -2.048137
v -0.125424 2.600683 -2.048137
v -0.129917 2.593373 -2.048137
v -0.131593 2.612864 -2.048137
v -0.093897 2.600683 -2.048137
v -0.089405 2.593373 -2.048137
v -0.093897 2.600683 -2.048137
v -0.087728 2.612864 -2.033515
v -0.087728 2.612864 -2.048137
v -0.093897 2.600683 -2.033515
v -0.087728 3.312275 -2.033515
v -0.087728 3.312275 -2.048137
v -0.093897 3.324456 -2.033515
v -0.093897 3.324456 -2.048137
v -0.093897 3.324456 -2.048137
v -0.125424 3.324456 -2.033515
v -0.125424 3.324456 -2.048137
v -0.093897 3.324456 -2.033515
v -0.125424 3.324456 -2.048137
v -0.131593 3.312275 -2.033515
v -0.131593 3.312275 -2.048137
v -0.125424 3.324456 -2.033515
v -0.131593 2.612865 -2.033515
v -0.131593 2.612864 -2.048137
v -0.125424 2.600683 -2.033515
v -0.125424 2.600683 -2.048137
v -0.125424 2.600683 -2.048137
v -0.093897 2.600683 -2.033515
v -0.093897 2.600683 -2.048137
v -0.125424 2.600683 -2.033515
v -0.011804 2.586062 -2.011583
v -0.061301 2.586062 -1.865366
v -0.061301 2.586062 -2.011583
v -0.011804 2.586062 -1.865366
v -0.073107 2.609373 -2.011583
v -0.061301 2.586062 -1.865366
v -0.073107 2.609373 -1.865366
v -0.061301 2.586062 -2.011583
v -0.061301 3.339078 -2.011583
v -0.011804 3.339078 -1.865366
v -0.011804 3.339078 -2.011583
v -0.061301 3.339078 -1.865366
v -0.000000 3.315771 -2.011583
v -0.011804 3.339078 -1.865366
v -0.000000 3.315771 -1.865366
v -0.011804 3.339078 -2.011583
v -0.073107 3.315767 -2.011583
v -0.073107 3.315767 -1.865366
v -0.000000 2.609369 -2.011583
v 0.000002 2.609373 -1.865366
v -0.000000 2.609369 -1.865366
v 0.000002 2.609373 -2.011583
v 0.000002 3.315767 -1.865366
v 0.000002 3.315767 -2.011583
v -0.061301 3.339078 -2.011583
v -0.061301 3.339078 -1.865366
v -0.007309 2.611119 -2.048137
v -0.000000 2.609374 -2.011594
v -0.011804 2.586062 -2.011583
v -0.016297 2.593373 -2.048137
v -0.000000 3.315766 -2.011593
v -0.056808 3.331767 -2.048137
v -0.016297 3.331767 -2.048137
v -0.065796 3.314021 -2.048137
v -0.056808 3.331767 -2.048137
v -0.065796 2.611119 -2.048137
v -0.056808 2.593373 -2.048137
v -0.016297 2.593373 -2.048137
v -0.056808 2.593373 -2.048137
v -0.016297 2.593373 -2.048137
v -0.014620 2.612865 -2.048137
v -0.007309 2.611119 -2.048137
v -0.020789 2.600683 -2.048137
v -0.007309 2.611119 -2.048137
v -0.014620 3.312275 -2.048137
v -0.007309 3.314021 -2.048137
v -0.014620 2.612865 -2.048137
v -0.007309 3.314021 -2.048137
v -0.020789 3.324456 -2.048137
v -0.016297 3.331767 -2.048137
v -0.014620 3.312275 -2.048137
v -0.016297 3.331767 -2.048137
v -0.052316 3.324456 -2.048137
v -0.056808 3.331767 -2.048137
v -0.020789 3.324456 -2.048137
v -0.058485 3.312275 -2.048137
v -0.065796 3.314021 -2.048137
v -0.065796 3.314021 -2.048137
v -0.058485 2.612865 -2.048137
v -0.065796 2.611119 -2.048137
v -0.058485 3.312275 -2.048137
v -0.065796 2.611119 -2.048137
v -0.052316 2.600683 -2.048137
v -0.056808 2.593373 -2.048137
v -0.058485 2.612865 -2.048137
v -0.020789 2.600683 -2.048137
v -0.016297 2.593373 -2.048137
v -0.020789 2.600683 -2.048137
v -0.014620 2.612864 -2.033515
v -0.014620 2.612865 -2.048137
v -0.020789 2.600683 -2.033515
v -0.014620 3.312275 -2.033515
v -0.014620 3.312275 -2.048137
v -0.020789 3.324456 -2.033515
v -0.020789 3.324456 -2.048137
v -0.020789 3.324456 -2.048137
v -0.052316 3.324456 -2.033515
v -0.052316 3.324456 -2.048137
v -0.020789 3.324456 -2.033515
v -0.052316 3.324456 -2.048137
v -0.058485 3.312275 -2.033515
v -0.058485 3.312275 -2.048137
v -0.052316 3.324456 -2.033515
v -0.058485 2.612864 -2.033515
v -0.058485 2.612865 -2.048137
v -0.052316 2.600683 -2.033515
v -0.052316 2.600683 -2.048137
v -0.052316 2.600683 -2.048137
v -0.020789 2.600683 -2.033515
v -0.020789 2.600683 -2.048137
v -0.052316 2.600683 -2.033515
v 0.061304 2.586062 -2.011583
v 0.011808 2.586062 -1.865366
v 0.011808 2.586062 -2.011583
v 0.061304 2.586062 -1.865366
v 0.000002 2.609373 -2.011583
v 0.011808 2.586062 -1.865366
v 0.000002 2.609373 -1.865366
v 0.011808 2.586062 -2.011583
v 0.011808 3.339078 -2.011583
v 0.061304 3.339078 -1.865366
v 0.061304 3.339078 -2.011583
v 0.011808 3.339078 -1.865366
v 0.073110 3.315767 -2.011583
v 0.061304 3.339078 -1.865366
v 0.073110 3.315767 -1.865366
v 0.061304 3.339078 -2.011583
v 0.000002 3.315767 -2.011583
v 0.000002 3.315767 -1.865366
v 0.061304 2.586062 -2.011583
v 0.073110 2.609373 -1.865366
v 0.061304 2.586062 -1.865366
v 0.073110 2.609373 -2.011583
v 0.011808 3.339078 -2.011583
v 0.011808 3.339078 -1.865366
v 0.065799 2.611119 -2.048137
v 0.056812 2.593373 -2.048137
v 0.065799 3.314021 -2.048137
v 0.056812 3.331767 -2.048137
v 0.016300 3.331767 -2.048137
v 0.056812 3.331767 -2.048137
v 0.007313 3.314021 -2.048137
v 0.016300 3.331767 -2.048137
v 0.007313 2.611119 -2.048137
v 0.016300 2.593373 -2.048137
v 0.056812 2.593373 -2.048137
v 0.016300 2.593373 -2.048137
v 0.056812 2.593373 -2.048137
v 0.058488 2.612865 -2.048137
v 0.065799 2.611119 -2.048137
v 0.052319 2.600683 -2.048137
v 0.065799 2.611119 -2.048137
v 0.058488 3.312275 -2.048137
v 0.065799 3.314021 -2.048137
v 0.058488 2.612865 -2.048137
v 0.065799 3.314021 -2.048137
v 0.052319 3.324456 -2.048137
v 0.056812 3.331767 -2.048137
v 0.058488 3.312275 -2.048137
v 0.020793 3.324456 -2.048137
v 0.016300 3.331767 -2.048137
v 0.016300 3.331767 -2.048137
v 0.014623 3.312275 -2.048137
v 0.007313 3.314021 -2.048137
v 0.020793 3.324456 -2.048137
v 0.007313 3.314021 -2.048137
v 0.014623 2.612865 -2.048137
v 0.007313 2.611119 -2.048137
v 0.014623 3.312275 -2.048137
v 0.007313 2.611119 -2.048137
v 0.020793 2.600683 -2.048137
v 0.016300 2.593373 -2.048137
v 0.014623 2.612865 -2.048137
v 0.016300 2.593373 -2.048137
v 0.020793 2.600683 -2.048137
v 0.052319 2.600683 -2.048137
v 0.058488 2.612865 -2.033515
v 0.058488 2.612865 -2.048137
v 0.052319 2.600683 -2.033515
v 0.058488 3.312275 -2.033515
v 0.058488 3.312275 -2.048137
v 0.052319 3.324456 -2.033515
v 0.052319 3.324456 -2.048137
v 0.052319 3.324456 -2.048137
v 0.020793 3.324456 -2.033515
v 0.020793 3.324456 -2.048137
v 0.052319 3.324456 -2.033515
v 0.020793 3.324456 -2.048137
v 0.014623 3.312275 -2.033515
v 0.014623 3.312275 -2.048137
v 0.020793 3.324456 -2.033515
v 0.014623 2.612865 -2.033515
v 0.014623 2.612865 -2.048137
v 0.020793 2.600683 -2.033515
v 0.020793 2.600683 -2.048137
v 0.020793 2.600683 -2.048137
v 0.052319 2.600683 -2.033515
v 0.052319 2.600683 -2.048137
v 0.020793 2.600683 -2.033515
v 0.134413 2.586062 -2.011583
v 0.084916 2.586062 -1.865366
v 0.084916 2.586062 -2.011583
v 0.134413 2.586062 -1.865366
v 0.073110 2.609373 -2.011583
v 0.084916 2.586062 -1.865366
v 0.073110 2.609373 -1.865366
v 0.084916 2.586062 -2.011583
v 0.084916 3.339078 -2.011583
v 0.134413 3.339078 -1.865366
v 0.134413 3.339078 -2.011583
v 0.084916 3.339078 -1.865366
v 0.146219 3.315767 -2.011583
v 0.134413 3.339078 -1.865366
v 0.146219 3.315767 -1.865366
v 0.134413 3.339078 -2.011583
v 0.073110 3.315767 -2.011583
v 0.073110 3.315767 -1.865366
v 0.134413 2.586062 -2.011583
v 0.146219 2.609373 -1.865366
v 0.134413 2.586062 -1.865366
v 0.146219 2.609373 -2.011583
v 0.084916 3.339078 -2.011583
v 0.084916 3.339078 -1.865366
v 0.138908 2.611119 -2.048137
v 0.129920 2.593373 -2.048137
v 0.138908 3.314021 -2.048137
v 0.129920 3.331767 -2.048137
v 0.089409 3.331767 -2.048137
v 0.129920 3.331767 -2.048137
v 0.080421 3.314021 -2.048137
v 0.089409 3.331767 -2.048137
v 0.080421 2.611119 -2.048137
v 0.089409 2.593373 -2.048137
v 0.129920 2.593373 -2.048137
v 0.089409 2.593373 -2.048137
v 0.129920 2.593373 -2.048137
v 0.131597 2.612864 -2.048137
v 0.138908 2.611119 -2.048137
v 0.125428 2.600683 -2.048137
v 0.138908 2.611119 -2.048137
v 0.131597 3.312275 -2.048137
v 0.138908 3.314021 -2.048137
v 0.131597 2.612864 -2.048137
v 0.138908 3.314021 -2.048137
v 0.125428 3.324456 -2.048137
v 0.129920 3.331767 -2.048137
v 0.131597 3.312275 -2.048137
v 0.093901 3.324456 -2.048137
v 0.089409 3.331767 -2.048137
v 0.089409 3.331767 -2.048137
v 0.087732 3.312275 -2.048137
v 0.080421 3.314021 -2.048137
v 0.093901 3.324456 -2.048137
v 0.080421 3.314021 -2.048137
v 0.087732 2.612864 -2.048137
v 0.080421 2.611119 -2.048137
v 0.087732 3.312275 -2.048137
v 0.080421 2.611119 -2.048137
v 0.093901 2.600683 -2.048137
v 0.089409 2.593373 -2.048137
v 0.087732 2.612864 -2.048137
v 0.089409 2.593373 -2.048137
v 0.093901 2.600683 -2.048137
v 0.125428 2.600683 -2.048137
v 0.131597 2.612864 -2.033515
v 0.131597 2.612864 -2.048137
v 0.125428 2.600683 -2.033515
v 0.131597 3.312275 -2.033515
v 0.131597 3.312275 -2.048137
v 0.125428 3.324456 -2.033515
v 0.125428 3.324456 -2.048137
v 0.125428 3.324456 -2.048137
v 0.093901 3.324456 -2.033515
v 0.093901 3.324456 -2.048137
v 0.125428 3.324456 -2.033515
v 0.093901 3.324456 -2.048137
v 0.087732 3.312275 -2.033515
v 0.087732 3.312275 -2.048137
v 0.093901 3.324456 -2.033515
v 0.087732 2.612864 -2.033515
v 0.087732 2.612864 -2.048137
v 0.093901 2.600683 -2.033515
v 0.093901 2.600683 -2.048137
v 0.093901 2.600683 -2.048137
v 0.125428 2.600683 -2.033515
v 0.125428 2.600683 -2.048137
v 0.093901 2.600683 -2.033515
v 0.207521 2.805387 -2.011583
v 0.158025 2.805387 -1.865366
v 0.158025 2.805387 -2.011583
v 0.207521 2.805387 -1.865366
v 0.146219 2.828698 -2.011583
v 0.158025 2.805387 -1.865366
v 0.146219 2.828698 -1.865366
v 0.158025 2.805387 -2.011583
v 0.158025 3.265970 -2.011583
v 0.207521 3.265970 -1.865366
v 0.207521 3.265970 -2.011583
v 0.158025 3.265970 -1.865366
v 0.219327 3.242658 -2.011583
v 0.207521 3.265970 -1.865366
v 0.219327 3.242658 -1.865366
v 0.207521 3.265970 -2.011583
v 0.146219 3.242658 -2.011583
v 0.146219 3.242658 -1.865366
v 0.207521 2.805387 -2.011583
v 0.219327 2.828698 -1.865366
v 0.207521 2.805387 -1.865366
v 0.219327 2.828698 -2.011583
v 0.158025 3.265970 -2.011583
v 0.158025 3.265970 -1.865366
v 0.212016 2.830444 -2.048137
v 0.203028 2.812698 -2.048137
v 0.212016 3.240912 -2.048137
v 0.203028 3.258659 -2.048137
v 0.162517 3.258659 -2.048137
v 0.203028 3.258659 -2.048137
v 0.153529 3.240913 -2.048137
v 0.162517 3.258659 -2.048137
v 0.153529 2.830444 -2.048137
v 0.162517 2.812698 -2.048137
v 0.203028 2.812698 -2.048137
v 0.162517 2.812698 -2.048137
v 0.203028 2.812698 -2.048137
v 0.204705 2.832190 -2.048137
v 0.212016 2.830444 -2.048137
v 0.198536 2.820009 -2.048137
v 0.212016 2.830444 -2.048137
v 0.204705 3.239167 -2.048137
v 0.212016 3.240912 -2.048137
v 0.204705 2.832190 -2.048137
v 0.212016 3.240912 -2.048137
v 0.198536 3.251348 -2.048137
v 0.203028 3.258659 -2.048137
v 0.204705 3.239167 -2.048137
v 0.167009 3.251348 -2.048137
v 0.162517 3.258659 -2.048137
v 0.162517 3.258659 -2.048137
v 0.160840 3.239167 -2.048137
v 0.153529 3.240913 -2.048137
v 0.167009 3.251348 -2.048137
v 0.153529 3.240913 -2.048137
v 0.160840 2.832190 -2.048137
v 0.153529 2.830444 -2.048137
v 0.160840 3.239167 -2.048137
v 0.153529 2.830444 -2.048137
v 0.167009 2.820009 -2.048137
v 0.162517 2.812698 -2.048137
v 0.160840 2.832190 -2.048137
v 0.162517 2.812698 -2.048137
v 0.167009 2.820009 -2.048137
v 0.198536 2.820009 -2.048137
v 0.204705 2.832190 -2.033515
v 0.204705 2.832190 -2.048137
v 0.198536 2.820009 -2.033515
v 0.204705 3.239167 -2.033515
v 0.204705 3.239167 -2.048137
v 0.198536 3.251348 -2.033515
v 0.198536 3.251348 -2.048137
v 0.198536 3.251348 -2.048137
v 0.167009 3.251348 -2.033515
v 0.167009 3.251348 -2.048137
v 0.198536 3.251348 -2.033515
v 0.167009 3.251348 -2.048137
v 0.160840 3.239167 -2.033515
v 0.160840 3.239167 -2.048137
v 0.167009 3.251348 -2.033515
v 0.160840 2.832190 -2.033515
v 0.160840 2.832190 -2.048137
v 0.167009 2.820009 -2.033515
v 0.167009 2.820009 -2.048137
v 0.167009 2.820009 -2.048137
v 0.198536 2.820009 -2.033515
v 0.198536 2.820009 -2.048137
v 0.167009 2.820009 -2.033515
v 0.118287 2.549507 1.205186
v 0.000000 2.549507 0.547211
v 0.178911 2.549507 0.547211
v 0.000001 2.549507 1.205186
v -0.000000 2.549507 -0.841849
v 0.254628 2.622616 -0.841849
v 0.180550 2.549507 -0.841849
v 0.365544 3.192092 -0.841849
v 0.365544 2.988158 -0.841849
v 0.146219 3.192091 -0.841849
v -0.000000 3.192091 -0.841849
v 0.000001 2.677588 2.311363
v 0.063410 2.615052 2.294786
v 0.112004 2.677588 2.311363
v 0.000001 2.615052 2.294786
v 0.000001 2.982818 2.388355
v 0.168862 2.915629 2.370352
v 0.182774 2.982818 2.388355
v 0.168862 2.915629 2.370352
v 0.112004 2.677588 2.311363
v 0.153725 2.842520 2.350763
v 0.000001 2.982818 2.388355
v -0.182768 3.084003 2.386812
v -0.182768 2.982818 2.388355
v -0.146214 3.084003 2.386812
v 0.000001 3.084003 2.386812
v 0.000001 2.542197 2.254225
v 0.065644 2.542197 2.133663
v 0.060712 2.542197 2.254225
v 0.043868 2.542197 2.133663
v 0.000001 2.542197 2.133663
v 0.000001 2.542197 1.826608
v 0.076064 2.542197 1.826608
v 0.081671 2.586062 2.291849
v 0.000001 2.564129 2.276157
v 0.081671 2.564129 2.276157
v 0.000001 2.586062 2.291849
v -0.097962 2.586061 1.804675
v 0.000001 2.564129 1.804675
v -0.097962 2.564129 1.804675
v 0.000001 2.586062 1.804675
v 0.060712 2.542197 2.254225
v 0.000001 2.542197 2.254225
v 0.000001 2.564129 1.804675
v -0.076058 2.542197 1.826607
v -0.097962 2.564129 1.804675
v 0.000001 2.542197 1.826608
v 0.070759 2.615305 1.775432
v 0.089828 2.597869 1.496598
v 0.089106 2.578751 1.234430
v 0.000001 2.549507 1.205186
v 0.000001 2.549507 1.234430
v 0.000001 2.586062 1.804675
v 0.070759 2.586062 1.775432
v 0.097968 2.586062 1.804675
v 0.000001 2.586061 1.775432
v -0.089101 2.549507 1.234430
v 0.000001 2.578751 1.234430
v -0.089101 2.578751 1.234430
v 0.000001 2.549507 1.234430
v 0.070759 2.586062 1.775432
v 0.000001 2.615305 1.775432
v 0.070759 2.615305 1.775432
v 0.000001 2.586061 1.775432
v -0.088348 3.263882 0.108561
v 0.000000 3.263881 0.108561
v -0.000000 3.214010 -0.841075
v 0.146219 3.214010 -0.841075
v -0.146214 3.089579 2.392927
v 0.000001 3.111498 2.393700
v -0.146214 3.111498 2.393700
v 0.000001 3.089579 2.392927
v -0.000000 3.214010 -0.841075
v 0.124286 3.249769 -0.817868
v 0.146219 3.214010 -0.841075
v -0.000000 3.249769 -0.817868
v 0.000001 3.111498 2.393700
v -0.124281 3.148802 2.373070
v -0.146214 3.111498 2.393700
v -0.029240 3.148802 2.373070
v 0.000001 3.148802 2.373070
v 0.000000 3.231768 0.532565
v 0.124287 3.217161 0.547211
v 0.124284 3.231768 0.532565
v 0.029246 3.217161 0.547211
v 0.000000 3.217161 0.547211
v -0.000000 3.261177 -0.803265
v -0.000000 3.249769 -0.817868
v 0.000001 3.194224 1.500197
v 0.021935 3.191718 1.571244
v 0.021935 3.194224 1.500197
v 0.021936 3.186560 1.717460
v 0.021936 3.183981 1.790569
v 0.021936 3.178823 1.936786
v 0.021936 3.176244 2.009894
v 0.021936 3.171087 2.156111
v 0.021936 3.163673 2.366279
v 0.000001 3.163673 2.366279
v 0.021935 3.207119 1.207764
v 0.021935 3.194224 1.500197
v 0.021935 3.231516 0.555033
v 0.000000 3.217161 0.547211
v 0.021935 3.231516 0.555033
v 0.029246 3.217161 0.547211
v 0.000000 3.231516 0.555033
v -0.021929 3.163673 2.366279
v 0.000001 3.163673 2.366279
v 0.000001 2.586062 2.291849
v -0.070708 2.601896 2.326212
v -0.081665 2.586061 2.291849
v 0.000001 2.601896 2.326212
v 0.000001 3.074129 2.421816
v 0.000001 3.089579 2.392927
v 0.000001 2.601896 2.326212
v -0.063404 2.616030 2.329957
v -0.070708 2.601896 2.326212
v 0.000001 2.616030 2.329957
v 0.146220 3.074129 2.421816
v 0.000001 3.084981 2.421982
v 0.146220 3.084981 2.421982
v 0.000001 3.074129 2.421816
v -0.063404 2.616030 2.329957
v 0.000001 2.615052 2.294786
v -0.063404 2.615052 2.294786
v 0.000001 2.616030 2.329957
v 0.146220 3.084981 2.421982
v 0.000001 3.084003 2.386812
v 0.146220 3.084003 2.386812
v 0.000001 3.084981 2.421982
v 0.000001 2.542197 2.024000
v 0.000001 2.542197 2.060555
v 0.000001 2.542197 2.097109
v -0.036551 2.527575 2.031311
v 0.000001 2.527575 2.053244
v -0.036551 2.527575 2.053244
v 0.000001 2.527575 2.031311
v -0.036551 2.527575 2.104419
v 0.000001 2.527575 2.126352
v -0.036551 2.527575 2.126352
v 0.000001 2.527575 2.104419
v 0.000001 2.542197 2.060555
v 0.036557 2.527575 2.053244
v 0.043868 2.542197 2.060555
v 0.000001 2.527575 2.053244
v 0.000001 2.542197 2.024000
v -0.036551 2.527575 2.031311
v -0.043862 2.542197 2.024000
v 0.000001 2.527575 2.031311
v 0.000001 2.542197 2.133663
v 0.036557 2.527575 2.126352
v 0.043868 2.542197 2.133663
v 0.000001 2.527575 2.126352
v 0.000001 2.542197 2.097109
v -0.036551 2.527575 2.104419
v -0.043862 2.542197 2.097109
v 0.000001 2.527575 2.104419
v 0.026598 2.565610 2.220017
v 0.000001 2.604800 2.220017
v 0.026598 2.604800 2.220017
v 0.000001 2.565610 2.220017
v 0.020423 2.565610 2.332431
v 0.026598 2.565610 2.220017
v 0.020423 2.604800 2.332431
v 0.000001 2.565610 2.332431
v 0.020423 2.565610 2.332431
v 0.000001 2.604800 2.332431
v 0.050898 2.602165 2.256572
v 0.000001 2.619422 2.256572
v 0.050898 2.619422 2.256572
v 0.000001 2.602165 2.256572
v 0.039081 2.602165 2.354363
v 0.050898 2.602165 2.256572
v 0.039081 2.619422 2.354363
v 0.000001 2.602165 2.354363
v 0.039081 2.602165 2.354363
v 0.000001 2.619422 2.354363
v 0.064685 2.615305 2.243325
v 0.000001 2.637237 2.243325
v 0.064685 2.637237 2.243325
v 0.000001 2.615305 2.243325
v 0.049667 2.615305 2.367610
v 0.064685 2.615305 2.243325
v 0.049667 2.637237 2.367610
v 0.000001 2.615305 2.367610
v 0.049667 2.615305 2.367610
v 0.000001 2.637237 2.367610
v -0.018238 2.635815 2.394840
v 0.000001 2.658155 2.394747
v -0.018238 2.658155 2.394747
v 0.000001 2.635815 2.394840
v -0.018537 2.658490 2.402705
v 0.000001 2.689245 2.416005
v -0.022269 2.689245 2.416005
v 0.000001 2.658490 2.402705
v -0.036878 2.942271 2.518794
v 0.000001 2.981429 2.518794
v -0.036878 2.981429 2.518794
v 0.000001 2.942271 2.518794
v 0.036884 3.058996 2.512160
v 0.000001 3.024712 2.512160
v 0.036884 3.024712 2.512160
v 0.000001 3.058996 2.512160
v 0.034157 3.017401 2.496882
v 0.000001 2.995469 2.496882
v 0.034157 2.995469 2.496882
v 0.000001 3.017401 2.496882
v -0.036878 2.988158 2.512160
v 0.000001 2.995469 2.512160
v -0.036878 2.995469 2.512160
v 0.000001 2.988158 2.512160
v 0.000001 3.017401 2.512160
v 0.036884 3.017401 2.512160
v 0.000001 2.995469 2.512160
v -0.034151 2.995469 2.496882
v -0.036878 2.995469 2.512160
v 0.000001 2.995469 2.496882
v 0.000001 3.017401 2.512160
v 0.034157 3.017401 2.496882
v 0.036884 3.017401 2.512160
v 0.000001 3.017401 2.496882
v 0.000001 3.058996 2.512160
v -0.030984 3.088239 2.490228
v -0.036878 3.058996 2.512160
v 0.000001 3.088239 2.490228
v -0.030984 3.088239 2.490228
v -0.125461 3.088239 2.426237
v -0.086821 3.088239 2.467390
v 0.000001 3.088239 2.374921
v -0.139251 3.088239 2.374921
v 0.000001 3.088239 2.490228
v 0.018244 2.635815 2.394840
v 0.073860 2.635815 2.350488
v 0.051114 2.635815 2.379011
v 0.000001 2.635815 2.316434
v 0.081633 2.635815 2.316434
v 0.000001 2.635815 2.394840
v 0.000001 2.941689 2.512160
v 0.000001 2.695724 2.410701
v 0.000001 2.658490 2.402705
v 0.000001 2.658155 2.394747
v 0.000001 2.981429 2.518794
v 0.000001 2.988158 2.512160
v 0.000001 2.942271 2.518794
v 0.000001 2.941689 2.512160
v 0.000001 2.695724 2.410701
v 0.000001 2.689245 2.416005
v 0.000000 2.549507 0.547211
v -0.000000 2.549507 -0.841849
v 0.057012 2.549507 1.162875
v 0.035548 2.504936 1.162875
v 0.051367 2.524772 1.162875
v 0.000001 2.493927 1.162875
v 0.012689 2.493927 1.162875
v 0.000001 2.549507 1.162875
v 0.000001 2.450062 1.089767
v -0.017689 2.471995 1.089767
v -0.022695 2.450062 1.089767
v 0.000001 2.471995 1.089767
v 0.031533 2.428130 0.766536
v 0.034888 2.428130 0.547211
v 0.030414 2.428130 0.839644
v 0.031806 2.418700 0.825705
v 0.032904 2.418875 0.781840
v 0.036443 2.418769 0.532589
v 0.036443 2.418769 0.488724
v 0.030414 2.428130 0.839644
v 0.031806 2.418700 0.825705
v 0.034888 2.428130 0.547211
v 0.036443 2.418769 0.532589
v 0.175462 2.512953 -0.768740
v -0.000000 2.549508 -0.768740
v 0.175462 2.549508 -0.768740
v -0.000000 2.512953 -0.768740
v 0.000000 2.410602 0.488724
v 0.085575 2.410602 -0.037656
v 0.085575 2.410602 0.488724
v 0.085575 2.410602 -0.768740
v -0.000000 2.410602 -0.768740
v 0.000000 2.512953 0.488724
v 0.085575 2.410602 0.488724
v 0.175463 2.512953 0.488724
v 0.000000 2.410602 0.488724
v 0.085575 2.410602 -0.768740
v -0.000000 2.410602 -0.768740
v 0.175463 2.549507 0.488724
v 0.000000 2.549507 0.488724
v 0.000002 2.497988 -0.746808
v -0.000000 2.427564 -0.746808
v 0.000002 2.427564 -0.746808
v -0.000000 2.497988 -0.746808
v -0.000000 2.497988 -0.746808
v 0.000002 2.497988 -0.746808
v 0.000002 2.427564 -0.746808
v 0.000000 2.427564 -0.059589
v 0.000002 2.427564 -0.059589
v -0.000000 2.427564 -0.746808
v 0.138908 3.368321 -1.053863
v -0.000000 3.368321 -0.849159
v 0.138908 3.368321 -0.849160
v -0.000000 3.368321 -1.053863
v -0.239404 3.128276 -1.899456
v -0.204702 2.987722 -1.938404
v -0.293965 2.987722 -1.938404
v -0.000000 2.987722 -1.938403
v -0.000000 3.128276 -1.899456
v -0.140249 3.197378 -1.899563
v -0.000000 3.128276 -1.899456
v -0.239404 3.128276 -1.899456
v -0.000000 3.197378 -1.899563
v -0.000000 3.353700 -1.938474
v -0.140249 3.354471 -1.887649
v -0.146215 3.353700 -1.938474
v -0.000000 3.354471 -1.887649
v -0.206179 2.973783 -1.939324
v -0.206240 2.815226 -1.939958
v -0.206215 2.878737 -1.939324
v -0.000000 2.815226 -1.939958
v -0.206240 2.815226 -1.939958
v 0.077779 2.461777 -0.790673
v -0.000000 2.461777 -1.039241
v 0.077779 2.461777 -1.039241
v -0.000000 2.461777 -0.790673
v -0.000000 2.815226 -1.939958
v -0.115874 2.553452 -1.941325
v -0.206240 2.815226 -1.939958
v -0.000000 2.553452 -1.941325
v -0.000000 2.553205 -2.013663
v -0.088746 2.486738 -1.948813
v -0.115874 2.553205 -2.013663
v -0.000000 2.486738 -1.948814
v -0.088746 2.486738 -1.948813
v -0.000000 2.476399 -1.938474
v -0.099707 2.476399 -1.938474
v -0.000000 2.476399 -1.938474
v -0.088746 2.486738 -1.948813
v -0.000000 2.486738 -1.948814
v 0.220798 2.988405 -1.939324
v 0.204705 2.988405 -1.939324
v -0.000000 2.988405 -1.939324
v -0.077774 2.461777 -1.331675
v -0.000000 2.461777 -1.083106
v -0.077774 2.461777 -1.083106
v -0.000000 2.461777 -1.331675
v -0.077775 2.461777 -1.624108
v -0.000000 2.461777 -1.375540
v -0.077774 2.461777 -1.375540
v -0.000000 2.461777 -1.624108
v -0.077775 2.461777 -1.916542
v -0.000000 2.461777 -1.667973
v -0.077775 2.461777 -1.667973
v -0.000000 2.461777 -1.916542
v -0.000000 2.476399 -1.061174
v 0.077778 2.461777 -1.083106
v 0.099711 2.476399 -1.061174
v -0.000000 2.461777 -1.083106
v -0.000000 2.476399 -1.353607
v -0.077774 2.461777 -1.331675
v -0.099707 2.476399 -1.353607
v -0.000000 2.461777 -1.331675
v -0.000000 2.476399 -1.938474
v -0.077775 2.461777 -1.916542
v -0.099707 2.476399 -1.938474
v -0.000000 2.461777 -1.916542
v -0.000000 2.476399 -1.646041
v 0.077778 2.461777 -1.667973
v 0.099711 2.476399 -1.646041
v -0.000000 2.461777 -1.667973
v -0.000000 2.476399 -0.768740
v 0.077779 2.461777 -0.790673
v 0.099711 2.476399 -0.768740
v -0.000000 2.461777 -0.790673
v -0.000000 2.476399 -1.061174
v -0.077774 2.461777 -1.039241
v -0.099707 2.476399 -1.061174
v -0.000000 2.461777 -1.039241
v -0.000000 2.476399 -1.353607
v 0.077778 2.461777 -1.375540
v 0.099711 2.476399 -1.353607
v -0.000000 2.461777 -1.375540
v -0.000000 2.476399 -1.646041
v -0.077775 2.461777 -1.624108
v -0.099707 2.476399 -1.646041
v -0.000000 2.461777 -1.624108
v 0.138908 3.368321 -1.931164
v -0.000000 3.368321 -1.653352
v 0.138908 3.368321 -1.653352
v -0.000000 3.368321 -1.931164
v 0.138908 3.368321 -1.638730
v -0.000000 3.368321 -1.360918
v 0.138908 3.368321 -1.360918
v -0.000000 3.368321 -1.638730
v 0.138908 3.368321 -1.346297
v -0.000000 3.368321 -1.068485
v 0.138908 3.368321 -1.068485
v -0.000000 3.368321 -1.346296
v -0.000000 3.353700 -0.841849
v -0.138904 3.368321 -0.849159
v -0.146215 3.353700 -0.841848
v -0.000000 3.368321 -0.849159
v -0.000000 3.353700 -1.061174
v 0.138908 3.368321 -1.053863
v 0.146219 3.353700 -1.061174
v -0.000000 3.368321 -1.053863
v -0.000000 3.353700 -1.646041
v 0.138908 3.368321 -1.638730
v 0.146219 3.353700 -1.646041
v -0.000000 3.368321 -1.638730
v -0.000000 3.353700 -1.353607
v -0.138904 3.368321 -1.360918
v -0.146215 3.353700 -1.353607
v -0.000000 3.368321 -1.360918
v -0.000000 3.353700 -1.938474
v 0.138908 3.368321 -1.931164
v 0.146219 3.353700 -1.938474
v -0.000000 3.368321 -1.931164
v -0.000000 3.353700 -1.646041
v -0.138904 3.368321 -1.653352
v -0.146215 3.353700 -1.646041
v -0.000000 3.368321 -1.653352
v -0.000000 3.353700 -1.353607
v 0.138908 3.368321 -1.346297
v 0.146219 3.353700 -1.353607
v -0.000000 3.368321 -1.346296
v -0.000000 3.353700 -1.061174
v -0.138904 3.368321 -1.068484
v -0.146215 3.353700 -1.061174
v -0.000000 3.368321 -1.068485
v -0.000000 3.197378 -1.899563
v -0.000000 3.354471 -1.887649
v 0.115878 2.553205 -2.013663
v -0.000000 2.553452 -1.941325
v 0.115878 2.553452 -1.941325
v -0.000000 2.553205 -2.013663
v 0.255028 3.280591 -0.256981
v 0.000000 3.192861 -0.256982
v 0.259941 3.192861 -0.256982
v 0.000000 3.280591 -0.256981
v 0.146219 3.353700 -0.841849
v 0.000000 3.353700 -0.256982
v 0.146219 3.353700 -0.256981
v -0.000000 3.353700 -0.841849
v 0.146219 3.353700 -0.256981
v 0.000000 3.353700 -0.256982
v 0.214475 3.236726 0.042763
v 0.000000 3.163618 0.042763
v 0.220268 3.163618 0.042763
v 0.000000 3.236726 0.042763
v 0.095461 3.309835 -0.322779
v 0.000000 3.309835 0.042763
v 0.095461 3.309835 0.042763
v 0.000000 3.309835 -0.322779
v 0.095461 3.309835 0.042763
v 0.000000 3.309835 0.042763
v 0.000000 3.231768 0.532565
v -0.087779 3.265031 0.496011
v -0.124279 3.231768 0.532565
v 0.000000 3.265031 0.496011
v -0.000000 3.261177 -0.803265
v -0.065907 3.333802 0.473655
v -0.066354 3.332901 0.313768
v -0.087779 3.265031 0.496011
v 0.000000 3.275130 0.495902
v -0.087778 3.275130 0.495902
v 0.000000 3.265031 0.496011
v 0.088353 3.263881 0.108561
v 0.000000 3.273981 0.108452
v 0.088353 3.273981 0.108452
v 0.000000 3.263881 0.108561
v 0.000000 3.297373 0.495794
v -0.087778 3.297373 0.495794
v 0.066421 3.308324 0.129743
v 0.066421 3.308272 0.270312
v 0.000000 3.297373 0.495794
v -0.065907 3.333802 0.473655
v -0.087778 3.297373 0.495794
v 0.000000 3.333802 0.473655
v 0.000000 3.296224 0.292042
v 0.066359 3.332901 0.313768
v 0.088353 3.296224 0.292042
v 0.000000 3.332901 0.313768
v 0.146219 3.282329 0.423095
v 0.000000 3.295902 0.423095
v 0.146219 3.295903 0.423095
v 0.000000 3.282329 0.423095
v 0.146219 3.282329 0.472300
v 0.146219 3.282329 0.423095
v 0.146219 3.295903 0.472300
v 0.000000 3.282329 0.472300
v 0.146219 3.282329 0.472300
v 0.000000 3.295902 0.472300
v 0.146219 3.295903 0.423095
v 0.146219 3.295903 0.472300
v 0.146219 3.282329 0.328054
v 0.000000 3.295902 0.328055
v 0.146219 3.295903 0.328054
v 0.000000 3.282329 0.328055
v 0.146219 3.282329 0.377259
v 0.146219 3.282329 0.328054
v 0.146219 3.295903 0.377259
v 0.000000 3.282329 0.377259
v 0.146219 3.282329 0.377259
v 0.000000 3.295902 0.377259
v 0.146219 3.295903 0.328054
v 0.146219 3.295903 0.377259
v -0.066416 3.291941 0.270532
v -0.088348 3.296224 0.292042
v 0.066421 3.278264 0.129962
v 0.000000 3.308324 0.129743
v 0.066421 3.308324 0.129743
v 0.000000 3.278264 0.129962
v -0.066416 3.291941 0.270532
v 0.000000 3.308272 0.270312
v -0.066416 3.308272 0.270312
v 0.000000 3.291941 0.270532
v 0.000003 2.427564 0.232845
v 0.000000 2.497988 0.232845
v 0.000003 2.497988 0.232845
v 0.000000 2.427564 0.232845
v 0.000000 2.497988 0.232845
v -0.094500 2.497099 0.232845
v 0.000000 2.427564 0.232845
v 0.000003 2.427564 0.232845
v -0.011804 2.586062 -1.865366
v -0.007309 3.314021 -2.048137
v -0.016297 3.331767 -2.048137
vn -0.0000 -0.0000 -1.0000
vn -0.0000 -1.0000 -0.0000
vn -0.1637 0.9862 0.0238
vn -0.0000 1.0000 0.0001
vn -0.2659 0.9639 0.0128
vn -0.1637 0.9862 0.0239
vn 0.0005 -0.0000 -1.0000
vn -0.0000 0.0070 -1.0000
vn 0.0005 0.0003 -1.0000
vn -0.0000 0.0235 -0.9997
vn 0.7011 -0.7131 0.0006
vn 0.6992 -0.7149 0.0008
vn 0.7030 -0.7112 0.0005
vn -0.0000 -0.2524 0.9676
vn -0.0024 -0.2477 0.9688
vn -0.0000 -0.2562 0.9666
vn -0.5404 -0.8396 0.0555
vn -0.5966 -0.7979 0.0863
vn -0.4960 -0.8673 0.0433
vn -0.5108 -0.8588 0.0398
vn -0.6240 -0.7774 0.0792
vn -0.7853 -0.6184 0.0311
vn 0.9703 -0.2335 0.0631
vn 0.9716 -0.2280 0.0631
vn 0.9699 -0.2334 0.0686
vn 0.9747 -0.2211 0.0342
vn 0.9764 -0.2100 0.0496
vn 0.9749 -0.2097 0.0742
vn -0.0024 -0.2476 0.9689
vn -0.0000 -0.2523 0.9676
vn -0.0023 -0.2485 0.9686
vn -0.5069 -0.3195 0.8006
vn -0.0036 -0.2505 0.9681
vn -0.0024 -0.2485 0.9686
vn -0.0035 -0.2505 0.9681
vn -0.0000 -0.2588 0.9659
vn -0.9147 -0.4028 0.0328
vn -0.8510 -0.5241 0.0326
vn -0.9120 -0.4098 0.0164
vn -0.9402 -0.3392 0.0327
vn -0.9192 -0.3884 0.0654
vn -0.9147 -0.4028 0.0329
vn -0.9402 -0.3391 0.0327
vn 0.9980 0.0006 0.0639
vn 0.9920 -0.1095 0.0633
vn 0.9885 -0.1420 0.0524
vn 0.9980 0.0003 0.0639
vn -0.0000 0.0153 0.9999
vn -0.0000 0.0152 0.9999
vn -0.9955 0.0932 0.0161
vn -0.9996 0.0001 0.0276
vn -0.9826 0.1856 0.0044
vn -0.0000 -0.6255 0.7802
vn -0.0000 -0.6674 0.7447
vn -0.0000 -0.5819 0.8133
vn 0.9991 -0.0147 0.0403
vn 0.9987 -0.0294 0.0411
vn 0.9996 -0.0098 0.0264
vn 0.9999 -0.0000 0.0123
vn 0.9996 -0.0098 0.0265
vn 1.0000 -0.0000 -0.0013
vn -1.0000 -0.0000 -0.0013
vn -0.9999 -0.0000 0.0128
vn -0.9996 -0.0094 0.0265
vn -0.9996 -0.0094 0.0264
vn -0.9991 -0.0141 0.0403
vn -0.9991 -0.0142 0.0403
vn -0.9988 -0.0283 0.0395
vn -0.0000 -0.7071 0.7071
vn 0.7065 -0.7071 0.0291
vn 0.7080 -0.7056 0.0290
vn 0.7071 -0.7071 -0.0009
vn -0.0000 -0.7071 -0.7071
vn -0.7071 -0.7071 -0.0009
vn -0.7079 -0.7057 0.0291
vn -0.7065 -0.7071 0.0289
vn -0.0000 -0.9978 0.0668
vn -0.0000 -0.9981 0.0624
vn -0.0000 -0.9977 0.0675
vn -0.0000 0.9994 0.0353
vn -0.0000 0.9205 0.3908
vn -0.0000 0.9964 0.0846
vn 0.7853 -0.6184 0.0311
vn 0.5705 -0.8172 0.0817
vn 0.5970 -0.7984 0.0785
vn 0.5433 -0.8352 0.0848
vn 0.8677 -0.4970 -0.0011
vn -0.6885 -0.7252 0.0048
vn -0.6922 -0.7204 0.0431
vn -0.6668 -0.7445 0.0310
vn -0.6441 -0.7645 0.0283
vn -0.6884 -0.7253 0.0048
vn -0.6668 -0.7446 0.0310
vn -0.5981 -0.7998 0.0507
vn 0.9780 -0.2084 -0.0023
vn 0.9777 -0.2090 0.0194
vn 0.9777 -0.2090 0.0195
vn 0.9784 -0.2065 -0.0018
vn -0.9742 -0.2166 0.0629
vn -0.9920 -0.1095 0.0634
vn -0.9875 -0.1513 0.0447
vn -0.9747 -0.2145 0.0630
vn -0.9772 -0.2102 0.0306
vn -0.9747 -0.2146 0.0630
vn 1.0000 0.0003 -0.0026
vn 1.0000 0.0002 -0.0026
vn -0.9980 0.0003 0.0639
vn -0.9920 -0.1095 0.0633
vn -0.9980 0.0006 0.0639
vn -0.0000 -0.9974 0.0727
vn -0.0000 -0.9977 0.0676
vn -0.0442 0.9980 0.0456
vn -0.0455 0.9979 0.0461
vn -0.0442 0.9980 0.0455
vn -0.0429 0.9981 0.0450
vn 0.6441 -0.7645 0.0283
vn 0.1708 -0.9833 0.0635
vn 0.5660 -0.8235 0.0391
vn 0.6884 -0.7253 0.0048
vn 0.6922 -0.7204 0.0431
vn -0.9784 -0.2065 -0.0028
vn -0.9780 -0.2084 -0.0023
vn -1.0000 0.0002 -0.0026
vn -1.0000 0.0003 -0.0026
vn -0.7011 -0.7131 0.0006
vn -0.7030 -0.7112 0.0005
vn -0.6992 -0.7149 0.0008
vn 0.9147 -0.4028 0.0329
vn 0.9192 -0.3884 0.0654
vn 0.9402 -0.3392 0.0327
vn 0.9147 -0.4028 0.0328
vn 0.9402 -0.3391 0.0327
vn 0.9120 -0.4098 0.0164
vn 0.8510 -0.5241 0.0326
vn 0.9970 0.0001 0.0776
vn 0.9894 -0.1230 0.0774
vn 0.9970 0.0002 0.0776
vn 0.9916 -0.1034 0.0771
vn -0.0322 -0.9978 0.0573
vn -0.0624 -0.9964 0.0580
vn -0.0223 -0.9978 0.0625
vn 0.0313 -0.9971 0.0689
vn -0.0234 -0.9987 0.0459
vn -0.0242 -0.9994 0.0241
vn -0.0227 -0.9975 0.0667
vn 0.0204 -0.9980 0.0601
vn 0.0147 -0.9995 0.0288
vn 0.0284 -0.9992 0.0264
vn 0.0283 -0.9992 0.0264
vn -0.9977 -0.0000 -0.0682
vn -0.9990 -0.0000 -0.0446
vn -0.9998 -0.0000 -0.0209
vn -1.0000 -0.0000 0.0028
vn -0.0000 -0.0000 1.0000
vn 1.0000 -0.0000 0.0028
vn 0.9998 -0.0000 -0.0209
vn 0.9990 -0.0000 -0.0446
vn 0.9977 -0.0000 -0.0682
vn 0.9780 -0.2088 0.0015
vn 0.9776 -0.2105 0.0026
vn 0.9778 -0.2093 0.0021
vn 0.9782 -0.2078 0.0012
vn 0.9785 -0.2064 0.0002
vn 0.9778 -0.2096 0.0018
vn -0.9783 -0.2074 0.0015
vn -0.9782 -0.2075 0.0019
vn -0.9783 -0.2070 0.0020
vn -0.9781 -0.2080 0.0014
vn -0.9776 -0.2105 0.0002
vn -0.9782 -0.2074 0.0015
vn -0.9781 -0.2079 0.0014
vn 0.8946 -0.4468 -0.0029
vn 0.8948 -0.4465 -0.0030
vn 0.8945 -0.4471 -0.0029
vn 0.8943 -0.4475 -0.0029
vn 0.8953 0.0003 0.4455
vn 0.8954 0.0002 0.4453
vn 0.9306 0.3394 0.1371
vn 0.9632 0.2592 0.0710
vn 0.9457 0.3137 -0.0852
vn 0.9308 0.3493 -0.1080
vn 0.9306 0.3395 0.1371
vn 0.8935 0.0001 -0.4490
vn -0.9319 0.3464 -0.1079
vn -0.9628 0.2653 -0.0512
vn -0.9448 0.3084 0.1111
vn -0.9317 0.3365 0.1368
vn -0.8954 0.0003 0.4453
vn -0.8953 0.0002 0.4455
vn -0.8945 -0.4471 -0.0029
vn -0.8942 -0.4476 -0.0030
vn -0.8944 -0.4472 -0.0029
vn -0.8947 -0.4466 -0.0029
vn -0.8935 0.0001 -0.4490
vn -0.2084 -0.9780 0.0061
vn -0.0009 0.0002 1.0000
vn 0.2084 0.9780 -0.0000
vn 0.0009 -0.0002 -1.0000
vn 0.2084 -0.9780 0.0064
vn -0.0009 -0.0002 -1.0000
vn -0.2084 0.9780 -0.0000
vn 0.0009 0.0002 1.0000
vn -0.2084 -0.9780 0.0064
vn 0.2084 -0.9780 0.0061
vn -0.9781 0.2082 -0.0020
vn -0.9783 0.2072 -0.0024
vn -0.9779 0.2092 -0.0017
vn -0.0913 -0.4286 0.8989
vn 0.9778 -0.2096 0.0025
vn 0.9780 -0.2086 0.0021
vn 0.9780 -0.2084 0.0020
vn 0.9782 -0.2077 0.0014
vn 0.9779 -0.2092 0.0021
vn -0.0916 -0.4350 -0.8958
vn -0.0920 -0.4348 -0.8958
vn -0.0918 -0.4349 -0.8958
vn 0.0920 -0.4348 -0.8958
vn 0.0918 -0.4348 -0.8958
vn -0.9783 -0.2074 0.0022
vn -0.9783 -0.2072 0.0024
vn -0.9781 -0.2081 0.0021
vn -0.9782 -0.2076 0.0019
vn 0.0913 -0.4286 0.8989
vn 0.9780 0.2085 -0.0020
vn 0.9778 0.2095 -0.0024
vn 0.9780 0.2086 -0.0021
vn 0.9782 0.2076 -0.0017
vn 0.6906 -0.1486 0.7078
vn 0.6913 -0.1489 0.7070
vn 0.6899 -0.1484 0.7085
vn 0.8387 0.5446 0.0001
vn 0.8391 0.5439 0.0002
vn 0.6930 -0.1462 -0.7059
vn 0.6933 -0.1462 -0.7057
vn 0.6789 -0.2519 -0.6897
vn 0.6565 -0.3559 -0.6651
vn 0.6929 -0.1462 -0.7061
vn 0.6270 -0.4545 -0.6327
vn 0.6269 -0.4545 -0.6327
vn 0.5441 -0.8390 0.0060
vn 0.5443 -0.8388 0.0060
vn 0.6262 -0.4506 0.6363
vn 0.5454 -0.8382 0.0064
vn 0.5450 -0.8384 0.0064
vn 0.5453 -0.8382 0.0064
vn 0.5458 -0.8379 0.0063
vn -0.5456 -0.8380 0.0064
vn -0.5458 -0.8379 0.0064
vn -0.5455 -0.8381 0.0064
vn -0.5449 -0.8385 0.0063
vn -0.6262 -0.4506 0.6363
vn -0.5444 -0.8388 0.0060
vn -0.5441 -0.8390 0.0060
vn -0.6269 -0.4545 -0.6328
vn -0.6565 -0.3559 -0.6651
vn -0.6789 -0.2519 -0.6897
vn -0.6270 -0.4545 -0.6327
vn -0.6926 -0.1461 -0.7064
vn -0.6929 -0.1462 -0.7061
vn -0.6932 -0.1463 -0.7057
vn -0.8391 0.5439 0.0001
vn -0.8390 0.5441 0.0002
vn -0.8387 0.5445 0.0002
vn -0.6906 -0.1486 0.7078
vn -0.6898 -0.1486 0.7086
vn -0.6913 -0.1487 0.7071
vn 0.9740 -0.2178 0.0632
vn 0.9741 -0.2167 0.0637
vn 0.9739 -0.2178 0.0632
vn 0.9737 -0.2189 0.0627
vn 0.9781 -0.2083 -0.0003
vn 0.9785 -0.2065 -0.0008
vn 0.9780 -0.2084 -0.0003
vn -0.9747 -0.2144 0.0634
vn -0.9772 -0.2102 0.0314
vn -0.9771 -0.2094 0.0381
vn -0.9728 -0.2223 0.0655
vn -0.9695 -0.2349 0.0698
vn -0.9627 -0.2597 0.0759
vn -0.9772 -0.2102 0.0315
vn -0.9780 -0.2084 -0.0003
vn -0.9785 -0.2065 0.0002
vn 0.9784 -0.2068 -0.0013
vn 0.9790 -0.2040 -0.0016
vn 0.9770 -0.2112 0.0310
vn 0.9774 -0.2092 0.0313
vn -0.9740 -0.2178 0.0632
vn -0.9737 -0.2189 0.0627
vn -0.9739 -0.2178 0.0632
vn -0.9741 -0.2168 0.0637
vn -0.9770 -0.2112 0.0310
vn -0.9774 -0.2092 0.0307
vn -0.9784 -0.2069 -0.0013
vn -0.9784 -0.2068 -0.0013
vn -0.9790 -0.2040 -0.0010
vn -0.9770 -0.2112 0.0309
vn 0.9747 -0.2144 0.0631
vn 0.9743 -0.2164 0.0629
vn 0.9747 -0.2143 0.0631
vn 0.9920 -0.1095 0.0634
vn 0.9743 -0.2165 0.0629
vn 0.9730 -0.2220 0.0628
vn 0.9745 -0.2153 0.0632
vn -0.9730 -0.2220 0.0634
vn -0.9745 -0.2153 0.0632
vn 0.5429 -0.8398 -0.0005
vn 0.5419 -0.8403 0.0114
vn 0.5408 -0.8408 0.0233
vn 0.5424 -0.8401 -0.0005
vn 0.5402 -0.8408 0.0352
vn 0.5399 -0.8410 0.0352
vn 0.5396 -0.8412 0.0352
vn 0.6531 -0.1459 0.7431
vn 0.6545 -0.1466 0.7417
vn 0.6530 -0.1459 0.7431
vn 0.6516 -0.1453 0.7445
vn 0.8393 0.5410 0.0541
vn 0.8396 0.5405 0.0541
vn 0.8401 0.5413 0.0356
vn 0.8404 0.5417 0.0170
vn 0.8406 0.5416 -0.0015
vn 0.8405 0.5419 -0.0015
vn 0.7061 -0.1488 -0.6923
vn 0.7068 -0.1488 -0.6916
vn 0.7060 -0.1488 -0.6924
vn 0.7052 -0.1488 -0.6932
vn -0.5419 -0.8404 0.0115
vn -0.5408 -0.8408 0.0233
vn -0.5423 -0.8402 -0.0005
vn -0.5425 -0.8401 -0.0005
vn -0.5429 -0.8398 -0.0004
vn -0.5419 -0.8404 0.0114
vn -0.7058 -0.1488 -0.6926
vn -0.7051 -0.1485 -0.6934
vn -0.7065 -0.1491 -0.6918
vn -0.8404 0.5419 -0.0015
vn -0.8404 0.5417 0.0170
vn -0.8401 0.5413 0.0356
vn -0.8409 0.5412 -0.0015
vn -0.8393 0.5410 0.0541
vn -0.8392 0.5411 0.0541
vn -0.8396 0.5405 0.0541
vn -0.6527 -0.1459 0.7434
vn -0.6511 -0.1458 0.7448
vn -0.6543 -0.1459 0.7420
vn -0.5399 -0.8410 0.0352
vn -0.5396 -0.8412 0.0352
vn -0.5408 -0.8408 0.0234
vn -0.5402 -0.8408 0.0352
vn 0.9781 -0.2083 -0.0017
vn 0.9785 -0.2061 -0.0004
vn 0.9775 -0.2100 0.0206
vn 0.9764 -0.2118 0.0421
vn 0.9746 -0.2155 0.0606
vn 0.9746 -0.2155 0.0607
vn 0.9740 -0.2179 0.0619
vn 0.9740 -0.2179 0.0617
vn 0.9747 -0.2141 0.0644
vn 0.9740 -0.2179 0.0620
vn 0.9764 -0.2118 0.0414
vn 0.9775 -0.2102 0.0199
vn 0.9775 -0.2102 0.0198
vn 0.9782 -0.2079 -0.0001
vn 0.9782 -0.2078 -0.0000
vn 0.9785 -0.2063 -0.0006
vn 0.9785 -0.2061 -0.0003
vn 0.9785 -0.2063 -0.0007
vn -0.9775 -0.2100 0.0206
vn -0.9764 -0.2118 0.0421
vn -0.9782 -0.2077 -0.0023
vn -0.9782 -0.2077 -0.0022
vn -0.9785 -0.2061 -0.0016
vn -0.9785 -0.2061 -0.0017
vn -0.9782 -0.2077 -0.0024
vn -0.9785 -0.2062 -0.0020
vn -0.9785 -0.2062 -0.0019
vn -0.9780 -0.2085 -0.0008
vn -0.9780 -0.2085 -0.0007
vn -0.9785 -0.2063 -0.0019
vn -0.9775 -0.2102 0.0199
vn -0.9764 -0.2118 0.0414
vn -0.9780 -0.2084 -0.0007
vn -0.9743 -0.2154 0.0658
vn -0.9739 -0.2179 0.0644
vn -0.9738 -0.2179 0.0646
vn -0.9748 -0.2142 0.0620
vn -0.9748 -0.2141 0.0620
vn 0.2129 0.9771 -0.0002
vn 0.2127 0.9771 0.0045
vn 0.2125 0.9771 0.0092
vn 0.2123 0.9771 0.0139
vn 0.0413 -0.0091 -0.9991
vn -0.2123 -0.9771 -0.0137
vn -0.2124 -0.9771 -0.0090
vn -0.2125 -0.9771 -0.0090
vn -0.2127 -0.9771 -0.0043
vn -0.2129 -0.9771 0.0004
vn -0.0414 0.0086 0.9991
vn -0.2127 0.9771 0.0045
vn -0.2125 0.9771 0.0092
vn -0.2129 0.9771 -0.0002
vn 0.0414 0.0086 0.9991
vn 0.2129 -0.9771 0.0004
vn 0.2127 -0.9771 -0.0043
vn 0.2125 -0.9771 -0.0090
vn 0.2123 -0.9771 -0.0137
vn -0.0413 -0.0091 -0.9991
vn -0.2123 0.9771 0.0139
vn 0.9739 -0.2182 0.0631
vn 0.9739 -0.2183 0.0628
vn 0.9739 -0.2183 0.0629
vn 0.9742 -0.2166 0.0628
vn 0.9739 -0.2181 0.0628
vn 0.9740 -0.2174 0.0632
vn 0.9740 -0.2174 0.0633
vn 0.9747 -0.2145 0.0631
vn 0.9740 -0.2173 0.0636
vn 0.9740 -0.2175 0.0635
vn 0.9716 -0.2281 0.0631
vn -0.9742 -0.2167 0.0629
vn -0.9738 -0.2183 0.0632
vn -0.9738 -0.2184 0.0635
vn -0.9738 -0.2184 0.0633
vn -0.9738 -0.2182 0.0635
vn -0.9740 -0.2175 0.0633
vn -0.9740 -0.2177 0.0632
vn -0.9740 -0.2175 0.0631
vn -0.9740 -0.2174 0.0629
vn -0.9740 -0.2175 0.0628
vn -0.9738 -0.2183 0.0633
vn -0.9738 -0.2184 0.0632
vn 0.1151 0.2348 -0.9652
vn -0.2174 -0.9760 -0.0140
vn -0.0616 0.0137 0.9980
vn 0.2174 0.9760 0.0142
vn -0.1151 0.2348 -0.9652
vn -0.2174 0.9760 0.0142
vn 0.0616 0.0137 0.9980
vn 0.2174 -0.9760 -0.0140
vn -0.0000 1.0000 -0.0030
vn -0.0000 0.9922 0.1246
vn -0.0000 0.9656 0.2602
vn 0.0441 0.9980 0.0455
vn 0.0429 0.9981 0.0450
vn 0.0442 0.9980 0.0456
vn 0.0455 0.9979 0.0461
vn -0.0000 0.9992 0.0397
vn -0.0000 0.9992 0.0407
vn 0.0905 0.9959 0.0026
vn 0.1359 0.9907 0.0038
vn -0.0000 0.0353 -0.9994
vn -0.0000 0.0071 -1.0000
vn 0.9933 -0.1156 -0.0025
vn 0.9815 -0.1859 0.0449
vn 0.9478 -0.3097 0.0752
vn 1.0000 0.0004 0.0014
vn 1.0000 -0.0000 -0.0000
vn -0.0000 -0.0352 0.9994
vn -1.0000 -0.0000 -0.0000
vn -0.9855 0.1199 0.1196
vn -0.0000 0.5444 -0.8388
vn 0.8578 0.5138 0.0126
vn 0.8577 0.5141 0.0126
vn 0.8575 0.5144 0.0126
vn 0.8575 0.5141 0.0210
vn 0.8575 0.5141 0.0212
vn 0.8575 0.5141 0.0197
vn 0.8575 0.5141 0.0209
vn 0.8575 0.5141 0.0195
vn 0.8575 0.5141 0.0211
vn 0.8575 0.5142 0.0181
vn -0.0000 0.4500 0.8930
vn -0.0000 0.4839 0.8751
vn -0.0000 0.4614 0.8872
vn -0.0000 0.4840 0.8751
vn -0.8575 0.5142 0.0181
vn -0.8575 0.5141 0.0205
vn -0.8575 0.5141 0.0209
vn -0.8575 0.5141 0.0210
vn -0.8575 0.5141 0.0192
vn -0.8575 0.5142 0.0192
vn -0.0129 0.6296 0.7768
vn -0.0258 0.5722 0.8197
vn -0.0000 0.6837 0.7297
vn -0.6699 0.7417 0.0331
vn -0.6664 0.7448 0.0336
vn -0.6734 0.7386 0.0326
vn -0.0331 0.7502 -0.6603
vn -0.0000 0.6244 -0.7811
vn 0.9440 0.2362 -0.2305
vn 0.9771 0.1998 -0.0735
vn 0.9439 0.2363 -0.2306
vn 0.9771 0.1997 -0.0735
vn 0.9625 0.2100 0.1715
vn 0.9625 0.2101 0.1715
vn 0.9413 0.2227 0.2537
vn -0.9766 0.1956 0.0888
vn -0.9637 0.2187 -0.1531
vn -0.9442 0.2361 -0.2298
vn 0.0271 0.6233 -0.7815
vn -0.0000 0.7333 -0.6799
vn 0.6703 0.7414 0.0331
vn 0.6737 0.7382 0.0333
vn 0.6668 0.7445 0.0328
vn 0.0156 0.6394 0.7687
vn 0.0312 0.7010 0.7125
vn -0.0000 0.5732 0.8194
vn -0.9416 0.2224 0.2528
vn -0.9448 0.3084 0.1110
vn -0.9415 0.2227 0.2530
vn -0.0000 0.9993 0.0373
vn -0.0864 0.9953 0.0439
vn -0.0432 0.9982 0.0407
vn -0.9918 -0.1021 0.0774
vn -0.9916 -0.1034 0.0771
vn -0.9970 0.0002 0.0776
vn -0.9970 0.0001 0.0776
vn 0.9955 0.0932 0.0161
vn 0.9996 0.0001 0.0276
vn 0.9826 0.1856 0.0044
vn 0.0648 0.9970 0.0423
vn 0.9616 0.1945 0.1939
vn -0.9933 -0.1156 -0.0022
vn -0.9725 -0.2328 -0.0045
vn -0.8914 -0.4531 -0.0087
vn 0.8575 0.5142 0.0192
vn 0.8575 0.5141 0.0192
vn -0.8577 0.5141 0.0126
vn -0.8575 0.5144 0.0126
vn -0.8578 0.5138 0.0126
vn 0.9933 -0.1155 -0.0025
vn 0.9815 -0.1860 0.0449
vn 1.0000 0.0001 0.0002
vn 1.0000 0.0004 0.0007
vn 0.9737 0.1614 0.1611
vn 0.9736 0.1614 0.1611
vn 0.9616 0.1944 0.1939
vn 1.0000 0.0001 0.0001
vn 0.7629 0.4576 0.4567
vn 0.7632 0.4576 0.4562
vn -0.0000 0.7081 0.7061
vn -0.0000 0.7081 0.7062
vn -0.7631 0.4577 0.4563
vn -0.8902 0.3226 0.3217
vn -0.8901 0.3227 0.3218
vn -0.9855 0.1200 0.1196
vn -0.7630 0.4575 0.4566
vn -0.9856 0.1199 0.1196
vn -0.8902 0.3227 0.3217
vn -1.0000 0.0004 0.0002
vn -1.0000 0.0003 -0.0000
vn -0.6438 -0.3515 0.6796
vn -0.9906 0.0048 -0.1368
vn -0.4732 0.6642 -0.5786
vn -0.4786 0.6636 -0.5750
vn -0.4679 0.6649 -0.5823
vn -0.0000 0.7880 -0.6156
vn 0.2441 0.7490 -0.6159
vn 0.2429 0.7483 -0.6172
vn 0.4732 0.6642 -0.5787
vn 0.4753 0.6652 -0.5758
vn 0.2441 0.7490 -0.6160
vn 0.9655 -0.2319 0.1183
vn -0.0000 0.9993 0.0382
vn -0.0000 0.9993 0.0381
vn -0.0000 0.9994 0.0359
vn 0.0011 0.9994 0.0353
vn -0.0000 0.9994 0.0360
vn -0.0011 0.9993 0.0367
vn -0.9880 -0.1545 -0.0057
vn -0.9877 -0.1564 -0.0055
vn -1.0000 -0.0001 -0.0004
vn -1.0000 -0.0000 -0.0004
vn -1.0000 0.0038 -0.0007
vn -0.8575 0.5141 0.0187
vn -0.8583 0.5128 0.0191
vn -0.8574 0.5143 0.0186
vn -0.8567 0.5155 0.0182
vn 0.9947 -0.1029 -0.0039
vn 1.0000 0.0038 -0.0007
vn 1.0000 -0.0000 -0.0004
vn 1.0000 -0.0001 -0.0004
vn 0.9783 -0.2070 -0.0073
vn 0.8574 0.5142 0.0186
vn 0.8567 0.5155 0.0182
vn 0.8575 0.5141 0.0187
vn 0.8583 0.5128 0.0191
vn -0.8575 0.5142 0.0186
vn -0.8574 0.5142 0.0186
vn 0.0001 0.9994 0.0359
vn 0.8575 0.5142 0.0186
vn -0.8575 0.5141 0.0203
vn -0.6866 0.7266 0.0256
vn -0.0003 0.5173 -0.8558
vn -0.0005 0.5188 -0.8549
vn -0.0003 0.5172 -0.8558
vn -0.0000 0.5158 -0.8567
vn 0.4596 0.2760 -0.8442
vn 0.4601 0.2768 -0.8436
vn 0.4591 0.2753 -0.8447
vn 0.7654 0.0015 -0.6436
vn 0.7655 0.0029 -0.6434
vn 0.7654 0.0014 -0.6436
vn 0.7652 -0.0000 -0.6438
vn 0.9522 -0.3052 -0.0108
vn 0.9783 -0.2069 -0.0073
vn 0.7240 -0.0014 0.6898
vn 0.7276 -0.0029 0.6860
vn 0.7203 -0.0000 0.6937
vn 0.4143 0.2480 0.8757
vn 0.4155 0.2483 0.8751
vn 0.4142 0.2480 0.8758
vn 0.4131 0.2477 0.8764
vn 0.0003 0.4582 0.8889
vn 0.0005 0.4594 0.8882
vn 0.0002 0.4581 0.8889
vn -0.0000 0.4569 0.8895
vn -0.9522 -0.3052 -0.0108
vn -0.7647 0.0015 -0.6444
vn -0.7615 0.0029 -0.6482
vn -0.7680 -0.0000 -0.6405
vn -0.4595 0.2760 -0.8442
vn -0.4584 0.2758 -0.8449
vn -0.4596 0.2761 -0.8441
vn -0.4608 0.2763 -0.8434
vn 0.0003 0.5172 -0.8559
vn 0.0005 0.5160 -0.8566
vn 0.0002 0.5173 -0.8558
vn -0.0000 0.5184 -0.8551
vn 0.6866 0.7266 0.0256
vn -0.0003 0.4580 0.8889
vn -0.0005 0.4564 0.8898
vn -0.0000 0.4596 0.8881
vn -0.4142 0.2479 0.8758
vn -0.4138 0.2472 0.8762
vn -0.4143 0.2480 0.8757
vn -0.4148 0.2487 0.8753
vn -0.7232 -0.0014 0.6906
vn -0.7231 -0.0029 0.6908
vn -0.7232 -0.0015 0.6907
vn -0.7233 -0.0000 0.6905
vn -0.0005 0.5189 -0.8549
vn 0.4596 0.2761 -0.8441
vn 0.7203 -0.0000 0.6936
vn 0.4155 0.2482 0.8750
vn 0.0003 0.4581 0.8889
vn -0.7647 0.0015 -0.6443
vn -0.0000 0.5185 -0.8551
vn -0.0005 0.4565 0.8897
vn -0.0003 0.4580 0.8890
vn -0.4143 0.2479 0.8757
vn -0.7230 -0.0028 0.6908
vn -0.0003 0.5174 -0.8557
vn 0.7654 0.0016 -0.6436
vn 0.4155 0.2483 0.8750
vn 0.4142 0.2479 0.8758
vn -0.0003 0.4581 0.8889
vn -0.7230 -0.0029 0.6908
vn -0.7232 -0.0013 0.6907
vn -0.0000 0.9992 0.0396
vn -0.0000 0.9991 0.0418
vn -0.0000 0.9993 0.0374
vn -0.0000 0.9992 0.0395
vn -0.8944 0.4469 0.0158
vn -0.8944 0.4469 0.0170
vn -0.8944 0.4469 0.0171
vn -0.8944 0.4468 0.0184
vn -0.8944 0.4468 0.0185
vn -0.8944 0.4468 0.0188
vn -0.8944 0.4468 0.0187
vn -0.8945 0.4467 0.0177
vn -0.8944 0.4469 0.0167
vn -0.8946 0.4465 0.0167
vn -0.8945 0.4467 0.0176
vn -0.0000 0.4785 -0.8781
vn 0.8946 0.4465 0.0167
vn 0.8945 0.4467 0.0176
vn 0.8945 0.4467 0.0177
vn 0.8944 0.4468 0.0187
vn 0.8944 0.4469 0.0167
vn 0.8944 0.4468 0.0188
vn 0.8944 0.4468 0.0185
vn 0.8944 0.4469 0.0171
vn 0.8944 0.4469 0.0170
vn 0.8944 0.4468 0.0184
vn 0.8944 0.4469 0.0158
vn -0.0000 0.4154 0.9096
vn -0.0000 -0.9082 0.4185
vn -0.6253 -0.6136 0.4821
vn -0.6254 -0.6136 0.4820
vn -0.7728 -0.3250 0.5451
vn -0.7719 -0.3253 0.5462
vn -0.7745 -0.3193 0.5460
vn -0.7765 -0.3135 0.5466
vn -0.7728 -0.3250 0.5452
vn -0.7779 -0.3079 0.5478
vn -0.7779 -0.3078 0.5478
vn -0.7765 -0.3134 0.5466
vn -0.7945 -0.2047 0.5717
vn -0.8002 -0.0991 0.5915
vn -0.7976 0.0070 0.6031
vn -0.7951 0.0053 0.6065
vn -0.0000 0.8818 0.4716
vn 0.7973 0.0071 0.6036
vn 0.7942 0.0088 0.6077
vn 0.8000 -0.0990 0.5918
vn 0.7944 -0.2058 0.5715
vn 0.7779 -0.3079 0.5478
vn 0.7765 -0.3136 0.5465
vn 0.7765 -0.3137 0.5465
vn 0.7745 -0.3193 0.5460
vn 0.7779 -0.3078 0.5478
vn 0.7728 -0.3250 0.5451
vn 0.7721 -0.3248 0.5462
vn 0.6254 -0.6137 0.4820
vn 0.6253 -0.6136 0.4821
vn -0.0000 -0.2561 0.9666
vn 0.0001 -0.2561 0.9666
vn -0.0034 -0.2491 0.9685
vn -0.0052 -0.2417 0.9703
vn -0.0002 -0.2563 0.9666
vn -0.0051 -0.2417 0.9703
vn -0.0051 -0.2426 0.9701
vn -0.0017 -0.2506 0.9681
vn -0.0017 -0.2505 0.9681
vn -0.0135 0.0245 0.9996
vn -0.0271 0.0281 0.9992
vn -0.0000 0.0210 0.9998
vn -0.0000 0.0153 -0.9999
vn -0.0000 0.0154 -0.9999
vn 0.0114 0.0245 0.9996
vn -0.0039 0.0281 0.9996
vn 0.0267 0.0210 0.9994
vn 0.0018 -0.2504 0.9681
vn 0.0051 -0.2425 0.9701
vn 0.0051 -0.2417 0.9703
vn 0.0034 -0.2492 0.9684
vn 0.0002 -0.2563 0.9666
vn -0.0000 0.9996 -0.0278
vn 0.7873 0.6163 -0.0171
vn 0.8643 0.5027 -0.0140
vn 0.9261 0.3771 -0.0105
vn 0.9725 0.2326 -0.0065
vn 0.9758 0.2184 -0.0061
vn 0.9758 0.2185 -0.0061
vn 0.9789 0.2042 -0.0057
vn 0.9906 0.1368 -0.0038
vn 0.9987 0.0514 0.0044
vn 0.9987 0.0513 0.0044
vn 0.9906 0.1368 -0.0021
vn 0.9999 0.0003 0.0156
vn -0.0000 -0.9996 0.0278
vn -1.0000 0.0001 0.0079
vn -0.9977 0.0684 -0.0019
vn -0.9966 0.0823 0.0071
vn -0.9789 0.2042 -0.0057
vn -0.9758 0.2184 -0.0061
vn -0.9725 0.2326 -0.0065
vn -0.9261 0.3771 -0.0105
vn -0.8643 0.5027 -0.0140
vn -0.8644 0.5027 -0.0140
vn -0.7873 0.6163 -0.0171
vn -0.9997 -0.0005 -0.0231
vn -0.9997 -0.0003 -0.0234
vn -0.5545 0.7413 0.3781
vn 0.4757 0.8780 0.0534
vn 0.9997 0.0005 0.0235
vn 0.9999 0.0003 0.0157
vn 0.9997 0.0007 0.0238
vn 0.0472 -0.8324 0.5522
vn 0.0650 -0.8282 0.5567
vn 0.0294 -0.8362 0.5476
vn 0.9997 -0.0003 -0.0232
vn 0.9997 -0.0002 -0.0230
vn 0.9997 -0.0005 -0.0234
vn -0.0473 -0.8324 0.5522
vn -0.0658 -0.8344 0.5472
vn -0.0288 -0.8300 0.5570
vn -0.9997 0.0004 0.0236
vn -0.9997 0.0006 0.0230
vn -0.9997 0.0005 0.0233
vn 0.5960 0.8026 0.0246
vn -0.4268 0.7957 0.4298
vn -0.8944 -0.4472 -0.0000
vn -0.0000 -0.4472 0.8944
vn 0.8944 -0.4472 -0.0000
vn -0.0000 -0.4472 -0.8944
vn -0.9985 -0.0000 0.0548
vn 0.9985 -0.0000 0.0548
vn -0.9928 -0.0000 0.1200
vn 0.9928 -0.0000 0.1200
vn 0.9010 0.0018 0.4339
vn 0.8655 0.0021 0.5010
vn 0.9749 0.0009 0.2225
vn 0.9749 0.0008 0.2225
vn 0.7818 0.0026 0.6235
vn 0.4339 0.0038 0.9010
vn 0.4339 0.0037 0.9010
vn -0.0000 0.0041 1.0000
vn -0.0000 0.0042 1.0000
vn -0.4339 0.0037 0.9010
vn -0.4339 0.0038 0.9010
vn -0.8655 0.0021 0.5010
vn -0.9313 0.0015 0.3643
vn -0.7818 0.0026 0.6235
vn -0.9749 0.0009 0.2225
vn 0.8251 -0.4089 0.3899
vn 0.7955 -0.4733 0.3784
vn 0.9446 -0.3176 0.0824
vn 0.9078 -0.3122 0.2801
vn 0.9446 -0.3177 0.0824
vn 0.9439 -0.3057 0.1248
vn 0.6971 -0.4189 0.5819
vn 0.6829 -0.4459 0.5787
vn 0.6897 -0.4545 0.5638
vn 0.6897 -0.4545 0.5637
vn 0.3847 -0.4190 0.8225
vn 0.1919 -0.4091 0.8921
vn 0.1962 -0.4162 0.8878
vn 0.1962 -0.4163 0.8878
vn 0.3927 -0.4320 0.8119
vn 0.3847 -0.4190 0.8224
vn -0.0000 -0.3969 0.9179
vn 0.1963 -0.4162 0.8878
vn 0.1963 -0.4163 0.8878
vn -0.0000 -0.3969 0.9178
vn -0.3847 -0.4190 0.8224
vn -0.3927 -0.4320 0.8119
vn -0.3847 -0.4190 0.8225
vn -0.3766 -0.4058 0.8327
vn -0.7690 -0.3993 0.4992
vn -0.6946 -0.4650 0.5490
vn -0.6897 -0.4545 0.5637
vn -0.6971 -0.4189 0.5819
vn -0.6829 -0.4459 0.5787
vn -0.9520 -0.2971 0.0736
vn -0.9466 -0.3032 0.1096
vn -0.9255 -0.3175 0.2066
vn -0.8367 -0.3333 0.4345
vn -0.9226 -0.2953 0.2483
vn -0.6450 -0.1331 -0.7525
vn 0.9693 0.0996 0.2248
vn 0.9582 0.1249 0.2575
vn 0.9658 -0.0005 0.2592
vn 0.9659 -0.0007 0.2590
vn 0.9887 -0.0009 0.1502
vn 0.7076 -0.0016 0.7066
vn 0.7290 -0.0000 0.6845
vn 0.7300 -0.0024 0.6835
vn 0.6967 -0.0024 0.7174
vn 0.6608 -0.0000 0.7506
vn 0.3786 -0.0000 0.9256
vn -0.3786 -0.0000 0.9256
vn -0.7300 -0.0000 0.6835
vn -0.7290 -0.0000 0.6845
vn 0.7590 -0.0755 -0.6467
vn -0.7309 -0.0000 0.6824
vn -0.9583 0.1246 0.2573
vn -0.9753 0.0826 0.2051
vn -0.9785 -0.0009 0.2060
vn -0.9660 -0.0000 0.2586
vn 0.9657 -0.0000 0.2595
vn -0.9657 -0.0000 0.2595
vn 0.9704 -0.0000 0.2415
vn 0.9211 -0.0000 0.3893
vn 0.8474 -0.0000 0.5310
vn 0.9211 -0.0001 0.3893
vn 0.7546 -0.0000 0.6562
vn 0.4040 -0.0000 0.9148
vn -0.4040 -0.0000 0.9148
vn -0.7546 -0.0000 0.6562
vn -0.8474 -0.0000 0.5310
vn -0.9211 -0.0000 0.3893
vn -0.9704 -0.0000 0.2415
vn 0.9111 -0.0000 0.4122
vn 0.8910 0.1029 0.4422
vn 0.9798 0.0497 0.1938
vn -0.8300 -0.0000 0.5577
vn -0.9251 0.0638 0.3743
vn -0.9523 0.1664 0.2559
vn 0.7290 -0.0001 0.6845
vn -0.7836 -0.0000 0.6213
vn -0.0000 1.0000 -0.0000
vn 0.7836 -0.0000 0.6213
vn 0.7269 0.6584 0.1953
vn 0.5628 0.6357 0.5284
vn 0.5628 0.6356 0.5284
vn 0.1517 0.6125 0.7758
vn 0.1517 0.6124 0.7758
vn 0.2999 0.6103 0.7332
vn -0.0000 0.6000 0.8000
vn -0.2999 0.6103 0.7332
vn -0.5628 0.6357 0.5284
vn -0.5628 0.6356 0.5284
vn -0.7269 0.6584 0.1953
vn 0.6980 -0.3545 0.6221
vn 0.6821 -0.3528 0.6405
vn 0.7135 -0.3561 0.6034
vn 0.3668 -0.3773 0.8504
vn 0.1784 -0.3841 0.9059
vn 0.1867 -0.3861 0.9034
vn 0.3825 -0.3799 0.8422
vn -0.0000 -0.3813 0.9244
vn -0.3668 -0.3773 0.8504
vn -0.3510 -0.3745 0.8582
vn -0.3825 -0.3799 0.8422
vn -0.1623 -0.2680 0.9496
vn -0.8368 -0.3333 0.4344
vn 0.9078 -0.3122 0.2800
vn 0.1623 -0.2679 0.9497
vn -0.6980 -0.3545 0.6222
vn -0.6821 -0.3528 0.6405
vn -0.7135 -0.3561 0.6034
vn 0.1327 -0.9903 0.0407
vn 0.0883 -0.9952 0.0411
vn 0.1676 -0.9851 0.0372
vn 0.1844 -0.9820 0.0399
vn 0.0453 -0.9980 0.0443
vn 0.0311 -0.9986 0.0422
vn 0.0209 -0.9989 0.0427
vn 0.0199 -0.9989 0.0413
vn 0.0210 -0.9989 0.0428
vn -0.0000 -0.9991 0.0421
vn -0.0319 -0.9986 0.0421
vn -0.0451 -0.9980 0.0444
vn -0.0105 -0.9990 0.0424
vn -0.0103 -0.9991 0.0417
vn -0.0901 -0.9951 0.0409
vn -0.1307 -0.9906 0.0406
vn -0.0901 -0.9951 0.0408
vn -0.1657 -0.9855 0.0368
vn -0.1753 -0.9837 0.0400
vn -0.9520 -0.2971 0.0735
vn -0.9589 -0.2836 0.0015
vn -0.9586 -0.2848 0.0065
vn -0.9957 -0.0000 0.0929
vn -0.9952 -0.0013 0.0980
vn -0.9786 -0.0009 0.2060
vn -0.9753 0.0826 0.2050
vn -0.6043 0.5594 0.5674
vn -0.2796 0.6741 0.6837
vn -0.0000 0.7021 0.7121
vn 0.2796 0.6741 0.6837
vn 0.1412 0.6951 0.7049
vn 0.6043 0.5594 0.5674
vn 0.8910 0.1028 0.4422
vn 0.9951 -0.0000 0.0985
vn 0.9583 -0.2855 0.0114
vn 0.9586 -0.2848 0.0064
vn 0.0752 -0.9932 0.0884
vn 0.0548 -0.9947 0.0874
vn 0.0949 -0.9915 0.0888
vn 0.0969 -0.9912 0.0905
vn 0.0358 -0.9955 0.0874
vn -0.0000 -0.9962 0.0875
vn -0.0550 -0.9947 0.0874
vn -0.0752 -0.9932 0.0885
vn -0.0179 -0.9960 0.0875
vn -0.0950 -0.9915 0.0889
vn -0.0966 -0.9912 0.0907
vn -0.0753 -0.9932 0.0885
vn -0.0949 -0.9915 0.0889
vn 0.8274 0.1182 0.5491
vn 0.8061 0.1048 0.5825
vn 0.8274 0.1181 0.5491
vn 0.8472 0.1313 0.5147
vn -0.6922 0.4215 0.5858
vn -0.6926 0.4209 0.5858
vn -0.6921 0.4217 0.5858
vn -0.6918 0.4222 0.5858
vn -0.3335 0.5899 0.7354
vn -0.3344 0.5882 0.7364
vn -0.3326 0.5917 0.7343
vn -0.0000 0.6335 0.7738
vn -0.0000 0.6335 0.7737
vn 0.3335 0.5899 0.7354
vn 0.3334 0.5914 0.7342
vn 0.2252 0.6123 0.7579
vn 0.1127 0.6265 0.7712
vn 0.6921 0.4218 0.5857
vn 0.6922 0.4221 0.5854
vn 0.6921 0.4216 0.5858
vn 0.6921 0.4213 0.5861
vn -0.8278 0.1187 0.5484
vn -0.8471 0.1331 0.5145
vn -0.8278 0.1187 0.5483
vn -0.8070 0.1040 0.5813
vn -0.0482 -0.9983 0.0317
vn -0.0407 -0.9986 0.0336
vn -0.0557 -0.9980 0.0298
vn -0.0482 0.9983 0.0317
vn -0.0557 0.9979 0.0336
vn -0.0407 0.9987 0.0299
vn -0.9848 -0.1736 -0.0000
vn 0.0963 -0.9954 -0.0000
vn -0.2499 0.9683 -0.0000
vn 0.0482 -0.9983 0.0317
vn 0.0557 -0.9980 0.0298
vn 0.0407 -0.9986 0.0336
vn 0.0482 0.9983 0.0317
vn 0.0407 0.9987 0.0299
vn 0.0557 0.9979 0.0336
vn 0.9848 -0.1736 -0.0000
vn -0.0963 -0.9954 -0.0000
vn 0.2499 0.9683 -0.0000
vn -0.3071 0.9509 0.0393
vn -0.1291 0.9885 0.0788
vn -0.2692 0.9628 0.0232
vn -0.2659 0.9639 0.0127
vn -0.1293 0.9905 0.0471
vn -0.0005 -0.0000 1.0000
vn -0.0005 -0.0001 1.0000
vn -0.0009 -0.0002 1.0000
vn -0.0005 -0.0002 1.0000
vn -0.3221 -0.9467 0.0081
vn -0.1021 -0.9948 0.0063
vn -0.2064 -0.9784 0.0061
vn -0.2600 -0.9656 0.0060
vn 0.0277 -0.9996 0.0019
vn -0.0079 -0.0016 -1.0000
vn 0.0005 0.0001 -1.0000
vn -0.0159 -0.0030 -0.9999
vn 0.0006 0.0003 -1.0000
vn 0.0018 0.0011 -1.0000
vn 0.0007 0.0004 -1.0000
vn 0.0011 -0.0000 -1.0000
vn 0.0006 -0.0000 -1.0000
vn 0.0004 -0.0000 -1.0000
vn 0.0002 0.0001 -1.0000
vn 0.0008 -0.0000 -1.0000
vn -0.0011 0.0004 -1.0000
vn -0.0016 0.0005 -1.0000
vn -0.0008 0.0002 -1.0000
vn 0.0107 -0.0021 -0.9999
vn -0.0007 0.0003 -1.0000
vn -0.0003 0.0002 -1.0000
vn 0.0127 -0.0026 -0.9999
vn -0.0005 0.0001 -1.0000
vn 0.1473 -0.9891 0.0005
vn 0.1021 -0.9948 0.0013
vn 0.1474 -0.9891 0.0005
vn 0.1923 -0.9813 -0.0003
vn 0.0005 -0.0001 1.0000
vn 0.0009 -0.0004 1.0000
vn 0.0005 -0.0000 1.0000
vn 0.1293 0.9905 0.0471
vn 0.2692 0.9630 0.0075
vn 0.9230 0.3809 0.0545
vn 0.1294 0.9913 0.0239
vn -0.0005 -0.0000 -1.0000
vn -0.0008 -0.0001 -1.0000
vn -0.0007 -0.0001 -1.0000
vn -0.0011 -0.0002 -1.0000
vn 0.0127 -0.0027 -0.9999
vn -0.0008 0.0001 1.0000
vn -0.0009 -0.0007 1.0000
vn -0.0004 -0.0002 1.0000
vn 0.0004 -0.0002 1.0000
vn 0.0005 -0.0002 1.0000
vn 0.0008 -0.0001 1.0000
vn 0.0008 -0.0005 1.0000
vn 0.0009 0.0001 1.0000
vn -0.9785 -0.2065 -0.0005
vn -0.9904 -0.1383 -0.0005
vn -0.9976 -0.0690 -0.0005
vn 0.0195 0.9998 0.0001
vn 0.9432 0.3322 0.0005
vn 0.9629 0.2698 0.0005
vn 0.9195 0.3930 0.0005
vn 0.9195 0.3930 0.0004
vn 0.9785 0.2065 0.0005
vn 0.9432 0.3323 0.0005
vn 0.9904 0.1383 0.0005
vn 0.9976 0.0690 0.0005
vn 1.0000 -0.0002 0.0005
vn 0.9976 0.0691 0.0005
vn 0.1294 -0.9916 -0.0000
vn -1.0000 0.0002 -0.0005
vn 0.9904 -0.1383 -0.0005
vn 0.9976 -0.0690 -0.0005
vn 0.9785 -0.2065 -0.0005
vn 1.0000 0.0002 -0.0005
vn 0.9976 -0.0691 -0.0005
vn -0.1294 -0.9916 -0.0000
vn -0.9976 0.0690 0.0005
vn -0.9904 0.1383 0.0005
vn -1.0000 -0.0002 0.0005
vn -0.9785 0.2065 0.0005
vn -0.9629 0.2698 0.0005
vn -0.9432 0.3323 0.0005
vn -0.9195 0.3930 0.0004
vn -0.9432 0.3322 0.0005
vn -0.9195 0.3930 0.0005
vn -0.0195 0.9998 0.0001
vn -0.9759 -0.2041 0.0771
vn -0.9609 -0.2660 0.0767
vn -0.9629 -0.2684 0.0263
vn 0.9540 -0.2986 -0.0277
vn 0.9215 -0.3878 0.0184
vn 0.9542 -0.2989 -0.0139
vn 0.9758 -0.2059 -0.0736
vn 0.9540 -0.2985 -0.0277
vn 0.9671 -0.2515 0.0387
vn 0.9522 -0.2958 0.0764
vn 0.9671 -0.2515 0.0388
vn -0.9800 -0.1972 0.0264
vn -0.9793 -0.2001 0.0316
vn -0.7655 -0.6407 0.0588
vn -0.9785 -0.2030 0.0368
vn 0.9597 -0.2765 0.0506
vn 0.9763 -0.2026 0.0756
vn 0.9671 -0.2502 0.0460
vn 0.9613 -0.2738 0.0311
vn 0.9797 -0.1971 0.0369
vn -0.0370 0.9993 0.0014
vn -0.0369 0.9993 0.0038
vn 0.0327 0.0067 0.9994
vn 0.0328 0.0067 0.9994
vn 0.0280 -0.9996 -0.0011
vn 0.0370 -0.9993 -0.0016
vn 0.0190 -0.9998 -0.0007
vn -0.0328 -0.0066 -0.9994
vn 0.0370 0.9993 0.0014
vn 0.0328 -0.0066 -0.9994
vn -0.0280 -0.9996 -0.0012
vn -0.0190 -0.9998 -0.0009
vn -0.0280 -0.9996 -0.0011
vn -0.0370 -0.9993 -0.0014
vn -0.0328 0.0067 0.9994
vn -0.0327 0.0067 0.9994
vn 0.0369 0.9993 0.0038
vn -0.8389 0.5438 0.0231
vn -0.8293 0.5584 0.0231
vn -0.8483 0.5290 0.0231
vn -0.8259 0.5601 0.0647
vn -0.8251 0.5612 0.0648
vn -0.8267 0.5590 0.0647
vn -0.6334 -0.1307 0.7627
vn -0.6374 -0.1306 0.7594
vn -0.6294 -0.1307 0.7660
vn -0.5590 -0.8289 0.0213
vn -0.5736 -0.8188 0.0220
vn -0.5441 -0.8388 0.0205
vn -0.7477 -0.1500 -0.6469
vn -0.7462 -0.1492 -0.6488
vn -0.7492 -0.1507 -0.6450
vn 0.8388 0.5439 0.0231
vn 0.8481 0.5293 0.0236
vn 0.8293 0.5584 0.0226
vn 0.7473 -0.1499 -0.6474
vn 0.7490 -0.1498 -0.6454
vn 0.7473 -0.1499 -0.6473
vn 0.7456 -0.1500 -0.6493
vn 0.5592 -0.8288 0.0213
vn 0.5443 -0.8386 0.0209
vn 0.5592 -0.8287 0.0213
vn 0.5739 -0.8186 0.0216
vn 0.6343 -0.1309 0.7619
vn 0.6306 -0.1292 0.7653
vn 0.6380 -0.1325 0.7585
vn 0.8259 0.5600 0.0648
vn 0.8267 0.5590 0.0649
vn 0.8259 0.5602 0.0647
vn 0.8251 0.5613 0.0646
vn 0.6922 -0.7204 0.0430
vn 0.6932 -0.7180 0.0626
vn 0.6983 -0.7131 0.0619
vn -0.6932 -0.7180 0.0626
vn -0.6983 -0.7131 0.0619
vn 0.3912 -0.3961 -0.8307
vn 0.3905 -0.3957 -0.8312
vn 0.3911 -0.3960 -0.8308
vn 0.3917 -0.3963 -0.8304
vn -0.2045 -0.9789 -0.0002
vn -0.2041 -0.9790 -0.0002
vn -0.2046 -0.9788 -0.0002
vn -0.2049 -0.9788 -0.0002
vn 0.3868 -0.3953 0.8332
vn 0.3865 -0.3947 0.8336
vn 0.3870 -0.3958 0.8328
vn 0.9822 0.1877 -0.0008
vn 0.9821 0.1886 -0.0008
vn 0.9824 0.1869 -0.0008
vn 0.2046 -0.9789 -0.0002
vn 0.0686 -0.9976 -0.0001
vn 0.1370 -0.9906 -0.0002
vn 0.1369 -0.9906 -0.0002
vn 0.2040 -0.9790 -0.0002
vn 0.2045 -0.9789 -0.0002
vn -0.3911 -0.3961 -0.8308
vn -0.3912 -0.3964 -0.8305
vn -0.3910 -0.3958 -0.8310
vn -0.3907 -0.3953 -0.8313
vn -0.9822 0.1876 -0.0008
vn -0.9824 0.1869 -0.0008
vn -0.9822 0.1878 -0.0008
vn -0.9821 0.1886 -0.0008
vn -0.3868 -0.3952 0.8332
vn -0.3872 -0.3954 0.8329
vn -0.3866 -0.3951 0.8333
vn -0.3861 -0.3948 0.8337
vn -0.1474 -0.9891 0.0005
vn -0.1923 -0.9813 -0.0003
vn -0.1473 -0.9891 0.0005
vn -0.1021 -0.9948 0.0013
vn -0.0316 -0.9995 -0.0028
vn -0.0277 -0.9996 -0.0021
vn 0.0130 -0.9999 0.0024
vn 0.0333 -0.9994 0.0047
vn 0.1021 -0.9947 0.0128
vn 0.9338 -0.2131 0.2873
vn 0.9599 -0.2191 0.1750
vn 0.9584 -0.2242 0.1766
vn 0.7489 -0.5972 0.2873
vn 0.7715 -0.6153 0.1617
vn 0.7639 -0.6239 0.1650
vn 0.4156 -0.8630 0.2873
vn 0.4291 -0.8910 0.1485
vn 0.4208 -0.8945 0.1511
vn -0.0000 -0.9578 0.2873
vn -0.0000 -0.9811 0.1934
vn -0.0000 -0.9953 0.0967
vn -0.4156 -0.8630 0.2873
vn -0.4207 -0.9011 0.1047
vn -0.2184 -0.9643 0.1500
vn -0.1414 -0.9455 0.2933
vn -0.7489 -0.5972 0.2873
vn -0.7662 -0.6307 0.1234
vn -0.7653 -0.6103 0.2042
vn -0.9338 -0.2131 0.2873
vn -0.9639 -0.2273 0.1389
vn -0.9526 -0.2174 0.2129
vn 0.9595 -0.2190 0.1772
vn 0.9749 -0.2225 -0.0000
vn 0.9116 -0.2081 0.3544
vn 0.7695 -0.6136 0.1772
vn 0.7818 -0.6235 -0.0000
vn 0.7311 -0.5830 0.3544
vn 0.7694 -0.6136 0.1772
vn 0.4270 -0.8867 0.1772
vn 0.4339 -0.9010 -0.0000
vn 0.4057 -0.8425 0.3544
vn -0.0000 -0.9842 0.1772
vn -0.0000 -0.9524 0.3048
vn -0.4270 -0.8867 0.1772
vn -0.4339 -0.9010 -0.0000
vn -0.2225 -0.9749 -0.0000
vn -0.2495 -0.9115 0.3269
vn -0.7695 -0.6136 0.1772
vn -0.7818 -0.6235 -0.0000
vn -0.7311 -0.5830 0.3544
vn -0.9595 -0.2190 0.1772
vn -0.9749 -0.2225 -0.0000
vn -0.9117 -0.2081 0.3544
vn 0.8360 -0.1908 0.5145
vn 0.6704 -0.5346 0.5145
vn 0.3721 -0.7726 0.5145
vn -0.0000 -0.8575 0.5145
vn -0.3721 -0.7726 0.5145
vn -0.1261 -0.8430 0.5230
vn -0.6704 -0.5346 0.5145
vn -0.8360 -0.1908 0.5145
vn -0.9116 -0.2081 0.3544
vn 0.9627 -0.2633 0.0629
vn 0.9661 -0.2510 0.0598
vn 0.9590 -0.2756 0.0659
vn 0.7228 -0.6901 0.0377
vn 0.7401 -0.6717 0.0317
vn 0.7228 -0.6900 0.0377
vn 0.7050 -0.7079 0.0437
vn 0.3735 -0.9276 0.0106
vn 0.3897 -0.9209 0.0060
vn 0.3572 -0.9339 0.0153
vn -0.1322 -0.9912 0.0020
vn -0.2531 -0.9674 0.0072
vn -0.3735 -0.9276 0.0106
vn -0.3572 -0.9339 0.0153
vn -0.7228 -0.6901 0.0377
vn -0.7401 -0.6717 0.0317
vn -0.7228 -0.6900 0.0377
vn -0.7050 -0.7079 0.0437
vn -0.9627 -0.2633 0.0629
vn -0.9661 -0.2510 0.0598
vn -0.9590 -0.2756 0.0659
vn 0.9584 -0.2242 0.1765
vn 0.9706 -0.2323 0.0634
vn 0.9679 -0.2425 0.0665
vn 0.7667 -0.6407 0.0400
vn 0.7516 -0.6580 0.0466
vn 0.4179 -0.9084 0.0119
vn 0.4178 -0.9084 0.0119
vn 0.4017 -0.9156 0.0172
vn -0.2844 -0.9587 0.0081
vn -0.4208 -0.9011 0.1047
vn -0.4017 -0.9156 0.0172
vn -0.7667 -0.6407 0.0400
vn -0.7662 -0.6307 0.1233
vn -0.7516 -0.6580 0.0466
vn -0.9706 -0.2323 0.0634
vn -0.9639 -0.2272 0.1389
vn -0.9639 -0.2272 0.1388
vn -0.9679 -0.2425 0.0665
vn 0.9711 -0.2276 0.0712
vn 0.9713 -0.2270 0.0705
vn 0.9711 -0.2278 0.0714
vn 0.9709 -0.2284 0.0720
vn 0.7728 -0.6331 0.0444
vn 0.7749 -0.6308 0.0400
vn 0.7706 -0.6354 0.0488
vn 0.4244 -0.9054 0.0105
vn 0.4266 -0.9044 0.0071
vn 0.4222 -0.9064 0.0140
vn -0.0000 -1.0000 -0.0040
vn -0.1453 -0.9894 -0.0003
vn -0.2891 -0.9573 0.0058
vn -0.4244 -0.9054 0.0105
vn -0.4222 -0.9064 0.0140
vn -0.7728 -0.6331 0.0444
vn -0.7749 -0.6308 0.0400
vn -0.7706 -0.6354 0.0488
vn -0.9711 -0.2276 0.0712
vn -0.9713 -0.2270 0.0705
vn -0.9711 -0.2278 0.0713
vn -0.9709 -0.2284 0.0720
vn 0.9668 -0.2554 -0.0000
vn 0.7349 -0.6782 -0.0000
vn 0.3842 -0.9233 -0.0000
vn -0.1303 -0.9915 -0.0000
vn -0.2606 -0.9654 -0.0000
vn -0.3842 -0.9233 -0.0000
vn -0.7349 -0.6782 -0.0000
vn -0.9668 -0.2554 -0.0000
vn 0.9619 0.2646 0.0686
vn 0.9579 0.2795 0.0659
vn 0.9657 0.2496 0.0713
vn 0.9367 -0.2317 -0.2624
vn 0.9236 -0.2399 -0.2990
vn 0.9367 -0.2317 -0.2625
vn 0.9484 -0.2232 -0.2254
vn 0.7175 -0.6200 -0.3175
vn 0.6800 -0.6172 -0.3958
vn 0.7175 -0.6200 -0.3176
vn 0.7495 -0.6181 -0.2369
vn 0.3614 -0.8123 -0.4578
vn 0.3353 -0.7925 -0.5093
vn 0.3614 -0.8122 -0.4579
vn 0.3861 -0.8290 -0.4046
vn -0.0000 -0.8557 -0.5175
vn -0.3611 -0.8140 -0.4550
vn -0.3567 -0.8429 -0.4028
vn -0.1836 -0.8494 -0.4948
vn -0.1854 -0.8334 -0.5206
vn -0.7184 -0.6225 -0.3104
vn -0.7211 -0.6545 -0.2271
vn -0.7100 -0.5856 -0.3911
vn -0.9349 -0.2315 -0.2691
vn -0.9403 -0.2443 -0.2369
vn -0.9349 -0.2315 -0.2690
vn -0.9283 -0.2185 -0.3009
vn -0.9598 0.2721 0.0684
vn -0.9642 0.2569 0.0663
vn -0.9553 0.2871 0.0705
vn -0.9000 -0.2178 0.3776
vn -0.8881 -0.2225 0.4021
vn -0.9000 -0.2179 0.3776
vn -0.9111 -0.2130 0.3528
vn -0.6994 -0.5899 0.4035
vn -0.6676 -0.5844 0.4612
vn -0.7282 -0.5928 0.3440
vn -0.2408 -0.8090 0.5363
vn -0.1133 -0.8177 0.5645
vn -0.3560 -0.7815 0.5124
vn -0.3759 -0.7968 0.4731
vn -0.0000 -0.8283 0.5603
vn -0.1133 -0.8176 0.5645
vn 0.3560 -0.7829 0.5102
vn 0.3542 -0.8075 0.4717
vn 0.3570 -0.7568 0.5476
vn 0.7008 -0.5923 0.3976
vn 0.7086 -0.6203 0.3363
vn 0.6897 -0.5615 0.4572
vn 0.8983 -0.2176 0.3816
vn 0.9050 -0.2267 0.3600
vn 0.8912 -0.2083 0.4030
vn 0.9534 0.3018 -0.0000
vn -0.9534 0.3018 -0.0000
vn -0.9024 -0.2487 0.3520
vn -0.8871 -0.2550 0.3849
vn -0.9164 -0.2421 0.3186
vn -0.6666 -0.6409 0.3806
vn -0.6299 -0.6325 0.4507
vn -0.6991 -0.6452 0.3082
vn -0.2179 -0.8297 0.5139
vn -0.1015 -0.8329 0.5440
vn -0.3231 -0.8084 0.4920
vn -0.3439 -0.8264 0.4460
vn -0.0000 -0.8422 0.5392
vn 0.3229 -0.8100 0.4895
vn 0.3202 -0.8372 0.4434
vn 0.3248 -0.7805 0.5342
vn 0.6677 -0.6437 0.3740
vn 0.6737 -0.6765 0.2976
vn 0.6677 -0.6437 0.3741
vn 0.6570 -0.6064 0.4479
vn 0.9002 -0.2484 0.3577
vn 0.9078 -0.2609 0.3283
vn 0.8916 -0.2355 0.3866
vn 0.1267 -0.9919 -0.0000
vn 0.0850 -0.0000 0.9964
vn 0.1267 0.9919 -0.0000
vn 0.1354 -0.0000 0.9908
vn -0.1267 -0.9919 -0.0000
vn -0.1354 -0.0000 0.9908
vn -0.1267 0.9919 -0.0000
vn -0.0850 -0.0000 0.9964
vn -0.0000 -0.3655 -0.9308
vn -0.0000 0.3772 0.9261
vn -0.0000 0.3012 0.9536
vn -0.0000 0.4503 0.8929
vn -0.0190 -0.9998 -0.0000
vn -0.7104 -0.6893 -0.1421
vn -0.7443 -0.6510 -0.1489
vn -0.7276 -0.6704 -0.1455
vn -0.1784 0.9840 -0.0000
vn 0.9711 -0.2388 -0.0000
vn 0.9813 -0.1925 -0.0000
vn 0.9765 -0.2157 -0.0000
vn -0.0286 -0.9996 -0.0000
vn -0.9711 0.2388 -0.0000
vn -0.2688 0.9632 -0.0000
vn 0.7542 0.6567 -0.0000
vn 0.7618 0.6478 -0.0000
vn 0.7463 0.6656 -0.0000
vn -0.0229 -0.9997 -0.0000
vn -0.9695 0.1497 0.1939
vn -0.9660 0.1720 0.1932
vn -0.1331 0.9911 -0.0000
vn 0.7564 0.6542 -0.0000
vn 0.7580 0.6522 -0.0000
vn -0.0000 0.2237 0.9747
vn -0.7605 -0.6312 -0.1521
vn -0.7605 -0.6313 -0.1521
vn -0.7463 -0.6656 -0.0000
vn 0.7619 0.6477 -0.0000
vn 0.7695 0.6387 -0.0000
vn -0.7748 -0.6129 0.1550
vn 0.9216 0.3882 -0.0000
vn 0.9049 0.4257 -0.0000
vn 0.9368 0.3500 -0.0000
vn -0.9048 -0.4258 -0.0000
vn -0.9215 -0.3884 -0.0000
vn -0.9215 -0.3884 0.0001
vn -0.9367 -0.3501 0.0001
vn -0.9049 -0.4257 -0.0000
vn -0.8655 -0.4701 0.1731
vn -0.8241 -0.5419 0.1648
vn -0.9132 -0.3642 0.1826
vn -0.9132 -0.3642 0.1827
vn -0.9248 -0.3324 0.1850
vn -0.0000 0.0095 1.0000
vn -0.0000 -0.0137 0.9999
vn -0.0000 0.0734 0.9973
vn -0.0000 0.1140 0.9935
vn -0.9207 -0.3440 -0.1841
vn -0.9575 -0.2157 -0.1915
vn -0.9466 -0.2611 -0.1893
vn -0.9063 -0.3818 -0.1813
vn 0.9368 0.3499 -0.0000
vn 0.9734 0.2290 -0.0000
vn 0.9725 0.2330 -0.0000
vn 0.9294 0.3691 -0.0000
vn 0.9640 0.2658 -0.0000
vn 0.9982 0.0599 -0.0000
vn 0.9984 -0.0557 -0.0000
vn -0.9856 0.1691 -0.0001
vn -0.9983 -0.0589 0.0002
vn -0.9984 0.0568 0.0002
vn -0.9984 0.0569 0.0002
vn -0.9855 0.1694 -0.0000
vn -0.9803 -0.0251 0.1961
vn -0.9803 -0.0251 0.1960
vn -0.0000 0.4566 -0.8897
vn -0.0000 -0.3213 0.9470
vn -0.9437 0.2717 -0.1887
vn -0.9279 0.3234 -0.1856
vn -0.9568 0.2191 -0.1914
vn 0.9790 -0.2041 -0.0000
vn -0.0000 -0.1995 0.9799
vn -0.9791 0.0546 -0.1958
vn -0.9789 -0.0587 -0.1958
vn 0.9789 -0.2041 -0.0000
vn 1.0000 0.0021 -0.0000
vn 0.9756 0.2197 -0.0000
vn -0.9701 -0.2428 0.0001
vn -0.9702 -0.2422 0.0002
vn -0.9702 -0.2422 0.0003
vn -0.9569 -0.2184 0.1914
vn -0.9470 -0.2596 0.1894
vn -0.0000 -0.0369 0.9993
vn 0.9725 0.2329 -0.0000
vn -0.9702 -0.2423 0.0003
vn -0.9248 -0.3323 0.1850
vn -0.9133 -0.3641 0.1827
vn -0.9470 -0.2595 0.1894
vn -0.0000 0.1543 0.9880
vn -0.8904 -0.4189 -0.1781
vn 0.9294 0.3692 -0.0000
vn 0.7541 0.6567 -0.0000
vn -0.7695 -0.6387 -0.0000
vn -0.7774 -0.6095 0.1555
vn -0.9216 -0.3882 -0.0000
vn -0.9368 -0.3500 -0.0000
vn -0.9856 0.1691 -0.0000
vn -0.9984 0.0557 -0.0000
vn -0.9982 -0.0599 -0.0000
vn -0.9756 -0.2197 -0.0000
vn -0.9640 -0.2658 -0.0000
vn -0.9368 -0.3499 -0.0000
vn -0.0925 -0.9957 -0.0000
vn -0.5441 -0.4516 -0.7071
vn -0.9957 0.0925 -0.0000
vn -0.6226 -0.3570 0.6963
vn -0.7395 -0.0460 0.6716
vn -0.8555 -0.5178 -0.0000
vn -0.6866 0.1689 -0.7071
vn -0.5178 0.8555 -0.0000
vn -0.6935 -0.2847 0.6618
vn -0.0571 -0.9984 -0.0000
vn -0.0285 -0.9996 -0.0000
vn -0.0228 -0.9997 -0.0000
vn -0.5277 -0.4706 -0.7071
vn -0.9984 0.0571 -0.0000
vn -0.6837 -0.2126 0.6981
vn -0.6840 -0.2128 0.6978
vn -0.6845 -0.2090 0.6984
vn -0.6845 -0.2053 0.6995
vn -0.6834 -0.2125 0.6985
vn -0.4837 -0.8752 -0.0000
vn -0.6641 -0.2801 -0.6932
vn -0.6716 -0.2512 -0.6970
vn -0.6561 -0.3086 -0.6887
vn -0.6854 -0.1892 -0.7032
vn -0.6915 -0.1560 -0.7053
vn -0.6716 -0.2512 -0.6971
vn -0.6969 -0.1226 -0.7066
vn -0.7117 0.1221 -0.6917
vn -0.6897 0.7241 -0.0000
vn -0.7126 -0.0624 0.6988
vn -0.7106 -0.0840 0.6986
vn -0.7143 -0.0198 0.6996
vn -0.7144 -0.0197 0.6995
vn -0.7155 -0.0192 0.6984
vn -0.6939 -0.1480 0.7047
vn -0.7052 -0.1474 0.6936
vn -0.6845 -0.2053 0.6996
vn -0.6850 -0.2016 0.7001
vn -0.6840 -0.2015 0.7012
vn -0.6845 -0.2052 0.6996
vn -0.6867 0.1689 0.7071
vn -0.7148 0.4504 -0.5350
vn -0.2577 0.5181 -0.8156
vn -0.0191 -0.9998 -0.0000
vn -0.2641 -0.5473 -0.7941
vn -0.4575 -0.6631 -0.5924
vn -0.5277 -0.4706 0.7071
vn -0.6558 -0.2764 -0.7025
vn -0.6647 -0.2485 -0.7046
vn -0.6463 -0.3040 -0.6999
vn -0.6818 -0.1880 -0.7069
vn -0.6899 -0.1554 -0.7071
vn -0.6971 -0.1226 -0.7064
vn -0.7262 0.1246 -0.6761
vn -0.7310 0.6824 -0.0000
vn -0.7310 0.6823 -0.0000
vn -0.7262 0.1246 0.6761
vn -0.6899 -0.1554 0.7071
vn -0.6818 -0.1880 0.7069
vn -0.6971 -0.1226 0.7064
vn -0.6972 -0.1226 0.7064
vn -0.6899 -0.1554 0.7070
vn -0.6647 -0.2485 0.7046
vn -0.6558 -0.2764 0.7025
vn -0.6463 -0.3040 0.6999
vn -0.5723 -0.4750 0.6684
vn -0.3142 -0.9494 -0.0000
vn -0.5723 -0.4750 -0.6684
vn 0.0190 -0.9998 -0.0000
vn 0.7104 -0.6893 -0.1421
vn 0.7276 -0.6704 -0.1455
vn 0.7443 -0.6510 -0.1489
vn 0.1784 0.9840 -0.0000
vn -0.9711 -0.2388 -0.0000
vn -0.9765 -0.2157 -0.0000
vn -0.9813 -0.1925 -0.0000
vn 0.0286 -0.9996 -0.0000
vn 0.9711 0.2388 -0.0000
vn 0.2688 0.9632 -0.0000
vn -0.7542 0.6567 -0.0000
vn -0.7463 0.6656 -0.0000
vn -0.7618 0.6478 -0.0000
vn 0.0229 -0.9997 -0.0000
vn 0.9695 0.1497 0.1939
vn 0.9660 0.1720 0.1932
vn 0.1331 0.9911 -0.0000
vn -0.7564 0.6542 -0.0000
vn -0.7580 0.6522 -0.0000
vn 0.7605 -0.6312 -0.1521
vn -0.7619 0.6477 -0.0000
vn 0.7463 -0.6656 -0.0000
vn -0.7695 0.6387 -0.0000
vn 0.7748 -0.6129 0.1550
vn -0.9216 0.3882 -0.0000
vn -0.9368 0.3500 -0.0000
vn -0.9049 0.4257 -0.0000
vn 0.9049 -0.4257 -0.0000
vn 0.9367 -0.3501 0.0001
vn 0.9215 -0.3884 -0.0000
vn 0.9048 -0.4258 -0.0000
vn 0.8655 -0.4701 0.1731
vn 0.9248 -0.3324 0.1850
vn 0.9132 -0.3642 0.1827
vn 0.9132 -0.3642 0.1826
vn 0.8241 -0.5419 0.1648
vn 0.9207 -0.3440 -0.1841
vn 0.9063 -0.3818 -0.1813
vn 0.9466 -0.2611 -0.1893
vn 0.9575 -0.2157 -0.1915
vn 0.9207 -0.3440 -0.1842
vn -0.9368 0.3499 -0.0000
vn -0.9294 0.3691 -0.0000
vn -0.9725 0.2330 -0.0000
vn -0.9734 0.2290 -0.0000
vn -0.9640 0.2658 -0.0000
vn -0.9984 -0.0557 -0.0000
vn -0.9982 0.0599 -0.0000
vn 0.9855 0.1694 -0.0000
vn 0.9984 0.0569 0.0002
vn 0.9984 0.0568 0.0002
vn 0.9983 -0.0589 0.0002
vn 0.9856 0.1691 -0.0001
vn 0.9803 -0.0251 0.1960
vn 0.9803 -0.0251 0.1961
vn 0.9437 0.2717 -0.1887
vn 0.9568 0.2191 -0.1914
vn 0.9279 0.3234 -0.1856
vn -0.9790 -0.2041 -0.0000
vn 0.9791 0.0546 -0.1958
vn 0.9789 -0.0587 -0.1958
vn -0.9789 -0.2041 -0.0000
vn -1.0000 0.0021 -0.0000
vn -0.9756 0.2197 -0.0000
vn 0.9702 -0.2422 0.0003
vn 0.9701 -0.2428 -0.0000
vn 0.9569 -0.2184 0.1914
vn 0.9470 -0.2596 0.1894
vn -0.9725 0.2329 -0.0000
vn 0.9701 -0.2428 0.0001
vn 0.9702 -0.2423 0.0003
vn 0.9215 -0.3884 0.0001
vn 0.9367 -0.3502 0.0001
vn 0.9248 -0.3323 0.1850
vn 0.9470 -0.2595 0.1894
vn 0.9133 -0.3641 0.1827
vn 0.8904 -0.4189 -0.1781
vn -0.9294 0.3692 -0.0000
vn -0.7541 0.6567 -0.0000
vn 0.7695 -0.6387 -0.0000
vn 0.7774 -0.6095 0.1555
vn 0.9216 -0.3882 -0.0000
vn 0.9368 -0.3500 -0.0000
vn 0.9856 0.1691 -0.0000
vn 0.9982 -0.0599 -0.0000
vn 0.9984 0.0557 -0.0000
vn 0.9640 -0.2658 -0.0000
vn 0.9756 -0.2197 -0.0000
vn 0.9368 -0.3499 -0.0000
vn 0.0925 -0.9957 -0.0000
vn 0.5441 -0.4516 -0.7071
vn 0.9957 0.0925 -0.0000
vn 0.6226 -0.3570 0.6963
vn 0.7395 -0.0460 0.6716
vn 0.8555 -0.5178 -0.0000
vn 0.6866 0.1689 -0.7071
vn 0.5178 0.8555 -0.0000
vn 0.6935 -0.2847 0.6618
vn 0.0571 -0.9984 -0.0000
vn 0.0228 -0.9997 -0.0000
vn 0.0285 -0.9996 -0.0000
vn 0.5277 -0.4706 -0.7071
vn 0.9984 0.0571 -0.0000
vn 0.6834 -0.2125 0.6985
vn 0.6845 -0.2053 0.6995
vn 0.6845 -0.2090 0.6984
vn 0.6845 -0.2091 0.6984
vn 0.6840 -0.2128 0.6978
vn 0.4837 -0.8752 -0.0000
vn 0.6641 -0.2801 -0.6932
vn 0.6561 -0.3086 -0.6887
vn 0.6716 -0.2512 -0.6970
vn 0.6853 -0.1892 -0.7032
vn 0.6716 -0.2512 -0.6971
vn 0.6915 -0.1560 -0.7053
vn 0.6969 -0.1226 -0.7066
vn 0.6854 -0.1892 -0.7032
vn 0.7118 0.1221 -0.6917
vn 0.7117 0.1221 -0.6917
vn 0.6897 0.7241 -0.0000
vn 0.7126 -0.0624 0.6988
vn 0.7155 -0.0192 0.6984
vn 0.7144 -0.0197 0.6995
vn 0.7143 -0.0197 0.6995
vn 0.7106 -0.0840 0.6986
vn 0.7052 -0.1474 0.6936
vn 0.6939 -0.1480 0.7047
vn 0.6845 -0.2052 0.6996
vn 0.6840 -0.2015 0.7012
vn 0.6850 -0.2016 0.7001
vn 0.6851 -0.2016 0.7000
vn 0.6845 -0.2052 0.6995
vn 0.6866 0.1689 0.7071
vn 0.6867 0.1689 0.7071
vn 0.2577 0.5181 -0.8156
vn 0.7148 0.4504 -0.5350
vn 0.0191 -0.9998 -0.0000
vn 0.4575 -0.6631 -0.5924
vn 0.2641 -0.5474 -0.7941
vn 0.5277 -0.4706 0.7071
vn 0.6558 -0.2764 -0.7025
vn 0.6463 -0.3040 -0.6999
vn 0.6647 -0.2485 -0.7046
vn 0.6818 -0.1880 -0.7069
vn 0.6899 -0.1554 -0.7071
vn 0.6971 -0.1226 -0.7064
vn 0.7262 0.1246 -0.6761
vn 0.7310 0.6823 -0.0000
vn 0.7310 0.6824 -0.0000
vn 0.7262 0.1246 0.6761
vn 0.6899 -0.1554 0.7070
vn 0.6972 -0.1226 0.7064
vn 0.6818 -0.1880 0.7069
vn 0.6647 -0.2485 0.7046
vn 0.6558 -0.2764 0.7025
vn 0.6463 -0.3040 0.6999
vn 0.5723 -0.4750 0.6684
vn 0.3142 -0.9494 -0.0000
vn 0.5723 -0.4750 -0.6684
vn -0.7514 -0.6599 -0.0000
vn 0.0313 0.1774 -0.9836
vn 0.0336 0.1905 0.9811
vn -0.1736 -0.9848 -0.0000
vn 0.1736 0.9848 -0.0000
vn -0.9848 0.1736 -0.0000
vn -0.0823 -0.9966 -0.0000
vn -0.0823 0.9966 -0.0000
vn -0.0621 -0.9981 -0.0000
vn -0.0621 0.9981 -0.0000
vn 0.9724 0.2331 -0.0000
vn 0.9968 -0.0797 -0.0000
vn 0.9968 0.0797 -0.0000
vn 0.7016 0.7125 -0.0000
vn -0.7016 0.7125 -0.0000
vn -0.9968 0.0797 -0.0000
vn -0.9724 0.2331 -0.0000
vn -0.9968 -0.0797 -0.0000
vn -0.9724 -0.2331 -0.0000
vn -0.7016 -0.7125 -0.0000
vn 0.7016 -0.7125 -0.0000
vn 0.9724 -0.2331 -0.0000
vn 0.9590 -0.0000 -0.2835
vn 0.9899 -0.0000 -0.1417
vn -0.9091 -0.0000 -0.4165
vn -0.9899 -0.0000 -0.1417
vn -0.9590 -0.0000 -0.2835
vn 0.9091 -0.0000 -0.4165
vn -0.9590 -0.0000 -0.2834
vn 0.1038 -0.2226 -0.9694
vn 0.1113 -0.2386 0.9647
vn -0.4226 0.9063 -0.0000
vn 0.8757 0.4829 -0.0000
vn 0.4226 -0.9063 -0.0000
vn -0.8757 -0.4829 -0.0000
vn -0.0000 0.9763 -0.2164
vn -0.0001 0.9763 -0.2164
vn -0.0000 0.9063 -0.4226
vn -0.0000 -0.9763 0.2164
vn -0.0000 -0.9763 -0.2164
vn -0.0000 -0.9063 0.4226
vn -0.0000 0.9763 0.2164
vn -0.0001 0.9763 0.2164
vn -0.0000 0.9063 0.4226
vn -0.0000 -0.9063 -0.4226
vn 0.9899 -0.0000 0.1417
vn 0.9590 -0.0000 0.2834
vn -0.9091 -0.0000 0.4165
vn -0.9590 -0.0000 0.2835
vn -0.9899 -0.0000 0.1417
vn 0.9590 -0.0000 0.2835
vn 0.9091 -0.0000 0.4165
vn -0.9590 -0.0001 0.2835
vn -0.0313 0.1774 -0.9836
vn -0.0336 0.1905 0.9811
vn 0.1736 -0.9848 -0.0000
vn -0.1736 0.9848 -0.0000
vn -0.1737 0.9848 -0.0000
vn 0.9848 0.1736 -0.0000
vn 0.0823 -0.9966 -0.0000
vn 0.0823 0.9966 -0.0000
vn 0.0621 -0.9981 -0.0000
vn 0.0621 0.9981 -0.0000
vn 0.9590 -0.0001 -0.2835
vn -0.1038 -0.2226 -0.9694
vn -0.1113 -0.2386 0.9647
vn 0.4226 0.9063 -0.0000
vn -0.8757 0.4829 -0.0000
vn -0.4226 -0.9063 -0.0000
vn 0.8757 -0.4829 -0.0000
vn 0.7514 -0.6599 -0.0000
vn 0.0048 1.0000 -0.0000
vn -0.0094 -1.0000 -0.0000
vn 0.0094 -1.0000 -0.0000
vn -0.0048 1.0000 -0.0000
vn -0.0049 1.0000 -0.0000
vn -0.9989 -0.0466 -0.0000
vn -0.9844 -0.1761 -0.0000
vn -1.0000 -0.0023 -0.0000
vn -0.9976 0.0691 -0.0000
vn 0.5714 0.8207 -0.0015
vn 0.5737 0.8191 -0.0030
vn 0.5707 0.8212 -0.0010
vn 0.5692 0.8222 -0.0000
vn -0.0000 0.2670 -0.9637
vn -0.9996 0.0263 0.0082
vn -0.9746 0.2227 0.0236
vn -0.9776 0.2103 0.0118
vn -0.9856 -0.1694 -0.0000
vn 0.9945 0.1049 -0.0000
vn 1.0000 -0.0023 -0.0000
vn 0.9994 -0.0353 -0.0000
vn 0.9723 -0.2337 -0.0000
vn 0.9975 -0.0699 0.0061
vn 0.9971 -0.0762 -0.0000
vn 0.9776 0.2103 0.0118
vn 0.9746 0.2227 0.0236
vn -0.0000 -0.0016 -1.0000
vn -0.5692 0.8222 -0.0000
vn -0.5707 0.8212 -0.0010
vn -0.5714 0.8207 -0.0015
vn -0.5737 0.8191 -0.0030
vn 0.1047 -0.0002 -0.9945
vn 0.1566 -0.2370 -0.9588
vn 0.2502 0.2962 -0.9218
vn -0.2748 0.1675 -0.9468
vn -0.5234 -0.8507 -0.0485
vn -0.1713 0.8122 -0.5577
vn -0.0000 -0.9999 0.0152
vn 0.6165 -0.7850 -0.0605
vn 0.0652 0.7188 -0.6921
vn 0.3115 0.1833 -0.9324
vn -0.2701 0.2614 -0.9267
vn -0.5403 -0.2037 -0.8164
vn 0.0006 0.0047 -1.0000
vn -0.0000 0.0100 -1.0000
vn 0.0009 0.0071 -1.0000
vn 0.0007 0.0046 -1.0000
vn 0.0009 0.0070 -1.0000
vn 0.0004 0.0007 -1.0000
vn 0.0003 0.0006 -1.0000
vn -1.0000 0.0004 -0.0000
vn 0.9242 -0.3819 -0.0000
vn 0.9351 -0.3544 -0.0000
vn -0.0000 0.0052 -1.0000
vn -0.9402 -0.3403 -0.0128
vn -0.8788 -0.3276 -0.3471
vn -0.9275 -0.3205 -0.1922
vn -0.9390 -0.3396 -0.0544
vn 1.0000 0.0004 -0.0000
vn 0.9046 -0.3126 -0.2898
vn 0.8751 -0.3372 -0.3471
vn 0.9285 -0.3713 0.0003
vn 0.9490 -0.3119 -0.0456
vn -0.0000 -0.6983 -0.7158
vn -0.9269 -0.3752 0.0078
vn -0.8788 -0.3275 -0.3471
vn 0.0004 1.0000 -0.0000
vn 0.0002 0.5547 -0.8321
vn -0.0000 0.5545 -0.8322
vn -0.0004 -1.0000 -0.0000
vn -0.0004 1.0000 -0.0000
vn 0.0004 -1.0000 -0.0000
vn -0.7071 0.0003 0.7071
vn -0.7068 0.7074 -0.0000
vn -0.7071 0.0003 -0.7071
vn -0.7074 -0.7068 -0.0000
vn 0.7071 0.0003 -0.7071
vn 0.7068 0.7074 -0.0000
vn 0.7071 0.0003 0.7071
vn 0.7074 -0.7068 -0.0000
vn 1.0000 -0.0004 -0.0000
vn -0.0005 -1.0000 -0.0000
vn -0.0004 -1.0000 -0.0001
vn -0.9806 0.0004 -0.1961
vn -0.9874 -0.0865 -0.1323
vn -1.0000 -0.0004 -0.0000
vn 0.9931 -0.0649 -0.0979
vn 0.9904 -0.0431 -0.1310
vn 0.9797 -0.0429 -0.1959
vn 0.0005 -1.0000 -0.0001
vn -0.0000 0.5547 -0.8321
vn -0.0000 0.5547 -0.8320
vn -0.0002 0.5545 -0.8322
vn -0.9865 -0.1301 -0.0994
vn -0.9664 -0.2572 -0.0000
vn 0.9806 0.0004 -0.1961
vn 0.0217 0.0050 -0.9998
vn -0.0000 0.0033 -1.0000
vn 0.0145 0.0033 -0.9999
vn 0.0144 0.0033 -0.9999
vn 0.0433 -0.0000 -0.9991
vn 0.0873 -0.0445 -0.9952
vn 0.0435 -0.0286 -0.9986
vn 0.0872 -0.0445 -0.9952
vn 0.1308 -0.0603 -0.9896
vn -0.3718 -0.8456 -0.3831
vn -0.1528 -0.8570 -0.4922
vn -0.2027 -0.8364 -0.5093
vn -0.3878 -0.8347 -0.3909
vn 0.2094 -0.8338 -0.5108
vn 0.3978 -0.8351 -0.3799
vn 0.3750 -0.8439 -0.3837
vn 0.1471 -0.8466 -0.5116
vn -0.0874 -0.0449 -0.9952
vn -0.1321 -0.0553 -0.9897
vn -0.0425 -0.0344 -0.9985
vn -0.0150 0.0033 -0.9999
vn -0.0449 0.0100 -0.9989
vn -0.0224 0.0050 -0.9997
vn -0.0225 0.0050 -0.9997
vn -0.0000 0.0020 -1.0000
vn -0.0000 0.0015 -1.0000
vn 0.9329 -0.3577 -0.0408
vn 0.9468 -0.2836 -0.1523
vn 0.9329 -0.3577 -0.0409
vn 0.9011 -0.4335 -0.0071
vn 0.9016 -0.3825 -0.2017
vn -0.5242 -0.8171 -0.2400
vn -0.5387 -0.8084 -0.2372
vn -0.7535 0.6488 0.1059
vn -0.9310 0.3648 -0.0156
vn -0.9435 0.3310 0.0114
vn -0.9448 0.3272 -0.0159
vn -0.9472 0.3186 0.0370
vn -0.9435 0.3311 0.0114
vn -0.9850 0.1708 0.0227
vn -0.9471 0.3187 0.0371
vn 0.1625 0.8374 -0.5219
vn 0.1715 0.8357 -0.5218
vn 0.1535 0.8391 -0.5219
vn -0.8031 -0.5901 -0.0827
vn -0.9451 -0.3263 0.0159
vn -0.9468 -0.3184 -0.0463
vn -0.9402 -0.3403 -0.0129
vn -0.9468 -0.3183 -0.0463
vn -0.1625 0.8373 -0.5220
vn -0.1713 0.8338 -0.5248
vn -0.1537 0.8407 -0.5192
vn 0.9289 0.3689 0.0326
vn 0.9489 0.2889 0.1274
vn 0.9666 0.2551 0.0222
vn 0.9667 0.2551 0.0222
vn 0.9221 0.3869 0.0009
vn 0.9289 0.3688 0.0326
vn 0.8940 0.4479 0.0103
vn 0.9129 0.4067 0.0349
vn 0.5240 -0.8172 -0.2401
vn 0.5361 -0.8091 -0.2407
vn -0.0000 0.8944 0.4472
vn -0.0000 0.9522 0.3054
vn -0.0001 0.9883 0.1527
vn -0.0000 0.7071 -0.7071
vn -0.0000 0.9883 0.1527
vn -0.0000 -0.8000 0.6000
vn 0.9316 -0.3636 -0.0000
vn 0.9385 -0.3452 -0.0000
vn -0.9385 -0.3452 -0.0000
vn -0.9316 -0.3636 -0.0000
vn -0.9452 -0.3266 -0.0000
vn 0.9452 -0.3266 -0.0000
vn -0.9242 -0.3819 -0.0000
vn 0.9017 -0.3825 -0.2017
vn 0.8752 -0.3371 -0.3470
vn 0.7752 -0.3026 0.5546
vn 0.7809 -0.2872 0.5547
vn 0.7692 -0.3178 0.5543
vn 0.7864 -0.2718 0.5547
vn 0.9686 0.2486 -0.0000
vn 0.7809 -0.2872 -0.5547
vn 0.7752 -0.3026 -0.5546
vn 0.7864 -0.2718 -0.5547
vn 0.7692 -0.3178 -0.5543
vn 0.5690 -0.8223 -0.0000
vn 0.5595 -0.8288 -0.0000
vn 0.5643 -0.8256 -0.0000
vn -0.5690 -0.8223 -0.0000
vn -0.5595 -0.8288 -0.0000
vn -0.5643 -0.8256 -0.0000
vn -0.7752 -0.3026 -0.5546
vn -0.7809 -0.2872 -0.5547
vn -0.7692 -0.3178 -0.5543
vn -0.7693 -0.3178 -0.5543
vn -0.7864 -0.2718 -0.5547
vn -0.9686 0.2486 -0.0000
vn -0.7809 -0.2872 0.5547
vn -0.7752 -0.3026 0.5546
vn -0.7864 -0.2718 0.5547
vn -0.7692 -0.3178 0.5543
vn 0.9046 -0.3126 -0.2897
vn 0.8751 -0.3372 -0.3470
vn -0.7752 -0.3025 -0.5546
vn -0.5547 -0.8321 -0.0000
vn -0.0000 -0.8320 0.5547
vn -0.0000 -0.8321 0.5547
vn 0.5547 -0.8320 -0.0000
vn 0.5547 -0.8321 -0.0000
vn -0.0000 -0.8320 -0.5547
vn -0.0000 -0.8321 -0.5547
vn -0.5547 -0.8320 -0.0000
vn -0.9775 0.2108 -0.0000
vn 0.9775 0.2108 -0.0000
vn 0.9994 -0.0353 0.0001
vn 0.2559 0.3696 0.8932
vn -0.4001 0.9165 -0.0000
vn 0.3964 0.9009 -0.1766
vn -0.0752 0.6453 -0.7602
vn 0.5568 0.3169 -0.7678
vn 0.5821 0.3185 -0.7481
vn 0.5309 0.3150 -0.7867
vn 0.9975 -0.0699 0.0062
vn 0.9723 -0.2336 -0.0000
vn 0.7186 0.1550 0.6780
vn 0.5679 0.1298 0.8128
vn 0.9725 -0.2329 -0.0000
vn 0.1037 0.6858 -0.7203
vn -0.4288 0.8657 -0.2583
vn 0.4001 0.9165 -0.0000
vn -0.2559 0.3696 0.8932
vn -0.9725 -0.2329 -0.0000
vn -0.5766 0.1244 0.8075
vn -0.7083 0.1618 0.6871
vn -0.9855 -0.1694 -0.0000
vn -0.9996 0.0263 0.0081
vn -0.5591 0.3169 -0.7662
vn -0.5312 0.3179 -0.7854
vn -0.5591 0.3168 -0.7662
vn -0.5864 0.3155 -0.7461
vn -0.0000 0.4472 0.8944
vn -0.8944 0.4472 -0.0000
vn -0.0000 0.4472 -0.8944
vn 0.8944 0.4472 -0.0000
vn 1.0000 0.0003 -0.0000
vn -0.0005 1.0000 -0.0000
vn -0.8167 -0.5771 -0.0000
vn 0.9645 0.2641 -0.0000
vn 0.0005 1.0000 -0.0000
vn 0.0005 -1.0000 -0.0000
vn -0.9645 0.2641 -0.0000
vn 0.8167 -0.5771 -0.0000
vn -0.8447 -0.5352 -0.0000
vn 0.0001 -0.2067 0.9784
vn 0.1033 -0.2071 0.9729
vn 0.0001 -0.2066 0.9784
vn 0.2054 -0.2052 0.9569
vn 0.1824 -0.1289 0.9747
vn 0.4088 0.0302 0.9121
vn 0.3891 0.0452 0.9201
vn 0.4470 0.0002 0.8945
vn 0.4473 0.0001 0.8944
vn 0.0271 0.0575 0.9980
vn 0.0180 0.0586 0.9981
vn 0.0541 0.0542 0.9971
vn 0.3288 0.0900 0.9401
vn -0.0000 0.0608 0.9981
vn 0.0181 0.0586 0.9981
vn 0.0270 0.0575 0.9980
vn -0.9837 0.1799 -0.0000
vn 0.0508 0.0546 -0.9972
vn 0.1138 0.0973 -0.9887
vn -0.0000 0.0608 -0.9981
vn 0.1703 0.1150 -0.9787
vn 0.1876 0.1877 -0.9642
vn 0.4474 0.0002 -0.8943
vn 0.4474 0.0002 -0.8944
vn 0.4471 0.0001 -0.8945
vn 0.1959 -0.1597 -0.9675
vn 0.1454 -0.1453 -0.9786
vn 0.2458 -0.1737 -0.9536
vn 0.0001 -0.2066 -0.9784
vn 0.0001 -0.2067 -0.9784
vn 0.8447 -0.5352 -0.0000
vn -0.0001 -0.2067 -0.9784
vn -0.1033 -0.2071 -0.9729
vn -0.0001 -0.2066 -0.9784
vn -0.2054 -0.2052 -0.9569
vn -0.1824 -0.1289 -0.9747
vn -0.4088 0.0302 -0.9121
vn -0.3891 0.0452 -0.9201
vn -0.4470 0.0002 -0.8945
vn -0.4473 0.0001 -0.8944
vn -0.0271 0.0575 -0.9980
vn -0.0180 0.0586 -0.9981
vn -0.0541 0.0542 -0.9971
vn -0.3288 0.0900 -0.9401
vn -0.0270 0.0575 -0.9980
vn 0.9837 0.1799 -0.0000
vn -0.0508 0.0546 0.9972
vn -0.1138 0.0973 0.9887
vn -0.1703 0.1150 0.9787
vn -0.1876 0.1877 0.9642
vn -0.4474 0.0002 0.8943
vn -0.4471 0.0001 0.8945
vn -0.1959 -0.1597 0.9675
vn -0.1454 -0.1453 0.9786
vn -0.2458 -0.1737 0.9536
vn -0.0001 -0.2066 0.9784
vn -0.0001 -0.2067 0.9784
vn -0.9637 -0.2519 -0.0879
vn -0.9742 -0.1345 -0.1812
vn -0.9315 -0.3636 0.0073
vn -0.3830 -0.5507 -0.7416
vn -0.7806 0.0473 -0.6232
vn -0.0000 0.0756 -0.9971
vn 0.8242 -0.3376 -0.4546
vn -0.0179 0.0756 -0.9970
vn -0.0269 0.0756 -0.9968
vn -0.0537 0.0755 -0.9957
vn 0.9598 -0.2208 -0.1731
vn 0.9839 -0.1787 0.0036
vn 0.9036 -0.2554 -0.3440
vn -0.0000 -0.9969 0.0784
vn 0.5714 -0.8207 0.0014
vn 0.7072 0.7070 -0.0012
vn 0.9939 0.1098 -0.0002
vn 0.9454 0.3260 -0.0011
vn 0.9666 0.2552 0.0222
vn 0.9939 0.1098 -0.0016
vn 0.9453 0.3263 -0.0006
vn -0.0000 1.0000 -0.0034
vn -0.9755 0.2201 -0.0006
vn -0.9453 0.3263 -0.0011
vn -0.9755 0.2200 -0.0006
vn -0.9851 0.1707 0.0227
vn -0.9851 0.1707 0.0228
vn -0.9755 0.2201 0.0022
vn -0.7072 0.7070 -0.0012
vn -0.2986 -0.9538 0.0347
vn -0.0000 -1.0000 0.0017
vn -0.2985 -0.9538 0.0347
vn -0.5696 -0.8194 0.0644
vn 0.0001 0.9883 0.1527
vn -0.0001 0.9522 0.3054
vn -0.9866 -0.0000 0.1632
vn -0.9967 -0.0000 0.0816
vn 0.9925 -0.0000 0.1225
vn -0.0000 -0.9678 0.2516
vn -0.0000 -0.9921 0.1258
vn -0.9866 -0.0000 0.1633
vn -0.9700 -0.0000 0.2432
vn 0.9925 -0.0000 0.1226
vn 0.9700 -0.0000 0.2432
vn -0.0000 -0.9285 0.3714
vn 0.4953 0.8687 -0.0000
vn 0.6820 0.1867 -0.7071
vn 0.8687 -0.4953 -0.0000
vn 0.6820 0.1867 0.7071
vn -0.4953 0.8687 -0.0000
vn -0.6820 0.1867 0.7071
vn -0.8687 -0.4953 -0.0000
vn -0.6820 0.1867 -0.7071
vn -0.5577 0.8300 -0.0000
vn 0.5577 0.8300 -0.0000
vn -0.9927 0.1199 0.0097
vn -0.9828 0.1834 0.0193
vn -0.9927 0.1199 0.0096
vn -0.9984 0.0559 -0.0000
vn 0.9927 0.1199 0.0098
vn 0.9982 0.0559 0.0196
vn 0.9830 0.1834 -0.0000
vn -0.5234 0.8521 -0.0000
vn 0.5234 0.8521 -0.0000
vn -0.9969 0.0790 -0.0000
vn 0.9969 0.0790 -0.0000
vn 0.6639 0.7476 0.0174
vn -0.0000 0.7396 0.6730
vn -0.0250 0.9994 0.0220
vn -0.6742 0.7385 -0.0012
vn -0.0000 1.0000 -0.0056
vn -0.0000 0.0088 1.0000
vn -0.0000 0.0068 1.0000
vn -0.0000 0.0107 0.9999
vn -1.0000 -0.0041 0.0015
vn -1.0000 -0.0000 0.0015
vn -1.0000 -0.0041 0.0019
vn -0.0000 -0.0107 -0.9999
vn 1.0000 -0.0000 0.0015
vn 1.0000 -0.0080 0.0020
vn -0.0000 0.0049 1.0000
vn -0.9849 0.1731 0.0013
vn -1.0000 -0.0042 0.0019
vn -0.9351 0.3544 0.0006
vn -0.0000 1.0000 0.0004
vn 0.9856 0.1691 0.0013
vn 1.0000 -0.0081 0.0020
vn 0.9378 0.3471 0.0007
vn -0.0000 0.5193 0.8546
vn -0.8575 0.5145 -0.0005
vn -0.0000 0.5097 -0.8604
vn 0.8575 0.5145 -0.0005
vn -0.0000 0.9807 -0.1953
vn 0.0058 0.9883 -0.1522
vn -0.0379 0.9867 -0.1578
vn 0.0078 0.9904 -0.1377
vn 0.0330 0.9861 -0.1627
vn 0.0117 0.9940 -0.1086
vn -0.0757 0.9899 -0.1199
vn 0.0116 0.9940 -0.1086
vn 0.0989 0.9904 -0.0964
vn -0.0000 -0.0073 -1.0000
vn -0.0000 0.0135 0.9999
vn -0.0000 0.0134 0.9999
vn -0.0000 0.9964 0.0843
vn -0.0000 0.7071 0.7071
vn -0.7023 0.7078 0.0764
vn -0.7305 0.6791 0.0719
vn -0.6729 0.7353 0.0808
vn 0.7063 0.7056 0.0566
vn 0.6776 0.7333 0.0558
vn 0.7340 0.6768 0.0572
vn 0.7053 0.7048 0.0760
vn 0.6766 0.7326 0.0745
vn 0.7328 0.6760 0.0774
vn -0.0000 0.7071 0.7072
vn -0.7033 0.7086 0.0571
vn -0.7315 0.6798 0.0518
vn -0.6739 0.7362 0.0623
vn 0.0057 -1.0000 -0.0000
vn -0.9542 -0.2989 -0.0139
vn -0.9215 -0.3878 0.0184
vn -0.9540 -0.2986 -0.0277
vn -0.9540 -0.2985 -0.0277
vn -0.9758 -0.2059 -0.0736
vn -0.9630 -0.2684 0.0263
vn 0.9756 -0.2059 0.0757
vn -0.0000 -0.9913 -0.1313
vn -0.0000 -0.9978 -0.0657
vn -0.8921 -0.4518 -0.0000
vn -0.9880 -0.1544 -0.0000
vn -0.9463 -0.3071 -0.1010
vn -0.8878 -0.4496 -0.0985
vn -0.0000 0.9913 -0.1313
vn -0.0000 0.9978 -0.0657
vn 0.8921 0.4518 -0.0000
vn 0.9880 0.1544 -0.0000
vn 0.9463 0.3071 -0.1010
vn 0.8878 0.4496 -0.0985
vn -0.9512 0.3087 -0.0000
vn -0.9830 0.1536 -0.1010
vn 0.9512 -0.3087 -0.0000
vn 0.8921 -0.4518 -0.0000
vn 0.8878 -0.4496 -0.0985
vn 0.9830 -0.1536 -0.1010
vn -0.8921 0.4518 -0.0000
vn -0.8878 0.4496 -0.0985
vn 0.9318 -0.3024 -0.2008
vn 0.9830 -0.1535 -0.1010
vn 0.8748 -0.4430 -0.1961
vn 0.9679 0.1512 -0.2008
vn 0.9830 -0.1536 -0.1009
vn 0.8748 0.4430 -0.1961
vn -0.0000 0.9806 -0.1961
vn -0.9318 0.3024 -0.2008
vn -0.9830 0.1535 -0.1010
vn -0.8748 0.4430 -0.1961
vn -0.9679 -0.1512 -0.2008
vn -0.9830 0.1536 -0.1009
vn -0.8748 -0.4430 -0.1961
vn -0.0000 -0.9806 -0.1961
vn -0.9880 0.1544 -0.0000
vn -0.9512 -0.3087 -0.0000
vn 0.9880 -0.1544 -0.0000
vn 0.9512 0.3087 -0.0000
vn 0.8905 0.4549 -0.0000
vn 0.8882 0.4522 -0.0816
vn 0.8842 0.4478 -0.1333
vn 0.9526 -0.3041 -0.0000
vn 0.8932 -0.4497 -0.0000
vn 0.8900 -0.4452 -0.0987
vn 0.9800 -0.1819 -0.0811
vn 0.9877 0.1561 -0.0000
vn 0.9800 -0.1818 -0.0811
vn 0.9666 0.2343 -0.1038
vn 0.9200 -0.3371 -0.2001
vn 0.9680 -0.1488 -0.2019
vn 0.9309 0.3030 -0.2042
vn 0.9666 0.2343 -0.1039
vn 0.9463 0.3071 -0.1009
vn -0.0000 0.0176 -0.9998
vn 0.0024 -0.2477 0.9688
vn 0.0035 -0.2505 0.9681
vn 0.0024 -0.2485 0.9686
vn 0.5069 -0.3195 0.8006
vn 0.0024 -0.2476 0.9689
vn 0.0036 -0.2505 0.9681
vn -0.0000 -0.6467 0.7628
vn -0.0000 -0.9976 0.0693
vn -0.0000 -0.0353 0.9994
vn -0.0000 0.4385 0.8987
vn 0.2430 0.7483 -0.6173
vn -0.0000 0.9990 0.0441
vn -0.0000 0.4386 0.8987
vn -0.0000 0.4155 0.9096
vn 0.1412 0.6951 0.7050
vn 0.0686 -0.9976 -0.0000
vn -0.1261 -0.8429 0.5230
vn 0.0085 -1.0000 -0.0000
vn 0.0170 -0.9999 -0.0000
vn -0.0000 -0.0015 -1.0000
vn -1.0000 0.0004 -0.0002
vn -0.0000 0.0040 -1.0000
vn -0.0000 0.0016 -1.0000
vn -0.0000 0.0019 -1.0000
vn -0.0000 -0.0002 -1.0000
vn -0.0000 -0.0001 -1.0000
vn -0.0268 0.0756 -0.9968
vn 0.0078 0.9905 -0.1376
vn 0.8905 0.4550 -0.0000
vn 0.9200 -0.3370 -0.2001
vt 0.615231 0.646639
vt 0.552550 0.654028
vt 0.998271 0.654028
vt 0.935590 0.646639
vt 0.552550 0.910873
vt 0.998271 0.910873
vt 0.615231 0.918262
vt 0.935590 0.918262
vt 0.612988 0.647320
vt 0.550307 0.654710
vt 0.996029 0.654710
vt 0.933347 0.647320
vt 0.550307 0.911014
vt 0.996029 0.911014
vt 0.612988 0.918404
vt 0.933347 0.918404
vt 0.610746 0.647320
vt 0.548065 0.654710
vt 0.993787 0.654710
vt 0.931104 0.647320
vt 0.548065 0.911014
vt 0.993787 0.911014
vt 0.610746 0.918404
vt 0.931104 0.918404
vt 0.930768 0.647320
vt 0.993450 0.654710
vt 0.547728 0.654710
vt 0.610409 0.647320
vt 0.993450 0.911014
vt 0.547728 0.911014
vt 0.930768 0.918404
vt 0.610409 0.918404
vt 0.933011 0.647320
vt 0.995692 0.654710
vt 0.549970 0.654710
vt 0.612652 0.647320
vt 0.995692 0.911014
vt 0.549970 0.911014
vt 0.933011 0.918404
vt 0.612652 0.918404
vt 0.935253 0.646639
vt 0.997935 0.654028
vt 0.552213 0.654028
vt 0.614894 0.646639
vt 0.997935 0.910873
vt 0.552213 0.910873
vt 0.935253 0.918262
vt 0.614894 0.918262
vt 0.734998 0.869451
vt 0.734998 0.782080
vt 0.750703 0.782080
vt 0.758754 0.869451
vt 0.708882 0.868575
vt 0.683249 0.868575
vt 0.683249 0.742373
vt 0.712372 0.742373
vt 0.640089 0.993713
vt 0.640089 0.995233
vt 0.641724 0.995233
vt 0.641468 0.990444
vt 0.640916 0.990988
vt 0.642814 0.990444
vt 0.642814 0.995233
vt 0.698409 0.924886
vt 0.691023 0.924886
vt 0.691227 0.744321
vt 0.698304 0.744321
vt 0.751040 0.665685
vt 0.732373 0.665685
vt 0.740472 0.655262
vt 0.751039 0.655262
vt 0.762503 0.681880
vt 0.754594 0.681880
vt 0.756831 0.641107
vt 0.756843 0.631399
vt 0.767884 0.573411
vt 0.756851 0.576380
vt 0.790830 0.584741
vt 0.790830 0.567926
vt 0.767884 0.573434
vt 0.790830 0.681819
vt 0.781122 0.681819
vt 0.762545 0.681819
vt 0.751040 0.716557
vt 0.722896 0.705359
vt 0.725419 0.693174
vt 0.720577 0.716557
vt 0.617323 0.975341
vt 0.617290 0.742348
vt 0.645799 0.742348
vt 0.645856 0.926802
vt 0.645904 0.975341
vt 0.823713 0.562934
vt 0.809915 0.562813
vt 0.810044 0.681819
vt 0.827906 0.681819
vt 0.720744 0.716557
vt 0.720744 0.733422
vt 0.726837 0.733422
vt 0.751207 0.716557
vt 0.751207 0.733422
vt 0.599126 0.742348
vt 0.599190 0.926797
vt 0.576489 0.926797
vt 0.572046 0.742348
vt 0.858724 0.602714
vt 0.858724 0.586705
vt 0.866785 0.586705
vt 0.864548 0.602714
vt 0.867440 0.602714
vt 0.868823 0.643487
vt 0.858724 0.643487
vt 0.858724 0.636756
vt 0.868832 0.636756
vt 0.737428 0.646774
vt 0.751040 0.646774
vt 0.751040 0.650430
vt 0.737428 0.650430
vt 0.756852 0.576356
vt 0.753940 0.578440
vt 0.753940 0.631338
vt 0.756852 0.631338
vt 0.753940 0.641046
vt 0.756852 0.641046
vt 0.647513 0.980346
vt 0.647513 0.982201
vt 0.647097 0.982201
vt 0.647097 0.980346
vt 0.756852 0.641051
vt 0.753940 0.641051
vt 0.753940 0.631343
vt 0.756852 0.631343
vt 0.753940 0.578444
vt 0.756852 0.576361
vt 0.740922 0.643119
vt 0.751040 0.643119
vt 0.751028 0.631402
vt 0.751028 0.611923
vt 0.751028 0.607069
vt 0.751028 0.602215
vt 0.751028 0.597361
vt 0.751028 0.581352
vt 0.753933 0.631332
vt 0.751021 0.631397
vt 0.751011 0.638128
vt 0.753920 0.641041
vt 0.868874 0.643487
vt 0.858774 0.643487
vt 0.858774 0.646399
vt 0.871782 0.646399
vt 0.753921 0.641041
vt 0.751012 0.638128
vt 0.751022 0.631397
vt 0.753934 0.631332
vt 0.751028 0.581357
vt 0.751028 0.597365
vt 0.751028 0.602220
vt 0.751028 0.607073
vt 0.751028 0.611927
vt 0.751028 0.631407
vt 0.943310 0.747696
vt 0.943310 0.674385
vt 0.924742 0.674385
vt 0.919728 0.747696
vt 0.878139 0.599802
vt 0.878139 0.568287
vt 0.887846 0.568287
vt 0.878139 0.619217
vt 0.878139 0.628925
vt 0.878139 0.648341
vt 0.878139 0.658049
vt 0.878139 0.677464
vt 0.878139 0.687172
vt 0.895456 0.687172
vt 0.767883 0.573411
vt 0.756851 0.576380
vt 0.756843 0.631399
vt 0.754593 0.681880
vt 0.762502 0.681880
vt 0.756830 0.641107
vt 0.885266 0.706588
vt 0.885281 0.726004
vt 0.874430 0.726004
vt 0.885243 0.687172
vt 0.874535 0.687172
vt 0.810098 0.720650
vt 0.800538 0.681819
vt 0.800538 0.720650
vt 0.800538 0.565330
vt 0.809915 0.562817
vt 0.810044 0.681824
vt 0.800538 0.584745
vt 0.800538 0.681824
vt 0.826032 0.683763
vt 0.811988 0.683763
vt 0.812037 0.718711
vt 0.827608 0.718711
vt 0.823713 0.562939
vt 0.827906 0.681824
vt 0.919918 0.816624
vt 0.943310 0.816624
vt 0.895329 0.689022
vt 0.895218 0.723971
vt 0.880278 0.723995
vt 0.880278 0.689045
vt 0.885243 0.687172
vt 0.874534 0.687172
vt 0.874430 0.726004
vt 0.885265 0.706588
vt 0.885280 0.726004
vt 0.810098 0.720655
vt 0.800538 0.720655
vt 0.826032 0.683767
vt 0.827608 0.718715
vt 0.812037 0.718715
vt 0.811988 0.683767
vt 0.698410 0.924886
vt 0.698305 0.744321
vt 0.691228 0.744321
vt 0.691023 0.924886
vt 0.617324 0.975345
vt 0.645904 0.975345
vt 0.645856 0.926806
vt 0.645799 0.742353
vt 0.617289 0.742353
vt 0.808930 0.808026
vt 0.831631 0.808026
vt 0.828366 0.720655
vt 0.808883 0.759482
vt 0.808845 0.720655
vt 0.871731 0.646399
vt 0.868118 0.650282
vt 0.870650 0.687308
vt 0.870554 0.722120
vt 0.870606 0.722120
vt 0.858774 0.722120
vt 0.858773 0.726004
vt 0.874480 0.726004
vt 0.870555 0.722120
vt 0.870651 0.687308
vt 0.868119 0.650282
vt 0.871732 0.646399
vt 0.858724 0.650282
vt 0.858724 0.646399
vt 0.756852 0.644934
vt 0.760735 0.644934
vt 0.758420 0.681960
vt 0.754537 0.681960
vt 0.755882 0.716772
vt 0.751999 0.716772
vt 0.642149 0.990663
vt 0.642813 0.990663
vt 0.642813 0.990445
vt 0.642149 0.990445
vt 0.751999 0.716767
vt 0.755882 0.716767
vt 0.758420 0.681955
vt 0.754537 0.681955
vt 0.760735 0.644929
vt 0.756852 0.644929
vt 0.646544 0.980882
vt 0.646544 0.982221
vt 0.647097 0.982221
vt 0.647097 0.980882
vt 0.779566 0.682787
vt 0.762884 0.682787
vt 0.762753 0.701842
vt 0.761940 0.719677
vt 0.779566 0.719677
vt 0.779566 0.719681
vt 0.761940 0.719681
vt 0.762753 0.701846
vt 0.762884 0.682792
vt 0.779566 0.682792
vt 0.830551 0.683669
vt 0.829729 0.684520
vt 0.831244 0.717733
vt 0.832161 0.718618
vt 0.829619 0.720650
vt 0.832161 0.718623
vt 0.831244 0.717737
vt 0.829729 0.684525
vt 0.830551 0.683673
vt 0.829619 0.720655
vt 0.884052 0.709428
vt 0.884066 0.723113
vt 0.885966 0.723112
vt 0.885951 0.709428
vt 0.630892 0.987859
vt 0.630783 0.987860
vt 0.630790 0.988926
vt 0.630899 0.988926
vt 0.889239 0.687172
vt 0.891138 0.687170
vt 0.891146 0.726001
vt 0.889247 0.726003
vt 0.630904 0.988951
vt 0.630795 0.988952
vt 0.630784 0.987874
vt 0.630893 0.987873
vt 0.887142 0.687171
vt 0.887165 0.706588
vt 0.630893 0.987873
vt 0.630784 0.987874
vt 0.630795 0.988952
vt 0.630904 0.988951
vt 0.630899 0.988926
vt 0.630790 0.988926
vt 0.630783 0.987860
vt 0.630892 0.987859
vt 0.887164 0.706588
vt 0.887142 0.687171
vt 0.884067 0.723113
vt 0.884052 0.709428
vt 0.885951 0.709428
vt 0.885966 0.723112
vt 0.762324 0.720655
vt 0.756628 0.717765
vt 0.756716 0.704079
vt 0.762413 0.701239
vt 0.630895 0.987880
vt 0.630893 0.987553
vt 0.630784 0.987553
vt 0.630786 0.987880
vt 0.757055 0.704682
vt 0.756974 0.717158
vt 0.630781 0.987547
vt 0.630890 0.987546
vt 0.630891 0.987546
vt 0.630782 0.987547
vt 0.756974 0.717162
vt 0.757055 0.704687
vt 0.630787 0.987880
vt 0.630784 0.987553
vt 0.630893 0.987553
vt 0.630895 0.987879
vt 0.762413 0.701235
vt 0.756716 0.704075
vt 0.756628 0.717760
vt 0.762324 0.720650
vt 0.630729 0.987915
vt 0.630735 0.988872
vt 0.780717 0.681817
vt 0.780717 0.720649
vt 0.630740 0.988898
vt 0.630730 0.987887
vt 0.630727 0.987602
vt 0.887117 0.722511
vt 0.887103 0.710035
vt 0.630730 0.987608
vt 0.630732 0.987935
vt 0.888317 0.707195
vt 0.888294 0.688140
vt 0.888294 0.688140
vt 0.888317 0.707195
vt 0.630733 0.987935
vt 0.630730 0.987608
vt 0.887103 0.710035
vt 0.887117 0.722511
vt 0.630728 0.987602
vt 0.630730 0.987887
vt 0.630740 0.988898
vt 0.780717 0.720653
vt 0.780717 0.681822
vt 0.630735 0.988872
vt 0.630729 0.987915
vt 0.989214 0.945601
vt 0.989215 0.923709
vt 0.979537 0.923708
vt 0.979538 0.948194
vt 0.781122 0.720650
vt 0.790830 0.720650
vt 0.790830 0.584745
vt 0.790830 0.681824
vt 0.781122 0.681824
vt 0.790830 0.567931
vt 0.762545 0.681824
vt 0.767884 0.573439
vt 0.790830 0.720655
vt 0.781122 0.720655
vt 0.988017 0.703235
vt 0.981458 0.703235
vt 0.981455 0.761936
vt 0.988019 0.762001
vt 0.989214 0.945593
vt 0.979538 0.948186
vt 0.979537 0.923701
vt 0.989215 0.923701
vt 0.988019 0.761994
vt 0.981455 0.761929
vt 0.981457 0.703228
vt 0.988016 0.703228
vt 0.800538 0.584741
vt 0.800538 0.565325
vt 0.981453 0.915955
vt 0.988021 0.915952
vt 0.988021 0.915945
vt 0.981453 0.915947
vt 0.891296 0.726004
vt 0.892447 0.724992
vt 0.892480 0.687125
vt 0.891327 0.687172
vt 0.886210 0.591022
vt 0.884992 0.590094
vt 0.642880 0.981951
vt 0.642720 0.982049
vt 0.642489 0.983079
vt 0.642595 0.983231
vt 0.799384 0.585669
vt 0.799383 0.681785
vt 0.799383 0.719639
vt 0.791574 0.719639
vt 0.891328 0.687172
vt 0.892480 0.687125
vt 0.892448 0.724992
vt 0.891296 0.726004
vt 0.791574 0.719644
vt 0.799383 0.719644
vt 0.799383 0.681790
vt 0.799384 0.585673
vt 0.642596 0.983231
vt 0.642490 0.983079
vt 0.642720 0.982049
vt 0.642881 0.981951
vt 0.884993 0.590094
vt 0.886211 0.591022
vt 0.793473 0.717697
vt 0.793471 0.681759
vt 0.791573 0.681772
vt 0.793469 0.587607
vt 0.791573 0.585669
vt 0.797487 0.587606
vt 0.797485 0.681798
vt 0.797484 0.717697
vt 0.791573 0.681776
vt 0.793471 0.681763
vt 0.793473 0.717702
vt 0.797484 0.717702
vt 0.797485 0.681803
vt 0.797487 0.587611
vt 0.793469 0.587612
vt 0.791573 0.585674
vt 0.892853 0.723051
vt 0.890010 0.723174
vt 0.890046 0.687235
vt 0.892889 0.687111
vt 0.883909 0.593084
vt 0.886752 0.592961
vt 0.642648 0.982295
vt 0.643023 0.982376
vt 0.642902 0.982906
vt 0.642527 0.982825
vt 0.887669 0.592959
vt 0.884826 0.593083
vt 0.890906 0.687275
vt 0.893749 0.687151
vt 0.890846 0.723174
vt 0.893689 0.723051
vt 0.641733 0.982828
vt 0.642108 0.982910
vt 0.642219 0.982381
vt 0.641844 0.982299
vt 0.890046 0.687235
vt 0.641844 0.982299
vt 0.642219 0.982381
vt 0.642109 0.982910
vt 0.641734 0.982828
vt 0.893689 0.723051
vt 0.890846 0.723174
vt 0.890907 0.687275
vt 0.893750 0.687151
vt 0.884827 0.593083
vt 0.887670 0.592959
vt 0.642528 0.982825
vt 0.642903 0.982906
vt 0.643024 0.982376
vt 0.642649 0.982295
vt 0.792725 0.569415
vt 0.798643 0.567829
vt 0.798643 0.582804
vt 0.792724 0.582803
vt 0.798643 0.567834
vt 0.792725 0.569420
vt 0.792724 0.582808
vt 0.798643 0.582808
vt 0.718958 0.695416
vt 0.722519 0.696213
vt 0.720977 0.703640
vt 0.717417 0.702844
vt 0.885643 0.573182
vt 0.882806 0.573366
vt 0.883770 0.588341
vt 0.886607 0.588156
vt 0.716207 0.702884
vt 0.719768 0.703681
vt 0.721420 0.696252
vt 0.717860 0.695456
vt 0.885290 0.588156
vt 0.882454 0.588340
vt 0.881579 0.574952
vt 0.884415 0.574768
vt 0.717423 0.702844
vt 0.720983 0.703640
vt 0.722524 0.696213
vt 0.718964 0.695416
vt 0.717866 0.695456
vt 0.721426 0.696252
vt 0.719773 0.703681
vt 0.716213 0.702884
vt 0.886607 0.588156
vt 0.883771 0.588341
vt 0.882807 0.573366
vt 0.885644 0.573182
vt 0.663833 0.752350
vt 0.663833 0.868575
vt 0.675565 0.868575
vt 0.675736 0.752350
vt 0.895329 0.689022
vt 0.862606 0.570924
vt 0.875226 0.570924
vt 0.875226 0.599802
vt 0.862606 0.599802
vt 0.862606 0.686898
vt 0.875226 0.686898
vt 0.875226 0.725730
vt 0.862606 0.725730
vt 0.683249 0.742373
vt 0.641724 0.995396
vt 0.642814 0.995396
vt 0.571353 0.924861
vt 0.566911 0.744365
vt 0.566404 0.744384
vt 0.570381 0.924861
vt 0.832529 0.720548
vt 0.830817 0.681716
vt 0.830479 0.672111
vt 0.827564 0.672111
vt 0.726837 0.738004
vt 0.751207 0.738004
vt 0.751207 0.734351
vt 0.726837 0.734351
vt 0.824825 0.594453
vt 0.826623 0.562836
vt 0.827739 0.594453
vt 0.830817 0.681721
vt 0.832529 0.720552
vt 0.832883 0.808026
vt 0.835797 0.808026
vt 0.641887 0.995662
vt 0.642814 0.995662
vt 0.561620 0.747481
vt 0.565526 0.924861
vt 0.837380 0.720377
vt 0.835668 0.681545
vt 0.835335 0.672111
vt 0.751207 0.744222
vt 0.746333 0.744222
vt 0.730492 0.744222
vt 0.831577 0.565576
vt 0.832596 0.594453
vt 0.835668 0.681550
vt 0.837380 0.720381
vt 0.840654 0.808026
vt 0.641152 0.986467
vt 0.641159 0.986615
vt 0.642004 0.986579
vt 0.642124 0.986467
vt 0.878139 0.726003
vt 0.642124 0.986561
vt 0.642004 0.986666
vt 0.641166 0.986704
vt 0.641158 0.986561
vt 0.641158 0.986561
vt 0.641166 0.986704
vt 0.642004 0.986666
vt 0.642124 0.986561
vt 0.642124 0.986467
vt 0.642004 0.986579
vt 0.641160 0.986615
vt 0.641153 0.986467
vt 0.878139 0.813374
vt 0.902161 0.813374
vt 0.895359 0.726003
vt 0.808883 0.759486
vt 0.808845 0.720659
vt 0.828366 0.720659
vt 0.808930 0.808030
vt 0.831631 0.808030
vt 0.576489 0.926801
vt 0.599190 0.926801
vt 0.599126 0.742353
vt 0.572046 0.742353
vt 0.875226 0.813374
vt 0.862606 0.813374
vt 0.832883 0.808021
vt 0.835797 0.808021
vt 0.566911 0.744361
vt 0.571353 0.924857
vt 0.570381 0.924857
vt 0.566404 0.744379
vt 0.840654 0.808021
vt 0.565526 0.924857
vt 0.561621 0.747477
vt 0.575236 0.926806
vt 0.570801 0.868559
vt 0.570794 0.742358
vt 0.836766 0.809965
vt 0.837739 0.809965
vt 0.842594 0.809965
vt 0.875277 0.815319
vt 0.875277 0.813374
vt 0.862657 0.813374
vt 0.858774 0.815319
vt 0.858774 0.813374
vt 0.842594 0.809970
vt 0.837739 0.809970
vt 0.836767 0.809970
vt 0.570794 0.742353
vt 0.570801 0.868555
vt 0.575236 0.926802
vt 0.567883 0.742456
vt 0.683249 0.742475
vt 0.683507 0.744399
vt 0.680597 0.747496
vt 0.680337 0.745557
vt 0.663883 0.747496
vt 0.663883 0.745557
vt 0.680385 0.745557
vt 0.680646 0.747496
vt 0.683249 0.742475
vt 0.567883 0.742460
vt 0.858774 0.686830
vt 0.861686 0.686830
vt 0.861686 0.677396
vt 0.861686 0.571826
vt 0.858774 0.571826
vt 0.861686 0.599733
vt 0.861686 0.619149
vt 0.861686 0.628857
vt 0.861686 0.648272
vt 0.861686 0.657981
vt 0.864445 0.618186
vt 0.864445 0.600711
vt 0.876102 0.600711
vt 0.876087 0.618186
vt 0.824824 0.594449
vt 0.827739 0.594449
vt 0.826623 0.562832
vt 0.828182 0.612837
vt 0.827566 0.595363
vt 0.829479 0.595363
vt 0.830154 0.612837
vt 0.832596 0.594449
vt 0.831577 0.565571
vt 0.834353 0.595363
vt 0.834995 0.612837
vt 0.828182 0.612832
vt 0.830154 0.612832
vt 0.829479 0.595358
vt 0.827566 0.595358
vt 0.834994 0.612833
vt 0.834353 0.595358
vt 0.862606 0.628925
vt 0.862606 0.619217
vt 0.875226 0.619217
vt 0.875226 0.628925
vt 0.825852 0.623577
vt 0.825510 0.613869
vt 0.828424 0.613869
vt 0.828766 0.623577
vt 0.833281 0.613869
vt 0.833623 0.623577
vt 0.825852 0.623572
vt 0.828766 0.623572
vt 0.828424 0.613864
vt 0.825509 0.613864
vt 0.833623 0.623572
vt 0.833281 0.613864
vt 0.864445 0.647309
vt 0.864445 0.629834
vt 0.876102 0.629835
vt 0.876087 0.647309
vt 0.829210 0.641961
vt 0.828593 0.624486
vt 0.830506 0.624486
vt 0.831182 0.641961
vt 0.835380 0.624486
vt 0.836022 0.641961
vt 0.829210 0.641956
vt 0.831182 0.641956
vt 0.830506 0.624482
vt 0.828593 0.624482
vt 0.836022 0.641956
vt 0.835380 0.624482
vt 0.862606 0.658049
vt 0.862606 0.648341
vt 0.875226 0.648341
vt 0.875226 0.658049
vt 0.826879 0.652700
vt 0.826537 0.642992
vt 0.829451 0.642992
vt 0.829794 0.652700
vt 0.834308 0.642992
vt 0.834651 0.652700
vt 0.826879 0.652696
vt 0.829794 0.652696
vt 0.829451 0.642988
vt 0.826537 0.642988
vt 0.834650 0.652696
vt 0.834308 0.642988
vt 0.864445 0.676433
vt 0.864445 0.658958
vt 0.876102 0.658958
vt 0.876087 0.676432
vt 0.830237 0.671084
vt 0.829620 0.653610
vt 0.831533 0.653610
vt 0.832209 0.671084
vt 0.836408 0.653609
vt 0.837049 0.671084
vt 0.830237 0.671079
vt 0.832209 0.671079
vt 0.831533 0.653605
vt 0.829620 0.653605
vt 0.837049 0.671080
vt 0.836407 0.653605
vt 0.862606 0.677464
vt 0.875226 0.677464
vt 0.827564 0.672115
vt 0.830479 0.672115
vt 0.835335 0.672115
vt 0.642996 0.986767
vt 0.642893 0.986862
vt 0.642239 0.986863
vt 0.642288 0.986767
vt 0.642076 0.986591
vt 0.642124 0.986494
vt 0.642124 0.986458
vt 0.642075 0.986555
vt 0.642238 0.986829
vt 0.642288 0.986730
vt 0.642893 0.986830
vt 0.642996 0.986730
vt 0.642124 0.986494
vt 0.642076 0.986591
vt 0.642240 0.986863
vt 0.642288 0.986767
vt 0.642893 0.986862
vt 0.642996 0.986767
vt 0.642996 0.986730
vt 0.642893 0.986830
vt 0.642239 0.986829
vt 0.642288 0.986730
vt 0.642075 0.986555
vt 0.642124 0.986458
vt 0.642996 0.986825
vt 0.642893 0.986920
vt 0.642239 0.986921
vt 0.642288 0.986825
vt 0.642076 0.986649
vt 0.642124 0.986552
vt 0.642124 0.986515
vt 0.642075 0.986613
vt 0.642238 0.986886
vt 0.642288 0.986788
vt 0.642893 0.986887
vt 0.642996 0.986788
vt 0.642124 0.986552
vt 0.642076 0.986649
vt 0.642240 0.986921
vt 0.642288 0.986825
vt 0.642893 0.986920
vt 0.642996 0.986825
vt 0.642996 0.986788
vt 0.642893 0.986887
vt 0.642239 0.986886
vt 0.642288 0.986788
vt 0.642075 0.986613
vt 0.642124 0.986515
vt 0.642996 0.986882
vt 0.642893 0.986978
vt 0.642239 0.986978
vt 0.642288 0.986882
vt 0.642076 0.986707
vt 0.642124 0.986610
vt 0.642124 0.986573
vt 0.642075 0.986671
vt 0.642238 0.986944
vt 0.642288 0.986845
vt 0.642893 0.986945
vt 0.642996 0.986845
vt 0.642124 0.986610
vt 0.642076 0.986707
vt 0.642240 0.986978
vt 0.642288 0.986882
vt 0.642893 0.986978
vt 0.642996 0.986882
vt 0.642996 0.986845
vt 0.642893 0.986945
vt 0.642239 0.986944
vt 0.642288 0.986845
vt 0.642075 0.986671
vt 0.642124 0.986573
vt 0.858774 0.725661
vt 0.861686 0.725661
vt 0.858774 0.812335
vt 0.861686 0.812335
vt 0.833552 0.566477
vt 0.834536 0.594385
vt 0.835221 0.613800
vt 0.835563 0.623508
vt 0.836248 0.642924
vt 0.836590 0.652632
vt 0.837276 0.672047
vt 0.837609 0.681481
vt 0.839321 0.720313
vt 0.842560 0.806987
vt 0.642455 0.986875
vt 0.642960 0.986875
vt 0.642960 0.986545
vt 0.642286 0.986545
vt 0.842560 0.806982
vt 0.839321 0.720308
vt 0.837609 0.681477
vt 0.837275 0.672043
vt 0.836590 0.652627
vt 0.836248 0.642920
vt 0.835563 0.623504
vt 0.835221 0.613796
vt 0.834536 0.594380
vt 0.833552 0.566473
vt 0.747551 0.746701
vt 0.751207 0.746701
vt 0.868164 0.577146
vt 0.858774 0.577146
vt 0.858774 0.581709
vt 0.869618 0.581709
vt 0.758955 0.571798
vt 0.768350 0.569308
vt 0.790669 0.563966
vt 0.800377 0.561365
vt 0.809481 0.558925
vt 0.821661 0.559103
vt 0.884934 0.564451
vt 0.878139 0.564451
vt 0.878190 0.564451
vt 0.858774 0.564451
vt 0.858775 0.568287
vt 0.878190 0.568287
vt 0.821661 0.559098
vt 0.809481 0.558921
vt 0.800377 0.561360
vt 0.790669 0.563962
vt 0.768350 0.569303
vt 0.758955 0.571793
vt 0.740638 0.655425
vt 0.751207 0.655425
vt 0.751207 0.653069
vt 0.739421 0.653069
vt 0.739427 0.653069
vt 0.740644 0.655425
vt 0.732545 0.665848
vt 0.730264 0.664861
vt 0.725591 0.693337
vt 0.723202 0.692875
vt 0.723068 0.705522
vt 0.720679 0.705060
vt 0.720750 0.716720
vt 0.718313 0.716487
vt 0.718160 0.720864
vt 0.720597 0.720990
vt 0.720597 0.730140
vt 0.718160 0.731462
vt 0.718313 0.731737
vt 0.720750 0.733545
vt 0.726842 0.733545
vt 0.726842 0.731737
vt 0.751211 0.733545
vt 0.751211 0.731737
vt 0.726837 0.731737
vt 0.726837 0.733545
vt 0.720744 0.733545
vt 0.718307 0.731737
vt 0.718154 0.731462
vt 0.720591 0.730140
vt 0.720591 0.720990
vt 0.718154 0.720864
vt 0.718307 0.716487
vt 0.720744 0.716720
vt 0.723063 0.705522
vt 0.720673 0.705060
vt 0.725586 0.693337
vt 0.723196 0.692875
vt 0.732539 0.665848
vt 0.730258 0.664861
vt 0.867143 0.581319
vt 0.858723 0.581319
vt 0.858723 0.576649
vt 0.867143 0.576649
vt 0.760832 0.571296
vt 0.760702 0.575966
vt 0.769006 0.573765
vt 0.769136 0.569095
vt 0.790907 0.568533
vt 0.791037 0.563863
vt 0.800614 0.565932
vt 0.800744 0.561262
vt 0.809537 0.563542
vt 0.809666 0.558871
vt 0.822973 0.563747
vt 0.823103 0.559076
vt 0.882993 0.564429
vt 0.882993 0.569099
vt 0.878139 0.569099
vt 0.878139 0.564429
vt 0.858724 0.569099
vt 0.858724 0.564429
vt 0.878138 0.564429
vt 0.878138 0.569099
vt 0.882992 0.569099
vt 0.882992 0.564429
vt 0.823103 0.559080
vt 0.822973 0.563751
vt 0.809537 0.563546
vt 0.809667 0.558876
vt 0.800614 0.565936
vt 0.800744 0.561266
vt 0.790907 0.568538
vt 0.791037 0.563867
vt 0.769006 0.573770
vt 0.769136 0.569099
vt 0.760702 0.575971
vt 0.760832 0.571301
vt 0.821411 0.553901
vt 0.812968 0.553724
vt 0.883114 0.559227
vt 0.882993 0.564429
vt 0.885056 0.559249
vt 0.813068 0.553669
vt 0.820358 0.553874
vt 0.885056 0.559072
vt 0.884934 0.564274
vt 0.882993 0.564224
vt 0.883115 0.559022
vt 0.812968 0.553718
vt 0.821411 0.553896
vt 0.883114 0.559022
vt 0.882992 0.564224
vt 0.884934 0.564274
vt 0.885056 0.559072
vt 0.820358 0.553878
vt 0.813068 0.553674
vt 0.885056 0.559249
vt 0.858774 0.617276
vt 0.858773 0.636756
vt 0.868883 0.636756
vt 0.864598 0.617276
vt 0.868086 0.617276
vt 0.864547 0.617276
vt 0.868034 0.617276
vt 0.867836 0.612422
vt 0.864547 0.612422
vt 0.858774 0.607568
vt 0.858774 0.612422
vt 0.864598 0.612422
vt 0.867887 0.612422
vt 0.864598 0.607568
vt 0.867689 0.607568
vt 0.864547 0.607568
vt 0.867638 0.607568
vt 0.867439 0.602714
vt 0.864547 0.602714
vt 0.867837 0.612422
vt 0.868035 0.617276
vt 0.864548 0.617276
vt 0.864548 0.612422
vt 0.867638 0.607568
vt 0.864548 0.607568
vt 0.922850 0.575753
vt 0.922850 0.570898
vt 0.919937 0.570898
vt 0.919937 0.575753
vt 0.932557 0.575753
vt 0.932557 0.570898
vt 0.929645 0.570898
vt 0.929645 0.575753
vt 0.935397 0.585343
vt 0.937338 0.584372
vt 0.937338 0.589226
vt 0.935397 0.588255
vt 0.648200 0.981509
vt 0.648200 0.982201
vt 0.647923 0.982201
vt 0.647923 0.981371
vt 0.935396 0.588251
vt 0.937338 0.589221
vt 0.937338 0.584367
vt 0.935396 0.585338
vt 0.648205 0.981509
vt 0.648205 0.982201
vt 0.647928 0.982201
vt 0.647928 0.981370
vt 0.935397 0.575635
vt 0.937338 0.574664
vt 0.937338 0.579518
vt 0.935397 0.578547
vt 0.935396 0.578543
vt 0.937338 0.579513
vt 0.937338 0.574659
vt 0.935396 0.575630
vt 0.985759 0.684757
vt 0.977729 0.684757
vt 0.977729 0.661723
vt 0.985759 0.661723
vt 0.985759 0.684763
vt 0.985759 0.661730
vt 0.977729 0.661730
vt 0.977729 0.684763
vt 0.646743 0.982221
vt 0.647485 0.982221
vt 0.647485 0.981717
vt 0.646743 0.981717
vt 0.934386 0.837983
vt 0.934386 0.865928
vt 0.939461 0.865928
vt 0.940996 0.837984
vt 0.977642 0.683861
vt 0.985647 0.683861
vt 0.985647 0.679690
vt 0.977642 0.679690
vt 0.976691 0.664961
vt 0.973155 0.664961
vt 0.973155 0.644924
vt 0.976691 0.644924
vt 0.976691 0.664968
vt 0.976691 0.644931
vt 0.973155 0.644931
vt 0.973155 0.664968
vt 0.751212 0.655950
vt 0.751212 0.653074
vt 0.742730 0.653074
vt 0.742730 0.655950
vt 0.934386 0.847070
vt 0.934386 0.871380
vt 0.944099 0.871380
vt 0.947037 0.847070
vt 0.976698 0.660188
vt 0.973172 0.660188
vt 0.973172 0.652206
vt 0.976698 0.652206
vt 0.972438 0.668525
vt 0.967944 0.668525
vt 0.967944 0.643060
vt 0.972438 0.643060
vt 0.972438 0.668532
vt 0.972438 0.643067
vt 0.967944 0.643067
vt 0.967944 0.668532
vt 0.751212 0.658919
vt 0.751212 0.655264
vt 0.740432 0.655264
vt 0.740432 0.658919
vt 0.934386 0.843778
vt 0.934386 0.874673
vt 0.946731 0.874673
vt 0.950464 0.843778
vt 0.972453 0.661038
vt 0.967973 0.661038
vt 0.967973 0.650894
vt 0.972453 0.650894
vt 0.747578 0.662413
vt 0.747593 0.658823
vt 0.742121 0.658823
vt 0.741878 0.658823
vt 0.741863 0.662413
vt 0.752160 0.662413
vt 0.752175 0.658823
vt 0.748166 0.662446
vt 0.748166 0.658722
vt 0.742688 0.658722
vt 0.742688 0.662446
vt 0.751207 0.662446
vt 0.751207 0.658722
vt 0.742694 0.662446
vt 0.742694 0.658722
vt 0.748172 0.658722
vt 0.748172 0.662446
vt 0.747572 0.662413
vt 0.747587 0.658823
vt 0.752170 0.658823
vt 0.752155 0.662413
vt 0.741858 0.662413
vt 0.741872 0.658823
vt 0.742116 0.658823
vt 0.734219 0.669177
vt 0.735516 0.663700
vt 0.740606 0.663707
vt 0.721846 0.708697
vt 0.731094 0.708654
vt 0.731057 0.668625
vt 0.729043 0.668626
vt 0.730852 0.663692
vt 0.740802 0.667624
vt 0.747494 0.667628
vt 0.748116 0.662502
vt 0.742554 0.662505
vt 0.751207 0.667628
vt 0.751207 0.662502
vt 0.740807 0.667624
vt 0.742560 0.662505
vt 0.748122 0.662502
vt 0.747500 0.667628
vt 0.734225 0.669177
vt 0.735521 0.663700
vt 0.730858 0.663692
vt 0.731062 0.668625
vt 0.729049 0.668626
vt 0.731100 0.708654
vt 0.740612 0.663707
vt 0.721851 0.708697
vt 0.748992 0.716439
vt 0.739746 0.716439
vt 0.739746 0.709561
vt 0.748995 0.709517
vt 0.742263 0.716404
vt 0.734328 0.716404
vt 0.734328 0.710060
vt 0.742056 0.710060
vt 0.742263 0.709468
vt 0.733983 0.716326
vt 0.745060 0.716326
vt 0.745060 0.709799
vt 0.733983 0.709799
vt 0.751207 0.716326
vt 0.751207 0.709799
vt 0.745065 0.716326
vt 0.733989 0.716326
vt 0.733989 0.709799
vt 0.745065 0.709799
vt 0.734334 0.716404
vt 0.742269 0.716404
vt 0.742269 0.709468
vt 0.742062 0.710060
vt 0.734334 0.710060
vt 0.739752 0.716439
vt 0.748998 0.716439
vt 0.749000 0.709517
vt 0.739752 0.709561
vt 0.750625 0.723394
vt 0.750625 0.728902
vt 0.740812 0.728902
vt 0.740812 0.723394
vt 0.743338 0.723416
vt 0.743338 0.728970
vt 0.735403 0.728970
vt 0.735403 0.723416
vt 0.733983 0.723540
vt 0.733983 0.729254
vt 0.745060 0.729254
vt 0.745060 0.723540
vt 0.751039 0.723540
vt 0.751039 0.729254
vt 0.744893 0.729254
vt 0.744893 0.723540
vt 0.745065 0.723540
vt 0.745065 0.729254
vt 0.733989 0.729254
vt 0.733989 0.723540
vt 0.735409 0.723416
vt 0.735409 0.728970
vt 0.743344 0.728970
vt 0.743344 0.723416
vt 0.740817 0.723394
vt 0.740817 0.728903
vt 0.750631 0.728903
vt 0.750631 0.723394
vt 0.975426 0.740174
vt 0.969463 0.740174
vt 0.969463 0.725506
vt 0.975426 0.725506
vt 0.969463 0.712189
vt 0.975426 0.712189
vt 0.975561 0.712361
vt 0.969492 0.712361
vt 0.969492 0.729389
vt 0.975561 0.729389
vt 0.975579 0.738820
vt 0.969511 0.738820
vt 0.969511 0.729371
vt 0.975579 0.729371
vt 0.975561 0.729398
vt 0.969492 0.729398
vt 0.969492 0.712370
vt 0.975561 0.712370
vt 0.975426 0.712199
vt 0.969463 0.712199
vt 0.969463 0.725516
vt 0.975426 0.725516
vt 0.969463 0.740184
vt 0.975426 0.740184
vt 0.749480 0.718695
vt 0.750625 0.717520
vt 0.749480 0.722219
vt 0.740812 0.718695
vt 0.740812 0.717520
vt 0.732942 0.718695
vt 0.732942 0.717520
vt 0.745060 0.718666
vt 0.745060 0.717447
vt 0.733983 0.717447
vt 0.733983 0.718666
vt 0.751207 0.718666
vt 0.751207 0.717447
vt 0.733989 0.718666
vt 0.733989 0.717447
vt 0.745065 0.717447
vt 0.745065 0.718666
vt 0.740817 0.718695
vt 0.740817 0.717520
vt 0.732948 0.717520
vt 0.732948 0.718695
vt 0.749486 0.718695
vt 0.750631 0.717520
vt 0.749486 0.722219
vt 0.740817 0.722219
vt 0.735409 0.722231
vt 0.743344 0.722231
vt 0.745065 0.722321
vt 0.733989 0.722321
vt 0.744893 0.722321
vt 0.751039 0.722321
vt 0.733983 0.722321
vt 0.745060 0.722321
vt 0.743338 0.722231
vt 0.735403 0.722231
vt 0.740812 0.722219
vt 0.811216 0.566412
vt 0.811216 0.564383
vt 0.814129 0.564383
vt 0.814129 0.566412
vt 0.877086 0.564597
vt 0.878552 0.562568
vt 0.880477 0.569731
vt 0.878868 0.571761
vt 0.871430 0.558093
vt 0.872445 0.556064
vt 0.863258 0.554484
vt 0.863620 0.552455
vt 0.858723 0.554484
vt 0.858723 0.552455
vt 0.863258 0.554484
vt 0.814129 0.566407
vt 0.814129 0.564379
vt 0.811216 0.564379
vt 0.811216 0.566407
vt 0.877086 0.564597
vt 0.878552 0.562568
vt 0.880477 0.569731
vt 0.878869 0.571761
vt 0.871431 0.558093
vt 0.863621 0.552455
vt 0.858724 0.554484
vt 0.858724 0.552455
vt 0.872445 0.556064
vt 0.877085 0.564597
vt 0.880476 0.569731
vt 0.742380 0.733601
vt 0.750625 0.733601
vt 0.870252 0.558400
vt 0.875383 0.563864
vt 0.746042 0.734128
vt 0.736736 0.734128
vt 0.751207 0.734128
vt 0.751207 0.729254
vt 0.736741 0.734128
vt 0.746048 0.734128
vt 0.750631 0.733601
vt 0.742386 0.733601
vt 0.862838 0.555367
vt 0.858723 0.570678
vt 0.858723 0.555367
vt 0.877214 0.570678
vt 0.861145 0.568033
vt 0.865510 0.570135
vt 0.868530 0.573923
vt 0.858724 0.578444
vt 0.858724 0.568033
vt 0.869563 0.578444
vt 0.744476 0.709672
vt 0.733904 0.709672
vt 0.740781 0.668939
vt 0.747383 0.668939
vt 0.733983 0.709702
vt 0.745060 0.709702
vt 0.747447 0.668707
vt 0.740672 0.668707
vt 0.751039 0.709702
vt 0.744893 0.709702
vt 0.747280 0.668707
vt 0.751039 0.668707
vt 0.747453 0.668707
vt 0.745065 0.709702
vt 0.733989 0.709702
vt 0.740678 0.668707
vt 0.721645 0.709284
vt 0.721640 0.709284
vt 0.740786 0.668939
vt 0.733909 0.709672
vt 0.744480 0.709672
vt 0.747388 0.668939
vt 0.868667 0.572985
vt 0.868530 0.573935
vt 0.869608 0.578658
vt 0.869608 0.577192
vt 0.865616 0.569131
vt 0.865510 0.570148
vt 0.861185 0.566989
vt 0.861145 0.568046
vt 0.858773 0.566989
vt 0.858774 0.568046
vt 0.861196 0.568046
vt 0.861236 0.566989
vt 0.865617 0.569131
vt 0.865510 0.570148
vt 0.861145 0.568046
vt 0.861185 0.566989
vt 0.868668 0.572985
vt 0.868530 0.573935
vt 0.869609 0.577192
vt 0.869608 0.578658
vt 0.732730 0.709191
vt 0.742385 0.663635
vt 0.750631 0.710054
vt 0.735409 0.717494
vt 0.743344 0.717494
vt 0.744893 0.716326
vt 0.751040 0.716326
vt 0.751039 0.717447
vt 0.744893 0.717447
vt 0.743338 0.717494
vt 0.735403 0.717494
vt 0.750625 0.710054
vt 0.742380 0.663635
vt 0.732725 0.709191
vt 0.872445 0.555183
vt 0.878039 0.562023
vt 0.878358 0.561517
vt 0.863620 0.551574
vt 0.863671 0.551574
vt 0.858773 0.551574
vt 0.858774 0.552455
vt 0.863671 0.552455
vt 0.872445 0.555183
vt 0.863621 0.551574
vt 0.878359 0.561517
vt 0.878040 0.562023
vt 0.771423 0.565546
vt 0.772287 0.565953
vt 0.804947 0.558269
vt 0.805025 0.557763
vt 0.729947 0.669671
vt 0.731556 0.669671
vt 0.747328 0.667628
vt 0.751039 0.667628
vt 0.731550 0.669671
vt 0.729941 0.669671
vt 0.805025 0.557768
vt 0.804947 0.558273
vt 0.772287 0.565958
vt 0.771423 0.565551
vt 0.941565 0.826346
vt 0.944500 0.826346
vt 0.944105 0.839563
vt 0.941960 0.839563
vt 0.944259 0.772989
vt 0.944259 0.764332
vt 0.935602 0.764815
vt 0.935602 0.772506
vt 0.933353 0.806547
vt 0.933353 0.819764
vt 0.936658 0.819764
vt 0.936658 0.806547
vt 0.944259 0.765591
vt 0.944259 0.771918
vt 0.935602 0.771565
vt 0.935602 0.765945
vt 0.933353 0.819764
vt 0.933353 0.806547
vt 0.936657 0.806547
vt 0.936657 0.819764
vt 0.946794 0.832507
vt 0.941682 0.832507
vt 0.941682 0.824753
vt 0.946794 0.824753
vt 0.933043 0.758805
vt 0.930682 0.772196
vt 0.941286 0.774933
vt 0.943944 0.759860
vt 0.937634 0.812708
vt 0.937634 0.804954
vt 0.933474 0.804954
vt 0.933474 0.812708
vt 0.930682 0.772290
vt 0.933043 0.758899
vt 0.943944 0.759954
vt 0.941286 0.775028
vt 0.938535 0.804954
vt 0.938535 0.812708
vt 0.934488 0.812708
vt 0.934488 0.804954
vt 0.941565 0.826351
vt 0.941960 0.839568
vt 0.944105 0.839568
vt 0.944500 0.826351
vt 0.944439 0.772989
vt 0.935783 0.772506
vt 0.935783 0.764815
vt 0.944439 0.764332
vt 0.933279 0.806547
vt 0.936583 0.806547
vt 0.936583 0.819764
vt 0.933279 0.819764
vt 0.944439 0.765591
vt 0.935783 0.765945
vt 0.935783 0.771565
vt 0.944439 0.771918
vt 0.933279 0.819764
vt 0.936584 0.819764
vt 0.936584 0.806547
vt 0.933279 0.806547
vt 0.946794 0.832512
vt 0.946794 0.824757
vt 0.941683 0.824757
vt 0.941683 0.832512
vt 0.933224 0.758805
vt 0.944124 0.759860
vt 0.941466 0.774933
vt 0.930863 0.772196
vt 0.937560 0.812708
vt 0.933399 0.812708
vt 0.933399 0.804954
vt 0.937560 0.804954
vt 0.930863 0.772290
vt 0.941466 0.775028
vt 0.944124 0.759954
vt 0.933224 0.758899
vt 0.938462 0.804954
vt 0.934414 0.804954
vt 0.934414 0.812708
vt 0.938462 0.812708
vt 0.716865 0.926817
vt 0.707271 0.926822
vt 0.716852 0.742368
vt 0.904952 0.726008
vt 0.911755 0.813379
vt 0.734417 0.998463
vt 0.736225 0.985290
vt 0.768099 0.985285
vt 0.766380 0.998457
vt 0.718133 0.995026
vt 0.719599 0.981782
vt 0.701422 0.991500
vt 0.702888 0.978255
vt 0.684711 0.987973
vt 0.686177 0.974729
vt 0.655730 0.975586
vt 0.655587 0.968274
vt 0.892188 0.764835
vt 0.895661 0.813374
vt 0.892645 0.813374
vt 0.891386 0.726008
vt 0.639551 0.993642
vt 0.639755 0.992623
vt 0.640740 0.991023
vt 0.639838 0.995162
vt 0.640740 0.991023
vt 0.640916 0.990988
vt 0.640089 0.993713
vt 0.639754 0.992623
vt 0.639551 0.993642
vt 0.724997 0.932474
vt 0.721981 0.932474
vt 0.721870 0.748026
vt 0.725001 0.748020
vt 0.684711 0.987981
vt 0.686177 0.974737
vt 0.655587 0.968282
vt 0.655730 0.975594
vt 0.701422 0.991507
vt 0.702888 0.978263
vt 0.718133 0.995034
vt 0.719598 0.981789
vt 0.734417 0.998471
vt 0.736225 0.985298
vt 0.766380 0.998465
vt 0.768099 0.985293
vt 0.904953 0.726008
vt 0.640089 0.995233
vt 0.639838 0.995162
vt 0.630816 0.988322
vt 0.630870 0.988322
vt 0.630866 0.988870
vt 0.630812 0.988876
vt 0.630820 0.987765
vt 0.630874 0.987765
vt 0.630824 0.988520
vt 0.630878 0.988520
vt 0.630874 0.989077
vt 0.630820 0.989077
vt 0.630831 0.987501
vt 0.630886 0.987442
vt 0.630860 0.988328
vt 0.630799 0.988367
vt 0.630809 0.988024
vt 0.630855 0.988090
vt 0.630878 0.987447
vt 0.630824 0.987447
vt 0.630721 0.986751
vt 0.630771 0.986803
vt 0.630874 0.988004
vt 0.630820 0.988003
vt 0.630870 0.988561
vt 0.630816 0.988560
vt 0.630819 0.988071
vt 0.630866 0.989103
vt 0.630812 0.989109
vt 0.630876 0.988735
vt 0.630822 0.988783
vt 0.630821 0.987687
vt 0.630876 0.987693
vt 0.630795 0.987688
vt 0.630850 0.987627
vt 0.630846 0.988170
vt 0.630792 0.988121
vt 0.630793 0.987577
vt 0.630847 0.987583
vt 0.630848 0.988678
vt 0.630793 0.988616
vt 0.630811 0.988876
vt 0.630866 0.988870
vt 0.630870 0.988322
vt 0.630815 0.988322
vt 0.630793 0.988616
vt 0.630847 0.988678
vt 0.630847 0.987583
vt 0.630793 0.987577
vt 0.630792 0.988122
vt 0.630846 0.988170
vt 0.630850 0.987627
vt 0.630795 0.987688
vt 0.630876 0.987693
vt 0.630821 0.987687
vt 0.630821 0.988783
vt 0.630876 0.988735
vt 0.630870 0.988561
vt 0.630816 0.988560
vt 0.630812 0.989109
vt 0.630866 0.989103
vt 0.630874 0.988004
vt 0.630820 0.988004
vt 0.630819 0.988072
vt 0.630878 0.987447
vt 0.630824 0.987447
vt 0.630770 0.986803
vt 0.630720 0.986751
vt 0.630855 0.988090
vt 0.630809 0.988025
vt 0.630799 0.988367
vt 0.630860 0.988329
vt 0.630823 0.988520
vt 0.630878 0.988520
vt 0.630886 0.987442
vt 0.630831 0.987501
vt 0.630819 0.989077
vt 0.630874 0.989077
vt 0.630874 0.987765
vt 0.630819 0.987765
vt 0.800338 0.723567
vt 0.800337 0.720655
vt 0.809996 0.720655
vt 0.809997 0.723567
vt 0.790630 0.723567
vt 0.790630 0.720655
vt 0.780922 0.723567
vt 0.780922 0.720655
vt 0.763152 0.723567
vt 0.763151 0.720655
vt 0.890694 0.728920
vt 0.890695 0.726008
vt 0.886447 0.726004
vt 0.886446 0.728916
vt 0.780070 0.723567
vt 0.780070 0.720655
vt 0.763234 0.720655
vt 0.763234 0.723567
vt 0.789778 0.723567
vt 0.789778 0.720655
vt 0.799486 0.723567
vt 0.799486 0.720655
vt 0.808947 0.723567
vt 0.808946 0.720655
vt 0.827514 0.723567
vt 0.827514 0.720655
vt 0.896329 0.728916
vt 0.896330 0.726004
vt 0.903982 0.726008
vt 0.903980 0.728920
vt 0.828513 0.720655
vt 0.828513 0.723567
vt 0.809996 0.723563
vt 0.809996 0.720651
vt 0.800337 0.720651
vt 0.800338 0.723563
vt 0.828513 0.723563
vt 0.828513 0.720651
vt 0.903980 0.728920
vt 0.903981 0.726008
vt 0.896329 0.726004
vt 0.896328 0.728916
vt 0.808947 0.723572
vt 0.808946 0.720659
vt 0.827514 0.720659
vt 0.827514 0.723572
vt 0.799486 0.723572
vt 0.799486 0.720659
vt 0.789778 0.723572
vt 0.789778 0.720659
vt 0.780070 0.723572
vt 0.780070 0.720659
vt 0.763234 0.723572
vt 0.763234 0.720659
vt 0.780922 0.723563
vt 0.780922 0.720651
vt 0.763151 0.720651
vt 0.763152 0.723563
vt 0.790630 0.723563
vt 0.790630 0.720651
vt 0.799285 0.720659
vt 0.790796 0.759486
vt 0.790762 0.720659
vt 0.779870 0.720655
vt 0.762155 0.720655
vt 0.762216 0.759482
vt 0.789577 0.720655
vt 0.790762 0.720655
vt 0.790796 0.759482
vt 0.601537 0.926986
vt 0.601477 0.744505
vt 0.615825 0.744504
vt 0.601584 0.973628
vt 0.615825 0.973625
vt 0.601537 0.926990
vt 0.601584 0.973633
vt 0.615825 0.973630
vt 0.601477 0.744510
vt 0.615825 0.744509
vt 0.833921 0.971983
vt 0.832756 0.971975
vt 0.832922 0.858773
vt 0.834087 0.858781
vt 0.909877 0.764772
vt 0.907978 0.764835
vt 0.911756 0.813379
vt 0.913655 0.813316
vt 0.630817 0.987833
vt 0.630922 0.987812
vt 0.630938 0.988848
vt 0.630833 0.988867
vt 0.832680 0.856490
vt 0.831720 0.856483
vt 0.830277 0.974234
vt 0.831244 0.974241
vt 0.639444 0.993638
vt 0.639648 0.992619
vt 0.639648 0.992619
vt 0.639444 0.993638
vt 0.831244 0.974241
vt 0.832680 0.856490
vt 0.630833 0.988867
vt 0.630938 0.988848
vt 0.630922 0.987812
vt 0.630816 0.987833
vt 0.599260 0.926860
vt 0.599196 0.742411
vt 0.806535 0.761199
vt 0.808812 0.759423
vt 0.808859 0.807967
vt 0.806582 0.807841
vt 0.630702 0.987947
vt 0.630713 0.988763
vt 0.833773 0.857518
vt 0.832449 0.973311
vt 0.617359 0.742411
vt 0.599196 0.742415
vt 0.599260 0.926864
vt 0.617359 0.742415
vt 0.832449 0.973311
vt 0.833773 0.857518
vt 0.630713 0.988763
vt 0.630702 0.987947
vt 0.806582 0.807837
vt 0.808859 0.807963
vt 0.808812 0.759419
vt 0.806535 0.761194
vt 0.663882 0.926822
vt 0.663882 0.742373
vt 0.687856 0.742373
vt 0.687638 0.926822
vt 0.882480 0.813374
vt 0.892644 0.813374
vt 0.882480 0.813374
vt 0.641276 0.990403
vt 0.641468 0.990444
vt 0.640879 0.990796
vt 0.687590 0.926822
vt 0.687807 0.742373
vt 0.630746 0.988650
vt 0.630913 0.988753
vt 0.630886 0.987955
vt 0.630727 0.988070
vt 0.649842 0.744305
vt 0.646413 0.742358
vt 0.646165 0.926806
vt 0.649612 0.924871
vt 0.687808 0.742373
vt 0.687590 0.926822
vt 0.640879 0.990796
vt 0.641276 0.990403
vt 0.649612 0.924866
vt 0.646165 0.926802
vt 0.646413 0.742353
vt 0.649842 0.744301
vt 0.630727 0.988070
vt 0.630887 0.987955
vt 0.630913 0.988753
vt 0.630746 0.988650
vt 0.724998 0.932474
vt 0.725002 0.748020
vt 0.721871 0.748026
vt 0.721982 0.932474
vt 0.892188 0.764835
vt 0.891386 0.726008
vt 0.895661 0.813374
vt 0.853711 0.560142
vt 0.856135 0.560142
vt 0.856135 0.570763
vt 0.846319 0.566036
vt 0.849342 0.562246
vt 0.845240 0.570763
vt 0.901292 0.629435
vt 0.899995 0.619728
vt 0.907168 0.619728
vt 0.907168 0.629435
vt 0.896579 0.629435
vt 0.894243 0.619728
vt 0.900488 0.629412
vt 0.899823 0.619704
vt 0.893194 0.619704
vt 0.895057 0.629412
vt 0.906515 0.629412
vt 0.903501 0.629412
vt 0.903501 0.619704
vt 0.907180 0.619704
vt 0.895056 0.629412
vt 0.893194 0.619704
vt 0.899823 0.619704
vt 0.900487 0.629412
vt 0.901292 0.629431
vt 0.899995 0.619723
vt 0.894243 0.619723
vt 0.896579 0.629431
vt 0.907168 0.629431
vt 0.907168 0.619723
vt 0.842637 0.564171
vt 0.838764 0.562306
vt 0.836833 0.570763
vt 0.841132 0.570763
vt 0.846853 0.558885
vt 0.844173 0.555523
vt 0.852945 0.555950
vt 0.851989 0.551759
vt 0.856327 0.555950
vt 0.856327 0.551759
vt 0.846859 0.558885
vt 0.844179 0.555523
vt 0.851995 0.551759
vt 0.852952 0.555950
vt 0.842644 0.564171
vt 0.838770 0.562306
vt 0.841139 0.570763
vt 0.836840 0.570763
vt 0.902587 0.634290
vt 0.902587 0.629435
vt 0.907168 0.634290
vt 0.898914 0.634290
vt 0.898914 0.629435
vt 0.901152 0.634265
vt 0.901152 0.629412
vt 0.896920 0.629412
vt 0.896920 0.634265
vt 0.905850 0.634265
vt 0.903501 0.634265
vt 0.905850 0.629412
vt 0.896919 0.634265
vt 0.896919 0.629412
vt 0.901152 0.629412
vt 0.901152 0.634265
vt 0.902587 0.634285
vt 0.902587 0.629431
vt 0.898914 0.629431
vt 0.898914 0.634285
vt 0.907168 0.634285
vt 0.903884 0.639143
vt 0.907168 0.639143
vt 0.901250 0.639143
vt 0.901817 0.639119
vt 0.898782 0.639119
vt 0.905186 0.639119
vt 0.903501 0.639119
vt 0.898781 0.639119
vt 0.901817 0.639119
vt 0.903884 0.639139
vt 0.901250 0.639139
vt 0.907168 0.639139
vt 0.907168 0.586515
vt 0.899995 0.586515
vt 0.899995 0.557391
vt 0.907168 0.557391
vt 0.894243 0.586515
vt 0.894243 0.557391
vt 0.891771 0.586491
vt 0.899315 0.586491
vt 0.898869 0.557367
vt 0.890522 0.557367
vt 0.903501 0.557367
vt 0.903501 0.586491
vt 0.899314 0.586491
vt 0.898869 0.557367
vt 0.891770 0.586491
vt 0.890522 0.557367
vt 0.894243 0.557387
vt 0.894243 0.586510
vt 0.899995 0.586510
vt 0.899995 0.557387
vt 0.907168 0.586510
vt 0.907168 0.557387
vt 0.899995 0.596223
vt 0.907168 0.596223
vt 0.894243 0.596223
vt 0.899464 0.596199
vt 0.892187 0.596199
vt 0.903501 0.596199
vt 0.899463 0.596199
vt 0.892186 0.596199
vt 0.894243 0.596218
vt 0.899995 0.596218
vt 0.907168 0.596218
vt 0.905992 0.594375
vt 0.899931 0.594374
vt 0.900023 0.588545
vt 0.905989 0.588544
vt 0.893398 0.594372
vt 0.893479 0.588546
vt 0.891648 0.594348
vt 0.899279 0.594348
vt 0.899133 0.588523
vt 0.891282 0.588523
vt 0.903501 0.588523
vt 0.903501 0.594348
vt 0.899278 0.594348
vt 0.899132 0.588523
vt 0.891647 0.594348
vt 0.891281 0.588523
vt 0.893479 0.588542
vt 0.893398 0.594367
vt 0.899931 0.594369
vt 0.900023 0.588540
vt 0.905992 0.594371
vt 0.905989 0.588539
vt 0.906006 0.549625
vt 0.906006 0.555450
vt 0.899974 0.555450
vt 0.899974 0.549625
vt 0.893436 0.555450
vt 0.893436 0.549625
vt 0.889944 0.549601
vt 0.889944 0.555426
vt 0.898663 0.555426
vt 0.898663 0.549601
vt 0.903501 0.549601
vt 0.903501 0.555426
vt 0.898662 0.555426
vt 0.898662 0.549601
vt 0.889943 0.555426
vt 0.889943 0.549601
vt 0.893436 0.549621
vt 0.893436 0.555445
vt 0.899974 0.555445
vt 0.899974 0.549621
vt 0.906006 0.555445
vt 0.906006 0.549621
vt 0.907688 0.586491
vt 0.907870 0.588523
vt 0.907168 0.547683
vt 0.907168 0.547679
vt 0.934717 0.654906
vt 0.934717 0.600846
vt 0.927419 0.600846
vt 0.927419 0.654906
vt 0.943192 0.791758
vt 0.937684 0.792228
vt 0.937684 0.761387
vt 0.943192 0.761387
vt 0.918469 0.846265
vt 0.932897 0.848108
vt 0.932897 0.833679
vt 0.918469 0.835523
vt 0.943192 0.761387
vt 0.937685 0.761387
vt 0.937685 0.792228
vt 0.943192 0.791758
vt 0.930613 0.673187
vt 0.930613 0.638942
vt 0.927726 0.638942
vt 0.927726 0.673187
vt 0.942132 0.802029
vt 0.939954 0.802326
vt 0.939954 0.782790
vt 0.942132 0.782790
vt 0.921245 0.845812
vt 0.926951 0.846541
vt 0.926951 0.840835
vt 0.921245 0.841564
vt 0.942132 0.782790
vt 0.939955 0.782790
vt 0.939955 0.802326
vt 0.942132 0.802029
vt 0.932512 0.664757
vt 0.932512 0.630513
vt 0.929625 0.630513
vt 0.929625 0.664757
vt 0.940964 0.797293
vt 0.938786 0.797590
vt 0.938786 0.778054
vt 0.940964 0.778054
vt 0.924306 0.843018
vt 0.930012 0.843747
vt 0.930012 0.838041
vt 0.924306 0.838770
vt 0.940964 0.778054
vt 0.940964 0.797293
vt 0.926630 0.635349
vt 0.926630 0.601104
vt 0.923743 0.601104
vt 0.923743 0.635349
vt 0.942066 0.780771
vt 0.939887 0.781069
vt 0.939887 0.761532
vt 0.942066 0.761532
vt 0.921420 0.851674
vt 0.927126 0.852403
vt 0.927126 0.846697
vt 0.921420 0.847426
vt 0.939888 0.761532
vt 0.939888 0.781069
vt 0.942066 0.780771
vt 0.932511 0.664748
vt 0.929625 0.664748
vt 0.929625 0.630503
vt 0.932511 0.630503
vt 0.940675 0.797293
vt 0.940675 0.778054
vt 0.938497 0.778054
vt 0.938497 0.797590
vt 0.925078 0.843018
vt 0.925078 0.838770
vt 0.930784 0.838041
vt 0.930784 0.843747
vt 0.940674 0.778054
vt 0.940674 0.797293
vt 0.938496 0.797590
vt 0.938496 0.778054
vt 0.930613 0.673178
vt 0.927726 0.673178
vt 0.927726 0.638933
vt 0.930613 0.638933
vt 0.941843 0.802029
vt 0.941843 0.782790
vt 0.939665 0.782790
vt 0.939665 0.802326
vt 0.922018 0.845812
vt 0.922018 0.841564
vt 0.927724 0.840835
vt 0.927724 0.846541
vt 0.941842 0.782790
vt 0.941842 0.802029
vt 0.939664 0.802326
vt 0.939664 0.782790
vt 0.934717 0.654897
vt 0.927419 0.654897
vt 0.927419 0.600837
vt 0.934717 0.600837
vt 0.942902 0.791758
vt 0.942902 0.761387
vt 0.937395 0.761387
vt 0.937395 0.792228
vt 0.919242 0.846265
vt 0.919242 0.835523
vt 0.933670 0.833679
vt 0.933670 0.848108
vt 0.942902 0.761387
vt 0.942902 0.791758
vt 0.937395 0.792228
vt 0.937395 0.761387
vt 0.926630 0.635339
vt 0.923743 0.635339
vt 0.923743 0.601095
vt 0.926630 0.601095
vt 0.941776 0.780771
vt 0.941776 0.761532
vt 0.939598 0.761532
vt 0.939598 0.781069
vt 0.922194 0.851674
vt 0.922194 0.847426
vt 0.927899 0.846697
vt 0.927899 0.852403
vt 0.941775 0.761532
vt 0.941775 0.780771
vt 0.939598 0.781069
vt 0.630756 0.986735
vt 0.630773 0.987657
vt 0.630937 0.987657
vt 0.630919 0.986735
vt 0.630937 0.987659
vt 0.630773 0.987659
vt 0.630756 0.986737
vt 0.630919 0.986737
vt 0.829366 0.858598
vt 0.834220 0.858598
vt 0.832278 0.850954
vt 0.829366 0.850954
vt 0.906375 0.847616
vt 0.889949 0.841166
vt 0.889949 0.831458
vt 0.906375 0.837908
vt 0.834228 0.863090
vt 0.829374 0.863090
vt 0.829374 0.855445
vt 0.832287 0.855445
vt 0.808020 0.853324
vt 0.831702 0.841171
vt 0.831702 0.831463
vt 0.808020 0.843616
vt 0.829366 0.922316
vt 0.834220 0.922316
vt 0.830528 0.842137
vt 0.830528 0.927566
vt 0.808731 0.927566
vt 0.808731 0.854290
vt 0.834228 0.922316
vt 0.829374 0.922316
vt 0.889949 0.841171
vt 0.889949 0.928541
vt 0.906375 0.928541
vt 0.906375 0.847620
vt 0.829366 0.968179
vt 0.829366 0.975823
vt 0.832278 0.975823
vt 0.834220 0.968179
vt 0.831702 0.978749
vt 0.831702 0.988457
vt 0.808020 0.996492
vt 0.808020 0.986784
vt 0.834228 0.968179
vt 0.832287 0.975823
vt 0.829374 0.975823
vt 0.829374 0.968179
vt 0.889949 0.978504
vt 0.889949 0.988212
vt 0.906375 0.996496
vt 0.906375 0.986788
vt 0.630796 0.988202
vt 0.630959 0.988202
vt 0.630959 0.988203
vt 0.630796 0.988203
vt 0.880241 0.841166
vt 0.880241 0.831458
vt 0.906375 0.837912
vt 0.889949 0.831463
vt 0.906297 0.929507
vt 0.906297 0.985381
vt 0.891320 0.977828
vt 0.891320 0.929507
vt 0.880241 0.928541
vt 0.880241 0.976276
vt 0.889949 0.978499
vt 0.906375 0.986784
vt 0.906375 0.996492
vt 0.889949 0.988208
vt 0.880241 0.985984
vt 0.870533 0.841171
vt 0.880241 0.841171
vt 0.880241 0.831463
vt 0.870533 0.831463
vt 0.879480 0.929507
vt 0.879480 0.975154
vt 0.870727 0.973787
vt 0.870651 0.929507
vt 0.880241 0.976272
vt 0.880241 0.985979
vt 0.870533 0.984463
vt 0.870533 0.974756
vt 0.630777 0.988746
vt 0.630749 0.989291
vt 0.630912 0.989291
vt 0.630941 0.988746
vt 0.630912 0.989293
vt 0.630749 0.989293
vt 0.630777 0.988748
vt 0.630941 0.988748
vt 0.870533 0.841166
vt 0.860825 0.841166
vt 0.860825 0.831458
vt 0.870533 0.831458
vt 0.870533 0.928541
vt 0.860826 0.928541
vt 0.860826 0.974442
vt 0.870533 0.974760
vt 0.860826 0.984150
vt 0.870533 0.984468
vt 0.851118 0.841171
vt 0.851118 0.831463
vt 0.832777 0.929507
vt 0.851235 0.929507
vt 0.851123 0.973828
vt 0.832777 0.977564
vt 0.851118 0.974796
vt 0.851118 0.984503
vt 0.630740 0.988328
vt 0.630742 0.989658
vt 0.630905 0.989658
vt 0.630903 0.988328
vt 0.630903 0.988330
vt 0.630905 0.989659
vt 0.630742 0.989659
vt 0.630740 0.988330
vt 0.831702 0.841166
vt 0.808020 0.853319
vt 0.808020 0.843612
vt 0.831702 0.831458
vt 0.808020 0.928541
vt 0.808020 0.986788
vt 0.831702 0.978753
vt 0.831702 0.928541
vt 0.808020 0.996496
vt 0.831702 0.988461
vt 0.630740 0.987239
vt 0.630904 0.987239
vt 0.630904 0.987240
vt 0.630740 0.987240
vt 0.851118 0.841166
vt 0.851118 0.831458
vt 0.851118 0.974800
vt 0.851118 0.928541
vt 0.851118 0.984508
vt 0.860826 0.841171
vt 0.860826 0.831463
vt 0.860943 0.929507
vt 0.860940 0.973466
vt 0.860826 0.974437
vt 0.860826 0.984145
vt 0.630740 0.989836
vt 0.630904 0.989836
vt 0.630904 0.989838
vt 0.630740 0.989838
vt 0.889822 0.929507
vt 0.889822 0.977342
vt 0.881608 0.975457
vt 0.881608 0.929507
vt 0.830528 0.978047
vt 0.808731 0.985442
vt 0.808731 0.929507
vt 0.830528 0.929507
vt 0.891320 0.927566
vt 0.891320 0.842137
vt 0.906297 0.848587
vt 0.906297 0.927566
vt 0.870763 0.927566
vt 0.870763 0.842137
vt 0.880471 0.842137
vt 0.880471 0.927566
vt 0.832888 0.927566
vt 0.832888 0.842137
vt 0.851347 0.842137
vt 0.851347 0.927566
vt 0.861055 0.842137
vt 0.861055 0.927566
vt 0.889431 0.842137
vt 0.889431 0.927566
vt 0.729958 0.831244
vt 0.728592 0.830273
vt 0.728592 0.880236
vt 0.729958 0.879079
vt 0.630912 0.988125
vt 0.630919 0.988202
vt 0.630896 0.987657
vt 0.630820 0.987664
vt 0.880241 0.928537
vt 0.630828 0.987668
vt 0.630905 0.987661
vt 0.630928 0.988206
vt 0.630921 0.988129
vt 0.831702 0.928537
vt 0.630799 0.989618
vt 0.630865 0.989658
vt 0.630863 0.988328
vt 0.630823 0.988394
vt 0.835403 0.967123
vt 0.835402 0.923080
vt 0.835591 0.923080
vt 0.835591 0.967075
vt 0.630930 0.987580
vt 0.630879 0.986735
vt 0.630802 0.986739
vt 0.889949 0.928537
vt 0.630851 0.988249
vt 0.630909 0.988751
vt 0.630857 0.988740
vt 0.729544 0.832305
vt 0.728167 0.831334
vt 0.728167 0.879069
vt 0.729544 0.877951
vt 0.630846 0.988740
vt 0.630900 0.988746
vt 0.630842 0.988244
vt 0.630818 0.989285
vt 0.630872 0.989291
vt 0.630809 0.989830
vt 0.630864 0.989836
vt 0.851118 0.928537
vt 0.729584 0.878770
vt 0.728456 0.879955
vt 0.728456 0.829743
vt 0.729584 0.830714
vt 0.630881 0.989295
vt 0.630826 0.989289
vt 0.835402 0.921551
vt 0.835402 0.863854
vt 0.630823 0.988396
vt 0.630863 0.988330
vt 0.630865 0.989659
vt 0.630799 0.989619
vt 0.835591 0.859363
vt 0.835591 0.921551
vt 0.630802 0.986741
vt 0.630879 0.986737
vt 0.630896 0.987659
vt 0.630930 0.987582
vt 0.630847 0.988734
vt 0.630866 0.988189
vt 0.630819 0.989278
vt 0.630811 0.989823
vt 0.630819 0.989280
vt 0.630872 0.989293
vt 0.630864 0.989838
vt 0.630811 0.989825
vt 0.630847 0.988735
vt 0.630900 0.988748
vt 0.630866 0.988191
vt 0.630919 0.988203
vt 0.630847 0.987688
vt 0.729978 0.793936
vt 0.728415 0.792965
vt 0.728415 0.880336
vt 0.729978 0.879365
vt 0.630847 0.987686
vt 0.630755 0.986735
vt 0.630919 0.986735
vt 0.630936 0.987657
vt 0.630773 0.987657
vt 0.630936 0.987659
vt 0.630919 0.986737
vt 0.630755 0.986737
vt 0.630773 0.987659
vt 0.829365 0.858598
vt 0.829365 0.850954
vt 0.832278 0.850954
vt 0.834220 0.858598
vt 0.834220 0.922316
vt 0.829365 0.922316
vt 0.830528 0.842142
vt 0.808731 0.854295
vt 0.808731 0.927570
vt 0.830528 0.927570
vt 0.906375 0.928537
vt 0.829365 0.968179
vt 0.834220 0.968179
vt 0.832278 0.975823
vt 0.829365 0.975823
vt 0.630959 0.988202
vt 0.630796 0.988202
vt 0.630959 0.988203
vt 0.630796 0.988203
vt 0.906297 0.929512
vt 0.891320 0.929512
vt 0.891320 0.977832
vt 0.906297 0.985385
vt 0.879480 0.929512
vt 0.870651 0.929512
vt 0.870727 0.973791
vt 0.879480 0.975159
vt 0.880242 0.976276
vt 0.880242 0.985984
vt 0.630777 0.988746
vt 0.630940 0.988746
vt 0.630912 0.989291
vt 0.630748 0.989291
vt 0.630912 0.989293
vt 0.630940 0.988748
vt 0.630777 0.988748
vt 0.630748 0.989293
vt 0.870533 0.928537
vt 0.860826 0.928537
vt 0.832777 0.929512
vt 0.832777 0.977569
vt 0.851123 0.973832
vt 0.851236 0.929512
vt 0.630740 0.988328
vt 0.630903 0.988328
vt 0.630905 0.989658
vt 0.630742 0.989658
vt 0.630903 0.988330
vt 0.630740 0.988330
vt 0.630742 0.989659
vt 0.630905 0.989659
vt 0.808020 0.928537
vt 0.630740 0.987239
vt 0.630903 0.987239
vt 0.630903 0.987240
vt 0.630740 0.987240
vt 0.860826 0.831458
vt 0.860826 0.841166
vt 0.860940 0.973471
vt 0.860943 0.929512
vt 0.630903 0.989836
vt 0.630740 0.989836
vt 0.630903 0.989838
vt 0.630740 0.989838
vt 0.889822 0.929512
vt 0.881608 0.929512
vt 0.881608 0.975462
vt 0.889822 0.977347
vt 0.830528 0.978051
vt 0.830528 0.929512
vt 0.808731 0.929512
vt 0.808731 0.985446
vt 0.891320 0.927570
vt 0.906297 0.927570
vt 0.906297 0.848591
vt 0.891320 0.842142
vt 0.870763 0.927570
vt 0.880471 0.927570
vt 0.880471 0.842142
vt 0.870763 0.842142
vt 0.832888 0.927570
vt 0.851347 0.927570
vt 0.851347 0.842142
vt 0.832888 0.842142
vt 0.861055 0.927570
vt 0.861055 0.842142
vt 0.889432 0.927570
vt 0.889432 0.842142
vt 0.729958 0.831244
vt 0.729958 0.879079
vt 0.728591 0.880236
vt 0.728591 0.830273
vt 0.630912 0.988125
vt 0.630819 0.987664
vt 0.630896 0.987657
vt 0.630919 0.988202
vt 0.880242 0.928541
vt 0.630828 0.987668
vt 0.630921 0.988129
vt 0.630928 0.988206
vt 0.630905 0.987661
vt 0.630799 0.989618
vt 0.630823 0.988394
vt 0.630863 0.988328
vt 0.630865 0.989658
vt 0.835403 0.923080
vt 0.835590 0.923080
vt 0.835590 0.967075
vt 0.630929 0.987580
vt 0.630802 0.986739
vt 0.630879 0.986735
vt 0.630850 0.988248
vt 0.630857 0.988740
vt 0.630909 0.988751
vt 0.729543 0.832305
vt 0.729543 0.877951
vt 0.728166 0.879069
vt 0.728166 0.831334
vt 0.630846 0.988740
vt 0.630842 0.988244
vt 0.630900 0.988746
vt 0.630818 0.989285
vt 0.630872 0.989291
vt 0.630809 0.989830
vt 0.630863 0.989836
vt 0.729585 0.878770
vt 0.729585 0.830714
vt 0.630826 0.989289
vt 0.630880 0.989295
vt 0.835403 0.921551
vt 0.835403 0.863854
vt 0.630823 0.988396
vt 0.630799 0.989619
vt 0.630865 0.989659
vt 0.630863 0.988330
vt 0.835590 0.859363
vt 0.835590 0.921551
vt 0.630802 0.986741
vt 0.630929 0.987582
vt 0.630896 0.987659
vt 0.630879 0.986737
vt 0.630847 0.988734
vt 0.630866 0.988189
vt 0.630819 0.989278
vt 0.630810 0.989823
vt 0.630819 0.989280
vt 0.630810 0.989825
vt 0.630863 0.989838
vt 0.630872 0.989293
vt 0.630847 0.988735
vt 0.630900 0.988748
vt 0.630866 0.988191
vt 0.630919 0.988203
vt 0.630846 0.987688
vt 0.729977 0.793936
vt 0.729977 0.879365
vt 0.728414 0.880336
vt 0.728414 0.792965
vt 0.630846 0.987686
vt 0.549737 0.927133
vt 0.549737 0.997030
vt 0.544883 0.997030
vt 0.549737 0.830055
vt 0.544883 0.830055
vt 0.544883 0.997034
vt 0.549737 0.997034
vt 0.549737 0.927138
vt 0.549737 0.830060
vt 0.544883 0.830060
vt 0.642814 0.990171
vt 0.641506 0.990171
vt 0.641506 0.990444
vt 0.663834 0.919055
vt 0.675196 0.919055
vt 0.675196 0.849159
vt 0.675196 0.752081
vt 0.663834 0.752081
vt 0.642806 0.990173
vt 0.641498 0.990173
vt 0.642168 0.989410
vt 0.642806 0.989410
vt 0.563328 0.927133
vt 0.563328 0.997030
vt 0.642814 0.989408
vt 0.642176 0.989408
vt 0.642806 0.990445
vt 0.641498 0.990445
vt 0.630892 0.990561
vt 0.630826 0.986641
vt 0.630719 0.986660
vt 0.630784 0.990580
vt 0.630892 0.990563
vt 0.630784 0.990582
vt 0.630719 0.986661
vt 0.630826 0.986642
vt 0.797319 0.846104
vt 0.799231 0.846104
vt 0.799231 0.779120
vt 0.797319 0.779120
vt 0.732616 0.927893
vt 0.800494 0.941484
vt 0.800494 0.874500
vt 0.732616 0.887120
vt 0.729922 0.874783
vt 0.728010 0.874783
vt 0.728010 0.834010
vt 0.729922 0.834010
vt 0.800157 0.941480
vt 0.732278 0.927889
vt 0.732278 0.887116
vt 0.800157 0.874496
vt 0.934800 0.781203
vt 0.934800 0.771796
vt 0.923513 0.771796
vt 0.923513 0.781203
vt 0.934800 0.781264
vt 0.923513 0.781264
vt 0.923513 0.771857
vt 0.934800 0.771857
vt 0.930557 0.871643
vt 0.937166 0.871643
vt 0.937166 0.819875
vt 0.930557 0.819875
vt 0.916427 0.857354
vt 0.923824 0.857354
vt 0.923824 0.787823
vt 0.916427 0.787823
vt 0.937165 0.871643
vt 0.937165 0.819875
vt 0.923824 0.857347
vt 0.916427 0.857347
vt 0.916427 0.787815
vt 0.923824 0.787815
vt 0.928764 0.775218
vt 0.928764 0.762730
vt 0.917477 0.763662
vt 0.917477 0.774286
vt 0.928764 0.775280
vt 0.917477 0.774347
vt 0.917477 0.763724
vt 0.928764 0.762791
vt 0.934091 0.873762
vt 0.940700 0.873762
vt 0.940700 0.841713
vt 0.934091 0.841713
vt 0.921133 0.860200
vt 0.930953 0.860200
vt 0.930953 0.817154
vt 0.921133 0.817154
vt 0.940699 0.873762
vt 0.934091 0.873762
vt 0.934091 0.841713
vt 0.940699 0.841713
vt 0.930220 0.860193
vt 0.921866 0.860193
vt 0.921866 0.817147
vt 0.930220 0.817147
vt 0.931038 0.773677
vt 0.931038 0.764271
vt 0.919750 0.764973
vt 0.919750 0.772975
vt 0.931038 0.773739
vt 0.919750 0.773036
vt 0.919750 0.765034
vt 0.931038 0.764332
vt 0.932760 0.861783
vt 0.939369 0.861783
vt 0.939369 0.829734
vt 0.932760 0.829734
vt 0.922345 0.844111
vt 0.929742 0.844111
vt 0.929742 0.801065
vt 0.922345 0.801065
vt 0.939368 0.861783
vt 0.932760 0.861783
vt 0.932760 0.829734
vt 0.939368 0.829734
vt 0.929190 0.844104
vt 0.922897 0.844104
vt 0.922897 0.801058
vt 0.929190 0.801058
vt 0.652570 0.921050
vt 0.656734 0.921050
vt 0.656734 0.858920
vt 0.652570 0.858920
vt 0.794633 0.846104
vt 0.792019 0.846104
vt 0.792019 0.783974
vt 0.794633 0.783974
vt 0.797865 0.846104
vt 0.797865 0.783974
vt 0.800478 0.846104
vt 0.800478 0.783974
vt 0.656734 0.921045
vt 0.652570 0.921045
vt 0.652570 0.858915
vt 0.656734 0.858915
vt 0.660899 0.921045
vt 0.660899 0.858915
vt 0.797865 0.846104
vt 0.800478 0.783974
vt 0.797865 0.783974
vt 0.794634 0.846104
vt 0.794634 0.783974
vt 0.792020 0.846104
vt 0.792020 0.783974
vt 0.660899 0.921050
vt 0.660899 0.858920
vt 0.849226 0.591137
vt 0.852488 0.587924
vt 0.853734 0.582725
vt 0.841929 0.587924
vt 0.845192 0.591137
vt 0.841929 0.577527
vt 0.840683 0.582725
vt 0.849226 0.574314
vt 0.845192 0.574314
vt 0.852488 0.577527
vt 0.845193 0.574354
vt 0.849226 0.574354
vt 0.852488 0.577567
vt 0.840683 0.582765
vt 0.841929 0.577567
vt 0.845193 0.591176
vt 0.841929 0.587964
vt 0.852488 0.587964
vt 0.849226 0.591176
vt 0.853734 0.582765
vt 0.789454 0.792957
vt 0.789454 0.782279
vt 0.803044 0.782279
vt 0.803044 0.792957
vt 0.803045 0.782279
vt 0.803045 0.792957
vt 0.946088 0.764332
vt 0.946088 0.771857
vt 0.919750 0.771857
vt 0.919750 0.764332
vt 0.658676 0.867903
vt 0.658676 0.857224
vt 0.654793 0.857224
vt 0.654793 0.867903
vt 0.792429 0.841075
vt 0.798562 0.841075
vt 0.798562 0.828039
vt 0.792429 0.828039
vt 0.658676 0.851395
vt 0.658676 0.857220
vt 0.654793 0.857220
vt 0.654793 0.851395
vt 0.792122 0.776454
vt 0.800376 0.776454
vt 0.800376 0.776454
vt 0.658676 0.851400
vt 0.654793 0.851400
vt 0.658676 0.867899
vt 0.654793 0.867899
vt 0.630894 0.987902
vt 0.630795 0.987856
vt 0.630795 0.990459
vt 0.630894 0.990505
vt 0.630894 0.987903
vt 0.630894 0.990507
vt 0.630795 0.990461
vt 0.630795 0.987857
vt 0.797516 0.846104
vt 0.797516 0.779120
vt 0.799275 0.779120
vt 0.799275 0.846104
vt 0.955160 0.985439
vt 0.955160 0.944666
vt 0.911446 0.932045
vt 0.911446 0.999030
vt 0.729527 0.875653
vt 0.729527 0.834881
vt 0.727767 0.834881
vt 0.727767 0.875653
vt 0.912266 0.999025
vt 0.912266 0.932041
vt 0.955980 0.944661
vt 0.955980 0.985434
vt 0.793337 0.790770
vt 0.759359 0.790770
vt 0.759359 0.784523
vt 0.793337 0.784523
vt 0.793337 0.839309
vt 0.793337 0.790769
vt 0.759360 0.790769
vt 0.759360 0.839309
vt 0.759360 0.845555
vt 0.793337 0.845555
vt 0.793337 0.839309
vt 0.759359 0.839309
vt 0.798562 0.829958
vt 0.798562 0.776297
vt 0.792429 0.776297
vt 0.792429 0.829958
vt 0.793337 0.845555
vt 0.759359 0.845555
vt 0.792479 0.829958
vt 0.792479 0.776297
vt 0.798612 0.776297
vt 0.798612 0.829958
vt 0.793337 0.784523
vt 0.759360 0.784523
vt 0.789454 0.837367
vt 0.803044 0.837367
vt 0.803044 0.848046
vt 0.789454 0.848046
vt 0.803045 0.848045
vt 0.803045 0.837367
vt 0.789454 0.848045
vt 0.946088 0.764271
vt 0.919750 0.764271
vt 0.919750 0.771796
vt 0.946088 0.771796
vt 0.658676 0.912313
vt 0.654793 0.912313
vt 0.654793 0.922991
vt 0.658676 0.922991
vt 0.792479 0.841075
vt 0.792479 0.828039
vt 0.798612 0.828039
vt 0.798612 0.841075
vt 0.658676 0.928812
vt 0.654793 0.928812
vt 0.654793 0.922987
vt 0.658676 0.922987
vt 0.800376 0.853871
vt 0.792122 0.853871
vt 0.792122 0.853870
vt 0.800376 0.853870
vt 0.654793 0.928816
vt 0.658676 0.928816
vt 0.654793 0.912308
vt 0.658676 0.912308
vt 0.934800 0.766152
vt 0.934800 0.756746
vt 0.923513 0.756746
vt 0.923513 0.766152
vt 0.934800 0.766214
vt 0.923513 0.766214
vt 0.923513 0.756807
vt 0.934800 0.756807
vt 0.928262 0.857354
vt 0.935659 0.857354
vt 0.935659 0.787823
vt 0.928262 0.787823
vt 0.935659 0.857347
vt 0.928262 0.857347
vt 0.928262 0.787815
vt 0.935659 0.787815
vt 0.630891 0.990561
vt 0.630784 0.990580
vt 0.630719 0.986660
vt 0.630826 0.986641
vt 0.630891 0.990563
vt 0.630826 0.986642
vt 0.630719 0.986661
vt 0.630784 0.990582
vt 0.797319 0.846104
vt 0.797319 0.779120
vt 0.799231 0.779120
vt 0.799231 0.846104
vt 0.732616 0.927889
vt 0.732616 0.887116
vt 0.800494 0.874496
vt 0.800494 0.941480
vt 0.729922 0.874783
vt 0.729922 0.834010
vt 0.728010 0.834010
vt 0.728010 0.874783
vt 0.800157 0.941484
vt 0.800157 0.874500
vt 0.732278 0.887120
vt 0.732278 0.927893
vt 0.934792 0.781203
vt 0.923504 0.781203
vt 0.923504 0.771796
vt 0.934792 0.771796
vt 0.934792 0.781264
vt 0.934792 0.771857
vt 0.923504 0.771857
vt 0.923504 0.781264
vt 0.930557 0.871643
vt 0.930557 0.819875
vt 0.928756 0.775218
vt 0.917468 0.774286
vt 0.917468 0.763662
vt 0.928756 0.762730
vt 0.928756 0.775280
vt 0.928756 0.762791
vt 0.917468 0.763724
vt 0.917468 0.774347
vt 0.921133 0.860193
vt 0.921133 0.817147
vt 0.930953 0.817147
vt 0.930953 0.860193
vt 0.930220 0.860200
vt 0.930220 0.817154
vt 0.921866 0.817154
vt 0.921866 0.860200
vt 0.931029 0.773677
vt 0.919741 0.772975
vt 0.919741 0.764973
vt 0.931029 0.764271
vt 0.931029 0.773739
vt 0.931029 0.764332
vt 0.919741 0.765034
vt 0.919741 0.773036
vt 0.939368 0.829734
vt 0.939368 0.861783
vt 0.922345 0.844104
vt 0.922345 0.801058
vt 0.929742 0.801058
vt 0.929742 0.844104
vt 0.929190 0.844111
vt 0.929190 0.801065
vt 0.922897 0.801065
vt 0.922897 0.844111
vt 0.794634 0.783974
vt 0.792020 0.783974
vt 0.797864 0.846104
vt 0.797864 0.783974
vt 0.800478 0.783974
vt 0.800478 0.846104
vt 0.794633 0.783974
vt 0.792019 0.783974
vt 0.841924 0.577527
vt 0.845187 0.574314
vt 0.849220 0.574314
vt 0.841924 0.587924
vt 0.840677 0.582725
vt 0.849220 0.591137
vt 0.845187 0.591137
vt 0.853729 0.582725
vt 0.852483 0.587924
vt 0.852483 0.577527
vt 0.845187 0.591176
vt 0.849220 0.591176
vt 0.852483 0.587964
vt 0.840677 0.582765
vt 0.841924 0.587964
vt 0.845187 0.574354
vt 0.841924 0.577567
vt 0.852483 0.577567
vt 0.849220 0.574354
vt 0.853729 0.582765
vt 0.789453 0.792957
vt 0.789453 0.782279
vt 0.946080 0.764332
vt 0.919741 0.764332
vt 0.919741 0.771857
vt 0.946080 0.771857
vt 0.792429 0.841082
vt 0.792429 0.828046
vt 0.798562 0.828046
vt 0.798562 0.841082
vt 0.792122 0.776454
vt 0.630893 0.987902
vt 0.630894 0.990505
vt 0.630795 0.990459
vt 0.630795 0.987856
vt 0.630893 0.987903
vt 0.630795 0.987857
vt 0.630795 0.990461
vt 0.630894 0.990507
vt 0.955159 0.985434
vt 0.911446 0.999025
vt 0.911446 0.932041
vt 0.955159 0.944661
vt 0.729526 0.875653
vt 0.727767 0.875653
vt 0.727767 0.834881
vt 0.729526 0.834881
vt 0.912266 0.999030
vt 0.955980 0.985439
vt 0.955980 0.944666
vt 0.912266 0.932045
vt 0.793336 0.839309
vt 0.759359 0.790769
vt 0.793336 0.790769
vt 0.793336 0.845555
vt 0.798562 0.829965
vt 0.792429 0.829965
vt 0.792429 0.776304
vt 0.798562 0.776304
vt 0.792479 0.829965
vt 0.798612 0.829965
vt 0.798612 0.776304
vt 0.792479 0.776304
vt 0.793336 0.784523
vt 0.803045 0.848046
vt 0.803044 0.848045
vt 0.789453 0.848045
vt 0.789453 0.837367
vt 0.946080 0.764271
vt 0.946080 0.771796
vt 0.919741 0.771796
vt 0.919741 0.764271
vt 0.792479 0.841082
vt 0.798612 0.841082
vt 0.798612 0.828046
vt 0.792479 0.828046
vt 0.800376 0.853871
vt 0.800376 0.853870
vt 0.792122 0.853870
vt 0.934792 0.766152
vt 0.923504 0.766152
vt 0.923504 0.756746
vt 0.934792 0.756746
vt 0.934792 0.766214
vt 0.934792 0.756807
vt 0.923504 0.756807
vt 0.923504 0.766214
vt 0.563328 0.997034
vt 0.563328 0.927138
vt 0.561140 0.924225
vt 0.563328 0.830060
vt 0.561140 0.832972
vt 0.551925 0.924225
vt 0.551925 0.832972
vt 0.551925 0.832967
vt 0.563328 0.830055
vt 0.561140 0.832967
vt 0.551925 0.924221
vt 0.561140 0.924221
vt 0.724549 0.939985
vt 0.724549 0.939104
vt 0.657940 0.939104
vt 0.724549 0.955007
vt 0.657940 0.955007
vt 0.595179 0.947688
vt 0.576895 0.947516
vt 0.593655 0.928432
vt 0.595179 0.928440
vt 0.712148 0.971920
vt 0.712148 0.957856
vt 0.772183 0.957856
vt 0.772183 0.963664
vt 0.772183 0.971920
vt 0.578603 0.953971
vt 0.578506 0.973944
vt 0.592360 0.986110
vt 0.592662 0.953971
vt 0.592662 0.953965
vt 0.592360 0.986104
vt 0.578506 0.973937
vt 0.578603 0.953965
vt 0.772183 0.957856
vt 0.712148 0.957856
vt 0.772183 0.971919
vt 0.712148 0.971919
vt 0.595189 0.947688
vt 0.595189 0.928440
vt 0.593664 0.928432
vt 0.576905 0.947516
vt 0.593990 0.625859
vt 0.593990 0.577320
vt 0.597874 0.577320
vt 0.593990 0.742353
vt 0.597874 0.742353
vt 0.663883 0.741402
vt 0.663883 0.714220
vt 0.682327 0.714220
vt 0.682327 0.741402
vt 0.557057 0.624908
vt 0.557885 0.587873
vt 0.547577 0.597320
vt 0.557057 0.741402
vt 0.547577 0.741402
vt 0.923709 0.555975
vt 0.946841 0.555975
vt 0.946841 0.595376
vt 0.923709 0.589665
vt 0.923709 0.604356
vt 0.591657 0.624888
vt 0.557030 0.624888
vt 0.557939 0.587886
vt 0.591657 0.578979
vt 0.593990 0.742358
vt 0.597874 0.742358
vt 0.597874 0.577324
vt 0.593990 0.625864
vt 0.593990 0.577324
vt 0.591657 0.624893
vt 0.591657 0.578984
vt 0.557939 0.587891
vt 0.557030 0.624893
vt 0.938659 0.556998
vt 0.950032 0.556998
vt 0.950032 0.580080
vt 0.938659 0.596399
vt 0.557056 0.741402
vt 0.557056 0.624908
vt 0.557884 0.587873
vt 0.640084 0.993063
vt 0.639935 0.993394
vt 0.639936 0.993098
vt 0.640084 0.993000
vt 0.640637 0.996122
vt 0.640511 0.996187
vt 0.547372 0.603485
vt 0.547475 0.596735
vt 0.557409 0.587028
vt 0.558250 0.586310
vt 0.682505 0.603504
vt 0.663882 0.603504
vt 0.663882 0.596756
vt 0.683297 0.596756
vt 0.547475 0.596740
vt 0.547372 0.603489
vt 0.558250 0.586314
vt 0.557409 0.587032
vt 0.640098 0.993065
vt 0.639950 0.993396
vt 0.640525 0.996188
vt 0.640651 0.996124
vt 0.640098 0.993002
vt 0.639950 0.993100
vt 0.942569 0.592835
vt 0.932117 0.592839
vt 0.932117 0.558896
vt 0.958212 0.558896
vt 0.958212 0.592829
vt 0.602718 0.713229
vt 0.616309 0.713229
vt 0.616309 0.747207
vt 0.602718 0.747207
vt 0.674161 0.716162
vt 0.663834 0.716162
vt 0.663834 0.749168
vt 0.674161 0.749168
vt 0.663795 0.716146
vt 0.656779 0.716146
vt 0.656779 0.749153
vt 0.663795 0.749153
vt 0.913580 0.577967
vt 0.913580 0.558896
vt 0.956662 0.558896
vt 0.956662 0.592839
vt 0.656121 0.587028
vt 0.656121 0.596735
vt 0.621172 0.596735
vt 0.621172 0.577320
vt 0.602718 0.582178
vt 0.602718 0.635571
vt 0.616309 0.635571
vt 0.616309 0.582178
vt 0.621172 0.596740
vt 0.656120 0.596740
vt 0.656120 0.587032
vt 0.621172 0.577324
vt 0.642144 0.989976
vt 0.642806 0.989976
vt 0.642806 0.990471
vt 0.641942 0.990471
vt 0.665828 0.596735
vt 0.693152 0.713249
vt 0.712568 0.713249
vt 0.712568 0.752081
vt 0.693152 0.752081
vt 0.626582 0.991935
vt 0.629568 0.991934
vt 0.629567 0.989695
vt 0.627178 0.989695
vt 0.693161 0.635587
vt 0.712577 0.635587
vt 0.712577 0.577340
vt 0.693161 0.596756
vt 0.693161 0.577340
vt 0.627177 0.988352
vt 0.629566 0.988351
vt 0.629566 0.989695
vt 0.627178 0.989695
vt 0.693152 0.635587
vt 0.712568 0.635587
vt 0.712568 0.577340
vt 0.693152 0.577340
vt 0.693161 0.713249
vt 0.712577 0.713249
vt 0.712577 0.752081
vt 0.693161 0.752081
vt 0.625835 0.991194
vt 0.625834 0.989104
vt 0.626580 0.988357
vt 0.626582 0.991940
vt 0.717423 0.713249
vt 0.717423 0.747227
vt 0.625834 0.989099
vt 0.625835 0.991189
vt 0.626581 0.989695
vt 0.626580 0.988352
vt 0.621165 0.635567
vt 0.616309 0.635567
vt 0.616309 0.582174
vt 0.621165 0.577320
vt 0.621165 0.577324
vt 0.612435 0.577324
vt 0.597866 0.577324
vt 0.717424 0.635587
vt 0.717424 0.582193
vt 0.616309 0.747211
vt 0.602718 0.747211
vt 0.597866 0.752065
vt 0.621165 0.752065
vt 0.621165 0.713234
vt 0.616309 0.713234
vt 0.597874 0.567617
vt 0.612435 0.557909
vt 0.708694 0.557924
vt 0.693161 0.557924
vt 0.621165 0.557904
vt 0.612435 0.577320
vt 0.612435 0.557904
vt 0.693152 0.567632
vt 0.712568 0.567632
vt 0.621172 0.557904
vt 0.597866 0.567617
vt 0.693161 0.557924
vt 0.708694 0.557924
vt 0.712577 0.577340
vt 0.693161 0.577340
vt 0.629566 0.988351
vt 0.627178 0.988352
vt 0.629567 0.991934
vt 0.626581 0.991935
vt 0.621172 0.557909
vt 0.597866 0.577320
vt 0.597866 0.567612
vt 0.597874 0.567612
vt 0.621165 0.557909
vt 0.642733 0.981474
vt 0.642734 0.982587
vt 0.642477 0.982587
vt 0.642477 0.981434
vt 0.630910 0.987554
vt 0.630888 0.989272
vt 0.630790 0.989276
vt 0.630802 0.987550
vt 0.676889 0.577554
vt 0.679531 0.568944
vt 0.681395 0.569220
vt 0.678460 0.578927
vt 0.663882 0.595382
vt 0.675666 0.595382
vt 0.677122 0.596756
vt 0.679532 0.568944
vt 0.676889 0.577554
vt 0.678460 0.578927
vt 0.681396 0.569220
vt 0.630888 0.989272
vt 0.630910 0.987554
vt 0.630802 0.987549
vt 0.630790 0.989276
vt 0.642734 0.982587
vt 0.642734 0.981474
vt 0.642478 0.981434
vt 0.642478 0.982587
vt 0.642735 0.984251
vt 0.642479 0.984507
vt 0.960618 0.558721
vt 0.958212 0.558721
vt 0.958212 0.592654
vt 0.960618 0.592411
vt 0.960618 0.595059
vt 0.642734 0.984251
vt 0.642478 0.984507
vt 0.656088 0.569204
vt 0.626101 0.568551
vt 0.661444 0.578912
vt 0.665828 0.596740
vt 0.677073 0.596756
vt 0.675617 0.595382
vt 0.655597 0.568924
vt 0.660071 0.577535
vt 0.664456 0.595363
vt 0.655629 0.586752
vt 0.625798 0.568462
vt 0.620870 0.577236
vt 0.690273 0.568566
vt 0.688541 0.568482
vt 0.691220 0.577256
vt 0.656088 0.569200
vt 0.661444 0.578908
vt 0.626101 0.568546
vt 0.655597 0.568928
vt 0.625798 0.568467
vt 0.620870 0.577240
vt 0.655629 0.586756
vt 0.660071 0.577539
vt 0.664456 0.595367
vt 0.675618 0.595382
vt 0.677074 0.596756
vt 0.583135 0.576038
vt 0.561778 0.576038
vt 0.552070 0.566331
vt 0.592843 0.566331
vt 0.552070 0.566335
vt 0.561778 0.576043
vt 0.583135 0.576043
vt 0.592843 0.566335
vt 0.547258 0.555274
vt 0.547258 0.570973
vt 0.545831 0.570973
vt 0.545831 0.555274
vt 0.545831 0.548138
vt 0.547258 0.548138
vt 0.547258 0.576682
vt 0.547258 0.550279
vt 0.545831 0.550279
vt 0.545831 0.576682
vt 0.544986 0.573620
vt 0.546928 0.573620
vt 0.546928 0.569737
vt 0.544986 0.569737
vt 0.552070 0.550798
vt 0.592843 0.550798
vt 0.592843 0.550803
vt 0.552070 0.550803
vt 0.544986 0.554204
vt 0.546928 0.554204
vt 0.546928 0.569737
vt 0.544986 0.569737
vt 0.547258 0.578109
vt 0.545831 0.578109
vt 0.546928 0.554204
vt 0.544986 0.554204
vt 0.554011 0.546915
vt 0.589931 0.546915
vt 0.589931 0.546919
vt 0.554011 0.546919
vt 0.546928 0.573620
vt 0.544986 0.573620
vt 0.545839 0.555274
vt 0.547266 0.555274
vt 0.547266 0.570973
vt 0.545839 0.570973
vt 0.545839 0.548138
vt 0.547266 0.548138
vt 0.545839 0.576682
vt 0.547266 0.576682
vt 0.547266 0.550279
vt 0.545839 0.550279
vt 0.544987 0.554204
vt 0.544987 0.569737
vt 0.546928 0.569737
vt 0.545839 0.578109
vt 0.547266 0.578109
vt 0.544987 0.573620
vt 0.663882 0.710337
vt 0.663882 0.677330
vt 0.674210 0.677330
vt 0.674210 0.710337
vt 0.663795 0.710322
vt 0.663795 0.677315
vt 0.656779 0.677315
vt 0.656779 0.710322
vt 0.656779 0.716142
vt 0.656779 0.749149
vt 0.624583 0.749149
vt 0.624583 0.716142
vt 0.624583 0.716146
vt 0.624583 0.749153
vt 0.663795 0.716142
vt 0.663795 0.749149
vt 0.656779 0.677311
vt 0.656779 0.710317
vt 0.624583 0.710317
vt 0.624583 0.677311
vt 0.624583 0.677315
vt 0.624583 0.710322
vt 0.663795 0.677311
vt 0.663795 0.710317
vt 0.663882 0.671506
vt 0.663882 0.638499
vt 0.674210 0.638499
vt 0.674210 0.671506
vt 0.663795 0.671491
vt 0.663795 0.638484
vt 0.656779 0.638484
vt 0.656779 0.671491
vt 0.656779 0.638479
vt 0.656779 0.671486
vt 0.624583 0.671486
vt 0.624583 0.638479
vt 0.624583 0.638484
vt 0.624583 0.671491
vt 0.663795 0.638479
vt 0.663795 0.671486
vt 0.663882 0.632674
vt 0.663882 0.599668
vt 0.674210 0.599668
vt 0.674210 0.632674
vt 0.663795 0.599653
vt 0.656779 0.599653
vt 0.656779 0.632659
vt 0.663795 0.632659
vt 0.656779 0.599648
vt 0.656779 0.632655
vt 0.624583 0.632655
vt 0.624583 0.599648
vt 0.624583 0.599653
vt 0.624583 0.632659
vt 0.663795 0.599648
vt 0.663795 0.632655
vt 0.656120 0.752065
vt 0.665828 0.752065
vt 0.621172 0.752065
vt 0.621172 0.713234
vt 0.656120 0.713234
vt 0.665828 0.713234
vt 0.671190 0.749168
vt 0.668251 0.752081
vt 0.668251 0.713249
vt 0.671190 0.716162
vt 0.671191 0.716162
vt 0.668252 0.713249
vt 0.668252 0.752081
vt 0.671191 0.749168
vt 0.656121 0.713229
vt 0.665828 0.713229
vt 0.621172 0.713229
vt 0.621172 0.752061
vt 0.656121 0.752061
vt 0.665828 0.752061
vt 0.671190 0.671506
vt 0.668251 0.674418
vt 0.668251 0.635587
vt 0.671190 0.638499
vt 0.656120 0.674403
vt 0.665828 0.674403
vt 0.621172 0.674403
vt 0.621172 0.635571
vt 0.656120 0.635571
vt 0.665828 0.635571
vt 0.671191 0.638499
vt 0.668252 0.635587
vt 0.668252 0.674418
vt 0.671191 0.671506
vt 0.656121 0.635567
vt 0.665828 0.635567
vt 0.621172 0.635567
vt 0.621172 0.674398
vt 0.656121 0.674398
vt 0.665828 0.674398
vt 0.671190 0.710337
vt 0.671190 0.677330
vt 0.671191 0.677330
vt 0.671191 0.710337
vt 0.671190 0.632674
vt 0.668251 0.596756
vt 0.671190 0.599668
vt 0.671191 0.599668
vt 0.668252 0.596756
vt 0.671191 0.632674
vt 0.665340 0.710337
vt 0.665340 0.677330
vt 0.674161 0.710337
vt 0.663834 0.710337
vt 0.663834 0.713249
vt 0.677074 0.713249
vt 0.665339 0.677330
vt 0.665339 0.710337
vt 0.663882 0.674418
vt 0.677122 0.674418
vt 0.665340 0.632674
vt 0.665340 0.599668
vt 0.674161 0.632674
vt 0.663834 0.632674
vt 0.663834 0.635587
vt 0.677074 0.635587
vt 0.665339 0.599668
vt 0.665339 0.632674
vt 0.677074 0.752081
vt 0.665339 0.716162
vt 0.665339 0.749168
vt 0.674210 0.716162
vt 0.663882 0.716162
vt 0.663882 0.713249
vt 0.677122 0.713249
vt 0.665340 0.749168
vt 0.665340 0.716162
vt 0.665340 0.671506
vt 0.665340 0.638499
vt 0.674161 0.671506
vt 0.663834 0.671506
vt 0.663834 0.674418
vt 0.677074 0.674418
vt 0.665339 0.638499
vt 0.665339 0.671506
vt 0.663882 0.635587
vt 0.677122 0.635587
vt 0.559043 0.742353
vt 0.559043 0.625859
vt 0.559042 0.625864
vt 0.559042 0.742358
vt 0.630778 0.987545
vt 0.630894 0.987497
vt 0.630895 0.988582
vt 0.630782 0.988555
vt 0.545498 0.596756
vt 0.545498 0.635587
vt 0.545498 0.674418
vt 0.545498 0.713249
vt 0.545498 0.742373
vt 0.698859 0.587906
vt 0.697273 0.587047
vt 0.683249 0.596756
vt 0.685327 0.597320
vt 0.639870 0.993572
vt 0.640390 0.996146
vt 0.640450 0.996242
vt 0.640487 0.996088
vt 0.639911 0.993420
vt 0.639846 0.993599
vt 0.557030 0.741387
vt 0.683249 0.596756
vt 0.640474 0.996218
vt 0.640511 0.996064
vt 0.641581 0.996805
vt 0.641423 0.996875
vt 0.557030 0.741382
vt 0.639846 0.993599
vt 0.639912 0.993420
vt 0.640487 0.996088
vt 0.640450 0.996242
vt 0.640404 0.996148
vt 0.639884 0.993574
vt 0.663883 0.634616
vt 0.663883 0.597726
vt 0.682327 0.597726
vt 0.682327 0.634616
vt 0.663883 0.673447
vt 0.663883 0.636558
vt 0.682327 0.636558
vt 0.682327 0.673447
vt 0.663883 0.712279
vt 0.663883 0.675389
vt 0.682327 0.675389
vt 0.682327 0.712279
vt 0.630785 0.987551
vt 0.630785 0.988586
vt 0.630894 0.988586
vt 0.545533 0.714200
vt 0.547475 0.713229
vt 0.547475 0.742353
vt 0.545533 0.741382
vt 0.630787 0.987551
vt 0.630787 0.988586
vt 0.630896 0.988586
vt 0.630896 0.987497
vt 0.545533 0.741387
vt 0.547475 0.742358
vt 0.547475 0.713234
vt 0.545533 0.714205
vt 0.545533 0.636538
vt 0.547475 0.635567
vt 0.547475 0.674398
vt 0.545533 0.673427
vt 0.545533 0.673432
vt 0.547475 0.674403
vt 0.547475 0.635571
vt 0.545533 0.636542
vt 0.545533 0.634600
vt 0.545533 0.597711
vt 0.545533 0.597706
vt 0.545533 0.634596
vt 0.545533 0.675369
vt 0.545533 0.712259
vt 0.545533 0.712263
vt 0.545533 0.675373
vt 0.602718 0.635567
vt 0.602718 0.582174
vt 0.599672 0.636542
vt 0.599672 0.712263
vt 0.618892 0.712263
vt 0.618892 0.636542
vt 0.696074 0.712279
vt 0.714519 0.712279
vt 0.714519 0.636557
vt 0.696074 0.674418
vt 0.696074 0.636557
vt 0.696065 0.636558
vt 0.696065 0.712279
vt 0.714510 0.712279
vt 0.714510 0.636558
vt 0.712577 0.635587
vt 0.693161 0.596756
vt 0.693161 0.635587
vt 0.717423 0.582193
vt 0.717423 0.635587
vt 0.625759 0.636538
vt 0.625759 0.712259
vt 0.618892 0.712259
vt 0.618892 0.636538
vt 0.583297 0.638484
vt 0.583297 0.710322
vt 0.597286 0.710322
vt 0.597286 0.638484
vt 0.621165 0.635571
vt 0.599671 0.712259
vt 0.599671 0.636538
vt 0.696064 0.712279
vt 0.696064 0.636558
vt 0.696073 0.636557
vt 0.714518 0.636557
vt 0.714518 0.712279
vt 0.696073 0.674418
vt 0.696073 0.712279
vt 0.583297 0.710317
vt 0.583297 0.638479
vt 0.597286 0.638479
vt 0.597286 0.710317
vt 0.625759 0.712263
vt 0.625759 0.636542
vt 0.602718 0.713234
vt 0.693161 0.713249
vt 0.693161 0.752081
vt 0.712577 0.752081
vt 0.712577 0.713249
vt 0.621165 0.713229
vt 0.621165 0.752061
vt 0.717424 0.747227
vt 0.717424 0.713249
vt 0.625769 0.712259
vt 0.625769 0.674398
vt 0.627276 0.988485
vt 0.627451 0.988901
vt 0.629205 0.988900
vt 0.628942 0.988485
vt 0.626837 0.989106
vt 0.627013 0.989339
vt 0.626838 0.990843
vt 0.627013 0.990567
vt 0.627276 0.992445
vt 0.627452 0.991006
vt 0.628943 0.992444
vt 0.629206 0.991005
vt 0.581947 0.636538
vt 0.597874 0.635567
vt 0.597874 0.713229
vt 0.581947 0.712259
vt 0.627276 0.992442
vt 0.627452 0.991003
vt 0.629206 0.991002
vt 0.628943 0.992441
vt 0.626838 0.990840
vt 0.627013 0.990565
vt 0.626837 0.989103
vt 0.627013 0.989336
vt 0.627276 0.988483
vt 0.627451 0.988898
vt 0.628942 0.988482
vt 0.629205 0.988897
vt 0.625769 0.636538
vt 0.625769 0.674403
vt 0.625769 0.712263
vt 0.625769 0.636542
vt 0.627276 0.988483
vt 0.627451 0.988898
vt 0.629206 0.988897
vt 0.628943 0.988482
vt 0.626837 0.989103
vt 0.627013 0.989336
vt 0.626838 0.990840
vt 0.627013 0.990565
vt 0.627277 0.992442
vt 0.627452 0.991003
vt 0.628943 0.992441
vt 0.629207 0.991002
vt 0.581947 0.712263
vt 0.597874 0.713234
vt 0.597874 0.635571
vt 0.581947 0.636542
vt 0.627277 0.992445
vt 0.627452 0.991006
vt 0.629207 0.991005
vt 0.628943 0.992444
vt 0.626838 0.990843
vt 0.627013 0.990567
vt 0.626837 0.989106
vt 0.627013 0.989339
vt 0.627276 0.988485
vt 0.627451 0.988901
vt 0.628943 0.988485
vt 0.629206 0.988900
vt 0.579268 0.601917
vt 0.598328 0.577116
vt 0.597932 0.596745
vt 0.640637 0.994518
vt 0.641641 0.995218
vt 0.641641 0.996811
vt 0.933668 0.579057
vt 0.933668 0.555975
vt 0.959522 0.555975
vt 0.959522 0.579057
vt 0.922295 0.595201
vt 0.948345 0.595201
vt 0.959522 0.578882
vt 0.933668 0.578882
vt 0.597932 0.596750
vt 0.598328 0.577121
vt 0.579268 0.601921
vt 0.693152 0.596643
vt 0.691015 0.596642
vt 0.691015 0.577306
vt 0.693152 0.577340
vt 0.599782 0.596627
vt 0.599815 0.577324
vt 0.597841 0.596627
vt 0.612403 0.596627
vt 0.612436 0.577324
vt 0.620836 0.596543
vt 0.655597 0.596362
vt 0.679269 0.596377
vt 0.663883 0.596377
vt 0.663883 0.586771
vt 0.679269 0.586771
vt 0.620836 0.596539
vt 0.655597 0.596357
vt 0.612403 0.596623
vt 0.612436 0.577320
vt 0.599782 0.596623
vt 0.599815 0.577320
vt 0.597841 0.596623
vt 0.691015 0.596643
vt 0.693153 0.596643
vt 0.693153 0.577340
vt 0.691015 0.577306
vt 0.547268 0.555274
vt 0.547268 0.570973
vt 0.545841 0.570973
vt 0.545841 0.555274
vt 0.545841 0.548138
vt 0.547268 0.548138
vt 0.547268 0.576682
vt 0.547268 0.550279
vt 0.545841 0.550279
vt 0.545841 0.576682
vt 0.546907 0.573620
vt 0.544966 0.573620
vt 0.544966 0.569737
vt 0.546907 0.569737
vt 0.546908 0.554204
vt 0.544966 0.554204
vt 0.544966 0.569737
vt 0.546908 0.569737
vt 0.547268 0.578109
vt 0.545841 0.578109
vt 0.546907 0.554204
vt 0.546908 0.573620
vt 0.547270 0.555274
vt 0.547270 0.570973
vt 0.545842 0.570973
vt 0.545842 0.555274
vt 0.545842 0.548138
vt 0.547270 0.548138
vt 0.547270 0.576682
vt 0.547270 0.550279
vt 0.545842 0.550279
vt 0.545842 0.576682
vt 0.546887 0.573620
vt 0.544945 0.573620
vt 0.544945 0.569737
vt 0.546887 0.569737
vt 0.546887 0.554204
vt 0.544946 0.554204
vt 0.544946 0.569737
vt 0.546887 0.569737
vt 0.547270 0.578109
vt 0.545842 0.578109
vt 0.544945 0.554204
vt 0.546887 0.554204
vt 0.544946 0.573620
vt 0.546887 0.573620
vt 0.547330 0.555274
vt 0.547330 0.570973
vt 0.545902 0.570973
vt 0.545902 0.555274
vt 0.545902 0.548138
vt 0.547330 0.548138
vt 0.547330 0.576682
vt 0.547330 0.550279
vt 0.545902 0.550279
vt 0.545902 0.576682
vt 0.546897 0.573620
vt 0.544956 0.573620
vt 0.544956 0.569737
vt 0.546897 0.569737
vt 0.546897 0.554204
vt 0.544956 0.554204
vt 0.544956 0.569737
vt 0.546897 0.569737
vt 0.547329 0.578109
vt 0.545902 0.578109
vt 0.544956 0.554204
vt 0.544956 0.573620
vt 0.547328 0.555274
vt 0.547328 0.570973
vt 0.545901 0.570973
vt 0.545901 0.555274
vt 0.545901 0.548138
vt 0.547328 0.548138
vt 0.547328 0.576682
vt 0.547328 0.550279
vt 0.545901 0.550279
vt 0.545901 0.576682
vt 0.546918 0.573620
vt 0.544976 0.573620
vt 0.544976 0.569737
vt 0.546918 0.569737
vt 0.546918 0.554204
vt 0.544977 0.554204
vt 0.544977 0.569737
vt 0.546918 0.569737
vt 0.547328 0.578109
vt 0.545901 0.578109
vt 0.544976 0.554204
vt 0.546918 0.554204
vt 0.544977 0.573620
vt 0.546918 0.573620
vt 0.547257 0.555274
vt 0.547257 0.570973
vt 0.545829 0.570973
vt 0.545829 0.555274
vt 0.545829 0.548138
vt 0.547257 0.548138
vt 0.547257 0.576682
vt 0.547257 0.550279
vt 0.545829 0.550279
vt 0.545829 0.576682
vt 0.544966 0.554204
vt 0.546907 0.569737
vt 0.544966 0.569737
vt 0.547257 0.578109
vt 0.545829 0.578109
vt 0.544966 0.573620
vt 0.547316 0.555274
vt 0.547316 0.570973
vt 0.545889 0.570973
vt 0.545889 0.555274
vt 0.545889 0.548138
vt 0.547316 0.548138
vt 0.547316 0.576682
vt 0.547316 0.550279
vt 0.545889 0.550279
vt 0.545889 0.576682
vt 0.544955 0.554204
vt 0.546897 0.554204
vt 0.546897 0.569737
vt 0.544955 0.569737
vt 0.547316 0.578109
vt 0.545889 0.578109
vt 0.546897 0.573620
vt 0.544955 0.573620
vt 0.547255 0.555274
vt 0.547255 0.570973
vt 0.545828 0.570973
vt 0.545828 0.555274
vt 0.545828 0.548138
vt 0.547255 0.548138
vt 0.547255 0.576682
vt 0.547255 0.550279
vt 0.545828 0.550279
vt 0.545828 0.576682
vt 0.546886 0.554204
vt 0.546886 0.569737
vt 0.544945 0.569737
vt 0.547255 0.578109
vt 0.545828 0.578109
vt 0.546886 0.573620
vt 0.547318 0.555274
vt 0.547318 0.570973
vt 0.545891 0.570973
vt 0.545891 0.555274
vt 0.545891 0.548138
vt 0.547318 0.548138
vt 0.547318 0.576682
vt 0.547318 0.550279
vt 0.545891 0.550279
vt 0.545891 0.576682
vt 0.546917 0.554204
vt 0.546917 0.569737
vt 0.544976 0.569737
vt 0.547318 0.578109
vt 0.545891 0.578109
vt 0.546917 0.573620
vt 0.633793 0.577320
vt 0.633793 0.596735
vt 0.617289 0.596735
vt 0.617289 0.577320
vt 0.617289 0.596740
vt 0.633793 0.596740
vt 0.633793 0.577324
vt 0.617289 0.577324
vt 0.691015 0.577340
vt 0.691015 0.596756
vt 0.708489 0.596756
vt 0.708489 0.577340
vt 0.628798 0.989025
vt 0.627433 0.989025
vt 0.627433 0.987658
vt 0.628798 0.987658
vt 0.693449 0.606463
vt 0.691015 0.596756
vt 0.708489 0.596756
vt 0.706055 0.606463
vt 0.629910 0.606444
vt 0.617289 0.606444
vt 0.617289 0.606448
vt 0.629910 0.606448
vt 0.693450 0.606463
vt 0.706056 0.606463
vt 0.691015 0.577340
vt 0.708489 0.577340
vt 0.627432 0.989025
vt 0.628798 0.989025
vt 0.628798 0.987658
vt 0.627432 0.987658
vt 0.693449 0.606463
vt 0.716895 0.638499
vt 0.716895 0.710337
vt 0.630710 0.988035
vt 0.630885 0.987858
vt 0.630894 0.989520
vt 0.630718 0.989345
vt 0.630717 0.989348
vt 0.630893 0.989522
vt 0.630884 0.987861
vt 0.630710 0.988037
vt 0.630710 0.988037
vt 0.630885 0.987861
vt 0.630894 0.989523
vt 0.630717 0.989348
vt 0.630718 0.989345
vt 0.630894 0.989520
vt 0.630885 0.987858
vt 0.630711 0.988035
vt 0.697697 0.742373
vt 0.697697 0.820035
vt 0.683249 0.820035
vt 0.683249 0.820035
vt 0.642806 0.995240
vt 0.642806 0.995894
vt 0.640905 0.995894
vt 0.640869 0.995240
vt 0.663883 0.820035
vt 0.663883 0.742373
vt 0.683298 0.742373
vt 0.683298 0.820035
vt 0.570692 0.742353
vt 0.570692 0.820016
vt 0.559043 0.820016
vt 0.559042 0.820020
vt 0.570692 0.820020
vt 0.570692 0.742358
vt 0.642806 0.996439
vt 0.641716 0.996439
vt 0.692312 0.811298
vt 0.692312 0.859837
vt 0.676509 0.859837
vt 0.676509 0.811298
vt 0.642806 0.995022
vt 0.642806 0.995567
vt 0.641207 0.995567
vt 0.641164 0.995022
vt 0.663883 0.859837
vt 0.663883 0.811298
vt 0.676558 0.811298
vt 0.676558 0.859837
vt 0.564867 0.811279
vt 0.574575 0.811279
vt 0.574575 0.859818
vt 0.564867 0.859818
vt 0.564867 0.859822
vt 0.574575 0.859822
vt 0.574575 0.811283
vt 0.564867 0.811283
vt 0.642806 0.996112
vt 0.642094 0.996112
vt 0.675490 0.920023
vt 0.680336 0.924877
vt 0.870379 0.820172
vt 0.858723 0.820172
vt 0.858723 0.815319
vt 0.875226 0.815319
vt 0.675785 0.752350
vt 0.663883 0.752350
vt 0.934609 0.743065
vt 0.934609 0.767153
vt 0.944539 0.767153
vt 0.944607 0.743065
vt 0.981243 0.859310
vt 0.981243 0.885683
vt 0.984100 0.885683
vt 0.984100 0.859310
vt 0.979277 0.801902
vt 0.981620 0.801927
vt 0.981354 0.891821
vt 0.979011 0.891796
vt 0.981635 0.865738
vt 0.981635 0.892271
vt 0.984493 0.892271
vt 0.984493 0.865738
vt 0.979011 0.891804
vt 0.981354 0.891829
vt 0.981620 0.801935
vt 0.979277 0.801910
vt 0.974949 0.859310
vt 0.974949 0.885683
vt 0.975183 0.844498
vt 0.974916 0.891771
vt 0.924603 0.736518
vt 0.934609 0.736518
vt 0.934609 0.715340
vt 0.924603 0.715340
vt 0.974916 0.891779
vt 0.975183 0.844506
vt 0.964986 0.865499
vt 0.964986 0.885683
vt 0.965454 0.849538
vt 0.965245 0.885102
vt 0.964962 0.865382
vt 0.964962 0.885691
vt 0.975341 0.885691
vt 0.975341 0.859158
vt 0.965245 0.885110
vt 0.965455 0.849546
vt 0.926315 0.859013
vt 0.926315 0.861081
vt 0.928384 0.861081
vt 0.928384 0.859013
vt 0.926248 0.859013
vt 0.928316 0.859013
vt 0.928316 0.861081
vt 0.926248 0.861081
vt 0.957741 0.778605
vt 0.957741 0.743358
vt 0.956639 0.743358
vt 0.956639 0.778605
vt 0.935438 0.914260
vt 0.935438 0.853989
vt 0.937321 0.853989
vt 0.937321 0.914260
vt 0.956638 0.778605
vt 0.956638 0.743359
vt 0.957740 0.743359
vt 0.957740 0.778605
vt 0.937321 0.914269
vt 0.937321 0.853998
vt 0.935438 0.853998
vt 0.935438 0.914269
vt 0.929005 0.859141
vt 0.931073 0.859141
vt 0.931073 0.861210
vt 0.929005 0.861210
vt 0.928937 0.859141
vt 0.928937 0.861210
vt 0.931006 0.861210
vt 0.931006 0.859141
vt 0.957666 0.772754
vt 0.956565 0.772754
vt 0.956565 0.737507
vt 0.957666 0.737507
vt 0.937886 0.904263
vt 0.939770 0.904263
vt 0.939770 0.843992
vt 0.937886 0.843992
vt 0.956565 0.772754
vt 0.957666 0.772754
vt 0.956565 0.737507
vt 0.939770 0.904255
vt 0.937886 0.904255
vt 0.937886 0.843983
vt 0.939770 0.843983
vt 0.928078 0.857072
vt 0.930147 0.857072
vt 0.930147 0.859141
vt 0.928078 0.859141
vt 0.928010 0.857072
vt 0.928010 0.859141
vt 0.930079 0.859141
vt 0.930079 0.857072
vt 0.958768 0.775490
vt 0.957666 0.775490
vt 0.957666 0.740244
vt 0.958768 0.740244
vt 0.937043 0.908942
vt 0.938926 0.908942
vt 0.938926 0.848671
vt 0.937043 0.848671
vt 0.958768 0.775490
vt 0.958768 0.740244
vt 0.938926 0.908934
vt 0.937043 0.908934
vt 0.937043 0.848663
vt 0.938926 0.848663
vt 0.926936 0.859141
vt 0.926936 0.861210
vt 0.926868 0.859141
vt 0.926868 0.861210
vt 0.957666 0.778605
vt 0.956565 0.778605
vt 0.956565 0.743358
vt 0.957666 0.743358
vt 0.936003 0.914269
vt 0.937886 0.914269
vt 0.937886 0.853998
vt 0.936003 0.853998
vt 0.956565 0.778605
vt 0.957666 0.743359
vt 0.956565 0.743359
vt 0.937886 0.914260
vt 0.936003 0.914260
vt 0.936003 0.853989
vt 0.937886 0.853989
vt 0.930453 0.861081
vt 0.930453 0.859013
vt 0.930385 0.859013
vt 0.930385 0.861081
vt 0.957741 0.772754
vt 0.957741 0.737507
vt 0.956639 0.737507
vt 0.956639 0.772754
vt 0.937321 0.904255
vt 0.937321 0.843983
vt 0.939205 0.843983
vt 0.939205 0.904255
vt 0.956638 0.772754
vt 0.956638 0.737507
vt 0.957740 0.737507
vt 0.957740 0.772754
vt 0.939205 0.904263
vt 0.939205 0.843992
vt 0.937321 0.843992
vt 0.937321 0.904263
vt 0.927457 0.856944
vt 0.927457 0.859013
vt 0.929526 0.859013
vt 0.929526 0.856944
vt 0.927390 0.856944
vt 0.929459 0.856944
vt 0.929459 0.859013
vt 0.927390 0.859013
vt 0.958842 0.775490
vt 0.958842 0.740244
vt 0.957741 0.740244
vt 0.957741 0.775490
vt 0.936477 0.908934
vt 0.936477 0.848663
vt 0.938361 0.848663
vt 0.938361 0.908934
vt 0.957740 0.775490
vt 0.957740 0.740244
vt 0.958841 0.740244
vt 0.958841 0.775490
vt 0.938361 0.908942
vt 0.938361 0.848671
vt 0.936478 0.848671
vt 0.936478 0.908942
vt 0.933902 0.889258
vt 0.933902 0.887189
vt 0.935970 0.887189
vt 0.935970 0.889258
vt 0.933834 0.888965
vt 0.935903 0.888965
vt 0.935903 0.886897
vt 0.933834 0.886897
vt 0.934609 0.779706
vt 0.934609 0.744460
vt 0.935711 0.744460
vt 0.935711 0.779706
vt 0.931671 0.916143
vt 0.931671 0.855873
vt 0.933554 0.855873
vt 0.933554 0.916143
vt 0.934610 0.744460
vt 0.934610 0.779706
vt 0.933554 0.916152
vt 0.933554 0.855881
vt 0.931671 0.855881
vt 0.931671 0.916152
vt 0.933902 0.880983
vt 0.933902 0.878914
vt 0.935970 0.878914
vt 0.935970 0.880983
vt 0.933834 0.880983
vt 0.935903 0.880983
vt 0.935903 0.878914
vt 0.933834 0.878914
vt 0.939015 0.781909
vt 0.939015 0.746663
vt 0.940117 0.746663
vt 0.940117 0.781909
vt 0.931671 0.919911
vt 0.931671 0.859639
vt 0.933554 0.859639
vt 0.933554 0.919911
vt 0.940117 0.781909
vt 0.940117 0.746663
vt 0.939015 0.746663
vt 0.939015 0.781909
vt 0.933554 0.919919
vt 0.933554 0.859648
vt 0.931671 0.859648
vt 0.931671 0.919919
vt 0.931833 0.880992
vt 0.931833 0.883061
vt 0.933902 0.883061
vt 0.933902 0.880992
vt 0.931766 0.880992
vt 0.933834 0.880992
vt 0.933834 0.883061
vt 0.931766 0.883061
vt 0.939016 0.781909
vt 0.939016 0.746663
vt 0.937914 0.746663
vt 0.937914 0.781909
vt 0.929787 0.919911
vt 0.929787 0.859639
vt 0.937914 0.781909
vt 0.937914 0.746663
vt 0.929787 0.859648
vt 0.929787 0.919919
vt 0.943909 0.865603
vt 0.943909 0.893855
vt 0.942025 0.893855
vt 0.942025 0.865603
vt 0.943918 0.865603
vt 0.942034 0.865603
vt 0.942034 0.893855
vt 0.943918 0.893855
vt 0.914419 0.870722
vt 0.916795 0.870722
vt 0.916795 0.906373
vt 0.914419 0.906373
vt 0.955536 0.765018
vt 0.954435 0.765018
vt 0.954435 0.763916
vt 0.955536 0.763916
vt 0.914419 0.906451
vt 0.916795 0.906451
vt 0.916795 0.870800
vt 0.914419 0.870800
vt 0.955537 0.763916
vt 0.954436 0.763916
vt 0.954436 0.765018
vt 0.955537 0.765018
vt 0.943909 0.869370
vt 0.943909 0.897622
vt 0.942025 0.897622
vt 0.942025 0.869370
vt 0.943918 0.869370
vt 0.942034 0.869370
vt 0.942034 0.897622
vt 0.943918 0.897622
vt 0.926313 0.875476
vt 0.923937 0.875476
vt 0.923937 0.911127
vt 0.926313 0.911127
vt 0.950030 0.765018
vt 0.951132 0.765018
vt 0.951132 0.763916
vt 0.950030 0.763916
vt 0.926313 0.911204
vt 0.923937 0.911204
vt 0.923937 0.875553
vt 0.926313 0.875553
vt 0.950030 0.763916
vt 0.951131 0.763916
vt 0.951131 0.765018
vt 0.950030 0.765018
vt 0.940142 0.859953
vt 0.940142 0.888205
vt 0.938258 0.888205
vt 0.938258 0.859953
vt 0.940151 0.859953
vt 0.938268 0.859953
vt 0.938268 0.888205
vt 0.940151 0.888205
vt 0.919183 0.863592
vt 0.916806 0.863592
vt 0.916806 0.899243
vt 0.919183 0.899243
vt 0.953334 0.762815
vt 0.954436 0.762815
vt 0.954436 0.761713
vt 0.953334 0.761713
vt 0.919183 0.899321
vt 0.916806 0.899321
vt 0.916806 0.863670
vt 0.919183 0.863670
vt 0.953334 0.761713
vt 0.953334 0.762815
vt 0.940142 0.856186
vt 0.940142 0.884438
vt 0.938258 0.884438
vt 0.938258 0.856186
vt 0.940151 0.856186
vt 0.938268 0.856186
vt 0.938268 0.884438
vt 0.940151 0.884438
vt 0.921549 0.858838
vt 0.923926 0.858838
vt 0.923926 0.894489
vt 0.921549 0.894489
vt 0.952232 0.762815
vt 0.951131 0.762815
vt 0.951131 0.761713
vt 0.952232 0.761713
vt 0.921549 0.894567
vt 0.923926 0.894567
vt 0.923926 0.858916
vt 0.921549 0.858916
vt 0.952233 0.761713
vt 0.951131 0.761713
vt 0.951131 0.762815
vt 0.952233 0.762815
vt 0.977645 0.869691
vt 0.974495 0.869691
vt 0.974495 0.858275
vt 0.977645 0.858275
vt 0.977645 0.869699
vt 0.977645 0.858283
vt 0.974495 0.858283
vt 0.974495 0.869699
vt 0.926997 0.902456
vt 0.930838 0.902456
vt 0.930838 0.861081
vt 0.926997 0.861081
vt 0.934610 0.759536
vt 0.934610 0.766949
vt 0.956639 0.766949
vt 0.956639 0.759536
vt 0.930771 0.902164
vt 0.926930 0.902164
vt 0.926930 0.860789
vt 0.930771 0.860789
vt 0.934609 0.766949
vt 0.934609 0.759536
vt 0.912581 0.759536
vt 0.912581 0.766949
vt 0.926958 0.869864
vt 0.926958 0.898116
vt 0.925074 0.898116
vt 0.925074 0.869864
vt 0.926966 0.869864
vt 0.925083 0.869864
vt 0.925083 0.898116
vt 0.926966 0.898116
vt 0.958560 0.876098
vt 0.956183 0.876098
vt 0.956183 0.911749
vt 0.958560 0.911749
vt 0.934931 0.755105
vt 0.936032 0.755105
vt 0.936032 0.754003
vt 0.934931 0.754003
vt 0.958896 0.911827
vt 0.956519 0.911827
vt 0.956519 0.876176
vt 0.958896 0.876176
vt 0.934930 0.754003
vt 0.936031 0.754003
vt 0.936031 0.755105
vt 0.934930 0.755105
vt 0.930725 0.878788
vt 0.930725 0.907040
vt 0.928841 0.907040
vt 0.928841 0.878788
vt 0.930734 0.878787
vt 0.928850 0.878787
vt 0.928850 0.907040
vt 0.930734 0.907040
vt 0.957200 0.887359
vt 0.959576 0.887359
vt 0.959576 0.923010
vt 0.957200 0.923010
vt 0.935711 0.757307
vt 0.934609 0.757307
vt 0.934609 0.756206
vt 0.935711 0.756206
vt 0.956864 0.923088
vt 0.959240 0.923088
vt 0.959240 0.887437
vt 0.956864 0.887437
vt 0.935711 0.756206
vt 0.934610 0.756206
vt 0.934610 0.757308
vt 0.935711 0.757308
vt 0.977645 0.847640
vt 0.974495 0.847640
vt 0.974495 0.836223
vt 0.977645 0.836223
vt 0.977645 0.847648
vt 0.977645 0.836232
vt 0.974495 0.836232
vt 0.974495 0.847648
vt 0.934610 0.745217
vt 0.934610 0.752630
vt 0.956639 0.752630
vt 0.956639 0.745217
vt 0.934609 0.752630
vt 0.934609 0.745217
vt 0.912581 0.745217
vt 0.912581 0.752630
vt 0.924603 0.715373
vt 0.934609 0.715373
vt 0.934609 0.712132
vt 0.921299 0.712132
vt 0.944616 0.736551
vt 0.947921 0.739792
vt 0.947921 0.712132
vt 0.944616 0.715373
vt 0.934609 0.736551
vt 0.934609 0.739792
vt 0.944616 0.715373
vt 0.944616 0.736551
vt 0.971917 0.873477
vt 0.971917 0.892271
vt 0.980423 0.892271
vt 0.980423 0.873477
vt 0.971626 0.822834
vt 0.975415 0.822886
vt 0.978588 0.790271
vt 0.971614 0.790220
vt 0.971865 0.873468
vt 0.971865 0.892263
vt 0.976486 0.892262
vt 0.976486 0.873468
vt 0.971614 0.790213
vt 0.978588 0.790263
vt 0.975415 0.822878
vt 0.971626 0.822827
vt 0.704438 0.923910
vt 0.686161 0.923910
vt 0.686161 0.871487
vt 0.705888 0.871487
vt 0.704438 0.923910
vt 0.640935 0.986910
vt 0.640776 0.986746
vt 0.642124 0.986746
vt 0.641961 0.986910
vt 0.572324 0.923894
vt 0.567889 0.871472
vt 0.641961 0.986910
vt 0.642124 0.986746
vt 0.640776 0.986746
vt 0.640935 0.986910
vt 0.567889 0.871467
vt 0.572324 0.923890
vt 0.578555 0.953971
vt 0.592614 0.953971
vt 0.592437 0.972838
vt 0.578464 0.972838
vt 0.592437 0.972831
vt 0.592614 0.953965
vt 0.578555 0.953965
vt 0.578464 0.972831
vt 0.752893 0.939985
vt 0.752893 0.955007
vt 0.580738 1.000015
vt 0.580738 0.949534
vt 0.592820 0.949534
vt 0.592820 1.000015
vt 0.797730 0.971920
vt 0.797730 0.963664
vt 0.663882 0.885078
vt 0.663882 0.846246
vt 0.592820 1.000021
vt 0.592820 0.949540
vt 0.580738 0.949540
vt 0.580738 1.000021
vt 0.752893 0.955006
vt 0.762216 0.759486
vt 0.762155 0.720659
vt 0.779870 0.720659
vt 0.789577 0.720659
vt 0.799285 0.720655
vt 0.742575 0.588069
vt 0.726422 0.588069
vt 0.726422 0.593537
vt 0.742575 0.593537
vt 0.742507 0.580667
vt 0.742507 0.583242
vt 0.726353 0.583242
vt 0.726353 0.580667
vt 0.742575 0.593538
vt 0.726422 0.593538
vt 0.726422 0.588070
vt 0.742575 0.588070
vt 0.742510 0.631549
vt 0.742510 0.628974
vt 0.726357 0.628974
vt 0.726357 0.631549
vt 0.742507 0.628974
vt 0.726353 0.628974
vt 0.742510 0.583242
vt 0.742510 0.580667
vt 0.726357 0.580667
vt 0.726357 0.583242
vt 0.742507 0.631549
vt 0.726353 0.631549
vt 0.722319 0.583434
vt 0.722319 0.581474
vt 0.722319 0.628780
vt 0.722319 0.630741
vt 0.722384 0.588566
vt 0.722384 0.593041
vt 0.722315 0.628780
vt 0.722315 0.630741
vt 0.722315 0.583434
vt 0.722315 0.581474
vt 0.630946 0.989803
vt 0.630933 0.989831
vt 0.630801 0.989797
vt 0.630855 0.989780
vt 0.630839 0.990193
vt 0.630784 0.990200
vt 0.630784 0.987552
vt 0.630839 0.987558
vt 0.630830 0.989648
vt 0.630776 0.989631
vt 0.630908 0.989597
vt 0.630921 0.989625
vt 0.630830 0.989654
vt 0.630776 0.989637
vt 0.630776 0.989790
vt 0.630830 0.989773
vt 0.630921 0.989631
vt 0.630908 0.989603
vt 0.630851 0.987558
vt 0.630796 0.987552
vt 0.630796 0.990200
vt 0.630851 0.990193
vt 0.630855 0.989774
vt 0.630801 0.989791
vt 0.630933 0.989825
vt 0.630946 0.989797
vt 0.630855 0.989655
vt 0.630801 0.989638
vt 0.723930 0.583628
vt 0.722315 0.583628
vt 0.722315 0.582282
vt 0.723930 0.582282
vt 0.723930 0.628588
vt 0.722315 0.628588
vt 0.723930 0.629933
vt 0.722315 0.629933
vt 0.723999 0.589062
vt 0.722384 0.589062
vt 0.722384 0.592545
vt 0.723999 0.592545
vt 0.723934 0.628588
vt 0.722319 0.628588
vt 0.722319 0.629933
vt 0.723934 0.629933
vt 0.723934 0.583628
vt 0.722319 0.583628
vt 0.723934 0.582282
vt 0.722319 0.582282
vt 0.742575 0.596146
vt 0.726422 0.596146
vt 0.726422 0.601614
vt 0.742575 0.601614
vt 0.742507 0.556437
vt 0.742507 0.559012
vt 0.726353 0.559012
vt 0.726353 0.556437
vt 0.742510 0.639625
vt 0.742510 0.637050
vt 0.726357 0.637050
vt 0.726357 0.639625
vt 0.742507 0.637050
vt 0.726353 0.637050
vt 0.742510 0.559012
vt 0.742510 0.556437
vt 0.726357 0.556437
vt 0.726357 0.559012
vt 0.742507 0.639625
vt 0.726353 0.639625
vt 0.722319 0.559205
vt 0.722319 0.557244
vt 0.722319 0.636857
vt 0.722319 0.638818
vt 0.722384 0.596642
vt 0.722384 0.601118
vt 0.722315 0.636857
vt 0.722315 0.638818
vt 0.722315 0.559205
vt 0.722315 0.557245
vt 0.722384 0.601117
vt 0.722384 0.596642
vt 0.630941 0.989798
vt 0.630927 0.989826
vt 0.630795 0.989792
vt 0.630850 0.989775
vt 0.630848 0.990188
vt 0.630794 0.990195
vt 0.630794 0.987549
vt 0.630848 0.987556
vt 0.630840 0.989653
vt 0.630786 0.989636
vt 0.630918 0.989602
vt 0.630931 0.989630
vt 0.630840 0.989649
vt 0.630786 0.989632
vt 0.630786 0.989785
vt 0.630840 0.989768
vt 0.630931 0.989626
vt 0.630918 0.989599
vt 0.630841 0.987556
vt 0.630787 0.987549
vt 0.630787 0.990195
vt 0.630841 0.990188
vt 0.630850 0.989779
vt 0.630795 0.989796
vt 0.630927 0.989829
vt 0.630941 0.989802
vt 0.630850 0.989660
vt 0.630795 0.989643
vt 0.723930 0.559398
vt 0.722315 0.559398
vt 0.722315 0.558052
vt 0.723930 0.558052
vt 0.723930 0.636664
vt 0.722315 0.636664
vt 0.723930 0.638010
vt 0.722315 0.638010
vt 0.723999 0.597138
vt 0.722384 0.597138
vt 0.722384 0.600621
vt 0.723999 0.600621
vt 0.723934 0.636664
vt 0.722319 0.636664
vt 0.722319 0.638010
vt 0.723934 0.638010
vt 0.723934 0.559398
vt 0.722319 0.559398
vt 0.723934 0.558052
vt 0.722319 0.558052
vt 0.723999 0.600622
vt 0.722384 0.600622
vt 0.722384 0.597139
vt 0.723999 0.597139
vt 0.742575 0.604222
vt 0.726422 0.604222
vt 0.726422 0.609690
vt 0.742575 0.609690
vt 0.742575 0.609691
vt 0.726422 0.609691
vt 0.726422 0.604223
vt 0.742575 0.604223
vt 0.742510 0.637050
vt 0.726357 0.637050
vt 0.742510 0.559011
vt 0.726357 0.559011
vt 0.726356 0.559012
vt 0.726356 0.637050
vt 0.722384 0.604719
vt 0.722384 0.609194
vt 0.722384 0.609194
vt 0.630941 0.989802
vt 0.630927 0.989830
vt 0.630795 0.989796
vt 0.630850 0.989779
vt 0.630841 0.990188
vt 0.630786 0.990195
vt 0.630786 0.987549
vt 0.630841 0.987556
vt 0.630840 0.989649
vt 0.630786 0.989632
vt 0.630918 0.989598
vt 0.630931 0.989626
vt 0.630840 0.989653
vt 0.630786 0.989636
vt 0.630786 0.989789
vt 0.630840 0.989772
vt 0.630931 0.989630
vt 0.630918 0.989602
vt 0.630849 0.987556
vt 0.630794 0.987549
vt 0.630794 0.990195
vt 0.630849 0.990188
vt 0.630850 0.989775
vt 0.630795 0.989792
vt 0.630927 0.989826
vt 0.630941 0.989798
vt 0.630850 0.989656
vt 0.630795 0.989639
vt 0.723999 0.605215
vt 0.722384 0.605215
vt 0.722384 0.608697
vt 0.723999 0.608697
vt 0.723999 0.608698
vt 0.722384 0.608698
vt 0.722384 0.604719
vt 0.630941 0.989798
vt 0.630927 0.989826
vt 0.630795 0.989792
vt 0.630850 0.989775
vt 0.630849 0.990188
vt 0.630794 0.990195
vt 0.630794 0.987549
vt 0.630849 0.987556
vt 0.630840 0.989653
vt 0.630786 0.989636
vt 0.630918 0.989602
vt 0.630931 0.989630
vt 0.630840 0.989772
vt 0.630786 0.989789
vt 0.630931 0.989626
vt 0.630918 0.989598
vt 0.630786 0.989632
vt 0.630840 0.989649
vt 0.630841 0.987556
vt 0.630786 0.987549
vt 0.630786 0.990195
vt 0.630841 0.990188
vt 0.630850 0.989779
vt 0.630795 0.989796
vt 0.630927 0.989830
vt 0.630941 0.989802
vt 0.630795 0.989639
vt 0.630850 0.989656
vt 0.723999 0.608698
vt 0.722384 0.608698
vt 0.722384 0.605215
vt 0.723999 0.605215
vt 0.742575 0.601614
vt 0.726422 0.601614
vt 0.726422 0.596146
vt 0.742575 0.596146
vt 0.630941 0.989802
vt 0.630927 0.989830
vt 0.630795 0.989796
vt 0.630850 0.989779
vt 0.630841 0.990188
vt 0.630787 0.990195
vt 0.630787 0.987549
vt 0.630841 0.987556
vt 0.630840 0.989649
vt 0.630786 0.989632
vt 0.630918 0.989598
vt 0.630931 0.989626
vt 0.630840 0.989768
vt 0.630786 0.989785
vt 0.630931 0.989630
vt 0.630918 0.989602
vt 0.630786 0.989636
vt 0.630840 0.989653
vt 0.630849 0.987556
vt 0.630794 0.987549
vt 0.630794 0.990195
vt 0.630849 0.990188
vt 0.630850 0.989775
vt 0.630795 0.989792
vt 0.630927 0.989826
vt 0.630941 0.989798
vt 0.630795 0.989643
vt 0.630850 0.989660
vt 0.742575 0.593538
vt 0.726422 0.593538
vt 0.742510 0.628973
vt 0.726357 0.628973
vt 0.722384 0.588566
vt 0.722384 0.593042
vt 0.630946 0.989797
vt 0.630933 0.989825
vt 0.630801 0.989791
vt 0.630855 0.989774
vt 0.630851 0.990193
vt 0.630796 0.990200
vt 0.630796 0.987552
vt 0.630851 0.987558
vt 0.630830 0.989654
vt 0.630776 0.989637
vt 0.630908 0.989603
vt 0.630921 0.989631
vt 0.630830 0.989773
vt 0.630776 0.989790
vt 0.630921 0.989625
vt 0.630908 0.989597
vt 0.630776 0.989631
vt 0.630830 0.989648
vt 0.630839 0.987558
vt 0.630784 0.987552
vt 0.630784 0.990200
vt 0.630839 0.990193
vt 0.630855 0.989780
vt 0.630801 0.989797
vt 0.630933 0.989831
vt 0.630946 0.989803
vt 0.630801 0.989638
vt 0.630855 0.989655
vt 0.723999 0.592545
vt 0.722384 0.592545
vt 0.722384 0.589062
vt 0.723999 0.589062
vt 0.734886 0.869451
vt 0.758642 0.869451
vt 0.750592 0.782080
vt 0.734886 0.782080
vt 0.640908 0.990988
vt 0.641460 0.990444
vt 0.642806 0.990444
vt 0.640081 0.995233
vt 0.640081 0.993713
vt 0.641716 0.995233
vt 0.642806 0.995233
vt 0.740638 0.655262
vt 0.732539 0.665685
vt 0.751207 0.665685
vt 0.751207 0.655262
vt 0.723063 0.705359
vt 0.725586 0.693174
vt 0.720577 0.733422
vt 0.726670 0.733422
vt 0.751040 0.733422
vt 0.867490 0.602714
vt 0.866835 0.586705
vt 0.858774 0.586705
vt 0.864598 0.602714
vt 0.858774 0.602714
vt 0.751207 0.646774
vt 0.737595 0.646774
vt 0.737595 0.650430
vt 0.751207 0.650430
vt 0.647513 0.982221
vt 0.647513 0.980366
vt 0.647097 0.980366
vt 0.741088 0.643119
vt 0.751207 0.643119
vt 0.919693 0.747696
vt 0.924707 0.674385
vt 0.919883 0.816624
vt 0.858724 0.726004
vt 0.858724 0.722120
vt 0.868169 0.650282
vt 0.858774 0.650282
vt 0.642806 0.990663
vt 0.642142 0.990663
vt 0.642142 0.990445
vt 0.646544 0.982201
vt 0.646544 0.980861
vt 0.647097 0.980861
vt 0.675614 0.868575
vt 0.663883 0.868575
vt 0.642806 0.995396
vt 0.641716 0.995396
vt 0.751040 0.738004
vt 0.726670 0.738004
vt 0.726670 0.734351
vt 0.751040 0.734351
vt 0.641879 0.995662
vt 0.642806 0.995662
vt 0.730325 0.744222
vt 0.746166 0.744222
vt 0.751039 0.744222
vt 0.858723 0.813374
vt 0.663833 0.747496
vt 0.663833 0.745557
vt 0.861635 0.677396
vt 0.861635 0.686830
vt 0.858723 0.686830
vt 0.861635 0.657981
vt 0.861635 0.648272
vt 0.861635 0.628857
vt 0.861635 0.619149
vt 0.861635 0.599733
vt 0.861635 0.571826
vt 0.858723 0.571826
vt 0.862822 0.686830
vt 0.862822 0.725661
vt 0.862822 0.812335
vt 0.642430 0.986875
vt 0.642262 0.986545
vt 0.642935 0.986545
vt 0.642935 0.986875
vt 0.747384 0.746701
vt 0.751040 0.746701
vt 0.868113 0.577146
vt 0.869568 0.581709
vt 0.858724 0.581709
vt 0.858724 0.577146
vt 0.858723 0.564451
vt 0.858723 0.568287
vt 0.740472 0.655425
vt 0.739254 0.653069
vt 0.751040 0.653069
vt 0.751039 0.655425
vt 0.751035 0.733545
vt 0.726665 0.733545
vt 0.726665 0.731737
vt 0.751035 0.731737
vt 0.858774 0.581319
vt 0.867194 0.581319
vt 0.867194 0.576649
vt 0.858774 0.576649
vt 0.858774 0.569099
vt 0.878189 0.569099
vt 0.878189 0.564429
vt 0.858774 0.564429
vt 0.858724 0.617276
vt 0.858724 0.612422
vt 0.858724 0.607568
vt 0.922850 0.570848
vt 0.922850 0.575702
vt 0.919937 0.575702
vt 0.919937 0.570848
vt 0.932557 0.570848
vt 0.932557 0.575702
vt 0.929645 0.575702
vt 0.929645 0.570848
vt 0.648200 0.981528
vt 0.647923 0.981390
vt 0.647923 0.982220
vt 0.648200 0.982220
vt 0.648205 0.981529
vt 0.647928 0.981391
vt 0.647928 0.982221
vt 0.648205 0.982221
vt 0.646743 0.982201
vt 0.646743 0.981697
vt 0.647485 0.981697
vt 0.647485 0.982201
vt 0.927774 0.837984
vt 0.929309 0.865928
vt 0.977642 0.684066
vt 0.977642 0.679894
vt 0.985647 0.679894
vt 0.985647 0.684066
vt 0.751035 0.655950
vt 0.742552 0.655950
vt 0.742552 0.653074
vt 0.751035 0.653074
vt 0.921733 0.847070
vt 0.924671 0.871380
vt 0.976698 0.660393
vt 0.976698 0.652410
vt 0.973172 0.652410
vt 0.973172 0.660393
vt 0.751035 0.658919
vt 0.740254 0.658919
vt 0.740254 0.655264
vt 0.751035 0.655264
vt 0.918306 0.843778
vt 0.922039 0.874673
vt 0.972453 0.661243
vt 0.972453 0.651098
vt 0.967973 0.651098
vt 0.967973 0.661243
vt 0.751040 0.662446
vt 0.747999 0.662446
vt 0.747999 0.658722
vt 0.751040 0.658722
vt 0.747950 0.662502
vt 0.751040 0.662502
vt 0.744893 0.709799
vt 0.751039 0.709799
vt 0.751207 0.723540
vt 0.975561 0.738839
vt 0.969492 0.738839
vt 0.751039 0.718666
vt 0.744893 0.718666
vt 0.751207 0.722321
vt 0.863309 0.554484
vt 0.858774 0.552455
vt 0.858774 0.554484
vt 0.863309 0.554484
vt 0.858774 0.554484
vt 0.745875 0.734128
vt 0.751039 0.734128
vt 0.875434 0.563864
vt 0.870303 0.558400
vt 0.862889 0.555367
vt 0.858774 0.570678
vt 0.877265 0.570678
vt 0.858774 0.555367
vt 0.868581 0.573923
vt 0.865561 0.570135
vt 0.861196 0.568033
vt 0.858774 0.578444
vt 0.869613 0.578444
vt 0.858773 0.568033
vt 0.751207 0.709702
vt 0.751207 0.668707
vt 0.858724 0.566989
vt 0.858724 0.568046
vt 0.858724 0.551574
vt 0.663834 0.926822
vt 0.663834 0.742373
vt 0.849534 0.562246
vt 0.846511 0.566036
vt 0.845432 0.570763
vt 0.856327 0.560142
vt 0.853902 0.560142
vt 0.856327 0.570763
vt 0.852754 0.555950
vt 0.851798 0.551759
vt 0.856135 0.551759
vt 0.856135 0.555950
vt 0.908133 0.557367
vt 0.907539 0.596199
vt 0.907724 0.594348
vt 0.908340 0.549601
vt 0.908340 0.555426
vt 0.641498 0.990444
vt 0.641498 0.990171
vt 0.642806 0.990171
vt 0.675245 0.849159
vt 0.675245 0.919055
vt 0.663882 0.919055
vt 0.675245 0.752081
vt 0.663882 0.752081
vt 0.642176 0.989410
vt 0.641506 0.990173
vt 0.642813 0.990173
vt 0.642813 0.989410
vt 0.642168 0.989408
vt 0.642806 0.989408
vt 0.641506 0.990445
vt 0.642806 0.989537
vt 0.642806 0.989537
vt 0.642806 0.990061
vt 0.642806 0.990061
vt 0.663882 0.754993
vt 0.663882 0.846246
vt 0.663882 0.754993
vt 0.663833 0.741402
vt 0.682278 0.741402
vt 0.682278 0.714220
vt 0.663833 0.714220
vt 0.923709 0.589489
vt 0.923709 0.604180
vt 0.946841 0.595201
vt 0.923709 0.555800
vt 0.946841 0.555800
vt 0.938659 0.556823
vt 0.938659 0.596224
vt 0.950032 0.579905
vt 0.950032 0.556823
vt 0.682457 0.603504
vt 0.663834 0.596756
vt 0.663834 0.603504
vt 0.932117 0.592664
vt 0.942569 0.592660
vt 0.932117 0.558721
vt 0.674210 0.749168
vt 0.663882 0.749168
vt 0.913580 0.577792
vt 0.956662 0.592664
vt 0.956662 0.558721
vt 0.913580 0.558721
vt 0.642152 0.989976
vt 0.641950 0.990471
vt 0.642814 0.990471
vt 0.642814 0.989976
vt 0.663834 0.595382
vt 0.960618 0.595235
vt 0.960618 0.592586
vt 0.960618 0.558896
vt 0.674161 0.677330
vt 0.663834 0.677330
vt 0.674161 0.638499
vt 0.663834 0.638499
vt 0.674161 0.599668
vt 0.663834 0.599668
vt 0.677122 0.752081
vt 0.663833 0.634616
vt 0.682278 0.634616
vt 0.682278 0.597726
vt 0.663833 0.597726
vt 0.663833 0.673447
vt 0.682278 0.673447
vt 0.682278 0.636558
vt 0.663833 0.636558
vt 0.663833 0.712279
vt 0.682278 0.712279
vt 0.682278 0.675389
vt 0.663833 0.675389
vt 0.630785 0.987544
vt 0.630894 0.987489
vt 0.630894 0.988579
vt 0.630785 0.988579
vt 0.630787 0.987543
vt 0.630896 0.987489
vt 0.630896 0.988579
vt 0.630787 0.988579
vt 0.933668 0.555800
vt 0.959522 0.555800
vt 0.663833 0.596377
vt 0.679220 0.596377
vt 0.679220 0.586771
vt 0.663833 0.586771
vt 0.642813 0.995240
vt 0.640876 0.995240
vt 0.640913 0.995894
vt 0.642813 0.995894
vt 0.663833 0.820035
vt 0.663833 0.742373
vt 0.641724 0.996439
vt 0.642813 0.996439
vt 0.642813 0.995022
vt 0.641172 0.995022
vt 0.641215 0.995567
vt 0.642813 0.995567
vt 0.663833 0.859837
vt 0.663833 0.811298
vt 0.642102 0.996112
vt 0.642813 0.996112
vt 0.870430 0.820172
vt 0.858774 0.820172
vt 0.924612 0.743065
vt 0.924680 0.767153
vt 0.981243 0.885399
vt 0.981243 0.859027
vt 0.984100 0.859027
vt 0.984100 0.885399
vt 0.981635 0.891971
vt 0.981635 0.865436
vt 0.984493 0.865436
vt 0.984493 0.891970
vt 0.974949 0.885399
vt 0.974949 0.859027
vt 0.944616 0.736518
vt 0.944616 0.715340
vt 0.964986 0.865216
vt 0.964986 0.885399
vt 0.964962 0.865080
vt 0.975341 0.858857
vt 0.975341 0.885390
vt 0.964962 0.885390
vt 0.926997 0.902156
vt 0.926997 0.860780
vt 0.930838 0.860780
vt 0.930838 0.902156
vt 0.930771 0.902448
vt 0.930771 0.861072
vt 0.926930 0.861072
vt 0.926930 0.902448
vt 0.956638 0.766949
vt 0.956638 0.759536
vt 0.956638 0.752630
vt 0.956638 0.745217
vt 0.924603 0.736551
vt 0.921299 0.739792
vt 0.971917 0.891970
vt 0.971917 0.873175
vt 0.980423 0.873175
vt 0.980423 0.891970
vt 0.971865 0.891978
vt 0.971865 0.873184
vt 0.976486 0.873184
vt 0.976486 0.891979
vt 0.642806 0.990060
vt 0.642806 0.990060
vt 0.642806 0.989535
vt 0.642806 0.989535
vt 0.797730 0.971919
vt 0.797730 0.963663
vt 0.663882 0.885078
s 0
f 2/1/1 3/2/1 1/3/1
f 1/3/1 4/4/1 2/1/1
f 3/2/1 6/5/1 5/6/1
f 5/6/1 1/3/1 3/2/1
f 6/5/1 8/7/1 7/8/1
f 7/8/1 5/6/1 6/5/1
f 10/9/1 11/10/1 9/11/1
f 9/11/1 12/12/1 10/9/1
f 11/10/1 14/13/1 13/14/1
f 13/14/1 9/11/1 11/10/1
f 14/13/1 16/15/1 15/16/1
f 15/16/1 13/14/1 14/13/1
f 18/17/1 19/18/1 17/19/1
f 17/19/1 20/20/1 18/17/1
f 19/18/1 22/21/1 21/22/1
f 21/22/1 17/19/1 19/18/1
f 22/21/1 24/23/1 23/24/1
f 23/24/1 21/22/1 22/21/1
f 26/25/1 27/26/1 25/27/1
f 25/27/1 28/28/1 26/25/1
f 27/26/1 30/29/1 29/30/1
f 29/30/1 25/27/1 27/26/1
f 30/29/1 32/31/1 31/32/1
f 31/32/1 29/30/1 30/29/1
f 34/33/1 35/34/1 33/35/1
f 33/35/1 36/36/1 34/33/1
f 35/34/1 38/37/1 37/38/1
f 37/38/1 33/35/1 35/34/1
f 38/37/1 40/39/1 39/40/1
f 39/40/1 37/38/1 38/37/1
f 42/41/1 43/42/1 41/43/1
f 41/43/1 44/44/1 42/41/1
f 43/42/1 46/45/1 45/46/1
f 45/46/1 41/43/1 43/42/1
f 46/45/1 48/47/1 47/48/1
f 47/48/1 45/46/1 46/45/1
f 50/49/2 51/50/2 49/51/2
f 49/51/2 52/52/2 50/49/2
f 54/53/3 55/54/4 53/55/4
f 53/55/4 56/56/5 54/53/6
f 58/57/1 59/58/7 57/59/8
f 60/60/1 61/61/9 58/57/1
f 60/60/1 58/57/1 57/59/8
f 62/62/1 60/60/1 57/59/8
f 63/63/10 62/62/1 57/59/8
f 65/64/11 66/65/12 64/66/11
f 64/66/11 67/67/13 65/64/11
f 69/68/14 70/69/15 68/70/16
f 68/70/16 71/71/16 69/68/14
f 73/72/17 74/73/18 72/74/19
f 73/72/17 72/74/19 75/75/20
f 76/76/21 73/72/17 75/75/20
f 78/77/22 79/76/22 77/75/22
f 81/78/23 82/79/24 80/80/25
f 83/81/26 81/78/23 80/80/25
f 84/82/27 83/81/26 80/80/25
f 85/83/28 84/82/27 80/80/25
f 70/69/29 69/68/30 86/84/31
f 88/85/32 89/86/32 87/69/32
f 90/85/33 70/69/29 86/84/34
f 90/85/35 86/84/34 91/87/36
f 93/88/37 94/89/38 92/90/39
f 95/91/40 96/92/41 93/88/42
f 95/91/43 93/88/37 92/90/39
f 98/93/44 99/94/45 97/95/46
f 97/95/46 100/96/47 98/93/47
f 102/97/48 103/98/48 101/99/48
f 104/100/49 102/97/49 101/99/49
f 105/101/48 104/100/48 101/99/48
f 107/102/50 108/103/51 106/104/50
f 106/104/50 109/105/52 107/102/50
f 111/106/2 112/107/2 110/108/2
f 113/109/2 111/106/2 110/108/2
f 114/110/2 113/109/2 110/108/2
f 116/111/2 117/112/2 115/113/2
f 115/113/2 118/114/2 116/111/2
f 120/115/53 121/116/54 119/117/55
f 119/117/55 122/118/55 120/115/53
f 124/119/56 125/120/57 123/121/58
f 123/121/58 126/122/59 124/119/56
f 126/122/59 123/121/60 127/123/61
f 127/123/61 128/124/61 126/122/59
f 130/125/1 131/126/1 129/127/1
f 129/127/1 132/128/1 130/125/1
f 134/129/62 135/130/62 133/131/63
f 133/131/63 136/132/64 134/129/62
f 136/132/65 133/131/63 137/133/66
f 137/133/67 138/134/68 136/132/64
f 139/135/69 140/136/69 121/116/54
f 121/116/54 120/115/53 139/135/69
f 142/137/70 143/121/70 141/120/70
f 145/138/71 146/137/71 144/120/71
f 147/139/71 145/138/71 144/120/71
f 148/140/71 147/139/71 144/120/71
f 149/141/71 148/140/71 144/120/71
f 150/142/71 149/141/71 144/120/71
f 152/143/72 153/144/72 151/145/72
f 151/145/72 154/146/72 152/143/72
f 156/147/73 157/148/73 155/149/73
f 155/149/73 158/150/73 156/147/73
f 160/151/74 161/152/74 159/153/74
f 159/153/74 162/154/74 160/151/74
f 164/155/75 165/133/75 163/131/75
f 167/156/76 168/155/76 166/131/76
f 169/157/76 167/156/76 166/131/76
f 170/158/76 169/157/76 166/131/76
f 171/159/76 170/158/76 166/131/76
f 172/160/76 171/159/76 166/131/76
f 174/161/77 175/162/78 173/163/78
f 173/163/78 176/164/79 174/161/77
f 178/165/80 179/166/81 177/167/82
f 180/168/80 178/165/80 177/167/82
f 181/169/80 180/168/80 177/167/82
f 182/170/80 181/169/80 177/167/82
f 183/171/80 182/170/80 177/167/82
f 184/172/80 183/171/80 177/167/82
f 185/173/80 184/172/80 177/167/82
f 186/174/80 185/173/80 177/167/82
f 188/175/83 189/176/83 187/177/83
f 191/178/84 192/179/85 190/175/84
f 193/180/86 191/178/84 190/175/84
f 195/180/87 196/175/87 194/177/87
f 198/181/88 199/182/89 197/183/90
f 200/184/91 198/181/92 197/183/93
f 201/185/94 200/184/91 197/183/93
f 203/186/95 97/95/46 202/187/96
f 202/187/97 204/188/98 203/186/95
f 206/189/99 207/190/100 205/191/101
f 208/192/102 206/189/99 205/191/101
f 209/193/103 208/192/104 205/191/101
f 211/194/105 212/195/105 210/196/105
f 210/196/106 213/197/106 211/194/106
f 214/198/107 215/199/107 205/191/101
f 205/191/101 207/190/108 214/198/109
f 216/200/110 217/201/110 174/161/77
f 174/161/77 176/164/111 216/200/110
f 219/202/112 220/203/113 218/204/112
f 218/204/114 221/205/115 219/202/114
f 223/206/116 224/207/117 222/208/118
f 225/209/119 223/206/116 222/208/118
f 226/210/120 225/209/119 222/208/118
f 205/191/101 228/211/121 227/212/122
f 227/212/122 209/193/103 205/191/101
f 230/213/123 231/214/123 229/215/123
f 229/215/124 232/216/124 230/213/124
f 234/217/125 235/218/126 233/219/125
f 233/219/125 236/220/127 234/217/125
f 238/221/128 239/222/129 237/223/130
f 238/221/131 237/223/132 240/224/133
f 241/225/134 238/221/131 240/224/133
f 243/226/135 244/227/135 242/228/135
f 245/229/136 243/226/137 242/228/137
f 246/230/138 245/229/136 242/228/137
f 248/231/139 249/232/140 247/233/141
f 247/233/141 224/207/117 248/231/139
f 224/207/117 247/233/141 250/234/142
f 250/234/142 222/208/118 224/207/117
f 252/235/2 253/236/2 251/237/2
f 251/237/2 254/238/2 252/235/2
f 256/183/143 257/239/144 255/240/145
f 255/240/145 258/185/146 256/183/143
f 258/185/146 255/240/145 259/241/147
f 259/241/147 260/242/148 258/185/146
f 259/241/147 262/243/2 261/244/2
f 261/244/2 260/242/149 259/241/147
f 264/245/150 265/246/150 263/247/151
f 263/247/151 266/248/152 264/245/150
f 266/248/152 263/247/151 267/249/153
f 267/249/153 268/250/153 266/248/152
f 270/251/154 271/252/154 269/253/154
f 269/253/154 272/254/154 270/251/154
f 274/255/155 275/256/155 273/257/156
f 273/257/156 276/258/157 274/255/155
f 276/258/157 273/257/156 277/259/158
f 277/259/158 278/260/158 276/258/157
f 280/261/1 281/262/1 279/263/1
f 279/263/1 282/264/1 280/261/1
f 284/265/159 285/266/160 283/267/161
f 286/268/162 287/269/163 284/265/159
f 286/268/162 284/265/159 283/267/164
f 289/270/165 290/271/166 288/272/167
f 291/273/168 292/274/169 289/270/170
f 291/273/171 289/270/165 288/272/167
f 294/186/172 295/196/173 293/195/172
f 293/195/174 296/95/175 294/186/174
f 298/95/176 299/195/176 297/194/176
f 297/194/177 300/96/177 298/95/177
f 302/275/178 303/276/179 301/277/180
f 301/277/180 304/278/181 302/275/182
f 306/279/183 307/197/183 305/196/183
f 305/196/183 308/186/183 306/279/183
f 310/280/184 311/281/185 309/282/186
f 309/282/186 312/283/187 310/280/184
f 314/199/188 315/213/188 313/216/188
f 313/216/189 316/191/189 314/199/189
f 318/191/190 319/216/191 317/215/190
f 317/215/192 320/211/193 318/191/192
f 322/211/194 323/215/194 321/214/194
f 321/214/194 324/284/194 322/211/194
f 326/285/195 327/286/195 325/287/195
f 325/287/195 328/288/195 326/285/195
f 330/289/196 331/290/196 329/291/196
f 329/291/196 332/292/196 330/289/196
f 334/293/197 335/294/197 333/295/197
f 333/295/197 336/296/197 334/293/197
f 338/297/198 339/298/198 337/299/198
f 337/299/198 340/300/198 338/297/198
f 342/181/199 343/184/199 341/301/199
f 341/301/199 344/302/199 342/181/199
f 346/303/200 347/304/200 345/305/200
f 345/305/200 348/306/200 346/303/200
f 350/296/201 351/295/201 349/294/201
f 349/294/201 352/293/201 350/296/201
f 354/307/202 355/308/202 353/309/202
f 353/309/202 356/310/202 354/307/202
f 358/206/203 359/209/203 357/311/203
f 357/311/203 360/312/203 358/206/203
f 362/313/204 363/314/204 361/315/204
f 361/315/204 364/316/204 362/313/204
f 366/317/205 367/318/206 365/319/205
f 365/319/205 368/320/207 366/317/205
f 370/321/208 371/322/208 369/323/208
f 369/323/208 372/324/208 370/321/208
f 283/267/209 374/325/209 373/326/210
f 373/326/211 286/268/212 283/267/213
f 376/299/214 377/327/215 375/328/214
f 375/328/216 378/300/216 376/299/216
f 380/303/217 381/329/217 379/330/217
f 379/330/218 382/304/218 380/303/218
f 290/271/219 384/331/220 383/332/221
f 383/332/221 288/272/167 290/271/222
f 386/333/223 387/334/223 385/335/223
f 385/335/223 388/336/223 386/333/223
f 390/337/224 391/338/225 389/339/224
f 389/339/226 392/340/227 390/337/226
f 394/290/228 395/341/229 393/342/228
f 393/342/228 396/291/230 394/290/228
f 398/343/231 399/265/231 397/269/231
f 397/269/232 400/344/232 398/343/232
f 402/298/233 403/345/234 401/346/235
f 401/346/235 404/299/236 402/298/237
f 404/299/236 401/346/235 405/347/238
f 405/347/239 406/327/239 404/299/236
f 408/287/240 409/348/240 407/349/240
f 407/349/241 410/288/241 408/287/241
f 412/323/242 413/350/242 411/351/242
f 411/351/242 414/324/242 412/323/242
f 416/311/243 417/352/244 415/353/243
f 415/353/245 418/312/246 416/311/245
f 420/301/247 421/354/248 419/355/247
f 419/355/249 422/302/250 420/301/249
f 424/333/251 425/356/251 423/357/251
f 423/357/251 426/334/251 424/333/251
f 428/315/252 429/358/252 427/359/252
f 427/359/253 430/316/253 428/315/253
f 432/330/254 433/360/254 431/361/255
f 431/361/255 434/304/256 432/330/257
f 434/304/256 431/361/255 435/362/258
f 435/362/259 436/305/260 434/304/256
f 438/363/261 439/270/261 437/274/261
f 437/274/262 440/364/263 438/363/262
f 442/308/264 443/365/265 441/366/264
f 441/366/264 444/309/266 442/308/264
f 446/367/267 447/368/268 445/369/267
f 445/369/269 448/370/270 446/367/269
f 449/371/271 450/372/272 83/81/26
f 83/81/26 84/82/27 449/371/273
f 452/373/274 453/374/275 451/375/276
f 454/376/277 452/373/274 451/375/276
f 455/377/278 456/378/279 454/376/277
f 455/377/278 454/376/277 451/375/276
f 451/375/276 453/374/280 457/379/281
f 457/379/281 458/380/282 451/375/276
f 460/381/283 461/382/284 459/383/285
f 459/383/285 462/384/286 460/381/283
f 464/385/287 465/386/288 463/387/287
f 463/387/289 466/388/290 464/385/289
f 468/389/291 469/390/292 467/391/293
f 467/391/294 470/392/295 468/389/296
f 471/393/297 202/187/96 97/95/46
f 472/394/298 471/393/299 97/95/46
f 99/94/300 472/394/301 97/95/46
f 459/383/285 474/395/302 473/396/303
f 473/396/303 462/384/286 459/383/285
f 468/389/291 476/397/304 475/398/305
f 475/398/305 469/390/292 468/389/291
f 478/399/306 479/400/306 477/401/307
f 477/401/307 480/402/308 478/399/309
f 480/402/308 477/401/307 481/403/310
f 481/403/311 482/404/312 480/402/308
f 484/405/313 485/406/314 483/407/313
f 483/407/315 486/408/316 484/405/315
f 488/393/317 489/409/318 487/410/319
f 487/410/319 490/187/320 488/393/317
f 490/187/320 487/410/319 491/411/321
f 491/411/322 492/188/322 490/187/320
f 494/188/323 495/411/324 493/412/323
f 493/412/325 496/372/326 494/188/325
f 498/413/327 499/414/328 497/415/329
f 497/415/330 500/416/331 498/413/332
f 502/379/333 503/417/334 501/418/333
f 501/418/333 504/212/335 502/379/333
f 506/212/336 507/418/336 505/419/337
f 505/419/337 508/193/338 506/212/339
f 508/193/338 505/419/337 509/420/340
f 509/420/341 510/192/342 508/193/338
f 512/421/343 513/422/344 511/423/343
f 511/423/343 514/424/345 512/421/343
f 515/425/346 516/426/347 499/414/328
f 499/414/348 498/413/332 515/425/349
f 518/412/350 519/427/351 517/428/352
f 517/428/352 520/429/353 518/412/350
f 520/429/353 517/428/352 521/430/354
f 521/430/355 522/431/356 520/429/353
f 522/431/356 521/430/355 523/432/357
f 523/432/357 524/409/358 522/431/359
f 524/409/358 523/432/357 525/433/360
f 525/433/360 526/410/361 524/409/358
f 526/410/362 525/433/360 527/434/363
f 527/434/364 528/411/365 526/410/361
f 528/411/365 527/434/363 519/427/366
f 519/427/351 518/412/350 528/411/367
f 530/435/368 531/436/369 529/437/370
f 529/437/371 532/417/372 530/435/368
f 532/417/373 529/437/374 533/438/375
f 533/438/376 534/418/377 532/417/372
f 534/418/378 533/438/379 535/439/380
f 535/439/380 536/419/381 534/418/382
f 536/419/381 535/439/380 537/440/383
f 537/440/383 538/420/384 536/419/381
f 538/420/384 537/440/383 539/441/385
f 539/441/385 540/442/386 538/420/384
f 540/442/386 539/441/385 531/436/369
f 531/436/369 530/435/368 540/442/387
f 542/443/388 543/444/388 541/445/389
f 541/445/389 544/446/390 542/443/388
f 544/446/390 541/445/389 545/447/391
f 545/447/391 546/448/391 544/446/390
f 548/449/392 549/450/392 547/451/392
f 547/451/392 550/452/392 548/449/392
f 552/453/393 553/454/393 551/455/394
f 551/455/395 554/456/396 552/453/393
f 554/456/396 551/455/395 555/457/397
f 555/457/397 556/458/397 554/456/396
f 558/459/398 559/460/398 557/461/398
f 557/461/398 560/462/398 558/459/398
f 562/446/399 563/463/400 561/444/401
f 561/444/401 564/443/401 562/446/399
f 566/464/402 567/465/402 565/466/402
f 565/466/402 568/467/402 566/464/402
f 570/468/403 571/469/403 569/470/404
f 569/470/404 572/471/405 570/468/403
f 572/471/405 569/470/404 573/472/406
f 573/472/406 574/473/406 572/471/405
f 576/474/407 577/475/407 575/476/407
f 575/476/407 578/477/407 576/474/407
f 579/448/408 580/447/408 563/463/400
f 563/463/400 562/446/399 579/448/408
f 82/79/24 582/478/409 581/479/410
f 581/479/411 472/394/301 82/79/24
f 472/394/412 581/479/413 583/480/414
f 583/480/415 471/393/297 472/394/301
f 471/393/416 583/480/415 584/481/417
f 584/481/415 81/78/23 471/393/297
f 81/78/23 584/481/418 582/478/409
f 582/478/409 82/79/419 81/78/23
f 206/189/420 586/482/421 585/483/422
f 585/483/423 454/376/277 206/189/420
f 454/376/277 585/483/424 587/484/425
f 587/484/426 452/373/274 454/376/277
f 452/373/274 587/484/427 588/485/428
f 588/485/428 208/192/104 452/373/274
f 208/192/102 588/485/429 586/482/430
f 586/482/431 206/189/420 208/192/102
f 590/486/432 591/487/432 589/488/432
f 589/488/432 592/489/432 590/486/432
f 594/490/433 595/491/433 593/492/433
f 593/492/433 596/493/433 594/490/433
f 598/494/434 599/495/434 597/496/434
f 597/496/434 600/497/434 598/494/434
f 602/498/435 603/499/435 601/500/435
f 601/500/435 604/501/435 602/498/435
f 606/502/436 607/503/436 605/504/436
f 605/504/436 608/505/436 606/502/436
f 610/501/437 611/500/437 609/499/437
f 609/499/437 612/498/437 610/501/437
f 614/506/438 615/507/438 613/508/438
f 613/508/438 616/509/438 614/506/438
f 618/510/439 619/511/439 617/512/439
f 617/512/439 620/513/439 618/510/439
f 622/514/440 623/515/440 621/516/440
f 621/516/440 624/517/440 622/514/440
f 626/173/80 627/174/80 625/167/441
f 628/172/80 626/173/80 625/167/441
f 629/171/80 628/172/80 625/167/441
f 630/170/80 629/171/80 625/167/441
f 631/169/80 630/170/80 625/167/441
f 632/168/80 631/169/80 625/167/441
f 633/165/80 632/168/80 625/167/441
f 634/166/442 633/165/80 625/167/441
f 636/518/443 637/205/444 635/204/443
f 635/204/445 638/203/446 636/518/445
f 640/519/80 641/520/80 639/521/80
f 639/521/80 642/522/80 640/519/80
f 644/523/447 645/524/447 643/525/448
f 643/525/448 646/526/448 644/523/447
f 648/53/449 649/56/450 647/527/4
f 647/527/4 650/54/4 648/53/449
f 651/528/451 652/529/451 63/63/10
f 63/63/10 57/59/452 651/528/451
f 654/530/453 655/531/454 653/532/455
f 653/532/455 656/533/456 654/530/453
f 658/279/457 659/534/457 657/535/457
f 657/535/457 660/96/457 658/279/457
f 660/96/457 657/535/457 661/536/457
f 661/536/457 662/537/457 660/96/457
f 664/538/458 665/539/458 663/540/458
f 663/540/458 666/541/458 664/538/458
f 668/542/459 669/198/459 667/543/459
f 667/543/459 670/544/459 668/542/459
f 672/199/459 673/545/459 671/546/459
f 671/546/459 674/284/459 672/199/459
f 675/547/459 674/284/459 671/546/459
f 671/546/459 676/548/460 675/547/459
f 678/549/461 679/550/461 677/529/461
f 677/529/461 680/528/461 678/549/461
f 682/533/462 683/532/462 681/551/462
f 681/551/463 684/552/464 682/533/463
f 686/534/465 687/553/465 685/554/466
f 685/554/466 688/535/467 686/534/468
f 688/535/469 685/554/470 689/555/471
f 689/555/471 690/536/471 688/535/469
f 692/556/472 693/539/473 691/538/473
f 694/557/474 692/556/472 691/538/473
f 695/558/475 694/557/474 691/538/475
f 697/544/476 698/543/476 696/559/476
f 696/559/476 699/560/476 697/544/476
f 701/545/477 702/561/477 700/562/478
f 700/562/478 703/546/479 701/545/477
f 704/548/480 703/546/478 700/562/478
f 700/562/479 705/563/481 704/548/481
f 707/564/482 708/565/483 706/566/482
f 706/566/482 709/567/484 707/564/482
f 711/173/485 712/205/486 710/204/485
f 710/204/485 713/568/487 711/173/485
f 715/569/488 716/570/488 714/571/488
f 718/571/489 719/572/489 717/569/489
f 720/279/490 304/278/181 301/277/180
f 301/277/180 721/197/491 720/279/492
f 721/197/493 301/277/180 303/276/179
f 303/276/179 722/194/494 721/197/493
f 722/194/495 303/276/179 302/275/182
f 302/275/182 723/96/496 722/194/495
f 724/213/497 309/282/186 311/281/185
f 311/281/185 725/214/498 724/213/497
f 725/214/498 311/281/185 310/280/184
f 310/280/184 726/284/499 725/214/498
f 728/573/500 729/574/500 727/575/500
f 731/575/501 732/576/501 730/573/501
f 734/568/502 735/204/503 733/205/502
f 733/205/502 736/173/504 734/568/502
f 738/577/505 739/578/506 737/579/505
f 737/579/505 740/580/507 738/577/505
f 741/199/508 312/283/187 309/282/186
f 309/282/509 724/213/497 741/199/510
f 743/581/511 744/582/512 742/583/513
f 742/583/513 745/568/511 743/581/511
f 747/584/514 748/585/515 746/586/516
f 749/587/516 747/584/514 746/586/516
f 750/588/517 749/587/517 746/586/517
f 752/589/518 753/590/519 751/591/518
f 751/591/518 754/592/520 752/589/518
f 643/525/448 756/593/511 755/594/511
f 755/594/511 646/526/448 643/525/448
f 758/583/521 759/582/521 757/581/511
f 757/581/511 760/568/511 758/583/521
f 658/279/457 762/595/457 761/596/522
f 761/596/522 659/534/457 658/279/457
f 764/597/523 765/598/459 763/599/524
f 763/599/524 766/600/525 764/597/523
f 686/534/468 768/596/526 767/601/526
f 767/601/527 687/553/468 686/534/465
f 770/599/528 771/602/529 769/603/528
f 769/603/530 772/600/530 770/599/530
f 654/530/531 774/604/457 773/605/457
f 655/531/532 654/530/531 773/605/457
f 655/531/532 773/605/457 775/606/457
f 762/595/533 777/607/534 776/608/535
f 776/608/536 761/596/537 762/595/538
f 761/596/522 776/608/536 778/609/539
f 778/609/540 779/601/540 761/596/522
f 781/610/541 782/611/541 780/612/541
f 783/613/542 781/610/542 780/612/542
f 784/614/541 783/613/541 780/612/541
f 786/563/543 787/615/543 785/616/544
f 785/616/545 676/548/546 786/563/547
f 676/548/548 785/616/549 788/617/550
f 788/617/459 675/547/459 676/548/460
f 764/597/523 790/618/459 789/619/459
f 765/598/459 764/597/523 789/619/459
f 765/598/551 789/619/459 791/620/459
f 793/618/552 794/597/552 792/600/552
f 796/600/553 797/621/553 795/618/553
f 799/622/554 800/623/555 798/624/554
f 798/624/554 801/625/556 799/622/554
f 803/626/557 804/627/557 802/628/557
f 802/628/557 805/629/557 803/626/557
f 807/625/558 808/624/559 806/623/560
f 806/623/560 809/630/561 807/625/562
f 810/631/563 653/532/455 655/531/454
f 655/531/454 775/606/457 810/631/563
f 812/520/80 813/519/80 811/522/80
f 811/522/80 814/521/80 812/520/80
f 816/632/564 817/633/447 815/634/80
f 818/635/80 819/636/80 816/632/565
f 820/637/80 818/635/80 816/632/565
f 821/638/80 820/637/80 816/632/564
f 822/639/80 821/638/80 816/632/564
f 823/640/80 822/639/80 816/632/565
f 824/641/80 823/640/80 816/632/564
f 824/641/80 816/632/564 815/634/80
f 826/642/566 827/643/567 825/644/566
f 825/644/568 828/645/569 826/642/568
f 830/93/457 831/646/457 829/647/457
f 829/647/457 832/648/457 830/93/457
f 834/649/570 835/650/571 833/651/572
f 833/651/573 836/652/574 834/649/570
f 838/647/471 839/653/471 837/654/471
f 837/654/471 840/648/471 838/647/471
f 842/652/575 843/651/576 841/655/575
f 841/655/577 844/656/578 842/652/577
f 846/645/568 847/644/569 845/643/568
f 845/643/568 848/642/567 846/645/568
f 850/657/579 851/658/580 849/659/581
f 849/659/582 852/660/583 850/657/579
f 854/658/584 855/661/585 853/662/584
f 853/662/586 856/659/587 854/658/586
f 858/663/80 859/664/80 857/665/80
f 857/665/80 860/666/80 858/663/80
f 862/667/459 863/668/459 861/669/459
f 861/669/459 864/670/459 862/667/459
f 866/670/476 867/669/476 865/671/476
f 865/671/476 868/672/476 866/670/476
f 870/666/80 871/665/80 869/664/80
f 869/664/80 872/663/80 870/666/80
f 874/673/457 875/674/457 873/675/457
f 873/675/457 876/676/457 874/673/457
f 878/674/471 879/677/471 877/678/471
f 877/678/471 880/675/471 878/674/471
f 882/679/566 883/680/567 881/681/566
f 881/681/568 884/682/569 882/679/568
f 886/683/570 887/684/571 885/685/572
f 885/685/573 888/686/574 886/683/570
f 890/686/588 891/685/576 889/687/588
f 889/687/589 892/688/578 890/686/589
f 894/682/568 895/681/569 893/680/568
f 893/680/566 896/679/567 894/682/566
f 898/689/579 899/690/580 897/691/581
f 897/691/582 900/692/583 898/689/579
f 902/690/584 903/693/585 901/694/584
f 901/694/586 904/691/587 902/690/586
f 906/695/80 907/696/80 905/697/80
f 905/697/80 908/698/80 906/695/80
f 910/699/459 911/700/459 909/701/459
f 909/701/459 912/702/459 910/699/459
f 914/702/476 915/701/476 913/703/476
f 913/703/476 916/704/476 914/702/476
f 918/698/80 919/697/80 917/696/80
f 917/696/80 920/695/80 918/698/80
f 922/705/457 923/706/457 921/707/457
f 921/707/457 924/708/457 922/705/457
f 926/706/471 927/709/471 925/710/471
f 925/710/471 928/707/471 926/706/471
f 930/711/590 931/712/567 929/713/590
f 929/713/568 932/714/569 930/711/568
f 934/715/570 935/716/571 933/717/572
f 933/717/573 936/718/574 934/715/570
f 938/718/588 939/717/576 937/719/588
f 937/719/588 940/720/578 938/718/588
f 942/714/566 943/713/569 941/712/566
f 941/712/566 944/711/567 942/714/566
f 946/721/579 947/722/580 945/723/581
f 945/723/582 948/724/583 946/721/579
f 950/722/591 951/725/585 949/726/591
f 949/726/586 952/723/587 950/722/586
f 644/523/447 954/727/80 953/728/80
f 953/728/80 645/524/447 644/523/447
f 672/199/459 956/729/459 955/730/459
f 955/730/459 673/545/459 672/199/459
f 701/545/592 958/730/476 957/731/476
f 957/731/476 702/561/592 701/545/592
f 960/524/447 961/728/80 959/727/80
f 959/727/80 962/523/447 960/524/447
f 964/522/593 965/643/593 963/642/593
f 963/642/593 966/664/593 964/522/593
f 968/732/594 969/733/595 967/734/594
f 967/734/596 970/735/597 968/732/596
f 972/735/598 973/734/599 971/736/598
f 971/736/598 974/737/600 972/735/598
f 976/675/601 977/658/602 975/657/601
f 975/657/603 978/676/604 976/675/603
f 979/676/605 850/657/579 852/660/606
f 852/660/606 980/646/605 979/676/605
f 982/646/607 983/660/608 981/659/607
f 981/659/607 984/647/609 982/646/607
f 986/738/610 987/739/611 985/740/610
f 985/740/612 988/741/613 986/738/612
f 990/741/614 991/740/615 989/742/614
f 989/742/616 992/743/617 990/741/616
f 993/542/618 835/650/571 834/649/570
f 834/649/570 994/668/618 993/542/618
f 996/668/619 997/649/620 995/652/619
f 995/652/619 998/669/621 996/668/619
f 1000/744/622 1001/745/623 999/746/622
f 999/746/624 1002/747/625 1000/744/624
f 1004/747/626 1005/746/627 1003/748/626
f 1003/748/628 1006/749/629 1004/747/628
f 1008/664/630 1009/642/630 1007/643/630
f 1007/643/630 1010/522/630 1008/664/630
f 1012/750/631 1013/751/632 1011/752/631
f 1011/752/631 1014/753/633 1012/750/631
f 1016/753/634 1017/752/635 1015/754/634
f 1015/754/636 1018/755/637 1016/753/636
f 1020/544/638 1021/651/639 1019/650/638
f 1019/650/640 1022/542/641 1020/544/640
f 1024/663/593 1025/680/593 1023/679/593
f 1023/679/593 1026/696/593 1024/663/593
f 1028/756/594 1029/757/642 1027/758/594
f 1027/758/594 1030/759/597 1028/756/594
f 1032/759/643 1033/758/599 1031/760/643
f 1031/760/643 1034/761/600 1032/759/643
f 1036/707/601 1037/690/602 1035/689/601
f 1035/689/603 1038/708/604 1036/707/603
f 1039/708/605 898/689/579 900/692/606
f 900/692/606 1040/673/605 1039/708/605
f 1042/673/607 1043/692/608 1041/691/607
f 1041/691/607 1044/674/644 1042/673/607
f 1046/762/610 1047/763/645 1045/764/610
f 1045/764/610 1048/765/613 1046/762/610
f 1050/765/646 1051/764/615 1049/766/646
f 1049/766/614 1052/767/617 1050/765/614
f 1053/667/618 887/684/571 886/683/570
f 886/683/570 1054/700/618 1053/667/618
f 1056/700/619 1057/683/620 1055/686/619
f 1055/686/647 1058/701/621 1056/700/647
f 1060/768/624 1061/769/623 1059/770/624
f 1059/770/624 1062/771/625 1060/768/624
f 1064/771/626 1065/770/627 1063/772/626
f 1063/772/628 1066/773/648 1064/771/628
f 1068/696/630 1069/679/630 1067/680/630
f 1067/680/630 1070/663/630 1068/696/630
f 1072/774/631 1073/775/649 1071/776/631
f 1071/776/650 1074/777/633 1072/774/650
f 1076/777/651 1077/776/635 1075/778/651
f 1075/778/651 1078/779/637 1076/777/651
f 1080/670/640 1081/685/652 1079/684/640
f 1079/684/638 1082/667/641 1080/670/638
f 1084/695/593 1085/712/593 1083/711/593
f 1083/711/593 1086/727/593 1084/695/593
f 1088/780/653 1089/781/595 1087/782/653
f 1087/782/594 1090/783/597 1088/780/594
f 1092/783/643 1093/782/599 1091/784/643
f 1091/784/643 1094/785/600 1092/783/643
f 1096/536/654 1097/722/602 1095/721/654
f 1095/721/601 1098/537/604 1096/536/601
f 1099/537/605 946/721/579 948/724/606
f 948/724/606 1100/705/605 1099/537/605
f 1102/705/607 1103/724/608 1101/723/607
f 1101/723/607 1104/706/644 1102/705/607
f 1106/786/610 1107/787/655 1105/788/610
f 1105/788/656 1108/789/613 1106/786/656
f 1110/789/646 1111/788/615 1109/790/646
f 1109/790/646 1112/791/617 1110/789/646
f 1113/699/618 935/716/571 934/715/570
f 934/715/570 1114/729/618 1113/699/618
f 1116/729/619 1117/715/620 1115/718/619
f 1115/718/619 1118/730/621 1116/729/619
f 1120/792/622 1121/793/623 1119/794/622
f 1119/794/624 1122/795/625 1120/792/624
f 1124/795/626 1125/794/627 1123/796/626
f 1123/796/626 1126/797/629 1124/795/626
f 1128/727/630 1129/711/630 1127/712/630
f 1127/712/630 1130/695/630 1128/727/630
f 1132/798/631 1133/799/632 1131/800/631
f 1131/800/657 1134/801/633 1132/798/657
f 1136/801/636 1137/800/635 1135/802/636
f 1135/802/636 1138/803/637 1136/801/636
f 1140/702/640 1141/717/658 1139/716/640
f 1139/716/659 1142/699/641 1140/702/659
f 816/632/564 1144/804/660 1143/805/661
f 1143/805/661 817/633/660 816/632/564
f 1144/804/660 1146/806/662 1145/807/662
f 1145/807/662 1143/805/661 1144/804/660
f 960/524/660 962/523/660 1147/526/661
f 1147/526/661 1148/525/660 960/524/660
f 1148/525/660 1147/526/661 1149/594/511
f 1149/594/511 1150/593/511 1148/525/663
f 1152/559/664 1153/808/664 1151/809/664
f 1151/809/664 1154/560/664 1152/559/664
f 1154/560/664 1151/809/664 1155/810/664
f 1155/810/664 1156/671/664 1154/560/664
f 1156/671/664 1155/810/664 1157/811/664
f 1157/811/664 1158/672/664 1156/671/664
f 1158/672/664 1157/811/664 1159/812/664
f 1159/812/664 1160/703/664 1158/672/664
f 1160/703/664 1159/812/664 1161/813/664
f 1161/813/664 1162/704/664 1160/703/664
f 1162/704/664 1161/813/664 1163/814/664
f 1163/814/664 1164/731/664 1162/704/664
f 1164/731/664 1163/814/664 1165/815/665
f 1165/815/666 1166/561/667 1164/731/664
f 1166/561/668 1165/815/666 1167/816/669
f 1167/816/670 1168/562/671 1166/561/667
f 1168/562/671 1167/816/670 1169/817/672
f 1169/817/673 1170/563/673 1168/562/674
f 1172/818/675 1173/819/675 1171/820/675
f 1171/820/675 1174/821/675 1172/818/675
f 1176/601/676 1177/822/676 1175/823/677
f 1175/823/678 1178/553/679 1176/601/680
f 1178/553/681 1175/823/678 1179/824/682
f 1179/824/682 1180/554/683 1178/553/681
f 1180/554/684 1179/824/685 1181/825/686
f 1181/825/686 1182/555/686 1180/554/684
f 1182/555/686 1181/825/686 1183/826/686
f 1183/826/686 1184/709/686 1182/555/686
f 1184/709/686 1183/826/686 1185/827/686
f 1185/827/686 1186/710/686 1184/709/686
f 1186/710/686 1185/827/686 1187/828/686
f 1187/828/686 1188/677/686 1186/710/686
f 1188/677/686 1187/828/686 1189/829/686
f 1189/829/686 1190/678/686 1188/677/686
f 1190/678/686 1189/829/686 1191/830/686
f 1191/830/686 1192/653/686 1190/678/686
f 1192/653/686 1191/830/686 1193/831/686
f 1193/831/686 1194/654/686 1192/653/686
f 1195/832/687 1196/833/687 692/556/472
f 692/556/472 694/557/474 1195/832/687
f 1198/834/688 1199/835/688 1197/836/688
f 1197/836/688 1200/837/688 1198/834/688
f 1202/134/689 1203/838/689 1201/839/689
f 1201/839/690 1204/378/690 1202/134/690
f 1206/378/691 1207/839/692 1205/840/693
f 1205/840/693 1208/376/694 1206/378/695
f 1208/376/694 1205/840/693 1209/841/696
f 1209/841/697 1210/189/697 1208/376/698
f 1210/189/696 1209/841/696 1211/842/699
f 1211/842/699 1212/190/700 1210/189/696
f 1212/190/700 1211/842/699 1213/843/701
f 1213/843/701 1214/198/702 1212/190/700
f 625/167/441 1216/844/703 1215/845/703
f 1215/845/703 634/166/442 625/167/441
f 1218/846/703 1219/847/703 1217/848/703
f 1217/848/703 1220/849/703 1218/846/703
f 179/166/81 1222/845/703 1221/844/703
f 1221/844/703 177/167/82 179/166/81
f 1224/93/704 1225/850/705 1223/851/706
f 1223/851/706 1226/94/707 1224/93/704
f 1226/94/707 1223/851/706 1227/852/708
f 1227/852/708 1228/394/708 1226/94/707
f 1228/394/708 1227/852/708 1229/853/709
f 1229/853/710 1230/79/711 1228/394/712
f 1230/79/711 1229/853/710 1231/854/713
f 1231/854/713 1232/80/714 1230/79/711
f 1234/80/715 1235/854/715 1233/855/715
f 1233/855/716 1236/119/716 1234/80/716
f 1238/856/717 1239/857/717 1237/858/717
f 1237/858/16 1240/859/16 1238/856/16
f 1242/860/718 1243/861/718 1241/862/719
f 1241/862/719 1244/863/720 1242/860/721
f 1244/863/722 1241/862/719 1245/864/723
f 1245/864/723 1246/865/724 1244/863/720
f 1246/865/725 1245/864/723 1247/866/36
f 1247/866/36 1248/867/36 1246/865/724
f 1248/867/36 1247/866/36 1249/868/36
f 1249/868/36 1250/869/36 1248/867/36
f 1252/870/726 1253/871/727 1251/872/726
f 1251/872/726 1254/873/728 1252/870/726
f 1256/874/729 1257/875/729 1255/876/729
f 1255/876/730 1258/877/730 1256/874/730
f 1255/876/729 1260/878/729 1259/879/729
f 1259/879/730 1258/877/730 1255/876/730
f 1262/880/729 1263/881/729 1261/882/729
f 1261/882/730 1264/883/730 1262/880/730
f 1266/884/731 1267/885/732 1265/886/731
f 1265/886/731 1268/887/733 1266/884/731
f 1270/888/36 1271/889/36 1269/890/36
f 1269/890/36 1272/891/36 1270/888/36
f 1272/891/36 1269/890/36 1273/892/734
f 1273/892/734 1274/893/735 1272/891/36
f 1274/893/735 1273/892/734 1275/894/736
f 1275/894/736 1276/895/737 1274/893/735
f 1276/895/737 1275/894/736 1238/856/738
f 1238/856/717 1240/859/717 1276/895/737
f 1278/896/739 1279/897/739 1277/898/739
f 1277/898/739 1280/899/739 1278/896/739
f 1282/900/740 1283/901/740 1281/902/741
f 1281/902/741 1284/903/742 1282/900/740
f 1284/903/742 1281/902/741 1285/904/743
f 1285/904/743 1286/905/744 1284/903/742
f 1286/905/745 1285/904/743 1287/906/746
f 1287/906/746 1288/907/746 1286/905/744
f 1288/907/746 1287/906/746 1289/908/747
f 1289/908/747 1290/909/748 1288/907/746
f 1290/909/749 1289/908/750 1291/910/457
f 1291/910/457 1292/911/751 1290/909/749
f 1294/912/752 1295/913/752 1293/914/752
f 1293/914/752 1296/915/752 1294/912/752
f 1293/914/752 1298/916/752 1297/917/752
f 1297/917/752 1296/915/752 1293/914/752
f 1300/918/752 1301/919/752 1299/920/752
f 1299/920/752 1302/921/752 1300/918/752
f 1304/922/753 1305/923/459 1303/924/754
f 1303/924/754 1306/925/755 1304/922/753
f 1306/925/755 1303/924/754 1307/926/756
f 1307/926/756 1308/927/756 1306/925/755
f 1308/927/756 1307/926/756 1309/928/757
f 1309/928/757 1310/929/758 1308/927/756
f 1310/929/758 1309/928/757 1311/930/759
f 1311/930/759 1312/931/760 1310/929/758
f 1312/931/761 1311/930/759 1313/932/762
f 1313/932/762 1314/933/762 1312/931/760
f 1316/934/763 1317/843/764 1315/842/763
f 1315/842/763 1318/935/763 1316/934/763
f 1320/936/765 1321/937/765 1319/844/765
f 1323/844/766 1324/938/766 1322/936/766
f 1325/939/767 1290/909/749 1292/911/768
f 1292/911/768 1326/940/769 1325/939/769
f 1328/941/770 1329/942/771 1327/943/770
f 1327/943/770 1330/944/772 1328/941/770
f 1332/945/773 1333/851/773 1331/850/773
f 1331/850/774 1334/946/775 1332/945/774
f 1336/947/776 1337/948/777 1335/949/776
f 1335/949/776 1338/950/778 1336/947/776
f 1339/951/779 1304/922/753 1306/925/755
f 1306/925/755 1340/952/780 1339/951/781
f 1342/953/782 1343/844/782 1341/937/782
f 1345/937/783 1346/936/783 1344/953/783
f 1348/954/2 1349/955/2 1347/956/2
f 1350/957/2 1348/954/2 1347/956/2
f 1350/957/2 1347/956/2 1351/958/2
f 1353/959/2 1354/960/2 1352/961/2
f 1352/961/2 1355/962/2 1353/959/2
f 1357/963/2 1358/964/2 1356/965/2
f 1357/963/2 1356/965/2 1359/966/2
f 1360/967/2 1357/963/2 1359/966/2
f 1360/967/2 1359/966/2 1361/968/2
f 1363/969/2 1364/970/2 1362/971/2
f 1362/971/2 1365/972/2 1363/969/2
f 1367/973/2 1368/974/2 1366/975/2
f 1366/975/2 1369/976/2 1367/973/2
f 114/110/2 1371/977/2 1370/978/2
f 1370/978/2 113/109/2 114/110/2
f 1373/979/2 1374/980/2 1372/981/2
f 1372/981/2 1375/982/2 1373/979/2
f 1377/983/2 1378/984/2 1376/985/2
f 1376/985/2 1379/986/2 1377/983/2
f 1381/987/784 1382/988/784 1380/989/784
f 1380/989/784 1383/990/784 1381/987/784
f 1385/991/785 1386/992/785 1384/993/785
f 1384/993/785 1387/994/785 1385/991/785
f 1389/995/786 1390/996/786 1388/997/786
f 1388/997/786 1391/998/786 1389/995/786
f 1393/999/787 1394/1000/787 1392/1001/787
f 1392/1001/787 1395/1002/787 1393/999/787
f 1397/1003/784 1398/1004/784 1396/1005/784
f 1396/1005/784 1399/1006/784 1397/1003/784
f 1401/991/785 1402/992/785 1400/993/785
f 1400/993/785 1403/994/785 1401/991/785
f 1405/1007/786 1406/1008/786 1404/1009/786
f 1404/1009/786 1407/1010/786 1405/1007/786
f 1409/999/787 1410/1000/787 1408/1001/787
f 1408/1001/787 1411/1002/787 1409/999/787
f 1413/1011/788 1414/1012/788 1412/1013/788
f 1412/1013/788 1415/1014/788 1413/1011/788
f 1417/1015/789 1418/1016/789 1416/1017/789
f 1416/1017/789 1419/1018/789 1417/1015/789
f 1421/1019/1 1422/1020/1 1420/1021/1
f 1420/1021/1 1423/1022/1 1421/1019/1
f 1425/1023/2 1426/1024/2 1424/1025/2
f 1424/1025/2 1427/1026/2 1425/1023/2
f 1429/1027/154 1430/1028/154 1428/1029/154
f 1428/1029/154 1431/1030/154 1429/1027/154
f 1433/1031/790 1434/1032/790 1432/1033/790
f 1432/1033/790 1435/1034/790 1433/1031/790
f 1437/1035/791 1438/1036/791 1436/1037/791
f 1436/1037/791 1439/1038/791 1437/1035/791
f 1441/1039/1 1442/1040/1 1440/1041/1
f 1440/1041/1 1443/1042/1 1441/1039/1
f 1445/1043/2 1446/1044/2 1444/1045/2
f 1444/1045/2 1447/1046/2 1445/1043/2
f 1449/1047/154 1450/1048/154 1448/1049/154
f 1448/1049/154 1451/1050/154 1449/1047/154
f 1453/1051/790 1454/1052/790 1452/1053/790
f 1452/1053/790 1455/1054/790 1453/1051/790
f 1457/1055/791 1458/1056/791 1456/1057/791
f 1456/1057/791 1459/1058/791 1457/1055/791
f 1461/1059/1 1462/1060/1 1460/1061/1
f 1460/1061/1 1463/1062/1 1461/1059/1
f 1465/1063/2 1466/1064/2 1464/1065/2
f 1464/1065/2 1467/1066/2 1465/1063/2
f 1469/1067/154 1470/1068/154 1468/1069/154
f 1468/1069/154 1471/1070/154 1469/1067/154
f 1473/1071/792 1474/1072/793 1472/1073/794
f 1476/1071/795 1477/1073/795 1475/1074/795
f 1479/1075/794 1480/1071/794 1478/1074/794
f 1481/1076/796 1482/1077/796 1474/1072/793
f 1474/1072/793 1473/1071/792 1481/1076/796
f 1484/1078/797 1485/1079/797 1483/1080/797
f 1483/1080/798 1486/1081/798 1484/1078/798
f 1488/1078/799 1489/1082/799 1487/1083/799
f 1487/1083/800 1490/1079/800 1488/1078/800
f 1492/1084/801 1493/1085/801 1491/1086/801
f 1491/1086/802 1494/1087/802 1492/1084/802
f 1496/1088/803 1497/1089/804 1495/1090/805
f 1495/1090/805 1498/1091/805 1496/1088/803
f 1500/1092/806 1501/1093/806 1499/1094/806
f 1502/1092/806 1503/1094/806 1497/1089/804
f 1496/1088/803 1502/1092/806 1497/1089/804
f 1505/1095/807 1506/1096/808 1504/1097/809
f 1507/1098/810 1505/1095/807 1504/1097/811
f 1508/1099/812 1507/1098/810 1504/1097/811
f 1510/1100/813 1511/1101/814 1509/1102/815
f 1505/1095/807 1510/1100/813 1509/1102/816
f 1505/1095/807 1509/1102/816 1506/1096/808
f 1513/1103/817 1514/1104/818 1512/1105/819
f 1512/1105/820 1515/1106/821 1513/1103/822
f 1516/1107/823 1517/1108/823 1512/1105/824
f 1512/1105/825 1514/1104/818 1516/1107/826
f 1519/1109/827 1520/1110/828 1518/1111/827
f 1518/1111/829 1521/1112/830 1519/1109/829
f 1523/1113/831 1524/1114/832 1522/1115/833
f 1525/1116/834 1523/1113/831 1522/1115/833
f 1526/1117/835 1525/1116/834 1522/1115/833
f 1528/1118/836 1529/1119/837 1527/1114/838
f 1523/1113/831 1531/1120/839 1530/1118/840
f 1533/1113/841 1534/1118/841 1532/1114/841
f 1536/1121/842 1537/1122/843 1535/1123/844
f 1535/1123/845 1538/1124/846 1536/1121/842
f 1540/1125/847 1541/1126/848 1539/1127/849
f 1540/1125/847 1539/1127/849 1542/1128/850
f 1540/1125/847 1542/1128/850 1543/1129/851
f 1545/1130/852 1546/1131/852 1544/1132/852
f 1544/1132/852 1547/1133/852 1545/1130/852
f 1549/1131/154 1550/1134/154 1548/1135/154
f 1548/1135/154 1551/1132/154 1549/1131/154
f 1553/1136/853 1554/1137/853 1552/1138/853
f 1552/1138/853 1555/1139/853 1553/1136/853
f 1557/1140/854 1558/1141/855 1556/1142/855
f 1560/1140/856 1561/1142/856 1559/1143/856
f 1557/1140/854 1563/1143/857 1562/1144/857
f 1565/1145/858 1566/1146/859 1564/1147/860
f 1564/1147/860 1567/1148/861 1565/1145/858
f 1569/1149/862 1570/1150/862 1568/1151/862
f 1568/1151/862 1571/1152/862 1569/1149/862
f 1573/1153/848 1574/1154/848 1572/1155/848
f 1572/1155/848 1575/1156/848 1573/1153/848
f 1577/1157/852 1578/1158/852 1576/1159/852
f 1576/1159/852 1579/1160/852 1577/1157/852
f 1581/1161/154 1582/1162/154 1580/1163/154
f 1580/1163/154 1583/1164/154 1581/1161/154
f 1585/1165/853 1586/1166/853 1584/1167/853
f 1584/1167/853 1587/1168/853 1585/1165/853
f 1589/1169/855 1590/1170/855 1588/1171/855
f 1588/1171/855 1591/1172/855 1589/1169/855
f 1593/1173/863 1594/1174/863 1592/1175/863
f 1592/1175/863 1595/1176/863 1593/1173/863
f 1597/1177/864 1598/1178/864 1596/1179/865
f 1596/1179/865 1599/1180/866 1597/1177/864
f 1599/1180/866 1596/1179/867 1600/1181/868
f 1600/1181/868 1601/1182/868 1599/1180/866
f 1603/1183/869 1604/1184/869 1602/1185/869
f 1602/1185/869 1605/1186/869 1603/1183/869
f 1607/1187/154 1608/1188/154 1606/1189/154
f 1606/1189/154 1609/1190/154 1607/1187/154
f 1611/1191/870 1612/1192/870 1610/1193/870
f 1610/1193/870 1613/1194/870 1611/1191/870
f 1615/1195/871 1616/1196/871 1614/1197/872
f 1614/1197/872 1617/1198/873 1615/1195/871
f 1617/1198/873 1614/1197/872 1618/1199/874
f 1618/1199/874 1619/1200/874 1617/1198/873
f 1621/1201/862 1622/1202/862 1620/1149/862
f 1620/1149/862 1623/1203/862 1621/1201/862
f 1625/1204/875 1626/1205/876 1624/1202/877
f 1624/1202/877 1627/1201/862 1625/1204/875
f 1628/1206/848 1629/1207/848 1626/1205/876
f 1626/1205/876 1625/1204/875 1628/1206/848
f 1631/1208/852 1632/1209/852 1630/1210/852
f 1630/1210/852 1633/1211/852 1631/1208/852
f 1635/1208/154 1636/1212/154 1634/1213/154
f 1634/1213/154 1637/1209/154 1635/1208/154
f 1639/1214/853 1640/1215/853 1638/1216/853
f 1638/1216/853 1641/1217/853 1639/1214/853
f 1643/1218/878 1644/1219/879 1642/1220/855
f 1642/1220/855 1645/1221/855 1643/1218/878
f 1646/1222/863 1647/1223/880 1644/1219/879
f 1644/1219/879 1643/1218/878 1646/1222/863
f 1649/1224/863 1650/1176/863 1648/1223/863
f 1648/1223/863 1651/1222/863 1649/1224/863
f 1652/1225/863 1593/1173/863 1595/1176/863
f 1595/1176/863 1653/1224/863 1652/1225/863
f 1654/1226/855 1589/1169/855 1591/1172/855
f 1591/1172/855 1655/1227/855 1654/1226/855
f 1656/1228/853 1585/1165/853 1587/1168/853
f 1587/1168/853 1657/1229/853 1656/1228/853
f 1658/1230/154 1659/1231/154 1581/1161/154
f 1581/1161/154 1583/1164/154 1658/1230/154
f 1660/1232/852 1577/1157/852 1579/1160/852
f 1579/1160/852 1661/1233/852 1660/1232/852
f 1662/1234/881 1573/1153/881 1575/1156/881
f 1575/1156/848 1663/1235/848 1662/1234/848
f 1664/1203/862 1569/1149/862 1571/1152/862
f 1571/1152/862 1665/1236/862 1664/1203/862
f 1667/1237/882 1668/1238/882 1666/1239/882
f 1666/1239/882 1669/1240/882 1667/1237/882
f 1671/1241/883 1672/1242/883 1670/1243/883
f 1670/1243/883 1673/1244/883 1671/1241/883
f 1674/1245/883 1675/1246/883 1672/1242/883
f 1672/1242/883 1671/1241/883 1674/1245/883
f 1676/1247/883 1677/1248/883 1675/1246/883
f 1675/1246/883 1674/1245/883 1676/1247/883
f 1676/1247/883 1679/1249/883 1678/1250/883
f 1678/1250/883 1677/1248/883 1676/1247/883
f 1681/1245/883 1682/1246/883 1680/1248/883
f 1680/1248/883 1683/1251/883 1681/1245/883
f 1684/1241/883 1685/1242/883 1682/1246/883
f 1682/1246/883 1681/1245/883 1684/1241/883
f 1686/1244/883 1687/1243/883 1685/1242/883
f 1685/1242/883 1684/1241/883 1686/1244/883
f 1689/1252/884 1690/1253/884 1688/1254/884
f 1688/1254/884 1691/1255/884 1689/1252/884
f 1693/1256/2 1694/1257/2 1692/1258/2
f 1692/1258/2 1695/1259/2 1693/1256/2
f 1696/1260/2 1697/1246/2 1694/1257/2
f 1694/1257/2 1693/1256/2 1696/1260/2
f 1698/1247/2 1699/1261/2 1697/1246/2
f 1697/1246/2 1696/1260/2 1698/1247/2
f 1698/1247/2 1701/1262/2 1700/1263/2
f 1700/1263/2 1699/1261/2 1698/1247/2
f 1703/1245/2 1704/1264/2 1702/1248/2
f 1702/1248/2 1705/1251/2 1703/1245/2
f 1706/1265/2 1707/1242/2 1704/1264/2
f 1704/1264/2 1703/1245/2 1706/1265/2
f 1708/1244/2 1709/1266/2 1707/1242/2
f 1707/1242/2 1706/1265/2 1708/1244/2
f 1711/1267/885 1712/1151/885 1710/1150/885
f 1710/1150/885 1713/1268/885 1711/1267/885
f 1715/1269/886 1716/1246/886 1714/1242/886
f 1714/1242/887 1717/1270/887 1715/1269/887
f 1719/1271/888 1720/1159/889 1718/1158/890
f 1718/1158/890 1721/1272/890 1719/1271/888
f 1719/1271/889 1723/1273/891 1722/1274/891
f 1722/1274/891 1720/1159/889 1719/1271/888
f 1725/1275/892 1726/1167/892 1724/1166/892
f 1724/1166/892 1727/1276/892 1725/1275/892
f 1729/1270/893 1730/1242/893 1728/1246/893
f 1728/1246/894 1731/1269/894 1729/1270/894
f 1733/1277/895 1734/1175/895 1732/1174/895
f 1732/1174/895 1735/1278/895 1733/1277/895
f 1737/1279/883 1738/1269/883 1736/1270/883
f 1739/1280/883 1740/1281/883 1737/1279/883
f 1739/1280/883 1737/1279/883 1736/1270/883
f 1739/1280/883 1736/1270/883 1741/1282/883
f 1743/1283/2 1744/1284/2 1742/1285/2
f 1745/1286/2 1746/1287/2 1743/1283/2
f 1745/1286/2 1743/1283/2 1742/1285/2
f 1745/1286/2 1742/1285/2 1747/1288/2
f 1749/1289/896 1750/1290/897 1748/1291/896
f 1748/1291/896 1751/1292/898 1749/1289/896
f 1753/1293/899 1754/1294/900 1752/1295/901
f 1752/1295/901 1755/1296/902 1753/1293/899
f 1757/1297/903 1758/1298/903 1756/1299/903
f 1756/1299/903 1759/1300/903 1757/1297/903
f 1761/1301/904 1762/1302/905 1760/1303/904
f 1760/1303/904 1763/1304/906 1761/1301/904
f 1765/1116/907 1766/1305/907 1764/1120/907
f 1531/1120/908 1523/1113/831 1525/1116/834
f 1510/1100/813 1505/1095/807 1507/1098/909
f 1768/1098/910 1769/1306/910 1767/1100/910
f 1771/1307/911 1772/1308/912 1770/1309/911
f 1770/1309/911 1773/1310/913 1771/1307/911
f 1775/1311/914 1776/1312/915 1774/1313/916
f 1774/1313/916 1777/1314/917 1775/1311/914
f 1778/1315/918 1779/1316/919 1776/1312/915
f 1776/1312/915 1775/1311/914 1778/1315/918
f 1780/1317/920 1781/1318/921 1779/1316/919
f 1779/1316/919 1778/1315/918 1780/1317/922
f 1783/1319/923 1784/1320/923 1782/1321/923
f 1782/1321/923 1785/1322/923 1783/1319/923
f 1787/1323/924 1788/1324/925 1786/1325/926
f 1786/1325/926 1789/1326/927 1787/1323/924
f 1790/1327/928 1791/1328/929 1788/1324/925
f 1788/1324/925 1787/1323/924 1790/1327/930
f 1792/1329/931 1793/1330/932 1791/1328/929
f 1791/1328/929 1790/1327/930 1792/1329/931
f 1528/1118/933 1795/1331/934 1794/1332/935
f 1794/1332/935 1529/1119/837 1528/1118/933
f 1797/1146/936 1798/1223/936 1796/1333/936
f 1799/1333/937 1564/1147/938 1566/1146/939
f 1565/1145/858 1644/1219/879 1647/1223/880
f 1647/1223/880 1566/1146/859 1565/1145/858
f 1801/1140/940 1802/1334/940 1800/1335/940
f 1800/1335/940 1803/1141/940 1801/1140/940
f 1805/1136/941 1806/1216/941 1804/1215/941
f 1804/1215/941 1807/1137/941 1805/1136/941
f 1809/1336/942 1810/1337/942 1808/1338/942
f 1808/1338/942 1811/1339/942 1809/1336/942
f 1813/1130/943 1814/1210/943 1812/1209/944
f 1812/1209/944 1815/1131/944 1813/1130/943
f 1817/1125/945 1818/1340/945 1816/1341/945
f 1816/1341/945 1819/1126/945 1817/1125/945
f 1536/1121/842 1624/1202/877 1626/1205/876
f 1626/1205/946 1537/1122/843 1536/1121/842
f 1538/1124/846 1820/1342/947 1624/1202/877
f 1624/1202/877 1536/1121/842 1538/1124/846
f 1504/1097/811 1822/1343/948 1821/1344/949
f 1821/1344/949 1508/1099/812 1504/1097/811
f 1824/1345/950 1825/1264/951 1823/1346/952
f 1823/1346/952 1826/1347/953 1824/1345/950
f 1827/1348/954 1828/1248/954 1825/1264/951
f 1825/1264/951 1824/1345/950 1827/1348/954
f 1830/1349/955 1831/1350/955 1829/1351/955
f 1829/1351/955 1832/1352/955 1830/1349/955
f 1834/1353/956 1835/1246/957 1833/1261/958
f 1833/1261/958 1836/1354/958 1834/1353/956
f 1837/1355/959 1838/1356/960 1835/1246/961
f 1835/1246/957 1834/1353/956 1837/1355/962
f 1840/1357/963 1841/1358/964 1839/1359/965
f 1839/1359/963 1842/1360/966 1840/1357/963
f 1844/1117/967 1845/1361/968 1843/1362/967
f 1843/1362/969 1846/1116/970 1844/1117/969
f 1848/1112/971 1849/1301/972 1847/1304/971
f 1847/1304/971 1850/1109/973 1848/1112/971
f 1852/1363/974 1853/1364/974 1851/1300/974
f 1851/1300/975 1854/1299/975 1852/1363/975
f 1856/1103/976 1857/1296/977 1855/1295/978
f 1855/1295/978 1858/1104/979 1856/1103/976
f 1860/1100/980 1861/1365/981 1859/1366/980
f 1859/1366/982 1862/1101/983 1860/1100/982
f 1864/1367/984 1865/1368/985 1863/1369/984
f 1863/1369/986 1866/1370/987 1864/1367/986
f 1868/1371/459 1869/1372/459 1867/1373/459
f 1867/1373/459 1870/1374/459 1868/1371/459
f 1872/1375/1 1873/1376/1 1871/1377/1
f 1871/1377/1 1874/1378/1 1872/1375/1
f 1876/1379/988 1877/1380/989 1875/1381/988
f 1875/1381/988 1878/1382/990 1876/1379/988
f 1880/1383/154 1881/1384/154 1879/1385/154
f 1879/1385/154 1882/1386/154 1880/1383/154
f 1884/1387/991 1885/1388/992 1883/1389/991
f 1883/1389/991 1886/1390/993 1884/1387/991
f 1888/1391/994 1889/1392/994 1887/1393/994
f 1887/1393/994 1890/1394/994 1888/1391/994
f 1892/1395/1 1893/1396/1 1891/1397/1
f 1891/1397/1 1894/1398/1 1892/1395/1
f 1896/1399/995 1897/1400/995 1895/1401/995
f 1895/1401/995 1898/1402/995 1896/1399/995
f 1900/1403/154 1901/1404/154 1899/1405/154
f 1899/1405/154 1902/1406/154 1900/1403/154
f 1904/1407/996 1905/1408/996 1903/1409/996
f 1903/1409/996 1906/1410/996 1904/1407/996
f 1908/1411/457 1909/1412/457 1907/1413/457
f 1907/1413/457 1910/1414/457 1908/1411/457
f 1912/1415/1 1913/1416/1 1911/1417/1
f 1911/1417/1 1914/1418/1 1912/1415/1
f 1916/1419/997 1917/1420/998 1915/1421/997
f 1915/1421/997 1918/1422/999 1916/1419/997
f 1920/1423/154 1921/1424/154 1919/1425/154
f 1919/1425/154 1922/1426/154 1920/1423/154
f 1924/1427/1000 1925/1428/1001 1923/1429/1000
f 1923/1429/1000 1926/1430/1002 1924/1427/1000
f 1928/1431/1003 1929/1432/1003 1927/1433/1003
f 1927/1433/1003 1930/1434/1003 1928/1431/1003
f 1932/1435/1 1933/1436/1 1931/1437/1
f 1931/1437/1 1934/1438/1 1932/1435/1
f 1936/1439/1004 1937/1440/1004 1935/1441/1004
f 1935/1441/1004 1938/1442/1004 1936/1439/1004
f 1940/1443/154 1941/1444/154 1939/1445/154
f 1939/1445/154 1942/1446/154 1940/1443/154
f 1944/1447/1005 1945/1448/1005 1943/1449/1005
f 1943/1449/1005 1946/1450/1005 1944/1447/1005
f 1947/1451/1006 1948/1452/1007 54/53/6
f 1947/1451/1006 54/53/3 56/56/5
f 1949/1453/1008 1947/1451/1006 56/56/1009
f 1950/1454/1010 742/583/513 744/582/512
f 744/582/512 1951/1455/1010 1950/1454/1010
f 1953/1456/1011 1954/1457/1011 1952/1458/1011
f 1952/1458/1011 1955/1459/1011 1953/1456/1011
f 1956/1460/1012 1957/1461/1012 1954/1457/1012
f 1954/1457/1012 1953/1456/1012 1956/1460/1012
f 1958/1462/1012 1959/1463/1012 1957/1461/1012
f 1957/1461/1012 1956/1460/1012 1958/1462/1012
f 1960/1464/1012 1961/1465/1012 1959/1463/1012
f 1959/1463/1012 1958/1462/1012 1960/1464/1012
f 1962/1466/1013 1963/1467/1013 1961/1465/1013
f 1961/1465/1014 1960/1464/1014 1962/1466/1014
f 1965/1468/1015 1966/1469/1016 1964/1470/1017
f 1967/1471/1018 1965/1468/1015 1964/1470/1017
f 1967/1471/1018 1964/1470/1017 1968/182/1019
f 1969/1472/1020 58/57/1021 61/61/1021
f 1970/1473/1022 1969/1472/1020 61/61/1023
f 1971/1474/1024 1970/1473/1022 61/61/1025
f 1972/1475/1026 59/58/1027 58/57/1028
f 58/57/1029 1969/1472/1020 1972/1475/1030
f 1974/1476/1031 1975/1477/1032 1973/1478/1033
f 1976/1479/1034 1974/1476/1035 1973/1478/1036
f 1977/1480/1037 1976/1479/1034 1973/1478/1038
f 1979/1481/1039 1980/1482/1040 1978/1483/1039
f 1978/1483/1041 1981/1484/1042 1979/1481/1041
f 1983/1485/1043 1984/1486/1043 1982/1487/1043
f 1982/1487/1044 1985/1488/1044 1983/1485/1044
f 1986/1489/1043 1987/1490/1043 1984/1486/1043
f 1984/1486/1043 1983/1485/1043 1986/1489/1043
f 1988/1491/1043 1989/1492/1043 1987/1490/1043
f 1987/1490/1043 1986/1489/1043 1988/1491/1043
f 1990/1493/1043 1991/1494/1043 1989/1492/1043
f 1989/1492/1043 1988/1491/1043 1990/1493/1043
f 1992/1495/1045 1993/1496/1045 1991/1494/1045
f 1991/1494/1045 1990/1493/1045 1992/1495/1045
f 1994/1455/1046 759/582/521 758/583/521
f 758/583/521 1995/1497/1046 1994/1455/1046
f 1996/1453/1047 649/56/450 648/53/449
f 1998/1453/1048 1999/53/1048 1997/1452/1048
f 2001/1451/1049 2002/1453/1049 2000/1452/1049
f 1977/1480/1037 1973/1478/1050 2003/1498/1051
f 2003/1498/1052 2004/1499/1053 1977/1480/1054
f 2006/1500/1012 2007/1501/1012 2005/1502/1012
f 2005/1502/1012 2008/1503/1012 2006/1500/1012
f 2009/1504/1012 2010/1505/1012 2007/1501/1012
f 2007/1501/1012 2006/1500/1012 2009/1504/1012
f 2012/1506/1012 2013/1507/1012 2011/1508/1012
f 2011/1508/1012 2014/1509/1012 2012/1506/1012
f 2015/1510/1012 2016/1511/1012 2013/1507/1012
f 2013/1507/1012 2012/1506/1012 2015/1510/1012
f 2018/1512/1055 2019/1513/1055 2017/1514/1055
f 2017/1514/1056 2020/1515/1056 2018/1512/1056
f 2022/1516/1014 2023/1517/1014 2021/1518/1014
f 2021/1518/1057 2024/1519/1057 2022/1516/1057
f 2025/1520/1012 2026/1521/1012 2023/1517/1012
f 2023/1517/1012 2022/1516/1012 2025/1520/1012
f 2028/1522/1012 2029/1523/1012 2027/1524/1012
f 2028/1522/1012 2027/1524/1012 2026/1521/1012
f 2025/1520/1012 2028/1522/1012 2026/1521/1012
f 2030/1525/1012 2031/1526/1012 2029/1523/1012
f 2029/1523/1012 2028/1522/1012 2030/1525/1012
f 2033/1527/1011 2034/1528/1011 2032/1529/1011
f 2032/1529/1011 2035/1530/1011 2033/1527/1011
f 2037/1531/1011 2038/1532/1011 2036/1533/1011
f 2036/1533/1011 2039/1534/1011 2037/1531/1011
f 2041/1535/1011 2042/1536/1011 2040/1537/1011
f 2040/1537/1011 2043/1538/1011 2041/1535/1011
f 2045/1539/1043 2046/1540/1043 2044/1541/1043
f 2044/1541/1043 2047/1542/1043 2045/1539/1043
f 2049/1543/1045 2050/1544/1045 2048/1545/1045
f 2048/1545/1045 2051/1546/1045 2049/1543/1045
f 2053/1547/1045 2054/1548/1045 2052/1549/1045
f 2052/1549/1045 2055/1550/1045 2053/1547/1045
f 2057/1551/1045 2058/1552/1045 2056/1553/1045
f 2056/1553/1045 2059/1554/1045 2057/1551/1045
f 2061/1555/1043 2062/1556/1043 2060/1557/1043
f 2060/1557/1043 2063/1558/1043 2061/1555/1043
f 2065/1559/1043 2066/1560/1043 2064/1561/1043
f 2065/1559/1043 2064/1561/1043 2062/1556/1043
f 2061/1555/1043 2065/1559/1043 2062/1556/1043
f 2067/1562/1043 2068/1563/1043 2066/1560/1043
f 2066/1560/1043 2065/1559/1043 2067/1562/1043
f 2069/1564/1058 2070/1565/1058 2068/1563/1058
f 2068/1563/1059 2067/1562/1059 2069/1564/1059
f 2072/1566/1060 2073/1567/1061 2071/1568/1060
f 2071/1568/1062 2074/1569/1062 2072/1566/1062
f 2076/1570/1043 2077/1571/1043 2075/1572/1043
f 2075/1572/1043 2078/1573/1043 2076/1570/1043
f 2079/1574/1043 2080/1575/1043 2077/1571/1043
f 2077/1571/1043 2076/1570/1043 2079/1574/1043
f 2047/1542/1043 2044/1541/1043 2081/1576/1043
f 2081/1576/1043 2082/1577/1043 2047/1542/1043
f 2084/1578/1063 2085/1579/1063 2083/1580/1064
f 2083/1580/1064 2086/1581/1065 2084/1578/1063
f 2087/1582/1063 2088/1583/1063 2085/1579/1063
f 2085/1579/1063 2084/1578/1063 2087/1582/1063
f 2089/1584/1063 2090/1585/1063 2088/1583/1063
f 2088/1583/1063 2087/1582/1063 2089/1584/1063
f 2091/1586/1063 2092/1587/1063 2090/1585/1063
f 2090/1585/1063 2089/1584/1063 2091/1586/1063
f 2094/1588/1066 2095/1589/1066 2093/1590/1066
f 2093/1590/1066 2096/1591/1066 2094/1588/1066
f 2098/1592/1067 2099/1593/1068 2097/1594/1069
f 2097/1594/1070 2100/1595/1070 2098/1592/1067
f 2101/1596/1071 2102/1597/1071 2099/1593/1068
f 2099/1593/1068 2098/1592/1072 2101/1596/1071
f 2103/1598/1071 2104/1599/1071 2102/1597/1071
f 2102/1597/1071 2101/1596/1071 2103/1598/1071
f 2105/1600/1073 2106/1601/1074 2104/1599/1071
f 2104/1599/1071 2103/1598/1071 2105/1600/1073
f 2107/1602/1075 2108/1603/1075 2106/1601/1076
f 2106/1601/1076 2105/1600/1073 2107/1602/1075
f 2110/1604/1077 2111/1605/1077 2109/1606/1077
f 2109/1606/1077 2112/1607/1077 2110/1604/1077
f 2086/1581/1065 2083/1580/1064 2113/1608/1078
f 2113/1608/1078 2114/1609/1078 2086/1581/1065
f 2116/1610/1079 2117/1611/1080 2115/1612/1081
f 2115/1612/1081 2118/1613/1081 2116/1610/1079
f 2119/1614/1082 2120/1615/1082 2117/1611/1080
f 2117/1611/1083 2116/1610/1079 2119/1614/1082
f 2122/1616/1084 2123/1617/1084 2121/1618/1084
f 2121/1618/1084 2124/1619/1084 2122/1616/1084
f 2126/1620/1085 2127/1621/1086 2125/1622/1087
f 2125/1622/1087 2128/1623/1087 2126/1620/1085
f 2129/1624/1088 2130/1625/1088 2127/1621/1086
f 2127/1621/1086 2126/1620/1085 2129/1624/1088
f 2131/1626/1088 2132/1627/1088 2130/1625/1088
f 2130/1625/1088 2129/1624/1088 2131/1626/1088
f 2133/1628/1089 2134/1629/1090 2132/1627/1088
f 2132/1627/1088 2131/1626/1088 2133/1628/1089
f 2135/1630/1091 2136/1631/1091 2134/1629/1092
f 2134/1629/1090 2133/1628/1089 2135/1630/1093
f 2138/1591/1094 2139/1590/1094 2137/1589/1094
f 2137/1589/1094 2140/1588/1094 2138/1591/1094
f 2142/1632/1081 2143/1633/1081 2141/1634/1081
f 2141/1634/1081 2144/1635/1081 2142/1632/1081
f 2145/1636/1081 2146/1637/1081 2143/1633/1081
f 2143/1633/1081 2142/1632/1081 2145/1636/1081
f 2118/1613/1081 2115/1612/1081 2146/1637/1081
f 2146/1637/1081 2145/1636/1081 2118/1613/1081
f 2147/1638/1095 748/585/515 747/584/514
f 2148/1639/1096 2149/1640/1097 2147/1638/1095
f 2148/1639/1096 2147/1638/1095 747/584/514
f 2151/1641/1098 2152/1642/1099 2150/1643/1100
f 2153/1644/1101 2151/1641/1102 2150/1643/1100
f 2154/1645/1103 2153/1644/1101 2150/1643/1100
f 2155/1646/1104 2154/1645/1105 2150/1643/1100
f 2157/1647/1106 2158/1648/1106 2156/1649/1107
f 2160/1650/1108 2161/1647/1108 2159/1649/1108
f 2162/1651/1109 2163/1650/1109 2156/1649/1107
f 2165/1652/1110 2166/1653/1111 2164/1654/1112
f 2167/1655/1113 2165/1652/1110 2164/1654/1112
f 2168/1656/1114 2167/1655/1113 2164/1654/1112
f 2170/1657/1115 2171/1658/1115 2169/1659/1115
f 2169/1659/1115 2172/1660/1115 2170/1657/1115
f 2174/1661/1116 2175/1662/1116 2173/1663/1116
f 2173/1663/1116 2176/1664/1116 2174/1661/1116
f 2178/1665/1117 2179/1666/1117 2177/1667/1117
f 2177/1667/1118 2180/1668/1118 2178/1665/1118
f 2182/1669/1119 2183/1670/1120 2181/1671/1119
f 2181/1671/1119 2184/1672/1121 2182/1669/1119
f 2185/1673/1122 1969/1472/1020 1970/1473/1022
f 1970/1473/1022 2186/1674/1122 2185/1673/1122
f 2188/1660/1123 2189/1659/1123 2187/1658/1123
f 2187/1658/1123 2190/1657/1123 2188/1660/1123
f 2191/1675/1124 1976/1479/1034 1977/1480/1054
f 1977/1480/1054 2192/1676/1124 2191/1675/1124
f 2194/1677/1125 2195/1671/1126 2193/1670/1127
f 2193/1670/1127 2196/1678/1128 2194/1677/1127
f 2198/1679/1129 2199/1680/1129 2197/1681/1129
f 2197/1681/1130 2200/1682/1130 2198/1679/1130
f 2202/1664/1131 2203/1663/1131 2201/1662/1131
f 2201/1662/1131 2204/1661/1131 2202/1664/1131
f 2206/1647/1132 2207/1683/1133 2205/1684/1132
f 2205/1684/1132 2208/1648/1134 2206/1647/1132
f 2210/1685/1135 2211/1686/1136 2209/1687/1135
f 2209/1687/1135 2212/1688/1137 2210/1685/1135
f 2214/1689/1138 2215/1665/1139 2213/1668/1138
f 2213/1668/1138 2216/1690/1140 2214/1689/1138
f 2218/1691/1141 2219/1669/1142 2217/1672/1141
f 2217/1672/1141 2220/1692/1143 2218/1691/1141
f 2222/1648/1144 2223/1684/1145 2221/1693/1144
f 2221/1693/1144 2224/1649/1146 2222/1648/1144
f 2226/1655/1147 2227/1694/1148 2225/1695/1147
f 2225/1695/1147 2228/1652/1149 2226/1655/1147
f 2230/1656/1150 2231/1696/1151 2229/1694/1150
f 2229/1694/1152 2232/1655/1153 2230/1656/1152
f 2234/1697/1154 2235/1677/1155 2233/1678/1154
f 2233/1678/1156 2236/1698/1157 2234/1697/1156
f 2238/1699/1158 2239/1679/1159 2237/1682/1158
f 2237/1682/1158 2240/1700/1160 2238/1699/1158
f 2242/1701/1161 2243/1702/1162 2241/1703/1161
f 2241/1703/1163 2244/1704/1164 2242/1701/1163
f 2246/1705/2 2247/1706/2 2245/1707/2
f 2245/1707/2 2248/1708/2 2246/1705/2
f 226/210/1165 222/208/118 2249/1709/1166
f 2249/1709/1166 2250/1710/1167 226/210/120
f 2251/1711/1168 197/183/93 199/182/89
f 199/182/89 2252/1470/1169 2251/1711/1168
f 2254/1712/1170 2255/1713/1171 2253/1477/1170
f 2253/1477/1172 2256/1714/1173 2254/1712/1172
f 2258/65/1174 2259/1715/1175 2257/1716/1174
f 2257/1716/1176 2260/66/1177 2258/65/1176
f 2262/1717/1178 2263/1718/1179 2261/1719/1178
f 2261/1719/1178 2264/1720/1180 2262/1717/1178
f 2266/1721/1181 2267/1722/1182 2265/1723/1181
f 2265/1723/1181 2268/1724/1183 2266/1721/1181
f 2270/219/1184 2271/1725/1185 2269/1726/1186
f 2269/1726/1187 2272/220/1188 2270/219/1189
f 2274/1727/1190 2275/61/1191 2273/60/1190
f 2273/60/1192 2276/1728/1193 2274/1727/1192
f 2278/1729/1194 2279/1730/1195 2277/1731/1194
f 2277/1731/1196 2280/1732/1197 2278/1729/1196
f 2282/1733/1198 2283/1734/1199 2281/1735/1198
f 2281/1735/1200 2284/1736/1201 2282/1733/1200
f 2286/1737/1202 2287/1738/1203 2285/1739/1202
f 2285/1739/1204 2288/1740/1205 2286/1737/1204
f 2290/1741/1206 2291/1742/1207 2289/210/1208
f 2292/1743/1209 2290/1741/1206 2289/210/1208
f 2292/1743/1209 2289/210/1208 2293/1710/1210
f 2295/1744/154 2296/1745/154 2294/1746/154
f 2297/1747/154 2298/1748/154 2295/1744/154
f 2297/1747/154 2295/1744/154 2294/1746/154
f 2297/1747/154 2294/1746/154 2299/1749/154
f 2301/1750/1211 2302/1751/1212 2300/1752/1213
f 2300/1752/1213 2303/1753/1211 2301/1750/1211
f 2305/1754/1214 2306/1755/1215 2304/1751/1216
f 2304/1751/1216 2307/1750/1214 2305/1754/1214
f 2309/1756/1217 2310/1757/1218 2308/1758/1219
f 2308/1758/1219 2311/1759/1217 2309/1756/1217
f 2313/1760/1220 2314/1761/1220 2312/1762/1221
f 2312/1762/1221 2315/1763/1222 2313/1760/1220
f 2317/1764/1223 2318/1765/1224 2316/1766/1225
f 2316/1766/1225 2319/1767/1226 2317/1764/1223
f 2321/1768/1227 2322/1769/1228 2320/1770/1229
f 2320/1770/1229 2323/1771/1227 2321/1768/1227
f 2325/1772/1230 2326/1773/1231 2324/1769/1232
f 2324/1769/1232 2327/1768/1230 2325/1772/1230
f 2329/1774/154 2330/1775/154 2328/1776/154
f 2328/1776/154 2331/1777/154 2329/1774/154
f 2332/1778/154 2333/1779/154 2330/1775/154
f 2330/1775/154 2329/1774/154 2332/1778/154
f 2334/1780/154 2335/1781/154 2333/1779/154
f 2333/1779/154 2332/1778/154 2334/1780/154
f 2334/1780/154 2337/1782/154 2336/1783/154
f 2336/1783/154 2335/1781/154 2334/1780/154
f 2339/1784/154 2340/1785/154 2338/1786/154
f 2338/1786/154 2341/1787/154 2339/1784/154
f 2342/1788/154 2343/1789/154 2340/1785/154
f 2340/1785/154 2339/1784/154 2342/1788/154
f 2344/1790/154 2345/1791/154 2343/1789/154
f 2343/1789/154 2342/1788/154 2344/1790/154
f 2347/1792/1233 2348/1793/1234 2346/1753/1234
f 2346/1753/1234 2349/1794/1235 2347/1792/1233
f 2351/1795/1236 2352/1796/1237 2350/1793/1237
f 2350/1793/1237 2353/1792/1238 2351/1795/1239
f 2355/1797/1240 2356/1798/1241 2354/1799/1241
f 2354/1799/1241 2357/1800/1242 2355/1797/1240
f 2359/1801/1243 2360/1802/1244 2358/1761/2
f 2358/1761/2 2361/1803/2 2359/1801/1243
f 2363/1804/1245 2364/1805/1246 2362/1806/1247
f 2362/1806/1247 2365/1807/1248 2363/1804/1245
f 2367/1808/1249 2368/1809/1250 2366/1810/1250
f 2366/1810/1250 2369/1811/1251 2367/1808/1249
f 2371/1812/1252 2372/1772/1253 2370/1809/1253
f 2370/1809/1253 2373/1808/1254 2371/1812/1252
f 2374/1813/1255 2347/1792/1233 2349/1794/1235
f 2349/1794/1235 2375/1814/1255 2374/1813/1255
f 2376/1815/1256 2351/1795/1236 2353/1792/1238
f 2353/1792/1238 2377/1813/1256 2376/1815/1256
f 2378/1816/1257 2355/1797/1240 2357/1800/1242
f 2357/1800/1242 2379/1817/1257 2378/1816/1257
f 2380/1818/1258 2381/1819/1258 2360/1802/1244
f 2360/1802/1244 2359/1801/1243 2380/1818/1258
f 2382/1820/1259 2363/1804/1245 2365/1807/1248
f 2365/1807/1248 2383/1821/1260 2382/1820/1259
f 2384/1822/1261 2367/1808/1249 2369/1811/1251
f 2369/1811/1251 2385/1823/1261 2384/1822/1261
f 2386/1824/1262 2371/1812/1252 2373/1808/1263
f 2373/1808/1263 2387/1822/1262 2386/1824/1262
f 2389/1825/1264 2390/1826/1265 2388/1827/1264
f 2388/1827/1264 2391/1828/1266 2389/1825/1264
f 2393/1826/1267 2394/1829/1268 2392/1830/1267
f 2392/1830/1269 2395/1827/1270 2393/1826/1269
f 2397/1831/1271 2398/1832/1272 2396/1833/1271
f 2396/1833/1271 2399/1834/1273 2397/1831/1271
f 2401/1835/2 2402/1836/2 2400/1837/1274
f 2400/1837/1274 2403/1838/1275 2401/1835/2
f 2403/1838/1275 2400/1837/1274 2404/1839/1276
f 2404/1839/1276 2405/1840/1277 2403/1838/1275
f 2407/1841/1278 2408/1842/1279 2406/1843/1278
f 2406/1843/1280 2409/1844/1281 2407/1841/1280
f 2411/1844/1282 2412/1843/1283 2410/1845/1282
f 2410/1845/1282 2413/1846/1284 2411/1844/1282
f 2300/1752/1285 2302/1751/1212 2414/1847/1286
f 2414/1847/1286 2415/1848/1287 2300/1752/1285
f 2304/1751/1216 2306/1755/1215 2416/1849/1288
f 2416/1849/1288 2417/1847/1289 2304/1751/1216
f 2308/1758/1219 2310/1757/1218 2418/1850/1290
f 2418/1850/1291 2419/1851/1292 2308/1758/1219
f 2420/1852/2 2312/1762/1221 2316/1766/1225
f 2316/1766/1225 2421/1853/1293 2420/1852/2
f 2421/1853/1293 2316/1766/1225 2318/1765/1294
f 2318/1765/1224 2422/1854/1295 2421/1853/1293
f 2423/1855/1296 2320/1770/1229 2322/1769/1297
f 2322/1769/1228 2424/1856/1298 2423/1855/1296
f 2425/1856/1299 2324/1769/1232 2326/1773/1300
f 2326/1773/1301 2426/1857/1302 2425/1856/1299
f 2428/1858/1303 2429/1859/1304 2427/1860/1303
f 2427/1860/1305 2430/1861/1306 2428/1858/1305
f 2432/1859/1307 2433/1862/1308 2431/1863/1307
f 2431/1863/1307 2434/1860/1309 2432/1859/1307
f 2436/1864/1310 2437/1865/1311 2435/1866/1310
f 2435/1866/1310 2438/1867/1312 2436/1864/1310
f 2440/1868/1313 2441/1869/1313 2439/1870/1314
f 2439/1870/1314 2442/1871/1315 2440/1868/1313
f 2442/1871/1315 2439/1870/1314 2443/1872/1316
f 2443/1872/1316 2444/1873/1317 2442/1871/1315
f 2446/1874/1318 2447/1875/1319 2445/1876/1318
f 2445/1876/1318 2448/1877/1320 2446/1874/1318
f 2450/1877/1321 2451/1876/1322 2449/1878/1321
f 2449/1878/1323 2452/1879/1324 2450/1877/1323
f 2454/1880/1325 2455/1881/1325 2453/1882/1325
f 2453/1882/1325 2456/1883/1325 2454/1880/1325
f 2458/1883/1326 2459/1882/1326 2457/1884/1326
f 2457/1884/1326 2460/1885/1326 2458/1883/1326
f 2462/1886/1327 2463/1887/1327 2461/1888/1327
f 2461/1888/1327 2464/1889/1327 2462/1886/1327
f 2466/1890/2 2467/1891/2 2465/1892/1328
f 2465/1892/1328 2468/1893/1329 2466/1890/2
f 2468/1893/1329 2465/1892/1328 2469/1894/1330
f 2469/1894/1330 2470/1895/1330 2468/1893/1329
f 2472/1896/1331 2473/1897/1331 2471/1898/1331
f 2471/1898/1331 2474/1899/1331 2472/1896/1331
f 2476/1899/1332 2477/1898/1332 2475/1900/1332
f 2475/1900/1332 2478/1901/1332 2476/1899/1332
f 2480/1861/1333 2481/1825/1334 2479/1848/1333
f 2479/1848/1333 2482/1858/1335 2480/1861/1333
f 2484/1860/1336 2485/1826/1337 2483/1825/1336
f 2483/1825/1338 2486/1861/1339 2484/1860/1338
f 2488/1863/1340 2489/1829/1341 2487/1826/1340
f 2487/1826/1342 2490/1860/1343 2488/1863/1342
f 2492/1866/1344 2493/1832/1345 2491/1831/1346
f 2491/1831/1344 2494/1867/1347 2492/1866/1344
f 2496/1868/1348 2497/1836/1348 2495/1902/1348
f 2495/1902/1348 2498/1903/1348 2496/1868/1348
f 2500/1873/1349 2501/1839/1350 2499/1837/1351
f 2499/1837/1351 2502/1871/1352 2500/1873/1349
f 2504/1877/1353 2505/1843/1354 2503/1842/1353
f 2503/1842/1353 2506/1874/1355 2504/1877/1353
f 2508/1879/1356 2509/1845/1357 2507/1843/1356
f 2507/1843/1358 2510/1877/1359 2508/1879/1358
f 2512/1878/1360 2513/1857/1361 2511/1845/1360
f 2511/1845/1360 2514/1879/1362 2512/1878/1360
f 2516/1876/1363 2517/1856/1364 2515/1857/1365
f 2515/1857/1363 2518/1878/1366 2516/1876/1365
f 2520/1875/1367 2521/1855/1368 2519/1856/1367
f 2519/1856/1367 2522/1876/1369 2520/1875/1367
f 2524/1870/1370 2525/1853/1371 2523/1854/1372
f 2523/1854/1372 2526/1872/1373 2524/1870/1370
f 2527/1869/1374 2528/1852/1374 2525/1853/1375
f 2525/1853/1375 2524/1870/1370 2527/1869/1374
f 2530/1864/1376 2531/1851/1377 2529/1850/1376
f 2529/1850/1376 2532/1865/1378 2530/1864/1376
f 2534/1859/1379 2535/1847/1380 2533/1849/1379
f 2533/1849/1379 2536/1862/1381 2534/1859/1379
f 2538/1858/1382 2539/1848/1383 2537/1847/1382
f 2537/1847/1382 2540/1859/1384 2538/1858/1382
f 2542/1880/1385 2543/1904/1385 2541/1828/1385
f 2541/1828/1385 2544/1881/1385 2542/1880/1385
f 2546/1900/1386 2547/1846/1386 2545/1905/1386
f 2545/1905/1386 2548/1901/1386 2546/1900/1386
f 2550/1898/1387 2551/1844/1388 2549/1846/1387
f 2549/1846/1387 2552/1900/1389 2550/1898/1387
f 2554/1897/1390 2555/1841/1391 2553/1844/1390
f 2553/1844/1390 2556/1898/1392 2554/1897/1390
f 2558/1892/1393 2559/1838/1394 2557/1840/1395
f 2557/1840/1395 2560/1894/1396 2558/1892/1393
f 2561/1891/1397 2562/1835/1397 2559/1838/1394
f 2559/1838/1394 2558/1892/1393 2561/1891/1397
f 2564/1887/1398 2565/1834/1399 2563/1833/1398
f 2563/1833/1398 2566/1888/1400 2564/1887/1398
f 2568/1882/1401 2569/1827/1402 2567/1830/1401
f 2567/1830/1403 2570/1884/1404 2568/1882/1403
f 2572/1881/1405 2573/1828/1406 2571/1827/1405
f 2571/1827/1405 2574/1882/1407 2572/1881/1405
f 2576/1906/457 2577/1907/457 2575/1908/457
f 2575/1908/457 2578/1909/457 2576/1906/457
f 2580/1910/1408 2581/1911/1408 2579/1912/1408
f 2579/1912/1408 2582/1913/1408 2580/1910/1408
f 2584/1914/1409 2585/1915/1409 2583/1916/1409
f 2583/1916/1409 2586/1917/1409 2584/1914/1409
f 2588/1918/1410 2589/1919/1410 2587/1920/1410
f 2587/1920/1410 2590/1921/1410 2588/1918/1410
f 2592/1922/457 2593/1923/457 2591/1924/457
f 2591/1924/457 2594/1925/457 2592/1922/457
f 2596/1926/1408 2597/1927/1408 2595/1928/1408
f 2595/1928/1408 2598/1929/1408 2596/1926/1408
f 2600/1930/1411 2601/1931/1411 2599/1932/1411
f 2599/1932/1411 2602/1933/1411 2600/1930/1411
f 2604/1934/1410 2605/1935/1410 2603/1936/1410
f 2603/1936/1410 2606/1937/1410 2604/1934/1410
f 2608/1938/457 2609/1939/457 2607/1940/457
f 2607/1940/457 2610/1941/457 2608/1938/457
f 2612/1942/1408 2613/1943/1408 2611/1944/1408
f 2611/1944/1408 2614/1945/1408 2612/1942/1408
f 2616/1946/1411 2617/1947/1411 2615/1948/1411
f 2615/1948/1411 2618/1949/1411 2616/1946/1411
f 2620/1950/1410 2621/1944/1410 2619/1943/1410
f 2619/1943/1410 2622/1951/1410 2620/1950/1410
f 2624/1952/457 2625/1953/457 2623/1954/457
f 2623/1954/457 2626/1955/457 2624/1952/457
f 2628/1956/1408 2629/1957/1408 2627/1958/1408
f 2627/1958/1408 2630/1959/1408 2628/1956/1408
f 2632/1960/1411 2633/1961/1411 2631/1962/1411
f 2631/1962/1411 2634/1963/1411 2632/1960/1411
f 2636/1959/1410 2637/1964/1410 2635/1965/1410
f 2635/1965/1410 2638/1966/1410 2636/1959/1410
f 2640/1967/459 2641/1968/459 2639/1969/459
f 2639/1969/459 2642/1970/459 2640/1967/459
f 2644/1971/1412 2645/1972/1412 2643/1973/1412
f 2643/1973/1412 2646/1974/1412 2644/1971/1412
f 2648/1975/1413 2649/1976/1413 2647/1977/1413
f 2647/1977/1413 2650/1978/1413 2648/1975/1413
f 2652/1979/1414 2653/1980/1414 2651/1981/1414
f 2651/1981/1414 2654/1982/1414 2652/1979/1414
f 2656/1983/459 2657/1984/459 2655/1985/459
f 2655/1985/459 2658/1986/459 2656/1983/459
f 2660/1987/1412 2661/1988/1412 2659/1989/1412
f 2659/1989/1412 2662/1990/1412 2660/1987/1412
f 2664/1991/1413 2665/1992/1413 2663/1993/1413
f 2663/1993/1413 2666/1994/1413 2664/1991/1413
f 2668/1995/1414 2669/1996/1414 2667/1997/1414
f 2667/1997/1414 2670/1998/1414 2668/1995/1414
f 2672/1999/459 2673/2000/459 2671/2001/459
f 2671/2001/459 2674/2002/459 2672/1999/459
f 2676/2003/1412 2677/2004/1412 2675/2005/1412
f 2675/2005/1412 2678/2006/1412 2676/2003/1412
f 2680/2007/1415 2681/2008/1415 2679/2009/1415
f 2679/2009/1415 2682/2010/1415 2680/2007/1415
f 2684/2011/1414 2685/2012/1414 2683/2013/1414
f 2683/2013/1414 2686/2014/1414 2684/2011/1414
f 2688/2015/459 2689/2016/459 2687/2017/459
f 2687/2017/459 2690/2018/459 2688/2015/459
f 2692/2019/1412 2693/2020/1412 2691/2021/1412
f 2691/2021/1412 2694/2022/1412 2692/2019/1412
f 2696/2023/1413 2697/2024/1413 2695/2025/1413
f 2695/2025/1413 2698/2026/1413 2696/2023/1413
f 2700/2027/1414 2701/2028/1414 2699/2029/1414
f 2699/2029/1414 2702/2021/1414 2700/2027/1414
f 2704/2030/1416 2705/2031/1416 2703/2032/1416
f 2703/2032/1416 2706/2033/1416 2704/2030/1416
f 2708/2034/1417 2709/2035/1418 2707/2036/1419
f 2707/2036/1419 2710/2037/1419 2708/2034/1417
f 2712/2038/2 2713/2039/1420 2711/2040/2
f 2711/2040/2 2714/2041/2 2712/2038/2
f 2716/2042/1421 2717/2043/1422 2715/2044/1423
f 2715/2044/1423 2718/2045/1421 2716/2042/1421
f 2720/2046/1424 2721/2047/883 2719/2048/883
f 2719/2048/883 2722/2049/883 2720/2046/1424
f 2724/2050/1425 2725/2051/1426 2723/2052/1427
f 2723/2052/1427 2726/2053/1425 2724/2050/1425
f 2712/2038/2 2728/2054/2 2727/2055/1428
f 2727/2055/1428 2713/2039/1420 2712/2038/2
f 2730/2056/1429 2731/2057/1429 2729/2058/1429
f 2729/2058/1429 2732/2059/1429 2730/2056/1429
f 2720/2046/1424 2734/2060/1430 2733/2061/883
f 2733/2061/883 2721/2047/883 2720/2046/1424
f 2736/2062/1431 2737/2063/1432 2735/2064/1433
f 2735/2064/1433 2738/2065/1433 2736/2062/1431
f 2740/2066/2 2741/2067/2 2739/2068/2
f 2739/2068/2 2742/2069/1434 2740/2066/2
f 2744/2070/1435 2745/2071/1435 2743/2072/1436
f 2743/2072/1436 2746/2073/1436 2744/2070/1435
f 2748/2074/1437 2749/2075/883 2747/2076/883
f 2747/2076/883 2750/2077/883 2748/2074/1437
f 2752/2078/1438 2753/2079/1439 2751/2080/1433
f 2751/2080/1433 2754/2081/1433 2752/2078/1438
f 2756/2031/1 2757/2082/1 2755/2083/1
f 2755/2083/1 2758/2032/1 2756/2031/1
f 2759/2084/1440 2760/2085/1440 2709/2035/1418
f 2709/2035/1418 2708/2034/1417 2759/2084/1440
f 2717/2043/1422 2762/2086/1441 2761/2087/1441
f 2761/2087/1442 2715/2044/1423 2717/2043/1422
f 2736/2062/1431 2738/2065/1433 2763/2088/1433
f 2763/2088/1433 2764/2089/1432 2736/2062/1431
f 2766/2090/1443 2767/2091/1443 2765/2092/1443
f 2765/2092/1443 2768/2093/1443 2766/2090/1443
f 2737/2063/1444 2770/2094/1445 2769/2095/1445
f 2769/2095/1445 2752/2078/1438 2737/2063/1444
f 2772/2096/1446 2773/2097/1446 2771/2098/1446
f 2771/2098/1446 2774/2099/1446 2772/2096/1446
f 2752/2078/1438 2769/2095/1445 2775/2100/1445
f 2775/2100/1445 2753/2079/1439 2752/2078/1438
f 2777/2101/1447 2778/2102/1448 2776/2103/1448
f 2776/2103/1448 2779/2104/1449 2777/2101/1447
f 2781/2105/1450 2782/2106/1450 2780/2107/1451
f 2780/2107/1452 2783/2108/1453 2781/2105/1454
f 2785/2109/1455 2786/2110/1456 2784/2111/1457
f 2784/2111/1458 2787/2112/1459 2785/2109/1455
f 2789/2113/1 2790/2114/1 2788/2115/1
f 2788/2115/1 2791/2116/1 2789/2113/1
f 2793/2117/1460 2794/2118/1461 2792/2119/1462
f 2792/2119/1462 2795/2120/1463 2793/2117/1460
f 2797/2121/1464 2798/2122/1465 2796/2123/1466
f 2796/2123/1466 2799/2124/1467 2797/2121/1464
f 2801/2125/1468 2802/2126/1469 2800/2127/1470
f 2800/2127/1470 2803/2128/1471 2801/2125/1468
f 2803/2128/1471 2800/2127/1470 2804/2129/1472
f 2804/2129/1472 2805/2130/1447 2803/2128/1471
f 2725/2051/1426 2807/2131/1473 2806/2132/1474
f 2806/2132/1474 2723/2052/1427 2725/2051/1426
f 2809/2133/1475 2810/2134/1476 2808/2135/1477
f 2808/2135/1478 2811/2136/1479 2809/2133/1479
f 2744/2070/1435 2813/2137/1480 2812/2138/1481
f 2812/2138/1481 2745/2071/1435 2744/2070/1435
f 2815/2139/1482 2816/2140/1482 2814/2141/1482
f 2814/2141/1482 2817/2142/1482 2815/2139/1482
f 2819/2143/1483 2820/2144/1483 2818/2145/1483
f 2818/2145/1483 2821/2146/1483 2819/2143/1483
f 2823/2147/1484 2824/2148/1485 2822/2149/1485
f 2822/2149/1485 2825/2150/1486 2823/2147/1484
f 2827/2151/1425 2828/2152/1425 2826/2153/1427
f 2826/2153/1427 2829/2154/1487 2827/2151/1425
f 2826/2153/1427 2828/2152/1425 2830/2155/1425
f 2830/2155/1425 2831/2156/1426 2826/2153/1427
f 2833/2157/1 2834/2139/1 2832/2142/1
f 2832/2142/1 2835/2158/1 2833/2157/1
f 2837/2159/1488 2838/2143/1488 2836/2146/1488
f 2836/2146/1488 2839/2160/1488 2837/2159/1488
f 2840/2161/1489 2823/2147/1484 2825/2150/1486
f 2825/2150/1486 2841/2162/1490 2840/2161/1489
f 2829/2154/1491 2826/2153/1427 2842/2163/1474
f 2842/2163/1474 2843/2164/1492 2829/2154/1491
f 2842/2163/1474 2826/2153/1427 2831/2156/1426
f 2831/2156/1426 2844/2165/1473 2842/2163/1474
f 2807/2131/1473 2846/2166/1472 2845/2167/1493
f 2845/2167/1493 2806/2132/1474 2807/2131/1473
f 2810/2134/1476 2848/2168/1494 2847/2169/1495
f 2847/2169/1496 2808/2135/1477 2810/2134/1476
f 2849/2170/1497 2850/2171/1498 2812/2138/1480
f 2812/2138/1481 2813/2137/1480 2849/2170/1497
f 2790/2114/1 2852/2172/1 2851/2173/1
f 2851/2173/1 2788/2115/1 2790/2114/1
f 2853/2174/1499 2854/2175/1499 2794/2118/1461
f 2794/2118/1461 2793/2117/1460 2853/2174/1499
f 2798/2122/1465 2840/2161/1489 2841/2162/1490
f 2841/2162/1490 2796/2123/1466 2798/2122/1465
f 2843/2164/1492 2842/2163/1474 2800/2127/1500
f 2800/2127/1500 2802/2126/1469 2843/2164/1492
f 2800/2127/1500 2842/2163/1474 2844/2165/1473
f 2844/2165/1473 2804/2129/1472 2800/2127/1500
f 2846/2166/1472 2777/2101/1447 2779/2104/1468
f 2779/2104/1468 2845/2167/1493 2846/2166/1472
f 2783/2108/1453 2780/2107/1452 2847/2169/1501
f 2847/2169/1496 2848/2168/1494 2783/2108/1453
f 2787/2112/1502 2784/2111/1503 2850/2171/1504
f 2850/2171/1504 2849/2170/1497 2787/2112/1502
f 2757/2082/1 2789/2113/1 2791/2116/1
f 2791/2116/1 2755/2083/1 2757/2082/1
f 2795/2120/1463 2792/2119/1462 2855/2085/1505
f 2855/2085/1505 2856/2084/1505 2795/2120/1463
f 2857/2086/1506 2797/2121/1464 2799/2124/1467
f 2799/2124/1467 2858/2087/1506 2857/2086/1506
f 2859/2094/1448 2801/2125/1449 2803/2128/1471
f 2803/2128/1507 2860/2095/1448 2859/2094/1448
f 2860/2095/1448 2803/2128/1507 2805/2130/1447
f 2805/2130/1447 2861/2100/1448 2860/2095/1448
f 2862/2102/1445 2736/2062/1508 2764/2089/1444
f 2764/2089/1444 2863/2103/1445 2862/2102/1445
f 2865/2176/1509 2866/2177/1509 2864/2178/1509
f 2864/2178/1509 2867/2179/1509 2865/2176/1509
f 2868/2096/1510 2869/2099/1510 2786/2110/1456
f 2786/2110/1456 2785/2109/1455 2868/2096/1510
f 2728/2054/2 2740/2066/2 2742/2069/1434
f 2742/2069/1434 2727/2055/1428 2728/2054/2
f 2871/2180/1429 2872/2181/1429 2870/2182/1429
f 2870/2182/1429 2873/2183/1429 2871/2180/1429
f 2734/2060/1430 2748/2074/1437 2750/2077/883
f 2750/2077/883 2733/2061/883 2734/2060/1430
f 2752/2078/1438 2754/2081/1433 2735/2064/1433
f 2735/2064/1433 2737/2063/1444 2752/2078/1438
f 2875/2184/1443 2876/2185/1443 2874/2186/1443
f 2874/2186/1443 2877/2187/1443 2875/2184/1443
f 2737/2063/1444 2736/2062/1508 2862/2102/1445
f 2862/2102/1445 2770/2094/1445 2737/2063/1444
f 2879/2188/1511 2880/2189/1512 2878/2190/1454
f 2878/2190/1454 2881/2191/1454 2879/2188/1511
f 2801/2125/1468 2777/2101/1447 2846/2166/1472
f 2846/2166/1472 2802/2126/1469 2801/2125/1468
f 2883/2192/1513 2884/2193/1513 2882/2194/1514
f 2882/2194/1514 2885/2195/1515 2883/2192/1513
f 2829/2154/1487 2725/2051/1426 2724/2050/1425
f 2724/2050/1425 2827/2151/1425 2829/2154/1487
f 2843/2164/1492 2807/2131/1473 2725/2051/1426
f 2725/2051/1426 2829/2154/1491 2843/2164/1492
f 2885/2195/1515 2882/2194/1514 2886/2196/1516
f 2886/2196/1516 2887/2197/1517 2885/2195/1515
f 2802/2126/1469 2846/2166/1472 2807/2131/1473
f 2807/2131/1473 2843/2164/1492 2802/2126/1469
f 2887/2197/1517 2886/2196/1516 2880/2189/1518
f 2880/2189/1518 2879/2188/1511 2887/2197/1517
f 2859/2094/1448 2778/2102/1448 2777/2101/1447
f 2777/2101/1447 2801/2125/1449 2859/2094/1448
f 2889/2191/1509 2890/2190/1509 2888/2198/1509
f 2888/2198/1509 2891/2199/1509 2889/2191/1509
f 2893/2200/1519 2894/2201/1519 2892/2202/1519
f 2892/2202/1519 2895/2203/1519 2893/2200/1519
f 2897/2204/1520 2898/2205/1520 2896/2206/1520
f 2896/2206/1520 2899/2207/1520 2897/2204/1520
f 2901/2178/1521 2902/2109/1521 2900/2208/1521
f 2900/2208/1521 2903/2179/1521 2901/2178/1521
f 2905/2209/1522 2906/2210/1522 2904/2211/1522
f 2904/2211/1522 2907/2212/1522 2905/2209/1522
f 2909/2180/1523 2910/2070/1523 2908/2073/1523
f 2908/2073/1523 2911/2181/1523 2909/2180/1523
f 2913/2183/1524 2914/2213/1524 2912/2070/1524
f 2912/2070/1524 2915/2180/1524 2913/2183/1524
f 2917/2214/1525 2918/2215/1525 2916/2216/1525
f 2916/2216/1525 2919/2217/1525 2917/2214/1525
f 2920/2218/1526 2748/2074/1437 2734/2060/1430
f 2734/2060/1430 2921/2219/1526 2920/2218/1526
f 2923/2091/1527 2924/2097/1527 2922/2096/1527
f 2922/2096/1527 2925/2092/1527 2923/2091/1527
f 2926/2220/1528 2727/2055/1529 2742/2069/1530
f 2742/2069/1434 2927/2221/1528 2926/2220/1528
f 2929/2222/1531 2930/2206/1531 2928/2223/1531
f 2928/2223/1531 2931/2224/1531 2929/2222/1531
f 2933/2092/1532 2934/2096/1532 2932/2225/1532
f 2932/2225/1532 2935/2093/1532 2933/2092/1532
f 2937/2226/1533 2938/2211/1534 2936/2227/1535
f 2936/2227/1535 2939/2228/1536 2937/2226/1537
f 2941/2229/1538 2942/2230/1538 2940/2231/1538
f 2940/2231/1538 2943/2232/1538 2941/2229/1538
f 2945/2233/1539 2946/2234/1540 2944/2205/1541
f 2944/2205/1541 2947/2235/1541 2945/2233/1539
f 2948/2236/1542 2949/2237/1543 2946/2234/1544
f 2946/2234/1540 2945/2233/1539 2948/2236/1542
f 2950/2238/1545 2951/2239/1545 2949/2237/1543
f 2949/2237/1543 2948/2236/1542 2950/2238/1545
f 2953/2133/1546 2954/2213/1546 2952/2240/1546
f 2952/2240/1546 2955/2134/1546 2953/2133/1546
f 2957/2241/1547 2958/2242/1547 2956/2243/1547
f 2956/2243/1547 2959/2244/1547 2957/2241/1547
f 2961/2135/1548 2962/2137/1549 2960/2070/1550
f 2960/2070/1551 2963/2136/1552 2961/2135/1548
f 2965/2169/1553 2966/2170/1553 2964/2137/1553
f 2962/2137/1549 2961/2135/1548 2967/2169/1554
f 2939/2228/1555 2936/2227/1535 2968/2245/1556
f 2968/2245/1556 2969/2246/1557 2939/2228/1558
f 2970/2247/1526 2734/2060/1430 2720/2046/1424
f 2720/2046/1424 2971/2248/1526 2970/2247/1526
f 2973/2249/1559 2974/2250/1559 2972/2251/1559
f 2972/2251/1559 2975/2252/1559 2973/2249/1559
f 2976/2056/1524 2977/2147/1524 2914/2213/1524
f 2914/2213/1524 2978/2057/1524 2976/2056/1524
f 2980/2214/1560 2981/2215/1560 2979/2216/1560
f 2983/2216/1561 2984/2217/1561 2982/2214/1561
f 2985/2253/1528 2713/2039/1562 2727/2055/1529
f 2727/2055/1529 2986/2254/1528 2985/2253/1528
f 2988/2222/1563 2989/2206/1563 2987/2223/1563
f 2991/2223/1564 2992/2224/1564 2990/2222/1564
f 2994/2184/1532 2995/2225/1532 2993/2043/1532
f 2993/2043/1532 2996/2185/1532 2994/2184/1532
f 2998/2255/1565 2999/2256/1565 2997/2257/1565
f 2997/2257/1565 3000/2258/1565 2998/2255/1565
f 3002/2259/1566 3003/2234/1567 3001/2205/1568
f 3001/2205/1568 3004/2260/1568 3002/2259/1566
f 3005/2261/1569 3006/2237/1570 3003/2234/1567
f 3003/2234/1567 3002/2259/1566 3005/2261/1569
f 3007/2262/1571 3008/2239/1571 3006/2237/1570
f 3006/2237/1570 3005/2261/1569 3007/2262/1571
f 3010/2193/1572 3011/2147/1572 3009/2161/1572
f 3009/2161/1572 3012/2194/1572 3010/2193/1572
f 3014/2192/1573 3015/2213/1573 3013/2147/1573
f 3013/2147/1574 3016/2193/1574 3014/2192/1574
f 3018/2195/1575 3019/2240/1575 3017/2213/1575
f 3017/2213/1575 3020/2192/1575 3018/2195/1575
f 3022/2263/1576 3023/2264/1577 3021/2265/1578
f 3021/2265/1579 3024/2266/1579 3022/2263/1580
f 3025/2267/1581 3026/2268/1582 3023/2264/1577
f 3023/2264/1577 3022/2263/1580 3025/2267/1581
f 3027/2269/1583 3028/2270/1583 3026/2268/1582
f 3026/2268/1582 3025/2267/1581 3027/2269/1583
f 3030/2271/1584 3031/2257/1584 3029/2270/1584
f 3029/2270/1584 3032/2269/1584 3030/2271/1584
f 3034/2272/1585 3035/2273/1585 3033/2274/1585
f 3033/2274/1585 3036/2275/1585 3034/2272/1585
f 3038/2260/1586 3039/2205/1586 3037/2206/1586
f 3037/2206/1586 3040/2276/1586 3038/2260/1586
f 3042/2277/1416 3043/2278/1416 3041/2279/1416
f 3041/2279/1416 3044/2280/1416 3042/2277/1416
f 3046/2281/1417 3047/2282/1419 3045/2283/1419
f 3045/2283/1419 3048/2284/1418 3046/2281/1417
f 3050/2285/2 3051/2286/2 3049/2287/2
f 3049/2287/2 3052/2288/1587 3050/2285/2
f 3054/2065/1588 3055/2088/1588 3053/2089/1589
f 3053/2089/1589 3056/2062/1590 3054/2065/1588
f 3058/2046/1591 3059/2049/883 3057/2048/883
f 3057/2048/883 3060/2047/883 3058/2046/1591
f 3062/2148/1592 3063/2149/1592 3061/2150/1593
f 3061/2150/1593 3064/2147/1594 3062/2148/1592
f 3050/2285/2 3052/2288/1587 3065/2289/1595
f 3065/2289/1595 3066/2290/2 3050/2285/2
f 3068/2291/1596 3069/2292/1596 3067/2293/1596
f 3067/2293/1596 3070/2294/1596 3068/2291/1596
f 3058/2046/1591 3060/2047/883 3071/2061/883
f 3071/2061/883 3072/2060/1597 3058/2046/1591
f 3074/2043/1598 3075/2042/1599 3073/2295/1599
f 3073/2295/1599 3076/2225/1600 3074/2043/1598
f 3078/2296/2 3079/2297/1601 3077/2298/2
f 3077/2298/2 3080/2299/2 3078/2296/2
f 3082/2153/1602 3083/2152/1603 3081/2155/1603
f 3081/2155/1603 3084/2156/1602 3082/2153/1602
f 3086/2074/1604 3087/2077/883 3085/2076/883
f 3085/2076/883 3088/2075/883 3086/2074/1604
f 3090/2096/1605 3091/2097/1599 3089/2098/1599
f 3089/2098/1599 3092/2099/1606 3090/2096/1605
f 3094/2280/1 3095/2279/1 3093/2300/1
f 3093/2300/1 3096/2301/1 3094/2280/1
f 3097/2302/1440 3046/2281/1417 3048/2284/1418
f 3048/2284/1418 3098/2303/1440 3097/2302/1440
f 3056/2062/1590 3053/2089/1589 3099/2103/1607
f 3099/2103/1607 3100/2102/1607 3056/2062/1590
f 3074/2043/1598 3102/2044/1608 3101/2045/1599
f 3101/2045/1599 3075/2042/1599 3074/2043/1598
f 3104/2304/1609 3105/2305/1609 3103/2306/1609
f 3103/2306/1609 3106/2307/1609 3104/2304/1609
f 3076/2225/1608 3090/2096/1605 3107/2109/1610
f 3107/2109/1610 3108/2208/1610 3076/2225/1608
f 3110/2078/1611 3111/2079/1611 3109/2080/1611
f 3109/2080/1611 3112/2081/1611 3110/2078/1611
f 3090/2096/1605 3092/2099/1606 3113/2110/1610
f 3113/2110/1610 3107/2109/1610 3090/2096/1605
f 3115/2121/1612 3116/2124/1613 3114/2087/1614
f 3114/2087/1614 3117/2086/1614 3115/2121/1612
f 3119/2308/1615 3120/2309/1616 3118/2310/1617
f 3118/2310/1617 3121/2311/1618 3119/2308/1618
f 3123/2312/1619 3124/2128/1620 3122/2130/1621
f 3122/2130/1622 3125/2313/1623 3123/2312/1619
f 3127/2314/1 3128/2315/1 3126/2316/1
f 3126/2316/1 3129/2317/1 3127/2314/1
f 3131/2318/1460 3132/2319/1463 3130/2320/1462
f 3130/2320/1462 3133/2321/1461 3131/2318/1460
f 3135/2101/1624 3136/2104/1625 3134/2167/1626
f 3134/2167/1626 3137/2166/1627 3135/2101/1628
f 3139/2322/1629 3140/2112/1630 3138/2170/1631
f 3138/2170/1631 3141/2323/1632 3139/2322/1629
f 3140/2112/1630 3143/2111/1612 3142/2171/1633
f 3142/2171/1633 3138/2170/1631 3140/2112/1630
f 3064/2147/1594 3061/2150/1593 3144/2162/1634
f 3144/2162/1634 3145/2161/1635 3064/2147/1594
f 3147/2324/1636 3148/2325/1636 3146/2326/1637
f 3146/2326/1638 3149/2327/1639 3147/2324/1640
f 3082/2153/1602 3084/2156/1602 3150/2165/1641
f 3150/2165/1642 3151/2163/1642 3082/2153/1602
f 3153/2328/1482 3154/2329/1482 3152/2330/1482
f 3152/2330/1482 3155/2331/1482 3153/2328/1482
f 3157/2332/1483 3158/2333/1483 3156/2334/1483
f 3156/2334/1483 3159/2335/1483 3157/2332/1483
f 3161/2051/1643 3162/2052/1644 3160/2053/1645
f 3160/2053/1645 3163/2050/1645 3161/2051/1643
f 3165/2336/1592 3166/2213/1646 3164/2070/1593
f 3164/2070/1593 3167/2073/1592 3165/2336/1592
f 3164/2070/1593 3169/2071/1594 3168/2072/1592
f 3168/2072/1592 3167/2073/1592 3164/2070/1593
f 3171/2337/1 3172/2338/1 3170/2329/1
f 3170/2329/1 3173/2328/1 3171/2337/1
f 3175/2339/1488 3176/2340/1488 3174/2333/1488
f 3174/2333/1488 3177/2332/1488 3175/2339/1488
f 3178/2131/1647 3179/2132/1648 3162/2052/1644
f 3162/2052/1644 3161/2051/1643 3178/2131/1647
f 3166/2213/1649 3181/2240/1650 3180/2137/1634
f 3180/2137/1634 3164/2070/1593 3166/2213/1649
f 3180/2137/1634 3182/2138/1635 3169/2071/1594
f 3169/2071/1594 3164/2070/1593 3180/2137/1634
f 3145/2161/1635 3144/2162/1634 3183/2341/1651
f 3183/2341/1651 3184/2342/1633 3145/2161/1635
f 3149/2327/1639 3146/2326/1638 3185/2343/1652
f 3185/2343/1652 3186/2344/1653 3149/2327/1639
f 3187/2127/1654 3151/2163/1642 3150/2165/1641
f 3150/2165/1642 3188/2129/1655 3187/2127/1654
f 3129/2317/1 3126/2316/1 3189/2345/1
f 3189/2345/1 3190/2346/1 3129/2317/1
f 3191/2347/1499 3131/2318/1460 3133/2321/1461
f 3133/2321/1461 3192/2348/1499 3191/2347/1499
f 3137/2166/1627 3134/2167/1626 3179/2132/1648
f 3179/2132/1648 3178/2131/1647 3137/2166/1627
f 3181/2240/1650 3141/2323/1632 3138/2170/1656
f 3138/2170/1656 3180/2137/1634 3181/2240/1650
f 3138/2170/1656 3142/2171/1633 3182/2138/1635
f 3182/2138/1635 3180/2137/1634 3138/2170/1656
f 3184/2342/1633 3183/2341/1651 3116/2124/1629
f 3116/2124/1629 3115/2121/1612 3184/2342/1633
f 3120/2309/1616 3186/2344/1657 3185/2343/1652
f 3185/2343/1658 3118/2310/1659 3120/2309/1660
f 3124/2128/1661 3187/2127/1654 3188/2129/1662
f 3188/2129/1662 3122/2130/1663 3124/2128/1661
f 3096/2301/1 3093/2300/1 3128/2315/1
f 3128/2315/1 3127/2314/1 3096/2301/1
f 3132/2319/1463 3194/2302/1505 3193/2303/1505
f 3193/2303/1505 3130/2320/1462 3132/2319/1463
f 3195/2102/1664 3196/2103/1664 3136/2104/1625
f 3136/2104/1625 3135/2101/1624 3195/2102/1664
f 3197/2208/1614 3198/2109/1614 3140/2112/1665
f 3140/2112/1665 3139/2322/1613 3197/2208/1614
f 3198/2109/1614 3199/2110/1614 3143/2111/1612
f 3143/2111/1612 3140/2112/1665 3198/2109/1614
f 3200/2086/1610 3201/2087/1610 3102/2044/1608
f 3102/2044/1608 3074/2043/1666 3200/2086/1610
f 3203/2349/1667 3204/2350/1667 3202/2351/1667
f 3202/2351/1667 3205/2352/1667 3203/2349/1667
f 3206/2078/1668 3123/2312/1619 3125/2313/1623
f 3125/2313/1623 3207/2079/1668 3206/2078/1668
f 3066/2290/2 3065/2289/1595 3079/2297/1601
f 3079/2297/1601 3078/2296/2 3066/2290/2
f 3209/2353/1596 3210/2354/1596 3208/2355/1596
f 3208/2355/1596 3211/2356/1596 3209/2353/1596
f 3072/2060/1597 3071/2061/883 3087/2077/883
f 3087/2077/883 3086/2074/1604 3072/2060/1597
f 3090/2096/1605 3076/2225/1608 3073/2295/1599
f 3073/2295/1599 3091/2097/1599 3090/2096/1605
f 3213/2357/1609 3214/2358/1609 3212/2359/1609
f 3212/2359/1609 3215/2360/1609 3213/2357/1609
f 3076/2225/1608 3108/2208/1610 3200/2086/1610
f 3200/2086/1610 3074/2043/1666 3076/2225/1608
f 3217/2361/1669 3218/2362/1615 3216/2363/1615
f 3216/2363/1615 3219/2364/1670 3217/2361/1669
f 3139/2322/1629 3141/2323/1632 3184/2342/1633
f 3184/2342/1633 3115/2121/1612 3139/2322/1629
f 3221/2365/1671 3222/2366/1672 3220/2367/1673
f 3220/2367/1673 3223/2368/1671 3221/2365/1671
f 3166/2213/1646 3165/2336/1592 3062/2148/1592
f 3062/2148/1592 3064/2147/1594 3166/2213/1646
f 3181/2240/1650 3166/2213/1649 3064/2147/1594
f 3064/2147/1594 3145/2161/1635 3181/2240/1650
f 3222/2366/1672 3225/2369/1674 3224/2370/1675
f 3224/2370/1675 3220/2367/1673 3222/2366/1672
f 3141/2323/1632 3181/2240/1650 3145/2161/1635
f 3145/2161/1635 3184/2342/1633 3141/2323/1632
f 3225/2369/1674 3217/2361/1669 3219/2364/1676
f 3219/2364/1676 3224/2370/1675 3225/2369/1674
f 3197/2208/1614 3139/2322/1613 3115/2121/1612
f 3115/2121/1612 3117/2086/1614 3197/2208/1614
f 3227/2362/1667 3228/2371/1667 3226/2372/1667
f 3226/2372/1667 3229/2363/1667 3227/2362/1667
f 3231/2373/1677 3232/2374/1677 3230/2375/1677
f 3230/2375/1677 3233/2376/1677 3231/2373/1677
f 3235/2377/1678 3236/2378/1678 3234/2379/1678
f 3234/2379/1678 3237/2380/1678 3235/2377/1678
f 3239/2351/1679 3240/2350/1679 3238/2381/1679
f 3238/2381/1679 3241/2312/1679 3239/2351/1679
f 3243/2382/1680 3244/2383/1680 3242/2384/1680
f 3242/2384/1680 3245/2385/1680 3243/2382/1680
f 3247/2353/1681 3248/2356/1681 3246/2152/1681
f 3246/2152/1681 3249/2153/1681 3247/2353/1681
f 3251/2354/1682 3252/2353/1682 3250/2153/1682
f 3250/2153/1682 3253/2154/1682 3251/2354/1682
f 3255/2386/1683 3256/2387/1683 3254/2388/1683
f 3254/2388/1683 3257/2389/1683 3255/2386/1683
f 3258/2218/1684 3259/2390/1684 3072/2060/1597
f 3072/2060/1597 3086/2074/1604 3258/2218/1684
f 3261/2307/1685 3262/2306/1685 3260/2078/1685
f 3260/2078/1685 3263/2081/1685 3261/2307/1685
f 3264/2391/1686 3265/2392/1686 3079/2297/1601
f 3079/2297/1687 3065/2289/1688 3264/2391/1686
f 3267/2393/1689 3268/2394/1689 3266/2395/1689
f 3266/2395/1689 3269/2379/1689 3267/2393/1689
f 3271/2306/1690 3272/2305/1690 3270/2063/1690
f 3270/2063/1690 3273/2078/1690 3271/2306/1690
f 3275/2396/1691 3276/2397/1692 3274/2398/1693
f 3274/2398/1694 3277/2384/1695 3275/2396/1695
f 3279/2399/1696 3280/2400/1696 3278/2401/1696
f 3278/2401/1696 3281/2402/1696 3279/2399/1696
f 3283/2403/1697 3284/2404/1698 3282/2380/1698
f 3282/2380/1698 3285/2405/1699 3283/2403/1697
f 3286/2406/1700 3283/2403/1697 3285/2405/1701
f 3285/2405/1701 3287/2407/1702 3286/2406/1700
f 3288/2408/1703 3286/2406/1704 3287/2407/1702
f 3287/2407/1702 3289/2409/1703 3288/2408/1703
f 3291/2324/1705 3292/2327/1705 3290/2164/1705
f 3290/2164/1706 3293/2154/1706 3291/2324/1706
f 3295/2410/1707 3296/2411/1707 3294/2243/1707
f 3294/2243/1707 3297/2242/1707 3295/2410/1707
f 3299/2326/1708 3300/2325/1709 3298/2153/1710
f 3298/2153/1711 3301/2163/1712 3299/2326/1708
f 3302/2343/1713 3299/2326/1708 3301/2163/1712
f 3304/2163/1714 3305/2127/1714 3303/2343/1714
f 3276/2397/1715 3307/2412/1716 3306/2413/1717
f 3306/2413/1718 3274/2398/1693 3276/2397/1719
f 3308/2414/1684 3309/2415/1684 3058/2046/1591
f 3058/2046/1591 3072/2060/1597 3308/2414/1684
f 3311/2416/1720 3312/2417/1720 3310/2418/1720
f 3310/2418/1721 3313/2419/1721 3311/2416/1721
f 3315/2291/1682 3316/2294/1682 3314/2154/1682
f 3314/2154/1682 3317/2051/1682 3315/2291/1682
f 3319/2386/1722 3320/2387/1722 3318/2388/1722
f 3322/2388/1723 3323/2389/1723 3321/2386/1723
f 3324/2420/1686 3325/2421/1686 3065/2289/1688
f 3065/2289/1688 3052/2288/1724 3324/2420/1686
f 3327/2393/1725 3328/2394/1725 3326/2395/1725
f 3330/2395/1726 3331/2379/1726 3329/2393/1726
f 3333/2357/1690 3334/2360/1690 3332/2062/1690
f 3332/2062/1690 3270/2063/1690 3333/2357/1690
f 3336/2422/1727 3337/2423/1727 3335/2424/1727
f 3335/2424/1727 3338/2425/1727 3336/2422/1727
f 3340/2426/1728 3341/2427/1729 3339/2380/1729
f 3339/2380/1729 3342/2405/1730 3340/2426/1728
f 3343/2428/1731 3340/2426/1728 3342/2405/1730
f 3342/2405/1730 3344/2407/1732 3343/2428/1731
f 3345/2429/1733 3343/2428/1731 3344/2407/1732
f 3344/2407/1732 3346/2409/1733 3345/2429/1733
f 3348/2368/1734 3349/2367/1734 3347/2131/1734
f 3347/2131/1734 3350/2051/1734 3348/2368/1734
f 3352/2365/1735 3353/2368/1735 3351/2051/1735
f 3351/2051/1736 3354/2154/1736 3352/2365/1736
f 3356/2366/1737 3357/2365/1737 3355/2154/1737
f 3355/2154/1737 3358/2164/1737 3356/2366/1737
f 3360/2430/1738 3361/2431/1739 3359/2432/1739
f 3359/2432/1739 3362/2433/1740 3360/2430/1738
f 3363/2434/1741 3360/2430/1738 3362/2433/1740
f 3362/2433/1740 3364/2435/1742 3363/2434/1741
f 3365/2436/1743 3363/2434/1741 3364/2435/1742
f 3364/2435/1742 3366/2437/1743 3365/2436/1743
f 3368/2438/1744 3369/2436/1744 3367/2437/1744
f 3367/2437/1744 3370/2424/1744 3368/2438/1744
f 3372/2439/1745 3373/2440/1745 3371/2441/1745
f 3371/2441/1745 3374/2442/1745 3372/2439/1745
f 3376/2427/1746 3377/2443/1746 3375/2379/1746
f 3375/2379/1746 3378/2380/1746 3376/2427/1746
f 3380/2444/459 3381/2445/459 3379/2446/459
f 3382/2447/459 3380/2444/459 3379/2446/459
f 3382/2447/459 3379/2446/459 3383/2448/459
f 3385/2449/457 3386/2450/457 3384/2451/457
f 3385/2449/457 3384/2451/457 3387/2452/457
f 3385/2449/457 3387/2452/457 3388/2453/457
f 3390/62/1 3391/2454/1 3389/2455/1
f 3389/2455/1 3392/2456/1 3390/62/1
f 3394/2457/2 3395/2458/2 3393/2459/2
f 3394/2457/2 3393/2459/2 3396/2460/2
f 3397/2461/2 3394/2457/2 3396/2460/2
f 3399/2462/154 3400/2463/154 3398/2464/154
f 3398/2464/154 3401/2465/154 3399/2462/154
f 3403/2444/1747 3404/2466/1747 3402/2467/1747
f 3402/2467/1747 3405/2445/1747 3403/2444/1747
f 3391/2454/1 3407/2468/1 3406/2469/1
f 3406/2469/1 3389/2455/1 3391/2454/1
f 3399/2462/154 3409/2470/154 3408/2471/154
f 3408/2471/154 3400/2463/154 3399/2462/154
f 3411/2472/1748 3412/2473/1748 3410/2474/1748
f 3410/2474/1748 3413/2475/1748 3411/2472/1748
f 3415/2476/1749 3416/2477/1749 3414/2478/1749
f 3414/2478/1749 3417/2479/1749 3415/2476/1749
f 3419/2480/1750 3420/2481/1750 3418/2482/1750
f 3418/2482/1750 3421/2483/1750 3419/2480/1750
f 3423/2484/1003 3424/2485/1003 3422/2486/1003
f 3422/2486/1003 3425/2487/1003 3423/2484/1003
f 3427/2488/1751 3428/2489/1751 3426/2490/1751
f 3426/2490/1751 3429/2491/1751 3427/2488/1751
f 3431/2492/1752 3432/2493/1752 3430/2494/1752
f 3430/2494/1752 3433/2495/1752 3431/2492/1752
f 3435/2496/1 3436/2497/1 3434/2498/1
f 3434/2498/1 3437/2499/1 3435/2496/1
f 3439/2500/154 3440/2501/154 3438/2502/154
f 3438/2502/154 3441/2503/154 3439/2500/154
f 3443/2504/2 3444/2505/2 3442/2506/2
f 3442/2506/2 3445/2507/2 3443/2504/2
f 3447/2508/457 3448/2509/457 3446/2510/457
f 3446/2510/457 3449/2511/457 3447/2508/457
f 3451/2512/883 3452/2504/883 3450/2507/883
f 3450/2507/883 3453/2513/883 3451/2512/883
f 3455/2514/459 3456/2515/459 3454/2516/459
f 3454/2516/459 3457/2517/459 3455/2514/459
f 3459/2518/1 3460/2519/1 3458/2520/1
f 3458/2520/1 3461/2521/1 3459/2518/1
f 3463/2522/154 3464/2523/154 3462/2524/154
f 3462/2524/154 3465/2525/154 3463/2522/154
f 3467/2526/1753 3468/2527/1753 3466/2528/1753
f 3466/2528/1753 3469/2529/1753 3467/2526/1753
f 3471/2530/457 3472/2531/457 3470/2532/457
f 3470/2532/457 3473/2533/457 3471/2530/457
f 3475/2534/1754 3476/2535/1754 3474/2536/1754
f 3474/2536/1754 3477/2537/1754 3475/2534/1754
f 3479/2538/459 3480/2539/459 3478/2540/459
f 3478/2540/459 3481/2541/459 3479/2538/459
f 3483/2542/1 3484/2543/1 3482/2544/1
f 3482/2544/1 3485/2545/1 3483/2542/1
f 3487/2546/154 3488/2547/154 3486/2548/154
f 3486/2548/154 3489/2549/154 3487/2546/154
f 3491/2550/1755 3492/2551/1755 3490/2552/1755
f 3490/2552/1755 3493/2553/1755 3491/2550/1755
f 3495/2554/457 3496/2555/457 3494/2556/457
f 3494/2556/457 3497/2557/457 3495/2554/457
f 3499/2558/1756 3500/2559/1756 3498/2560/1756
f 3498/2560/1756 3501/2561/1756 3499/2558/1756
f 3503/2562/459 3504/2563/459 3502/2564/459
f 3502/2564/459 3505/2565/459 3503/2562/459
f 3507/2566/1757 3508/2567/1758 3506/2568/1759
f 3506/2568/1759 3509/2569/1757 3507/2566/1757
f 3511/2570/1760 3512/2571/1760 3510/2572/1760
f 3510/2572/1760 3513/2573/1760 3511/2570/1760
f 3515/2574/883 3516/2570/883 3514/2573/883
f 3514/2573/883 3517/2575/883 3515/2574/883
f 3519/2576/1761 3520/2574/1761 3518/2575/1761
f 3518/2575/1761 3521/2577/1761 3519/2576/1761
f 3523/2578/1762 3524/2579/1763 3522/2580/1763
f 3522/2580/1763 3525/2581/1764 3523/2578/1762
f 3526/2582/1765 3523/2578/1762 3525/2581/1764
f 3525/2581/1764 3527/2583/1765 3526/2582/1765
f 3529/2584/1766 3530/2576/1766 3528/2585/1766
f 3528/2585/1766 3531/2586/1766 3529/2584/1766
f 3533/2587/2 3534/2584/2 3532/2586/2
f 3532/2586/2 3535/2588/2 3533/2587/2
f 3537/2589/1767 3538/2587/1767 3536/2588/1767
f 3536/2588/1767 3539/2590/1767 3537/2589/1767
f 3508/2567/1758 3541/2591/1768 3540/2592/1768
f 3540/2592/1768 3506/2568/1759 3508/2567/1758
f 3543/2593/1 3544/2594/1 3542/2595/1
f 3545/2596/1 3546/2597/1 3543/2593/1
f 3545/2596/1 3543/2593/1 3542/2595/1
f 3547/2598/1 3548/2599/1 3545/2596/1
f 3547/2598/1 3545/2596/1 3542/2595/1
f 3549/2600/1 3550/2601/1 3547/2598/1
f 3549/2600/1 3547/2598/1 3542/2595/1
f 3549/2600/1 3542/2595/1 3551/2602/1
f 3553/2603/154 3554/2604/154 3552/2605/154
f 3555/2606/154 3556/2607/154 3553/2603/154
f 3555/2606/154 3553/2603/154 3552/2605/154
f 3557/2608/154 3558/2609/154 3555/2606/154
f 3557/2608/154 3555/2606/154 3552/2605/154
f 3559/2610/154 3560/2611/154 3557/2608/154
f 3559/2610/154 3557/2608/154 3552/2605/154
f 3559/2610/154 3552/2605/154 3561/2612/154
f 3563/2613/883 3564/2614/883 3562/2615/883
f 3562/2615/883 3565/2616/883 3563/2613/883
f 3567/2617/2 3568/2614/2 3566/2613/2
f 3566/2613/2 3569/2618/2 3567/2617/2
f 3571/2619/154 3572/2620/154 3570/2621/154
f 3570/2621/154 3573/2622/154 3571/2619/154
f 3575/2623/457 3576/2624/1769 3574/2625/1770
f 3574/2625/1770 3577/2626/457 3575/2623/457
f 3579/2627/1 3580/2628/1 3578/2629/1
f 3578/2629/1 3581/2630/1 3579/2627/1
f 3583/2631/1771 3584/2632/1772 3582/2633/1773
f 3582/2633/1773 3585/2634/1771 3583/2631/1771
f 3564/2614/883 3587/2635/883 3586/2636/883
f 3586/2636/883 3562/2615/883 3564/2614/883
f 3567/2617/2 3589/2637/2 3588/2635/2
f 3588/2635/2 3568/2614/2 3567/2617/2
f 3576/2624/1769 3591/2638/1774 3590/2639/1774
f 3590/2639/1774 3574/2625/1770 3576/2624/1769
f 3584/2632/1772 3593/2640/459 3592/2641/459
f 3592/2641/459 3582/2633/1775 3584/2632/1772
f 3595/2642/1776 3596/2643/1776 3594/2644/1776
f 3594/2644/1776 3597/2645/1776 3595/2642/1776
f 3599/2646/1777 3600/2647/1777 3598/2648/1777
f 3598/2648/1777 3601/2649/1777 3599/2646/1777
f 3603/2650/1778 3604/2651/1778 3602/2652/1778
f 3602/2652/1778 3605/2653/1778 3603/2650/1778
f 3607/2654/1779 3608/2655/1779 3606/2656/1779
f 3606/2656/1779 3609/2657/1779 3607/2654/1779
f 3611/2658/1780 3612/2659/1780 3610/2660/1780
f 3610/2660/1780 3613/2661/1780 3611/2658/1780
f 3615/2662/1781 3616/2663/1781 3614/2664/1781
f 3614/2664/1781 3617/2665/1781 3615/2662/1781
f 3619/2666/1782 3620/2667/1783 3618/2668/1784
f 3618/2668/1784 3621/2669/1784 3619/2666/1782
f 3623/2670/1785 3624/2671/1786 3622/2672/1786
f 3622/2672/1786 3625/2673/1785 3623/2670/1785
f 3623/2670/1785 3625/2673/1785 3626/2674/1787
f 3626/2674/1787 3627/2675/1787 3623/2670/1785
f 3619/2666/1782 3629/2676/1788 3628/2677/1788
f 3628/2677/1789 3620/2667/1782 3619/2666/1782
f 3631/2678/1 3632/2679/1 3630/2680/1
f 3630/2680/1 3633/2681/1 3631/2678/1
f 3634/2682/1790 3635/2683/1790 3628/2677/1788
f 3628/2677/1788 3629/2676/1788 3634/2682/1790
f 3637/2684/154 3638/2685/154 3636/2686/154
f 3636/2686/154 3639/2687/154 3637/2684/154
f 3640/2688/1791 3641/2689/1791 3622/2672/1786
f 3622/2672/1786 3624/2671/1786 3640/2688/1791
f 3643/2690/883 3644/2691/883 3642/2692/883
f 3642/2692/883 3645/2693/883 3643/2690/883
f 3647/2694/2 3648/2695/2 3646/2690/2
f 3646/2690/2 3649/2696/2 3647/2694/2
f 3651/2697/1 3652/2698/1 3650/2699/1
f 3650/2699/1 3653/2700/1 3651/2697/1
f 3655/2701/457 3656/2702/457 3654/2703/1792
f 3654/2703/1792 3657/2704/1793 3655/2701/457
f 3659/2705/154 3660/2706/154 3658/2707/154
f 3658/2707/154 3661/2708/154 3659/2705/154
f 3663/2709/1794 3664/2710/1794 3662/2711/1795
f 3662/2711/1795 3665/2712/1796 3663/2709/1794
f 3645/2693/883 3642/2692/883 3666/2713/883
f 3666/2713/883 3667/2714/883 3645/2693/883
f 3647/2694/2 3649/2696/2 3668/2715/2
f 3668/2715/2 3669/2716/2 3647/2694/2
f 3657/2704/1797 3654/2703/1792 3670/2717/1798
f 3670/2717/1798 3671/2718/1798 3657/2704/1797
f 3665/2712/1796 3662/2711/1799 3672/2719/459
f 3672/2719/459 3673/2720/459 3665/2712/1796
f 3675/2721/1 3676/2722/1 3674/2723/1
f 3674/2723/1 3677/2724/1 3675/2721/1
f 3679/2725/154 3680/2726/154 3678/2727/154
f 3678/2727/154 3681/2728/154 3679/2725/154
f 3683/2504/2 3684/2505/2 3682/2506/2
f 3682/2506/2 3685/2507/2 3683/2504/2
f 3687/2729/457 3688/2730/457 3686/2731/457
f 3686/2731/457 3689/2732/457 3687/2729/457
f 3691/2512/883 3692/2504/883 3690/2507/883
f 3690/2507/883 3693/2513/883 3691/2512/883
f 3695/2733/459 3696/2734/459 3694/2735/459
f 3694/2735/459 3697/2736/459 3695/2733/459
f 3699/2737/1800 3700/2738/1800 3698/2739/1800
f 3698/2739/1800 3701/2740/1800 3699/2737/1800
f 3703/2741/1801 3704/2742/1801 3702/2743/1801
f 3702/2743/1801 3705/2744/1801 3703/2741/1801
f 3707/2745/1802 3708/2746/1802 3706/2747/1802
f 3706/2747/1802 3709/2748/1802 3707/2745/1802
f 3711/2749/994 3712/2750/994 3710/2751/994
f 3710/2751/994 3713/2752/994 3711/2749/994
f 3715/2753/1803 3716/2754/1803 3714/2755/1803
f 3714/2755/1804 3717/2756/1804 3715/2753/1804
f 3719/2757/1805 3720/2758/1805 3718/2759/1805
f 3718/2759/1805 3721/2760/1805 3719/2757/1805
f 3723/2761/1 3724/2762/1 3722/2763/1
f 3722/2763/1 3725/2764/1 3723/2761/1
f 3727/2765/154 3728/2766/154 3726/2767/154
f 3726/2767/154 3729/2768/154 3727/2765/154
f 3731/2769/2 3732/2770/2 3730/2513/2
f 3730/2513/2 3733/2512/2 3731/2769/2
f 3735/2515/459 3736/2516/459 3734/2517/459
f 3734/2517/459 3737/2514/459 3735/2515/459
f 3739/2505/883 3740/2506/883 3738/2507/883
f 3738/2507/883 3741/2504/883 3739/2505/883
f 3743/2509/457 3744/2510/457 3742/2511/457
f 3742/2511/457 3745/2508/457 3743/2509/457
f 3747/2771/1 3748/2772/1 3746/2773/1
f 3746/2773/1 3749/2774/1 3747/2771/1
f 3751/2775/154 3752/2776/154 3750/2777/154
f 3750/2777/154 3753/2778/154 3751/2775/154
f 3755/2535/1806 3756/2536/1806 3754/2537/1806
f 3754/2537/1806 3757/2534/1806 3755/2535/1806
f 3759/2779/459 3760/2780/459 3758/2781/459
f 3758/2781/459 3761/2782/459 3759/2779/459
f 3763/2527/1807 3764/2528/1807 3762/2529/1807
f 3762/2529/1807 3765/2526/1807 3763/2527/1807
f 3767/2783/457 3768/2784/457 3766/2785/457
f 3766/2785/457 3769/2786/457 3767/2783/457
f 3771/2787/1 3772/2788/1 3770/2789/1
f 3770/2789/1 3773/2790/1 3771/2787/1
f 3775/2791/154 3776/2792/154 3774/2793/154
f 3774/2793/154 3777/2794/154 3775/2791/154
f 3779/2559/1808 3780/2560/1808 3778/2795/1808
f 3778/2795/1808 3781/2796/1808 3779/2559/1808
f 3783/2797/459 3784/2798/459 3782/2799/459
f 3782/2799/459 3785/2800/459 3783/2797/459
f 3787/2558/1809 3788/2561/1809 3786/2560/1809
f 3786/2560/1809 3789/2559/1809 3787/2558/1809
f 3791/2801/457 3792/2802/457 3790/2803/457
f 3790/2803/457 3793/2804/457 3791/2801/457
f 3795/2579/1763 3796/2580/1763 3794/2581/1762
f 3794/2581/1762 3797/2578/1764 3795/2579/1763
f 3799/2587/1761 3800/2805/1761 3798/2806/1761
f 3798/2806/1761 3801/2589/1761 3799/2587/1761
f 3803/2574/883 3804/2575/883 3802/2805/883
f 3802/2805/883 3805/2587/883 3803/2574/883
f 3807/2576/1760 3808/2577/1760 3806/2575/1760
f 3806/2575/1760 3809/2574/1760 3807/2576/1760
f 3811/2567/1759 3812/2568/1758 3810/2569/1757
f 3810/2569/1757 3813/2566/1757 3811/2567/1759
f 3814/2591/1768 3815/2592/1768 3812/2568/1758
f 3812/2568/1758 3811/2567/1759 3814/2591/1768
f 3817/2807/1767 3818/2808/1767 3816/2809/1767
f 3816/2809/1767 3819/2810/1767 3817/2807/1767
f 3821/2570/2 3822/2811/2 3820/2808/2
f 3820/2808/2 3823/2807/2 3821/2570/2
f 3825/2571/1766 3826/2812/1766 3824/2811/1766
f 3824/2811/1766 3827/2570/1766 3825/2571/1766
f 3797/2578/1764 3794/2581/1762 3828/2583/1765
f 3828/2583/1765 3829/2582/1765 3797/2578/1764
f 3831/2813/1 3832/2814/1 3830/2815/1
f 3833/2816/1 3834/2817/1 3831/2813/1
f 3835/2818/1 3836/2819/1 3833/2816/1
f 3837/2820/1 3838/2821/1 3835/2818/1
f 3837/2820/1 3835/2818/1 3833/2816/1
f 3837/2820/1 3833/2816/1 3831/2813/1
f 3837/2820/1 3831/2813/1 3830/2815/1
f 3837/2820/1 3830/2815/1 3839/2822/1
f 3841/2823/154 3842/2824/154 3840/2825/154
f 3843/2826/154 3844/2827/154 3841/2823/154
f 3845/2828/154 3846/2829/154 3843/2826/154
f 3847/2830/154 3848/2831/154 3845/2828/154
f 3847/2830/154 3845/2828/154 3843/2826/154
f 3847/2830/154 3843/2826/154 3841/2823/154
f 3847/2830/154 3841/2823/154 3840/2825/154
f 3847/2830/154 3840/2825/154 3849/2832/154
f 3851/2613/883 3852/2618/883 3850/2617/883
f 3850/2617/883 3853/2614/883 3851/2613/883
f 3855/2615/2 3856/2616/2 3854/2833/2
f 3854/2833/2 3857/2834/2 3855/2615/2
f 3859/2835/154 3860/2836/154 3858/2837/154
f 3858/2837/154 3861/2838/154 3859/2835/154
f 3863/2640/459 3864/2641/459 3862/2633/1772
f 3862/2633/1772 3865/2632/1775 3863/2640/459
f 3867/2839/1 3868/2840/1 3866/2841/1
f 3866/2841/1 3869/2842/1 3867/2839/1
f 3871/2638/1774 3872/2639/1774 3870/2625/1769
f 3870/2625/1769 3873/2624/1770 3871/2638/1774
f 3853/2614/883 3850/2617/883 3874/2637/883
f 3874/2637/883 3875/2635/883 3853/2614/883
f 3855/2615/2 3857/2834/2 3876/2843/2
f 3876/2843/2 3877/2636/2 3855/2615/2
f 3865/2632/1773 3862/2633/1772 3878/2634/1771
f 3878/2634/1771 3879/2631/1771 3865/2632/1773
f 3873/2624/1770 3870/2625/1810 3880/2626/457
f 3880/2626/457 3881/2623/457 3873/2624/1770
f 3883/2844/1811 3884/2845/1811 3882/2846/1811
f 3882/2846/1811 3885/2847/1811 3883/2844/1811
f 3887/2848/1812 3888/2849/1812 3886/2850/1812
f 3886/2850/1812 3889/2851/1812 3887/2848/1812
f 3891/2650/1813 3892/2653/1813 3890/2652/1813
f 3890/2652/1813 3893/2651/1813 3891/2650/1813
f 3895/2852/1814 3896/2853/1814 3894/2854/1814
f 3894/2854/1814 3897/2855/1814 3895/2852/1814
f 3899/2856/1815 3900/2857/1815 3898/2858/1815
f 3898/2858/1815 3901/2859/1815 3899/2856/1815
f 3903/2860/1816 3904/2861/1816 3902/2862/1816
f 3902/2862/1816 3905/2863/1816 3903/2860/1816
f 3907/2666/1782 3908/2669/1784 3906/2668/1784
f 3906/2668/1784 3909/2667/1782 3907/2666/1782
f 3911/2864/1785 3912/2677/1785 3910/2865/1786
f 3910/2865/1786 3913/2866/1786 3911/2864/1785
f 3911/2864/1785 3915/2867/1787 3914/2683/1787
f 3914/2683/1787 3912/2677/1785 3911/2864/1785
f 3907/2666/1782 3909/2667/1782 3916/2677/1788
f 3916/2677/1788 3917/2676/1788 3907/2666/1782
f 3919/2868/1 3920/2869/1 3918/2870/1
f 3918/2870/1 3921/2871/1 3919/2868/1
f 3922/2682/1790 3917/2676/1788 3916/2677/1788
f 3916/2677/1788 3923/2683/1790 3922/2682/1790
f 3925/2872/154 3926/2873/154 3924/2874/154
f 3924/2874/154 3927/2875/154 3925/2872/154
f 3928/2876/1791 3913/2866/1786 3910/2865/1786
f 3910/2865/1786 3929/2668/1791 3928/2876/1791
f 3931/2690/883 3932/2693/883 3930/2877/883
f 3930/2877/883 3933/2695/883 3931/2690/883
f 3935/2878/2 3936/2879/2 3934/2880/2
f 3934/2880/2 3937/2691/2 3935/2878/2
f 3939/2881/1 3940/2882/1 3938/2883/1
f 3938/2883/1 3941/2884/1 3939/2881/1
f 3943/2720/459 3944/2712/1795 3942/2711/1796
f 3942/2711/1796 3945/2719/459 3943/2720/459
f 3947/2885/154 3948/2886/154 3946/2887/154
f 3946/2887/154 3949/2888/154 3947/2885/154
f 3951/2718/1798 3952/2704/1792 3950/2703/1797
f 3950/2703/1797 3953/2717/1798 3951/2718/1798
f 3932/2693/883 3955/2714/883 3954/2889/883
f 3954/2889/883 3930/2877/883 3932/2693/883
f 3935/2878/2 3957/2890/2 3956/2891/2
f 3956/2891/2 3936/2879/2 3935/2878/2
f 3944/2712/1799 3959/2709/1794 3958/2710/1794
f 3958/2710/1794 3942/2711/1796 3944/2712/1795
f 3952/2704/1792 3961/2701/457 3960/2702/457
f 3960/2702/457 3950/2703/1797 3952/2704/1792
f 3963/2892/1 3964/2893/1 3962/2894/1
f 3962/2894/1 3965/2895/1 3963/2892/1
f 3967/2896/154 3968/2897/154 3966/2898/154
f 3966/2898/154 3969/2899/154 3967/2896/154
f 3971/2769/2 3972/2770/2 3970/2513/2
f 3970/2513/2 3973/2512/2 3971/2769/2
f 3975/2734/459 3976/2735/459 3974/2736/459
f 3974/2736/459 3977/2733/459 3975/2734/459
f 3979/2505/883 3980/2506/883 3978/2507/883
f 3978/2507/883 3981/2504/883 3979/2505/883
f 3983/2730/457 3984/2731/457 3982/2732/457
f 3982/2732/457 3985/2729/457 3983/2730/457
f 3987/2451/1817 3988/2450/1817 3986/2900/1817
f 3986/2900/1817 3989/2901/1817 3987/2451/1817
f 3991/2902/1817 3989/2901/1817 3990/2903/1817
f 3990/2903/1817 3992/2904/1817 3991/2902/1817
f 3993/2905/1817 3987/2451/1817 3989/2901/1817
f 3989/2901/1817 3991/2902/1817 3993/2905/1817
f 3994/2906/1817 3995/2452/1817 3987/2451/1817
f 3987/2451/1817 3993/2905/1817 3994/2906/1817
f 3992/2904/1817 3990/2903/1817 3995/2452/1817
f 3995/2452/1817 3994/2906/1817 3992/2904/1817
f 3997/2907/1747 3998/2447/1747 3996/2908/1747
f 3996/2908/1747 3999/2909/1747 3997/2907/1747
f 4000/2910/1747 3403/2444/1747 3998/2447/1747
f 3998/2447/1747 3997/2907/1747 4000/2910/1747
f 4001/2911/1747 4002/2466/1747 3403/2444/1747
f 3403/2444/1747 4000/2910/1747 4001/2911/1747
f 3999/2909/1747 3996/2908/1747 4002/2466/1747
f 4002/2466/1747 4001/2911/1747 3999/2909/1747
f 4004/2912/1818 4005/2913/1818 4003/2914/1818
f 4006/2915/1818 4004/2912/1818 4003/2914/1818
f 4007/2916/1818 4006/2915/1818 4003/2914/1818
f 4009/2917/1 4010/2918/1 4008/2919/1
f 4008/2919/1 4011/2920/1 4009/2917/1
f 4013/2921/1819 4014/2922/1819 4012/2923/1819
f 4015/2924/1819 4016/2925/1819 4013/2921/1819
f 4015/2924/1819 4013/2921/1819 4012/2923/1819
f 4018/2926/154 4019/2927/154 4017/2928/154
f 4017/2928/154 4020/2929/154 4018/2926/154
f 4022/2930/154 4023/2931/154 4021/2932/154
f 4021/2932/154 4024/2933/154 4022/2930/154
f 4026/2924/1820 4027/2934/1820 4025/2935/1820
f 4028/2936/1820 4026/2924/1820 4025/2935/1820
f 4029/2937/1820 4028/2936/1820 4025/2935/1820
f 4031/2938/1 4032/2939/1 4030/2940/1
f 4030/2940/1 4033/2941/1 4031/2938/1
f 4035/2915/1821 4036/2916/1821 4034/2914/1821
f 4037/2912/1821 4035/2915/1821 4034/2914/1821
f 4037/2912/1822 4034/2914/1822 4038/2913/1822
f 4040/2942/1823 4041/2943/1824 4039/2944/1825
f 4042/2945/1826 4040/2942/1823 4039/2944/1825
f 4042/2945/1826 4039/2944/1825 4043/2946/1825
f 4045/2947/883 4046/2948/883 4044/2949/883
f 4044/2949/883 4047/2950/883 4045/2947/883
f 4049/2951/1827 4050/2952/1828 4048/2953/1829
f 4051/2954/1830 4049/2951/1827 4048/2953/1829
f 4051/2954/1830 4048/2953/1829 4052/2955/1830
f 4054/2956/1831 4055/2957/1831 4053/2958/1831
f 4056/2959/1831 4054/2956/1831 4053/2958/1831
f 4056/2959/1831 4053/2958/1831 4057/2960/1831
f 4059/2961/1832 4060/2962/1833 4058/2963/1834
f 4058/2963/1834 4061/2964/1835 4059/2961/1832
f 4063/2965/1836 4064/2966/1837 4062/2967/1837
f 4065/2968/1838 4063/2965/1836 4062/2967/1837
f 4065/2968/1838 4062/2967/1837 4066/2969/1839
f 4068/2970/1840 4069/2971/1841 4067/2972/1842
f 4067/2972/1842 4070/2973/1843 4068/2970/1840
f 4072/2974/1844 4073/2975/1844 4071/2976/1844
f 4071/2976/1844 4074/2977/1844 4072/2974/1844
f 4076/2978/1845 4077/2955/1845 4075/2953/1846
f 4078/2979/1847 4076/2978/1845 4075/2953/1846
f 4078/2979/1847 4075/2953/1846 4079/2980/1848
f 4081/2981/1849 4082/2982/1849 4080/2983/1849
f 4084/2983/1850 4085/2984/1850 4083/2981/1850
f 4087/2985/1851 4088/2986/1851 4086/2982/1851
f 4090/2982/1852 4091/2981/1852 4089/2985/1852
f 4093/2987/1853 4094/2988/1853 4092/2989/1853
f 4096/2989/1854 4097/2990/1854 4095/2987/1854
f 4099/2991/1855 4100/2992/1855 4098/2993/1855
f 4098/2993/1855 4101/2994/1855 4099/2991/1855
f 4103/2995/1856 4104/2996/1856 4102/2997/1856
f 4106/2997/1857 4107/2998/1857 4105/2995/1857
f 4109/2999/1858 4110/3000/1858 4108/3001/1858
f 4112/3001/1859 4113/3002/1859 4111/2999/1859
f 4115/3003/1 4116/3004/1 4114/3000/1
f 4118/3000/1860 4119/2999/1860 4117/3003/1860
f 4121/3005/1861 4122/3006/1862 4120/3007/1863
f 4121/3005/1864 4120/3007/1865 4123/3008/1866
f 4121/3005/1861 4123/3008/1867 4124/3009/1
f 4126/3010/1868 4127/3011/1868 4125/3012/1868
f 4125/3012/1868 4128/3013/1868 4126/3010/1868
f 4130/3014/2 4131/3015/2 4129/3016/2
f 4129/3016/2 4132/3017/2 4130/3014/2
f 4134/3018/1869 4135/3019/1870 4133/3020/1870
f 4133/3020/1870 4136/3021/1869 4134/3018/1869
f 4138/3022/1871 4139/3023/1871 4137/3024/1871
f 4137/3024/1871 4140/3025/1871 4138/3022/1871
f 4142/3026/1872 4143/3027/1873 4141/3028/1874
f 4141/3028/1874 4144/3029/1875 4142/3026/1872
f 4146/3030/1876 4147/3031/1876 4145/3032/1876
f 4145/3032/1876 4148/3033/1876 4146/3030/1876
f 4150/3034/1877 4151/3035/1878 4149/3036/1879
f 4149/3036/1879 4152/3037/1880 4150/3034/1877
f 4154/3038/1881 4155/3039/1881 4153/3040/1881
f 4153/3040/1881 4156/3041/1881 4154/3038/1881
f 4157/3042/1882 4143/3027/1883 4142/3026/1872
f 4159/3043/1884 4160/3044/1884 4158/3045/1884
f 4158/3045/1884 4161/3046/1884 4159/3043/1884
f 4163/3047/1885 4164/3048/1885 4162/3049/1885
f 4162/3049/1886 4165/3050/1886 4163/3047/1886
f 4167/3051/1887 4168/3052/1887 4166/3053/1887
f 4169/3054/1887 4167/3051/1887 4166/3053/1887
f 4169/3054/1887 4166/3053/1887 4170/3055/1887
f 4172/3056/1 4173/3057/1 4171/3058/1
f 4171/3058/1 4174/3059/1 4172/3056/1
f 4176/3060/1888 4177/3061/1888 4175/3062/1888
f 4175/3062/1888 4178/3063/1888 4176/3060/1888
f 4180/3064/1889 4181/3065/1889 4179/3066/1889
f 4179/3066/1889 4182/3067/1889 4180/3064/1889
f 4184/3068/1890 4185/3069/1890 4183/3070/1890
f 4183/3070/1890 4186/3071/1890 4184/3068/1890
f 4188/3044/1891 4189/3072/1891 4187/3073/1891
f 4187/3073/1891 4190/3045/1891 4188/3044/1891
f 4192/3074/1892 4193/3075/1892 4191/3047/1892
f 4194/3076/1892 4195/3077/1892 4192/3074/1892
f 4194/3076/1892 4192/3074/1892 4191/3047/1892
f 4197/3078/1893 4198/3079/1893 4196/3080/1893
f 4196/3080/1893 4199/3081/1893 4197/3078/1893
f 4201/3030/1894 4202/3033/1894 4200/3082/1894
f 4203/3083/1894 4204/3084/1894 4201/3030/1894
f 4203/3083/1894 4201/3030/1894 4200/3082/1894
f 4206/3061/1895 4207/3085/1895 4205/3086/1895
f 4205/3086/1895 4208/3062/1895 4206/3061/1895
f 4210/3087/1896 4211/3088/1896 4209/3089/1896
f 4209/3089/1896 4212/3090/1896 4210/3087/1896
f 4214/3091/1897 4215/3092/1897 4213/3087/1897
f 4213/3087/1897 4216/3090/1897 4214/3091/1897
f 4218/3093/1898 4219/2967/1898 4217/3083/1898
f 4217/3083/1898 4220/3094/1898 4218/3093/1898
f 4221/3095/1899 4222/3096/1899 4170/3055/1899
f 4170/3055/1900 4166/3053/1900 4221/3095/1900
f 4224/3097/1901 4225/3081/1901 4223/3098/1901
f 4223/3098/1901 4226/3099/1902 4224/3097/1901
f 4228/3100/1884 4229/3101/1884 4227/3062/1884
f 4227/3062/1884 4230/3063/1884 4228/3100/1884
f 4232/3102/1903 4233/3029/1903 4231/3098/1903
f 4231/3098/1903 4234/3099/1903 4232/3102/1903
f 4235/3101/1888 4236/3100/1888 4178/3063/1888
f 4178/3063/1888 4175/3062/1888 4235/3101/1888
f 4238/3103/1904 4239/3084/1876 4237/3083/1905
f 4237/3083/1905 4240/3094/1906 4238/3103/1904
f 4242/3104/1907 4243/3105/1907 4241/3106/1907
f 4241/3106/1889 4244/3107/1889 4242/3104/1889
f 4246/3050/1 4247/3049/1 4245/3108/1
f 4245/3108/1 4248/3109/1 4246/3050/1
f 4250/3059/1908 4251/3058/1908 4249/3110/1908
f 4249/3110/1909 4252/3111/1910 4250/3059/1909
f 4220/3094/1898 4217/3083/1898 4253/3037/1898
f 4253/3037/1898 4254/3112/1898 4220/3094/1898
f 4226/3099/1902 4223/3098/1901 4255/3113/1911
f 4255/3113/1911 4256/3114/1912 4226/3099/1902
f 4234/3099/1903 4231/3098/1903 4257/2944/1903
f 4257/2944/1903 4258/3115/1903 4234/3099/1903
f 4240/3094/1906 4237/3083/1905 4259/3082/1913
f 4259/3082/1913 4260/3116/1913 4240/3094/1906
f 4262/3117/1914 4263/3118/1915 4261/3119/1916
f 4261/3119/1917 4264/3120/1918 4262/3117/1914
f 4266/3121/1919 4267/3122/1920 4265/3123/1919
f 4265/3123/1921 4268/3124/1922 4266/3121/1921
f 4270/3125/1923 4271/3126/1924 4269/3127/1925
f 4269/3127/1925 4272/3128/1926 4270/3125/1923
f 4274/2993/73 4275/3129/73 4273/3130/73
f 4277/3130/73 4278/3131/73 4276/2993/73
f 4280/3132/1927 4281/3133/1928 4279/3134/1929
f 4279/3134/1929 4282/3135/1930 4280/3132/1927
f 4284/3136/1931 4285/3137/1932 4283/3138/1931
f 4283/3138/1931 4286/3139/1933 4284/3136/1931
f 4288/3140/1934 4289/3141/1935 4287/3142/1936
f 4287/3142/1937 4290/3143/1 4288/3140/1934
f 4291/3144/1 4288/3140/1934 4290/3143/1
f 4290/3143/1 4292/3145/1 4291/3144/1
f 4294/3146/1 4295/3147/1938 4293/3148/1939
f 4296/3149/1 4294/3146/1 4293/3148/1939
f 4296/3149/1 4293/3148/1939 4297/3150/1
f 4263/3118/1915 4299/3151/1 4298/3152/1
f 4298/3152/1 4261/3119/1917 4263/3118/1915
f 4300/3153/1940 4301/3154/1941 4152/3037/1880
f 4152/3037/1880 4149/3036/1879 4300/3153/1942
f 4302/3155/1943 4300/3153/1940 4149/3036/1879
f 4149/3036/1879 4303/3156/1944 4302/3155/1943
f 4270/3125/1923 4272/3128/1926 4304/3157/1945
f 4304/3157/1945 4305/3158/1946 4270/3125/1923
f 4307/3159/1947 4308/3160/1947 4306/3161/1947
f 4310/3161/1948 4311/3162/1949 4309/3159/1950
f 4312/3163/1951 4309/3159/1950 4311/3162/1952
f 4311/3162/1952 4313/3164/1953 4312/3163/1954
f 4315/3165/1955 4316/3166/1956 4314/3167/1955
f 4314/3167/1955 4317/3055/1957 4315/3165/1955
f 4319/3168/1958 4320/3169/1958 4318/3042/1958
f 4157/3042/1882 4142/3026/1872 4321/3168/1959
f 4322/3170/1960 4321/3168/1959 4142/3026/1872
f 4142/3026/1961 4144/3029/1875 4322/3170/1962
f 4324/3166/1963 4325/3165/1964 4323/3055/1963
f 4323/3055/1963 4326/3167/1965 4324/3166/1963
f 4328/3171/1966 4329/3172/1967 4327/3173/1968
f 4327/3173/1969 4330/3174/1970 4328/3171/1971
f 4331/3175/1972 4328/3171/1971 4330/3174/1970
f 4330/3174/1970 4332/3176/1973 4331/3175/1972
f 4279/3134/1929 4281/3133/1928 4333/3177/1974
f 4333/3177/1974 4334/3178/1975 4279/3134/1929
f 4336/3179/457 4337/3180/457 4335/3181/457
f 4335/3181/457 4338/3182/457 4336/3179/457
f 4340/3183/459 4341/3184/459 4339/3185/459
f 4339/3185/459 4342/3186/459 4340/3183/459
f 4344/3187/1 4345/3188/1 4343/3189/1
f 4343/3189/1 4346/3190/1 4344/3187/1
f 4348/3187/73 4349/3190/73 4347/3191/73
f 4347/3191/73 4350/3192/73 4348/3187/73
f 4352/3193/154 4353/3194/154 4351/3195/154
f 4351/3195/154 4354/3196/154 4352/3193/154
f 4356/3197/1976 4357/3198/1976 4355/3199/1977
f 4355/3199/1977 4358/3200/1978 4356/3197/1976
f 4338/3182/457 4335/3181/457 4359/3201/457
f 4359/3201/457 4360/3202/457 4338/3182/457
f 4340/3183/459 4342/3186/459 4361/3203/459
f 4361/3203/459 4362/3204/459 4340/3183/459
f 4364/3205/2 4365/3206/2 4363/3207/2
f 4363/3207/2 4366/3208/2 4364/3205/2
f 4368/3209/1979 4369/3210/1979 4367/3189/1979
f 4367/3189/1979 4370/3188/1979 4368/3209/1979
f 4358/3200/1980 4355/3199/1977 4371/3211/883
f 4371/3211/883 4372/3212/883 4358/3200/1980
f 4360/3202/457 4359/3201/457 4373/3213/457
f 4373/3213/457 4374/3214/457 4360/3202/457
f 4362/3204/459 4361/3203/459 4375/3215/459
f 4375/3215/459 4376/3216/459 4362/3204/459
f 4378/3208/1981 4379/3207/1981 4377/3217/1981
f 4377/3217/1981 4380/3218/1981 4378/3208/1981
f 4382/3185/459 4383/3186/459 4381/3183/459
f 4381/3183/459 4384/3184/459 4382/3185/459
f 4386/3181/457 4387/3182/457 4385/3179/457
f 4385/3179/457 4388/3180/457 4386/3181/457
f 4390/3219/1 4391/3220/1 4389/3221/1
f 4389/3221/1 4392/3222/1 4390/3219/1
f 4394/3219/73 4395/3223/73 4393/3224/73
f 4393/3224/73 4396/3220/73 4394/3219/73
f 4398/3225/154 4399/3226/154 4397/3227/154
f 4397/3227/154 4400/3228/154 4398/3225/154
f 4402/3197/1976 4403/3200/1980 4401/3199/1977
f 4401/3199/1977 4404/3198/1976 4402/3197/1976
f 4383/3186/459 4406/3203/459 4405/3204/459
f 4405/3204/459 4381/3183/459 4383/3186/459
f 4386/3181/457 4408/3201/457 4407/3202/457
f 4407/3202/457 4387/3182/457 4386/3181/457
f 4410/3229/2 4411/3230/2 4409/3231/2
f 4409/3231/2 4412/3211/2 4410/3229/2
f 4414/3232/1979 4415/3222/1979 4413/3221/1979
f 4413/3221/1979 4416/3233/1979 4414/3232/1979
f 4403/3200/1980 4418/3212/883 4417/3211/883
f 4417/3211/883 4401/3199/1977 4403/3200/1980
f 4406/3203/459 4420/3215/459 4419/3216/459
f 4419/3216/459 4405/3204/459 4406/3203/459
f 4408/3201/457 4422/3213/457 4421/3214/457
f 4421/3214/457 4407/3202/457 4408/3201/457
f 4424/3230/1981 4425/3234/1981 4423/3198/1981
f 4423/3198/1981 4426/3231/1981 4424/3230/1981
f 4428/3235/2 4429/3236/2 4427/3237/2
f 4427/3237/2 4430/3238/2 4428/3235/2
f 4432/3239/1869 4433/3240/1869 4431/3241/1982
f 4431/3241/1982 4434/3242/1983 4432/3239/1869
f 4436/3243/1984 4437/3244/1985 4435/3245/1986
f 4435/3245/1986 4438/3246/1986 4436/3243/1984
f 4439/3247/1987 4440/3248/1987 4133/3020/1870
f 4133/3020/1870 4135/3019/1870 4439/3247/1987
f 4441/3249/1988 4442/3250/1988 4437/3244/1985
f 4437/3244/1985 4436/3243/1984 4441/3249/1988
f 4444/3251/1984 4445/3252/1985 4443/3253/1986
f 4443/3253/1986 4446/3254/1986 4444/3251/1984
f 4447/3255/1987 4448/3256/1987 4434/3242/1983
f 4434/3242/1983 4431/3241/1982 4447/3255/1987
f 4449/3257/1988 4450/3258/1988 4445/3252/1985
f 4445/3252/1985 4444/3251/1984 4449/3257/1988
f 4452/3259/2 4453/3260/2 4451/3261/2
f 4451/3261/2 4454/3262/2 4452/3259/2
f 4456/3263/1869 4457/3264/1869 4455/3265/1982
f 4455/3265/1982 4458/3266/1983 4456/3263/1869
f 4460/3267/1984 4461/3268/1985 4459/3269/1986
f 4459/3269/1986 4462/3270/1986 4460/3267/1984
f 4463/3271/1987 4464/3272/1987 4458/3266/1983
f 4458/3266/1983 4455/3265/1982 4463/3271/1987
f 4465/3273/1988 4466/3274/1988 4461/3268/1985
f 4461/3268/1985 4460/3267/1984 4465/3273/1988
f 4468/3275/2 4469/3276/2 4467/3277/2
f 4467/3277/2 4470/3278/2 4468/3275/2
f 4472/3279/1869 4473/3280/1870 4471/3281/1870
f 4471/3281/1870 4474/3282/1869 4472/3279/1869
f 4476/3283/1984 4477/3284/1985 4475/3285/1986
f 4475/3285/1986 4478/3286/1986 4476/3283/1984
f 4479/3287/1987 4480/3288/1987 4471/3281/1870
f 4471/3281/1870 4473/3280/1870 4479/3287/1987
f 4481/3289/1988 4482/3290/1988 4477/3284/1985
f 4477/3284/1985 4476/3283/1984 4481/3289/1988
f 4303/3156/1989 4149/3036/1879 4151/3035/1990
f 4484/3020/1991 4485/3291/1992 4483/3292/1993
f 4483/3292/1993 4486/3021/1993 4484/3020/1991
f 4487/3248/1994 4488/3293/1994 4485/3291/1992
f 4485/3291/1992 4484/3020/1991 4487/3248/1994
f 4490/3247/1995 4491/3294/1995 4489/3293/1995
f 4489/3293/1995 4492/3248/1995 4490/3247/1995
f 4494/3019/1996 4495/3295/1997 4493/3294/1998
f 4493/3294/1998 4496/3247/1998 4494/3019/1996
f 4497/3018/1999 4498/3296/1999 4495/3295/1997
f 4495/3295/1997 4494/3019/1996 4497/3018/1999
f 4500/3297/2000 4501/3298/2001 4499/3299/2002
f 4499/3299/2002 4502/3300/2000 4500/3297/2000
f 4504/3301/2003 4505/3302/2004 4503/3303/2005
f 4503/3303/2005 4506/3304/2003 4504/3301/2003
f 4508/3243/2006 4509/3305/2007 4507/3306/2008
f 4507/3306/2009 4510/3249/2009 4508/3243/2006
f 4511/3246/2010 4512/3307/2010 4509/3305/2007
f 4509/3305/2007 4508/3243/2006 4511/3246/2010
f 4514/3245/2011 4515/3308/2011 4513/3307/2011
f 4513/3307/2011 4516/3246/2011 4514/3245/2011
f 4518/3244/2012 4519/3309/2013 4517/3308/2014
f 4517/3308/2014 4520/3245/2014 4518/3244/2012
f 4521/3250/2015 4522/3310/2015 4519/3309/2013
f 4519/3309/2013 4518/3244/2012 4521/3250/2015
f 4524/3311/2000 4525/3312/2001 4523/3313/2002
f 4523/3313/2002 4526/3314/2000 4524/3311/2000
f 4528/3266/1991 4529/3315/1992 4527/3316/1993
f 4527/3316/1993 4530/3263/1993 4528/3266/1991
f 4531/3272/1994 4532/3317/1994 4529/3315/1992
f 4529/3315/1992 4528/3266/1991 4531/3272/1994
f 4534/3271/1995 4535/3318/1995 4533/3317/1995
f 4533/3317/1995 4536/3272/1995 4534/3271/1995
f 4538/3265/1996 4539/3319/1997 4537/3318/1998
f 4537/3318/1998 4540/3271/1998 4538/3265/1996
f 4541/3264/1999 4542/3320/1999 4539/3319/1997
f 4539/3319/1997 4538/3265/1996 4541/3264/1999
f 4544/3321/2003 4545/3322/2004 4543/3323/2005
f 4543/3323/2005 4546/3324/2003 4544/3321/2003
f 4548/3267/2006 4549/3325/2007 4547/3326/2008
f 4547/3326/2008 4550/3273/2008 4548/3267/2006
f 4551/3270/2010 4552/3327/2010 4549/3325/2007
f 4549/3325/2007 4548/3267/2006 4551/3270/2010
f 4554/3269/2011 4555/3328/2011 4553/3327/2011
f 4553/3327/2011 4556/3270/2011 4554/3269/2011
f 4558/3268/2012 4559/3329/2013 4557/3328/2014
f 4557/3328/2014 4560/3269/2014 4558/3268/2012
f 4561/3274/2015 4562/3330/2015 4559/3329/2013
f 4559/3329/2013 4558/3268/2012 4561/3274/2015
f 4564/3331/2000 4565/3299/2001 4563/3312/2002
f 4563/3312/2002 4566/3332/2000 4564/3331/2000
f 4568/3242/1991 4569/3295/1992 4567/3296/1993
f 4567/3296/1993 4570/3239/1993 4568/3242/1991
f 4571/3256/1994 4572/3294/1994 4569/3295/1992
f 4569/3295/1992 4568/3242/1991 4571/3256/1994
f 4573/3255/1995 4574/3317/1995 4491/3294/1995
f 4491/3294/1995 4575/3256/1995 4573/3255/1995
f 4577/3241/1996 4578/3315/1997 4576/3317/1998
f 4576/3317/1998 4579/3255/1998 4577/3241/1996
f 4580/3240/1999 4581/3316/1999 4578/3315/1997
f 4578/3315/1997 4577/3241/1996 4580/3240/1999
f 4583/3333/2003 4584/3323/2004 4582/3302/2005
f 4582/3302/2005 4585/3334/2003 4583/3333/2003
f 4587/3251/2006 4588/3329/2007 4586/3330/2009
f 4586/3330/2008 4589/3257/2008 4587/3251/2006
f 4590/3254/2010 4591/3328/2010 4588/3329/2007
f 4588/3329/2007 4587/3251/2006 4590/3254/2010
f 4592/3253/2011 4593/3307/2011 4555/3328/2011
f 4555/3328/2011 4594/3254/2011 4592/3253/2011
f 4596/3252/2012 4597/3305/2013 4595/3307/2014
f 4595/3307/2014 4598/3253/2014 4596/3252/2012
f 4599/3258/2015 4600/3306/2015 4597/3305/2013
f 4597/3305/2013 4596/3252/2012 4599/3258/2015
f 4602/3335/2000 4603/3313/2001 4601/3336/2002
f 4601/3336/2002 4604/3337/2000 4602/3335/2000
f 4606/3281/1991 4607/3319/1992 4605/3320/1993
f 4605/3320/1993 4608/3282/1993 4606/3281/1991
f 4609/3288/1994 4610/3318/1994 4607/3319/1992
f 4607/3319/1992 4606/3281/1991 4609/3288/1994
f 4611/3287/1995 4612/3034/1995 4535/3318/1995
f 4535/3318/1995 4613/3288/1995 4611/3287/1995
f 4614/3280/1996 4151/3035/1990 4150/3034/2016
f 4150/3034/2016 4615/3287/1998 4614/3280/1996
f 4616/3279/1999 4303/3156/1989 4151/3035/1990
f 4151/3035/2017 4614/3280/1996 4616/3279/1999
f 4618/3338/2003 4619/3339/2004 4617/3322/2005
f 4617/3322/2005 4620/3340/2003 4618/3338/2003
f 4622/3283/2006 4143/3027/1873 4621/3042/2008
f 4621/3042/2008 4623/3289/2008 4622/3283/2018
f 4624/3286/2010 4141/3028/1874 4143/3027/1883
f 4143/3027/1883 4622/3283/2006 4624/3286/2010
f 4626/3285/2011 4627/3327/2011 4625/3028/2011
f 4625/3028/2011 4628/3286/2011 4626/3285/2011
f 4630/3284/2012 4631/3325/2013 4629/3327/2014
f 4629/3327/2014 4632/3285/2014 4630/3284/2012
f 4633/3290/2015 4634/3326/2015 4631/3325/2013
f 4631/3325/2013 4630/3284/2012 4633/3290/2015
f 4635/3341/2019 4582/3302/2005 4584/3323/2004
f 4584/3323/2004 4636/3342/2019 4635/3341/2019
f 4638/3343/2020 4639/3344/2020 4637/3345/2020
f 4637/3345/2021 4640/3346/2021 4638/3343/2021
f 4641/3347/2022 4563/3312/2002 4565/3299/2001
f 4565/3299/2001 4642/3348/2023 4641/3347/2023
f 4644/3237/2024 4645/3236/2024 4643/3349/2024
f 4643/3349/2025 4646/3350/2025 4644/3237/2025
f 4648/3277/2024 4649/3276/2024 4647/2993/2024
f 4647/2993/2024 4650/3131/2024 4648/3277/2024
f 4651/3351/2026 4617/3322/2005 4619/3339/2004
f 4619/3339/2004 4652/3352/2019 4651/3351/2019
f 4654/3353/2020 4655/3354/2020 4653/3355/2020
f 4653/3355/2020 4656/3356/2020 4654/3353/2020
f 4657/3357/2022 4601/3336/2002 4603/3313/2001
f 4603/3313/2001 4658/3358/2022 4657/3357/2022
f 4660/3017/2021 4661/3016/2021 4659/2461/2021
f 4659/2461/2021 4662/3359/2021 4660/3017/2021
f 4663/3360/2022 4499/3299/2002 4501/3298/2001
f 4501/3298/2001 4664/3361/2023 4663/3360/2023
f 4666/3362/2025 4667/3363/2025 4665/3364/2025
f 4665/3364/2025 4668/3365/2025 4666/3362/2025
f 4669/3366/2019 4503/3303/2005 4505/3302/2004
f 4505/3302/2004 4670/3367/2019 4669/3366/2019
f 4671/3368/2019 4543/3323/2005 4545/3322/2004
f 4545/3322/2004 4672/3369/2026 4671/3368/2026
f 4674/3370/2021 4675/3371/2021 4673/3372/2021
f 4673/3372/2021 4676/3373/2021 4674/3370/2021
f 4677/3374/2022 4523/3313/2002 4525/3312/2001
f 4525/3312/2001 4678/3375/2023 4677/3374/2023
f 4680/3261/2024 4681/3260/2024 4679/3376/2024
f 4679/3376/2024 4682/3377/2024 4680/3261/2024
f 4040/2942/1823 4042/2945/1826 4683/3378/2027
f 4683/3378/2027 4684/3379/2027 4040/2942/1823
f 4685/3380/2028 4686/3381/2028 4063/2965/1836
f 4063/2965/1836 4065/2968/2029 4685/3380/2028
f 4688/3382/2030 4689/3383/2030 4687/3384/2030
f 4687/3384/2030 4690/3385/2030 4688/3382/2030
f 4692/2953/2031 4693/3386/2031 4691/3387/2031
f 4692/2953/2031 4691/3387/2031 4694/3388/2031
f 4692/2953/2031 4694/3388/2031 4695/3389/2031
f 4692/2953/2031 4695/3389/2031 4696/3390/2031
f 4697/2955/2031 4692/2953/2031 4696/3390/2031
f 4699/3391/2032 4700/3392/2032 4698/3393/2032
f 4702/3393/2033 4703/3394/2033 4701/3391/2033
f 4705/3395/2034 4706/2982/2035 4704/2986/2034
f 4704/2986/2034 4707/3396/2036 4705/3395/2034
f 4068/2970/2037 4065/2968/1838 4066/2969/2038
f 4066/2969/2038 4069/2971/1841 4068/2970/2037
f 4709/3397/2039 4710/3398/2039 4708/3399/2039
f 4712/3399/2040 4713/3400/2040 4711/3397/2040
f 4715/3401/2041 4716/3381/2041 4714/3380/2041
f 4714/3380/2041 4717/2973/2041 4715/3401/2041
f 4719/3394/2042 4720/3402/2042 4718/3392/2042
f 4722/3392/2043 4723/3391/2043 4721/3394/2043
f 4725/2955/2044 4726/3390/2044 4724/3389/2044
f 4725/2955/2044 4724/3389/2044 4727/3388/2044
f 4725/2955/2044 4727/3388/2044 4728/3387/2044
f 4725/2955/2044 4728/3387/2044 4729/3386/2044
f 4730/2953/2044 4725/2955/2044 4729/3386/2044
f 4732/3403/2045 4733/3404/2045 4731/3405/2045
f 4731/3405/2045 4734/3406/2045 4732/3403/2045
f 4736/2962/2046 4737/3379/2046 4735/3378/2046
f 4735/3378/2046 4738/3407/2046 4736/2962/2046
f 4740/3408/2047 4741/3409/2047 4739/3410/2047
f 4743/3410/2048 4744/3411/2048 4742/3408/2048
f 4061/2964/2049 4041/2943/1824 4040/2942/1823
f 4040/2942/1823 4059/2961/2050 4061/2964/2049
f 4746/3412/2051 4747/3001/2052 4745/3000/2053
f 4745/3000/2053 4748/3413/2054 4746/3412/2053
f 4750/3414/883 4751/3415/883 4749/3416/883
f 4749/3416/883 4752/3417/883 4750/3414/883
f 4754/3418/883 4755/3419/883 4753/3420/883
f 4753/3420/883 4756/3421/883 4754/3418/883
f 4758/3422/883 4759/3423/883 4757/3424/883
f 4757/3424/883 4760/3425/883 4758/3422/883
f 4762/3426/2055 4763/3427/2055 4761/3428/2055
f 4761/3428/2055 4764/3383/2055 4762/3426/2055
f 4766/3429/2056 4767/3430/2056 4765/3431/2056
f 4765/3431/2056 4768/3432/2056 4766/3429/2056
f 4770/3433/2057 4771/3434/2057 4769/3435/2057
f 4769/3435/2057 4772/3436/2057 4770/3433/2057
f 4774/3437/2058 4775/3438/2058 4773/3439/2058
f 4773/3439/2058 4776/3440/2058 4774/3437/2058
f 4778/3441/2056 4779/3442/2056 4777/3443/2056
f 4777/3443/2056 4780/3444/2056 4778/3441/2056
f 4782/3433/2057 4783/3434/2057 4781/3435/2057
f 4781/3435/2057 4784/3436/2057 4782/3433/2057
f 4786/3445/2058 4787/3446/2058 4785/3447/2058
f 4785/3447/2058 4788/3448/2058 4786/3445/2058
f 4790/3426/2055 4791/3427/2055 4789/3428/2055
f 4789/3428/2055 4792/3383/2055 4790/3426/2055
f 4794/3433/2057 4795/3434/2057 4793/3435/2057
f 4793/3435/2057 4796/3436/2057 4794/3433/2057
f 4798/3449/2058 4799/3447/2058 4797/2995/2058
f 4797/2995/2058 4800/3450/2058 4798/3449/2058
f 4802/3426/2055 4803/3427/2055 4801/3428/2055
f 4801/3428/2055 4804/3383/2055 4802/3426/2055
f 4805/3451/2056 4806/2988/2056 4779/3442/2056
f 4779/3442/2056 4807/3452/2056 4805/3451/2056
f 4809/3453/2056 4777/3443/2056 4808/3430/2056
f 4808/3430/2056 4810/3454/2056 4809/3453/2056
f 4812/3433/2057 4813/3434/2057 4811/3435/2057
f 4811/3435/2057 4814/3436/2057 4812/3433/2057
f 4816/3455/2058 4817/3439/2058 4815/3446/2058
f 4815/3446/2058 4818/3456/2058 4816/3455/2058
f 4820/3426/2055 4821/3427/2055 4819/3428/2055
f 4819/3428/2055 4822/3383/2055 4820/3426/2055
f 4824/3457/1868 4825/3458/1868 4823/3080/1868
f 4823/3080/1868 4826/3079/1868 4824/3457/1868
f 4828/3459/2059 4829/3460/2059 4827/3461/2059
f 4827/3461/2059 4830/3462/2059 4828/3459/2059
f 4831/3060/1884 4230/3063/1884 4227/3062/1884
f 4227/3062/1884 4832/3061/1884 4831/3060/1884
f 4834/3463/1899 4835/3464/1899 4833/3465/1899
f 4836/3466/1899 4834/3463/1899 4833/3465/1899
f 4837/3467/1899 4836/3466/1899 4833/3465/1899
f 4839/3468/2060 4840/3469/2060 4838/3470/2060
f 4838/3470/2060 4841/3471/2060 4839/3468/2060
f 4244/3107/1889 4241/3106/1889 4842/3472/1889
f 4843/3473/1889 4244/3107/1889 4842/3472/1889
f 4844/3474/1889 4843/3473/1889 4842/3472/1889
f 4846/3061/1891 4847/3062/1891 4845/3475/1891
f 4845/3475/1891 4848/3476/1891 4846/3061/1891
f 4850/3477/2061 4851/3478/2061 4849/3479/2061
f 4849/3479/2061 4852/3480/2061 4850/3477/2061
f 4854/3481/2062 4855/3482/2062 4853/3483/2062
f 4853/3483/2062 4856/3484/2062 4854/3481/2062
f 4858/3485/1897 4859/3082/1897 4857/3033/1897
f 4857/3033/1897 4860/3032/1897 4858/3485/1897
f 4862/3486/551 4863/3487/551 4861/3480/551
f 4861/3480/551 4864/3479/551 4862/3486/551
f 4866/3488/2063 4867/3489/2063 4865/3471/2063
f 4865/3471/2063 4868/3470/2063 4866/3488/2063
f 4870/3490/2064 4871/3491/2064 4869/3492/2064
f 4872/3493/2064 4870/3490/2064 4869/3492/2064
f 4873/3494/2064 4872/3493/2064 4869/3492/2064
f 4875/3495/2065 4876/3496/2065 4874/3497/2065
f 4874/3497/2065 4877/3498/2065 4875/3495/2065
f 4879/3499/2066 4880/3500/2066 4878/3462/2066
f 4878/3462/2066 4881/3461/2066 4879/3499/2066
f 4883/3501/1876 4884/3088/1876 4882/3087/1876
f 4882/3087/1876 4885/3092/1876 4883/3501/1876
f 4887/3502/1887 4888/3503/1887 4886/3504/1887
f 4886/3504/1887 4889/3505/1887 4887/3502/1887
f 4891/3043/1888 4892/3046/1888 4890/3045/1888
f 4890/3045/1888 4893/3044/1888 4891/3043/1888
f 4895/3506/1893 4896/3507/1893 4894/3012/1893
f 4894/3012/1893 4897/3011/1893 4895/3506/1893
f 4899/3044/1895 4900/3045/1895 4898/3508/1895
f 4898/3508/1895 4901/3509/1895 4899/3044/1895
f 4903/3510/2067 4904/3307/2067 4902/3328/2067
f 4902/3328/2067 4905/3511/2067 4903/3510/2067
f 4907/3512/2068 4908/3513/2069 4906/3514/2068
f 4906/3514/2070 4909/3515/2070 4907/3512/2070
f 4910/3516/2071 4911/3517/2071 4908/3513/2069
f 4913/3513/2072 4914/3512/2072 4912/3516/2072
f 4916/3518/2073 4917/3519/2074 4915/3517/2075
f 4915/3517/2076 4918/3516/2076 4916/3518/2073
f 4920/3520/2077 4921/3521/2078 4919/3519/2079
f 4917/3519/2074 4916/3518/2073 4922/3520/2080
f 4923/3522/2081 4924/3523/2081 4921/3521/2078
f 4921/3521/2082 4920/3520/2083 4923/3522/2081
f 4926/3524/2084 4927/3525/2084 4925/3526/2084
f 4925/3526/2084 4928/3527/2084 4926/3524/2084
f 4930/3528/2085 4931/3529/2086 4929/3530/2087
f 4929/3530/2087 4932/3531/2087 4930/3528/2085
f 4933/3532/2088 4934/3533/2089 4931/3529/2086
f 4931/3529/2086 4930/3528/2085 4933/3532/2088
f 4936/3534/2090 4937/3535/2090 4935/3533/2090
f 4935/3533/2091 4938/3532/2092 4936/3534/2091
f 4940/3536/2093 4941/3537/2094 4939/3535/2093
f 4939/3535/2093 4942/3534/2095 4940/3536/2093
f 4944/3538/2096 4945/3539/2096 4943/3537/2096
f 4943/3537/2097 4946/3536/2097 4944/3538/2097
f 4905/3511/2067 4902/3328/2067 4947/3327/2067
f 4947/3327/2067 4948/3540/2067 4905/3511/2067
f 4950/3541/2098 4951/3317/2098 4949/3294/2098
f 4949/3294/2098 4952/3542/2098 4950/3541/2098
f 4953/3543/2098 4954/3318/2098 4951/3317/2098
f 4951/3317/2098 4950/3541/2098 4953/3543/2098
f 4956/3544/2099 4957/3545/2100 4955/3546/2099
f 4955/3546/2101 4958/3547/2101 4956/3544/2101
f 4959/3548/2102 4960/3549/2102 4957/3545/2100
f 4962/3545/2103 4963/3544/2103 4961/3548/2103
f 4965/3550/2104 4966/3551/2105 4964/3549/2106
f 4964/3549/2107 4967/3548/2107 4965/3550/2104
f 4969/3552/2108 4970/3553/2109 4968/3551/2110
f 4966/3551/2105 4965/3550/2104 4971/3552/2111
f 4972/3554/2087 4973/3555/2087 4970/3553/2109
f 4970/3553/2109 4969/3552/2112 4972/3554/2087
f 4975/3556/2113 4976/3557/2113 4974/3558/2113
f 4974/3558/2113 4977/3559/2113 4975/3556/2113
f 4979/3560/2114 4980/3561/2115 4978/3562/2081
f 4978/3562/2081 4981/3563/2081 4979/3560/2114
f 4982/3564/2116 4983/3565/2117 4980/3561/2115
f 4980/3561/2115 4979/3560/2114 4982/3564/2116
f 4985/3566/2118 4986/3567/2118 4984/3565/2118
f 4984/3565/2119 4987/3564/2119 4985/3566/2119
f 4989/3568/2120 4990/3569/2121 4988/3567/2120
f 4988/3567/2120 4991/3566/2122 4989/3568/2120
f 4993/3570/2123 4994/3571/2123 4992/3569/2123
f 4992/3569/2124 4995/3568/2124 4993/3570/2124
f 4997/3572/2125 4998/2990/2126 4996/3573/2125
f 4996/3573/2125 4999/3574/2127 4997/3572/2125
f 5001/2985/2128 5002/3575/2128 5000/3576/2128
f 5004/3576/2129 5005/3577/2129 5003/2985/2129
f 5007/3578/2130 5008/3579/2130 5006/3580/2130
f 5006/3580/2130 5009/3581/2130 5007/3578/2130
f 5011/3582/2131 5012/3583/2131 5010/3584/2131
f 5014/3584/2132 5015/3585/2133 5013/3582/2134
f 5017/3586/2135 5018/3587/2136 5016/2997/2135
f 5016/2997/2135 5019/3588/2137 5017/3586/2135
f 5021/3589/2138 5022/3590/2138 5020/3591/2138
f 5024/3591/2139 5025/3592/2139 5023/3589/2139
f 5027/3593/2140 5028/3594/2140 5026/2967/2140
f 5026/2967/2140 5029/3595/2140 5027/3593/2140
f 5031/3596/1898 5032/3597/1898 5030/3594/1898
f 5030/3594/1898 5033/3593/1898 5031/3596/1898
f 5034/3598/2141 4327/3173/1969 5032/3597/1898
f 5032/3597/1898 5031/3596/1898 5034/3598/2141
f 5035/3599/2142 4330/3174/1970 4327/3173/2143
f 4327/3173/1969 5034/3598/2144 5035/3599/2145
f 5037/3600/2146 5038/3601/2146 5036/3602/2146
f 5036/3602/2146 5039/3603/2146 5037/3600/2146
f 5040/3604/2147 4313/3164/1953 4311/3162/1952
f 4311/3162/1952 5041/3605/2148 5040/3604/2149
f 5042/3606/1903 5043/3607/1903 4313/3164/2150
f 4313/3164/2151 5040/3604/2152 5042/3606/1903
f 5044/3608/1903 5045/3609/1903 5043/3607/1903
f 5043/3607/1903 5042/3606/1903 5044/3608/1903
f 5047/3610/2153 5048/2944/2153 5046/3609/2153
f 5046/3609/2153 5049/3608/2153 5047/3610/2153
f 5051/3611/2154 5052/3612/2155 5050/3613/2154
f 5050/3613/2156 5053/3614/2157 5051/3611/2154
f 5055/3179/457 5056/3180/457 5054/3181/457
f 5054/3181/457 5057/3182/457 5055/3179/457
f 5059/3183/459 5060/3184/459 5058/3185/459
f 5058/3185/459 5061/3186/459 5059/3183/459
f 5063/3615/1 5064/3616/1 5062/3617/1
f 5062/3617/1 5065/3618/1 5063/3615/1
f 5067/3615/73 5068/3618/73 5066/3619/73
f 5066/3619/73 5069/3620/73 5067/3615/73
f 5071/3621/154 5072/3622/154 5070/3623/154
f 5070/3623/154 5073/3624/154 5071/3621/154
f 5075/3625/1976 5076/3626/1976 5074/3627/1977
f 5074/3627/1977 5077/3628/1980 5075/3625/1976
f 5057/3182/457 5054/3181/457 5078/3201/457
f 5078/3201/457 5079/3202/457 5057/3182/457
f 5059/3183/459 5061/3186/459 5080/3203/459
f 5080/3203/459 5081/3204/459 5059/3183/459
f 5083/3629/2 5084/3630/2 5082/3631/2
f 5082/3631/2 5085/3632/2 5083/3629/2
f 5087/3633/1979 5088/3634/1979 5086/3617/1979
f 5086/3617/1979 5089/3616/1979 5087/3633/1979
f 5077/3628/1980 5074/3627/1977 5090/3630/883
f 5090/3630/883 5091/3635/883 5077/3628/1980
f 5079/3202/457 5078/3201/457 5092/3213/457
f 5092/3213/457 5093/3214/457 5079/3202/457
f 5081/3204/459 5080/3203/459 5094/3215/459
f 5094/3215/459 5095/3216/459 5081/3204/459
f 5097/3632/1981 5098/3631/1981 5096/3626/1981
f 5096/3626/1981 5099/3636/1981 5097/3632/1981
f 5101/3179/457 5102/3180/457 5100/3181/457
f 5100/3181/457 5103/3182/457 5101/3179/457
f 5105/3183/459 5106/3184/459 5104/3185/459
f 5104/3185/459 5107/3186/459 5105/3183/459
f 5109/3637/1 5110/3638/1 5108/3639/1
f 5108/3639/1 5111/3640/1 5109/3637/1
f 5113/3637/73 5114/3640/73 5112/3641/73
f 5112/3641/73 5115/3642/73 5113/3637/73
f 5117/3643/154 5118/3644/154 5116/3645/154
f 5116/3645/154 5119/3646/154 5117/3643/154
f 5121/3647/1976 5122/3648/1976 5120/3649/1977
f 5120/3649/1977 5123/3650/1980 5121/3647/1976
f 5103/3182/457 5100/3181/457 5124/3201/457
f 5124/3201/457 5125/3202/457 5103/3182/457
f 5105/3183/459 5107/3186/459 5126/3203/459
f 5126/3203/459 5127/3204/459 5105/3183/459
f 5129/3651/2 5130/3652/2 5128/3653/2
f 5128/3653/2 5131/3654/2 5129/3651/2
f 5133/3655/1979 5134/3656/1979 5132/3639/1979
f 5132/3639/1979 5135/3638/1979 5133/3655/1979
f 5123/3650/1980 5120/3649/1977 5136/3657/883
f 5136/3657/883 5137/3658/883 5123/3650/1980
f 5125/3202/457 5124/3201/457 5138/3213/457
f 5138/3213/457 5139/3214/457 5125/3202/457
f 5127/3204/459 5126/3203/459 5140/3215/459
f 5140/3215/459 5141/3216/459 5127/3204/459
f 5143/3654/1981 5144/3653/1981 5142/3659/1981
f 5142/3659/1981 5145/3660/1981 5143/3654/1981
f 5147/3179/457 5148/3180/457 5146/3181/457
f 5146/3181/457 5149/3182/457 5147/3179/457
f 5151/3183/459 5152/3184/459 5150/3185/459
f 5150/3185/459 5153/3186/459 5151/3183/459
f 5155/3661/1 5156/3662/1 5154/3663/1
f 5154/3663/1 5157/3664/1 5155/3661/1
f 5159/3661/73 5160/3664/73 5158/3665/73
f 5158/3665/73 5161/3666/73 5159/3661/73
f 5163/3667/154 5164/3668/154 5162/3669/154
f 5162/3669/154 5165/3670/154 5163/3667/154
f 5167/3671/1976 5168/3672/1976 5166/3673/1977
f 5166/3673/1977 5169/3674/1978 5167/3671/1976
f 5149/3182/457 5146/3181/457 5170/3201/457
f 5170/3201/457 5171/3202/457 5149/3182/457
f 5151/3183/459 5153/3186/459 5172/3203/459
f 5172/3203/459 5173/3204/459 5151/3183/459
f 5175/3675/2 5176/3676/2 5174/3677/2
f 5174/3677/2 5177/3678/2 5175/3675/2
f 5179/3679/1979 5180/3680/1979 5178/3663/1979
f 5178/3663/1979 5181/3662/1979 5179/3679/1979
f 5169/3674/1980 5166/3673/1977 5182/3681/883
f 5182/3681/883 5183/3675/883 5169/3674/1980
f 5171/3202/457 5170/3201/457 5184/3213/457
f 5184/3213/457 5185/3214/457 5171/3202/457
f 5173/3204/459 5172/3203/459 5186/3215/459
f 5186/3215/459 5187/3216/459 5173/3204/459
f 5189/3678/1981 5190/3677/1981 5188/3682/1981
f 5188/3682/1981 5191/3671/1981 5189/3678/1981
f 5193/3179/457 5194/3180/457 5192/3181/457
f 5192/3181/457 5195/3182/457 5193/3179/457
f 5197/3183/459 5198/3184/459 5196/3185/459
f 5196/3185/459 5199/3186/459 5197/3183/459
f 5201/3683/1 5202/3684/1 5200/3685/1
f 5200/3685/1 5203/3686/1 5201/3683/1
f 5205/3683/73 5206/3686/73 5204/3687/73
f 5204/3687/73 5207/3688/73 5205/3683/73
f 5209/3689/154 5210/3690/154 5208/3691/154
f 5208/3691/154 5211/3692/154 5209/3689/154
f 5213/3693/1976 5214/3694/1976 5212/3695/1977
f 5212/3695/1977 5215/3696/1980 5213/3693/1976
f 5195/3182/457 5192/3181/457 5216/3201/457
f 5216/3201/457 5217/3202/457 5195/3182/457
f 5197/3183/459 5199/3186/459 5218/3203/459
f 5218/3203/459 5219/3204/459 5197/3183/459
f 5221/3697/2 5222/3698/2 5220/3699/2
f 5220/3699/2 5223/3700/2 5221/3697/2
f 5225/3701/1979 5226/3702/1979 5224/3685/1979
f 5224/3685/1979 5227/3684/1979 5225/3701/1979
f 5215/3696/1980 5212/3695/1977 5228/3703/883
f 5228/3703/883 5229/3704/883 5215/3696/1980
f 5217/3202/457 5216/3201/457 5230/3213/457
f 5230/3213/457 5231/3214/457 5217/3202/457
f 5219/3204/459 5218/3203/459 5232/3215/459
f 5232/3215/459 5233/3216/459 5219/3204/459
f 5235/3700/1981 5236/3699/1981 5234/3705/1981
f 5234/3705/1981 5237/3706/1981 5235/3700/1981
f 5239/3179/457 5240/3180/457 5238/3181/457
f 5238/3181/457 5241/3182/457 5239/3179/457
f 5243/3183/459 5244/3184/459 5242/3185/459
f 5242/3185/459 5245/3186/459 5243/3183/459
f 5247/3707/1 5248/3708/1 5246/3709/1
f 5246/3709/1 5249/3710/1 5247/3707/1
f 5251/3707/73 5252/3710/73 5250/3711/73
f 5250/3711/73 5253/3712/73 5251/3707/73
f 5255/3713/154 5256/3714/154 5254/3715/154
f 5254/3715/154 5257/3716/154 5255/3713/154
f 5259/3626/1976 5260/3625/1976 5258/3628/1977
f 5258/3628/1977 5261/3627/1980 5259/3626/1976
f 5241/3182/457 5238/3181/457 5262/3201/457
f 5262/3201/457 5263/3202/457 5241/3182/457
f 5243/3183/459 5245/3186/459 5264/3203/459
f 5264/3203/459 5265/3204/459 5243/3183/459
f 5267/3717/2 5268/3635/2 5266/3718/2
f 5266/3718/2 5269/3719/2 5267/3717/2
f 5271/3720/1979 5272/3721/1979 5270/3709/1979
f 5270/3709/1979 5273/3708/1979 5271/3720/1979
f 5261/3627/1980 5258/3628/1977 5274/3635/883
f 5274/3635/883 5275/3630/883 5261/3627/1980
f 5263/3202/457 5262/3201/457 5276/3213/457
f 5276/3213/457 5277/3214/457 5263/3202/457
f 5265/3204/459 5264/3203/459 5278/3215/459
f 5278/3215/459 5279/3216/459 5265/3204/459
f 5281/3719/1981 5282/3718/1981 5280/3625/1981
f 5280/3625/1981 5283/3722/1981 5281/3719/1981
f 5285/3179/457 5286/3180/457 5284/3181/457
f 5284/3181/457 5287/3182/457 5285/3179/457
f 5289/3183/459 5290/3184/459 5288/3185/459
f 5288/3185/459 5291/3186/459 5289/3183/459
f 5293/3723/1 5294/3724/1 5292/3725/1
f 5292/3725/1 5295/3726/1 5293/3723/1
f 5297/3723/73 5298/3726/73 5296/3727/73
f 5296/3727/73 5299/3728/73 5297/3723/73
f 5301/3729/154 5302/3730/154 5300/3731/154
f 5300/3731/154 5303/3732/154 5301/3729/154
f 5305/3672/1976 5306/3671/1976 5304/3674/1977
f 5304/3674/1977 5307/3673/2158 5305/3672/1976
f 5287/3182/457 5284/3181/457 5308/3201/457
f 5308/3201/457 5309/3202/457 5287/3182/457
f 5289/3183/459 5291/3186/459 5310/3203/459
f 5310/3203/459 5311/3204/459 5289/3183/459
f 5313/3733/2 5314/3734/2 5312/3735/2
f 5312/3735/2 5315/3736/2 5313/3733/2
f 5317/3737/1979 5318/3738/1979 5316/3725/1979
f 5316/3725/1979 5319/3724/1979 5317/3737/1979
f 5307/3673/1980 5304/3674/1977 5320/3675/883
f 5320/3675/883 5321/3681/883 5307/3673/1980
f 5309/3202/457 5308/3201/457 5322/3213/457
f 5322/3213/457 5323/3214/457 5309/3202/457
f 5311/3204/459 5310/3203/459 5324/3215/459
f 5324/3215/459 5325/3216/459 5311/3204/459
f 5327/3736/1981 5328/3735/1981 5326/3739/1981
f 5326/3739/1981 5329/3740/1981 5327/3736/1981
f 5331/3179/457 5332/3180/457 5330/3181/457
f 5330/3181/457 5333/3182/457 5331/3179/457
f 5335/3183/459 5336/3184/459 5334/3185/459
f 5334/3185/459 5337/3186/459 5335/3183/459
f 5339/3741/1 5340/3742/1 5338/3743/1
f 5338/3743/1 5341/3744/1 5339/3741/1
f 5343/3741/73 5344/3744/73 5342/3745/73
f 5342/3745/73 5345/3746/73 5343/3741/73
f 5347/3747/154 5348/3748/154 5346/3749/154
f 5346/3749/154 5349/3750/154 5347/3747/154
f 5351/3648/1976 5352/3647/1976 5350/3650/1977
f 5350/3650/1977 5353/3649/1980 5351/3648/1976
f 5333/3182/457 5330/3181/457 5354/3201/457
f 5354/3201/457 5355/3202/457 5333/3182/457
f 5335/3183/459 5337/3186/459 5356/3203/459
f 5356/3203/459 5357/3204/459 5335/3183/459
f 5359/3657/2 5360/3751/2 5358/3752/2
f 5358/3752/2 5361/3753/2 5359/3657/2
f 5363/3754/1979 5364/3755/1979 5362/3743/1979
f 5362/3743/1979 5365/3742/1979 5363/3754/1979
f 5353/3649/1980 5350/3650/2159 5366/3658/883
f 5366/3658/883 5367/3657/883 5353/3649/1980
f 5355/3202/457 5354/3201/457 5368/3213/457
f 5368/3213/457 5369/3214/457 5355/3202/457
f 5357/3204/459 5356/3203/459 5370/3215/459
f 5370/3215/459 5371/3216/459 5357/3204/459
f 5373/3753/1981 5374/3752/1981 5372/3756/1981
f 5372/3756/1981 5375/3648/1981 5373/3753/1981
f 5377/3179/457 5378/3180/457 5376/3181/457
f 5376/3181/457 5379/3182/457 5377/3179/457
f 5381/3183/459 5382/3184/459 5380/3185/459
f 5380/3185/459 5383/3186/459 5381/3183/459
f 5385/3757/1 5386/3758/1 5384/3759/1
f 5384/3759/1 5387/3760/1 5385/3757/1
f 5389/3757/73 5390/3760/73 5388/3761/73
f 5388/3761/73 5391/3762/73 5389/3757/73
f 5393/3763/154 5394/3764/154 5392/3765/154
f 5392/3765/154 5395/3766/154 5393/3763/154
f 5397/3694/1976 5398/3693/1976 5396/3696/1977
f 5396/3696/1977 5399/3695/1980 5397/3694/1976
f 5379/3182/457 5376/3181/457 5400/3201/457
f 5400/3201/457 5401/3202/457 5379/3182/457
f 5381/3183/459 5383/3186/459 5402/3203/459
f 5402/3203/459 5403/3204/459 5381/3183/459
f 5405/3703/2 5406/3767/2 5404/3768/2
f 5404/3768/2 5407/3769/2 5405/3703/2
f 5409/3770/1979 5410/3771/1979 5408/3759/1979
f 5408/3759/1979 5411/3758/1979 5409/3770/1979
f 5399/3695/1980 5396/3696/1977 5412/3704/883
f 5412/3704/883 5413/3703/883 5399/3695/1980
f 5401/3202/457 5400/3201/457 5414/3213/457
f 5414/3213/457 5415/3214/457 5401/3202/457
f 5403/3204/459 5402/3203/459 5416/3215/459
f 5416/3215/459 5417/3216/459 5403/3204/459
f 5419/3769/1981 5420/3768/1981 5418/3772/1981
f 5418/3772/1981 5421/3694/1981 5419/3769/1981
f 5423/3773/459 5424/3774/2160 5422/3775/2161
f 5422/3775/2161 5425/3776/459 5423/3773/459
f 5427/3777/2162 5428/3778/2162 5426/3779/457
f 5426/3779/457 5429/3780/457 5427/3777/2162
f 5431/3781/2 5432/3782/2163 5430/3783/2164
f 5430/3783/2164 5433/3784/2 5431/3781/2
f 5435/3785/154 5436/3786/154 5434/3787/154
f 5434/3787/154 5437/3788/154 5435/3785/154
f 5439/3789/883 5440/3790/883 5438/3791/883
f 5438/3791/883 5441/3792/883 5439/3789/883
f 5424/3774/2165 5443/3793/2166 5442/3794/2166
f 5442/3794/2166 5422/3775/2161 5424/3774/2165
f 5427/3777/2167 5445/3795/2168 5444/3796/2168
f 5444/3796/2168 5428/3778/2167 5427/3777/2167
f 5432/3782/2163 5447/3797/2169 5446/3798/2169
f 5446/3798/2169 5430/3783/2164 5432/3782/2163
f 5440/3790/883 5449/3799/883 5448/3800/883
f 5448/3800/883 5438/3791/883 5440/3790/883
f 5451/3773/459 5452/3774/2160 5450/3775/2161
f 5450/3775/2161 5453/3776/459 5451/3773/459
f 5455/3777/2162 5456/3778/2162 5454/3779/457
f 5454/3779/457 5457/3780/457 5455/3777/2162
f 5459/3800/2 5460/3791/2163 5458/3790/2164
f 5458/3790/2164 5461/3799/2 5459/3800/2
f 5463/3801/154 5464/3802/154 5462/3803/154
f 5462/3803/154 5465/3804/154 5463/3801/154
f 5467/3792/883 5468/3783/883 5466/3782/883
f 5466/3782/883 5469/3789/883 5467/3792/883
f 5452/3774/2165 5471/3793/2166 5470/3794/2166
f 5470/3794/2166 5450/3775/2161 5452/3774/2165
f 5455/3777/2167 5473/3795/2168 5472/3796/2168
f 5472/3796/2168 5456/3778/2167 5455/3777/2167
f 5460/3791/2163 5475/3792/2169 5474/3805/2169
f 5474/3805/2169 5458/3790/2164 5460/3791/2163
f 5468/3783/883 5477/3784/883 5476/3781/883
f 5476/3781/883 5466/3782/883 5468/3783/883
f 5479/3806/2170 5480/3471/2170 5478/3470/2170
f 5478/3470/2170 5481/3807/2170 5479/3806/2170
f 5483/3808/2171 5484/3809/2171 5482/3810/2171
f 5482/3810/2171 5485/3811/2171 5483/3808/2171
f 5487/3483/2172 5488/3460/2172 5486/3459/2172
f 5486/3459/2172 5489/3484/2172 5487/3483/2172
f 5491/3812/2173 5492/3813/2173 5490/3814/2173
f 5490/3814/2173 5493/3815/2173 5491/3812/2173
f 5495/3807/2174 5496/3470/2174 5494/3471/2174
f 5494/3471/2174 5497/3806/2174 5495/3807/2174
f 5499/3816/2175 5500/3817/2175 5498/3818/2175
f 5498/3818/2175 5501/3819/2175 5499/3816/2175
f 5503/3497/2176 5504/3487/2176 5502/3486/2176
f 5502/3486/2176 5505/3498/2176 5503/3497/2176
f 5507/3820/2177 5508/3821/2177 5506/3822/2177
f 5506/3822/2177 5509/3823/2177 5507/3820/2177
f 5511/3824/2178 5512/3825/2178 5510/3826/2178
f 5510/3826/2178 5513/55/2178 5511/3824/2178
f 5515/3827/2179 5516/3825/2179 5514/3824/2179
f 5514/3824/2179 5517/527/2179 5515/3827/2179
f 5519/3828/154 5520/3829/154 5518/3830/154
f 5518/3830/154 5521/3831/154 5519/3828/154
f 5523/3832/883 5524/3833/883 5522/3834/883
f 5522/3834/883 5525/3835/883 5523/3832/883
f 5527/3378/2180 5528/3836/2181 5526/3837/2180
f 5526/3837/2182 5529/3838/2183 5527/3378/2182
f 5531/3839/2184 5532/3840/2185 5530/3841/2184
f 5530/3841/2184 5533/3381/2186 5531/3839/2184
f 5520/3829/154 5535/3842/154 5534/3843/154
f 5534/3843/154 5518/3830/154 5520/3829/154
f 5537/3844/2187 5538/3845/2187 5536/3846/2187
f 5536/3846/2187 5539/3847/2187 5537/3844/2187
f 5541/3846/2188 5542/3845/2188 5540/3844/2188
f 5540/3844/2188 5543/3847/2188 5541/3846/2188
f 5545/3848/154 5546/3849/154 5544/3850/154
f 5544/3850/154 5547/3851/154 5545/3848/154
f 5549/3852/883 5550/3853/883 5548/3854/883
f 5548/3854/883 5551/3855/883 5549/3852/883
f 5553/3856/2189 5554/3857/2189 5552/3858/2189
f 5552/3858/2189 5555/3859/2189 5553/3856/2189
f 5557/3860/2190 5558/3861/2190 5556/3862/2190
f 5556/3862/2190 5559/3863/2190 5557/3860/2190
f 5546/3849/154 5561/3864/154 5560/3865/154
f 5560/3865/154 5544/3850/154 5546/3849/154
f 5563/3866/2191 5564/3867/2191 5562/624/2191
f 621/516/440 5566/3866/440 5565/624/440
f 624/517/440 621/516/440 5565/624/440
f 5568/3868/2192 5569/3869/2192 5567/3870/2192
f 5567/3870/2192 5570/3871/2192 5568/3868/2192
f 5572/517/2193 5573/624/2193 5571/3867/2193
f 5575/516/2194 5576/517/2194 5574/3867/2194
f 5577/3866/2194 5575/516/2194 5574/3867/2194
f 5579/3872/440 5580/3873/440 5578/626/440
f 5578/626/440 5581/629/440 5579/3872/440
f 5583/3874/2195 5584/3875/2195 5582/3876/2195
f 5582/3876/2195 5585/3877/2195 5583/3874/2195
f 5587/3878/2196 5588/3879/2197 5586/3880/2198
f 5586/3880/2198 5589/3881/2198 5587/3878/2196
f 5591/3882/2199 5592/3883/2200 5590/3884/2200
f 5590/3884/2200 5593/3885/2201 5591/3882/2199
f 5595/3886/2202 5596/3887/2202 5594/3888/2202
f 5594/3888/2202 5597/3889/2202 5595/3886/2202
f 5599/3890/2203 5600/3891/2203 5598/3892/2203
f 5598/3892/2203 5601/3893/2204 5599/3890/2203
f 5602/3894/2205 5603/3895/2205 5588/3879/2197
f 5588/3879/2197 5587/3878/2196 5602/3894/2205
f 5604/3896/2206 5591/3882/2199 5593/3885/2207
f 5593/3885/2207 5605/3897/2208 5604/3896/2206
f 5607/3898/2209 5608/3899/2209 5606/3900/2209
f 5606/3900/2209 5609/3901/2209 5607/3898/2209
f 5610/3902/2210 5599/3890/2203 5601/3893/2204
f 5601/3893/2211 5611/3903/2212 5610/3902/2210
f 5613/3904/2213 5614/3905/2213 5612/3895/2213
f 5612/3895/2213 5615/3894/2213 5613/3904/2213
f 5616/3906/2214 5604/3896/2206 5605/3897/2208
f 5605/3897/2208 5617/3907/2214 5616/3906/2214
f 5619/3908/2215 5620/3909/2215 5618/3910/2215
f 5618/3910/2215 5621/3911/2215 5619/3908/2215
f 5622/3912/2216 5610/3902/2210 5611/3903/2212
f 5611/3903/2212 5623/3913/2216 5622/3912/2216
f 5625/3914/1 5626/3915/1 5624/3916/1
f 5624/3916/1 5627/3917/1 5625/3914/1
f 5629/3918/154 5630/3919/154 5628/3920/154
f 5628/3920/154 5631/3921/154 5629/3918/154
f 5633/3922/2 5634/3923/2 5632/3924/2
f 5632/3924/2 5635/3925/2 5633/3922/2
f 5637/3926/459 5638/3927/459 5636/3928/459
f 5636/3928/459 5639/3929/459 5637/3926/459
f 5641/3930/883 5642/3931/883 5640/3932/883
f 5640/3932/883 5643/3933/883 5641/3930/883
f 5645/3934/457 5646/3935/457 5644/3936/457
f 5644/3936/457 5647/3937/457 5645/3934/457
f 5649/3938/1 5650/3939/1 5648/3940/1
f 5648/3940/1 5651/3941/1 5649/3938/1
f 5653/3942/154 5654/3943/154 5652/3944/154
f 5652/3944/154 5655/3945/154 5653/3942/154
f 5657/3946/2 5658/3947/2 5656/3948/2
f 5656/3948/2 5659/3949/2 5657/3946/2
f 5661/3950/457 5662/3951/457 5660/3952/457
f 5660/3952/457 5663/3953/457 5661/3950/457
f 5665/3954/883 5666/3955/883 5664/3949/883
f 5664/3949/883 5667/3956/883 5665/3954/883
f 5669/3957/459 5670/3958/459 5668/3959/459
f 5668/3959/459 5671/3960/459 5669/3957/459
f 5673/3961/1 5674/3962/1 5672/3963/1
f 5672/3963/1 5675/3964/1 5673/3961/1
f 5677/3965/154 5678/3966/154 5676/3967/154
f 5676/3967/154 5679/3968/154 5677/3965/154
f 5681/3969/2 5682/3970/2 5680/3971/2
f 5680/3971/2 5683/3972/2 5681/3969/2
f 5685/3973/457 5686/3974/457 5684/3975/457
f 5684/3975/457 5687/3976/457 5685/3973/457
f 5689/3970/883 5690/3977/883 5688/3978/883
f 5688/3978/883 5691/3971/883 5689/3970/883
f 5693/3979/459 5694/3980/459 5692/3981/459
f 5692/3981/459 5695/3982/459 5693/3979/459
f 5697/3983/1 5698/3938/1 5696/3941/1
f 5696/3941/1 5699/3984/1 5697/3983/1
f 5701/3985/154 5702/3986/154 5700/3943/154
f 5700/3943/154 5703/3942/154 5701/3985/154
f 5705/3987/2 5706/3988/2 5704/3989/2
f 5704/3989/2 5707/3990/2 5705/3987/2
f 5709/3991/457 5710/3992/457 5708/3993/457
f 5708/3993/457 5711/3994/457 5709/3991/457
f 5713/3995/883 5714/3987/883 5712/3996/883
f 5712/3996/883 5715/3997/883 5713/3995/883
f 5717/3998/459 5718/3999/459 5716/4000/459
f 5716/4000/459 5719/4001/459 5717/3998/459
f 5721/3917/1 5722/3916/1 5720/4002/1
f 5720/4002/1 5723/4003/1 5721/3917/1
f 5725/3919/154 5726/4004/154 5724/4005/154
f 5724/4005/154 5727/3920/154 5725/3919/154
f 5729/4006/2 5730/4007/2 5728/4008/2
f 5728/4008/2 5731/4009/2 5729/4006/2
f 5733/4010/459 5734/4011/459 5732/4012/459
f 5732/4012/459 5735/4013/459 5733/4010/459
f 5737/4014/883 5738/4015/883 5736/4016/883
f 5736/4016/883 5739/4017/883 5737/4014/883
f 5741/4018/457 5742/4019/457 5740/4020/457
f 5740/4020/457 5743/4021/457 5741/4018/457
f 5745/4022/1 5746/4023/1 5744/4024/1
f 5744/4024/1 5747/4025/1 5745/4022/1
f 5749/4026/154 5750/4027/154 5748/4028/154
f 5748/4028/154 5751/4029/154 5749/4026/154
f 5753/4030/2 5754/4031/2 5752/4032/2
f 5752/4032/2 5755/4033/2 5753/4030/2
f 5757/4034/459 5758/4035/459 5756/4036/459
f 5756/4036/459 5759/4037/459 5757/4034/459
f 5761/4038/883 5762/4039/883 5760/4040/883
f 5760/4040/883 5763/4041/883 5761/4038/883
f 5765/4042/457 5766/4043/457 5764/4044/457
f 5764/4044/457 5767/4045/457 5765/4042/457
f 5769/4046/1 5770/4047/1 5768/4048/1
f 5768/4048/1 5771/4049/1 5769/4046/1
f 5773/4050/154 5774/4051/154 5772/4052/154
f 5772/4052/154 5775/4053/154 5773/4050/154
f 5777/4054/2 5778/4055/2 5776/4056/2
f 5776/4056/2 5779/4057/2 5777/4054/2
f 5781/4058/459 5782/4059/459 5780/4060/459
f 5780/4060/459 5783/4061/459 5781/4058/459
f 5785/4057/883 5786/4056/883 5784/4062/883
f 5784/4062/883 5787/4063/883 5785/4057/883
f 5789/4064/457 5790/4065/457 5788/4066/457
f 5788/4066/457 5791/4067/457 5789/4064/457
f 5793/4068/1 5794/4069/1 5792/4070/1
f 5792/4070/1 5795/4071/1 5793/4068/1
f 5797/4072/154 5798/4073/154 5796/4074/154
f 5796/4074/154 5799/4075/154 5797/4072/154
f 5801/4076/2 5802/4077/2 5800/4078/2
f 5800/4078/2 5803/4079/2 5801/4076/2
f 5805/4080/459 5806/4081/459 5804/4082/459
f 5804/4082/459 5807/4083/459 5805/4080/459
f 5809/4084/883 5810/4085/883 5808/4086/883
f 5808/4086/883 5811/4087/883 5809/4084/883
f 5813/4088/457 5814/4089/457 5812/4090/457
f 5812/4090/457 5815/4091/457 5813/4088/457
f 5817/4092/1 5818/4093/1 5816/4094/1
f 5816/4094/1 5819/4095/1 5817/4092/1
f 5821/4096/154 5822/4097/154 5820/4098/154
f 5820/4098/154 5823/4099/154 5821/4096/154
f 5825/4100/2 5826/4101/2 5824/4102/2
f 5824/4102/2 5827/4103/2 5825/4100/2
f 5829/4104/459 5830/4105/459 5828/4081/459
f 5828/4081/459 5831/4080/459 5829/4104/459
f 5833/4106/883 5834/4107/883 5832/4086/883
f 5832/4086/883 5835/4087/883 5833/4106/883
f 5837/4091/457 5838/4090/457 5836/4108/457
f 5836/4108/457 5839/4109/457 5837/4091/457
f 5841/4110/459 5842/4111/459 5840/4112/459
f 5840/4112/459 5843/4113/459 5841/4110/459
f 5845/4114/457 5846/4115/457 5844/4116/457
f 5844/4116/457 5847/4117/457 5845/4114/457
f 5849/4118/1 5850/4119/1 5848/4120/1
f 5848/4120/1 5851/4121/1 5849/4118/1
f 5853/4122/2 5854/4123/2 5852/4124/2
f 5852/4124/2 5855/4125/2 5853/4122/2
f 5857/4126/154 5858/4127/154 5856/4128/154
f 5856/4128/154 5859/4129/154 5857/4126/154
f 5861/4130/883 5862/4131/883 5860/4132/883
f 5860/4132/883 5863/4133/883 5861/4130/883
f 5865/4134/459 5866/4135/459 5864/4136/459
f 5864/4136/459 5867/4137/459 5865/4134/459
f 5869/4138/457 5870/4139/457 5868/4140/457
f 5868/4140/457 5871/4141/457 5869/4138/457
f 5873/4142/1 5874/4143/1 5872/4144/1
f 5872/4144/1 5875/4145/1 5873/4142/1
f 5877/4146/2 5878/4147/2 5876/4148/2
f 5876/4148/2 5879/4149/2 5877/4146/2
f 5881/4150/154 5882/4151/154 5880/4152/154
f 5880/4152/154 5883/4153/154 5881/4150/154
f 5885/4154/883 5886/4155/883 5884/4156/883
f 5884/4156/883 5887/4157/883 5885/4154/883
f 5889/4158/459 5890/4159/459 5888/4160/459
f 5888/4160/459 5891/4161/459 5889/4158/459
f 5893/4162/457 5894/4163/457 5892/4164/457
f 5892/4164/457 5895/4165/457 5893/4162/457
f 5897/4166/1 5898/4167/1 5896/4168/1
f 5896/4168/1 5899/4169/1 5897/4166/1
f 5901/4170/2 5902/4171/2 5900/4172/2
f 5900/4172/2 5903/4173/2 5901/4170/2
f 5905/4174/154 5906/4175/154 5904/4176/154
f 5904/4176/154 5907/4177/154 5905/4174/154
f 5909/4178/883 5910/4172/883 5908/4171/883
f 5908/4171/883 5911/4179/883 5909/4178/883
f 5913/4180/459 5914/4181/459 5912/4182/459
f 5912/4182/459 5915/4183/459 5913/4180/459
f 5917/4184/457 5918/4185/457 5916/4186/457
f 5916/4186/457 5919/4187/457 5917/4184/457
f 5921/4188/1 5922/4189/1 5920/4190/1
f 5920/4190/1 5923/4191/1 5921/4188/1
f 5925/4192/2 5926/4193/2 5924/4194/2
f 5924/4194/2 5927/4195/2 5925/4192/2
f 5929/4196/154 5930/4197/154 5928/4198/154
f 5928/4198/154 5931/4199/154 5929/4196/154
f 5933/4200/883 5934/4201/883 5932/4202/883
f 5932/4202/883 5935/4203/883 5933/4200/883
f 5937/4204/459 5938/4205/459 5936/4206/459
f 5936/4206/459 5939/4207/459 5937/4204/459
f 5941/4208/457 5942/4209/457 5940/4210/457
f 5940/4210/457 5943/4211/457 5941/4208/457
f 5945/4212/1 5946/4213/1 5944/4214/1
f 5944/4214/1 5947/4215/1 5945/4212/1
f 5949/4216/2 5950/4217/2 5948/4218/2
f 5948/4218/2 5951/4219/2 5949/4216/2
f 5953/4220/154 5954/4221/154 5952/4222/154
f 5952/4222/154 5955/4223/154 5953/4220/154
f 5957/4224/883 5958/4225/883 5956/4226/883
f 5956/4226/883 5959/4227/883 5957/4224/883
f 5961/4228/459 5962/4229/459 5960/4230/459
f 5960/4230/459 5963/4231/459 5961/4228/459
f 5965/4232/457 5966/4233/457 5964/4234/457
f 5964/4234/457 5967/4235/457 5965/4232/457
f 5969/4236/1 5970/4237/1 5968/4238/1
f 5968/4238/1 5971/4239/1 5969/4236/1
f 5973/4240/2 5974/4241/2 5972/4242/2
f 5972/4242/2 5975/4243/2 5973/4240/2
f 5977/4244/154 5978/4245/154 5976/4246/154
f 5976/4246/154 5979/4247/154 5977/4244/154
f 5981/4248/883 5982/4249/883 5980/4250/883
f 5980/4250/883 5983/4251/883 5981/4248/883
f 5985/4252/459 5986/4253/459 5984/4254/459
f 5984/4254/459 5987/4255/459 5985/4252/459
f 5989/4256/457 5990/4257/457 5988/4258/457
f 5988/4258/457 5991/4259/457 5989/4256/457
f 5993/4260/1 5994/4261/1 5992/4262/1
f 5992/4262/1 5995/4263/1 5993/4260/1
f 5997/4264/2 5998/4265/2 5996/4266/2
f 5996/4266/2 5999/4267/2 5997/4264/2
f 6001/4268/154 6002/4269/154 6000/4270/154
f 6000/4270/154 6003/4271/154 6001/4268/154
f 6005/4272/883 6006/4273/883 6004/4274/883
f 6004/4274/883 6007/4275/883 6005/4272/883
f 6009/4276/459 6010/4277/459 6008/4278/459
f 6008/4278/459 6011/4279/459 6009/4276/459
f 6013/4280/457 6014/4281/457 6012/4282/457
f 6012/4282/457 6015/4283/457 6013/4280/457
f 6017/4212/1 6018/4213/1 6016/4214/1
f 6016/4214/1 6019/4215/1 6017/4212/1
f 6021/4284/2 6022/4285/2 6020/4286/2
f 6020/4286/2 6023/4287/2 6021/4284/2
f 6025/4220/154 6026/4221/154 6024/4222/154
f 6024/4222/154 6027/4223/154 6025/4220/154
f 6029/4288/883 6030/4289/883 6028/4290/883
f 6028/4290/883 6031/4291/883 6029/4288/883
f 6033/4292/2217 6034/4293/2217 6032/4294/2217
f 6032/4294/2217 6035/4295/2217 6033/4292/2217
f 6037/4296/2218 6038/4297/2219 6036/4298/2220
f 6036/4298/2220 6039/4299/2221 6037/4296/2218
f 6037/4296/2218 6041/4300/2217 6040/4301/2217
f 6040/4301/2217 6038/4297/2219 6037/4296/2218
f 6043/4302/2222 6044/4298/2223 6042/4297/2222
f 6042/4297/2224 6045/4303/2225 6043/4302/2224
f 6047/4304/2226 6048/4305/2226 6046/4306/2226
f 6046/4306/2226 6049/4307/2226 6047/4304/2226
f 6051/4308/457 6052/4309/457 6050/4310/457
f 6050/4310/457 6053/4311/457 6051/4308/457
f 6055/4312/2227 6056/4313/2227 6054/4314/2227
f 6054/4314/2228 6057/4315/2228 6055/4312/2228
f 6059/4316/459 6060/4317/459 6058/4318/459
f 6058/4318/459 6061/4319/459 6059/4316/459
f 6063/4320/2229 6064/4321/2229 6062/4322/2229
f 6062/4322/2229 6065/4323/2229 6063/4320/2229
f 6067/4322/2229 6068/4321/2229 6066/4324/2229
f 6066/4324/2229 6069/4323/2229 6067/4322/2229
f 6071/4325/2230 6072/4326/2230 6070/4327/2230
f 6070/4327/2230 6073/4328/2230 6071/4325/2230
f 6075/4323/2231 6076/53/2232 6074/1452/2231
f 6074/1452/2231 6077/4320/2233 6075/4323/2231
f 6079/4322/1979 6080/54/1979 6078/53/1979
f 6078/53/1979 6081/4323/1979 6079/4322/1979
f 6083/4329/2234 6084/604/2235 6082/605/2234
f 6082/605/2234 6085/4330/2236 6083/4329/2234
f 6087/4324/2237 6088/1452/2238 6086/53/2237
f 6086/53/2237 6089/4323/2239 6087/4324/2237
f 6091/4331/2240 6092/4332/2240 6090/4333/2240
f 6090/4333/2230 6093/4334/2230 6091/4331/2230
f 6095/4335/2241 6096/619/2242 6094/620/2241
f 6094/620/2241 6097/4336/2243 6095/4335/2241
f 6099/4323/1979 6100/53/1979 6098/54/1979
f 6098/54/1979 6101/4322/1979 6099/4323/1979
f 6103/4337/1 6104/4338/1 6102/4339/1
f 6102/4339/1 6105/4340/1 6103/4337/1
f 6107/4341/1 6108/4342/1 6106/4343/1
f 6106/4343/1 6109/4344/1 6107/4341/1
f 6110/4345/1818 4004/2912/1818 4006/2915/1818
f 4006/2915/1818 6111/4346/1818 6110/4345/1818
f 6113/4347/459 6114/4348/459 6112/4349/459
f 6112/4349/459 6115/4350/459 6113/4347/459
f 6116/4351/1819 4016/2925/1819 4015/2924/1819
f 4015/2924/1819 6117/4352/1819 6116/4351/1819
f 6119/4353/2 6120/4353/2 6118/4354/2
f 6118/4354/2 6121/4354/2244 6119/4353/2
f 6123/4355/457 6124/4356/457 6122/4357/457
f 6122/4357/457 6125/4358/457 6123/4355/457
f 6126/4345/1821 6127/4359/1821 4035/2915/1821
f 4035/2915/1821 4037/2912/1821 6126/4345/1821
f 6129/4360/2245 6130/4361/2246 6128/4362/2247
f 6129/4360/2245 6128/4362/2248 6131/4363/2249
f 6129/4360/2245 6131/4363/2249 2149/1640/1097
f 2148/1639/1096 6129/4360/2245 2149/1640/2250
f 245/229/136 246/230/138 6132/4364/2251
f 245/229/136 6132/4364/2251 2154/1645/1103
f 2155/1646/1104 245/229/136 2154/1645/1103
f 6134/4365/2 6135/4366/2252 6133/4367/2253
f 6133/4367/2253 6136/4368/2 6134/4365/2
f 6138/4369/2254 6139/4370/2255 6137/4371/2256
f 6137/4371/2256 6140/4372/2257 6138/4369/2254
f 6142/4373/883 6143/4374/2258 6141/4375/2259
f 6141/4375/2259 6144/4376/883 6142/4373/883
f 6146/4377/2260 6147/4378/2261 6145/4379/2262
f 6145/4379/2262 6148/4380/2263 6146/4377/2260
f 6139/4370/2255 6150/4381/2264 6149/4382/2265
f 6149/4382/2265 6137/4371/2256 6139/4370/2255
f 6152/4383/2266 6153/4384/2267 6151/4385/2268
f 6151/4385/2268 6154/4386/2269 6152/4383/2266
f 6147/4378/2261 6152/4383/2266 6154/4386/2269
f 6154/4386/2269 6145/4379/2262 6147/4378/2261
f 6150/4381/2264 6156/4387/2270 6155/4388/2271
f 6155/4388/2271 6149/4382/2265 6150/4381/2264
f 6157/4389/2272 6154/4386/2273 6151/4385/2268
f 6151/4385/2268 6158/4390/2274 6157/4389/2272
f 6159/4391/2275 6145/4379/2262 6154/4386/2276
f 6154/4386/2269 6157/4389/2272 6159/4391/2275
f 6160/4392/2277 6148/4380/2263 6145/4379/2262
f 6145/4379/2262 6159/4391/2275 6160/4392/2277
f 6161/4393/2278 6141/4375/2259 6143/4374/2258
f 6143/4374/2258 6162/4394/2278 6161/4393/2278
f 6163/4395/2279 6149/4382/2280 6155/4388/2271
f 6155/4388/2271 6164/4396/2281 6163/4395/2279
f 6165/4397/2282 6137/4371/2256 6149/4382/2283
f 6149/4382/2265 6163/4395/2279 6165/4397/2282
f 6166/4398/2284 6140/4372/2257 6137/4371/2256
f 6137/4371/2256 6165/4397/2282 6166/4398/2284
f 6167/4394/2285 6133/4367/2253 6135/4366/2252
f 6135/4366/2252 6168/4393/2285 6167/4394/2285
f 6170/4399/1 6171/4400/1 6169/4401/1
f 6169/4401/1 6172/4402/1 6170/4399/1
f 6174/4403/1 6175/4404/1 6173/4405/1
f 6173/4405/1 6176/4406/1 6174/4403/1
f 6178/4407/1 6179/4408/1 6177/4409/1
f 6177/4409/1 6180/4410/1 6178/4407/1
f 6182/4411/1 6183/4412/1 6181/4413/1
f 6181/4413/1 6184/4414/1 6182/4411/1
f 6185/4415/1 6186/4416/1 6183/4412/1
f 6183/4412/1 6182/4411/1 6185/4415/1
f 6188/4417/1 6189/4418/1 6187/4419/1
f 6187/4419/1 6190/4420/1 6188/4417/1
f 6192/4421/1 6193/4422/1 6191/4423/1
f 6191/4423/1 6194/4424/1 6192/4421/1
f 6195/4425/1 6196/4426/1 6193/4422/1
f 6193/4422/1 6192/4421/1 6195/4425/1
f 6198/4427/2264 6199/4428/2286 6197/4429/2270
f 6197/4429/2270 6200/4430/2270 6198/4427/2264
f 6201/4431/2255 6202/4432/2287 6199/4428/2286
f 6199/4428/2286 6198/4427/2264 6201/4431/2255
f 6203/4433/2254 6204/4434/2254 6202/4432/2287
f 6202/4432/2287 6201/4431/2255 6203/4433/2254
f 6206/4435/2 6207/4436/2 6205/4437/2
f 6205/4437/2 6208/4438/2 6206/4435/2
f 6210/4439/2266 6211/4440/2288 6209/4441/2267
f 6209/4441/2267 6212/4442/2267 6210/4439/2266
f 6213/4443/2261 6214/4444/2289 6211/4440/2288
f 6211/4440/2288 6210/4439/2266 6213/4443/2261
f 6215/4445/2260 6216/4446/2260 6214/4444/2289
f 6214/4444/2289 6213/4443/2261 6215/4445/2260
f 6218/4438/883 6219/4437/883 6217/4436/883
f 6217/4436/883 6220/4435/883 6218/4438/883
f 6222/4447/2 6223/4448/2252 6221/4449/2253
f 6221/4449/2253 6224/4450/2 6222/4447/2
f 6226/4451/2254 6227/4452/2255 6225/4453/2256
f 6225/4453/2256 6228/4454/2257 6226/4451/2254
f 6230/4450/883 6231/4449/2258 6229/4448/2259
f 6229/4448/2259 6232/4447/883 6230/4450/883
f 6234/4455/2260 6235/4456/2261 6233/4457/2262
f 6233/4457/2262 6236/4458/2263 6234/4455/2260
f 6227/4452/2255 6238/4459/2264 6237/4460/2265
f 6237/4460/2265 6225/4453/2256 6227/4452/2255
f 6240/4461/2266 6241/4462/2267 6239/4463/2268
f 6239/4463/2268 6242/4464/2269 6240/4461/2266
f 6235/4456/2261 6240/4461/2266 6242/4464/2269
f 6242/4464/2269 6233/4457/2262 6235/4456/2261
f 6238/4459/2264 6244/4465/2270 6243/4466/2271
f 6243/4466/2271 6237/4460/2265 6238/4459/2264
f 6245/4467/2272 6242/4464/2269 6239/4463/2268
f 6239/4463/2268 6246/4468/2274 6245/4467/2272
f 6247/4469/2275 6233/4457/2262 6242/4464/2269
f 6242/4464/2269 6245/4467/2272 6247/4469/2275
f 6248/4470/2277 6236/4458/2263 6233/4457/2262
f 6233/4457/2262 6247/4469/2275 6248/4470/2277
f 6249/4471/2278 6229/4448/2259 6231/4449/2258
f 6231/4449/2258 6250/4472/2278 6249/4471/2278
f 6251/4473/2279 6237/4460/2265 6243/4466/2271
f 6243/4466/2271 6252/4474/2281 6251/4473/2279
f 6253/4475/2282 6225/4453/2256 6237/4460/2265
f 6237/4460/2265 6251/4473/2279 6253/4475/2282
f 6254/4476/2284 6228/4454/2257 6225/4453/2256
f 6225/4453/2256 6253/4475/2282 6254/4476/2284
f 6255/4477/2285 6221/4449/2253 6223/4448/2252
f 6223/4448/2252 6256/4478/2285 6255/4477/2285
f 6258/4479/1 6259/4480/1 6257/4481/1
f 6257/4481/1 6260/4482/1 6258/4479/1
f 6262/4483/1 6263/4484/1 6261/4485/1
f 6261/4485/1 6264/4486/1 6262/4483/1
f 6266/4487/1 6267/4488/1 6265/4489/1
f 6265/4489/1 6268/4490/1 6266/4487/1
f 6270/4491/1 6271/4492/1 6269/4493/1
f 6269/4493/1 6272/4494/1 6270/4491/1
f 6273/4495/1 6274/4496/1 6271/4492/1
f 6271/4492/1 6270/4491/1 6273/4495/1
f 6276/4497/1 6277/4498/1 6275/4499/1
f 6275/4499/1 6278/4500/1 6276/4497/1
f 6280/4501/1 6281/4502/1 6279/4503/1
f 6279/4503/1 6282/4504/1 6280/4501/1
f 6283/4505/1 6284/4506/1 6281/4502/1
f 6281/4502/1 6280/4501/1 6283/4505/1
f 6286/4507/2264 6287/4508/2286 6285/4509/2270
f 6285/4509/2270 6288/4510/2270 6286/4507/2264
f 6289/4511/2255 6290/4512/2287 6287/4508/2286
f 6287/4508/2286 6286/4507/2264 6289/4511/2255
f 6291/4513/2254 6292/4514/2254 6290/4512/2287
f 6290/4512/2287 6289/4511/2255 6291/4513/2254
f 6294/4515/2 6295/4516/2 6293/4517/2
f 6293/4517/2 6296/4518/2 6294/4515/2
f 6298/4519/2266 6299/4520/2288 6297/4521/2267
f 6297/4521/2267 6300/4522/2267 6298/4519/2266
f 6301/4523/2261 6302/4524/2289 6299/4520/2288
f 6299/4520/2288 6298/4519/2266 6301/4523/2261
f 6303/4525/2260 6304/4526/2260 6302/4524/2289
f 6302/4524/2289 6301/4523/2261 6303/4525/2260
f 6306/4527/883 6307/4528/883 6305/4529/883
f 6305/4529/883 6308/4530/883 6306/4527/883
f 6310/4531/2 6311/4532/2252 6309/4533/2253
f 6309/4533/2253 6312/4534/2 6310/4531/2
f 6314/4451/2254 6315/4452/2255 6313/4453/2256
f 6313/4453/2256 6316/4454/2257 6314/4451/2254
f 6318/4535/883 6319/4536/2258 6317/4537/2259
f 6317/4537/2259 6320/4538/883 6318/4535/883
f 6322/4455/2260 6323/4539/2290 6321/4540/2291
f 6321/4540/2291 6324/4458/2292 6322/4455/2260
f 6315/4452/2255 6326/4459/2264 6325/4460/2265
f 6325/4460/2265 6313/4453/2256 6315/4452/2255
f 6328/4461/2293 6329/4541/2294 6327/4542/2295
f 6327/4542/2295 6330/4464/2296 6328/4461/2293
f 6331/4456/2297 6328/4461/2293 6330/4464/2298
f 6330/4464/2298 6332/4457/2299 6331/4456/2297
f 6326/4459/2264 6334/4465/2270 6333/4466/2271
f 6333/4466/2271 6325/4460/2265 6326/4459/2264
f 6335/4467/2300 6336/4543/2301 6327/4542/2295
f 6335/4467/2300 6327/4542/2295 6337/4463/2268
f 6338/4468/2274 6335/4467/2300 6337/4463/2268
f 6336/4543/2301 6339/4544/2302 6332/4457/2303
f 6332/4457/2303 6330/4464/2296 6336/4543/2301
f 6339/4544/2302 6321/4540/2291 6332/4457/2303
f 6340/4545/2278 6317/4537/2259 6319/4536/2258
f 6319/4536/2258 6341/4546/2278 6340/4545/2278
f 6342/4473/2279 6325/4460/2265 6333/4466/2271
f 6333/4466/2271 6343/4474/2281 6342/4473/2279
f 6344/4475/2282 6313/4453/2256 6325/4460/2265
f 6325/4460/2265 6342/4473/2279 6344/4475/2282
f 6345/4476/2284 6316/4454/2257 6313/4453/2256
f 6313/4453/2256 6344/4475/2282 6345/4476/2284
f 6346/4547/2285 6309/4533/2253 6311/4532/2252
f 6311/4532/2252 6347/4545/2285 6346/4547/2285
f 6349/4548/1 6350/4549/1 6348/4550/1
f 6348/4550/1 6351/4551/1 6349/4548/1
f 6353/4552/1 6354/4553/1 6352/4554/1
f 6352/4554/1 6355/4555/1 6353/4552/1
f 6357/4556/1 6358/4557/1 6356/4558/1
f 6356/4558/1 6359/4559/1 6357/4556/1
f 6361/4560/1 6362/4561/1 6360/4562/1
f 6360/4562/1 6363/4563/1 6361/4560/1
f 6364/4564/1 6365/4565/1 6362/4561/1
f 6362/4561/1 6361/4560/1 6364/4564/1
f 6367/4566/1 6368/4567/1 6366/4568/1
f 6366/4568/1 6369/4569/1 6367/4566/1
f 6371/4570/1 6372/4571/1 6370/4572/1
f 6370/4572/1 6373/4573/1 6371/4570/1
f 6374/4574/1 6375/4575/1 6372/4571/1
f 6372/4571/1 6371/4570/1 6374/4574/1
f 6377/4507/2264 6378/4508/2286 6376/4509/2270
f 6376/4509/2270 6379/4510/2270 6377/4507/2264
f 6380/4511/2255 6381/4512/2287 6378/4508/2286
f 6378/4508/2286 6377/4507/2264 6380/4511/2255
f 6382/4513/2254 6383/4514/2254 6381/4512/2287
f 6381/4512/2287 6380/4511/2255 6382/4513/2254
f 6385/4576/2 6386/4577/2 6384/4578/2
f 6384/4578/2 6387/4579/2 6385/4576/2
f 6389/4519/2266 6390/4520/2288 6388/4521/2267
f 6388/4521/2267 6391/4522/2267 6389/4519/2266
f 6392/4523/2261 6393/4524/2289 6390/4520/2288
f 6390/4520/2288 6389/4519/2266 6392/4523/2261
f 6394/4525/2260 6395/4526/2260 6393/4524/2289
f 6393/4524/2289 6392/4523/2261 6394/4525/2260
f 6397/4580/883 6398/4581/883 6396/4577/883
f 6396/4577/883 6399/4576/883 6397/4580/883
f 6401/4535/2 6402/4536/2252 6400/4537/2253
f 6400/4537/2253 6403/4538/2 6401/4535/2
f 6405/4451/2254 6406/4452/2255 6404/4453/2256
f 6404/4453/2256 6407/4454/2257 6405/4451/2254
f 6409/4531/883 6410/4532/2258 6408/4536/2259
f 6408/4536/2259 6411/4535/883 6409/4531/883
f 6413/4455/2260 6414/4456/2261 6412/4457/2304
f 6412/4457/2262 6415/4458/2263 6413/4455/2260
f 6406/4452/2255 6417/4459/2264 6416/4460/2265
f 6416/4460/2265 6404/4453/2256 6406/4452/2255
f 6419/4461/2266 6420/4462/2267 6418/4463/2268
f 6418/4463/2268 6421/4464/2269 6419/4461/2266
f 6414/4456/2261 6419/4461/2266 6421/4464/2269
f 6421/4464/2269 6412/4457/2262 6414/4456/2261
f 6417/4459/2264 6423/4465/2270 6422/4466/2271
f 6422/4466/2271 6416/4460/2265 6417/4459/2264
f 6424/4467/2272 6421/4464/2273 6418/4463/2268
f 6418/4463/2268 6425/4468/2274 6424/4467/2272
f 6426/4469/2275 6412/4457/2262 6421/4464/2269
f 6421/4464/2269 6424/4467/2272 6426/4469/2275
f 6427/4470/2277 6415/4458/2263 6412/4457/2262
f 6412/4457/2262 6426/4469/2275 6427/4470/2277
f 6428/4546/2278 6408/4536/2259 6410/4532/2258
f 6410/4532/2258 6429/4545/2278 6428/4546/2278
f 6430/4473/2279 6416/4460/2265 6422/4466/2271
f 6422/4466/2271 6431/4474/2281 6430/4473/2279
f 6432/4475/2282 6404/4453/2256 6416/4460/2265
f 6416/4460/2265 6430/4473/2279 6432/4475/2282
f 6433/4476/2284 6407/4454/2257 6404/4453/2256
f 6404/4453/2256 6432/4475/2282 6433/4476/2284
f 6434/4582/2285 6400/4537/2253 6402/4536/2252
f 6402/4536/2252 6435/4546/2285 6434/4582/2285
f 6437/4583/1 6438/4584/1 6436/4585/1
f 6436/4585/1 6439/4586/1 6437/4583/1
f 6441/4587/1 6442/4588/1 6440/4589/1
f 6440/4589/1 6443/4590/1 6441/4587/1
f 6445/4591/1 6446/4592/1 6444/4593/1
f 6444/4593/1 6447/4594/1 6445/4591/1
f 6448/4595/1 6449/4596/1 6446/4592/1
f 6446/4592/1 6445/4591/1 6448/4595/1
f 6451/4597/1 6452/4598/1 6450/4599/1
f 6450/4599/1 6453/4600/1 6451/4597/1
f 6455/4601/1 6456/4602/1 6454/4603/1
f 6454/4603/1 6457/4604/1 6455/4601/1
f 6459/4605/1 6460/4606/1 6458/4607/1
f 6458/4607/1 6461/4608/1 6459/4605/1
f 6439/4586/1 6436/4585/1 6462/4609/1
f 6462/4609/1 6463/4610/1 6439/4586/1
f 6465/4507/2264 6466/4508/2286 6464/4509/2270
f 6464/4509/2270 6467/4510/2270 6465/4507/2264
f 6468/4511/2255 6469/4512/2287 6466/4508/2286
f 6466/4508/2286 6465/4507/2264 6468/4511/2255
f 6470/4513/2254 6471/4514/2254 6469/4512/2287
f 6469/4512/2287 6468/4511/2255 6470/4513/2254
f 6473/4611/2 6474/4612/2 6472/4613/2
f 6472/4613/2 6475/4614/2 6473/4611/2
f 6477/4519/2266 6478/4520/2288 6476/4521/2267
f 6476/4521/2267 6479/4522/2267 6477/4519/2266
f 6480/4523/2261 6481/4524/2289 6478/4520/2288
f 6478/4520/2288 6477/4519/2266 6480/4523/2261
f 6482/4525/2260 6483/4526/2260 6481/4524/2289
f 6481/4524/2289 6480/4523/2261 6482/4525/2260
f 6485/4576/883 6486/4577/883 6484/4581/883
f 6484/4581/883 6487/4580/883 6485/4576/883
f 6489/4615/2 6490/4616/2252 6488/4617/2253
f 6488/4617/2253 6491/4618/2 6489/4615/2
f 6493/4451/2254 6494/4452/2255 6492/4453/2256
f 6492/4453/2256 6495/4454/2257 6493/4451/2254
f 6497/4447/883 6498/4448/2258 6496/4449/2259
f 6496/4449/2259 6499/4450/883 6497/4447/883
f 6501/4455/2260 6502/4456/2261 6500/4457/2262
f 6500/4457/2262 6503/4458/2263 6501/4455/2260
f 6494/4452/2255 6505/4459/2264 6504/4460/2265
f 6504/4460/2265 6492/4453/2256 6494/4452/2255
f 6507/4461/2266 6508/4462/2267 6506/4463/2268
f 6506/4463/2268 6509/4464/2269 6507/4461/2266
f 6502/4456/2261 6507/4461/2266 6509/4464/2269
f 6509/4464/2269 6500/4457/2262 6502/4456/2261
f 6505/4459/2264 6511/4465/2270 6510/4466/2271
f 6510/4466/2271 6504/4460/2265 6505/4459/2264
f 6512/4467/2272 6509/4464/2269 6506/4463/2268
f 6506/4463/2268 6513/4468/2274 6512/4467/2272
f 6514/4469/2275 6500/4457/2262 6509/4464/2269
f 6509/4464/2269 6512/4467/2272 6514/4469/2275
f 6515/4470/2277 6503/4458/2263 6500/4457/2262
f 6500/4457/2262 6514/4469/2275 6515/4470/2277
f 6516/4477/2278 6496/4449/2259 6498/4448/2258
f 6498/4448/2258 6517/4471/2278 6516/4477/2278
f 6518/4473/2279 6504/4460/2265 6510/4466/2271
f 6510/4466/2271 6519/4474/2281 6518/4473/2279
f 6520/4475/2282 6492/4453/2256 6504/4460/2265
f 6504/4460/2265 6518/4473/2279 6520/4475/2282
f 6521/4476/2284 6495/4454/2257 6492/4453/2256
f 6492/4453/2256 6520/4475/2282 6521/4476/2284
f 6522/4471/2285 6488/4617/2253 6490/4616/2252
f 6490/4616/2252 6523/4472/2285 6522/4471/2285
f 6525/4619/1 6526/4620/1 6524/4621/1
f 6524/4621/1 6527/4622/1 6525/4619/1
f 6529/4623/1 6530/4624/1 6528/4625/1
f 6528/4625/1 6531/4626/1 6529/4623/1
f 6533/4627/1 6534/4628/1 6532/4629/1
f 6532/4629/1 6535/4630/1 6533/4627/1
f 6536/4631/1 6537/4632/1 6534/4628/1
f 6534/4628/1 6533/4627/1 6536/4631/1
f 6539/4633/1 6540/4634/1 6538/4635/1
f 6538/4635/1 6541/4636/1 6539/4633/1
f 6543/4637/1 6544/4638/1 6542/4639/1
f 6542/4639/1 6545/4640/1 6543/4637/1
f 6547/4641/1 6548/4642/1 6546/4643/1
f 6546/4643/1 6549/4644/1 6547/4641/1
f 6527/4622/1 6524/4621/1 6550/4645/1
f 6550/4645/1 6551/4646/1 6527/4622/1
f 6553/4507/2264 6554/4508/2286 6552/4509/2270
f 6552/4509/2270 6555/4510/2270 6553/4507/2264
f 6556/4511/2255 6557/4512/2287 6554/4508/2286
f 6554/4508/2286 6553/4507/2264 6556/4511/2255
f 6558/4513/2254 6559/4514/2254 6557/4512/2287
f 6557/4512/2287 6556/4511/2255 6558/4513/2254
f 6561/4527/2 6562/4528/2 6560/4529/2
f 6560/4529/2 6563/4530/2 6561/4527/2
f 6565/4519/2266 6566/4520/2288 6564/4521/2267
f 6564/4521/2267 6567/4522/2267 6565/4519/2266
f 6568/4523/2261 6569/4524/2289 6566/4520/2288
f 6566/4520/2288 6565/4519/2266 6568/4523/2261
f 6570/4525/2260 6571/4526/2260 6569/4524/2289
f 6569/4524/2289 6568/4523/2261 6570/4525/2260
f 6573/4530/883 6574/4529/883 6572/4528/883
f 6572/4528/883 6575/4527/883 6573/4530/883
f 6577/4647/2 6578/4648/2252 6576/4375/2253
f 6576/4375/2253 6579/4376/2 6577/4647/2
f 6581/4369/2254 6582/4370/2255 6580/4371/2256
f 6580/4371/2256 6583/4372/2257 6581/4369/2254
f 6585/4365/883 6586/4366/2258 6584/4374/2259
f 6584/4374/2259 6587/4373/883 6585/4365/883
f 6589/4377/2260 6590/4649/2261 6588/4650/2262
f 6588/4650/2262 6591/4380/2263 6589/4377/2260
f 6582/4370/2255 6593/4381/2264 6592/4382/2265
f 6592/4382/2265 6580/4371/2256 6582/4370/2255
f 6595/4383/2266 6596/4384/2267 6594/4385/2268
f 6594/4385/2268 6597/4386/2269 6595/4383/2266
f 6590/4649/2261 6595/4383/2266 6597/4386/2269
f 6597/4386/2269 6588/4650/2262 6590/4649/2261
f 6593/4381/2264 6599/4387/2270 6598/4388/2271
f 6598/4388/2271 6592/4382/2265 6593/4381/2264
f 6600/4389/2272 6597/4386/2273 6594/4385/2268
f 6594/4385/2268 6601/4390/2274 6600/4389/2272
f 6602/4391/2275 6588/4650/2262 6597/4386/2276
f 6597/4386/2269 6600/4389/2272 6602/4391/2275
f 6603/4392/2277 6591/4380/2263 6588/4650/2262
f 6588/4650/2262 6602/4391/2275 6603/4392/2277
f 6604/4394/2278 6584/4374/2259 6586/4366/2258
f 6586/4366/2258 6605/4393/2278 6604/4394/2278
f 6606/4395/2279 6592/4382/2265 6598/4388/2271
f 6598/4388/2271 6607/4396/2281 6606/4395/2279
f 6608/4397/2282 6580/4371/2256 6592/4382/2283
f 6592/4382/2265 6606/4395/2279 6608/4397/2282
f 6609/4398/2284 6583/4372/2257 6580/4371/2256
f 6580/4371/2256 6608/4397/2282 6609/4398/2284
f 6610/4651/2285 6576/4375/2253 6578/4648/2252
f 6578/4648/2252 6611/4652/2285 6610/4651/2285
f 6613/4653/1 6614/4654/1 6612/4655/1
f 6612/4655/1 6615/4656/1 6613/4653/1
f 6617/4657/1 6618/4658/1 6616/4659/1
f 6616/4659/1 6619/4660/1 6617/4657/1
f 6621/4661/1 6622/4662/1 6620/4663/1
f 6620/4663/1 6623/4664/1 6621/4661/1
f 6624/4665/1 6625/4666/1 6622/4662/1
f 6622/4662/1 6621/4661/1 6624/4665/1
f 6627/4667/1 6628/4668/1 6626/4669/1
f 6626/4669/1 6629/4670/1 6627/4667/1
f 6631/4671/1 6632/4672/1 6630/4673/1
f 6630/4673/1 6633/4674/1 6631/4671/1
f 6635/4675/1 6636/4676/1 6634/4677/1
f 6634/4677/1 6637/4678/1 6635/4675/1
f 6615/4656/1 6612/4655/1 6638/4679/1
f 6638/4679/1 6639/4680/1 6615/4656/1
f 6641/4427/2264 6642/4428/2286 6640/4429/2270
f 6640/4429/2270 6643/4430/2270 6641/4427/2264
f 6644/4431/2255 6645/4432/2287 6642/4428/2286
f 6642/4428/2286 6641/4427/2264 6644/4431/2255
f 6646/4433/2254 6647/4434/2254 6645/4432/2287
f 6645/4432/2287 6644/4431/2255 6646/4433/2254
f 6649/4681/2 6650/4682/2 6648/4683/2
f 6648/4683/2 6651/4684/2 6649/4681/2
f 6653/4439/2266 6654/4440/2288 6652/4441/2267
f 6652/4441/2267 6655/4442/2267 6653/4439/2266
f 6656/4443/2261 6657/4444/2289 6654/4440/2288
f 6654/4440/2288 6653/4439/2266 6656/4443/2261
f 6658/4445/2260 6659/4446/2260 6657/4444/2289
f 6657/4444/2289 6656/4443/2261 6658/4445/2260
f 6661/4435/883 6662/4436/883 6660/4437/883
f 6660/4437/883 6663/4438/883 6661/4435/883
f 6665/4685/2 6666/4686/2 6664/4687/2
f 6664/4687/2 6667/4688/2 6665/4685/2
f 6669/4689/1 6670/4690/1 6668/4691/1
f 6671/4692/1 6672/4693/1 6669/4689/1
f 6671/4692/1 6669/4689/1 6668/4691/1
f 6673/4694/2305 6671/4692/1 6668/4691/1
f 6674/4695/2305 6673/4694/2305 6668/4691/1
f 6676/4696/16 6677/4697/2306 6675/4698/14
f 6675/4698/14 6678/4699/16 6676/4696/16
f 6680/4700/2307 6681/97/36 6679/100/2308
f 6683/4697/2309 6684/4701/2309 6682/4700/2309
f 6677/4697/2310 6680/4700/2311 6679/100/2308
f 6675/4698/30 6677/4697/2306 6679/100/2308
f 6686/4702/48 6687/87/48 6685/84/48
f 6688/4703/49 6686/4702/49 6685/84/49
f 6689/4704/48 6688/4703/48 6685/84/48
f 6691/4705/2 6692/4706/2 6690/4707/2
f 6693/4708/2 6691/4705/2 6690/4707/2
f 6694/4709/2 6693/4708/2 6690/4707/2
f 6695/148/2 6696/147/2 1347/956/2
f 1347/956/2 1349/955/2 6695/148/2
f 6698/4710/2312 6699/4711/2312 6697/4712/55
f 6697/4712/55 6700/4713/55 6698/4710/2312
f 6702/4714/1 6703/4715/1 6701/4716/1
f 6701/4716/1 6704/263/1 6702/4714/1
f 6705/4717/69 6699/4711/2312 6698/4710/2312
f 6698/4710/2312 6706/4718/69 6705/4717/69
f 6708/111/73 6709/242/73 6707/244/73
f 6707/244/73 6710/112/73 6708/111/73
f 174/161/77 6712/4719/2313 6711/4720/78
f 6711/4720/78 175/162/78 174/161/77
f 217/201/110 6713/4721/110 6712/4719/2313
f 6712/4719/2313 174/161/77 217/201/110
f 257/239/144 256/183/143 6714/4722/2
f 6714/4722/2 6715/4723/2 257/239/144
f 6717/4724/2 6718/150/2 6716/149/2
f 6716/149/2 6719/4725/2 6717/4724/2
f 6721/4726/154 6722/4727/154 6720/4728/154
f 6720/4728/154 6723/2470/154 6721/4726/154
f 6725/4729/1 6726/4730/1 6724/4731/1
f 6724/4731/1 6727/127/1 6725/4729/1
f 5580/3873/440 5579/3872/440 6728/4732/440
f 6728/4732/440 6729/4733/440 5580/3873/440
f 6730/4734/451 6731/4735/451 6673/4694/2305
f 6673/4694/2305 6674/4695/2305 6730/4734/451
f 6733/4736/458 6734/4737/458 6732/4738/458
f 6732/4738/2314 6735/4739/2314 6733/4736/2314
f 6737/4740/461 6738/4735/461 6736/4734/461
f 6736/4734/461 6739/4741/461 6737/4740/461
f 6741/4742/473 6742/4737/473 6740/4736/473
f 6743/4743/474 6741/4742/475 6740/4736/475
f 6744/4744/2315 6743/4743/474 6740/4736/473
f 6746/593/541 6747/3871/541 6745/3870/541
f 6748/594/541 6746/593/541 6745/3870/541
f 6749/4745/541 6748/594/541 6745/3870/541
f 6750/4746/557 808/624/2316 807/625/562
f 807/625/558 6751/4747/557 6750/4746/557
f 6753/4748/80 6754/4749/80 6752/4750/80
f 6755/4751/80 6753/4748/80 6752/4750/80
f 6756/4752/80 6755/4751/80 6752/4750/80
f 6757/4753/80 6756/4752/80 6752/4750/80
f 6758/4754/80 6757/4753/80 6752/4750/80
f 6759/4755/80 6758/4754/80 6752/4750/80
f 6760/4756/80 6759/4755/80 6752/4750/80
f 6761/4757/80 6760/4756/80 6752/4750/80
f 816/632/564 6763/4758/2317 6762/4759/661
f 6762/4759/661 1144/804/660 816/632/564
f 1144/804/660 6762/4759/661 6764/4760/662
f 6764/4760/662 1146/806/662 1144/804/660
f 6766/4761/675 6767/4762/675 6765/4763/675
f 6765/4763/675 6768/4764/675 6766/4761/675
f 6769/4765/687 6743/4743/474 6744/4744/2315
f 6744/4744/2318 6770/4766/2319 6769/4765/2319
f 6772/4767/688 6773/4768/688 6771/4769/688
f 6771/4769/688 6774/4770/688 6772/4767/688
f 6775/4771/703 1222/845/703 179/166/81
f 179/166/81 6776/4772/703 6775/4771/703
f 6778/4773/16 6779/4774/16 6777/4775/16
f 6777/4775/717 6780/4776/717 6778/4773/717
f 6782/4777/729 6783/4778/729 6781/4779/729
f 6781/4779/730 6784/4780/730 6782/4777/730
f 6786/4781/739 6787/4782/739 6785/4783/739
f 6785/4783/739 6788/4784/739 6786/4781/739
f 6790/4785/752 6791/4786/752 6789/4787/752
f 6789/4787/752 6792/4788/752 6790/4785/752
f 1368/974/2 118/114/2 115/113/2
f 1366/975/2 1368/974/2 115/113/2
f 6793/4789/2 1366/975/2 115/113/2
f 1371/977/2 1367/973/2 1369/976/2
f 1371/977/2 1369/976/2 6794/4790/2
f 1370/978/2 1371/977/2 6794/4790/2
f 6795/4791/2 1370/978/2 6794/4790/2
f 6797/4792/2 6798/4793/2 6796/4794/2
f 6796/4794/2 6799/4795/2 6797/4792/2
f 6801/4796/2 6802/4797/2 6800/4798/2
f 6800/4798/2 6803/4799/2 6801/4796/2
f 6805/4800/785 6806/4801/785 6804/4802/785
f 6804/4802/785 6807/4803/785 6805/4800/785
f 6809/4804/787 6810/4805/787 6808/4806/787
f 6808/4806/787 6811/4807/787 6809/4804/787
f 6813/4800/785 6814/4801/785 6812/4802/785
f 6812/4802/785 6815/4803/785 6813/4800/785
f 6817/4804/787 6818/4805/787 6816/4806/787
f 6816/4806/787 6819/4807/787 6817/4804/787
f 6821/4808/1 6822/4809/1 6820/4810/1
f 6820/4810/1 6823/4811/1 6821/4808/1
f 1425/1023/2 6825/4812/2 6824/4813/2
f 6824/4813/2 1426/1024/2 1425/1023/2
f 6827/4814/154 6828/4815/154 6826/4816/154
f 6826/4816/154 6829/4817/154 6827/4814/154
f 6831/4818/1 6832/4819/1 6830/4820/1
f 6830/4820/1 6833/4821/1 6831/4818/1
f 1445/1043/2 6835/4822/2 6834/4823/2
f 6834/4823/2 1446/1044/2 1445/1043/2
f 6837/4824/154 6838/4825/154 6836/4826/154
f 6836/4826/154 6839/4827/154 6837/4824/154
f 6841/4828/1 6842/4829/1 6840/4830/1
f 6840/4830/1 6843/4831/1 6841/4828/1
f 1465/1063/2 6845/4832/2 6844/4833/2
f 6844/4833/2 1466/1064/2 1465/1063/2
f 6847/4834/154 6848/4835/154 6846/4836/154
f 6846/4836/154 6849/4837/154 6847/4834/154
f 6851/4838/799 6852/4839/799 6850/4840/799
f 6850/4840/799 6853/4841/799 6851/4838/799
f 6855/1364/823 6856/1363/823 6854/4842/823
f 6854/4842/823 6857/4843/823 6855/1364/823
f 6859/1337/154 6860/1336/154 6858/4844/154
f 6858/4844/154 6861/4845/154 6859/1337/154
f 6863/4846/154 6864/1160/154 6862/1159/154
f 6862/1159/154 6865/1274/154 6863/4846/154
f 6867/4847/154 6868/1186/154 6866/1185/154
f 6866/1185/154 6869/4848/154 6867/4847/154
f 6871/4849/154 6872/4850/154 6870/1339/154
f 6870/1339/154 6873/1338/154 6871/4849/154
f 6874/4851/154 6875/1233/154 6864/1160/154
f 6864/1160/154 6863/4846/154 6874/4851/154
f 6877/4852/883 6878/1352/883 6876/4853/883
f 6876/4853/883 6879/4854/883 6877/4852/883
f 6881/4855/2 6882/1352/2 6880/1351/2
f 6880/1351/2 6883/4856/2 6881/4855/2
f 6885/4857/891 6886/1163/891 6884/1162/891
f 6884/1162/891 6887/4858/891 6885/4857/891
f 6889/4859/883 6890/4860/883 6888/4861/883
f 6891/4862/883 6892/4863/883 6889/4859/883
f 6891/4862/883 6889/4859/883 6888/4861/883
f 6891/4862/883 6888/4861/883 6893/4864/883
f 6895/4865/2 6896/4866/2 6894/4867/2
f 6897/4868/2 6898/4869/2 6895/4865/2
f 6897/4868/2 6895/4865/2 6894/4867/2
f 6897/4868/2 6894/4867/2 6899/4870/2
f 1752/1295/901 1754/1294/900 6900/4871/903
f 6900/4871/903 6901/4872/903 1752/1295/901
f 6902/4873/923 1789/1326/927 1786/1325/926
f 1786/1325/926 6903/4874/923 6902/4873/923
f 6904/1134/942 1815/1131/2320 1812/1209/944
f 1812/1209/944 6905/1213/942 6904/1134/942
f 6906/4875/955 1836/1354/958 1833/1261/958
f 1833/1261/958 6907/1263/955 6906/4875/955
f 1858/1104/979 1855/1295/978 6908/4872/974
f 6908/4872/975 6909/1107/975 1858/1104/979
f 6910/4876/2 2269/1726/1186 2271/1725/1185
f 2271/1725/2321 6911/4877/2 6910/4876/2
f 6913/4878/154 6914/4879/154 6912/4880/154
f 6915/4881/154 6916/4882/154 6913/4878/154
f 6915/4881/154 6913/4878/154 6912/4880/154
f 6915/4881/154 6912/4880/154 6917/4883/154
f 2319/1767/1226 2316/1766/1225 2312/1762/1221
f 2312/1762/1221 2314/1761/1220 2319/1767/1226
f 6919/4884/154 6920/4885/154 6918/4886/154
f 6918/4886/154 6921/4887/154 6919/4884/154
f 2360/1802/1244 2365/1807/1248 2362/1806/1247
f 2362/1806/1247 2358/1761/2 2360/1802/1244
f 2383/1821/2322 2365/1807/1248 2360/1802/1244
f 2360/1802/1244 2381/1819/1258 2383/1821/2322
f 2401/1835/2 6923/4888/2 6922/1902/2
f 6922/1902/2 2402/1836/2 2401/1835/2
f 2420/1852/2 6924/4889/2 2315/1763/1222
f 2315/1763/1222 2312/1762/1221 2420/1852/2
f 2440/1868/1313 6926/1903/1313 6925/4890/1313
f 6925/4890/1313 2441/1869/1313 2440/1868/1313
f 2466/1890/2 6928/4891/2 6927/4892/2
f 6927/4892/2 2467/1891/2 2466/1890/2
f 2496/1868/1348 2502/1871/1352 2499/1837/1351
f 2499/1837/1351 2497/1836/1348 2496/1868/1348
f 2527/1869/1374 6930/4890/1374 6929/4889/1374
f 6929/4889/1374 2528/1852/1374 2527/1869/1374
f 2561/1891/1397 6932/4892/1397 6931/4888/1397
f 6931/4888/1397 2562/1835/1397 2561/1891/1397
f 6934/4691/1 6935/4893/1 6933/4894/1
f 6933/4894/1 6936/4895/1 6934/4691/1
f 6938/4896/2 6939/4897/2 6937/4898/2
f 6940/4899/2 6938/4896/2 6937/4898/2
f 6941/4900/2 6940/4899/2 6937/4898/2
f 6943/4901/154 6944/4902/154 6942/4903/154
f 6942/4903/154 6945/4904/154 6943/4901/154
f 6936/4895/1 6933/4894/1 6946/4905/1
f 6946/4905/1 6947/4906/1 6936/4895/1
f 6942/4903/154 6944/4902/154 6948/4907/154
f 6948/4907/154 6949/253/154 6942/4903/154
f 6951/4908/154 6952/4909/154 6950/4910/154
f 6950/4910/154 6953/4911/154 6951/4908/154
f 6954/4912/2323 6955/4912/2324 6121/4354/2244
f 6121/4354/2244 6118/4354/2 6954/4912/2323
f 6957/4913/883 6958/4913/883 6956/4914/883
f 6956/4914/883 6959/4914/883 6957/4913/883
f 6961/4915/883 6962/4916/883 6960/4917/883
f 6960/4917/883 6963/4918/883 6961/4915/883
f 6965/4919/1831 6966/4920/1831 6964/4921/1831
f 6967/4922/1831 6965/4919/1831 6964/4921/1831
f 6967/4922/1831 6964/4921/1831 6968/4923/1831
f 6970/4924/2325 6971/4925/2325 6969/4926/2325
f 6969/4926/1844 6972/4927/1844 6970/4924/1844
f 6974/4928/1855 6975/3393/1855 6973/4929/1855
f 6973/4929/1855 6976/4930/1855 6974/4928/1855
f 6978/4931/2326 6979/4932/2326 6977/3148/2326
f 6980/4933/2327 6981/4931/2327 4293/3148/2328
f 6980/4933/2327 4293/3148/2328 4295/3147/2329
f 6983/3363/2 6984/3362/2 6982/4934/2
f 6982/4934/2 6985/4935/2 6983/3363/2
f 6987/4936/1871 6988/4937/1871 6986/4938/1871
f 6986/4938/1871 6989/4939/1871 6987/4936/1871
f 6991/4940/1881 6992/4941/1881 6990/4942/1881
f 6990/4942/1881 6993/4943/1881 6991/4940/1881
f 6995/4929/73 6996/3178/73 6994/3177/73
f 6998/3177/73 6999/4944/73 6997/4929/73
f 7000/4945/1 4124/3009/1 4123/3008/1867
f 7001/4946/2330 7000/4945/2330 4123/3008/1867
f 7002/4947/2331 7001/4946/2331 4123/3008/1867
f 7004/3344/2 7005/3343/2 7003/4948/2
f 7003/4948/2 7006/4949/2 7004/3344/2
f 7008/3371/2 7009/3370/2 7007/4950/2
f 7007/4950/2 7010/4951/2 7008/3371/2
f 7012/3354/2 7013/3353/2 7011/4952/2
f 7011/4952/2 7014/4953/2 7012/3354/2
f 7016/3238/2020 7017/3365/2020 7015/3364/2020
f 7015/3364/2020 7018/3235/2020 7016/3238/2020
f 7020/4948/2025 7021/3373/2025 7019/3372/2025
f 7019/3372/2024 7022/4949/2024 7020/4948/2024
f 7024/4952/2024 7025/3178/2024 7023/4929/2024
f 7023/4929/2024 7026/4953/2024 7024/4952/2024
f 7028/3278/2020 7029/3377/2020 7027/3376/2020
f 7027/3376/2020 7030/3275/2020 7028/3278/2020
f 7032/4934/2020 7033/4954/2020 7031/4900/2020
f 7031/4900/2021 7034/4935/2021 7032/4934/2021
f 7036/3014/2025 7037/3346/2025 7035/3345/2025
f 7035/3345/2025 7038/3015/2025 7036/3014/2025
f 7040/3262/2021 7041/3350/2021 7039/3349/2021
f 7039/3349/2021 7042/3259/2021 7040/3262/2021
f 7044/4950/2025 7045/3356/2025 7043/3355/2025
f 7043/3355/2024 7046/4951/2024 7044/4950/2024
f 7048/4955/883 7049/4956/883 7047/4957/883
f 7047/4957/883 7050/4958/883 7048/4955/883
f 7052/4959/883 7053/4960/883 7051/4961/883
f 7051/4961/883 7054/4962/883 7052/4959/883
f 7056/4963/883 7057/4964/883 7055/4965/883
f 7055/4965/883 7058/4966/883 7056/4963/883
f 7060/4967/2055 7061/4968/2055 7059/4969/2055
f 7059/4969/2055 7062/4970/2055 7060/4967/2055
f 7064/4971/2057 7065/4972/2057 7063/4973/2057
f 7063/4973/2057 7066/4974/2057 7064/4971/2057
f 7068/4971/2057 7069/4972/2057 7067/4973/2057
f 7067/4973/2057 7070/4974/2057 7068/4971/2057
f 7072/4967/2055 7073/4968/2055 7071/4969/2055
f 7071/4969/2055 7074/4970/2055 7072/4967/2055
f 7076/4971/2057 7077/4972/2057 7075/4973/2057
f 7075/4973/2057 7078/4974/2057 7076/4971/2057
f 7080/4967/2055 7081/4968/2055 7079/4969/2055
f 7079/4969/2055 7082/4970/2055 7080/4967/2055
f 7084/4971/2057 7085/4972/2057 7083/4973/2057
f 7083/4973/2057 7086/4974/2057 7084/4971/2057
f 7088/4967/2055 7089/4968/2055 7087/4969/2055
f 7087/4969/2055 7090/4970/2055 7088/4967/2055
f 7091/4975/2130 5015/3585/2332 5014/3584/2132
f 5014/3584/2132 7092/4976/2130 7091/4975/2130
f 7094/4977/2146 7095/4978/2146 7093/4979/2146
f 7093/4979/2146 7096/4980/2146 7094/4977/2146
f 7098/4981/154 7099/4982/154 7097/4983/154
f 7097/4983/154 7100/4984/154 7098/4981/154
f 7102/4985/883 7103/3827/883 7101/527/883
f 7101/527/883 7104/4986/883 7102/4985/883
f 7100/4984/154 7097/4983/154 7105/4987/154
f 7105/4987/154 7106/4988/154 7100/4984/154
f 7108/4989/154 7109/4990/154 7107/4991/154
f 7107/4991/154 7110/4992/154 7108/4989/154
f 7112/4993/883 7113/3846/883 7111/3847/883
f 7111/3847/883 7114/4994/883 7112/4993/883
f 7110/4992/154 7107/4991/154 7115/4995/154
f 7115/4995/154 7116/4996/154 7110/4992/154
f 7118/4997/2192 7119/610/2192 7117/613/2192
f 7117/613/2192 7120/4998/2192 7118/4997/2192
f 624/517/440 5565/624/440 7121/4746/440
f 7121/4746/440 622/514/440 624/517/440
f 5583/3874/2195 7123/4999/2195 7122/5000/2195
f 7122/5000/2195 5584/3875/2195 5583/3874/2195
f 7125/5001/2196 7126/5002/2197 7124/5003/2198
f 7124/5003/2198 7127/5004/2198 7125/5001/2196
f 7129/5005/2202 7130/5006/2202 7128/5007/2202
f 7128/5007/2202 7131/5008/2202 7129/5005/2202
f 7132/5009/2205 7133/5010/2205 7126/5002/2197
f 7126/5002/2197 7125/5001/2196 7132/5009/2205
f 5608/3899/2209 7135/5011/2209 7134/5012/2209
f 7134/5012/2209 5606/3900/2209 5608/3899/2209
f 7137/5013/2213 7138/5010/2213 7136/5009/2213
f 7136/5009/2213 7139/5014/2213 7137/5013/2213
f 7141/5015/2215 7142/5016/2215 7140/5017/2215
f 7140/5017/2215 7143/5018/2215 7141/5015/2215
f 7145/5019/1 7146/5020/1 7144/5021/1
f 7144/5021/1 7147/5022/1 7145/5019/1
f 5949/4216/2 7149/4226/2 7148/4227/2
f 7148/4227/2 5950/4217/2 5949/4216/2
f 7151/5023/154 7152/5024/154 7150/5025/154
f 7150/5025/154 7153/5026/154 7151/5023/154
f 5957/4224/883 7155/5027/883 7154/5028/883
f 7154/5028/883 5958/4225/883 5957/4224/883
f 7157/5019/1 7158/5020/1 7156/5021/1
f 7156/5021/1 7159/5022/1 7157/5019/1
f 6021/4284/2 7161/4290/2 7160/4291/2
f 7160/4291/2 6022/4285/2 6021/4284/2
f 7163/5023/154 7164/5024/154 7162/5025/154
f 7162/5025/154 7165/5026/154 7163/5023/154
f 6029/4288/883 7167/5029/883 7166/5030/883
f 7166/5030/883 6030/4289/883 6029/4288/883
f 6039/4299/2221 6036/4298/2333 6032/4294/2217
f 6032/4294/2217 6034/4293/2217 6039/4299/2221
f 7168/5031/2217 7169/5032/2217 6040/4301/2217
f 6040/4301/2217 6041/4300/2217 7168/5031/2217
f 7171/5033/2226 7172/5034/2226 7170/5035/2226
f 7170/5035/2226 7173/5036/2226 7171/5033/2226
f 7175/5037/2228 7176/5038/2228 7174/5039/2228
f 7174/5039/2227 7177/5040/2227 7175/5037/2227
f 7179/5041/1 7180/5042/1 7178/5043/1
f 7178/5043/1 7181/5044/1 7179/5041/1
f 7182/5045/1820 7183/5046/1820 4026/2924/1820
f 4026/2924/1820 4028/2936/1820 7182/5045/1820
f 7184/4353/883 7185/5047/883 6958/4913/883
f 6958/4913/883 6957/4913/883 7184/4353/883
f 6323/4539/2334 6331/4456/2297 6332/4457/2303
f 6332/4457/2303 6321/4540/2291 6323/4539/2334
f 6329/4541/2294 7186/4462/2267 6337/4463/2268
f 6337/4463/2268 6327/4542/2295 6329/4541/2294
f 6336/4543/2301 6330/4464/2296 6327/4542/2295
f 6336/4543/2301 6335/4467/2335 7187/4469/2275
f 7187/4469/2275 6339/4544/2302 6336/4543/2301
f 6339/4544/2302 7187/4469/2275 7188/4470/2277
f 6339/4544/2302 7188/4470/2277 6324/4458/2292
f 6339/4544/2302 6324/4458/2292 6321/4540/2291
o Base_-_Medium_Plane.018
v -1.198963 0.518828 -0.337460
v -1.198963 0.482236 -0.337460
v -1.208111 0.518828 -0.333672
v -1.064219 0.518828 -0.333672
v -1.064219 0.518828 -0.337145
v -1.198963 0.518828 -2.007879
v -1.198963 0.409051 -0.337461
v -1.064219 0.518828 -0.337460
v -1.064219 0.518828 -0.330077
v -1.064219 0.518828 -1.964614
v -0.336712 0.518828 -2.007879
v -1.198963 0.482236 -1.788323
v -1.125778 0.482236 -0.367775
v -1.208111 0.409051 -0.333672
v -1.064219 0.518828 -0.501797
v -1.064219 0.518828 -0.329558
v -1.064219 0.518828 -0.619515
v -0.036553 0.518828 -1.964614
v -0.001079 0.518828 -2.007879
v -0.942815 0.482236 -2.007879
v -1.198963 0.006533 -2.007879
v -1.064219 0.482236 -0.545622
v -1.064219 0.482236 -1.763157
v -1.125778 0.409051 -0.367775
v -1.064219 0.482236 -0.405091
v -1.064219 0.482236 -0.399198
v -1.287686 0.409051 -0.272612
v -0.823890 0.409051 -0.333672
v -1.064219 0.518828 -0.283094
v -0.048931 0.518828 -2.016129
v 0.034471 0.518828 -1.964614
v -0.336712 0.482236 -2.007879
v -1.198963 0.006533 -1.788323
v -1.064219 0.482236 -0.501739
v -1.125778 0.482236 -1.788323
v -1.064219 0.482236 -1.774530
v -1.115444 0.482236 -0.372055
v -1.064219 0.482236 -0.398272
v -1.064219 0.482236 -0.415881
v -0.744315 0.409051 -0.272612
v -1.287686 0.518828 -0.272612
v -1.064219 0.518828 -0.117380
v -0.001079 0.409051 -2.007879
v -0.093163 0.518828 -2.036163
v 1.198510 0.518828 -2.007879
v 1.064563 0.518828 -0.500479
v 1.198510 0.518828 -0.337460
v -0.342555 0.482236 -1.999379
v -0.285736 0.518828 -2.082035
v -0.942815 0.006533 -2.007879
v -1.125778 0.006533 -1.788323
v -1.125778 0.006533 -1.934693
v -1.064219 0.482236 -0.463452
v -1.064219 0.482236 -1.791244
v -1.115444 0.409051 -0.372055
v -1.064219 0.482236 -0.378799
v -1.064219 0.482236 -0.434795
v -0.683255 0.409051 -0.193037
v -1.348746 0.518828 -0.193037
v -0.748567 0.478325 -0.275874
v -0.744315 0.478325 -0.272612
v -1.064219 0.518828 -0.033959
v 0.046774 0.409051 -2.016129
v -0.048931 0.409051 -2.016129
v -0.093163 0.409051 -2.036163
v -0.130925 0.518828 -2.066690
v 1.198510 0.482236 -0.337460
v 0.334555 0.518828 -2.007879
v 1.064563 0.518828 -0.337460
v -0.285736 0.409051 -2.082035
v -0.453570 0.482236 -1.964614
v -0.942815 0.482236 -1.964614
v -0.942815 0.006533 -1.934693
v -1.125778 0.482236 -1.934693
v -1.064219 0.482236 -1.808468
v -0.916556 0.409051 -0.372055
v -1.064219 0.478325 -0.378799
v -1.348746 0.409051 -0.193037
v -0.741052 0.478325 -0.268359
v -0.823890 0.478325 -0.333671
v -1.297624 0.518828 -0.159662
v -1.064219 0.518828 -0.030483
v 0.046774 0.518828 -2.016129
v 0.334434 0.409051 -2.007879
v -0.336712 0.409051 -2.007879
v -0.130925 0.409051 -2.066691
v 1.207658 0.518828 -0.333671
v 1.198510 0.482236 -1.788323
v 0.334555 0.482236 -2.007879
v 1.064563 0.518828 -0.334006
v -0.942815 0.478325 -1.964614
v -0.354869 0.482236 -1.964614
v -0.159783 0.518828 -2.105743
v -0.209460 0.518828 -2.147170
v -1.064219 0.482236 -1.929530
v -1.016000 0.409051 -0.385148
v -0.828842 0.478325 -0.335723
v -1.021314 0.478325 -0.384448
v -1.016000 0.478325 -0.385148
v -1.016000 0.409051 -0.174741
v -0.683255 0.478325 -0.193037
v -1.354469 0.409051 -0.179221
v -1.342804 0.518828 -0.177733
v -1.258426 0.518828 -0.130829
v -1.064219 0.518828 -0.025058
v 0.091006 0.409051 -2.036163
v 0.322027 0.409051 -2.034149
v 0.365201 0.409051 -1.943615
v -0.000226 0.409051 -2.000836
v 1.198510 0.409051 -0.337460
v 1.125325 0.482236 -1.788323
v 1.198510 0.006533 -1.788323
v 0.942362 0.482236 -2.007879
v 0.322027 0.518828 -2.034149
v 1.064563 0.518828 -0.333671
v -0.342555 0.409051 -1.999379
v -1.064219 0.478325 -1.934693
v -0.354869 0.478325 -1.964614
v -0.209460 0.409051 -2.147170
v -1.064219 0.482236 -1.934693
v -0.921870 0.478325 -0.372755
v -0.916556 0.478325 -0.372055
v -0.971014 0.409051 -0.168818
v -0.681204 0.478325 -0.188085
v -1.354469 0.518828 -0.179221
v -1.297624 0.409051 -0.159662
v -1.227717 0.518828 -0.093082
v -1.064219 0.518828 -0.008448
v 0.091006 0.518828 -2.036163
v 0.044760 0.409051 -1.994915
v -0.159783 0.409051 -2.105743
v 1.125325 0.409051 -0.367775
v 1.207658 0.409051 -0.333671
v 1.064563 0.482236 -0.561503
v 1.064563 0.482236 -1.780929
v 1.198510 0.006533 -2.007879
v 0.461128 0.482236 -1.964614
v 0.942362 0.482236 -1.964614
v 0.942362 0.006533 -2.007879
v 1.064563 0.518828 -0.329580
v -0.374255 0.478325 -1.909886
v -0.376044 0.409051 -1.904834
v -0.376044 0.478325 -1.904833
v -0.177877 0.518828 -2.150805
v -0.179255 0.409051 -2.161574
v -1.342804 0.409051 -0.177733
v -1.013596 0.478325 -0.174424
v -1.016000 0.478325 -0.174741
v -0.644871 0.409051 -0.100370
v -0.644871 0.478325 -0.100369
v -1.258426 0.409051 -0.130829
v -1.207464 0.518828 -0.048838
v -1.064219 0.518828 0.018938
v 0.128768 0.518828 -2.066690
v 0.128768 0.409051 -2.066691
v 0.256893 0.518828 -2.110426
v 0.086681 0.409051 -1.977550
v 0.355187 0.478325 -1.964614
v -0.000226 0.482236 -2.000836
v -0.045213 0.409051 -1.994915
v 0.823437 0.409051 -0.333671
v 1.125325 0.482236 -0.367775
v 1.287233 0.409051 -0.272611
v 1.064563 0.482236 -1.798213
v 1.064563 0.482236 -0.517917
v 1.125325 0.006533 -1.788323
v 1.125325 0.006533 -1.934693
v 0.355187 0.482236 -1.964614
v 0.942362 0.478325 -1.964614
v 1.064563 0.518828 -0.283057
v -0.383502 0.478325 -1.810184
v -0.179255 0.518828 -2.161573
v -0.177877 0.409051 -2.150805
v -1.058583 0.478325 -0.169134
v -0.971014 0.478325 -0.168818
v -0.929093 0.409051 -0.151454
v -0.644171 0.478325 -0.095055
v -1.102908 0.409051 -0.151454
v -1.227717 0.409051 -0.093082
v -1.198963 0.518828 -0.000926
v -1.064219 0.518828 0.054943
v 0.157626 0.409051 -2.105743
v 0.256893 0.409051 -2.110426
v 0.157626 0.518828 -2.105743
v 0.044760 0.482236 -1.994915
v 0.122679 0.409051 -1.949928
v 0.366177 0.478325 -1.938345
v 0.365201 0.478325 -1.943615
v -0.045213 0.482236 -1.994915
v 0.916103 0.409051 -0.372055
v 1.114991 0.409051 -0.372055
v 1.114991 0.482236 -0.372055
v 1.287233 0.518828 -0.272611
v 1.064563 0.482236 -1.836933
v 1.064563 0.482236 -0.476870
v 0.942362 0.478325 -1.935295
v 0.942362 0.006533 -1.934693
v 0.942362 0.478325 -1.934693
v 1.064563 0.518828 -0.117934
v -0.087133 0.409051 -1.977550
v -0.383923 0.409051 -1.804840
v -0.383923 0.478325 -1.804840
v -1.060987 0.409051 -0.168818
v -1.060987 0.478325 -0.168818
v -0.968774 0.478325 -0.167890
v -0.893095 0.409051 -0.123832
v -0.631779 0.478325 -0.000926
v -0.631779 0.409051 -0.000926
v -0.865473 0.409051 -0.087833
v -1.138906 0.409051 -0.123832
v -1.207464 0.409051 -0.048838
v -1.207464 0.518828 0.046985
v -1.064219 0.518828 0.096668
v 0.177534 0.518828 -2.164978
v 0.175720 0.518828 -2.150805
v 0.086681 0.482236 -1.977549
v 0.150301 0.409051 -1.913929
v 0.383470 0.478325 -1.844990
v 0.383470 0.409051 -1.844990
v -0.087133 0.482236 -1.977549
v 0.911151 0.478325 -0.370004
v 0.916103 0.478325 -0.372055
v 1.064563 0.482236 -0.408129
v 1.064563 0.482236 -0.399341
v 0.743862 0.409051 -0.272612
v 1.348293 0.409051 -0.193037
v 1.125325 0.482236 -1.934693
v 1.064563 0.482236 -1.934693
v 1.064563 0.482236 -0.444379
v 0.943867 0.478325 -1.934693
v 1.348293 0.518828 -0.193037
v 1.064563 0.518828 -0.034404
v -0.123132 0.409051 -1.949928
v -0.168118 0.409051 -1.872009
v -0.366630 0.478325 -1.711487
v -1.102908 0.482236 -0.151454
v -1.064219 0.478325 -0.167479
v -0.929093 0.478325 -0.151454
v -0.927169 0.478325 -0.149978
v -0.632478 0.478325 0.004388
v -0.848109 0.409051 -0.045912
v -1.138906 0.482236 -0.123832
v -1.166528 0.409051 -0.087833
v -1.198963 0.409051 -0.000926
v -1.227717 0.518828 0.091232
v -1.064219 0.518828 0.137177
v 0.175720 0.409051 -2.150805
v 0.177534 0.409051 -2.164978
v 0.103540 0.478325 -1.964614
v 0.148825 0.478325 -1.915853
v 0.150301 0.478325 -1.913929
v 0.383049 0.478325 -1.839646
v 0.167665 0.409051 -1.872009
v 1.010233 0.478325 -0.384448
v 0.823437 0.478325 -0.333671
v 1.015548 0.409051 -0.385147
v 1.064563 0.482236 -0.421850
v 1.064563 0.482236 -0.378694
v 0.819184 0.478325 -0.330408
v 1.064563 0.478325 -1.934693
v 1.297171 0.518828 -0.159661
v 1.064563 0.518828 -0.030924
v -0.150754 0.409051 -1.913929
v -0.121208 0.478325 -1.951404
v -0.123132 0.478325 -1.949928
v -0.103992 0.482236 -1.964614
v -0.103992 0.478325 -1.964614
v -0.174041 0.409051 -1.827022
v -0.365653 0.409051 -1.706217
v -0.365653 0.478325 -1.706217
v -1.064219 0.482236 -0.151454
v -1.064219 0.482236 -0.167479
v -0.893095 0.478325 -0.123832
v -0.866949 0.478325 -0.089757
v -0.865473 0.478325 -0.087833
v -0.644871 0.478325 0.098517
v -0.644871 0.409051 0.098517
v -0.842186 0.409051 -0.000926
v -0.849037 0.478325 -0.048152
v -0.848109 0.478325 -0.045912
v -1.183892 0.409051 -0.045912
v -1.207464 0.409051 0.046985
v -1.064219 0.518828 0.172427
v -0.011578 0.482236 -1.964614
v 0.103540 0.482236 -1.964614
v 0.122679 0.478325 -1.949928
v 0.166738 0.478325 -1.874249
v 0.375592 0.478325 -1.744998
v 0.375592 0.409051 -1.744998
v 0.173588 0.409051 -1.827022
v 0.167665 0.478325 -1.872009
v 1.015548 0.478325 -0.385147
v 1.064563 0.478325 -0.378694
v 0.743862 0.478325 -0.272612
v 0.682802 0.409051 -0.193037
v 1.354016 0.409051 -0.179221
v 1.257973 0.518828 -0.130829
v 1.064563 0.518828 -0.025492
v 1.342352 0.518828 -0.177733
v -0.124608 0.478325 -1.948004
v -0.151682 0.478325 -1.911689
v -0.150754 0.478325 -1.913929
v -0.168118 0.409051 -1.782036
v -0.168435 0.478325 -1.869605
v -0.168118 0.478325 -1.872009
v -0.324787 0.478325 -1.620520
v -1.064219 0.482236 -0.146360
v -0.646922 0.478325 0.103469
v -0.848109 0.409051 0.044060
v -0.842502 0.478325 -0.003330
v -0.842186 0.478325 -0.000926
v -1.064219 0.482236 -0.123832
v -1.166528 0.482236 -0.087833
v -1.189815 0.409051 -0.000926
v -1.183892 0.409051 0.044060
v -1.227717 0.409051 0.091232
v -1.258426 0.518828 0.128977
v -1.064219 0.518828 0.199688
v 0.373802 0.478325 -1.739946
v 0.167665 0.409051 -1.782036
v 0.173272 0.478325 -1.829426
v 0.173588 0.478325 -1.827022
v 0.686065 0.478325 -0.197289
v 0.682802 0.478325 -0.193037
v 1.354016 0.518828 -0.179221
v 1.227264 0.518828 -0.093082
v 1.064563 0.518828 -0.008861
v 1.297171 0.409051 -0.159661
v -0.173724 0.478325 -1.824618
v -0.174041 0.478325 -1.827022
v -0.150754 0.409051 -1.740114
v -0.322480 0.409051 -1.615682
v -0.322480 0.478325 -1.615682
v -0.683255 0.478325 0.191185
v -0.683255 0.409051 0.191185
v -0.893095 0.409051 0.121980
v -0.847792 0.478325 0.041656
v -0.848109 0.478325 0.044060
v -0.865473 0.409051 0.085981
v -1.064219 0.482236 -0.113999
v -1.064219 0.482236 -0.087833
v -1.183892 0.482236 -0.045912
v -1.166528 0.409051 0.085981
v -1.258426 0.409051 0.128977
v -1.297624 0.518828 0.157808
v -1.064219 0.518828 0.217710
v 0.342102 0.478325 -1.650452
v 0.342102 0.409051 -1.650452
v 0.150301 0.409051 -1.740114
v 0.167982 0.478325 -1.784440
v 0.167665 0.478325 -1.782036
v 0.646469 0.478325 -0.105321
v 1.015547 0.409051 -0.174740
v 1.207011 0.518828 -0.048837
v 1.064563 0.518828 0.018561
v 1.227264 0.409051 -0.093082
v 1.257973 0.409051 -0.130829
v 1.342352 0.409051 -0.177733
v -0.168118 0.478325 -1.782036
v -0.123132 0.409051 -1.704116
v -0.167190 0.478325 -1.779796
v -0.260827 0.478325 -1.543482
v -0.686518 0.478325 0.195437
v -0.929093 0.409051 0.149603
v -0.864545 0.478325 0.083741
v -0.865473 0.478325 0.085981
v -1.064219 0.482236 -0.084724
v -1.064219 0.482236 -0.074113
v -1.064219 0.482236 -0.081991
v -1.189815 0.482236 -0.000926
v -1.183892 0.482236 0.044060
v -1.138906 0.409051 0.121980
v -1.297624 0.409051 0.157808
v -1.342804 0.409051 0.175881
v -1.342804 0.518828 0.175881
v -1.064219 0.518828 0.219911
v 0.339066 0.478325 -1.646035
v 0.122679 0.409051 -1.704116
v 0.151229 0.478325 -1.742355
v 0.150301 0.478325 -1.740114
v 0.644418 0.409051 -0.100369
v 0.644418 0.478325 -0.100369
v 0.970561 0.409051 -0.168817
v 1.198510 0.518828 -0.000926
v 1.064563 0.518828 0.054613
v 1.207011 0.409051 -0.048837
v 1.102455 0.409051 -0.151453
v -0.149278 0.478325 -1.738191
v -0.150754 0.478325 -1.740114
v -0.087134 0.409051 -1.676494
v -0.257346 0.409051 -1.539406
v -0.257346 0.478325 -1.539406
v -0.744315 0.478325 0.270760
v -0.744315 0.409051 0.270760
v -1.348746 0.409051 0.191185
v -0.895019 0.478325 0.123456
v -0.893095 0.478325 0.121980
v -0.971014 0.409051 0.166965
v -0.891619 0.478325 0.120056
v -1.064219 0.482236 -0.070764
v -1.087303 0.482236 -0.042093
v -1.166528 0.482236 0.085981
v -1.102908 0.409051 0.149603
v -1.354469 0.409051 0.177369
v -1.354469 0.518828 0.177369
v -1.348746 0.518828 0.191185
v -1.064219 0.518828 0.228785
v 0.285283 0.478325 -1.567797
v 0.285283 0.409051 -1.567797
v 0.124155 0.478325 -1.706040
v 0.122679 0.478325 -1.704116
v 0.086681 0.409051 -1.676494
v 0.632025 0.478325 -0.006240
v 0.972965 0.478325 -0.169134
v 0.970561 0.478325 -0.168817
v 1.207011 0.518828 0.046986
v 1.064563 0.518828 0.096392
v 1.198510 0.409051 -0.000926
v 1.166075 0.409051 -0.087833
v 1.138453 0.409051 -0.123832
v 1.060534 0.409051 -0.168817
v -0.123132 0.478325 -1.704116
v -0.045213 0.409051 -1.659130
v -0.089057 0.478325 -1.677970
v -0.087134 0.478325 -1.676494
v -0.252929 0.478325 -1.536370
v -0.819637 0.478325 0.328557
v -1.287686 0.409051 0.270760
v -0.929093 0.478325 0.149603
v -0.931333 0.478325 0.150531
v -1.016000 0.409051 0.172888
v -1.074219 0.482236 -0.059145
v -1.064219 0.482236 -0.066818
v -1.095528 0.482236 0.020383
v -1.095528 0.482236 -0.022235
v -1.074219 0.482236 0.057293
v -1.138906 0.482236 0.121980
v -1.102908 0.482236 0.149603
v -1.060987 0.409051 0.166965
v -1.287686 0.518828 0.270760
v -1.064219 0.518828 0.281242
v 0.213083 0.478325 -1.506142
v -0.000226 0.409051 -1.653207
v 0.120755 0.478325 -1.702640
v 0.044760 0.409051 -1.659130
v 0.928640 0.409051 -0.151454
v 0.631326 0.409051 -0.000926
v 0.631326 0.478325 -0.000926
v 0.930880 0.478325 -0.152381
v 1.015547 0.478325 -0.174740
v 1.227264 0.518828 0.091232
v 1.064563 0.518828 0.136953
v 1.207011 0.409051 0.046986
v 1.183439 0.409051 -0.045912
v 1.102455 0.482236 -0.151453
v 1.062774 0.478325 -0.167889
v 1.060534 0.478325 -0.168817
v 1.017951 0.478325 -0.174424
v -0.047453 0.478325 -1.660058
v -0.045213 0.478325 -1.659130
v 0.209007 0.409051 -1.502662
v -0.174690 0.409051 -1.482587
v -0.174690 0.478325 -1.482587
v -0.823890 0.409051 0.331819
v -0.823890 0.478325 0.331819
v -0.971014 0.478325 0.166965
v -0.973418 0.478325 0.167282
v -1.064219 0.478325 -0.066818
v -1.098333 0.482236 -0.000926
v -1.087303 0.482236 0.040241
v -1.074219 0.335866 -0.059145
v -1.087303 0.335866 -0.042093
v -1.064219 0.482236 0.071382
v -1.064219 0.482236 0.064966
v -1.064219 0.482236 0.099451
v -1.064219 0.482236 0.121980
v -1.064219 0.482236 0.165627
v -1.064219 0.478325 0.165627
v -1.063227 0.478325 0.166038
v -1.060987 0.478325 0.166965
v -1.208111 0.518828 0.331819
v -1.064219 0.518828 0.327705
v 0.209007 0.478325 -1.502662
v 0.086681 0.478325 -1.676494
v 0.084441 0.478325 -1.675566
v 0.892642 0.409051 -0.123832
v 0.928640 0.478325 -0.151453
v 0.865019 0.409051 -0.087833
v 0.643718 0.478325 0.093204
v 1.064563 0.518828 0.172249
v 1.227264 0.409051 0.091232
v 1.189362 0.409051 -0.000926
v 1.183439 0.482236 -0.045912
v 1.166075 0.482236 -0.087833
v 1.138453 0.482236 -0.123832
v 1.064563 0.482236 -0.167148
v 1.064563 0.478325 -0.167148
v -0.002630 0.478325 -1.653524
v -0.000226 0.478325 -1.653207
v 0.118472 0.409051 -1.459489
v -0.169637 0.478325 -1.480797
v -0.911605 0.478325 0.368152
v -1.208111 0.409051 0.331819
v -1.016000 0.478325 0.172888
v -1.057167 0.335866 -0.072228
v -1.057622 0.478325 -0.071879
v -1.057167 0.478325 -0.072228
v -1.098333 0.335866 -0.000926
v -1.095528 0.335866 0.020383
v -1.095528 0.335866 -0.022235
v -1.087303 0.335866 0.040240
v -1.064219 0.482236 0.080139
v -1.057167 0.335866 0.070376
v -1.064219 0.478325 0.064966
v -1.064219 0.482236 0.131813
v -1.064219 0.482236 0.149603
v -1.064219 0.482236 0.085981
v -1.064219 0.482236 0.154696
v -1.018404 0.478325 0.172572
v -1.064219 0.518828 0.328225
v 0.123310 0.478325 -1.461796
v 0.042356 0.478325 -1.658814
v 0.044760 0.478325 -1.659130
v 0.894566 0.478325 -0.125308
v 0.892642 0.478325 -0.123832
v 0.847655 0.409051 -0.045912
v 0.644418 0.409051 0.098518
v 0.644418 0.478325 0.098518
v 1.064563 0.518828 0.199546
v 1.257973 0.518828 0.128977
v 1.257973 0.409051 0.128977
v 1.166075 0.409051 0.085981
v 1.183439 0.409051 0.044060
v 1.189362 0.482236 -0.000926
v 1.064563 0.482236 -0.133559
v 1.064563 0.482236 -0.151453
v 1.064563 0.482236 -0.156442
v -0.080144 0.409051 -1.449098
v 0.118472 0.478325 -1.459489
v -0.080144 0.478325 -1.449098
v -0.916557 0.409051 0.370203
v -0.916557 0.478325 0.370203
v -1.037840 0.478325 -0.080234
v -0.957782 0.335866 -0.059145
v -0.944698 0.335866 -0.042093
v -0.936473 0.335866 -0.022235
v -1.074219 0.335866 0.057293
v -1.064219 0.482236 0.082872
v -1.056636 0.478325 0.070596
v -1.057167 0.478325 0.070376
v -1.198963 0.409051 0.335609
v -1.064219 0.518828 0.331819
v 0.891166 0.478325 -0.121908
v 0.841733 0.409051 -0.000926
v 0.864092 0.478325 -0.085593
v 0.865019 0.478325 -0.087833
v 0.847655 0.409051 0.044060
v 0.680751 0.478325 0.186233
v 1.064563 0.518828 0.217590
v 1.297171 0.518828 0.157809
v 1.138453 0.409051 0.121980
v 1.183439 0.482236 0.044060
v 1.086850 0.482236 -0.042092
v 1.064563 0.482236 -0.073925
v 1.064563 0.482236 -0.082036
v 1.064563 0.482236 -0.101198
v 1.064563 0.482236 -0.123832
v 0.019848 0.409051 -1.441219
v 0.025119 0.478325 -1.442196
v -0.074800 0.478325 -1.448676
v -1.010686 0.478325 0.382596
v -1.037310 0.335866 -0.080454
v -1.037310 0.478325 -0.080454
v -0.974834 0.335866 -0.072228
v -0.933667 0.335866 -0.000926
v -0.936473 0.335866 0.020383
v -0.944698 0.335866 0.040241
v -0.957782 0.335866 0.057293
v -0.974834 0.335866 0.070376
v -0.994691 0.335866 0.078602
v -1.037310 0.335866 0.078602
v -1.037310 0.478325 0.078602
v -1.198963 0.482236 0.335609
v -1.064219 0.518828 0.332156
v 0.847339 0.478325 -0.043508
v 0.847655 0.478325 -0.045912
v 0.865019 0.409051 0.085981
v 0.682802 0.409051 0.191185
v 0.682802 0.478325 0.191185
v 1.064563 0.518828 0.219794
v 1.342352 0.518828 0.175882
v 1.297171 0.409051 0.157809
v 1.102455 0.409051 0.149603
v 1.138453 0.482236 0.121980
v 1.166075 0.482236 0.085981
v 1.097880 0.482236 -0.000926
v 1.095075 0.482236 -0.022235
v 1.073766 0.482236 -0.059145
v 1.064563 0.482236 -0.084748
v 1.064563 0.482236 -0.070598
v 1.064563 0.482236 -0.087833
v 0.019848 0.478325 -1.441219
v -1.016000 0.409051 0.383295
v -1.016000 0.478325 0.383295
v -1.125778 0.409051 0.365924
v -1.016570 0.478325 -0.083184
v -0.958238 0.478325 -0.059494
v -0.957782 0.478325 -0.059145
v -0.957432 0.478325 -0.058689
v -0.936692 0.478325 -0.022766
v -0.936473 0.478325 -0.022235
v -0.936398 0.478325 -0.021666
v -1.016000 0.335866 0.081407
v -1.036740 0.478325 0.078677
v -1.198963 0.518828 0.335609
v -1.064219 0.518828 0.335609
v 0.842049 0.478325 0.001478
v 0.841733 0.478325 -0.000926
v 0.892642 0.409051 0.121980
v 0.848583 0.478325 0.046300
v 0.847655 0.478325 0.044060
v 0.740599 0.478325 0.266508
v 1.348293 0.518828 0.191185
v 1.064563 0.518828 0.228680
v 1.354016 0.409051 0.177369
v 1.354016 0.518828 0.177369
v 1.342352 0.409051 0.175881
v 1.073766 0.482236 0.057293
v 1.095075 0.482236 0.020383
v 1.095075 0.335866 -0.022235
v 1.086850 0.335866 -0.042092
v 1.064563 0.482236 -0.066206
v -1.115444 0.482236 0.370203
v -1.064219 0.478325 0.376947
v -1.115444 0.409051 0.370203
v -1.016000 0.335866 -0.083259
v -1.016000 0.478325 -0.083259
v -0.994691 0.335866 -0.080454
v -0.974834 0.478325 -0.072228
v -0.944698 0.478325 -0.042093
v -0.933742 0.478325 -0.000357
v -0.933667 0.478325 -0.000926
v -0.936692 0.478325 0.020914
v -0.936473 0.478325 0.020383
v -0.945047 0.478325 0.040696
v -0.944698 0.478325 0.040241
v -0.974378 0.478325 0.070027
v -0.974834 0.478325 0.070376
v -0.994160 0.478325 0.078382
v -0.994691 0.478325 0.078602
v -1.015431 0.478325 0.081332
v -1.016000 0.478325 0.081407
v -1.198963 0.518828 2.007877
v -1.125778 0.482236 0.365924
v -1.064219 0.518828 0.417691
v 0.866496 0.478325 0.087905
v 0.865019 0.478325 0.085981
v 0.928640 0.409051 0.149603
v 0.743862 0.409051 0.270760
v 0.743862 0.478325 0.270760
v 1.287233 0.518828 0.270760
v 1.064563 0.518828 0.281205
v 1.348293 0.409051 0.191185
v 1.060534 0.409051 0.166966
v 1.102455 0.482236 0.149603
v 1.064563 0.482236 0.085981
v 1.064563 0.482236 0.112252
v 1.064563 0.482236 0.071496
v 1.064563 0.482236 0.064354
v 1.086850 0.482236 0.040241
v 1.095075 0.335866 0.020383
v 1.097880 0.335866 -0.000926
v 1.073766 0.335866 -0.059145
v 1.056714 0.335866 -0.072228
v 1.064563 0.478325 -0.066206
v -1.064219 0.482236 0.518307
v -1.064219 0.482236 0.376947
v -0.995260 0.478325 -0.080529
v -0.975364 0.478325 -0.072448
v -0.957782 0.478325 0.057293
v -1.198963 0.482236 1.587063
v -1.064219 0.518828 0.499946
v 0.892642 0.478325 0.121980
v 0.970561 0.409051 0.166966
v 0.926717 0.478325 0.148127
v 0.928640 0.478325 0.149603
v 1.287233 0.409051 0.270760
v 0.748114 0.478325 0.274023
v 1.207658 0.518828 0.331820
v 1.064563 0.518828 0.327728
v 1.015547 0.409051 0.172889
v 1.064563 0.482236 0.121980
v 1.064563 0.482236 0.144614
v 1.064563 0.482236 0.082897
v 1.064563 0.478325 0.064354
v 1.064563 0.482236 0.080184
v 1.073766 0.335866 0.057293
v 1.086850 0.335866 0.040241
v 0.936020 0.335866 -0.022235
v 0.944245 0.335866 -0.042092
v 0.957329 0.335866 -0.059145
v 1.056183 0.478325 -0.072448
v 1.056714 0.478325 -0.072228
v -1.064219 0.482236 1.508188
v -0.994691 0.478325 -0.080454
v -1.198963 0.482236 1.751729
v -0.001079 0.518828 2.007877
v -0.336762 0.518828 2.007877
v 1.198510 0.518828 2.007877
v 1.064563 0.518828 1.962471
v 0.968321 0.478325 0.166038
v 0.970561 0.478325 0.166966
v 1.207658 0.409051 0.331820
v 0.823437 0.409051 0.331819
v 0.823437 0.478325 0.331819
v 1.064563 0.518828 0.331820
v 1.058130 0.478325 0.167282
v 1.060534 0.478325 0.166966
v 1.064563 0.478325 0.165297
v 1.064563 0.482236 0.149603
v 1.056714 0.335866 0.070376
v 1.057170 0.478325 0.070027
v 1.056714 0.478325 0.070376
v 0.936020 0.335866 0.020383
v 0.933214 0.335866 -0.000926
v 0.974381 0.335866 -0.072228
v 0.994238 0.335866 -0.080454
v 1.036857 0.335866 -0.080454
v 1.036857 0.478325 -0.080454
v -1.125778 0.482236 1.550471
v -1.064219 0.482236 1.513868
v -1.198963 0.006533 1.587063
v -1.198963 0.482236 1.898100
v -0.048992 0.518828 2.016373
v -0.942815 0.482236 2.007877
v 0.336308 0.518828 2.007877
v 1.198510 0.518828 0.335610
v 1.064563 0.518828 1.926281
v 1.013143 0.478325 0.172572
v 1.015547 0.478325 0.172889
v 0.916103 0.409051 0.370203
v 0.828388 0.478325 0.333871
v 1.198510 0.482236 0.335610
v 1.064563 0.482236 0.165297
v 1.037387 0.478325 0.078382
v 0.957329 0.335866 0.057293
v 0.944245 0.335866 0.040241
v 0.933289 0.478325 -0.001495
v 0.933214 0.478325 -0.000926
v 0.936239 0.478325 -0.022766
v 0.936020 0.478325 -0.022235
v 0.944594 0.478325 -0.042548
v 0.944245 0.478325 -0.042092
v 0.973925 0.478325 -0.071879
v 0.974381 0.478325 -0.072228
v 1.015547 0.335866 -0.083259
v 1.036287 0.478325 -0.080529
v -1.064219 0.482236 1.541059
v -1.198963 0.006533 1.751729
v -1.089185 0.482236 1.824914
v -1.198963 0.006533 1.898099
v -0.048992 0.409051 2.016372
v -0.332972 0.518828 2.017025
v -0.942815 0.006533 2.007877
v -0.336762 0.482236 2.007877
v 0.942362 0.482236 2.007877
v 0.046832 0.518828 2.016382
v 1.064563 0.518828 0.335296
v 1.064563 0.518828 0.335610
v 1.198510 0.409051 0.335610
v 0.916103 0.478325 0.370203
v 1.036857 0.335866 0.078602
v 1.036857 0.478325 0.078602
v 0.974381 0.335866 0.070376
v 0.944025 0.478325 0.039710
v 0.944245 0.478325 0.040241
v 0.935945 0.478325 0.019814
v 0.936020 0.478325 0.020383
v 0.957329 0.478325 -0.059145
v 0.993707 0.478325 -0.080234
v 0.994238 0.478325 -0.080454
v 1.014978 0.478325 -0.083184
v 1.015547 0.478325 -0.083259
v -1.064219 0.482236 1.543821
v -1.125778 0.006533 1.550470
v -1.089185 0.006533 1.824914
v -1.125778 0.006533 1.721415
v -1.198963 0.006533 2.007877
v -0.093239 0.409051 2.036621
v -0.001079 0.409051 2.007877
v -0.093239 0.518828 2.036621
v -0.942815 0.478325 1.962471
v -0.468510 0.482236 1.962471
v -0.942815 0.482236 1.962471
v 0.336308 0.482236 2.007877
v 1.198510 0.006533 2.007877
v 0.332519 0.518828 2.017025
v 0.046832 0.409051 2.016382
v 1.198510 0.482236 1.898100
v 1.125325 0.409051 0.365924
v 0.921417 0.478325 0.370903
v 1.125325 0.482236 0.365924
v 1.016117 0.478325 0.081332
v 0.957784 0.478325 0.057643
v 0.957329 0.478325 0.057293
v 0.956979 0.478325 0.056837
v -1.064219 0.482236 1.550840
v -0.985686 0.006533 1.824914
v -1.125778 0.006533 1.928414
v -0.332972 0.409051 2.017025
v -0.336762 0.409051 2.007877
v -0.271912 0.518828 2.096600
v -1.125778 0.006533 1.934692
v -0.942815 0.478325 1.935294
v -0.942815 0.006533 1.934692
v -0.942815 0.478325 1.934692
v -0.355569 0.482236 1.962471
v 0.468057 0.482236 1.962471
v 0.942362 0.482236 1.962471
v 0.942362 0.006533 2.007877
v 0.091075 0.518828 2.036639
v 0.091075 0.409051 2.036639
v 1.198510 0.482236 1.751729
v 1.114991 0.409051 0.370203
v 1.015547 0.409051 0.383296
v 1.015547 0.478325 0.383296
v 1.198510 0.482236 1.587063
v 1.015547 0.335866 0.081407
v 1.015547 0.478325 0.081407
v 0.994238 0.335866 0.078602
v 0.974381 0.478325 0.070376
v -1.064219 0.482236 1.698915
v -1.125778 0.482236 1.721415
v -0.986838 0.478325 1.824063
v -0.985686 0.478325 1.824914
v -0.130988 0.409051 2.067326
v -0.271912 0.409051 2.096600
v 0.332519 0.409051 2.017025
v 0.336308 0.409051 2.007877
v -0.130988 0.518828 2.067326
v -0.355569 0.478325 1.962471
v -0.944320 0.478325 1.934692
v 0.942362 0.006533 1.934692
v 0.942362 0.478325 1.962471
v 0.355116 0.482236 1.962471
v 1.198510 0.006533 1.898100
v 0.271459 0.518828 2.096600
v 1.088732 0.482236 1.824914
v 1.114991 0.482236 0.370203
v 1.020861 0.478325 0.382596
v 0.994807 0.478325 0.078677
v 0.974911 0.478325 0.070596
v -1.064219 0.482236 1.707747
v -1.064219 0.482236 1.766895
v -1.064219 0.478325 1.766895
v -1.125778 0.482236 1.928414
v -1.064219 0.478325 1.882934
v -0.013879 0.409051 1.998193
v -0.159824 0.518828 2.106523
v -0.371356 0.409051 1.924358
v -0.369508 0.478325 1.928821
v -0.371356 0.478325 1.924358
v -1.125778 0.482236 1.934692
v -1.064219 0.482236 1.934692
v -1.064219 0.478325 1.934692
v 1.125325 0.482236 1.934692
v 1.064563 0.478325 1.934692
v 0.355116 0.478325 1.962471
v 0.271459 0.409051 2.096600
v 1.088732 0.006533 1.824915
v 1.125325 0.006533 1.928414
v 1.125325 0.006533 1.934692
v 0.128819 0.518828 2.067351
v 1.198510 0.006533 1.751730
v 1.064563 0.482236 0.376842
v 1.064563 0.478325 0.376842
v 1.064563 0.482236 0.520539
v 0.994238 0.478325 0.078602
v -1.064219 0.482236 1.722107
v -1.064219 0.482236 1.927722
v -1.064219 0.482236 1.882934
v -0.159824 0.409051 2.106523
v -0.192337 0.409051 2.157659
v 0.368852 0.478325 1.929310
v 0.369054 0.478325 1.928821
v -0.058262 0.409051 1.988754
v 0.031433 0.409051 1.995821
v -0.192337 0.518828 2.157659
v -0.372056 0.478325 1.919044
v -0.132406 0.409051 1.937785
v -1.064219 0.482236 1.930526
v 1.064563 0.482236 1.930499
v 1.064563 0.482236 1.934692
v 0.985233 0.006533 1.824915
v 0.191884 0.518828 2.157659
v 0.157647 0.518828 2.106552
v 0.128819 0.409051 2.067350
v 1.198510 0.006533 1.587063
v 1.064563 0.482236 1.508655
v 0.370903 0.409051 1.924358
v 0.370903 0.478325 1.924358
v -0.098689 0.409051 1.968151
v -0.013879 0.482236 1.998193
v 0.031433 0.482236 1.995821
v 0.074588 0.409051 1.981804
v -0.177900 0.409051 2.151700
v -0.177900 0.518828 2.151701
v -0.384448 0.478325 1.824914
v -0.384448 0.409051 1.824914
v -0.171133 0.409051 1.856575
v -0.157116 0.409051 1.899730
v 1.064563 0.482236 1.927731
v 1.125325 0.482236 1.928414
v 0.986385 0.478325 1.825765
v 0.985233 0.478325 1.824914
v 0.191884 0.409051 2.157659
v 0.157647 0.409051 2.106552
v 1.125325 0.006533 1.550471
v 1.125325 0.006533 1.721415
v 1.064563 0.482236 1.518665
v -0.179348 0.409051 2.163040
v 0.112645 0.409051 1.957093
v 0.383295 0.478325 1.830228
v -0.058262 0.482236 1.988755
v 0.074588 0.482236 1.981804
v -0.179348 0.518828 2.163040
v -0.383749 0.478325 1.819600
v -0.173504 0.409051 1.811261
v -0.155795 0.478325 1.901764
v -0.157116 0.478325 1.899730
v -0.098689 0.482236 1.968151
v 1.064563 0.482236 1.910324
v 1.064563 0.482236 1.883523
v 1.064563 0.478325 1.883523
v 1.125325 0.482236 1.721415
v 1.064563 0.478325 1.766306
v 0.175714 0.518828 2.151734
v 0.177242 0.518828 2.163725
v 1.125325 0.482236 1.550471
v 1.064563 0.482236 1.519383
v 0.143010 0.409051 1.923377
v 0.383995 0.409051 1.824914
v 0.383995 0.478325 1.824914
v 0.104362 0.482236 1.962471
v 0.104362 0.478325 1.962471
v 0.110611 0.478325 1.958414
v 0.112645 0.478325 1.957093
v -0.371356 0.478325 1.725471
v -0.371356 0.409051 1.725471
v -0.143463 0.409051 1.726452
v -0.164066 0.409051 1.766879
v -0.173378 0.478325 1.813683
v -0.173504 0.478325 1.811261
v -0.170384 0.478325 1.858882
v -0.171133 0.478325 1.856576
v -0.132406 0.478325 1.937785
v -0.104996 0.478325 1.962471
v 1.064563 0.482236 1.722098
v 1.064563 0.482236 1.766306
v 0.175714 0.409051 2.151734
v 0.177242 0.409051 2.163725
v 1.064563 0.482236 1.541181
v 0.114268 0.478325 1.955292
v 0.163613 0.409051 1.882950
v 0.173051 0.409051 1.838567
v 0.371602 0.478325 1.730785
v 0.009859 0.482236 1.962471
v -0.369305 0.478325 1.720519
v -0.113099 0.409051 1.692736
v -0.164571 0.478325 1.769250
v -0.164066 0.478325 1.766879
v -0.104996 0.482236 1.962471
v 1.064563 0.482236 1.707925
v 1.064563 0.482236 1.699207
v 1.064563 0.482236 1.550835
v 1.064563 0.482236 1.543907
v 0.143010 0.478325 1.923378
v 0.144111 0.478325 1.921217
v 0.170680 0.409051 1.793256
v 0.370903 0.409051 1.725471
v 0.370903 0.478325 1.725471
v -0.332972 0.478325 1.632804
v -0.332972 0.409051 1.632804
v -0.031887 0.409051 1.654008
v -0.075042 0.409051 1.668025
v -0.114721 0.478325 1.694537
v -0.113099 0.478325 1.692736
v -0.144564 0.478325 1.728612
v -0.143463 0.478325 1.726452
v 0.163613 0.478325 1.882950
v 0.164117 0.478325 1.880579
v 0.172924 0.478325 1.836146
v 0.173051 0.478325 1.838568
v 0.156662 0.409051 1.750099
v 0.334570 0.478325 1.637756
v -0.329709 0.478325 1.628551
v 0.013426 0.409051 1.651636
v -0.111065 0.478325 1.691415
v 0.170680 0.478325 1.793256
v 0.169931 0.478325 1.790949
v 0.131953 0.409051 1.712044
v 0.332519 0.409051 1.632804
v 0.332519 0.478325 1.632804
v -0.271912 0.478325 1.553229
v -0.271912 0.409051 1.553229
v -0.029465 0.478325 1.653881
v -0.031887 0.478325 1.654008
v -0.072736 0.478325 1.667276
v -0.075042 0.478325 1.668025
v 0.156662 0.478325 1.750099
v 0.155342 0.478325 1.748066
v 0.098236 0.409051 1.681678
v 0.274722 0.478325 1.557481
v -0.196590 0.478325 1.495432
v 0.271459 0.409051 1.553229
v 0.013426 0.478325 1.651636
v 0.131953 0.478325 1.712044
v 0.100037 0.478325 1.683300
v 0.098236 0.478325 1.681678
v 0.057808 0.409051 1.661075
v 0.271459 0.478325 1.553229
v -0.192337 0.409051 1.492169
v -0.192337 0.478325 1.492169
v 0.015798 0.478325 1.652140
v 0.059969 0.478325 1.662176
v 0.057808 0.478325 1.661075
v 0.267207 0.478325 1.549966
v -0.104622 0.478325 1.455837
v 0.191884 0.409051 1.492169
v 0.191884 0.478325 1.492169
v -0.099671 0.409051 1.453785
v -0.099671 0.478325 1.453785
v 0.186932 0.478325 1.490118
v -0.005540 0.478325 1.441393
v 0.099217 0.409051 1.453785
v 0.099217 0.478325 1.453785
v -0.000227 0.409051 1.440693
v -0.000227 0.478325 1.440693
v 0.093903 0.478325 1.453086
v -0.357381 0.518828 -1.964614
v 1.064563 0.518828 -1.964614
v -0.942815 0.478325 -1.934693
v -1.064219 0.478325 -1.964614
v -0.038308 0.518828 1.962471
v 1.064563 0.478325 1.962471
v -0.071749 0.478325 -1.784280
v -0.071529 0.335866 -1.783749
v -0.071529 0.478325 -1.783749
v -0.079754 0.478325 -1.803607
v -0.079754 0.335866 -1.803607
v 0.071076 0.335866 -1.783749
v -0.058794 0.478325 -1.767153
v -0.079829 0.478325 -1.804176
v 0.079301 0.335866 -1.803607
v 0.057992 0.335866 -1.766697
v -0.058445 0.335866 -1.766697
v -0.058445 0.478325 -1.766697
v -0.082559 0.478325 -1.824916
v -0.082559 0.335866 -1.824916
v 0.079082 0.478325 -1.803076
v 0.079301 0.478325 -1.803607
v 0.070727 0.478325 -1.783294
v 0.071076 0.478325 -1.783749
v -0.057989 0.478325 -1.766347
v -0.082484 0.478325 -1.825485
v 0.082107 0.335866 -1.824916
v 0.082032 0.478325 -1.824347
v 0.040940 0.335866 -1.753614
v 0.057992 0.478325 -1.766697
v -0.041393 0.335866 -1.753614
v -0.041393 0.478325 -1.753613
v -0.079754 0.478325 -1.846225
v -0.079754 0.335866 -1.846225
v 0.082107 0.478325 -1.824916
v 0.041396 0.478325 -1.753963
v 0.040940 0.478325 -1.753613
v 0.021083 0.335866 -1.745388
v -0.040862 0.478325 -1.753394
v -0.079534 0.478325 -1.846756
v 0.079301 0.335866 -1.846225
v 0.079376 0.478325 -1.845656
v 0.021614 0.478325 -1.745607
v -0.021536 0.335866 -1.745388
v 0.021083 0.478325 -1.745388
v -0.021536 0.478325 -1.745388
v -0.071529 0.478325 -1.866082
v -0.071529 0.335866 -1.866083
v 0.079301 0.478325 -1.846225
v -0.000226 0.335866 -1.742583
v 0.000343 0.478325 -1.742658
v -0.020966 0.478325 -1.745313
v -0.071179 0.478325 -1.866538
v 0.071076 0.335866 -1.866083
v 0.071296 0.478325 -1.865552
v -0.000226 0.478325 -1.742583
v -0.058445 0.478325 -1.883133
v -0.058445 0.335866 -1.883134
v 0.071076 0.478325 -1.866082
v -0.041848 0.478325 -1.895868
v 0.057992 0.335866 -1.883134
v 0.058342 0.478325 -1.882678
v -0.041393 0.335866 -1.896218
v -0.041393 0.478325 -1.896218
v 0.057992 0.478325 -1.883133
v -0.022066 0.478325 -1.904224
v 0.040940 0.335866 -1.896218
v 0.057536 0.478325 -1.883483
v -0.021536 0.335866 -1.904444
v -0.021536 0.478325 -1.904444
v 0.040940 0.478325 -1.896218
v -0.000796 0.478325 -1.907174
v 0.021083 0.335866 -1.904444
v 0.040410 0.478325 -1.896438
v -0.000226 0.335866 -1.907249
v -0.000226 0.478325 -1.907249
v 0.021083 0.478325 -1.904444
v 0.020514 0.478325 -1.904519
v 0.127847 0.409051 -0.385147
v 0.054662 0.409051 -0.311962
v -0.128300 0.409051 -0.385147
v 0.114160 0.478325 -0.385147
v 0.127847 0.478325 -0.385147
v 0.127847 0.409051 0.310110
v -0.055115 0.409051 -0.311962
v 0.127847 0.478325 -0.347995
v -0.128300 0.478325 -0.385148
v 0.054662 0.409051 0.310110
v -0.014612 0.478325 -0.311962
v -0.055115 0.478325 -0.311962
v -0.128300 0.409051 0.310110
v 0.127847 0.478325 0.310111
v -0.128300 0.478325 -0.347995
v 0.054662 0.478325 0.276869
v 0.054662 0.478325 0.310111
v 0.058573 0.478325 0.310111
v -0.055115 0.478325 -0.082444
v 0.054662 0.478325 -0.311962
v -0.055115 0.409051 0.310110
v -0.128300 0.478325 0.310111
v -0.055115 0.478325 0.310111
v -0.124390 0.478325 0.310111
v -0.042281 0.478325 1.754217
v -0.058799 0.335866 1.767053
v -0.058799 0.478325 1.767053
v -0.041827 0.335866 1.753864
v -0.041827 0.478325 1.753865
v -0.071432 0.478325 1.783726
v -0.022550 0.478325 1.745741
v 0.057635 0.335866 1.766343
v -0.071779 0.335866 1.784183
v -0.071779 0.478325 1.784183
v -0.022021 0.335866 1.745518
v -0.022021 0.478325 1.745518
v 0.040504 0.335866 1.753362
v 0.070824 0.335866 1.783314
v -0.079667 0.478325 1.803558
v -0.001298 0.478325 1.742662
v 0.057178 0.478325 1.765996
v 0.057635 0.478325 1.766343
v 0.057988 0.478325 1.766796
v 0.079170 0.335866 1.803120
v -0.079883 0.335866 1.804090
v -0.079883 0.478325 1.804090
v -0.000729 0.335866 1.742583
v -0.000729 0.478325 1.742584
v 0.020597 0.335866 1.745259
v 0.040504 0.478325 1.753362
v 0.070824 0.478325 1.783315
v 0.071047 0.478325 1.783844
v -0.082487 0.478325 1.824847
v 0.020028 0.478325 1.745188
v 0.039972 0.478325 1.753146
v 0.082105 0.335866 1.824412
v 0.079170 0.478325 1.803121
v -0.082558 0.335866 1.825417
v -0.082558 0.478325 1.825417
v 0.020597 0.478325 1.745259
v 0.079248 0.478325 1.803689
v -0.079702 0.478325 1.846139
v 0.079429 0.335866 1.845739
v 0.082105 0.478325 1.824412
v -0.079623 0.335866 1.846708
v -0.079623 0.478325 1.846708
v 0.082033 0.478325 1.824982
v -0.071500 0.478325 1.865985
v 0.071325 0.335866 1.865645
v 0.079429 0.478325 1.845739
v -0.071277 0.335866 1.866514
v -0.071277 0.478325 1.866514
v 0.079213 0.478325 1.846271
v -0.058441 0.478325 1.883033
v 0.058346 0.335866 1.882776
v 0.071325 0.478325 1.865646
v -0.058089 0.335866 1.883486
v -0.058089 0.478325 1.883486
v 0.070979 0.478325 1.866103
v -0.057631 0.478325 1.883833
v 0.041374 0.335866 1.895964
v 0.058346 0.478325 1.882776
v -0.040958 0.335866 1.896467
v -0.040958 0.478325 1.896467
v 0.041827 0.478325 1.895612
v 0.041374 0.478325 1.895965
v 0.021567 0.335866 1.904310
v -0.040426 0.478325 1.896684
v 0.022096 0.478325 1.904088
v -0.021051 0.335866 1.904570
v 0.021567 0.478325 1.904311
v -0.021051 0.478325 1.904570
v 0.000275 0.335866 1.907245
v 0.000844 0.478325 1.907167
v -0.020481 0.478325 1.904641
v 0.000275 0.478325 1.907245
v -1.064219 0.518828 1.962471
v 0.942362 0.478325 1.934692
v 1.064563 0.478325 -1.964614
v -1.064219 0.478325 1.962471
vn -0.3829 -0.0000 -0.9238
vn -0.0000 1.0000 -0.0000
vn -1.0000 -0.0000 -0.0000
vn -0.3830 -0.0000 -0.9238
vn -0.3827 -0.0000 -0.9239
vn -0.0000 -0.0000 -1.0000
vn -0.0000 -1.0000 -0.0000
vn -0.6088 -0.0000 -0.7934
vn -0.3826 -0.0000 -0.9239
vn 0.1699 -0.0000 -0.9855
vn -0.8241 -0.0000 -0.5665
vn -0.0000 -0.0000 1.0000
vn -0.7934 -0.0000 -0.6088
vn 0.6087 -0.0000 -0.7934
vn -0.1699 -0.0000 -0.9855
vn 0.4126 -0.0000 -0.9109
vn 1.0000 -0.0000 -0.0000
vn -0.1305 -0.0000 -0.9914
vn 0.7934 -0.0000 -0.6087
vn 0.6088 -0.0000 -0.7934
vn 0.6287 -0.0000 -0.7777
vn 0.3827 -0.0000 -0.9239
vn -0.6494 -0.0000 -0.7605
vn 0.3824 -0.0000 -0.9240
vn -0.1306 -0.0000 -0.9914
vn 0.7934 -0.0000 -0.6088
vn -0.9239 -0.0000 -0.3827
vn -0.4126 -0.0000 -0.9109
vn 0.8042 -0.0000 -0.5943
vn 0.9026 -0.0000 -0.4305
vn -0.9426 -0.0000 -0.3339
vn 0.1306 -0.0000 -0.9914
vn 0.1305 -0.0000 -0.9914
vn 0.9239 -0.0000 -0.3827
vn -0.3714 -0.0000 0.9285
vn -0.5925 -0.0000 0.8055
vn 0.9042 -0.0000 -0.4271
vn 0.9020 -0.0015 -0.4318
vn 0.9018 -0.0015 -0.4321
vn -0.9425 -0.0000 -0.3342
vn -0.4304 -0.0000 -0.9026
vn -0.1307 -0.0000 0.9914
vn -0.1265 -0.0000 0.9920
vn -0.7757 -0.0000 0.6311
vn -0.6287 -0.0000 -0.7777
vn 0.7605 -0.0000 -0.6494
vn 0.9026 -0.0000 -0.4304
vn -0.1305 -0.0000 0.9915
vn 0.9280 -0.0000 -0.3726
vn -0.9969 -0.0000 -0.0786
vn 0.1305 -0.0000 0.9914
vn -0.1305 -0.0000 0.9914
vn 0.9914 -0.0000 -0.1306
vn -0.9093 -0.0000 0.4162
vn -0.3827 -0.0000 0.9239
vn 0.9833 -0.0000 -0.1821
vn 0.1305 -0.0000 0.9915
vn 0.3826 -0.0000 -0.9239
vn -0.0000 -0.8944 -0.4473
vn -0.9969 -0.0000 -0.0785
vn 0.9919 -0.0000 -0.1269
vn 0.1303 -0.0000 0.9915
vn 0.9914 -0.0000 -0.1305
vn -0.9846 -0.0000 0.1747
vn -0.8042 -0.0000 -0.5943
vn 0.5665 -0.0000 -0.8241
vn -0.6088 -0.0000 0.7934
vn 0.3827 -0.0000 0.9239
vn -0.9833 -0.0000 0.1821
vn -0.6087 -0.0000 0.7934
vn 0.9915 -0.0000 0.1304
vn 0.6088 -0.0000 0.7934
vn -0.9846 -0.0000 -0.1747
vn -0.9280 -0.0000 -0.3726
vn -0.7935 -0.0000 0.6086
vn 0.9969 -0.0000 0.0785
vn -0.6087 -0.0000 -0.7934
vn 0.6087 -0.0000 0.7934
vn -0.9832 -0.0000 0.1823
vn -0.7934 -0.0000 0.6087
vn 0.9914 -0.0000 0.1305
vn -0.9239 -0.0000 0.3827
vn 0.7934 -0.0000 0.6087
vn -0.9093 -0.0000 -0.4162
vn -0.9919 -0.0000 -0.1270
vn -0.7934 -0.0000 0.6088
vn -0.9240 -0.0000 0.3824
vn -0.1304 -0.0000 -0.9915
vn 0.9238 -0.0000 0.3828
vn 0.9914 -0.0000 0.1307
vn -0.9026 -0.0000 0.4304
vn 0.9239 -0.0000 0.3827
vn -0.9914 -0.0000 0.1305
vn -0.9915 -0.0000 0.1303
vn -0.7757 -0.0000 -0.6311
vn 0.9426 -0.0000 0.3340
vn -0.7933 -0.0000 -0.6088
vn 0.5925 -0.0000 0.8056
vn 0.3714 -0.0000 0.9285
vn 0.9914 -0.0000 -0.1307
vn -0.9914 -0.0000 -0.1307
vn -0.9914 -0.0000 -0.1305
vn -0.5925 -0.0000 -0.8056
vn 0.9426 -0.0000 0.3339
vn -0.9915 -0.0000 -0.1304
vn 0.1265 -0.0000 0.9920
vn 0.7757 -0.0000 0.6311
vn 0.9238 -0.0000 -0.3828
vn -0.7605 -0.0000 0.6494
vn 0.7933 -0.0000 0.6088
vn -0.3714 -0.0000 -0.9285
vn 0.8241 -0.0000 0.5664
vn -0.9238 -0.0000 -0.3829
vn 0.9093 -0.0000 0.4162
vn 0.7933 -0.0000 -0.6088
vn -0.7604 -0.0000 0.6494
vn 0.7934 -0.0000 0.6088
vn -0.6089 -0.0000 -0.7932
vn -0.7934 -0.0000 -0.6087
vn -0.1265 -0.0000 -0.9920
vn 0.8241 -0.0000 0.5665
vn -0.7931 -0.0000 -0.6091
vn 0.1307 -0.0000 0.9914
vn 0.9846 -0.0000 0.1747
vn 0.6089 -0.0000 -0.7933
vn -0.5664 -0.0000 0.8241
vn -0.6088 -0.0000 -0.7933
vn 0.6088 -0.0000 -0.7933
vn 0.6494 -0.0000 0.7605
vn 0.9846 -0.0000 -0.1747
vn -0.3828 -0.0000 0.9239
vn -0.1303 -0.0000 0.9915
vn 0.3828 -0.0000 -0.9238
vn -0.5665 -0.0000 0.8241
vn 0.6086 -0.0000 0.7935
vn -0.1307 -0.0000 -0.9914
vn 0.6493 -0.0000 0.7605
vn -0.3828 -0.0000 -0.9238
vn 0.9093 -0.0000 -0.4162
vn 0.1308 -0.0000 -0.9914
vn -0.3339 -0.0000 0.9426
vn 0.1303 -0.0000 -0.9915
vn 0.4304 -0.0000 0.9026
vn -0.1303 -0.0000 -0.9915
vn -0.9914 -0.0000 0.1306
vn 0.7757 -0.0000 -0.6311
vn 0.4305 -0.0000 0.9026
vn 0.3826 -0.0000 0.9239
vn 0.5925 -0.0000 -0.8056
vn 0.1821 -0.0000 0.9833
vn -0.0784 -0.0000 0.9969
vn 0.9915 -0.0000 0.1303
vn 0.3714 -0.0000 -0.9285
vn 0.1823 -0.0000 0.9833
vn -0.0785 -0.0000 0.9969
vn 0.1304 -0.0000 0.9915
vn 0.7933 -0.0000 -0.6089
vn -0.1304 -0.0000 0.9915
vn 0.9915 -0.0000 -0.1303
vn 0.1265 -0.0000 -0.9920
vn -0.1305 -0.0000 -0.9915
vn 0.3828 -0.0000 0.9238
vn 0.7932 -0.0000 -0.6089
vn -0.7933 -0.0000 0.6088
vn -0.3826 -0.0000 0.9239
vn 0.3828 -0.0000 -0.9239
vn 0.9914 -0.0000 0.1306
vn -0.6088 -0.0000 0.7933
vn 0.1307 -0.0000 -0.9914
vn -0.0000 -0.8650 0.5017
vn 0.6088 -0.0000 0.7933
vn -0.0000 -0.9377 0.3474
vn 0.3828 -0.0000 0.9239
vn -0.9239 -0.0000 -0.3825
vn 0.1304 -0.0000 -0.9915
vn -0.4472 -0.0000 -0.8944
vn 0.1746 -0.0000 0.9846
vn -0.9238 -0.0000 0.3828
vn -0.9914 -0.0000 0.1308
vn -0.9914 -0.0000 -0.1306
vn -0.5547 -0.0000 0.8321
vn -0.5547 -0.0000 -0.8320
vn 0.4161 -0.0000 0.9093
vn -0.1748 -0.0000 0.9846
vn -0.1306 -0.0000 0.9914
vn -0.7933 -0.0000 0.6089
vn -0.5547 -0.0000 -0.8321
vn -0.4163 -0.0000 0.9092
vn -0.0000 -0.0000 -0.0000
vn 0.5943 -0.0000 -0.8042
vn 0.6310 -0.0000 0.7758
vn 0.1306 -0.0000 0.9914
vn -0.3825 -0.0000 0.9239
vn 0.5942 -0.0000 -0.8043
vn 0.5942 -0.0000 0.8043
vn -0.9239 -0.0000 0.3826
vn 0.5547 -0.0000 -0.8321
vn -0.6312 -0.0000 0.7757
vn 0.5547 -0.0000 -0.8320
vn 0.5547 -0.0000 0.8321
vn 0.8055 -0.0000 0.5926
vn 0.9239 -0.0001 0.3827
vn -0.6311 -0.0000 0.7757
vn 0.2080 -0.0000 -0.9781
vn -0.0523 -0.0000 -0.9986
vn 0.9284 -0.0000 0.3715
vn -0.5943 -0.0000 0.8042
vn -0.8056 -0.0000 0.5924
vn 0.4472 -0.0000 -0.8944
vn 0.4541 -0.0000 -0.8910
vn -0.3089 -0.0000 -0.9511
vn 0.8387 -0.0000 -0.5447
vn 0.6692 -0.0000 -0.7431
vn -0.5942 -0.0000 0.8043
vn -0.5942 -0.0000 -0.8043
vn -0.5446 -0.0000 -0.8387
vn 0.9919 -0.0000 0.1267
vn 0.9986 -0.0000 -0.0519
vn 0.9511 -0.0000 -0.3089
vn 0.8387 -0.0000 -0.5446
vn -0.9285 -0.0000 0.3713
vn -0.7429 -0.0000 -0.6694
vn 0.9781 -0.0000 0.2083
vn 0.9986 -0.0000 -0.0523
vn 0.9781 -0.0000 0.2080
vn -0.9920 -0.0000 0.1264
vn -0.7431 -0.0000 -0.6692
vn -0.8910 -0.0000 -0.4540
vn 0.9915 -0.0000 -0.1304
vn 0.7431 -0.0000 0.6692
vn 0.8909 -0.0000 0.4542
vn 0.8910 -0.0000 0.4541
vn -0.8910 -0.0000 -0.4541
vn -0.9781 -0.0000 -0.2079
vn -0.9986 -0.0000 0.0520
vn 0.5447 -0.0000 0.8386
vn -0.9781 -0.0000 -0.2080
vn -0.9986 -0.0000 0.0522
vn -0.9511 -0.0000 0.3088
vn 0.9239 -0.0000 -0.3826
vn 0.0524 -0.0000 0.9986
vn 0.3090 -0.0000 0.9511
vn 0.5446 -0.0000 0.8387
vn -0.9511 -0.0000 0.3089
vn -0.8387 -0.0000 0.5446
vn 0.3089 -0.0000 0.9511
vn 0.0523 -0.0000 0.9986
vn -0.6692 -0.0000 0.7430
vn -0.2078 -0.0000 0.9782
vn -0.6692 -0.0000 0.7431
vn -0.4541 -0.0000 0.8910
vn -0.4540 -0.0000 0.8910
vn -0.2080 -0.0000 0.9781
vn -0.3825 -0.0000 -0.9240
vn -0.7937 -0.0000 0.6083
vn 0.7936 -0.0000 0.6084
vn -0.6086 -0.0000 0.7935
vn 0.6089 -0.0000 0.7933
vn -0.3828 -0.0000 0.9238
vn -0.9238 -0.0000 -0.3828
vn 0.9914 -0.0000 -0.1308
vn -0.7936 -0.0000 -0.6085
vn -0.6085 -0.0000 -0.7935
vn 0.6086 -0.0000 -0.7935
vn -0.1310 -0.0000 -0.9914
vn -0.6136 -0.0000 -0.7896
vn -0.6135 -0.0000 -0.7897
vn -0.7970 -0.0000 -0.6039
vn -0.3883 -0.0000 -0.9215
vn -0.7966 -0.0000 -0.6045
vn -0.3888 -0.0000 -0.9213
vn -0.9262 -0.0000 -0.3771
vn -0.1365 -0.0000 -0.9906
vn 0.6042 -0.0000 -0.7968
vn 0.7893 -0.0000 -0.6139
vn -0.1359 -0.0000 -0.9907
vn 0.6039 -0.0000 -0.7970
vn 0.7896 -0.0000 -0.6136
vn 0.9214 -0.0000 -0.3885
vn -0.9922 -0.0000 -0.1245
vn 0.1245 -0.0000 -0.9922
vn 0.3768 -0.0000 -0.9263
vn 0.9215 -0.0000 -0.3883
vn -0.9922 -0.0000 -0.1244
vn 0.3770 -0.0000 -0.9262
vn 0.9906 -0.0000 -0.1366
vn -0.9906 -0.0000 0.1365
vn -0.9906 -0.0000 0.1366
vn 0.9922 -0.0000 0.1244
vn -0.9215 -0.0000 0.3883
vn 0.9922 -0.0000 0.1245
vn -0.9214 -0.0000 0.3885
vn 0.9262 -0.0000 0.3771
vn -0.7896 -0.0000 0.6136
vn -0.7897 -0.0000 0.6135
vn 0.7972 -0.0000 0.6037
vn -0.6035 -0.0000 0.7974
vn 0.7971 -0.0000 0.6039
vn -0.6039 -0.0000 0.7970
vn 0.6135 -0.0000 0.7897
vn 0.6136 -0.0000 0.7896
vn -0.3773 -0.0000 0.9261
vn 0.3883 -0.0000 0.9215
vn -0.3770 -0.0000 0.9262
vn 0.1365 -0.0000 0.9906
vn -0.1245 -0.0000 0.9922
vn 0.1363 -0.0000 0.9907
vn -0.9833 -0.0000 0.1822
vn -0.0786 -0.0000 0.9969
vn -0.5445 -0.0000 -0.8387
vn -0.9986 -0.0000 0.0523
vn -1.0000 0.0005 -0.0000
vn -1.0000 -0.0001 -0.0000
vn 1.0000 -0.0006 -0.0000
vn 1.0000 -0.0002 -0.0000
vn 1.0000 -0.0001 -0.0000
vn 1.0000 0.0001 -0.0000
vn -0.0000 1.0000 0.0001
vn -0.0000 1.0000 0.0002
vn -0.0000 1.0000 -0.0003
vn -0.0000 1.0000 -0.0001
vn -0.0000 1.0000 -0.0002
vn -0.0000 1.0000 -0.0005
vn -0.0000 1.0000 0.0007
vn -0.0000 1.0000 0.0005
vn -0.9262 -0.0000 -0.3770
vn 0.1366 -0.0000 0.9906
vn -0.0000 1.0000 -0.0004
vt 0.602800 0.411900
vt 0.606200 0.411900
vt 0.602800 0.412700
vt 0.732200 0.145600
vt 0.719800 0.146000
vt 0.719800 0.145700
vt 0.860700 0.363200
vt 0.857300 0.273100
vt 0.860700 0.273100
vt 0.612900 0.411900
vt 0.719800 0.145600
vt 0.733100 0.146000
vt 0.719800 0.146300
vt 0.719800 0.059000
vt 0.688900 0.055000
vt 0.732200 0.055000
vt 0.857300 0.343000
vt 0.606200 0.405600
vt 0.612900 0.412700
vt 0.719800 0.130400
vt 0.719800 0.146400
vt 0.719800 0.119600
vt 0.661200 0.059000
vt 0.657900 0.055000
vt 0.880200 0.084800
vt 0.903700 0.088100
vt 0.860700 0.088100
vt 0.813300 0.363200
vt 0.910900 0.202100
vt 0.923300 0.253200
vt 0.910900 0.250900
vt 0.612900 0.405600
vt 0.916600 0.185600
vt 0.910900 0.189100
vt 0.910900 0.188500
vt 0.612900 0.419400
vt 0.799000 0.178400
vt 0.764300 0.178100
vt 0.799900 0.178100
vt 0.719800 0.150700
vt 0.662300 0.054200
vt 0.654600 0.059000
vt 0.860700 0.084800
vt 0.903700 0.040800
vt 0.813300 0.343000
vt 0.910900 0.198000
vt 0.923300 0.182800
vt 0.916600 0.253200
vt 0.910900 0.251900
vt 0.792200 0.181200
vt 0.606200 0.404700
vt 0.915600 0.186000
vt 0.910900 0.188400
vt 0.910900 0.190100
vt 0.757000 0.172400
vt 0.807200 0.172400
vt 0.602800 0.419400
vt 0.740400 0.151600
vt 0.719800 0.166000
vt 0.736400 0.419300
vt 0.746500 0.414800
vt 0.746500 0.419300
vt 0.666400 0.052400
vt 0.583400 0.055000
vt 0.595800 0.130600
vt 0.583400 0.145600
vt 0.899700 0.088700
vt 0.898900 0.107800
vt 0.898900 0.088100
vt 0.930800 0.189600
vt 0.934200 0.196900
vt 0.930800 0.196900
vt 0.880200 0.040800
vt 0.954100 0.182800
vt 0.947400 0.226700
vt 0.947400 0.182800
vt 0.680000 0.393200
vt 0.686700 0.386400
vt 0.700300 0.393200
vt 0.910900 0.194500
vt 0.954100 0.226700
vt 0.910900 0.253500
vt 0.791300 0.181600
vt 0.612900 0.404700
vt 0.910900 0.186600
vt 0.910900 0.191800
vt 0.751300 0.165100
vt 0.893600 0.129300
vt 0.885700 0.119200
vt 0.893600 0.119200
vt 0.612900 0.369500
vt 0.606500 0.369900
vt 0.606500 0.369500
vt 0.746100 0.159000
vt 0.719800 0.173700
vt 0.736400 0.423600
vt 0.736400 0.414800
vt 0.736400 0.410500
vt 0.746500 0.410500
vt 0.669900 0.049600
vt 0.860700 0.182800
vt 0.987300 0.986300
vt 0.967700 0.969500
vt 0.988100 0.954100
vt 0.595800 0.145600
vt 0.941000 0.189500
vt 0.934200 0.197700
vt 0.902900 0.098900
vt 0.902900 0.107800
vt 0.684200 0.048100
vt 0.946700 0.040800
vt 0.953500 0.084800
vt 0.946700 0.084800
vt 0.686700 0.369500
vt 0.680000 0.369500
vt 0.700300 0.386400
vt 0.846900 0.363200
vt 0.860400 0.407200
vt 0.846900 0.407200
vt 0.910900 0.255000
vt 0.772900 0.181600
vt 0.606200 0.400100
vt 0.606500 0.400100
vt 0.812800 0.165100
vt 0.947400 0.183100
vt 0.941000 0.182800
vt 0.885700 0.129300
vt 0.612900 0.377500
vt 0.606500 0.377500
vt 0.741300 0.162100
vt 0.719800 0.174000
vt 0.746500 0.423600
vt 0.799700 0.222800
vt 0.798700 0.249400
vt 0.799000 0.218400
vt 0.799300 0.187400
vt 0.799800 0.214000
vt 0.736400 0.406700
vt 0.746500 0.406700
vt 0.669800 0.377500
vt 0.673200 0.378400
vt 0.669800 0.378400
vt 0.857300 0.203000
vt 0.856500 0.131000
vt 0.813400 0.134400
vt 0.813400 0.131000
vt 0.898900 0.119200
vt 0.898200 0.092600
vt 0.595800 0.146000
vt 0.582600 0.146000
vt 0.941000 0.196900
vt 0.950700 0.041100
vt 0.902900 0.089800
vt 0.672600 0.045900
vt 0.930800 0.182800
vt 0.860400 0.363200
vt 0.734900 0.362700
vt 0.718100 0.406700
vt 0.718100 0.362700
vt 0.916600 0.266700
vt 0.910900 0.266200
vt 0.782100 0.182800
vt 0.606500 0.378000
vt 0.612900 0.395700
vt 0.606500 0.396200
vt 0.606500 0.395700
vt 0.782100 0.163400
vt 0.947400 0.189600
vt 0.941000 0.189600
vt 0.884400 0.129300
vt 0.745500 0.160400
vt 0.737700 0.164700
vt 0.719800 0.174500
vt 0.736400 0.427400
vt 0.801100 0.248300
vt 0.792700 0.252200
vt 0.801700 0.209900
vt 0.798300 0.218500
vt 0.804500 0.206400
vt 0.871400 0.421100
vt 0.874700 0.431300
vt 0.871400 0.431300
vt 0.680000 0.378400
vt 0.923200 0.350600
vt 0.916500 0.280200
vt 0.923200 0.280200
vt 0.813300 0.203000
vt 0.833000 0.134400
vt 0.596000 0.417100
vt 0.592600 0.419400
vt 0.592600 0.417100
vt 0.896500 0.118000
vt 0.806100 0.192100
vt 0.941000 0.197700
vt 0.723700 0.406400
vt 0.934600 0.201000
vt 0.677100 0.042100
vt 0.910900 0.266700
vt 0.612900 0.386400
vt 0.606500 0.386900
vt 0.606500 0.386400
vt 0.813400 0.163800
vt 0.777900 0.162800
vt 0.947400 0.190000
vt 0.884400 0.119200
vt 0.793900 0.424000
vt 0.804100 0.428300
vt 0.793900 0.428300
vt 0.746600 0.160300
vt 0.793900 0.432200
vt 0.734900 0.168200
vt 0.719800 0.176000
vt 0.746500 0.427400
vt 0.801500 0.226900
vt 0.602800 0.417100
vt 0.797700 0.222600
vt 0.602800 0.411400
vt 0.798500 0.186800
vt 0.874700 0.421100
vt 0.680000 0.385400
vt 0.680000 0.377500
vt 0.910900 0.329900
vt 0.910900 0.280900
vt 0.954100 0.232800
vt 0.947400 0.276700
vt 0.947400 0.232800
vt 0.813300 0.182800
vt 0.741700 0.349400
vt 0.745700 0.357500
vt 0.741700 0.357500
vt 0.833000 0.178400
vt 0.896300 0.096600
vt 0.595800 0.146400
vt 0.808200 0.203800
vt 0.934600 0.206200
vt 0.941000 0.206700
vt 0.934600 0.206700
vt 0.674200 0.041800
vt 0.812000 0.199300
vt 0.810500 0.298800
vt 0.813100 0.309000
vt 0.810500 0.309000
vt 0.812300 0.163700
vt 0.957800 0.102300
vt 0.951400 0.102500
vt 0.951400 0.102300
vt 0.747800 0.156500
vt 0.947400 0.197800
vt 0.941000 0.197800
vt 0.804100 0.422900
vt 0.793900 0.422900
vt 0.804100 0.424000
vt 0.804100 0.432200
vt 0.793900 0.435400
vt 0.733000 0.172300
vt 0.719800 0.178600
vt 0.813300 0.431800
vt 0.823500 0.435000
vt 0.813300 0.435000
vt 0.804300 0.230400
vt 0.804100 0.408100
vt 0.793900 0.415000
vt 0.793900 0.408100
vt 0.796100 0.226500
vt 0.596400 0.413300
vt 0.793900 0.311600
vt 0.800700 0.315800
vt 0.793900 0.315800
vt 0.797800 0.214300
vt 0.878700 0.431300
vt 0.764300 0.045500
vt 0.792200 0.042400
vt 0.799000 0.045200
vt 0.673200 0.385400
vt 0.799900 0.045500
vt 0.910900 0.279300
vt 0.910900 0.333900
vt 0.954100 0.276700
vt 0.856500 0.178400
vt 0.874200 0.389100
vt 0.881000 0.395900
vt 0.860700 0.395900
vt 0.741700 0.339600
vt 0.745700 0.337700
vt 0.954100 0.370700
vt 0.950100 0.327100
vt 0.954100 0.326700
vt 0.893500 0.100100
vt 0.595800 0.150700
vt 0.789800 0.183600
vt 0.934600 0.215500
vt 0.674400 0.040800
vt 0.812300 0.202200
vt 0.813100 0.298800
vt 0.813300 0.202100
vt 0.808100 0.162000
vt 0.951400 0.098400
vt 0.957800 0.106500
vt 0.951400 0.106500
vt 0.774100 0.161200
vt 0.947400 0.198200
vt 0.790100 0.161200
vt 0.804500 0.159300
vt 0.804100 0.435400
vt 0.928500 0.105500
vt 0.938700 0.101600
vt 0.938700 0.105500
vt 0.732200 0.176700
vt 0.719800 0.181900
vt 0.823500 0.431800
vt 0.807900 0.233100
vt 0.804100 0.415000
vt 0.889400 0.112000
vt 0.889900 0.102800
vt 0.793900 0.307600
vt 0.800700 0.311600
vt 0.793500 0.229800
vt 0.596400 0.411000
vt 0.596400 0.411400
vt 0.800700 0.319900
vt 0.793900 0.319900
vt 0.878700 0.421100
vt 0.772900 0.042000
vt 0.680000 0.386400
vt 0.545200 0.016900
vt 0.807200 0.051200
vt 0.669800 0.369500
vt 0.910900 0.275700
vt 0.910900 0.337700
vt 0.860700 0.389100
vt 0.569000 0.369500
vt 0.582500 0.413500
vt 0.569000 0.413500
vt 0.881000 0.372200
vt 0.947400 0.327100
vt 0.947400 0.370700
vt 0.595800 0.165900
vt 0.575200 0.151600
vt 0.796200 0.210400
vt 0.941000 0.216000
vt 0.934600 0.216000
vt 0.879700 0.421100
vt 0.879700 0.431300
vt 0.786300 0.162800
vt 0.957800 0.098200
vt 0.951400 0.098200
vt 0.951400 0.106700
vt 0.770700 0.158700
vt 0.947400 0.206800
vt 0.941000 0.206800
vt 0.768200 0.155300
vt 0.746600 0.147300
vt 0.793500 0.158700
vt 0.801700 0.155800
vt 0.928500 0.101600
vt 0.938700 0.097300
vt 0.733000 0.181200
vt 0.719800 0.185800
vt 0.813300 0.427900
vt 0.823500 0.427900
vt 0.808200 0.242300
vt 0.885700 0.104500
vt 0.800700 0.307600
vt 0.793900 0.304000
vt 0.790200 0.232300
vt 0.596400 0.402500
vt 0.602800 0.402500
vt 0.783600 0.253800
vt 0.904300 0.355300
vt 0.904300 0.363600
vt 0.903700 0.359400
vt 0.800700 0.323500
vt 0.680000 0.404700
vt 0.673600 0.405100
vt 0.673600 0.404700
vt 0.791300 0.042000
vt 0.673200 0.386400
vt 0.910900 0.344100
vt 0.915500 0.347400
vt 0.910900 0.344900
vt 0.757000 0.051200
vt 0.960900 0.336900
vt 0.954100 0.336900
vt 0.916500 0.266700
vt 0.910900 0.340700
vt 0.582500 0.369500
vt 0.874200 0.372200
vt 0.787100 0.387900
vt 0.786900 0.344300
vt 0.787100 0.344300
vt 0.569600 0.159000
vt 0.595800 0.173600
vt 0.793700 0.207100
vt 0.793900 0.323500
vt 0.786600 0.202800
vt 0.780500 0.182800
vt 0.934600 0.224400
vt 0.951000 0.094600
vt 0.951400 0.097900
vt 0.957800 0.110500
vt 0.951400 0.110500
vt 0.951400 0.110700
vt 0.947400 0.207300
vt 0.766600 0.151500
vt 0.957800 0.094600
vt 0.951000 0.091500
vt 0.957800 0.091500
vt 0.796000 0.155300
vt 0.799800 0.151700
vt 0.928500 0.097300
vt 0.938700 0.092800
vt 0.734900 0.185300
vt 0.719800 0.189500
vt 0.823500 0.423600
vt 0.812000 0.234900
vt 0.884400 0.104600
vt 0.813300 0.423600
vt 0.905900 0.351400
vt 0.800300 0.305900
vt 0.960500 0.202500
vt 0.954100 0.202300
vt 0.960500 0.202300
vt 0.596400 0.402000
vt 0.786300 0.233900
vt 0.905900 0.367500
vt 0.673600 0.396200
vt 0.680000 0.412700
vt 0.673600 0.412700
vt 0.782100 0.040800
vt 0.680000 0.395700
vt 0.910900 0.342800
vt 0.910900 0.346800
vt 0.673600 0.413100
vt 0.812800 0.058500
vt 0.960900 0.326700
vt 0.770300 0.343900
vt 0.775800 0.343900
vt 0.775800 0.344300
vt 0.574300 0.162100
vt 0.595800 0.174000
vt 0.790400 0.204500
vt 0.793900 0.326500
vt 0.800300 0.326400
vt 0.800300 0.326500
vt 0.800700 0.324900
vt 0.800300 0.324900
vt 0.782400 0.202200
vt 0.941000 0.224900
vt 0.934600 0.224900
vt 0.781900 0.389400
vt 0.778300 0.389400
vt 0.781900 0.387900
vt 0.957800 0.114100
vt 0.951400 0.114100
vt 0.959900 0.083200
vt 0.953500 0.083000
vt 0.959900 0.083000
vt 0.947400 0.216100
vt 0.941000 0.216100
vt 0.766000 0.147300
vt 0.747800 0.138100
vt 0.959900 0.079600
vt 0.953500 0.079400
vt 0.959900 0.079400
vt 0.691500 0.415800
vt 0.698300 0.412200
vt 0.698300 0.415800
vt 0.797600 0.151500
vt 0.799000 0.147300
vt 0.928500 0.092800
vt 0.938700 0.088500
vt 0.719800 0.192800
vt 0.813300 0.235000
vt 0.823500 0.422300
vt 0.813300 0.422300
vt 0.907100 0.360500
vt 0.907100 0.349800
vt 0.960500 0.205400
vt 0.954100 0.205400
vt 0.960500 0.198800
vt 0.596400 0.393300
vt 0.602800 0.393300
vt 0.782100 0.234400
vt 0.774300 0.253000
vt 0.954100 0.198600
vt 0.960500 0.198600
vt 0.907100 0.369000
vt 0.673600 0.395700
vt 0.673600 0.391100
vt 0.680000 0.419400
vt 0.673600 0.419400
vt 0.751300 0.058500
vt 0.962100 0.336900
vt 0.577900 0.164700
vt 0.595800 0.174500
vt 0.570100 0.160400
vt 0.960500 0.205600
vt 0.960500 0.209100
vt 0.954100 0.208900
vt 0.960500 0.208900
vt 0.778200 0.202800
vt 0.960500 0.213200
vt 0.954100 0.212900
vt 0.960500 0.212900
vt 0.771400 0.184400
vt 0.934600 0.232300
vt 0.781900 0.389900
vt 0.959900 0.086100
vt 0.953500 0.086100
vt 0.947400 0.216500
vt 0.766600 0.143200
vt 0.959900 0.075500
vt 0.953500 0.075300
vt 0.959900 0.075300
vt 0.781900 0.391900
vt 0.691500 0.412200
vt 0.698300 0.408200
vt 0.798200 0.147300
vt 0.797600 0.143200
vt 0.799800 0.142900
vt 0.928500 0.088500
vt 0.938700 0.084800
vt 0.737700 0.188700
vt 0.719800 0.195300
vt 0.596400 0.392800
vt 0.778000 0.233800
vt 0.960500 0.194800
vt 0.954100 0.194600
vt 0.960500 0.194600
vt 0.941000 0.232800
vt 0.941000 0.240300
vt 0.947400 0.240700
vt 0.941000 0.240700
vt 0.813400 0.059800
vt 0.962100 0.326700
vt 0.580800 0.168200
vt 0.595800 0.176000
vt 0.918800 0.427200
vt 0.922100 0.417100
vt 0.922100 0.427200
vt 0.569000 0.160300
vt 0.926000 0.427200
vt 0.960500 0.217300
vt 0.954100 0.217100
vt 0.960500 0.217100
vt 0.774400 0.204300
vt 0.934600 0.232800
vt 0.947400 0.224900
vt 0.770700 0.136000
vt 0.751300 0.129600
vt 0.959900 0.071300
vt 0.953500 0.071100
vt 0.959900 0.071100
vt 0.768200 0.139300
vt 0.781900 0.392900
vt 0.775000 0.391900
vt 0.781900 0.395300
vt 0.691500 0.408200
vt 0.698300 0.404000
vt 0.796000 0.139300
vt 0.801700 0.138800
vt 0.928500 0.084800
vt 0.688200 0.434100
vt 0.685000 0.423900
vt 0.688200 0.423900
vt 0.741300 0.191400
vt 0.719800 0.196900
vt 0.596400 0.384300
vt 0.602800 0.384300
vt 0.774100 0.232100
vt 0.765600 0.249800
vt 0.960500 0.190600
vt 0.954100 0.190400
vt 0.960500 0.190400
vt 0.941000 0.249100
vt 0.782100 0.060200
vt 0.927100 0.417100
vt 0.927100 0.427200
vt 0.582600 0.172300
vt 0.595800 0.178500
vt 0.838600 0.424100
vt 0.828400 0.427900
vt 0.828400 0.424100
vt 0.918800 0.417100
vt 0.926000 0.417100
vt 0.960500 0.221200
vt 0.954100 0.221200
vt 0.771000 0.206800
vt 0.960500 0.221400
vt 0.763000 0.188300
vt 0.619300 0.419500
vt 0.612900 0.419500
vt 0.619300 0.413100
vt 0.947400 0.225300
vt 0.774100 0.133400
vt 0.959900 0.067300
vt 0.953500 0.067100
vt 0.959900 0.067100
vt 0.781900 0.395600
vt 0.772400 0.395300
vt 0.781900 0.396500
vt 0.781900 0.395800
vt 0.691500 0.404000
vt 0.698300 0.400000
vt 0.691500 0.400000
vt 0.698300 0.396300
vt 0.793500 0.136000
vt 0.804500 0.135300
vt 0.685000 0.434100
vt 0.681000 0.434100
vt 0.681000 0.423900
vt 0.745500 0.193100
vt 0.719800 0.197200
vt 0.596400 0.383800
vt 0.770800 0.229600
vt 0.960500 0.186600
vt 0.954100 0.186300
vt 0.960500 0.186400
vt 0.947400 0.249600
vt 0.941000 0.249600
vt 0.777900 0.060800
vt 0.812300 0.060000
vt 0.583400 0.176700
vt 0.595800 0.181900
vt 0.838600 0.419900
vt 0.828400 0.419900
vt 0.838600 0.427900
vt 0.790100 0.062400
vt 0.808100 0.061600
vt 0.804500 0.064300
vt 0.960500 0.225100
vt 0.954100 0.224900
vt 0.960500 0.224900
vt 0.768400 0.210100
vt 0.619300 0.412700
vt 0.812800 0.129600
vt 0.757000 0.122200
vt 0.787100 0.430400
vt 0.793500 0.430200
vt 0.793500 0.430400
vt 0.777900 0.131800
vt 0.959900 0.063700
vt 0.953500 0.063500
vt 0.959900 0.063500
vt 0.781900 0.396800
vt 0.770800 0.399100
vt 0.779700 0.399500
vt 0.770300 0.403300
vt 0.691500 0.396300
vt 0.698300 0.393200
vt 0.790100 0.133400
vt 0.808100 0.132600
vt 0.680000 0.434100
vt 0.680000 0.423900
vt 0.746100 0.194500
vt 0.719800 0.198000
vt 0.596400 0.376200
vt 0.602800 0.376200
vt 0.758100 0.244500
vt 0.960500 0.183000
vt 0.960500 0.182800
vt 0.768300 0.226200
vt 0.747800 0.067100
vt 0.941000 0.258300
vt 0.955200 0.164800
vt 0.948800 0.165000
vt 0.948800 0.164800
vt 0.582600 0.181200
vt 0.595800 0.185700
vt 0.838600 0.415400
vt 0.828400 0.415400
vt 0.796000 0.068300
vt 0.801700 0.067800
vt 0.799800 0.071900
vt 0.793500 0.064900
vt 0.786300 0.060800
vt 0.960500 0.228000
vt 0.954100 0.228000
vt 0.766800 0.214000
vt 0.954100 0.259000
vt 0.960500 0.258800
vt 0.960500 0.259000
vt 0.755900 0.194300
vt 0.619300 0.412300
vt 0.934600 0.376300
vt 0.941000 0.382600
vt 0.934600 0.382600
vt 0.807200 0.122200
vt 0.813400 0.130800
vt 0.787100 0.427400
vt 0.793500 0.427400
vt 0.793500 0.427200
vt 0.782100 0.131300
vt 0.780900 0.397900
vt 0.781900 0.397200
vt 0.779000 0.405300
vt 0.770800 0.407500
vt 0.779000 0.401300
vt 0.780900 0.408700
vt 0.772400 0.411300
vt 0.691500 0.393200
vt 0.787100 0.407900
vt 0.793800 0.411500
vt 0.787100 0.411500
vt 0.786300 0.131800
vt 0.812300 0.131000
vt 0.661300 0.413400
vt 0.662500 0.423500
vt 0.661300 0.423500
vt 0.740400 0.201800
vt 0.719800 0.202800
vt 0.596400 0.369900
vt 0.766200 0.218200
vt 0.954100 0.277900
vt 0.960500 0.277800
vt 0.960500 0.277900
vt 0.766700 0.222300
vt 0.774100 0.062400
vt 0.947400 0.258800
vt 0.941000 0.258800
vt 0.948800 0.161300
vt 0.955200 0.168800
vt 0.948800 0.168800
vt 0.580800 0.185300
vt 0.595800 0.189500
vt 0.838600 0.411100
vt 0.828400 0.411100
vt 0.797600 0.072100
vt 0.799000 0.076300
vt 0.955200 0.180700
vt 0.948400 0.177100
vt 0.955200 0.177100
vt 0.955200 0.173000
vt 0.948800 0.173200
vt 0.948800 0.173000
vt 0.948800 0.169100
vt 0.954100 0.255400
vt 0.960500 0.255400
vt 0.954100 0.263000
vt 0.960500 0.262800
vt 0.960500 0.263000
vt 0.752100 0.237400
vt 0.750600 0.201900
vt 0.612900 0.404500
vt 0.619300 0.404500
vt 0.941000 0.375900
vt 0.934600 0.375900
vt 0.669300 0.423500
vt 0.662500 0.413400
vt 0.669300 0.413400
vt 0.764300 0.116600
vt 0.787100 0.423800
vt 0.793500 0.423800
vt 0.793500 0.423500
vt 0.639900 0.413400
vt 0.640800 0.413400
vt 0.640800 0.413700
vt 0.778700 0.403300
vt 0.779700 0.407100
vt 0.860700 0.411000
vt 0.862400 0.424500
vt 0.860700 0.424500
vt 0.862400 0.411000
vt 0.864300 0.424500
vt 0.781900 0.410000
vt 0.781900 0.409400
vt 0.793800 0.407900
vt 0.775000 0.414700
vt 0.781900 0.412600
vt 0.781900 0.414700
vt 0.793800 0.415200
vt 0.793500 0.415200
vt 0.787100 0.415500
vt 0.793500 0.415300
vt 0.793500 0.415500
vt 0.733100 0.207500
vt 0.719800 0.207100
vt 0.602800 0.369500
vt 0.596400 0.369500
vt 0.954100 0.274900
vt 0.960500 0.274900
vt 0.960500 0.274700
vt 0.770700 0.064900
vt 0.955200 0.161100
vt 0.948800 0.161100
vt 0.768200 0.068300
vt 0.746600 0.076300
vt 0.941000 0.267400
vt 0.595800 0.192700
vt 0.838600 0.407200
vt 0.828400 0.407200
vt 0.798200 0.076300
vt 0.799800 0.080700
vt 0.767700 0.402100
vt 0.760900 0.405800
vt 0.760900 0.402100
vt 0.767700 0.405800
vt 0.760900 0.408800
vt 0.948400 0.180700
vt 0.948400 0.173400
vt 0.948800 0.173400
vt 0.954100 0.267200
vt 0.960500 0.267000
vt 0.960500 0.267200
vt 0.748200 0.229000
vt 0.619300 0.404100
vt 0.934600 0.368300
vt 0.941000 0.340700
vt 0.930800 0.332700
vt 0.941000 0.332700
vt 0.799900 0.116600
vt 0.787100 0.419700
vt 0.793500 0.419700
vt 0.641400 0.426900
vt 0.641300 0.413700
vt 0.641400 0.413700
vt 0.866300 0.411000
vt 0.868200 0.424500
vt 0.866300 0.424500
vt 0.868200 0.411000
vt 0.869900 0.424500
vt 0.864300 0.411000
vt 0.869900 0.411000
vt 0.871400 0.424500
vt 0.781900 0.410800
vt 0.650600 0.426900
vt 0.652300 0.413400
vt 0.651600 0.426500
vt 0.778300 0.417200
vt 0.781900 0.415600
vt 0.781900 0.417200
vt 0.781900 0.411300
vt 0.781900 0.418700
vt 0.781900 0.417700
vt 0.793500 0.419500
vt 0.930800 0.340700
vt 0.719800 0.207200
vt 0.619300 0.377000
vt 0.619300 0.369500
vt 0.954100 0.271300
vt 0.960500 0.271100
vt 0.960500 0.271300
vt 0.955200 0.158100
vt 0.948800 0.158200
vt 0.948800 0.158100
vt 0.766600 0.072100
vt 0.947400 0.267800
vt 0.941000 0.267800
vt 0.595800 0.195300
vt 0.577900 0.188700
vt 0.848700 0.431800
vt 0.838600 0.435000
vt 0.838600 0.431800
vt 0.848700 0.435000
vt 0.796000 0.084300
vt 0.801700 0.084800
vt 0.797600 0.080500
vt 0.767700 0.398000
vt 0.760900 0.398000
vt 0.767700 0.408800
vt 0.688000 0.422500
vt 0.691500 0.420800
vt 0.691500 0.422500
vt 0.691500 0.423900
vt 0.691500 0.422900
vt 0.747400 0.210600
vt 0.612900 0.377400
vt 0.619300 0.377400
vt 0.612900 0.395500
vt 0.619300 0.395500
vt 0.941000 0.367800
vt 0.934600 0.367800
vt 0.772900 0.113000
vt 0.643000 0.413700
vt 0.894700 0.404900
vt 0.904000 0.404900
vt 0.893300 0.406300
vt 0.905400 0.406300
vt 0.892300 0.408000
vt 0.906400 0.408000
vt 0.891800 0.409900
vt 0.871400 0.411000
vt 0.781900 0.411000
vt 0.650600 0.413400
vt 0.652400 0.426500
vt 0.652300 0.426500
vt 0.941000 0.341500
vt 0.719800 0.207500
vt 0.960500 0.233000
vt 0.960500 0.232800
vt 0.766000 0.076300
vt 0.960500 0.236500
vt 0.954100 0.236300
vt 0.960500 0.236300
vt 0.766600 0.080500
vt 0.747800 0.085500
vt 0.941000 0.275600
vt 0.595800 0.196900
vt 0.574300 0.191400
vt 0.838600 0.427800
vt 0.793500 0.087700
vt 0.804500 0.088300
vt 0.767700 0.393800
vt 0.760900 0.393800
vt 0.689500 0.412400
vt 0.680500 0.412700
vt 0.680000 0.408500
vt 0.682100 0.416600
vt 0.691500 0.415300
vt 0.691500 0.416000
vt 0.684700 0.419900
vt 0.691500 0.417800
vt 0.691500 0.419900
vt 0.746600 0.219800
vt 0.619300 0.385800
vt 0.619300 0.395000
vt 0.934600 0.359300
vt 0.799000 0.116200
vt 0.643100 0.426900
vt 0.643100 0.413700
vt 0.902300 0.403900
vt 0.906900 0.409900
vt 0.891800 0.411900
vt 0.906900 0.411900
vt 0.892300 0.413900
vt 0.906400 0.413900
vt 0.893300 0.415600
vt 0.905400 0.415600
vt 0.894700 0.417000
vt 0.904000 0.417000
vt 0.896500 0.418000
vt 0.902300 0.418000
vt 0.898400 0.418500
vt 0.654200 0.413400
vt 0.654200 0.426500
vt 0.934200 0.341500
vt 0.960500 0.240600
vt 0.954100 0.240300
vt 0.960500 0.240300
vt 0.768200 0.084300
vt 0.947400 0.276000
vt 0.941000 0.276000
vt 0.595800 0.197100
vt 0.570100 0.193100
vt 0.838600 0.423500
vt 0.848700 0.427800
vt 0.790100 0.090200
vt 0.767700 0.386200
vt 0.760900 0.389800
vt 0.760900 0.386200
vt 0.767700 0.389800
vt 0.688400 0.408500
vt 0.680500 0.404400
vt 0.688700 0.410500
vt 0.690700 0.413900
vt 0.691500 0.416300
vt 0.691500 0.415000
vt 0.691500 0.416600
vt 0.612900 0.386200
vt 0.619300 0.386200
vt 0.941000 0.358800
vt 0.934600 0.358800
vt 0.792200 0.113400
vt 0.645000 0.413700
vt 0.896500 0.403900
vt 0.650600 0.413700
vt 0.569100 0.413500
vt 0.569000 0.426600
vt 0.572200 0.426600
vt 0.572200 0.413500
vt 0.572300 0.413500
vt 0.900400 0.418500
vt 0.654300 0.426500
vt 0.930800 0.341500
vt 0.941000 0.348600
vt 0.732200 0.207800
vt 0.719800 0.207800
vt 0.960500 0.244700
vt 0.954100 0.244500
vt 0.960500 0.244500
vt 0.770700 0.087700
vt 0.960500 0.248800
vt 0.954100 0.248600
vt 0.960500 0.248600
vt 0.751300 0.094100
vt 0.941000 0.282400
vt 0.569600 0.194500
vt 0.595800 0.198000
vt 0.848700 0.422400
vt 0.838600 0.422400
vt 0.848700 0.423500
vt 0.808100 0.091000
vt 0.857500 0.410200
vt 0.850700 0.407200
vt 0.857500 0.407200
vt 0.690700 0.403200
vt 0.682100 0.400500
vt 0.688700 0.406600
vt 0.910700 0.423200
vt 0.909000 0.409600
vt 0.910700 0.409600
vt 0.909000 0.423200
vt 0.907500 0.409600
vt 0.691500 0.414600
vt 0.934200 0.349600
vt 0.934600 0.354300
vt 0.791300 0.113000
vt 0.782100 0.111800
vt 0.645000 0.426900
vt 0.900400 0.403400
vt 0.648900 0.426900
vt 0.648900 0.413700
vt 0.570500 0.413500
vt 0.570500 0.426600
vt 0.574200 0.413500
vt 0.574200 0.426600
vt 0.576200 0.413500
vt 0.576200 0.426600
vt 0.578100 0.413500
vt 0.578100 0.426600
vt 0.659900 0.413400
vt 0.659900 0.426500
vt 0.658200 0.413400
vt 0.658200 0.426500
vt 0.656200 0.413400
vt 0.656300 0.426500
vt 0.656200 0.426500
vt 0.790600 0.343900
vt 0.793900 0.253800
vt 0.793900 0.343900
vt 0.934200 0.348600
vt 0.719800 0.215400
vt 0.960500 0.252500
vt 0.954100 0.252300
vt 0.960500 0.252300
vt 0.774100 0.090200
vt 0.947400 0.282700
vt 0.941000 0.282700
vt 0.575200 0.201800
vt 0.595800 0.202800
vt 0.872700 0.421100
vt 0.872700 0.411000
vt 0.786300 0.091800
vt 0.812300 0.092600
vt 0.850700 0.410200
vt 0.691500 0.400500
vt 0.684700 0.397200
vt 0.691500 0.398100
vt 0.691500 0.401900
vt 0.691500 0.402500
vt 0.689500 0.404700
vt 0.914700 0.423200
vt 0.912700 0.409600
vt 0.914700 0.409600
vt 0.912700 0.423200
vt 0.907500 0.423200
vt 0.700300 0.427000
vt 0.702000 0.413500
vt 0.701200 0.426600
vt 0.916200 0.057700
vt 0.911400 0.044000
vt 0.916200 0.044600
vt 0.941000 0.349600
vt 0.646900 0.413700
vt 0.898400 0.403400
vt 0.579800 0.413500
vt 0.579800 0.426600
vt 0.661300 0.426500
vt 0.790600 0.292500
vt 0.732200 0.298500
vt 0.719800 0.223000
vt 0.910500 0.043600
vt 0.903700 0.092500
vt 0.777900 0.091800
vt 0.857500 0.426100
vt 0.851100 0.426300
vt 0.851100 0.426100
vt 0.807200 0.101400
vt 0.757000 0.101400
vt 0.592600 0.369500
vt 0.586200 0.369900
vt 0.586200 0.369500
vt 0.582600 0.207500
vt 0.595800 0.207100
vt 0.880600 0.421100
vt 0.880600 0.411000
vt 0.813400 0.092800
vt 0.812800 0.094100
vt 0.782100 0.092400
vt 0.857500 0.413800
vt 0.691500 0.397200
vt 0.688000 0.394600
vt 0.691500 0.395100
vt 0.691500 0.400800
vt 0.632100 0.426900
vt 0.631400 0.426900
vt 0.631400 0.426500
vt 0.691500 0.401100
vt 0.918200 0.423200
vt 0.916600 0.409600
vt 0.918200 0.409600
vt 0.916600 0.423200
vt 0.867200 0.411000
vt 0.865300 0.396400
vt 0.867200 0.395900
vt 0.865300 0.410500
vt 0.863600 0.397400
vt 0.700300 0.413500
vt 0.863600 0.409500
vt 0.862200 0.398800
vt 0.702000 0.426600
vt 0.916200 0.085200
vt 0.647000 0.426900
vt 0.647000 0.413700
vt 0.790600 0.277300
vt 0.583400 0.298500
vt 0.595800 0.294300
vt 0.657900 0.298500
vt 0.857500 0.429700
vt 0.851100 0.429700
vt 0.857500 0.422100
vt 0.851100 0.422300
vt 0.851100 0.422100
vt 0.799900 0.107000
vt 0.764300 0.107000
vt 0.592600 0.377500
vt 0.586200 0.377500
vt 0.595800 0.207500
vt 0.592600 0.412700
vt 0.582500 0.419400
vt 0.582500 0.412700
vt 0.851100 0.414000
vt 0.851100 0.413800
vt 0.851100 0.413500
vt 0.691500 0.394600
vt 0.630700 0.413400
vt 0.630800 0.426500
vt 0.630700 0.426500
vt 0.871100 0.410500
vt 0.869200 0.395900
vt 0.871100 0.396400
vt 0.869200 0.411000
vt 0.862200 0.408100
vt 0.861200 0.400500
vt 0.861200 0.406300
vt 0.860700 0.402400
vt 0.703900 0.413500
vt 0.703900 0.426600
vt 0.910500 0.089200
vt 0.916200 0.085800
vt 0.746600 0.292500
vt 0.790600 0.263900
vt 0.760900 0.417200
vt 0.760100 0.390600
vt 0.903700 0.324900
vt 0.880200 0.328300
vt 0.860700 0.324900
vt 0.583400 0.207800
vt 0.595800 0.290900
vt 0.857500 0.417900
vt 0.851100 0.418100
vt 0.851100 0.417900
vt 0.772900 0.110600
vt 0.586200 0.377900
vt 0.585900 0.411900
vt 0.629000 0.426500
vt 0.874300 0.408100
vt 0.872900 0.397400
vt 0.874300 0.398800
vt 0.872900 0.409500
vt 0.952900 0.427800
vt 0.953000 0.414700
vt 0.953000 0.427800
vt 0.950900 0.427800
vt 0.951000 0.414700
vt 0.951000 0.427800
vt 0.949000 0.427800
vt 0.949100 0.414700
vt 0.949100 0.427800
vt 0.709500 0.413500
vt 0.709600 0.426600
vt 0.709500 0.426600
vt 0.860700 0.404400
vt 0.916200 0.088300
vt 0.954600 0.114100
vt 0.948300 0.158100
vt 0.948300 0.114100
vt 0.746600 0.277300
vt 0.718100 0.429300
vt 0.729300 0.421800
vt 0.729300 0.434000
vt 0.746600 0.263900
vt 0.938300 0.174900
vt 0.948400 0.170600
vt 0.948400 0.174900
vt 0.760100 0.416900
vt 0.880200 0.372200
vt 0.860700 0.328300
vt 0.876000 0.175000
vt 0.899500 0.178400
vt 0.808300 0.377000
vt 0.808300 0.408100
vt 0.807600 0.403700
vt 0.860700 0.131000
vt 0.857300 0.040800
vt 0.860700 0.040800
vt 0.595800 0.207800
vt 0.799000 0.107400
vt 0.592600 0.386400
vt 0.586200 0.386400
vt 0.582500 0.411900
vt 0.592600 0.411900
vt 0.629000 0.413400
vt 0.875300 0.406300
vt 0.956600 0.427800
vt 0.956600 0.414700
vt 0.954800 0.427800
vt 0.954900 0.414700
vt 0.954900 0.427800
vt 0.947400 0.427800
vt 0.947400 0.414700
vt 0.707800 0.413500
vt 0.707800 0.426600
vt 0.710900 0.413500
vt 0.710900 0.426600
vt 0.705900 0.413500
vt 0.705900 0.426600
vt 0.916200 0.088500
vt 0.954600 0.158100
vt 0.891800 0.372200
vt 0.881000 0.416200
vt 0.746600 0.347300
vt 0.753400 0.359700
vt 0.746600 0.362500
vt 0.813300 0.317800
vt 0.804100 0.361700
vt 0.804100 0.317800
vt 0.891800 0.416200
vt 0.746600 0.253800
vt 0.938300 0.178800
vt 0.938300 0.170600
vt 0.758300 0.394700
vt 0.934200 0.325200
vt 0.930800 0.326000
vt 0.930800 0.325200
vt 0.903700 0.372200
vt 0.949900 0.283100
vt 0.954100 0.282800
vt 0.741700 0.330300
vt 0.745900 0.337700
vt 0.741700 0.337700
vt 0.856500 0.175000
vt 0.899500 0.131000
vt 0.807500 0.377300
vt 0.938300 0.166100
vt 0.948400 0.166100
vt 0.857300 0.120900
vt 0.792200 0.110200
vt 0.586200 0.386900
vt 0.585900 0.405500
vt 0.627100 0.426500
vt 0.875300 0.400500
vt 0.621500 0.413400
vt 0.621500 0.426500
vt 0.958000 0.427800
vt 0.958100 0.414700
vt 0.958100 0.427800
vt 0.916200 0.089200
vt 0.753400 0.343900
vt 0.923200 0.114100
vt 0.938900 0.158100
vt 0.923200 0.158100
vt 0.766300 0.369300
vt 0.756700 0.369300
vt 0.813300 0.361700
vt 0.746600 0.376100
vt 0.753400 0.378900
vt 0.746600 0.386200
vt 0.948400 0.178800
vt 0.944300 0.383000
vt 0.944400 0.409200
vt 0.942500 0.405100
vt 0.945100 0.382600
vt 0.945100 0.413600
vt 0.752700 0.411200
vt 0.941000 0.325200
vt 0.753400 0.379500
vt 0.770300 0.386200
vt 0.947400 0.283100
vt 0.947400 0.326700
vt 0.741700 0.319900
vt 0.745900 0.318100
vt 0.741700 0.318100
vt 0.745900 0.310700
vt 0.930800 0.240600
vt 0.934200 0.241500
vt 0.930800 0.241500
vt 0.876000 0.131000
vt 0.805700 0.399600
vt 0.938300 0.161900
vt 0.813400 0.117600
vt 0.813400 0.051000
vt 0.791300 0.110600
vt 0.592600 0.405500
vt 0.592600 0.395600
vt 0.586200 0.395600
vt 0.928500 0.092500
vt 0.921800 0.043600
vt 0.928500 0.040800
vt 0.627100 0.413400
vt 0.875800 0.404400
vt 0.623200 0.413400
vt 0.623200 0.426500
vt 0.916200 0.102900
vt 0.938900 0.114100
vt 0.650500 0.369800
vt 0.650600 0.369800
vt 0.917700 0.423200
vt 0.907500 0.426300
vt 0.936900 0.388600
vt 0.906200 0.372200
vt 0.905400 0.403000
vt 0.905400 0.376600
vt 0.755400 0.398200
vt 0.941000 0.326000
vt 0.934200 0.321200
vt 0.934500 0.321200
vt 0.770300 0.379500
vt 0.830100 0.363200
vt 0.830300 0.406800
vt 0.830100 0.406800
vt 0.954100 0.414700
vt 0.951500 0.371100
vt 0.741700 0.298500
vt 0.745900 0.300200
vt 0.941000 0.240600
vt 0.813400 0.120900
vt 0.860700 0.123600
vt 0.884400 0.130400
vt 0.860700 0.130400
vt 0.800100 0.382900
vt 0.948400 0.161900
vt 0.903600 0.380700
vt 0.619300 0.433000
vt 0.609200 0.426300
vt 0.928500 0.107800
vt 0.585900 0.404600
vt 0.592600 0.404600
vt 0.586200 0.396100
vt 0.920800 0.044000
vt 0.625100 0.426500
vt 0.875800 0.402400
vt 0.916200 0.103700
vt 0.910500 0.105000
vt 0.636600 0.369400
vt 0.642800 0.369400
vt 0.642800 0.369800
vt 0.940300 0.040800
vt 0.940300 0.084800
vt 0.935100 0.041100
vt 0.746600 0.342500
vt 0.746000 0.298500
vt 0.746600 0.298500
vt 0.917700 0.426300
vt 0.939700 0.401600
vt 0.906200 0.403400
vt 0.621500 0.365100
vt 0.620600 0.335300
vt 0.621500 0.302900
vt 0.751800 0.400900
vt 0.941000 0.317800
vt 0.934500 0.318200
vt 0.934500 0.317800
vt 0.841300 0.407200
vt 0.841300 0.406800
vt 0.813300 0.407200
vt 0.824500 0.363600
vt 0.934600 0.245800
vt 0.711200 0.369500
vt 0.700300 0.369500
vt 0.877600 0.123100
vt 0.884400 0.120300
vt 0.877600 0.123600
vt 0.930800 0.232800
vt 0.802800 0.396100
vt 0.948400 0.158100
vt 0.898000 0.397400
vt 0.711200 0.413500
vt 0.621500 0.369400
vt 0.636600 0.413400
vt 0.585900 0.400100
vt 0.586200 0.400100
vt 0.916200 0.057900
vt 0.625100 0.413400
vt 0.916200 0.105000
vt 0.916200 0.109200
vt 0.894300 0.124800
vt 0.894200 0.119200
vt 0.898400 0.124800
vt 0.746000 0.342500
vt 0.907500 0.430200
vt 0.936000 0.399000
vt 0.812000 0.361700
vt 0.804100 0.371900
vt 0.934600 0.249000
vt 0.941000 0.241500
vt 0.934600 0.249100
vt 0.619700 0.339400
vt 0.620300 0.331100
vt 0.917700 0.430200
vt 0.747100 0.403900
vt 0.934500 0.317400
vt 0.613700 0.368300
vt 0.615000 0.346200
vt 0.894000 0.124800
vt 0.893600 0.124800
vt 0.893600 0.130500
vt 0.830100 0.407200
vt 0.864700 0.113500
vt 0.874300 0.113500
vt 0.668000 0.423500
vt 0.661300 0.433700
vt 0.799200 0.393500
vt 0.938300 0.158100
vt 0.900700 0.384200
vt 0.916200 0.085300
vt 0.931300 0.396000
vt 0.812000 0.371900
vt 0.941000 0.249500
vt 0.934600 0.249500
vt 0.617800 0.343100
vt 0.900700 0.239300
vt 0.907500 0.243500
vt 0.900700 0.243500
vt 0.907500 0.247600
vt 0.900700 0.247600
vt 0.619000 0.327100
vt 0.907500 0.434500
vt 0.747600 0.402600
vt 0.934500 0.308800
vt 0.940900 0.308800
vt 0.604500 0.369500
vt 0.607500 0.349800
vt 0.611500 0.348500
vt 0.894200 0.130500
vt 0.668500 0.413400
vt 0.667900 0.369400
vt 0.668500 0.369400
vt 0.667900 0.413400
vt 0.884400 0.106700
vt 0.650600 0.369400
vt 0.650700 0.413000
vt 0.650600 0.413000
vt 0.794500 0.390300
vt 0.668000 0.433700
vt 0.694800 0.426000
vt 0.691500 0.426000
vt 0.897100 0.386900
vt 0.903700 0.349800
vt 0.910900 0.305900
vt 0.910900 0.349800
vt 0.877600 0.103900
vt 0.884400 0.091500
vt 0.916200 0.086200
vt 0.931900 0.397300
vt 0.616800 0.323600
vt 0.613700 0.299700
vt 0.934600 0.258300
vt 0.900700 0.235300
vt 0.907500 0.239300
vt 0.907500 0.251400
vt 0.900700 0.251400
vt 0.917700 0.434500
vt 0.746600 0.402700
vt 0.934500 0.308300
vt 0.603300 0.350000
vt 0.760900 0.411900
vt 0.767300 0.412100
vt 0.760900 0.412100
vt 0.900700 0.231900
vt 0.907500 0.235300
vt 0.895900 0.124800
vt 0.664600 0.413400
vt 0.658500 0.413400
vt 0.658500 0.413000
vt 0.746500 0.362700
vt 0.734900 0.406700
vt 0.741500 0.363100
vt 0.795000 0.391800
vt 0.892400 0.390000
vt 0.694800 0.415800
vt 0.877600 0.088100
vt 0.903700 0.305900
vt 0.921800 0.089200
vt 0.916200 0.086300
vt 0.930800 0.397200
vt 0.813300 0.371900
vt 0.613600 0.320800
vt 0.941000 0.258700
vt 0.934600 0.258700
vt 0.665400 0.373700
vt 0.664800 0.382000
vt 0.664600 0.377800
vt 0.666100 0.386000
vt 0.907500 0.253900
vt 0.907100 0.253900
vt 0.900700 0.254600
vt 0.907100 0.254400
vt 0.907100 0.254600
vt 0.907500 0.435600
vt 0.917700 0.435600
vt 0.934500 0.299600
vt 0.941000 0.299600
vt 0.595400 0.368300
vt 0.595400 0.347200
vt 0.599200 0.349100
vt 0.760900 0.419900
vt 0.767300 0.420100
vt 0.760900 0.420100
vt 0.760900 0.415700
vt 0.767300 0.415900
vt 0.760900 0.415900
vt 0.767300 0.408800
vt 0.907100 0.234700
vt 0.921800 0.105000
vt 0.916200 0.109100
vt 0.793900 0.391700
vt 0.698800 0.425900
vt 0.892900 0.388600
vt 0.669300 0.433700
vt 0.907500 0.350600
vt 0.923200 0.394600
vt 0.907500 0.394600
vt 0.810500 0.408300
vt 0.810500 0.408100
vt 0.609900 0.318900
vt 0.605800 0.318000
vt 0.604500 0.298500
vt 0.934600 0.267300
vt 0.667400 0.370000
vt 0.667900 0.380000
vt 0.667900 0.388800
vt 0.934500 0.299100
vt 0.592300 0.344400
vt 0.760900 0.424000
vt 0.767300 0.424300
vt 0.760900 0.424300
vt 0.699900 0.415800
vt 0.699900 0.425900
vt 0.698800 0.415800
vt 0.891800 0.388700
vt 0.916200 0.088600
vt 0.810500 0.411500
vt 0.804100 0.411500
vt 0.810500 0.411700
vt 0.601600 0.318200
vt 0.934600 0.267800
vt 0.934600 0.290700
vt 0.941000 0.290700
vt 0.586800 0.364800
vt 0.588800 0.336900
vt 0.590000 0.340900
vt 0.760900 0.431300
vt 0.767300 0.431500
vt 0.760900 0.431500
vt 0.760900 0.428000
vt 0.767300 0.428200
vt 0.760900 0.428200
vt 0.810500 0.415400
vt 0.804100 0.415400
vt 0.810500 0.415700
vt 0.810500 0.419800
vt 0.804100 0.419600
vt 0.810500 0.419600
vt 0.597600 0.319500
vt 0.595400 0.299700
vt 0.934600 0.275500
vt 0.934600 0.290200
vt 0.588500 0.332700
vt 0.959900 0.063300
vt 0.810500 0.423800
vt 0.804100 0.423800
vt 0.810500 0.424000
vt 0.594100 0.321800
vt 0.934600 0.276000
vt 0.934600 0.282800
vt 0.941000 0.282800
vt 0.579400 0.359100
vt 0.586800 0.303200
vt 0.953500 0.056400
vt 0.959900 0.056200
vt 0.959900 0.056400
vt 0.953500 0.060300
vt 0.959900 0.060100
vt 0.959900 0.060300
vt 0.810500 0.427600
vt 0.804100 0.427600
vt 0.810500 0.427800
vt 0.591300 0.324900
vt 0.934600 0.282400
vt 0.717600 0.375800
vt 0.717600 0.369500
vt 0.579400 0.308900
vt 0.953500 0.052300
vt 0.959900 0.052300
vt 0.810500 0.430800
vt 0.804100 0.430800
vt 0.953500 0.044200
vt 0.959900 0.044000
vt 0.959900 0.044200
vt 0.589400 0.328600
vt 0.711200 0.376100
vt 0.717600 0.376100
vt 0.573800 0.351800
vt 0.959900 0.052100
vt 0.953500 0.040800
vt 0.959900 0.040800
vt 0.959900 0.047900
vt 0.953500 0.048100
vt 0.959900 0.048100
vt 0.711200 0.419400
vt 0.717600 0.418900
vt 0.717600 0.419400
vt 0.717600 0.383800
vt 0.573800 0.316200
vt 0.711200 0.411400
vt 0.717600 0.411400
vt 0.711200 0.384200
vt 0.717600 0.384200
vt 0.570200 0.343200
vt 0.717600 0.410900
vt 0.717600 0.392700
vt 0.570200 0.324800
vt 0.711200 0.402400
vt 0.717600 0.402400
vt 0.711200 0.393200
vt 0.717600 0.393200
vt 0.569000 0.334000
vt 0.717600 0.401900
vt 0.804100 0.348200
vt 0.800700 0.348000
vt 0.930800 0.416900
vt 0.927400 0.400000
vt 0.930800 0.345700
vt 0.810500 0.265100
vt 0.810500 0.264900
vt 0.813200 0.265100
vt 0.641600 0.329800
vt 0.641600 0.330000
vt 0.623100 0.323000
vt 0.813200 0.276300
vt 0.810500 0.276300
vt 0.926700 0.265100
vt 0.923300 0.261300
vt 0.926700 0.252100
vt 0.907500 0.245200
vt 0.907500 0.234700
vt 0.910900 0.240800
vt 0.813000 0.276300
vt 0.810500 0.287600
vt 0.639900 0.424200
vt 0.632700 0.418700
vt 0.865400 0.200600
vt 0.882400 0.210100
vt 0.882300 0.210300
vt 0.838600 0.414900
vt 0.850700 0.408800
vt 0.850700 0.420800
vt 0.860700 0.289400
vt 0.880200 0.289100
vt 0.880100 0.289400
vt 0.939200 0.104600
vt 0.939200 0.104500
vt 0.951000 0.100400
vt 0.961400 0.347600
vt 0.954200 0.342200
vt 0.961400 0.336900
vt 0.813000 0.287600
vt 0.813000 0.287700
vt 0.674900 0.315900
vt 0.693000 0.323800
vt 0.690800 0.327100
vt 0.748100 0.417200
vt 0.748000 0.430400
vt 0.748000 0.417200
vt 0.749800 0.417200
vt 0.749800 0.430400
vt 0.922100 0.405000
vt 0.912200 0.395100
vt 0.922600 0.403100
vt 0.746600 0.417200
vt 0.910400 0.396100
vt 0.914100 0.394600
vt 0.746600 0.430400
vt 0.751700 0.417200
vt 0.751700 0.430400
vt 0.921100 0.406700
vt 0.938000 0.413600
vt 0.937900 0.426800
vt 0.937900 0.413600
vt 0.922600 0.401100
vt 0.939900 0.413600
vt 0.939800 0.426800
vt 0.939800 0.413600
vt 0.770300 0.418700
vt 0.770300 0.431900
vt 0.751800 0.417200
vt 0.909000 0.397500
vt 0.936000 0.413600
vt 0.916100 0.394600
vt 0.941500 0.413600
vt 0.941500 0.426800
vt 0.922100 0.399200
vt 0.772000 0.418700
vt 0.772000 0.431900
vt 0.753700 0.417200
vt 0.753700 0.430400
vt 0.919700 0.408100
vt 0.936000 0.426800
vt 0.779500 0.418700
vt 0.779600 0.431900
vt 0.779500 0.431900
vt 0.781000 0.418700
vt 0.781000 0.431900
vt 0.918000 0.395100
vt 0.908000 0.399200
vt 0.934100 0.413600
vt 0.777800 0.431900
vt 0.921100 0.397500
vt 0.777800 0.418700
vt 0.773900 0.418700
vt 0.773900 0.431900
vt 0.755600 0.417200
vt 0.755600 0.430400
vt 0.918000 0.409100
vt 0.934000 0.426800
vt 0.934000 0.413600
vt 0.919700 0.396100
vt 0.775900 0.431900
vt 0.907500 0.401100
vt 0.932300 0.413600
vt 0.775900 0.418700
vt 0.757300 0.417200
vt 0.757300 0.430400
vt 0.916100 0.409600
vt 0.932300 0.426800
vt 0.601900 0.432600
vt 0.603300 0.419400
vt 0.603300 0.432600
vt 0.907500 0.403100
vt 0.930800 0.413600
vt 0.601900 0.419400
vt 0.914100 0.409600
vt 0.930800 0.426800
vt 0.600200 0.432600
vt 0.908100 0.405000
vt 0.592700 0.432600
vt 0.592600 0.432600
vt 0.600200 0.419400
vt 0.912200 0.409100
vt 0.594300 0.419400
vt 0.594300 0.432600
vt 0.598300 0.432600
vt 0.909000 0.406700
vt 0.594400 0.432600
vt 0.598200 0.419400
vt 0.598200 0.432600
vt 0.910400 0.408100
vt 0.596300 0.419400
vt 0.596300 0.432600
vt 0.931800 0.158100
vt 0.927800 0.172600
vt 0.923200 0.166600
vt 0.735000 0.305300
vt 0.718100 0.298500
vt 0.947400 0.381400
vt 0.947400 0.382600
vt 0.741700 0.362700
vt 0.724800 0.305300
vt 0.804100 0.314300
vt 0.810500 0.317800
vt 0.941000 0.359100
vt 0.947400 0.359100
vt 0.735000 0.362700
vt 0.947400 0.355400
vt 0.804100 0.253800
vt 0.810500 0.253800
vt 0.793500 0.404400
vt 0.793500 0.407900
vt 0.941000 0.336900
vt 0.947400 0.339900
vt 0.941000 0.339900
vt 0.928500 0.112200
vt 0.934900 0.111800
vt 0.934900 0.112200
vt 0.946700 0.061900
vt 0.941000 0.349000
vt 0.947400 0.349000
vt 0.724800 0.362700
vt 0.934900 0.105500
vt 0.787100 0.343900
vt 0.793500 0.343900
vt 0.947400 0.282800
vt 0.946700 0.098000
vt 0.940300 0.098000
vt 0.923200 0.179900
vt 0.929600 0.179500
vt 0.929600 0.179900
vt 0.923200 0.173200
vt 0.929600 0.173200
vt 0.923200 0.117600
vt 0.916400 0.120900
vt 0.591300 0.432600
vt 0.591200 0.419400
vt 0.591200 0.432600
vt 0.891800 0.431700
vt 0.891800 0.418500
vt 0.893500 0.431700
vt 0.589600 0.432600
vt 0.819900 0.422300
vt 0.813300 0.415700
vt 0.821900 0.422300
vt 0.893500 0.418500
vt 0.589500 0.419400
vt 0.589500 0.432600
vt 0.813800 0.417600
vt 0.813300 0.413700
vt 0.823800 0.421800
vt 0.895400 0.431700
vt 0.587600 0.432600
vt 0.818000 0.421800
vt 0.582000 0.419400
vt 0.582000 0.432600
vt 0.881000 0.429300
vt 0.813800 0.411800
vt 0.895400 0.418500
vt 0.587600 0.419400
vt 0.814800 0.419400
vt 0.583700 0.419400
vt 0.583700 0.432600
vt 0.882400 0.416200
vt 0.882400 0.429300
vt 0.825500 0.420800
vt 0.882500 0.416200
vt 0.897400 0.431700
vt 0.585700 0.432600
vt 0.816200 0.420800
vt 0.814800 0.410100
vt 0.884200 0.416200
vt 0.884200 0.429300
vt 0.897400 0.418500
vt 0.585600 0.419400
vt 0.585600 0.432600
vt 0.826900 0.419400
vt 0.899300 0.431700
vt 0.816200 0.408700
vt 0.886100 0.416200
vt 0.886100 0.429300
vt 0.899300 0.418500
vt 0.827900 0.417600
vt 0.886200 0.416200
vt 0.901000 0.431700
vt 0.818000 0.407700
vt 0.888100 0.416200
vt 0.888100 0.429300
vt 0.901100 0.418500
vt 0.901100 0.431700
vt 0.828400 0.415700
vt 0.902500 0.431700
vt 0.819900 0.407200
vt 0.890000 0.416200
vt 0.890000 0.429300
vt 0.902500 0.418500
vt 0.828400 0.413700
vt 0.680000 0.432500
vt 0.679900 0.419400
vt 0.821900 0.407200
vt 0.891700 0.416200
vt 0.891700 0.429300
vt 0.827900 0.411800
vt 0.678300 0.432500
vt 0.678300 0.419400
vt 0.670700 0.432500
vt 0.670700 0.419400
vt 0.669300 0.432500
vt 0.669300 0.419400
vt 0.823800 0.407700
vt 0.678200 0.419400
vt 0.672400 0.419400
vt 0.826900 0.410100
vt 0.672400 0.432500
vt 0.676400 0.432500
vt 0.676400 0.419400
vt 0.825500 0.408700
vt 0.674300 0.419400
vt 0.676300 0.419400
vt 0.674400 0.432500
vt 0.674400 0.419400
vt 0.726600 0.421800
vt 0.720900 0.420300
vt 0.732600 0.411400
vt 0.000000 1.000000
vt 0.540937 0.000000
vt 0.540937 1.000000
vt 0.000000 0.000000
vt 0.690800 0.059000
vt 0.595800 0.059000
vt 0.950700 0.040800
vt 0.953500 0.041100
vt 0.734900 0.406400
vt 0.723700 0.406700
vt 0.934200 0.201000
vt 0.596000 0.413300
vt 0.950100 0.326700
vt 0.770300 0.387900
vt 0.951000 0.097900
vt 0.800300 0.304000
vt 0.800700 0.305900
vt 0.673200 0.391100
vt 0.746600 0.193200
vt 0.639900 0.426900
vt 0.651600 0.426900
vt 0.569000 0.193200
vt 0.934200 0.354300
vt 0.701200 0.427000
vt 0.719800 0.294300
vt 0.661300 0.294300
vt 0.632100 0.413400
vt 0.850700 0.413500
vt 0.949900 0.282800
vt 0.951500 0.370700
vt 0.954100 0.371100
vt 0.928500 0.041100
vt 0.935100 0.040800
vt 0.813300 0.363600
vt 0.824500 0.363200
vt 0.934200 0.245800
vt 0.664600 0.369400
vt 0.734900 0.363100
vt 0.741500 0.362700
vt 0.907100 0.231900
vt 0.800300 0.253800
vt 0.800700 0.265000
vt 0.804100 0.318700
vt 0.800700 0.273000
vt 0.800300 0.265000
vt 0.800700 0.282800
vt 0.804100 0.312200
vt 0.804100 0.377000
vt 0.800700 0.365800
vt 0.800300 0.377000
vt 0.800300 0.365800
vt 0.800700 0.357000
vt 0.800300 0.282800
vt 0.800700 0.316400
vt 0.800300 0.348000
vt 0.927100 0.182800
vt 0.927400 0.185400
vt 0.930800 0.268800
vt 0.927100 0.265000
vt 0.927100 0.185400
vt 0.927400 0.186000
vt 0.927400 0.185800
vt 0.930800 0.186200
vt 0.927400 0.265000
vt 0.927400 0.190100
vt 0.927400 0.187600
vt 0.930800 0.269200
vt 0.930800 0.278600
vt 0.930800 0.279500
vt 0.927100 0.284500
vt 0.927400 0.200900
vt 0.930800 0.273800
vt 0.930800 0.279700
vt 0.930800 0.281300
vt 0.927400 0.204900
vt 0.927100 0.200900
vt 0.927100 0.190100
vt 0.927400 0.207000
vt 0.927400 0.206200
vt 0.930800 0.283800
vt 0.930800 0.287100
vt 0.927400 0.285900
vt 0.927400 0.220700
vt 0.927400 0.221300
vt 0.927400 0.223600
vt 0.927400 0.221600
vt 0.927400 0.251800
vt 0.927400 0.224500
vt 0.930800 0.269500
vt 0.927400 0.284500
vt 0.927400 0.286400
vt 0.927400 0.289300
vt 0.927400 0.288400
vt 0.927400 0.292300
vt 0.927400 0.292000
vt 0.930800 0.290800
vt 0.927400 0.293100
vt 0.927400 0.293700
vt 0.930800 0.294600
vt 0.927400 0.291800
vt 0.927100 0.305700
vt 0.927100 0.293700
vt 0.930800 0.300500
vt 0.930800 0.297900
vt 0.927400 0.305700
vt 0.930800 0.302000
vt 0.930800 0.302500
vt 0.930800 0.302800
vt 0.927400 0.306500
vt 0.927400 0.306100
vt 0.927400 0.307700
vt 0.927400 0.307400
vt 0.930800 0.310500
vt 0.927400 0.309000
vt 0.927400 0.307200
vt 0.927400 0.311000
vt 0.927400 0.313600
vt 0.927400 0.311900
vt 0.927400 0.315000
vt 0.927400 0.314000
vt 0.927100 0.334500
vt 0.927100 0.315000
vt 0.930800 0.325700
vt 0.927400 0.337200
vt 0.927400 0.336400
vt 0.930800 0.330700
vt 0.927400 0.334500
vt 0.930800 0.330000
vt 0.930800 0.330300
vt 0.927400 0.338400
vt 0.930800 0.330400
vt 0.927400 0.340500
vt 0.927400 0.347300
vt 0.927400 0.343500
vt 0.927400 0.351300
vt 0.927400 0.414100
vt 0.927400 0.405100
vt 0.927400 0.401600
vt 0.927100 0.416900
vt 0.927100 0.414100
vt 0.813200 0.253800
vt 0.669800 0.343500
vt 0.669800 0.366700
vt 0.668600 0.345100
vt 0.664800 0.368500
vt 0.664300 0.368700
vt 0.661000 0.349500
vt 0.655600 0.369400
vt 0.655100 0.369400
vt 0.656900 0.350000
vt 0.646400 0.367800
vt 0.645900 0.367700
vt 0.652700 0.349400
vt 0.638000 0.363900
vt 0.637600 0.363700
vt 0.648900 0.347700
vt 0.630900 0.358000
vt 0.630500 0.357700
vt 0.630300 0.357300
vt 0.625300 0.350100
vt 0.643300 0.342200
vt 0.625100 0.349600
vt 0.622200 0.341300
vt 0.641700 0.338300
vt 0.622100 0.340800
vt 0.621500 0.332100
vt 0.641100 0.334200
vt 0.621500 0.331600
vt 0.623400 0.322500
vt 0.627100 0.314600
vt 0.643100 0.326100
vt 0.627500 0.314200
vt 0.633200 0.307600
vt 0.645600 0.322800
vt 0.640400 0.302600
vt 0.640800 0.302300
vt 0.649300 0.320000
vt 0.649100 0.299400
vt 0.649500 0.299200
vt 0.653200 0.318400
vt 0.658300 0.298500
vt 0.658800 0.298500
vt 0.657300 0.317900
vt 0.667400 0.300100
vt 0.667900 0.300200
vt 0.669800 0.301100
vt 0.669800 0.324400
vt 0.668500 0.322600
vt 0.665300 0.320200
vt 0.661300 0.318400
vt 0.649100 0.320000
vt 0.643200 0.325900
vt 0.641600 0.338100
vt 0.645800 0.345300
vt 0.653000 0.349500
vt 0.668500 0.345300
vt 0.668300 0.345400
vt 0.649100 0.347900
vt 0.643200 0.342000
vt 0.645900 0.322500
vt 0.645800 0.322600
vt 0.665100 0.320000
vt 0.665100 0.347900
vt 0.664900 0.347900
vt 0.661500 0.318500
vt 0.661300 0.349500
vt 0.657100 0.350000
vt 0.657100 0.317900
vt 0.653000 0.318400
vt 0.641000 0.334000
vt 0.926700 0.398500
vt 0.926700 0.399600
vt 0.923300 0.417100
vt 0.923300 0.330800
vt 0.923300 0.330500
vt 0.927100 0.334600
vt 0.926700 0.401100
vt 0.926700 0.402700
vt 0.923300 0.330100
vt 0.926700 0.350000
vt 0.923300 0.356800
vt 0.923300 0.345900
vt 0.927100 0.414300
vt 0.926700 0.414300
vt 0.926700 0.413900
vt 0.926700 0.345900
vt 0.926700 0.342400
vt 0.926700 0.337000
vt 0.926700 0.338000
vt 0.926700 0.339800
vt 0.926700 0.307300
vt 0.923300 0.310600
vt 0.926700 0.306600
vt 0.926700 0.336400
vt 0.926700 0.336500
vt 0.926700 0.313200
vt 0.926700 0.311200
vt 0.923300 0.302900
vt 0.926700 0.310300
vt 0.923300 0.325800
vt 0.926700 0.334600
vt 0.926700 0.315200
vt 0.926700 0.305900
vt 0.926700 0.306300
vt 0.926700 0.313700
vt 0.923300 0.300500
vt 0.923300 0.298000
vt 0.927100 0.293800
vt 0.926700 0.307900
vt 0.926700 0.307600
vt 0.927100 0.315200
vt 0.923300 0.294700
vt 0.926700 0.293200
vt 0.926700 0.293800
vt 0.923300 0.302600
vt 0.927100 0.305900
vt 0.923300 0.302100
vt 0.923300 0.269600
vt 0.927100 0.265100
vt 0.923300 0.269200
vt 0.923300 0.290900
vt 0.926700 0.290600
vt 0.926700 0.291900
vt 0.926700 0.292400
vt 0.926700 0.292100
vt 0.926700 0.185400
vt 0.926700 0.185800
vt 0.926700 0.288500
vt 0.923300 0.287100
vt 0.926700 0.186000
vt 0.926700 0.190100
vt 0.927100 0.200800
vt 0.926700 0.286000
vt 0.926700 0.287600
vt 0.926700 0.285500
vt 0.926700 0.200800
vt 0.926700 0.204900
vt 0.923300 0.283900
vt 0.926700 0.284500
vt 0.923300 0.281400
vt 0.926700 0.206300
vt 0.926700 0.207100
vt 0.926700 0.220700
vt 0.923300 0.279700
vt 0.923300 0.253800
vt 0.926700 0.221600
vt 0.926700 0.224100
vt 0.926700 0.221300
vt 0.923300 0.279500
vt 0.923300 0.278700
vt 0.926700 0.224600
vt 0.923300 0.273900
vt 0.923300 0.268900
vt 0.907100 0.182800
vt 0.910900 0.182800
vt 0.907500 0.194000
vt 0.907500 0.276900
vt 0.907100 0.305900
vt 0.907100 0.294700
vt 0.907500 0.294700
vt 0.907500 0.287300
vt 0.907100 0.194000
vt 0.907500 0.211700
vt 0.907500 0.201400
vt 0.907100 0.276900
vt 0.907100 0.211700
vt 0.632600 0.418800
vt 0.900700 0.233700
vt 0.900700 0.253300
vt 0.900600 0.233800
vt 0.896200 0.253800
vt 0.895700 0.253800
vt 0.886500 0.252400
vt 0.892000 0.233900
vt 0.887000 0.252600
vt 0.892300 0.233900
vt 0.896200 0.234400
vt 0.900400 0.233900
vt 0.896400 0.234400
vt 0.878000 0.248800
vt 0.871100 0.243400
vt 0.885000 0.229800
vt 0.865700 0.236500
vt 0.865400 0.236100
vt 0.882300 0.226400
vt 0.862100 0.228000
vt 0.861900 0.227500
vt 0.880700 0.222500
vt 0.860700 0.218800
vt 0.860700 0.218300
vt 0.880100 0.218300
vt 0.861800 0.209600
vt 0.880200 0.218100
vt 0.880700 0.214200
vt 0.861900 0.209100
vt 0.870800 0.193600
vt 0.871100 0.193200
vt 0.871500 0.192900
vt 0.888000 0.204600
vt 0.884800 0.207000
vt 0.878900 0.187400
vt 0.887000 0.184000
vt 0.891800 0.202900
vt 0.887500 0.184000
vt 0.896200 0.182800
vt 0.896000 0.202300
vt 0.896700 0.182900
vt 0.900700 0.183400
vt 0.896200 0.202300
vt 0.900700 0.203000
vt 0.900400 0.202800
vt 0.892000 0.202800
vt 0.865300 0.201000
vt 0.880800 0.214000
vt 0.880600 0.222300
vt 0.884700 0.229500
vt 0.882200 0.226200
vt 0.900100 0.202800
vt 0.888400 0.232300
vt 0.888200 0.232200
vt 0.878400 0.249100
vt 0.884800 0.229700
vt 0.888200 0.204400
vt 0.878400 0.187600
vt 0.838800 0.412900
vt 0.849900 0.421400
vt 0.848100 0.422100
vt 0.848100 0.422200
vt 0.850000 0.421400
vt 0.848200 0.407500
vt 0.850000 0.408200
vt 0.846100 0.422400
vt 0.844200 0.422100
vt 0.846200 0.422400
vt 0.846200 0.407200
vt 0.848100 0.407400
vt 0.844300 0.407400
vt 0.842400 0.408200
vt 0.844200 0.407400
vt 0.840800 0.409400
vt 0.840800 0.409500
vt 0.839600 0.411000
vt 0.838800 0.412800
vt 0.838600 0.414800
vt 0.838800 0.416800
vt 0.839600 0.418600
vt 0.842300 0.421400
vt 0.840800 0.420200
vt 0.842400 0.421400
vt 0.900600 0.304800
vt 0.900600 0.324300
vt 0.895700 0.324800
vt 0.887000 0.323700
vt 0.892300 0.304900
vt 0.896200 0.324900
vt 0.900400 0.304900
vt 0.886500 0.323500
vt 0.892000 0.304900
vt 0.878400 0.320100
vt 0.878000 0.319800
vt 0.888200 0.303300
vt 0.871100 0.314500
vt 0.884700 0.300500
vt 0.884800 0.300700
vt 0.865400 0.307100
vt 0.882200 0.297200
vt 0.882300 0.297400
vt 0.861900 0.298500
vt 0.860700 0.289800
vt 0.880600 0.293300
vt 0.861800 0.280700
vt 0.861900 0.280200
vt 0.880700 0.285200
vt 0.865700 0.307500
vt 0.888400 0.303400
vt 0.896400 0.305400
vt 0.896200 0.305400
vt 0.865300 0.272100
vt 0.865400 0.271600
vt 0.882300 0.281300
vt 0.870800 0.264600
vt 0.871100 0.264200
vt 0.871500 0.263900
vt 0.888000 0.275600
vt 0.884800 0.278000
vt 0.878900 0.258400
vt 0.887000 0.255100
vt 0.891800 0.273900
vt 0.887500 0.255000
vt 0.896000 0.273300
vt 0.896700 0.253900
vt 0.900600 0.254400
vt 0.896200 0.273300
vt 0.900400 0.273800
vt 0.900100 0.273800
vt 0.900600 0.274000
vt 0.892000 0.273800
vt 0.880800 0.285000
vt 0.882400 0.281100
vt 0.885000 0.300900
vt 0.888200 0.275400
vt 0.878400 0.258600
vt 0.862100 0.299000
vt 0.880700 0.293500
vt 0.951000 0.112600
vt 0.938900 0.106600
vt 0.950300 0.113100
vt 0.948500 0.113900
vt 0.950400 0.113100
vt 0.948600 0.099200
vt 0.950400 0.099900
vt 0.950400 0.100000
vt 0.946500 0.114100
vt 0.944500 0.113800
vt 0.942700 0.113100
vt 0.944600 0.113900
vt 0.948500 0.099200
vt 0.946600 0.098900
vt 0.944600 0.099200
vt 0.946500 0.098900
vt 0.940000 0.110400
vt 0.940000 0.110300
vt 0.939200 0.108500
vt 0.941200 0.111900
vt 0.942800 0.099900
vt 0.941200 0.101100
vt 0.942700 0.099900
vt 0.938900 0.106500
vt 0.941100 0.101200
vt 0.940000 0.102700
vt 0.954100 0.342200
vt 0.813000 0.298800
vt 0.718100 0.343700
vt 0.718100 0.366800
vt 0.717700 0.344200
vt 0.715000 0.368100
vt 0.714900 0.368100
vt 0.710500 0.349200
vt 0.714500 0.368300
vt 0.705800 0.369400
vt 0.706600 0.350000
vt 0.705300 0.369500
vt 0.696600 0.368400
vt 0.702400 0.349800
vt 0.696100 0.368300
vt 0.688000 0.364900
vt 0.698400 0.348500
vt 0.687600 0.364800
vt 0.680600 0.359400
vt 0.694900 0.346200
vt 0.680200 0.359100
vt 0.679900 0.358700
vt 0.674600 0.351800
vt 0.674400 0.351300
vt 0.692100 0.343100
vt 0.671000 0.342700
vt 0.689300 0.335300
vt 0.689400 0.335500
vt 0.671000 0.343200
vt 0.690200 0.339400
vt 0.702200 0.349700
vt 0.717600 0.344400
vt 0.714400 0.347200
vt 0.717400 0.344600
vt 0.706400 0.350000
vt 0.692300 0.343300
vt 0.669800 0.334000
vt 0.671200 0.324400
vt 0.674600 0.316200
vt 0.669900 0.333500
vt 0.698200 0.348400
vt 0.714200 0.347300
vt 0.710700 0.349100
vt 0.680200 0.308900
vt 0.687200 0.303500
vt 0.696200 0.320800
vt 0.695700 0.299900
vt 0.696100 0.299700
vt 0.700200 0.318800
vt 0.687600 0.303200
vt 0.696400 0.320700
vt 0.693100 0.323600
vt 0.704800 0.298600
vt 0.704100 0.318000
vt 0.705300 0.298500
vt 0.714000 0.299600
vt 0.708300 0.318200
vt 0.714900 0.299900
vt 0.718100 0.301200
vt 0.708500 0.318300
vt 0.700000 0.318900
vt 0.718100 0.324300
vt 0.715800 0.321800
vt 0.712400 0.319600
vt 0.712300 0.319500
vt 0.704300 0.318000
vt 0.690300 0.339600
vt 0.714500 0.299700
vt 0.689500 0.331300
vt 0.689500 0.331100
vt 0.671000 0.324800
vt 0.693300 0.323400
vt 0.690800 0.327300
vt 0.929700 0.158100
vt 0.929800 0.158100
vt 0.931700 0.158100
vt 0.933700 0.158600
vt 0.935400 0.159600
vt 0.936800 0.161000
vt 0.937800 0.162700
vt 0.937800 0.162800
vt 0.938300 0.164600
vt 0.938300 0.164700
vt 0.938300 0.166600
vt 0.937800 0.168500
vt 0.936800 0.170200
vt 0.936800 0.170300
vt 0.935400 0.171600
vt 0.935400 0.171700
vt 0.933700 0.172600
vt 0.933700 0.172700
vt 0.931800 0.173200
vt 0.931700 0.173200
vt 0.929800 0.173200
vt 0.929700 0.173200
vt 0.927800 0.172700
vt 0.926100 0.171700
vt 0.926100 0.171600
vt 0.924700 0.170300
vt 0.924700 0.170200
vt 0.923700 0.168500
vt 0.923200 0.164600
vt 0.923700 0.162800
vt 0.923700 0.162700
vt 0.924700 0.161000
vt 0.926100 0.159600
vt 0.927800 0.158600
vt 0.906300 0.175300
vt 0.906300 0.178400
vt 0.905900 0.178400
vt 0.899500 0.117600
vt 0.899500 0.114100
vt 0.900800 0.114100
vt 0.912700 0.120900
vt 0.923200 0.178400
vt 0.916400 0.142100
vt 0.922800 0.178400
vt 0.916400 0.178400
vt 0.906300 0.120900
vt 0.731600 0.409600
vt 0.731700 0.409700
vt 0.730300 0.408300
vt 0.733100 0.413300
vt 0.732600 0.411300
vt 0.730200 0.408200
vt 0.728600 0.407300
vt 0.728500 0.407200
vt 0.726600 0.406700
vt 0.726500 0.406700
vt 0.732600 0.417100
vt 0.732600 0.417200
vt 0.731700 0.418800
vt 0.733100 0.415200
vt 0.718600 0.411400
vt 0.724600 0.406700
vt 0.722700 0.407200
vt 0.722600 0.407300
vt 0.721000 0.408200
vt 0.720900 0.408300
vt 0.719600 0.409600
vt 0.719500 0.409700
vt 0.718600 0.411300
vt 0.730300 0.420300
vt 0.731600 0.418900
vt 0.730200 0.420300
vt 0.728600 0.421300
vt 0.728500 0.421300
vt 0.724700 0.421800
vt 0.724600 0.421800
vt 0.722700 0.421300
vt 0.722600 0.421300
vt 0.721000 0.420300
vt 0.719600 0.418900
vt 0.719500 0.418800
vt 0.718600 0.417200
vt 0.718600 0.417100
vt 0.718100 0.415200
vt 0.718100 0.413300
s 0
f 7189/5048/2336 7190/5049/2336 7191/5050/2336
f 7189/5051/2337 7192/5052/2337 7193/5053/2337
f 7194/5054/2338 7190/5055/2338 7189/5056/2338
f 7195/5057/2339 7191/5050/2339 7190/5049/2339
f 7196/5058/2337 7189/5051/2337 7193/5053/2337
f 7192/5052/2337 7191/5059/2337 7197/5060/2337
f 7198/5061/2337 7199/5062/2337 7194/5063/2337
f 7194/5054/2338 7200/5064/2338 7190/5055/2338
f 7195/5057/2340 7190/5049/2340 7201/5065/2340
f 7191/5050/2340 7195/5057/2340 7202/5066/2340
f 7203/5067/2337 7189/5051/2337 7196/5058/2337
f 7197/5060/2337 7191/5059/2337 7204/5068/2337
f 7205/5069/2337 7189/5051/2337 7203/5067/2337
f 7199/5062/2337 7206/5070/2337 7207/5071/2337
f 7208/5072/2341 7194/5073/2341 7199/5074/2341
f 7209/5075/2338 7200/5064/2338 7194/5054/2338
f 7210/5076/2342 7200/5077/2342 7211/5078/2342
f 7195/5057/2340 7201/5065/2340 7212/5079/2340
f 7201/5080/2342 7213/5081/2342 7214/5082/2342
f 7215/5083/2343 7191/5050/2343 7202/5066/2343
f 7195/5084/2342 7216/5085/2342 7202/5086/2342
f 7191/5059/2337 7217/5087/2337 7204/5068/2337
f 7218/5088/2337 7199/5062/2337 7207/5071/2337
f 7207/5071/2337 7206/5070/2337 7219/5089/2337
f 7208/5072/2341 7199/5074/2341 7220/5090/2341
f 7194/5073/2341 7208/5072/2341 7209/5091/2341
f 7200/5064/2338 7209/5075/2338 7221/5092/2338
f 7222/5093/2342 7190/5094/2342 7210/5076/2342
f 7211/5078/2342 7223/5095/2342 7224/5096/2342
f 7212/5097/2342 7216/5085/2342 7195/5084/2342
f 7212/5079/2344 7201/5065/2344 7225/5098/2344
f 7225/5099/2342 7214/5082/2342 7226/5100/2342
f 7213/5081/2342 7190/5094/2342 7227/5101/2342
f 7202/5086/2342 7228/5102/2342 7215/5103/2342
f 7191/5050/2343 7215/5083/2343 7229/5104/2343
f 7202/5086/2342 7216/5085/2342 7228/5102/2342
f 7217/5087/2337 7229/5105/2337 7230/5106/2337
f 7231/5107/2345 7218/5108/2345 7207/5109/2345
f 7232/5110/2337 7199/5062/2337 7218/5088/2337
f 7233/5111/2337 7234/5112/2337 7235/5113/2337
f 7236/5114/2342 7208/5115/2342 7220/5116/2342
f 7237/5117/2346 7220/5118/2346 7199/5119/2346
f 7238/5120/2341 7209/5091/2341 7208/5072/2341
f 7239/5121/2347 7200/5122/2347 7221/5123/2347
f 7209/5124/2342 7240/5125/2342 7221/5126/2342
f 7241/5127/2342 7190/5094/2342 7222/5093/2342
f 7200/5122/2347 7239/5121/2347 7223/5128/2347
f 7224/5096/2342 7223/5095/2342 7242/5129/2342
f 7243/5130/2342 7216/5085/2342 7212/5097/2342
f 7212/5079/2344 7225/5098/2344 7243/5131/2344
f 7244/5132/2342 7225/5099/2342 7226/5100/2342
f 7227/5101/2342 7190/5094/2342 7245/5133/2342
f 7215/5103/2342 7228/5102/2342 7246/5134/2342
f 7215/5135/2348 7247/5136/2348 7229/5137/2348
f 7228/5138/2349 7248/5139/2349 7249/5140/2349
f 7230/5106/2337 7247/5141/2337 7250/5142/2337
f 7207/5109/2350 7251/5143/2350 7231/5107/2350
f 7218/5108/2345 7231/5107/2345 7252/5144/2345
f 7218/5108/2351 7253/5145/2351 7232/5146/2351
f 7254/5147/2337 7199/5062/2337 7232/5110/2337
f 7255/5055/2352 7233/5148/2352 7235/5056/2352
f 7256/5149/2347 7207/5150/2347 7233/5151/2347
f 7257/5152/2337 7235/5113/2337 7234/5112/2337
f 7258/5153/2346 7236/5154/2346 7220/5118/2346
f 7208/5115/2342 7259/5155/2342 7260/5156/2342
f 7254/5147/2337 7237/5157/2337 7199/5062/2337
f 7258/5153/2346 7220/5118/2346 7237/5117/2346
f 7208/5158/2352 7261/5159/2352 7238/5160/2352
f 7261/5161/2342 7209/5124/2342 7238/5162/2342
f 7221/5126/2342 7240/5125/2342 7239/5163/2342
f 7209/5124/2342 7261/5161/2342 7240/5125/2342
f 7245/5133/2342 7190/5094/2342 7241/5127/2342
f 7239/5164/2352 7262/5165/2352 7223/5166/2352
f 7242/5129/2342 7223/5095/2342 7263/5167/2342
f 7243/5130/2342 7264/5168/2342 7216/5085/2342
f 7225/5098/2353 7244/5169/2353 7265/5170/2353
f 7215/5103/2342 7246/5134/2342 7266/5171/2342
f 7267/5172/2354 7228/5173/2354 7249/5123/2354
f 7247/5136/2348 7215/5135/2348 7266/5174/2348
f 7248/5139/2355 7216/5175/2355 7268/5176/2355
f 7250/5142/2337 7269/5177/2337 7270/5178/2337
f 7251/5143/2350 7207/5109/2350 7271/5179/2350
f 7251/5180/2342 7272/5181/2342 7231/5182/2342
f 7253/5145/2351 7218/5108/2351 7252/5144/2351
f 7273/5183/2342 7252/5184/2342 7231/5182/2342
f 7274/5185/2356 7232/5146/2356 7253/5145/2356
f 7232/5146/2356 7274/5185/2356 7254/5186/2356
f 7275/5187/2357 7255/5188/2357 7235/5189/2357
f 7276/5190/2352 7233/5148/2352 7255/5055/2352
f 7233/5191/2341 7277/5192/2341 7256/5193/2341
f 7256/5194/2337 7271/5195/2337 7207/5116/2337
f 7235/5113/2337 7278/5196/2337 7275/5197/2337
f 7273/5198/2346 7236/5154/2346 7258/5153/2346
f 7261/5159/2352 7208/5158/2352 7279/5199/2352
f 7259/5155/2342 7236/5114/2342 7280/5200/2342
f 7281/5201/2337 7237/5157/2337 7254/5147/2337
f 7282/5202/2358 7258/5153/2358 7237/5117/2358
f 7262/5165/2352 7239/5164/2352 7240/5203/2352
f 7261/5204/2347 7262/5205/2347 7240/5206/2347
f 7263/5167/2342 7262/5207/2342 7283/5208/2342
f 7264/5168/2342 7243/5130/2342 7284/5209/2342
f 7216/5175/2359 7285/5210/2359 7268/5176/2359
f 7284/5211/2360 7286/5212/2360 7287/5213/2360
f 7266/5171/2342 7246/5134/2342 7288/5214/2342
f 7289/5215/2361 7246/5216/2361 7267/5172/2361
f 7290/5217/2362 7247/5136/2362 7266/5174/2362
f 7269/5177/2337 7247/5141/2337 7291/5218/2337
f 7270/5178/2337 7292/5219/2337 7293/5220/2337
f 7271/5179/2363 7294/5221/2363 7251/5143/2363
f 7251/5180/2342 7295/5222/2342 7272/5181/2342
f 7231/5182/2342 7272/5181/2342 7296/5223/2342
f 7273/5183/2342 7253/5224/2342 7252/5184/2342
f 7231/5182/2342 7297/5225/2342 7273/5183/2342
f 7273/5183/2342 7274/5226/2342 7253/5224/2342
f 7274/5227/2364 7281/5228/2364 7254/5229/2364
f 7255/5188/2357 7275/5187/2357 7298/5230/2357
f 7255/5231/2342 7299/5232/2342 7276/5233/2342
f 7300/5234/2352 7233/5148/2352 7276/5190/2352
f 7277/5192/2341 7233/5191/2341 7301/5235/2341
f 7277/5236/2365 7302/5237/2365 7256/5238/2365
f 7302/5239/2337 7271/5195/2337 7256/5194/2337
f 7275/5197/2337 7278/5196/2337 7303/5196/2337
f 7258/5240/2342 7274/5226/2342 7273/5183/2342
f 7236/5154/2346 7273/5198/2346 7304/5241/2346
f 7262/5205/2347 7261/5204/2347 7305/5242/2347
f 7304/5241/2366 7306/5243/2366 7236/5154/2366
f 7281/5201/2337 7282/5244/2337 7237/5157/2337
f 7258/5153/2358 7282/5202/2358 7307/5173/2358
f 7283/5208/2342 7262/5207/2342 7308/5245/2342
f 7264/5246/2367 7309/5247/2367 7310/5248/2367
f 7285/5210/2357 7264/5246/2357 7310/5248/2357
f 7309/5247/2368 7284/5211/2368 7287/5213/2368
f 7266/5171/2342 7288/5214/2342 7290/5249/2342
f 7288/5214/2342 7246/5134/2342 7311/5250/2342
f 7312/5251/2369 7246/5216/2369 7289/5215/2369
f 7247/5136/2362 7290/5217/2362 7313/5252/2362
f 7291/5253/2370 7314/5254/2370 7269/5255/2370
f 7291/5218/2337 7247/5141/2337 7313/5256/2337
f 7314/5254/2371 7292/5257/2371 7269/5255/2371
f 7293/5220/2337 7315/5258/2337 7316/5259/2337
f 7294/5221/2363 7271/5179/2363 7317/5260/2363
f 7294/5261/2342 7295/5222/2342 7251/5180/2342
f 7302/5237/2372 7272/5262/2372 7295/5104/2372
f 7231/5182/2342 7296/5223/2342 7318/5263/2342
f 7272/5262/2373 7277/5236/2373 7296/5264/2373
f 7231/5182/2342 7318/5263/2342 7297/5225/2342
f 7297/5225/2342 7304/5265/2342 7273/5183/2342
f 7281/5228/2364 7274/5227/2364 7319/5266/2364
f 7320/5267/2357 7255/5188/2357 7298/5230/2357
f 7298/5230/2357 7275/5187/2357 7321/5268/2357
f 7299/5232/2342 7322/5269/2342 7323/5270/2342
f 7299/5271/2347 7300/5272/2347 7276/5273/2347
f 7233/5148/2352 7300/5234/2352 7324/5274/2352
f 7325/5275/2342 7301/5276/2342 7326/5277/2342
f 7301/5235/2341 7233/5191/2341 7327/5278/2341
f 7272/5262/2374 7302/5237/2374 7277/5236/2374
f 7302/5239/2337 7317/5279/2337 7271/5195/2337
f 7275/5197/2337 7303/5196/2337 7328/5280/2337
f 7258/5240/2342 7319/5281/2342 7274/5226/2342
f 7329/5282/2375 7330/5283/2375 7331/5284/2375
f 7332/5285/2337 7282/5244/2337 7281/5201/2337
f 7307/5286/2342 7319/5281/2342 7258/5240/2342
f 7282/5287/2376 7333/5288/2376 7307/5289/2376
f 7290/5249/2342 7288/5214/2342 7334/5290/2342
f 7288/5291/2377 7335/5292/2377 7336/5293/2377
f 7311/5250/2342 7246/5134/2342 7337/5294/2342
f 7338/5295/2369 7337/5296/2369 7312/5251/2369
f 7290/5297/2378 7291/5253/2378 7313/5298/2378
f 7314/5254/2370 7291/5253/2370 7334/5299/2370
f 7292/5257/2371 7314/5254/2371 7339/5300/2371
f 7339/5300/2379 7315/5301/2379 7292/5257/2379
f 7316/5259/2337 7340/5302/2337 7341/5303/2337
f 7342/5304/2380 7294/5305/2380 7317/5306/2380
f 7343/5307/2342 7295/5222/2342 7294/5261/2342
f 7295/5308/2381 7344/5309/2381 7302/5310/2381
f 7318/5263/2342 7296/5223/2342 7345/5311/2342
f 7296/5264/2382 7277/5236/2382 7346/5312/2382
f 7318/5313/2383 7347/5314/2383 7297/5315/2383
f 7304/5265/2342 7297/5225/2342 7348/5316/2342
f 7319/5266/2384 7332/5317/2384 7281/5228/2384
f 7349/5318/2342 7320/5319/2342 7298/5320/2342
f 7320/5267/2357 7350/5321/2357 7255/5188/2357
f 7349/5318/2342 7298/5320/2342 7321/5322/2342
f 7275/5187/2355 7351/5162/2355 7321/5268/2355
f 7352/5323/2342 7299/5232/2342 7323/5270/2342
f 7322/5269/2342 7255/5231/2342 7353/5324/2342
f 7300/5272/2347 7299/5271/2347 7354/5325/2347
f 7327/5278/2341 7233/5191/2341 7324/5326/2341
f 7355/5327/2342 7324/5328/2342 7300/5329/2342
f 7356/5330/2342 7277/5331/2342 7325/5275/2342
f 7327/5332/2338 7357/5333/2338 7301/5334/2338
f 7302/5239/2337 7342/5335/2337 7317/5279/2337
f 7358/5336/2337 7275/5197/2337 7328/5280/2337
f 7304/5265/2342 7348/5316/2342 7330/5337/2342
f 7331/5284/2385 7330/5283/2385 7359/5338/2385
f 7282/5244/2337 7332/5285/2337 7360/5339/2337
f 7307/5286/2342 7361/5340/2342 7319/5281/2342
f 7333/5288/2376 7282/5287/2376 7360/5341/2376
f 7361/5340/2342 7307/5286/2342 7333/5342/2342
f 7291/5253/2378 7290/5297/2378 7334/5299/2378
f 7288/5214/2342 7314/5343/2342 7334/5290/2342
f 7362/5344/2386 7288/5291/2386 7336/5293/2386
f 7335/5292/2387 7311/5345/2387 7363/5346/2387
f 7311/5250/2342 7337/5294/2342 7364/5347/2342
f 7365/5348/2388 7337/5296/2388 7338/5295/2388
f 7314/5343/2342 7366/5349/2342 7339/5350/2342
f 7315/5301/2379 7339/5300/2379 7367/5351/2379
f 7367/5352/2389 7340/5353/2389 7315/5354/2389
f 7341/5303/2337 7368/5355/2337 7369/5356/2337
f 7294/5305/2380 7342/5304/2380 7343/5357/2380
f 7370/5358/2342 7295/5222/2342 7343/5307/2342
f 7344/5309/2381 7295/5308/2381 7371/5359/2381
f 7344/5360/2337 7372/5361/2337 7302/5239/2337
f 7345/5362/2390 7373/5363/2390 7318/5313/2390
f 7345/5311/2342 7296/5223/2342 7374/5364/2342
f 7375/5365/2391 7296/5264/2391 7376/5366/2391
f 7347/5314/2387 7318/5313/2387 7373/5363/2387
f 7377/5367/2392 7297/5315/2392 7347/5314/2392
f 7297/5315/2386 7377/5367/2386 7348/5368/2386
f 7332/5317/2384 7319/5266/2384 7361/5369/2384
f 7378/5370/2342 7320/5319/2342 7349/5318/2342
f 7379/5371/2393 7350/5321/2393 7320/5267/2393
f 7380/5372/2394 7255/5372/2394 7350/5372/2394
f 7349/5318/2342 7321/5322/2342 7351/5373/2342
f 7351/5162/2355 7275/5187/2355 7381/5374/2355
f 7382/5375/2342 7299/5232/2342 7352/5323/2342
f 7353/5324/2342 7255/5231/2342 7383/5376/2342
f 7355/5327/2342 7300/5329/2342 7354/5377/2342
f 7299/5378/2338 7355/5379/2338 7354/5380/2338
f 7324/5328/2342 7355/5327/2342 7327/5381/2342
f 7384/5382/2338 7385/5383/2338 7386/5382/2338
f 7302/5239/2337 7372/5361/2337 7342/5335/2337
f 7387/5384/2337 7381/5385/2337 7358/5336/2337
f 7330/5337/2342 7348/5316/2342 7388/5386/2342
f 7359/5338/2395 7389/5387/2395 7390/5388/2395
f 7332/5317/2396 7333/5389/2396 7360/5390/2396
f 7333/5389/2396 7332/5317/2396 7361/5369/2396
f 7314/5343/2342 7288/5214/2342 7391/5391/2342
f 7391/5392/2397 7362/5344/2397 7392/5393/2397
f 7311/5345/2390 7393/5394/2390 7363/5346/2390
f 7364/5347/2342 7337/5294/2342 7394/5395/2342
f 7395/5396/2398 7396/5397/2398 7365/5348/2398
f 7397/5398/2342 7337/5294/2342 7396/5399/2342
f 7314/5343/2342 7391/5391/2342 7366/5349/2342
f 7339/5350/2342 7366/5349/2342 7398/5400/2342
f 7339/5350/2342 7398/5400/2342 7367/5401/2342
f 7340/5353/2389 7367/5352/2389 7399/5402/2389
f 7399/5402/2399 7368/5403/2399 7340/5353/2399
f 7369/5356/2337 7400/5404/2337 7401/5405/2337
f 7372/5406/2400 7343/5357/2400 7342/5304/2400
f 7343/5357/2400 7372/5406/2400 7370/5407/2400
f 7370/5358/2342 7371/5408/2342 7295/5222/2342
f 7371/5359/2401 7402/5298/2401 7344/5309/2401
f 7344/5360/2337 7403/5409/2337 7372/5361/2337
f 7373/5363/2390 7345/5362/2390 7404/5410/2390
f 7374/5411/2402 7404/5410/2402 7345/5362/2402
f 7374/5364/2342 7296/5223/2342 7405/5412/2342
f 7406/5413/2391 7407/5414/2391 7375/5365/2391
f 7405/5412/2342 7296/5223/2342 7407/5415/2342
f 7373/5416/2342 7377/5417/2342 7347/5418/2342
f 7408/5419/2403 7348/5368/2403 7377/5367/2403
f 7378/5420/2340 7409/5421/2340 7410/5422/2340
f 7378/5370/2342 7379/5423/2342 7320/5319/2342
f 7350/5321/2393 7379/5371/2393 7380/5424/2393
f 7411/5425/2342 7380/5426/2342 7412/5427/2342
f 7349/5318/2342 7351/5373/2342 7413/5428/2342
f 7381/5334/2361 7414/5429/2361 7351/5430/2361
f 7415/5431/2342 7382/5375/2342 7416/5245/2342
f 7383/5376/2342 7255/5231/2342 7417/5432/2342
f 7355/5379/2338 7299/5378/2338 7415/5433/2338
f 7385/5434/2342 7327/5381/2342 7355/5327/2342
f 7385/5435/2347 7418/5436/2347 7386/5437/2347
f 7419/5438/2337 7387/5384/2337 7420/5439/2337
f 7330/5337/2342 7388/5386/2342 7421/5440/2342
f 7348/5368/2403 7408/5419/2403 7388/5441/2403
f 7330/5337/2342 7422/5442/2342 7389/5443/2342
f 7390/5388/2404 7389/5387/2404 7423/5444/2404
f 7424/5445/2403 7391/5392/2403 7425/5446/2403
f 7393/5394/2390 7364/5447/2390 7426/5448/2390
f 7364/5447/2405 7427/5449/2405 7426/5448/2405
f 7394/5395/2342 7337/5294/2342 7397/5398/2342
f 7428/5450/2406 7396/5397/2406 7395/5396/2406
f 7397/5398/2342 7396/5399/2342 7429/5451/2342
f 7391/5392/2403 7424/5445/2403 7366/5452/2403
f 7366/5452/2407 7430/5453/2407 7398/5454/2407
f 7367/5401/2342 7398/5400/2342 7431/5455/2342
f 7367/5401/2342 7431/5455/2342 7399/5456/2342
f 7368/5403/2399 7399/5402/2399 7432/5457/2399
f 7432/5457/2408 7400/5458/2408 7368/5403/2408
f 7401/5405/2337 7433/5459/2337 7434/5460/2337
f 7372/5406/2409 7435/5461/2409 7370/5407/2409
f 7435/5462/2342 7371/5408/2342 7370/5358/2342
f 7402/5298/2401 7371/5359/2401 7436/5297/2401
f 7403/5409/2337 7344/5360/2337 7402/5463/2337
f 7435/5461/2409 7372/5406/2409 7403/5464/2409
f 7377/5417/2342 7373/5416/2342 7404/5465/2342
f 7404/5410/2405 7374/5411/2405 7437/5466/2405
f 7438/5467/2410 7405/5468/2410 7439/5469/2410
f 7440/5470/2411 7407/5414/2411 7406/5413/2411
f 7405/5412/2342 7407/5415/2342 7441/5471/2342
f 7377/5417/2342 7404/5465/2342 7408/5472/2342
f 7442/5473/2353 7378/5420/2353 7410/5422/2353
f 7409/5421/2340 7349/5474/2340 7443/5475/2340
f 7379/5423/2342 7378/5370/2342 7444/5476/2342
f 7444/5477/2368 7380/5424/2368 7379/5371/2368
f 7445/5478/2342 7255/5231/2342 7411/5425/2342
f 7412/5427/2342 7380/5426/2342 7446/5479/2342
f 7349/5474/2412 7447/5480/2412 7443/5475/2412
f 7413/5428/2342 7351/5373/2342 7414/5481/2342
f 7414/5429/2361 7381/5334/2361 7419/5482/2361
f 7415/5483/2347 7416/5484/2347 7448/5485/2347
f 7417/5432/2342 7255/5231/2342 7445/5478/2342
f 7449/5486/2337 7420/5439/2337 7450/5487/2337
f 7330/5337/2342 7421/5440/2342 7451/5488/2342
f 7421/5489/2413 7452/5490/2413 7453/5491/2413
f 7408/5419/2413 7454/5492/2413 7455/5493/2413
f 7330/5337/2342 7451/5488/2342 7422/5442/2342
f 7389/5443/2342 7422/5442/2342 7456/5494/2342
f 7423/5444/2414 7457/5495/2414 7458/5496/2414
f 7459/5497/2342 7424/5498/2342 7460/5499/2342
f 7427/5449/2402 7394/5500/2402 7461/5501/2402
f 7462/5502/2415 7397/5503/2415 7463/5504/2415
f 7464/5505/2416 7465/5506/2416 7428/5450/2416
f 7466/5507/2342 7396/5399/2342 7465/5508/2342
f 7467/5509/2417 7429/5510/2417 7468/5511/2417
f 7429/5451/2342 7396/5399/2342 7466/5507/2342
f 7430/5453/2407 7366/5452/2407 7424/5445/2407
f 7430/5512/2418 7431/5513/2418 7398/5514/2418
f 7399/5456/2342 7431/5455/2342 7469/5515/2342
f 7399/5456/2342 7469/5515/2342 7432/5516/2342
f 7400/5458/2408 7432/5457/2408 7470/5517/2408
f 7470/5517/2419 7433/5518/2419 7400/5458/2419
f 7433/5459/2337 7471/5519/2337 7434/5460/2337
f 7371/5408/2342 7435/5462/2342 7436/5520/2342
f 7436/5521/2420 7403/5464/2420 7402/5522/2420
f 7403/5464/2420 7436/5521/2420 7435/5461/2420
f 7472/5523/2342 7404/5465/2342 7473/5524/2342
f 7474/5525/2421 7374/5526/2421 7438/5467/2421
f 7439/5469/2417 7405/5468/2417 7475/5527/2417
f 7476/5528/2411 7477/5529/2411 7440/5470/2411
f 7478/5530/2342 7407/5415/2342 7477/5531/2342
f 7475/5527/2422 7441/5532/2422 7479/5533/2422
f 7441/5471/2342 7407/5415/2342 7478/5530/2342
f 7408/5472/2342 7472/5523/2342 7454/5534/2342
f 7444/5477/2423 7442/5473/2423 7480/5535/2423
f 7380/5424/2368 7444/5477/2368 7481/5536/2368
f 7447/5480/2343 7413/5537/2343 7482/5538/2343
f 7413/5428/2342 7414/5481/2342 7483/5539/2342
f 7419/5482/2369 7484/5540/2369 7414/5429/2369
f 7485/5541/2337 7450/5487/2337 7486/5542/2337
f 7419/5438/2337 7449/5486/2337 7487/5543/2337
f 7488/5544/2418 7421/5526/2418 7453/5525/2418
f 7489/5545/2424 7451/5546/2424 7490/5547/2424
f 7389/5443/2342 7456/5494/2342 7491/5548/2342
f 7492/5549/2425 7422/5550/2425 7493/5551/2425
f 7389/5443/2342 7491/5548/2342 7457/5552/2342
f 7458/5496/2426 7457/5495/2426 7494/5553/2426
f 7495/5554/2342 7424/5498/2342 7459/5497/2342
f 7461/5555/2421 7394/5556/2421 7462/5502/2421
f 7463/5504/2417 7397/5503/2417 7467/5509/2417
f 7496/5557/2427 7465/5506/2427 7464/5505/2427
f 7466/5507/2342 7465/5508/2342 7497/5558/2342
f 7468/5511/2428 7429/5510/2428 7498/5559/2428
f 7498/5559/2429 7466/5560/2429 7499/5561/2429
f 7500/5562/2342 7424/5498/2342 7495/5554/2342
f 7431/5513/2418 7430/5512/2418 7501/5563/2418
f 7501/5563/2427 7469/5564/2427 7431/5513/2427
f 7432/5516/2342 7469/5515/2342 7502/5565/2342
f 7432/5516/2342 7503/5566/2342 7470/5567/2342
f 7433/5518/2419 7470/5517/2419 7504/5568/2419
f 7504/5568/2430 7505/5569/2430 7433/5518/2430
f 7505/5570/2337 7506/5571/2337 7471/5519/2337
f 7507/5572/2431 7477/5529/2431 7476/5528/2431
f 7478/5530/2342 7477/5531/2342 7508/5573/2342
f 7479/5533/2428 7441/5532/2428 7509/5574/2428
f 7509/5574/2429 7478/5575/2429 7510/5576/2429
f 7482/5577/2348 7413/5273/2348 7511/5578/2348
f 7511/5578/2432 7483/5579/2432 7512/5580/2432
f 7483/5539/2342 7414/5481/2342 7484/5581/2342
f 7484/5540/2369 7419/5482/2369 7513/5582/2369
f 7514/5583/2337 7486/5542/2337 7515/5584/2337
f 7485/5585/2433 7516/5586/2433 7449/5587/2433
f 7419/5438/2337 7487/5543/2337 7513/5588/2337
f 7516/5586/2434 7487/5589/2434 7449/5587/2434
f 7490/5547/2418 7451/5546/2418 7488/5544/2418
f 7493/5551/2427 7422/5550/2427 7489/5545/2427
f 7517/5590/2435 7456/5591/2435 7518/5592/2435
f 7518/5592/2416 7456/5591/2416 7492/5549/2416
f 7457/5552/2342 7491/5548/2342 7519/5593/2342
f 7494/5553/2426 7520/5577/2426 7521/5594/2426
f 7522/5595/2427 7523/5495/2427 7496/5557/2427
f 7524/5596/2342 7465/5508/2342 7523/5597/2342
f 7525/5598/2436 7497/5599/2436 7526/5600/2436
f 7497/5558/2342 7465/5508/2342 7527/5601/2342
f 7499/5561/2437 7466/5560/2437 7525/5598/2437
f 7528/5602/2342 7430/5603/2342 7500/5562/2342
f 7529/5604/2342 7430/5603/2342 7528/5602/2342
f 7469/5564/2427 7501/5563/2427 7530/5605/2427
f 7432/5516/2342 7502/5565/2342 7503/5566/2342
f 7530/5605/2416 7502/5606/2416 7469/5564/2416
f 7470/5567/2342 7503/5566/2342 7531/5607/2342
f 7470/5567/2342 7531/5607/2342 7504/5608/2342
f 7505/5569/2430 7504/5568/2430 7532/5609/2430
f 7532/5610/2438 7533/5611/2438 7505/5612/2438
f 7533/5613/2337 7534/5614/2337 7506/5571/2337
f 7535/5615/2439 7536/5616/2439 7507/5572/2439
f 7537/5617/2342 7477/5531/2342 7536/5618/2342
f 7538/5619/2440 7508/5620/2440 7539/5621/2440
f 7508/5573/2342 7477/5531/2342 7537/5617/2342
f 7510/5576/2437 7478/5575/2437 7538/5619/2437
f 7512/5580/2362 7483/5579/2362 7540/5622/2362
f 7483/5539/2342 7484/5581/2342 7541/5623/2342
f 7487/5589/2441 7484/5624/2441 7513/5625/2441
f 7542/5626/2337 7515/5584/2337 7543/5627/2337
f 7544/5628/2442 7485/5629/2442 7514/5630/2442
f 7516/5586/2433 7485/5585/2433 7545/5631/2433
f 7487/5589/2434 7516/5586/2434 7546/5632/2434
f 7547/5633/2398 7491/5634/2398 7517/5590/2398
f 7457/5552/2342 7519/5593/2342 7548/5635/2342
f 7549/5636/2443 7491/5634/2443 7547/5633/2443
f 7457/5552/2342 7548/5635/2342 7520/5637/2342
f 7521/5638/2444 7520/5639/2444 7550/5640/2444
f 7551/5641/2445 7523/5495/2445 7522/5595/2445
f 7524/5596/2342 7523/5597/2342 7552/5642/2342
f 7527/5601/2342 7465/5508/2342 7524/5596/2342
f 7526/5600/2362 7497/5599/2362 7553/5643/2362
f 7553/5643/2362 7527/5644/2362 7554/5645/2362
f 7555/5646/2342 7501/5647/2342 7529/5604/2342
f 7556/5648/2342 7501/5647/2342 7557/5649/2342
f 7558/5650/2398 7503/5651/2398 7502/5606/2398
f 7502/5606/2416 7530/5605/2416 7558/5650/2416
f 7559/5652/2369 7531/5653/2369 7503/5651/2369
f 7504/5608/2342 7531/5607/2342 7560/5654/2342
f 7504/5608/2342 7560/5654/2342 7532/5655/2342
f 7533/5611/2438 7532/5610/2438 7561/5656/2438
f 7533/5611/2446 7562/5657/2446 7563/5658/2446
f 7563/5659/2337 7564/5660/2337 7534/5614/2337
f 7565/5661/2447 7536/5616/2447 7535/5615/2447
f 7537/5617/2342 7536/5618/2342 7566/5662/2342
f 7539/5621/2362 7508/5620/2362 7567/5663/2362
f 7567/5663/2448 7537/5664/2448 7568/5665/2448
f 7540/5622/2362 7569/5666/2362 7570/5667/2362
f 7483/5539/2342 7541/5623/2342 7571/5668/2342
f 7541/5623/2342 7484/5581/2342 7546/5669/2342
f 7484/5624/2441 7487/5589/2441 7546/5632/2441
f 7572/5670/2337 7543/5627/2337 7573/5671/2337
f 7574/5672/2449 7514/5630/2449 7542/5673/2449
f 7514/5630/2449 7574/5672/2449 7544/5628/2449
f 7485/5629/2442 7544/5628/2442 7545/5674/2442
f 7575/5675/2342 7516/5676/2342 7545/5677/2342
f 7516/5676/2342 7541/5623/2342 7546/5669/2342
f 7576/5678/2450 7519/5679/2450 7577/5680/2450
f 7577/5680/2369 7519/5679/2369 7549/5636/2369
f 7520/5637/2342 7548/5635/2342 7578/5681/2342
f 7550/5640/2451 7579/5066/2451 7580/5682/2451
f 7581/5273/2452 7582/5577/2452 7551/5641/2452
f 7583/5683/2342 7523/5597/2342 7582/5684/2342
f 7524/5685/2453 7584/5686/2453 7585/5687/2453
f 7552/5642/2342 7523/5597/2342 7586/5688/2342
f 7587/5689/2454 7524/5690/2454 7585/5691/2454
f 7554/5645/2348 7527/5644/2348 7587/5689/2348
f 7557/5649/2342 7501/5647/2342 7555/5646/2342
f 7588/5692/2342 7530/5693/2342 7556/5648/2342
f 7503/5651/2398 7558/5650/2398 7559/5652/2398
f 7530/5693/2342 7589/5694/2342 7558/5695/2342
f 7531/5653/2369 7559/5652/2369 7590/5696/2369
f 7590/5696/2354 7560/5697/2354 7531/5653/2354
f 7532/5655/2342 7560/5654/2342 7591/5698/2342
f 7562/5657/2446 7533/5611/2446 7561/5656/2446
f 7532/5655/2342 7591/5698/2342 7561/5699/2342
f 7592/5700/2455 7563/5658/2455 7562/5657/2455
f 7563/5658/2455 7592/5700/2455 7593/5701/2455
f 7564/5660/2337 7594/5702/2337 7595/5703/2337
f 7596/5704/2456 7597/5705/2456 7565/5661/2456
f 7520/5637/2342 7536/5618/2342 7597/5706/2342
f 7598/5707/2457 7566/5121/2457 7599/5708/2457
f 7566/5662/2342 7536/5618/2342 7600/5709/2342
f 7568/5665/2348 7537/5664/2348 7598/5707/2348
f 7483/5539/2342 7571/5668/2342 7569/5710/2342
f 7570/5667/2437 7569/5666/2437 7601/5711/2437
f 7571/5712/2458 7602/5713/2458 7603/5714/2458
f 7604/5715/2337 7573/5671/2337 7605/5716/2337
f 7606/5717/2459 7542/5673/2459 7572/5718/2459
f 7542/5673/2459 7606/5717/2459 7574/5672/2459
f 7607/5719/2342 7544/5720/2342 7574/5721/2342
f 7608/5722/2342 7545/5677/2342 7544/5720/2342
f 7575/5675/2342 7545/5677/2342 7608/5722/2342
f 7609/5723/2342 7516/5676/2342 7575/5675/2342
f 7541/5623/2342 7516/5676/2342 7609/5723/2342
f 7610/5724/2361 7548/5725/2361 7576/5678/2361
f 7520/5637/2342 7578/5681/2342 7611/5726/2342
f 7578/5727/2460 7612/5728/2460 7613/5729/2460
f 7520/5637/2342 7597/5706/2342 7579/5730/2342
f 7579/5066/2461 7614/5731/2461 7580/5682/2461
f 7615/5732/2407 7582/5733/2407 7581/5734/2407
f 7583/5683/2342 7582/5684/2342 7616/5735/2342
f 7592/5736/2342 7523/5597/2342 7583/5683/2342
f 7584/5686/2462 7552/5737/2462 7617/5738/2462
f 7552/5737/2340 7618/5739/2340 7617/5738/2340
f 7586/5688/2342 7523/5597/2342 7619/5740/2342
f 7620/5741/2342 7588/5692/2342 7621/5742/2342
f 7558/5695/2342 7622/5743/2342 7559/5744/2342
f 7530/5693/2342 7620/5741/2342 7589/5694/2342
f 7558/5695/2342 7589/5694/2342 7623/5745/2342
f 7559/5744/2342 7624/5746/2342 7590/5747/2342
f 7560/5697/2354 7590/5696/2354 7625/5748/2354
f 7560/5749/2463 7626/5750/2463 7591/5751/2463
f 7561/5699/2342 7627/5752/2342 7562/5753/2342
f 7561/5699/2342 7591/5698/2342 7627/5752/2342
f 7562/5753/2342 7523/5597/2342 7592/5736/2342
f 7592/5754/2417 7594/5755/2417 7593/5756/2417
f 7595/5703/2337 7628/5757/2337 7629/5758/2337
f 7630/5759/2464 7597/5705/2464 7596/5704/2464
f 7520/5637/2342 7631/5760/2342 7536/5618/2342
f 7566/5761/2412 7632/5762/2412 7599/5763/2412
f 7600/5709/2342 7536/5618/2342 7633/5764/2342
f 7569/5710/2342 7571/5668/2342 7634/5765/2342
f 7601/5711/2440 7635/5766/2440 7636/5767/2440
f 7637/5768/2403 7571/5712/2403 7603/5714/2403
f 7602/5713/2386 7541/5769/2386 7638/5770/2386
f 7639/5771/2337 7605/5716/2337 7640/5772/2337
f 7641/5773/2465 7572/5718/2465 7604/5774/2465
f 7572/5718/2465 7641/5773/2465 7606/5717/2465
f 7642/5775/2342 7574/5721/2342 7606/5776/2342
f 7607/5719/2342 7574/5721/2342 7642/5775/2342
f 7608/5722/2342 7544/5720/2342 7607/5719/2342
f 7608/5777/2405 7643/5778/2405 7575/5779/2405
f 7609/5780/2466 7644/5781/2466 7645/5782/2466
f 7541/5769/2467 7646/5783/2467 7638/5770/2467
f 7612/5728/2355 7548/5784/2355 7610/5785/2355
f 7520/5637/2342 7611/5726/2342 7631/5760/2342
f 7611/5786/2468 7647/5787/2468 7648/5788/2468
f 7647/5787/2357 7578/5727/2357 7613/5729/2357
f 7579/5730/2342 7597/5706/2342 7649/5789/2342
f 7579/5730/2342 7649/5789/2342 7650/5790/2342
f 7614/5731/2469 7650/5791/2469 7651/5792/2469
f 7652/5793/2470 7615/5732/2470 7653/5794/2470
f 7628/5795/2421 7583/5796/2421 7616/5797/2421
f 7616/5735/2342 7582/5684/2342 7652/5798/2342
f 7594/5755/2417 7592/5754/2417 7583/5796/2417
f 7618/5739/2344 7586/5799/2344 7654/5800/2344
f 7586/5799/2471 7655/5801/2471 7654/5800/2471
f 7619/5740/2342 7523/5597/2342 7562/5753/2342
f 7620/5802/2343 7621/5803/2343 7656/5804/2343
f 7558/5695/2342 7657/5805/2342 7622/5743/2342
f 7559/5744/2342 7622/5743/2342 7658/5806/2342
f 7659/5807/2454 7589/5808/2454 7620/5809/2454
f 7558/5695/2342 7623/5745/2342 7657/5805/2342
f 7660/5810/2362 7623/5811/2362 7589/5808/2362
f 7559/5744/2342 7658/5806/2342 7624/5746/2342
f 7661/5812/2342 7624/5746/2342 7662/5813/2342
f 7626/5750/2463 7560/5749/2463 7625/5814/2463
f 7625/5815/2342 7663/5816/2342 7664/5817/2342
f 7626/5750/2393 7665/5818/2393 7666/5819/2393
f 7562/5753/2342 7627/5752/2342 7619/5740/2342
f 7627/5820/2359 7667/5821/2359 7668/5822/2359
f 7583/5796/2421 7628/5795/2421 7594/5755/2421
f 7629/5758/2337 7669/5823/2337 7670/5824/2337
f 7649/5825/2472 7630/5759/2472 7671/5826/2472
f 7633/5764/2342 7536/5618/2342 7631/5760/2342
f 7632/5762/2343 7600/5827/2343 7672/5828/2343
f 7600/5827/2473 7673/5829/2473 7672/5828/2473
f 7569/5710/2342 7634/5765/2342 7674/5830/2342
f 7634/5831/2403 7637/5768/2403 7675/5832/2403
f 7569/5710/2342 7676/5833/2342 7635/5834/2342
f 7636/5767/2428 7635/5766/2428 7677/5835/2428
f 7678/5836/2337 7639/5771/2337 7640/5772/2337
f 7679/5837/2474 7604/5774/2474 7639/5838/2474
f 7604/5774/2474 7679/5837/2474 7641/5773/2474
f 7680/5839/2342 7606/5776/2342 7641/5840/2342
f 7642/5775/2342 7606/5776/2342 7680/5839/2342
f 7681/5841/2417 7607/5842/2417 7642/5843/2417
f 7682/5844/2415 7608/5845/2415 7607/5842/2415
f 7643/5778/2405 7608/5777/2405 7683/5846/2405
f 7643/5778/2390 7684/5847/2390 7685/5848/2390
f 7646/5783/2387 7609/5780/2387 7645/5782/2387
f 7631/5849/2475 7686/5850/2475 7687/5851/2475
f 7686/5850/2368 7611/5786/2368 7648/5788/2368
f 7650/5790/2342 7649/5789/2342 7688/5852/2342
f 7650/5791/2476 7689/5853/2476 7651/5792/2476
f 7690/5854/2403 7652/5793/2403 7653/5794/2403
f 7691/5855/2402 7628/5856/2402 7616/5857/2402
f 7616/5735/2342 7652/5798/2342 7691/5858/2342
f 7655/5801/2353 7619/5859/2353 7692/5860/2353
f 7693/5861/2412 7694/5862/2412 7695/5863/2412
f 7696/5864/2428 7622/5865/2428 7657/5866/2428
f 7697/5867/2417 7658/5868/2417 7622/5865/2417
f 7589/5808/2454 7659/5807/2454 7660/5810/2454
f 7698/5869/2437 7657/5866/2437 7623/5811/2437
f 7623/5811/2362 7660/5810/2362 7698/5869/2362
f 7699/5870/2415 7624/5871/2415 7658/5868/2415
f 7700/5872/2342 7590/5747/2342 7661/5812/2342
f 7624/5873/2405 7701/5874/2405 7702/5875/2405
f 7626/5876/2342 7703/5877/2342 7704/5878/2342
f 7703/5877/2342 7625/5815/2342 7664/5817/2342
f 7663/5816/2342 7590/5747/2342 7705/5879/2342
f 7665/5880/2342 7626/5876/2342 7706/5881/2342
f 7619/5859/2477 7707/5882/2477 7692/5860/2477
f 7707/5882/2368 7627/5820/2368 7668/5822/2368
f 7628/5856/2402 7691/5855/2402 7669/5883/2402
f 7670/5824/2337 7669/5823/2337 7708/5884/2337
f 7709/5885/2478 7649/5138/2478 7671/5886/2478
f 7633/5887/2479 7710/5888/2479 7711/5889/2479
f 7673/5829/2340 7633/5887/2340 7711/5889/2340
f 7569/5710/2342 7674/5830/2342 7676/5833/2342
f 7674/5890/2413 7712/5891/2413 7713/5892/2413
f 7712/5891/2413 7634/5831/2413 7675/5832/2413
f 7635/5834/2342 7676/5833/2342 7714/5893/2342
f 7677/5835/2480 7715/5894/2480 7716/5895/2480
f 7717/5896/2337 7718/5897/2337 7678/5836/2337
f 7719/5898/2481 7639/5899/2481 7718/5900/2481
f 7639/5899/2481 7719/5898/2481 7679/5901/2481
f 7720/5902/2342 7641/5840/2342 7679/5903/2342
f 7680/5839/2342 7641/5840/2342 7721/5904/2342
f 7722/5905/2428 7642/5843/2428 7680/5906/2428
f 7642/5843/2428 7722/5905/2428 7681/5841/2428
f 7607/5842/2417 7681/5841/2417 7682/5844/2417
f 7608/5845/2415 7682/5844/2415 7683/5907/2415
f 7643/5908/2342 7723/5909/2342 7724/5910/2342
f 7684/5911/2342 7643/5908/2342 7725/5912/2342
f 7710/5888/2353 7631/5849/2353 7687/5851/2353
f 7650/5790/2342 7688/5852/2342 7726/5913/2342
f 7688/5914/2482 7709/5885/2482 7727/5915/2482
f 7689/5853/2476 7726/5916/2476 7728/5917/2476
f 7729/5918/2483 7690/5854/2483 7730/5919/2483
f 7691/5858/2342 7652/5798/2342 7729/5920/2342
f 7731/5921/2340 7693/5861/2340 7695/5863/2340
f 7693/5922/2342 7732/5923/2342 7659/5924/2342
f 7657/5866/2437 7698/5869/2437 7696/5864/2437
f 7622/5865/2428 7696/5864/2428 7697/5867/2428
f 7658/5868/2417 7697/5867/2417 7699/5870/2417
f 7659/5924/2342 7733/5925/2342 7660/5926/2342
f 7660/5926/2342 7734/5927/2342 7698/5928/2342
f 7624/5871/2415 7699/5870/2415 7735/5929/2415
f 7736/5930/2342 7590/5747/2342 7700/5872/2342
f 7701/5874/2405 7624/5873/2405 7735/5931/2405
f 7701/5874/2390 7737/5932/2390 7738/5933/2390
f 7706/5881/2342 7626/5876/2342 7704/5878/2342
f 7705/5879/2342 7590/5747/2342 7736/5930/2342
f 7739/5934/2466 7669/5883/2466 7691/5855/2466
f 7708/5884/2337 7669/5823/2337 7740/5935/2337
f 7741/5936/2418 7674/5271/2418 7713/5937/2418
f 7635/5834/2342 7714/5893/2342 7742/5938/2342
f 7743/5939/2427 7676/5940/2427 7744/5941/2427
f 7635/5834/2342 7745/5942/2342 7715/5943/2342
f 7716/5895/2417 7715/5894/2417 7746/5944/2417
f 7747/5945/2337 7748/5946/2337 7717/5896/2337
f 7748/5947/2484 7719/5898/2484 7718/5900/2484
f 7749/5948/2342 7679/5903/2342 7719/5949/2342
f 7720/5902/2342 7679/5903/2342 7749/5948/2342
f 7721/5904/2342 7641/5840/2342 7720/5902/2342
f 7750/5950/2437 7680/5906/2437 7721/5951/2437
f 7680/5906/2437 7750/5950/2437 7722/5905/2437
f 7751/5952/2342 7681/5953/2342 7722/5954/2342
f 7682/5955/2342 7752/5956/2342 7753/5957/2342
f 7683/5958/2342 7754/5959/2342 7755/5960/2342
f 7725/5912/2342 7643/5908/2342 7724/5910/2342
f 7723/5909/2342 7683/5958/2342 7755/5960/2342
f 7726/5913/2342 7688/5852/2342 7756/5961/2342
f 7757/5962/2485 7688/5914/2485 7727/5915/2485
f 7726/5916/2486 7758/5963/2486 7728/5917/2486
f 7759/5964/2386 7729/5918/2386 7730/5919/2386
f 7691/5858/2342 7729/5920/2342 7739/5965/2342
f 7760/5966/2473 7731/5921/2473 7761/5967/2473
f 7693/5922/2342 7762/5968/2342 7732/5923/2342
f 7659/5924/2342 7732/5923/2342 7733/5925/2342
f 7698/5928/2342 7763/5969/2342 7696/5970/2342
f 7696/5970/2342 7764/5971/2342 7697/5972/2342
f 7697/5972/2342 7765/5973/2342 7699/5974/2342
f 7660/5926/2342 7733/5925/2342 7734/5927/2342
f 7698/5928/2342 7734/5927/2342 7763/5969/2342
f 7699/5974/2342 7766/5975/2342 7735/5976/2342
f 7735/5976/2342 7767/5977/2342 7701/5978/2342
f 7701/5978/2342 7768/5979/2342 7769/5980/2342
f 7737/5932/2390 7769/5981/2390 7770/5982/2390
f 7669/5883/2390 7739/5934/2390 7771/5983/2390
f 7740/5935/2337 7669/5823/2337 7772/5935/2337
f 7744/5941/2452 7676/5940/2452 7741/5936/2452
f 7635/5834/2342 7742/5938/2342 7745/5942/2342
f 7773/5984/2487 7714/5985/2487 7774/5986/2487
f 7774/5986/2427 7714/5985/2427 7743/5939/2427
f 7715/5943/2342 7745/5942/2342 7775/5987/2342
f 7746/5944/2417 7776/5988/2417 7777/5989/2417
f 7778/5990/2337 7779/5991/2337 7747/5945/2337
f 7779/5992/2488 7780/5993/2488 7748/5947/2488
f 7719/5898/2484 7748/5947/2484 7780/5993/2484
f 7749/5948/2342 7719/5949/2342 7781/5994/2342
f 7782/5995/2454 7720/5996/2454 7749/5997/2454
f 7783/5998/2362 7721/5951/2362 7720/5996/2362
f 7721/5951/2362 7783/5998/2362 7750/5950/2362
f 7784/5999/2342 7722/5954/2342 7750/6000/2342
f 7751/5952/2342 7722/5954/2342 7785/6001/2342
f 7786/6002/2342 7681/5953/2342 7751/5952/2342
f 7787/6003/2342 7682/5955/2342 7753/5957/2342
f 7752/5956/2342 7681/5953/2342 7788/6004/2342
f 7754/5959/2342 7682/5955/2342 7789/6005/2342
f 7756/6006/2489 7757/5962/2489 7790/6007/2489
f 7758/5963/2490 7756/6006/2490 7790/6007/2490
f 7791/6008/2491 7759/5964/2491 7792/6009/2491
f 7739/5965/2342 7729/5920/2342 7793/6010/2342
f 7794/6011/2353 7760/5966/2353 7761/5967/2353
f 7760/6012/2342 7762/5968/2342 7693/5922/2342
f 7732/5873/2349 7795/6013/2349 7796/6013/2349
f 7797/6014/2492 7732/6015/2492 7796/5380/2492
f 7696/5970/2342 7763/5969/2342 7764/5971/2342
f 7697/5972/2342 7764/5971/2342 7765/5973/2342
f 7699/5974/2342 7765/5973/2342 7766/5975/2342
f 7734/6016/2443 7798/6017/2443 7799/6017/2443
f 7800/6018/2388 7734/6016/2388 7799/6017/2388
f 7735/5976/2342 7766/5975/2342 7767/5977/2342
f 7701/5978/2342 7767/5977/2342 7768/5979/2342
f 7769/5980/2342 7768/5979/2342 7801/6019/2342
f 7769/5981/2493 7802/6020/2493 7770/5982/2493
f 7669/5883/2390 7771/5983/2390 7803/6021/2390
f 7793/6022/2390 7771/5983/2390 7739/5934/2390
f 7772/5935/2337 7803/6023/2337 7804/6024/2337
f 7805/6025/2494 7742/6026/2494 7806/6027/2494
f 7806/6027/2416 7742/6026/2416 7773/5984/2416
f 7715/5943/2342 7775/5987/2342 7807/6028/2342
f 7808/6029/2369 7745/6030/2369 7809/6031/2369
f 7715/5943/2342 7807/6028/2342 7776/6032/2342
f 7777/5989/2421 7776/5988/2421 7810/6033/2421
f 7811/6034/2337 7778/5990/2337 7812/6035/2337
f 7813/6036/2495 7779/5992/2495 7814/6037/2495
f 7780/5993/2488 7779/5992/2488 7815/6038/2488
f 7781/5994/2342 7719/5949/2342 7780/6039/2342
f 7781/6040/2462 7782/6041/2462 7749/6042/2462
f 7720/5996/2454 7782/5995/2454 7783/5998/2454
f 7816/6043/2342 7750/6000/2342 7783/6044/2342
f 7784/5999/2342 7750/6000/2342 7817/6045/2342
f 7785/6001/2342 7722/5954/2342 7784/5999/2342
f 7818/6046/2369 7751/6047/2369 7785/6048/2369
f 7819/6049/2354 7786/6050/2354 7751/6047/2354
f 7788/6004/2342 7786/6002/2342 7820/6051/2342
f 7789/6005/2342 7682/5955/2342 7787/6003/2342
f 7821/6052/2387 7791/6008/2387 7822/6053/2387
f 7823/6054/2342 7729/5920/2342 7791/6055/2342
f 7793/6010/2342 7729/5920/2342 7823/6054/2342
f 7824/6056/2496 7794/6011/2496 7825/6011/2496
f 7760/6012/2342 7826/6057/2342 7762/5968/2342
f 7795/6013/2349 7762/6058/2349 7827/6059/2349
f 7828/6060/2354 7733/6061/2354 7797/6014/2354
f 7829/6062/2425 7763/6063/2425 7830/6062/2425
f 7831/6064/2424 7764/6065/2424 7832/6064/2424
f 7833/6066/2418 7765/6067/2418 7834/6066/2418
f 7798/6017/2369 7733/6061/2369 7828/6060/2369
f 7830/6062/2388 7763/6063/2388 7800/6018/2388
f 7767/6068/2413 7835/6069/2413 7836/6069/2413
f 7768/6070/2497 7837/6071/2497 7838/6071/2497
f 7801/6072/2458 7839/6073/2458 7840/6074/2458
f 7802/6020/2387 7801/6072/2387 7840/6074/2387
f 7771/6075/2338 7841/6076/2338 7803/6077/2338
f 7771/5983/2390 7793/6022/2390 7842/6078/2390
f 7804/6024/2337 7803/6023/2337 7843/6079/2337
f 7809/6031/2398 7745/6030/2398 7805/6025/2398
f 7844/6080/2498 7775/6081/2498 7845/6082/2498
f 7845/6082/2369 7775/6081/2369 7808/6029/2369
f 7776/6032/2342 7807/6028/2342 7846/6083/2342
f 7810/6033/2499 7847/6084/2499 7848/6085/2499
f 7849/6086/2337 7812/6035/2337 7850/6087/2337
f 7851/6088/2427 7814/5929/2427 7811/6089/2427
f 7814/5929/2427 7851/6088/2427 7813/5227/2427
f 7779/5992/2495 7813/6036/2495 7815/6038/2495
f 7852/6090/2342 7780/6039/2342 7815/6091/2342
f 7781/5994/2342 7780/6039/2342 7852/6090/2342
f 7782/6041/2462 7781/6040/2462 7853/6092/2462
f 7854/6093/2342 7782/6094/2342 7855/6095/2342
f 7816/6043/2342 7856/6096/2342 7857/6097/2342
f 7858/6098/2342 7750/6000/2342 7816/6043/2342
f 7859/6099/2416 7784/6100/2416 7817/6101/2416
f 7817/6045/2342 7750/6000/2342 7858/6098/2342
f 7860/6102/2398 7785/6048/2398 7784/6100/2398
f 7785/6048/2398 7860/6102/2398 7818/6046/2398
f 7751/6047/2369 7818/6046/2369 7819/6049/2369
f 7786/6050/2354 7819/6049/2354 7861/6103/2354
f 7786/6104/2349 7862/6105/2349 7863/6106/2349
f 7864/6107/2342 7821/6108/2342 7865/6109/2342
f 7791/6008/2387 7821/6052/2387 7823/6110/2387
f 7842/6078/2500 7793/6022/2500 7823/6110/2500
f 7866/6111/2368 7824/6056/2368 7825/6011/2368
f 7826/6057/2342 7760/6012/2342 7824/6112/2342
f 7762/6058/2501 7867/6059/2501 7827/6059/2501
f 7832/6064/2502 7764/6065/2502 7829/6062/2502
f 7834/6066/2427 7765/6067/2427 7831/6064/2427
f 7868/6113/2418 7766/6114/2418 7833/6066/2418
f 7837/6071/2403 7767/6068/2403 7836/6069/2403
f 7835/6069/2413 7766/5754/2413 7868/6115/2413
f 7839/6073/2386 7768/6070/2386 7838/6071/2386
f 7869/6116/2338 7841/6076/2338 7771/6075/2338
f 7841/6117/2337 7870/6118/2337 7803/6023/2337
f 7842/6119/2342 7869/6120/2342 7771/5091/2342
f 7843/6079/2337 7803/6023/2337 7870/6118/2337
f 7871/5785/2361 7807/5784/2361 7844/6080/2361
f 7776/6032/2342 7846/6083/2342 7872/6121/2342
f 7846/6122/2460 7873/6123/2460 7874/6124/2460
f 7776/6032/2342 7875/6125/2342 7847/6126/2342
f 7847/6127/2503 7876/6128/2503 7848/6129/2503
f 7877/6130/2337 7850/6087/2337 7878/6131/2337
f 7875/6132/2452 7811/6089/2452 7849/6133/2452
f 7811/6089/2452 7875/6132/2452 7851/6088/2452
f 7776/6032/2342 7813/6134/2342 7851/6135/2342
f 7776/6032/2342 7815/6091/2342 7813/6134/2342
f 7852/6090/2342 7815/6091/2342 7879/6136/2342
f 7852/6137/2340 7853/6092/2340 7781/6040/2340
f 7880/6138/2342 7853/6139/2342 7881/6140/2342
f 7882/6141/2342 7783/6044/2342 7854/6093/2342
f 7855/6095/2342 7782/6094/2342 7880/6138/2342
f 7816/6142/2413 7857/6143/2413 7883/6144/2413
f 7856/6096/2342 7783/6044/2342 7884/6145/2342
f 7885/6146/2418 7858/6147/2418 7816/6148/2418
f 7817/6101/2427 7886/6149/2427 7859/6099/2427
f 7784/6100/2416 7859/6099/2416 7860/6102/2416
f 7886/6149/2427 7817/6101/2427 7858/6147/2427
f 7887/6150/2342 7818/6151/2342 7860/6152/2342
f 7888/6153/2342 7819/6154/2342 7818/6151/2342
f 7862/6105/2349 7786/6104/2349 7861/6155/2349
f 7889/6156/2342 7861/6157/2342 7819/6154/2342
f 7862/6105/2357 7890/6158/2357 7891/6158/2357
f 7892/6159/2342 7869/6120/2342 7864/6107/2342
f 7869/6120/2342 7842/6119/2342 7821/6108/2342
f 7842/6078/2500 7823/6110/2500 7821/6052/2500
f 7826/6160/2504 7866/6111/2504 7893/6161/2504
f 7867/6059/2357 7826/6160/2357 7893/6161/2357
f 7894/6162/2338 7841/6076/2338 7869/6116/2338
f 7895/5372/2505 7841/5372/2505 7896/5372/2505
f 7897/6163/2337 7898/6164/2337 7895/6165/2337
f 7873/6123/2463 7807/6166/2463 7871/6167/2463
f 7776/6032/2342 7872/6121/2342 7879/6136/2342
f 7872/6168/2357 7899/6169/2357 7900/6170/2357
f 7899/6169/2357 7846/6122/2357 7874/6124/2357
f 7776/6032/2342 7851/6135/2342 7875/6125/2342
f 7847/6126/2342 7875/6125/2342 7901/6171/2342
f 7847/6126/2342 7901/6171/2342 7902/6172/2342
f 7876/6128/2402 7902/6173/2402 7903/6174/2402
f 7904/6175/2337 7877/6130/2337 7878/6131/2337
f 7901/6176/2407 7849/6177/2407 7877/6178/2407
f 7849/6177/2407 7901/6176/2407 7875/5237/2407
f 7776/6032/2342 7879/6136/2342 7815/6091/2342
f 7852/6137/2479 7905/6179/2479 7906/6180/2479
f 7853/6092/2340 7852/6137/2340 7907/6181/2340
f 7881/6140/2342 7853/6139/2342 7908/6182/2342
f 7884/6145/2342 7783/6044/2342 7882/6141/2342
f 7909/6183/2506 7910/6184/2506 7911/6185/2506
f 7858/6147/2418 7885/6146/2418 7886/6149/2418
f 7912/6186/2342 7859/6187/2342 7886/6188/2342
f 7913/6189/2342 7860/6152/2342 7859/6187/2342
f 7887/6150/2342 7860/6152/2342 7913/6189/2342
f 7888/6153/2342 7818/6151/2342 7887/6150/2342
f 7889/6156/2342 7819/6154/2342 7888/6153/2342
f 7914/6190/2342 7862/6191/2342 7861/6157/2342
f 7914/6190/2342 7861/6157/2342 7889/6156/2342
f 7915/6192/2342 7916/6193/2342 7862/6191/2342
f 7890/6158/2357 7916/6194/2357 7917/6195/2357
f 7918/6196/2342 7892/6159/2342 7919/6197/2342
f 7920/6198/2338 7894/6162/2338 7869/6116/2338
f 7921/6199/2338 7841/6076/2338 7894/6162/2338
f 7895/5997/2337 7896/6200/2337 7922/6201/2337
f 7841/6202/2347 7923/6203/2347 7896/6204/2347
f 7897/5372/2507 7895/5372/2507 7924/5372/2507
f 7925/6205/2337 7926/6206/2337 7897/6163/2337
f 7879/6207/2504 7927/6208/2504 7928/6209/2504
f 7927/6208/2368 7872/6168/2368 7900/6170/2368
f 7902/6172/2342 7901/6171/2342 7929/6210/2342
f 7902/6173/2500 7930/6211/2500 7903/6174/2500
f 7904/6175/2337 7925/6205/2337 7877/6130/2337
f 7931/6212/2508 7901/6176/2508 7877/6178/2508
f 7905/6179/2353 7879/6207/2353 7928/6209/2353
f 7908/6182/2342 7853/6139/2342 7932/5748/2342
f 7933/6213/2403 7909/6183/2403 7911/6185/2403
f 7934/6214/2342 7885/6215/2342 7909/6216/2342
f 7935/6217/2342 7886/6188/2342 7885/6215/2342
f 7912/6186/2342 7886/6188/2342 7935/6217/2342
f 7913/6189/2342 7859/6187/2342 7912/6186/2342
f 7936/6218/2436 7913/6219/2436 7937/6220/2436
f 7938/6221/2509 7887/6222/2509 7939/6223/2509
f 7940/6224/2454 7888/6225/2454 7941/6226/2454
f 7915/6192/2342 7862/6191/2342 7914/6190/2342
f 7914/6227/2412 7942/6228/2412 7943/6229/2412
f 7916/6193/2342 7915/6192/2342 7944/6230/2342
f 7916/6194/2510 7945/6195/2510 7917/6195/2510
f 7946/6231/2342 7918/6196/2342 7919/6197/2342
f 7918/6232/2511 7920/6233/2511 7869/6234/2511
f 7894/6162/2338 7920/6198/2338 7947/6235/2338
f 7921/6236/2342 7894/6237/2342 7948/6238/2342
f 7949/6239/2338 7841/6076/2338 7921/6199/2338
f 7950/6240/2512 7895/6241/2512 7922/6242/2512
f 7922/6201/2337 7896/6200/2337 7951/6243/2337
f 7841/6202/2347 7952/6244/2347 7923/6203/2347
f 7896/6204/2347 7923/6203/2347 7953/6245/2347
f 7924/5326/2347 7954/6246/2347 7897/6247/2347
f 7924/6248/2337 7895/6249/2337 7955/6250/2337
f 7897/6251/2352 7931/6252/2352 7925/6253/2352
f 7925/6205/2337 7956/6254/2337 7957/6254/2337
f 7929/6210/2342 7901/6171/2342 7958/6255/2342
f 7930/6211/2390 7929/6256/2390 7959/6257/2390
f 7877/6178/2403 7925/6258/2403 7931/6212/2403
f 7931/6212/2403 7958/6259/2403 7901/6176/2403
f 7960/6260/2403 7933/6213/2403 7961/6213/2403
f 7934/6214/2342 7909/6216/2342 7962/6261/2342
f 7935/6217/2342 7885/6215/2342 7934/6214/2342
f 7963/6262/2513 7935/6263/2513 7964/6262/2513
f 7965/6264/2514 7912/6265/2514 7966/6266/2514
f 7939/6223/2515 7887/6222/2515 7936/6218/2515
f 7937/6220/2428 7913/6219/2428 7965/6264/2428
f 7941/6226/2362 7888/6225/2362 7938/6221/2362
f 7967/6267/2348 7889/6268/2348 7940/6224/2348
f 7915/6269/2340 7968/6270/2340 7969/6270/2340
f 7968/6270/2340 7914/6227/2340 7943/6229/2340
f 7942/6228/2412 7889/6271/2412 7967/6272/2412
f 7944/6273/2471 7970/6274/2471 7971/6274/2471
f 7945/6195/2368 7944/6273/2368 7971/6274/2368
f 7972/6275/2342 7918/6196/2342 7946/6231/2342
f 7920/6233/2511 7918/6232/2511 7973/6276/2511
f 7974/6277/2516 7894/6278/2516 7947/5381/2516
f 7920/6279/2342 7975/6280/2342 7947/6281/2342
f 7948/6282/2517 7949/6283/2517 7921/6284/2517
f 7894/6278/2516 7974/6277/2516 7948/6285/2516
f 7841/6076/2338 7949/6239/2338 7976/6286/2338
f 7922/6242/2518 7977/6287/2518 7950/6240/2518
f 7895/6241/2512 7950/6240/2512 7978/6288/2512
f 7922/6201/2337 7951/6243/2337 7979/6289/2337
f 7953/6290/2513 7951/6291/2513 7896/6292/2513
f 7952/6244/2347 7841/6202/2347 7976/6293/2347
f 7952/5334/2352 7980/6294/2352 7923/6295/2352
f 7981/6296/2342 7923/6297/2342 7982/6298/2342
f 7954/6246/2347 7924/5326/2347 7983/6299/2347
f 7897/6247/2347 7954/6246/2347 7984/6300/2347
f 7924/6248/2337 7955/6250/2337 7985/6301/2337
f 7895/6241/2519 7986/6302/2519 7955/6303/2519
f 7897/6251/2352 7987/6304/2352 7931/6252/2352
f 7929/6210/2342 7958/6255/2342 7988/6305/2342
f 7929/6256/2520 7989/6306/2520 7959/6257/2520
f 7990/6307/2403 7958/6259/2403 7931/6212/2403
f 7991/6308/2386 7960/6260/2386 7961/6213/2386
f 7962/6261/2342 7909/6216/2342 7960/6309/2342
f 7934/6310/2405 7992/6311/2405 7993/6311/2405
f 7994/6312/2521 7934/6313/2521 7993/6314/2521
f 7966/6266/2417 7912/6265/2417 7963/6262/2417
f 7964/6262/2415 7935/6263/2415 7994/6312/2415
f 7970/6274/2353 7915/6269/2353 7969/6270/2353
f 7995/6315/2342 7918/6196/2342 7972/6275/2342
f 7975/6280/2342 7920/6279/2342 7973/6316/2342
f 7918/6317/2352 7975/6318/2352 7973/6319/2352
f 7947/6281/2342 7996/6320/2342 7974/6321/2342
f 7947/6281/2342 7975/6280/2342 7996/6320/2342
f 7949/6283/2522 7948/6282/2522 7974/6322/2522
f 7949/6323/2342 7997/6324/2342 7976/6325/2342
f 7977/6287/2518 7922/6242/2518 7979/6326/2518
f 7998/6327/2342 7950/6328/2342 7977/6329/2342
f 7986/6302/2519 7895/6241/2519 7978/6288/2519
f 7999/6330/2342 7978/6331/2342 7950/6328/2342
f 7979/6289/2337 7951/6243/2337 8000/6332/2337
f 7999/6333/2417 7951/6291/2417 7953/6290/2417
f 7976/6325/2342 8001/6334/2342 7952/6335/2342
f 8002/6336/2352 8003/6337/2352 8004/6336/2352
f 8005/6338/2342 7953/6339/2342 7981/6296/2342
f 7954/6340/2342 8006/6341/2342 8007/6339/2342
f 7985/6342/2427 7983/6343/2427 7924/6344/2427
f 7984/5193/2352 7987/6304/2352 7897/6251/2352
f 7984/6300/2347 7954/6246/2347 8008/6345/2347
f 7985/6301/2337 7955/6250/2337 8009/6346/2337
f 8010/6347/2523 7955/6303/2523 7986/6302/2523
f 8011/6348/2524 7931/6349/2524 7987/5193/2524
f 7929/6210/2342 7988/6305/2342 8012/6350/2342
f 7990/6307/2403 7988/6351/2403 7958/6259/2403
f 7929/6210/2342 8012/6350/2342 8013/6055/2342
f 7989/6306/2387 8013/6352/2387 8014/6353/2387
f 8015/6354/2342 7990/6355/2342 7931/6356/2342
f 8016/6357/2392 7991/6308/2392 8017/6308/2392
f 7962/6261/2342 7960/6309/2342 8018/6358/2342
f 7992/6311/2405 7962/6359/2405 8019/6360/2405
f 8020/6361/2342 7918/6196/2342 7995/6315/2342
f 7975/6318/2352 7918/6317/2352 8021/6362/2352
f 7974/6321/2342 7996/6320/2342 7997/6324/2342
f 7996/5931/2525 8022/6363/2525 8023/6364/2525
f 7974/6321/2342 7997/6324/2342 7949/6323/2342
f 7976/6325/2342 7997/6324/2342 8001/6334/2342
f 7979/6365/2526 8024/6366/2526 7977/6103/2526
f 7998/6327/2342 7977/6329/2342 8025/6367/2342
f 7999/6330/2342 7950/6328/2342 7998/6327/2342
f 7978/6368/2342 8026/6369/2342 7986/6370/2342
f 7999/5372/2347 8027/5372/2347 7978/5372/2347
f 7979/6289/2337 8000/6332/2337 8028/6371/2337
f 7998/6372/2421 8000/5856/2421 7951/6291/2421
f 7953/6290/2417 8005/6373/2417 8029/6374/2417
f 7951/6291/2513 7999/6333/2513 7998/6372/2513
f 7952/6335/2342 8001/6334/2342 8003/6375/2342
f 8003/6376/2341 8030/6377/2341 8004/6378/2341
f 8031/6379/2338 7954/5383/2338 8032/6380/2338
f 8006/6341/2342 7983/6381/2342 8033/6382/2342
f 8026/6383/2427 7983/6343/2427 7985/6342/2427
f 7987/6304/2352 7984/5193/2352 8034/6384/2352
f 8031/6385/2342 7984/6386/2342 8008/6387/2342
f 7954/5383/2338 8031/6379/2338 8008/6268/2338
f 7985/6301/2337 8009/6346/2337 8035/6388/2337
f 7955/6303/2523 8010/6347/2523 8009/6389/2523
f 7986/6370/2342 8026/6369/2342 8010/6390/2342
f 7987/6391/2342 8036/6392/2342 8011/5638/2342
f 8011/6393/2524 8015/6354/2524 7931/6356/2524
f 7988/6351/2483 8037/6394/2483 8012/6395/2483
f 8037/6394/2483 7988/6351/2483 7990/6307/2483
f 8013/6352/2527 8038/6396/2527 8014/6353/2527
f 7990/6355/2342 8015/6354/2342 8037/6397/2342
f 8039/6398/2387 8016/6357/2387 8017/6308/2387
f 8018/6358/2342 7960/6309/2342 8016/6399/2342
f 7962/6359/2528 8040/6360/2528 8019/6360/2528
f 8041/6400/2342 8021/6401/2342 8020/6361/2342
f 8021/6402/2529 8042/6403/2529 8043/6404/2529
f 7996/5609/2530 8044/6405/2530 7997/6406/2530
f 8044/6405/2530 7996/5609/2530 8045/6407/2530
f 8044/6408/2352 8001/6409/2352 7997/6410/2352
f 8024/6366/2526 7979/6365/2526 8028/6411/2526
f 8025/6367/2342 7977/6329/2342 8024/6412/2342
f 8000/5856/2421 7998/6372/2421 8025/5857/2421
f 8026/6369/2342 7978/6368/2342 8027/6413/2342
f 7999/6414/2342 8046/6415/2342 8027/6416/2342
f 8028/6371/2337 8000/6332/2337 8047/6417/2337
f 8048/6418/2531 8049/6419/2531 8050/6420/2531
f 8051/5166/2341 8052/6421/2341 8053/6422/2341
f 8054/6376/2341 8031/6423/2341 8055/6424/2341
f 8026/6383/2427 8056/6425/2427 7983/6343/2427
f 7985/6342/2452 8057/5577/2452 8026/6383/2452
f 8058/6426/2532 7987/6155/2532 8034/6427/2532
f 8059/6428/2342 8034/6429/2342 7984/6386/2342
f 8060/6430/2342 7984/6386/2342 8031/6385/2342
f 8057/5577/2452 7985/6342/2452 8035/6431/2452
f 8035/6388/2337 8009/6346/2337 8061/6432/2337
f 8010/6347/2533 8061/6433/2533 8009/6389/2533
f 8010/6390/2342 8026/6369/2342 8057/6434/2342
f 7987/6155/2534 8058/6426/2534 8036/6435/2534
f 8036/6318/2535 8062/6234/2535 8011/6233/2535
f 8062/6436/2352 8015/6437/2352 8011/6310/2352
f 8037/6394/2386 8063/6438/2386 8064/6439/2386
f 8037/6397/2342 8065/6440/2342 8063/6109/2342
f 8018/6441/2377 8039/6398/2377 8066/6398/2377
f 8040/6360/2390 8018/6441/2390 8066/6398/2390
f 8067/6442/2342 8021/6401/2342 8041/6400/2342
f 8042/6443/2342 8021/6401/2342 8067/6442/2342
f 8068/6444/2342 8044/6445/2342 8069/6446/2342
f 8001/6409/2352 8044/6408/2352 8051/6447/2352
f 8028/6411/2536 8070/6448/2536 8024/6366/2536
f 8025/6367/2342 8024/6412/2342 8070/6449/2342
f 8071/6450/2402 8000/6451/2402 8025/6283/2402
f 8072/6452/2537 8027/6453/2537 8073/6454/2537
f 7999/6414/2342 8074/6455/2342 8046/6415/2342
f 8075/6456/2342 8027/6416/2342 8046/6415/2342
f 8070/6448/2536 8028/6411/2536 8047/6457/2536
f 8047/6417/2337 8000/6332/2337 8076/6458/2337
f 8077/6459/2480 8048/6418/2480 8050/6420/2480
f 8048/6460/2342 8078/6461/2342 7999/6414/2342
f 8051/5137/2342 8079/6462/2342 8052/6463/2342
f 8080/6462/2342 8054/6464/2342 8081/6463/2342
f 8031/6423/2341 8054/6376/2341 8060/6465/2341
f 8082/6466/2342 8058/6467/2342 8034/6429/2342
f 8059/6428/2342 7984/6386/2342 8060/6430/2342
f 8082/6466/2342 8034/6429/2342 8059/6428/2342
f 8083/6468/2407 8057/6469/2407 8035/5756/2407
f 8035/6388/2337 8061/6432/2337 8084/6470/2337
f 8061/6433/2538 8010/6347/2538 8085/6471/2538
f 8010/6390/2342 8057/6434/2342 8085/6472/2342
f 8062/6234/2535 8036/6318/2535 8058/6362/2535
f 8015/6437/2352 8062/6436/2352 8086/6402/2352
f 8065/6440/2342 8015/6354/2342 8087/6473/2342
f 8079/6462/2342 8044/6445/2342 8068/6444/2342
f 8025/6367/2342 8070/6449/2342 8071/6474/2342
f 8000/6451/2402 8071/6450/2402 8076/6475/2402
f 8073/6454/2427 8088/6476/2427 8089/6477/2427
f 7999/6414/2342 8090/6478/2342 8074/6455/2342
f 8074/6479/2539 8091/6480/2539 8046/6481/2539
f 8046/6481/2540 8092/6482/2540 8075/6483/2540
f 8093/6484/2342 8027/6416/2342 8075/6456/2342
f 8047/6457/2541 8094/6485/2541 8070/6448/2541
f 8047/6417/2337 8076/6458/2337 8095/6486/2337
f 8096/6487/2428 8097/6488/2428 8077/6459/2428
f 8097/6489/2342 8098/6490/2342 8048/6460/2342
f 8048/6460/2342 8099/6491/2342 8078/6461/2342
f 7999/6414/2342 8078/6461/2342 8090/6478/2342
f 8100/6444/2342 8101/6492/2342 8080/6462/2342
f 8059/6493/2338 8054/6494/2338 8101/6495/2338
f 8054/6494/2338 8059/6493/2338 8060/6496/2338
f 8082/6466/2342 8062/6497/2342 8058/6467/2342
f 8082/6498/2542 8102/6499/2542 8103/6500/2542
f 8035/6388/2337 8084/6470/2337 8083/6501/2337
f 8057/6469/2407 8083/6468/2407 8104/6502/2407
f 8085/5512/2543 8084/6503/2543 8061/6504/2543
f 8085/6472/2342 8057/6434/2342 8105/6505/2342
f 8106/6506/2544 8015/6507/2544 8086/6508/2544
f 8107/6509/2342 8086/6510/2342 8062/6497/2342
f 8087/6473/2342 8015/6354/2342 8108/6511/2342
f 8071/6474/2342 8070/6449/2342 8094/6512/2342
f 8109/6322/2390 8076/6475/2390 8071/6450/2390
f 8110/6513/2342 8088/6514/2342 8027/6416/2342
f 8089/6477/2416 8088/6476/2416 8111/6515/2416
f 8090/6516/2545 8112/6517/2545 8074/6479/2545
f 8091/6480/2539 8074/6479/2539 8112/6517/2539
f 8092/6482/2540 8046/6481/2540 8091/6480/2540
f 8113/6518/2546 8075/6483/2546 8092/6482/2546
f 8075/6483/2546 8113/6518/2546 8093/6519/2546
f 8110/6513/2342 8027/6416/2342 8093/6484/2342
f 8094/6485/2541 8047/6457/2541 8095/6520/2541
f 8095/6486/2337 8076/6458/2337 8114/6521/2337
f 8115/6522/2440 8097/6488/2440 8096/6487/2440
f 8097/6489/2342 8116/6523/2342 8098/6490/2342
f 8048/6460/2342 8098/6490/2342 8099/6491/2342
f 8117/6524/2547 8099/6525/2547 8118/6526/2547
f 8078/6527/2548 8119/6528/2548 8090/6516/2548
f 8120/6529/2342 8101/6492/2342 8100/6444/2342
f 8101/6530/2549 8121/6531/2549 8122/6532/2549
f 8107/6509/2342 8062/6497/2342 8082/6466/2342
f 8123/6533/2550 8082/6534/2550 8124/6535/2550
f 8083/6501/2337 8084/6470/2337 8125/6536/2337
f 8105/6505/2342 8057/6434/2342 8104/6537/2342
f 8126/5795/2403 8104/6502/2403 8083/6468/2403
f 8084/6503/2543 8085/5512/2543 8105/6538/2543
f 8086/6510/2342 8107/6509/2342 8106/6539/2342
f 8015/6507/2544 8106/6506/2544 8127/6540/2544
f 8108/6511/2342 8127/6541/2342 8128/6542/2342
f 8071/6474/2342 8094/6512/2342 8109/6543/2342
f 8076/6475/2390 8109/6322/2390 8114/6544/2390
f 8129/6545/2342 8088/6514/2342 8110/6513/2342
f 8111/6515/2502 8130/6546/2502 8131/6547/2502
f 8112/6517/2545 8090/6516/2545 8119/6528/2545
f 8112/6548/2342 8092/6549/2342 8091/6550/2342
f 8112/6548/2342 8113/6551/2342 8092/6549/2342
f 8113/6518/2551 8132/6552/2551 8133/6553/2551
f 8110/6554/2551 8134/6555/2551 8135/6556/2551
f 8095/6520/2552 8109/6557/2552 8094/6485/2552
f 8109/6557/2552 8095/6520/2552 8114/6558/2552
f 8136/6559/2437 8137/6560/2437 8115/6522/2437
f 8137/6561/2342 8138/6562/2342 8097/6489/2342
f 8097/6489/2342 8139/6563/2342 8116/6523/2342
f 8140/6564/2553 8116/6565/2553 8141/6566/2553
f 8142/6567/2554 8098/6568/2554 8143/6569/2554
f 8144/5845/2555 8078/6570/2555 8117/6524/2555
f 8118/6526/2554 8099/6525/2554 8142/6567/2554
f 8119/6528/2548 8078/6527/2548 8145/6571/2548
f 8121/6446/2342 8101/6492/2342 8120/6529/2342
f 8082/6534/2550 8123/6533/2550 8107/5186/2550
f 8146/6442/2342 8123/6572/2342 8147/6573/2342
f 8083/6501/2337 8125/6536/2337 8126/6574/2337
f 8105/6538/2556 8125/6575/2556 8084/6503/2556
f 8105/6505/2342 8104/6537/2342 8148/6576/2342
f 8104/6502/2403 8126/5795/2403 8149/6577/2403
f 8123/6578/2338 8106/6579/2338 8107/6580/2338
f 8106/6579/2338 8123/6578/2338 8127/5231/2338
f 8128/6542/2342 8127/6541/2342 8150/6231/2342
f 8151/6581/2557 8110/5308/2557 8135/6582/2557
f 8152/6583/2342 8088/6514/2342 8129/6545/2342
f 8153/6584/2342 8130/6585/2342 8088/6514/2342
f 8131/6547/2398 8130/6546/2398 8154/6586/2398
f 8119/6587/2342 8113/6551/2342 8112/6548/2342
f 8113/6551/2342 8155/6588/2342 8132/6589/2342
f 8156/6590/2362 8137/6560/2362 8136/6559/2362
f 8137/6561/2342 8157/6591/2342 8138/6562/2342
f 8097/6489/2342 8138/6562/2342 8139/6563/2342
f 8158/6592/2558 8139/6593/2558 8159/6594/2558
f 8143/6569/2559 8098/6568/2559 8140/6564/2559
f 8141/6566/2560 8116/6565/2560 8158/6592/2560
f 8155/6588/2342 8119/6587/2342 8160/6494/2342
f 8161/6400/2342 8123/6572/2342 8146/6442/2342
f 8125/6575/2561 8149/6595/2561 8126/6596/2561
f 8125/6575/2556 8105/6538/2556 8148/6597/2556
f 8148/6576/2342 8104/6537/2342 8149/6598/2342
f 8127/6541/2342 8162/6361/2342 8163/6315/2342
f 8150/6231/2342 8127/6541/2342 8164/6599/2342
f 8165/6600/2562 8129/6601/2562 8151/6581/2562
f 8166/6602/2563 8129/6601/2563 8165/6600/2563
f 8153/6584/2342 8088/6514/2342 8152/6583/2342
f 8167/6603/2342 8130/6585/2342 8153/6584/2342
f 8154/6586/2564 8168/5895/2564 8169/6604/2564
f 8170/6605/2362 8171/6606/2362 8156/6590/2362
f 8171/6607/2342 8172/6608/2342 8137/6561/2342
f 8137/6561/2342 8173/6609/2342 8157/6591/2342
f 8174/6610/2565 8157/6611/2565 8175/6612/2565
f 8176/6613/2566 8138/6614/2566 8177/6615/2566
f 8159/6594/2567 8139/6593/2567 8176/6613/2567
f 8162/6361/2342 8123/6572/2342 8161/6400/2342
f 8149/6595/2561 8125/6575/2561 8148/6597/2561
f 8164/6599/2342 8127/6541/2342 8163/6315/2342
f 8178/6616/2568 8152/6617/2568 8166/6602/2568
f 8179/6618/2569 8152/6617/2569 8178/6616/2569
f 8180/6619/2570 8153/6620/2570 8181/6621/2570
f 8182/6622/2342 8130/6585/2342 8167/6603/2342
f 8182/6622/2342 8168/6623/2342 8130/6585/2342
f 8169/6604/2369 8168/5895/2369 8183/6624/2369
f 8184/6625/2454 8171/6606/2454 8170/6605/2454
f 8172/6608/2342 8171/6607/2342 8185/6626/2342
f 8137/6561/2342 8172/6608/2342 8173/6609/2342
f 8157/5690/2571 8186/6627/2571 8175/5691/2571
f 8177/6615/2565 8138/6614/2565 8174/6610/2565
f 8181/6621/2572 8153/6620/2572 8179/6618/2572
f 8187/6628/2573 8167/6629/2573 8180/6619/2573
f 8188/6630/2574 8167/6629/2574 8187/6628/2574
f 8189/6631/2342 8168/6623/2342 8182/6622/2342
f 8183/6624/2575 8190/5989/2575 8191/6632/2575
f 8192/6633/2348 8193/6634/2348 8184/6625/2348
f 8193/6635/2342 8190/6636/2342 8171/6607/2342
f 8172/6637/2576 8194/6638/2576 8195/6639/2576
f 8171/6607/2342 8190/6636/2342 8185/6626/2342
f 8173/6640/2577 8196/6641/2577 8197/6642/2577
f 8186/6627/2578 8173/6640/2578 8197/6642/2578
f 8198/6643/2579 8182/6644/2579 8188/6630/2579
f 8199/6645/2580 8182/6644/2580 8198/6643/2580
f 8200/6646/2342 8168/6623/2342 8189/6631/2342
f 8185/6626/2342 8190/6636/2342 8168/6623/2342
f 8191/6632/2361 8190/5989/2361 8201/6647/2361
f 8202/6648/2343 8193/6426/2343 8192/6649/2343
f 8193/6635/2342 8203/6650/2342 8190/6636/2342
f 8196/6641/2581 8172/6637/2581 8195/6639/2581
f 8194/6638/2582 8185/6651/2582 8204/6652/2582
f 8205/6653/2580 8189/6654/2580 8199/6645/2580
f 8200/6655/2583 8206/6656/2583 8207/6657/2583
f 8208/6658/2342 8168/6623/2342 8200/6646/2342
f 8185/6626/2342 8168/6623/2342 8208/6658/2342
f 8201/6647/2450 8203/6634/2450 8209/6633/2450
f 8210/6659/2412 8202/6648/2412 8211/6660/2412
f 8210/6661/2342 8203/6650/2342 8193/6635/2342
f 8185/6651/2584 8212/6662/2584 8204/6652/2584
f 8206/6656/2585 8189/6663/2585 8205/6664/2585
f 8213/6665/2586 8200/6655/2586 8207/6657/2586
f 8208/6666/2587 8213/6665/2587 8214/6667/2587
f 8203/6668/2463 8215/6669/2463 8209/6670/2463
f 8216/6671/2340 8210/6659/2340 8211/6660/2340
f 8210/6661/2342 8217/6672/2342 8203/6650/2342
f 8212/6662/2588 8208/6666/2588 8214/6667/2588
f 8215/6669/2355 8217/6673/2355 8218/6674/2355
f 8219/6675/2589 8216/6671/2589 8220/6676/2589
f 8219/6677/2342 8217/6672/2342 8210/6661/2342
f 8217/6673/2357 8221/6678/2357 8218/6674/2357
f 8222/6679/2353 8219/6675/2353 8220/6676/2353
f 8219/6677/2342 8223/6680/2342 8217/6672/2342
f 8221/6678/2357 8223/6681/2357 8224/6682/2357
f 8225/6683/2360 8222/6679/2360 8226/6684/2360
f 8223/6680/2342 8219/6677/2342 8225/6685/2342
f 8223/6681/2510 8227/6686/2510 8224/6682/2510
f 8227/6686/2368 8225/6683/2368 8226/6684/2368
f 8228/6687/2347 7280/6688/2347 7454/5492/2347
f 8229/6689/2338 7323/6690/2338 7234/6691/2338
f 7384/6692/2337 7418/6693/2337 7357/6694/2337
f 7711/6695/2337 7710/6696/2337 7727/6697/2337
f 8230/6692/2337 8231/6698/2337 7305/6699/2337
f 7865/6700/2352 7843/6701/2352 7864/6702/2352
f 8155/6703/2341 8160/6704/2341 8232/6705/2341
f 8055/6706/2337 8032/6707/2337 8233/6699/2337
f 8124/6708/2337 8102/6709/2337 8122/5802/2337
f 7777/6710/2337 7844/6711/2337 7845/6712/2337
f 7936/6713/2337 7883/6714/2337 7863/6715/2337
f 7395/6716/2337 7498/6717/2337 7499/6718/2337
f 7800/6719/2337 7798/6720/2337 7656/6721/2337
f 8045/6722/2337 8022/6723/2337 8043/6724/2337
f 8002/6725/2337 8030/6726/2337 7980/6707/2337
f 8202/6727/2337 8186/6728/2337 8197/6729/2337
f 8234/6730/2513 8235/6731/2513 8236/6732/2513
f 8237/6733/2417 8238/6734/2417 8234/6730/2417
f 8238/6735/2342 8239/6736/2342 8235/6737/2342
f 8236/6732/2499 8235/6731/2499 8240/6738/2499
f 8241/6733/2514 8238/6734/2514 8237/6733/2514
f 8238/6735/2342 8242/6739/2342 8239/6736/2342
f 8235/6737/2342 8239/6736/2342 8243/6740/2342
f 8240/6738/2590 8244/6741/2590 8245/6738/2590
f 8246/6742/2428 8247/6743/2428 8241/6733/2428
f 8247/6744/2342 8242/6739/2342 8238/6735/2342
f 8248/6745/2427 8242/6746/2427 8249/6747/2427
f 8235/6737/2342 8243/6740/2342 8244/6748/2342
f 8250/6749/2591 8239/6750/2591 8251/6751/2591
f 8244/6752/2592 8252/6753/2592 8245/6753/2592
f 8253/6754/2436 8247/6743/2436 8246/6742/2436
f 8247/6744/2342 8254/6755/2342 8242/6739/2342
f 8251/6751/2427 8239/6750/2427 8248/6745/2427
f 8249/6747/2502 8242/6746/2502 8255/6756/2502
f 8244/6748/2342 8243/6740/2342 8256/6757/2342
f 8257/6758/2452 8243/6759/2452 8250/6749/2452
f 8244/6748/2342 8256/6757/2342 8258/6760/2342
f 8252/6753/2405 8258/6761/2405 8259/6762/2405
f 8260/6763/2437 8261/6764/2437 8253/6754/2437
f 8261/6765/2342 8254/6755/2342 8247/6744/2342
f 8255/6756/2502 8254/6766/2502 8262/6756/2502
f 8256/6767/2593 8263/6768/2593 8264/6769/2593
f 8263/6768/2413 8243/6770/2413 8257/6771/2413
f 8258/6760/2342 8256/6757/2342 8265/6772/2342
f 8258/6761/2594 8266/6762/2594 8259/6762/2594
f 8267/6763/2595 8261/6764/2595 8260/6763/2595
f 8261/6765/2342 8268/6773/2342 8254/6755/2342
f 8262/6756/2388 8254/6766/2388 8269/6774/2388
f 8270/6775/2403 8256/6767/2403 8264/6769/2403
f 8258/6760/2342 8265/6772/2342 8271/6776/2342
f 8265/6777/2497 8270/6775/2497 8272/6775/2497
f 8266/6762/2390 8271/6778/2390 8273/6779/2390
f 8274/6780/2362 8275/6781/2362 8267/6763/2362
f 8275/6782/2342 8268/6773/2342 8261/6765/2342
f 8269/6774/2596 8268/6783/2596 8276/6784/2596
f 8271/6776/2342 8265/6772/2342 8277/6785/2342
f 8278/6786/2386 8265/6777/2386 8272/6775/2386
f 8271/6778/2467 8279/6779/2467 8273/6779/2467
f 8280/6780/2597 8275/6781/2597 8274/6780/2597
f 8275/6782/2342 8281/6787/2342 8268/6773/2342
f 8276/6784/2369 8268/6783/2369 8282/6788/2369
f 8277/6789/2386 8278/6786/2386 8283/6786/2386
f 8279/6779/2387 8277/6789/2387 8283/6786/2387
f 8284/6790/2432 8285/6791/2432 8280/6780/2432
f 8285/6792/2342 8281/6787/2342 8275/6782/2342
f 8282/6788/2575 8281/6793/2575 8286/6788/2575
f 8287/6794/2412 8285/6795/2412 8284/6796/2412
f 8285/6792/2342 8288/6797/2342 8281/6787/2342
f 8286/6788/2354 8281/6793/2354 8289/6798/2354
f 8290/6799/2598 8287/6794/2598 8291/6794/2598
f 8290/6800/2342 8288/6797/2342 8285/6792/2342
f 8289/6798/2450 8288/6801/2450 8292/6798/2450
f 8293/6802/2340 8290/6799/2340 8291/6794/2340
f 8290/6800/2342 8294/6803/2342 8288/6797/2342
f 8288/5237/2599 8295/6804/2599 8292/6805/2599
f 8296/6806/2344 8293/6802/2344 8297/6802/2344
f 8296/6807/2342 8294/6803/2342 8290/6800/2342
f 8295/6804/2463 8294/6808/2463 8298/6809/2463
f 8299/6810/2496 8296/6806/2496 8297/6802/2496
f 8296/6807/2342 8300/6811/2342 8294/6803/2342
f 8294/6808/2393 8301/6812/2393 8298/6809/2393
f 8302/6813/2600 8299/6810/2600 8303/6814/2600
f 8300/6811/2342 8296/6807/2342 8302/6815/2342
f 8301/6812/2357 8300/6816/2357 8304/6817/2357
f 8305/6817/2368 8302/6813/2368 8303/6814/2368
f 8300/6816/2368 8305/6817/2368 8304/6817/2368
f 8295/6818/2337 8266/6819/2337 8263/6820/2337
f 8306/6381/2342 8307/6821/2342 8308/6822/2342
f 8306/5733/2341 8309/6823/2341 8310/6824/2341
f 8307/6821/2342 8306/6381/2342 8311/6825/2342
f 8312/6826/2342 8308/6822/2342 8307/6821/2342
f 8313/6827/2352 8306/6828/2352 8310/6284/2352
f 8309/6823/2341 8308/6829/2341 8314/6830/2341
f 8307/6821/2342 8311/6825/2342 8315/6831/2342
f 8312/6829/2347 8316/6832/2347 8317/6830/2347
f 8308/6822/2342 8312/6826/2342 8318/5206/2342
f 8319/6833/2352 8311/6834/2352 8313/6827/2352
f 8308/5749/2338 8320/6835/2338 8314/6836/2338
f 8321/6837/2338 8315/6838/2338 8322/6839/2338
f 8315/6840/2347 8323/6841/2347 8322/6842/2347
f 8324/6843/2352 8312/6405/2352 8317/5158/2352
f 8316/6832/2347 8307/6844/2347 8325/6845/2347
f 8318/5206/2342 8312/6826/2342 8326/6846/2342
f 8323/6841/2347 8311/5352/2347 8319/6847/2347
f 8320/6835/2338 8318/6848/2338 8327/6849/2338
f 8325/6634/2338 8307/6850/2338 8321/6837/2338
f 8328/6851/2352 8326/6852/2352 8324/6843/2352
f 8318/6853/2347 8329/6854/2347 8327/6855/2347
f 8329/6854/2347 8326/6856/2347 8328/6857/2347
f 8314/6317/2337 8320/6858/2337 8317/6859/2337
f 8330/6860/2601 8331/5237/2601 8332/6805/2601
f 8333/6861/2602 8330/6860/2602 8334/6862/2602
f 8332/6863/2603 8331/6864/2603 8335/6865/2603
f 8336/6866/2604 8333/6861/2604 8334/6862/2604
f 8333/6867/2342 8337/6868/2342 8331/6869/2342
f 8335/6865/2605 8338/6870/2605 8339/6865/2605
f 8340/6871/2606 8336/6866/2606 8341/6872/2606
f 8333/6867/2342 8342/6873/2342 8337/6868/2342
f 8331/6869/2342 8337/6868/2342 8343/6874/2342
f 8331/6869/2342 8343/6874/2342 8338/6875/2342
f 8339/6865/2607 8338/6870/2607 8344/6876/2607
f 8345/6877/2608 8340/6871/2608 8341/6872/2608
f 8340/6878/2342 8342/6873/2342 8333/6867/2342
f 8337/6879/2609 8346/6880/2609 8347/6880/2609
f 8348/6278/2610 8337/6881/2610 8347/6278/2610
f 8338/6875/2342 8343/6874/2342 8349/6882/2342
f 8344/6876/2607 8350/6883/2607 8351/6876/2607
f 8352/6884/2611 8345/6877/2611 8353/6877/2611
f 8340/6878/2342 8354/6885/2342 8342/6873/2342
f 8346/6880/2612 8342/6886/2612 8355/6887/2612
f 8356/6888/2613 8343/6889/2613 8348/6278/2613
f 8338/6875/2342 8349/6882/2342 8350/6890/2342
f 8357/6891/2614 8343/6889/2614 8356/6888/2614
f 8351/6876/2615 8350/6883/2615 8358/6892/2615
f 8359/6893/2616 8352/6884/2616 8353/6877/2616
f 8354/6885/2342 8340/6878/2342 8352/6894/2342
f 8342/6886/2617 8360/6887/2617 8355/6887/2617
f 8350/6890/2342 8349/6882/2342 8361/6895/2342
f 8362/6896/2618 8349/6897/2618 8357/6891/2618
f 8358/6892/2619 8363/6898/2619 8364/6892/2619
f 8354/6899/2616 8359/6893/2616 8365/6900/2616
f 8360/6887/2620 8354/6899/2620 8365/6900/2620
f 8350/6890/2342 8361/6895/2342 8363/6901/2342
f 8366/6896/2621 8349/6897/2621 8362/6896/2621
f 8364/6892/2622 8363/6898/2622 8367/6902/2622
f 8363/6901/2342 8361/6895/2342 8368/6903/2342
f 8369/6904/2621 8361/6905/2621 8366/6896/2621
f 8367/6902/2623 8370/6906/2623 8371/6902/2623
f 8363/6901/2342 8368/6903/2342 8370/6907/2342
f 8372/6908/2624 8361/6905/2624 8369/6904/2624
f 8371/6902/2625 8370/6906/2625 8373/6909/2625
f 8370/6907/2342 8368/6903/2342 8374/6910/2342
f 8375/6911/2626 8368/6912/2626 8372/6908/2626
f 8373/6909/2627 8376/6913/2627 8377/6914/2627
f 8370/6907/2342 8374/6910/2342 8376/6915/2342
f 8378/6911/2628 8368/6912/2628 8375/6911/2628
f 8377/6914/2629 8376/6913/2629 8379/6916/2629
f 8376/6915/2342 8374/6910/2342 8380/6917/2342
f 8381/6918/2628 8374/6919/2628 8378/6911/2628
f 8379/6916/2630 8382/6920/2630 8383/6916/2630
f 8376/6915/2342 8380/6917/2342 8382/6921/2342
f 8384/6918/2631 8374/6919/2631 8381/6918/2631
f 8382/6922/2632 8385/6923/2632 8383/5537/2632
f 8382/6921/2342 8380/6917/2342 8386/6924/2342
f 8387/6925/2633 8380/6926/2633 8384/6918/2633
f 8382/6921/2342 8386/6924/2342 8388/6927/2342
f 8385/6923/2634 8388/6928/2634 8389/6929/2634
f 8386/6930/2635 8390/6931/2635 8391/6931/2635
f 8390/6931/2636 8380/6932/2636 8387/6933/2636
f 8388/6927/2342 8386/6924/2342 8392/6934/2342
f 8388/6928/2637 8393/6935/2637 8389/6929/2637
f 8394/6936/2638 8386/6930/2638 8391/6931/2638
f 8388/6927/2342 8392/6934/2342 8395/6937/2342
f 8392/6938/2638 8394/6936/2638 8396/6936/2638
f 8393/6935/2639 8395/6939/2639 8397/6940/2639
f 8395/6937/2342 8392/6934/2342 8398/6941/2342
f 8399/6942/2640 8392/6938/2640 8396/6936/2640
f 8395/6939/2641 8400/6943/2641 8397/6940/2641
f 8398/6944/2642 8399/6942/2642 8401/6945/2642
f 8400/6943/2641 8398/6944/2641 8401/6945/2641
f 8357/6946/2337 8359/6947/2337 8394/6948/2337
f 7898/6949/2337 7198/6950/2337 8402/6951/2337
f 7898/6949/2337 8229/6952/2337 7198/6950/2337
f 7189/5051/2337 7191/5059/2337 7192/5052/2337
f 7194/5063/2337 7189/5051/2337 7205/5069/2337
f 7198/5061/2337 8228/6953/2337 7199/5062/2337
f 7194/5063/2337 7205/5069/2337 7198/5061/2337
f 7199/5062/2337 8228/6953/2337 7206/5070/2337
f 7210/5076/2342 7190/5094/2342 7200/5077/2342
f 7201/5080/2342 7190/5094/2342 7213/5081/2342
f 7191/5059/2337 7229/5105/2337 7217/5087/2337
f 7211/5078/2342 7200/5077/2342 7223/5095/2342
f 7225/5099/2342 7201/5080/2342 7214/5082/2342
f 7233/5111/2337 7207/5071/2337 8229/6954/2337
f 8229/6954/2337 7234/5112/2337 7233/5111/2337
f 7207/5071/2337 7219/5089/2337 8229/6954/2337
f 7228/5138/2355 7216/5175/2355 7248/5139/2355
f 7230/5106/2337 7229/5105/2337 7247/5141/2337
f 7208/5115/2342 7236/5114/2342 7259/5155/2342
f 7265/5170/2353 7286/5212/2353 7243/5131/2353
f 7243/5131/2353 7225/5098/2353 7265/5170/2353
f 7267/5172/2361 7246/5216/2361 7228/5173/2361
f 7250/5142/2337 7247/5141/2337 7269/5177/2337
f 7235/5113/2337 7257/5152/2337 7278/5196/2337
f 7208/5158/2352 7260/6955/2352 7279/5199/2352
f 7279/5199/2352 8230/6956/2352 7261/5159/2352
f 7263/5167/2342 7223/5095/2342 7262/5207/2342
f 7216/5175/2357 7264/5246/2357 7285/5210/2357
f 7284/5211/2353 7243/5131/2353 7286/5212/2353
f 7270/5178/2337 7269/5177/2337 7292/5219/2337
f 7261/5204/2347 8230/6957/2347 7305/5242/2347
f 7305/5242/2347 7308/6958/2347 7262/5205/2347
f 7304/5241/2366 7329/5282/2366 7306/5243/2366
f 7306/5243/2366 7280/6959/2366 7236/5154/2366
f 7264/5246/2368 7284/5211/2368 7309/5247/2368
f 7312/5251/2369 7337/5296/2369 7246/5216/2369
f 7293/5220/2337 7292/5219/2337 7315/5258/2337
f 7299/5232/2342 7255/5231/2342 7322/5269/2342
f 7325/5275/2342 7277/5331/2342 7301/5276/2342
f 7329/5282/2366 7304/5241/2366 7330/5283/2366
f 7288/5291/2387 7311/5345/2387 7335/5292/2387
f 7316/5259/2337 7315/5258/2337 7340/5302/2337
f 7346/5312/2382 7376/5366/2382 7296/5264/2382
f 7277/5236/2382 7356/6960/2382 7346/5312/2382
f 7327/5332/2338 7384/5382/2338 7357/5333/2338
f 7357/5333/2338 7326/6961/2338 7301/5334/2338
f 7358/5336/2337 7381/5385/2337 7275/5197/2337
f 7365/5348/2398 7396/5397/2398 7337/5296/2398
f 7341/5303/2337 7340/5302/2337 7368/5355/2337
f 7375/5365/2391 7407/5414/2391 7296/5264/2391
f 7384/5382/2338 7327/5332/2338 7385/5383/2338
f 7359/5338/2385 7330/5283/2385 7389/5387/2385
f 7391/5392/2386 7288/5291/2386 7362/5344/2386
f 7311/5345/2390 7364/5447/2390 7393/5394/2390
f 7369/5356/2337 7368/5355/2337 7400/5404/2337
f 7378/5420/2340 7349/5474/2340 7409/5421/2340
f 7411/5425/2342 7255/5231/2342 7380/5426/2342
f 7415/5431/2342 7299/5232/2342 7382/5375/2342
f 7385/5435/2347 7355/6962/2347 7418/5436/2347
f 7419/5438/2337 7381/5385/2337 7387/5384/2337
f 7391/5392/2508 7392/5393/2508 7425/5446/2508
f 7425/5446/2403 7460/6963/2403 7424/5445/2403
f 7364/5447/2402 7394/5500/2402 7427/5449/2402
f 7428/5450/2416 7465/5506/2416 7396/5397/2416
f 7401/5405/2337 7400/5404/2337 7433/5459/2337
f 7374/5411/2503 7474/6964/2503 7437/5466/2503
f 7437/5466/2405 7473/6965/2405 7404/5410/2405
f 7438/5467/2415 7374/5526/2415 7405/5468/2415
f 7440/5470/2411 7477/5529/2411 7407/5414/2411
f 7349/5474/2343 7413/5537/2343 7447/5480/2343
f 7448/5485/2347 7418/5436/2347 7355/6962/2347
f 7355/6962/2347 7415/5483/2347 7448/5485/2347
f 7449/5486/2337 7419/5438/2337 7420/5439/2337
f 7421/5489/2413 7388/5441/2413 7452/5490/2413
f 7455/5493/2407 7452/5490/2407 7388/5441/2407
f 7388/5441/2413 7408/5419/2413 7455/5493/2413
f 7423/5444/2643 7389/5387/2643 7457/5495/2643
f 7462/5502/2415 7394/5556/2415 7397/5503/2415
f 7467/5509/2417 7397/5503/2417 7429/5510/2417
f 7433/5459/2337 7505/5570/2337 7471/5519/2337
f 7475/5527/2417 7405/5468/2417 7441/5532/2417
f 7408/5472/2342 7404/5465/2342 7472/5523/2342
f 7444/5477/2353 7378/5420/2353 7442/5473/2353
f 7444/5477/2368 7480/5535/2368 7481/5536/2368
f 7481/5536/2368 7446/6966/2368 7380/5424/2368
f 7485/5541/2337 7449/5486/2337 7450/5487/2337
f 7488/5544/2418 7451/5546/2418 7421/5526/2418
f 7489/5545/2427 7422/5550/2427 7451/5546/2427
f 7492/5549/2416 7456/5591/2416 7422/5550/2416
f 7496/5557/2427 7523/5495/2427 7465/5506/2427
f 7498/5559/2428 7429/5510/2428 7466/5560/2428
f 7500/5562/2342 7430/5603/2342 7424/5498/2342
f 7505/5570/2337 7533/5613/2337 7506/5571/2337
f 7507/5572/2439 7536/5616/2439 7477/5529/2439
f 7509/5574/2428 7441/5532/2428 7478/5575/2428
f 7511/5578/2348 7413/5273/2348 7483/5579/2348
f 7514/5583/2337 7485/5541/2337 7486/5542/2337
f 7517/5590/2398 7491/5634/2398 7456/5591/2398
f 7494/5553/2426 7457/5495/2426 7520/5577/2426
f 7525/5598/2437 7466/5560/2437 7497/5599/2437
f 7529/5604/2342 7501/5647/2342 7430/5603/2342
f 7533/5613/2337 7563/5659/2337 7534/5614/2337
f 7538/5619/2437 7478/5575/2437 7508/5620/2437
f 7542/5626/2337 7514/5583/2337 7515/5584/2337
f 7549/5636/2369 7519/5679/2369 7491/5634/2369
f 7551/5641/2452 7582/5577/2452 7523/5495/2452
f 7553/5643/2362 7497/5599/2362 7527/5644/2362
f 7556/5648/2342 7530/5693/2342 7501/5647/2342
f 7563/5659/2337 7593/6967/2337 7564/5660/2337
f 7565/5661/2456 7597/5705/2456 7536/5616/2456
f 7567/5663/2362 7508/5620/2362 7537/5664/2362
f 7540/5622/2362 7483/5579/2362 7569/5666/2362
f 7572/5670/2337 7542/5626/2337 7543/5627/2337
f 7576/5678/2361 7548/5725/2361 7519/5679/2361
f 7550/5640/2444 7520/5639/2444 7579/5066/2444
f 7524/5685/2462 7552/5737/2462 7584/5686/2462
f 7587/5689/2454 7527/5644/2454 7524/5690/2454
f 7564/5660/2337 7593/6967/2337 7594/5702/2337
f 7598/5707/2348 7537/5664/2348 7566/5121/2348
f 7571/5712/2386 7541/5769/2386 7602/5713/2386
f 7604/5715/2337 7572/5670/2337 7573/5671/2337
f 7578/5727/2355 7548/5784/2355 7612/5728/2355
f 7579/5066/2469 7650/5791/2469 7614/5731/2469
f 7552/5737/2344 7586/5799/2344 7618/5739/2344
f 7620/5741/2342 7530/5693/2342 7588/5692/2342
f 7595/5703/2337 7594/5702/2337 7628/5757/2337
f 7566/5761/2343 7600/5827/2343 7632/5762/2343
f 7601/5711/2437 7569/5666/2437 7635/5766/2437
f 7639/5771/2337 7604/5715/2337 7605/5716/2337
f 7609/5780/2390 7575/5779/2390 7644/5781/2390
f 7541/5769/2387 7609/5780/2387 7646/5783/2387
f 7611/5786/2357 7578/5727/2357 7647/5787/2357
f 7652/5793/2407 7582/5733/2407 7615/5732/2407
f 7586/5799/2353 7619/5859/2353 7655/5801/2353
f 7656/5804/2412 7694/5862/2412 7659/6968/2412
f 7659/6968/2412 7620/5802/2412 7656/5804/2412
f 7661/5812/2342 7590/5747/2342 7624/5746/2342
f 7625/5815/2342 7590/5747/2342 7663/5816/2342
f 7666/5819/2468 7667/5821/2468 7591/5751/2468
f 7591/5751/2357 7626/5750/2357 7666/5819/2357
f 7627/5820/2393 7591/5751/2393 7667/5821/2393
f 7629/5758/2337 7628/5757/2337 7669/5823/2337
f 7649/5825/2464 7597/5705/2464 7630/5759/2464
f 7600/5827/2340 7633/5887/2340 7673/5829/2340
f 7634/5831/2403 7571/5712/2403 7637/5768/2403
f 7678/5836/2337 7718/5897/2337 7639/5771/2337
f 7685/5848/2390 7644/5781/2390 7575/5779/2390
f 7575/5779/2390 7643/5778/2390 7685/5848/2390
f 7631/5849/2368 7611/5786/2368 7686/5850/2368
f 7650/5791/2476 7726/5916/2476 7689/5853/2476
f 7693/5861/2412 7659/6968/2412 7694/5862/2412
f 7701/5874/2405 7738/5933/2405 7702/5875/2405
f 7702/5875/2402 7662/6969/2402 7624/5873/2402
f 7626/5876/2342 7625/5815/2342 7703/5877/2342
f 7619/5859/2368 7627/5820/2368 7707/5882/2368
f 7633/5887/2353 7631/5849/2353 7710/5888/2353
f 7674/5890/2407 7634/5831/2407 7712/5891/2407
f 7677/5835/2428 7635/5766/2428 7715/5894/2428
f 7717/5896/2337 7748/5946/2337 7718/5897/2337
f 7643/5908/2342 7683/5958/2342 7723/5909/2342
f 7688/5914/2478 7649/5138/2478 7709/5885/2478
f 7729/5918/2403 7652/5793/2403 7690/5854/2403
f 7701/5874/2390 7769/5981/2390 7737/5932/2390
f 7741/5936/2452 7676/5940/2452 7674/5271/2452
f 7743/5939/2427 7714/5985/2427 7676/5940/2427
f 7747/5945/2337 7779/5991/2337 7748/5946/2337
f 7682/5955/2342 7681/5953/2342 7752/5956/2342
f 7683/5958/2342 7682/5955/2342 7754/5959/2342
f 7726/5916/2644 7756/6006/2644 7758/5963/2644
f 7760/5966/2340 7693/5861/2340 7731/5921/2340
f 7773/5984/2416 7742/6026/2416 7714/5985/2416
f 7746/5944/2417 7715/5894/2417 7776/5988/2417
f 7778/5990/2337 7814/6970/2337 7779/5991/2337
f 7756/6006/2485 7688/5914/2485 7757/5962/2485
f 7791/6008/2386 7729/5918/2386 7759/5964/2386
f 7732/5873/2349 7762/6058/2349 7795/6013/2349
f 7797/6014/2354 7733/6061/2354 7732/6015/2354
f 7734/6016/2369 7733/6061/2369 7798/6017/2369
f 7800/6018/2388 7763/6063/2388 7734/6016/2388
f 7769/5981/2387 7801/6072/2387 7802/6020/2387
f 7772/5935/2337 7669/5823/2337 7803/6023/2337
f 7805/6025/2398 7745/6030/2398 7742/6026/2398
f 7808/6029/2369 7775/6081/2369 7745/6030/2369
f 7811/6034/2337 7814/6970/2337 7778/5990/2337
f 7788/6004/2342 7681/5953/2342 7786/6002/2342
f 7791/6008/2387 7792/6009/2387 7822/6053/2387
f 7822/6053/2387 7865/6971/2387 7821/6052/2387
f 7824/6056/2353 7760/5966/2353 7794/6011/2353
f 7829/6062/2502 7764/6065/2502 7763/6063/2502
f 7831/6064/2427 7765/6067/2427 7764/6065/2427
f 7833/6066/2418 7766/6114/2418 7765/6067/2418
f 7767/6068/2413 7766/5754/2413 7835/6069/2413
f 7768/6070/2403 7767/6068/2403 7837/6071/2403
f 7801/6072/2386 7768/6070/2386 7839/6073/2386
f 7844/6080/2361 7807/5784/2361 7775/6081/2361
f 7810/6033/2421 7776/5988/2421 7847/6084/2421
f 7849/6086/2337 7811/6034/2337 7812/6035/2337
f 7854/6093/2342 7783/6044/2342 7782/6094/2342
f 7816/6043/2342 7783/6044/2342 7856/6096/2342
f 7862/6105/2349 7891/6158/2349 7863/6106/2349
f 7863/6106/2349 7820/6972/2349 7786/6104/2349
f 7864/6107/2342 7869/6120/2342 7821/6108/2342
f 7762/6058/2357 7826/6160/2357 7867/6059/2357
f 7841/6117/2337 7895/6165/2337 8402/6973/2337
f 8402/6973/2337 7870/6118/2337 7841/6117/2337
f 7895/6165/2337 8232/6974/2337 8402/6973/2337
f 7846/6122/2463 7807/6166/2463 7873/6123/2463
f 7847/6127/2402 7902/6173/2402 7876/6128/2402
f 7877/6130/2337 7849/6086/2337 7850/6087/2337
f 7880/6138/2342 7782/6094/2342 7853/6139/2342
f 7883/6144/2506 7910/6184/2506 7885/6975/2506
f 7885/6975/2413 7816/6142/2413 7883/6144/2413
f 7862/6105/2357 7916/6194/2357 7890/6158/2357
f 7826/6160/2368 7824/6056/2368 7866/6111/2368
f 7897/6163/2337 7926/6206/2337 7898/6164/2337
f 7898/6164/2337 8232/6974/2337 7895/6165/2337
f 7872/6168/2357 7846/6122/2357 7899/6169/2357
f 7852/6137/2353 7879/6207/2353 7905/6179/2353
f 7852/6137/2340 7906/6180/2340 7907/6181/2340
f 7907/6181/2340 7932/6976/2340 7853/6092/2340
f 7909/6183/2413 7885/6975/2413 7910/6184/2413
f 7918/6196/2342 7869/6120/2342 7892/6159/2342
f 7925/6205/2337 7957/6254/2337 7926/6206/2337
f 7879/6207/2368 7872/6168/2368 7927/6208/2368
f 7902/6173/2390 7929/6256/2390 7930/6211/2390
f 7904/6175/2337 7956/6254/2337 7925/6205/2337
f 7936/6218/2515 7887/6222/2515 7913/6219/2515
f 7938/6221/2362 7888/6225/2362 7887/6222/2362
f 7940/6224/2454 7889/6268/2454 7888/6225/2454
f 7914/6227/2412 7889/6271/2412 7942/6228/2412
f 7916/6194/2368 7944/6273/2368 7945/6195/2368
f 7960/6260/2403 7909/6183/2403 7933/6213/2403
f 7963/6262/2417 7912/6265/2417 7935/6263/2417
f 7965/6264/2480 7913/6219/2480 7912/6265/2480
f 7915/6269/2340 7914/6227/2340 7968/6270/2340
f 7944/6273/2353 7915/6269/2353 7970/6274/2353
f 7952/5334/2352 8002/6336/2352 7980/6294/2352
f 7980/6294/2352 7982/6977/2352 7923/6295/2352
f 7981/6296/2342 7953/6339/2342 7923/6297/2342
f 7929/6256/2387 8013/6352/2387 7989/6306/2387
f 7934/6310/2405 7962/6359/2405 7992/6311/2405
f 7994/6312/2415 7935/6263/2415 7934/6313/2415
f 8002/6336/2352 7952/5334/2352 8003/6337/2352
f 7954/6340/2342 7983/6381/2342 8006/6341/2342
f 8016/6357/2386 7960/6260/2386 7991/6308/2386
f 8020/6361/2342 8021/6401/2342 7918/6196/2342
f 7996/5931/2529 7975/6437/2529 8022/6363/2529
f 7999/6333/2417 7953/6290/2417 8029/6374/2417
f 8029/6374/2417 8049/6419/2417 7999/6333/2417
f 8003/6376/2341 8001/5164/2341 8030/6377/2341
f 7954/5383/2338 8007/6978/2338 8032/6380/2338
f 8032/6380/2338 8403/6979/2338 8031/6379/2338
f 8013/6352/2386 8012/6395/2386 8038/6396/2386
f 7962/6359/2390 8018/6441/2390 8040/6360/2390
f 8043/6404/2529 8022/6363/2529 7975/6437/2529
f 7975/6437/2529 8021/6402/2529 8043/6404/2529
f 7996/5609/2530 8023/6980/2530 8045/6407/2530
f 8045/6407/2530 8069/6981/2530 8044/6405/2530
f 8048/6418/2417 7999/6333/2417 8049/6419/2417
f 8053/6422/2341 8030/6377/2341 8001/5164/2341
f 8001/5164/2341 8051/5166/2341 8053/6422/2341
f 8031/6423/2341 8403/6982/2341 8055/6424/2341
f 8055/6424/2341 8081/6983/2341 8054/6376/2341
f 8026/6383/2427 8072/6452/2427 8056/6425/2427
f 8056/6425/2427 8033/6984/2427 7983/6343/2427
f 8064/6439/2386 8038/6396/2386 8012/6395/2386
f 8012/6395/2386 8037/6394/2386 8064/6439/2386
f 8037/6397/2342 8015/6354/2342 8065/6440/2342
f 8018/6441/2387 8016/6357/2387 8039/6398/2387
f 8072/6452/2427 8026/6383/2427 8027/6453/2427
f 8077/6459/2428 8097/6488/2428 8048/6418/2428
f 8051/5137/2342 8044/6445/2342 8079/6462/2342
f 8080/6462/2342 8101/6492/2342 8054/6464/2342
f 8073/6454/2427 8027/6453/2427 8088/6476/2427
f 8082/6498/2549 8059/6985/2549 8102/6499/2549
f 8115/6522/2437 8137/6560/2437 8097/6488/2437
f 8117/6524/2555 8078/6570/2555 8099/6525/2555
f 8122/6532/2549 8102/6499/2549 8059/6985/2549
f 8059/6985/2549 8101/6530/2549 8122/6532/2549
f 8082/6534/2550 8103/6986/2550 8124/6535/2550
f 8124/6535/2550 8147/6987/2550 8123/6533/2550
f 8108/6511/2342 8015/6354/2342 8127/6541/2342
f 8111/6515/2416 8088/6476/2416 8130/6546/2416
f 8133/6553/2645 8134/6555/2645 8093/6519/2645
f 8093/6519/2551 8113/6518/2551 8133/6553/2551
f 8110/6554/2551 8093/6519/2551 8134/6555/2551
f 8140/6564/2559 8098/6568/2559 8116/6565/2559
f 8142/6567/2554 8099/6525/2554 8098/6568/2554
f 8078/6527/2548 8144/6988/2548 8145/6571/2548
f 8145/6571/2548 8160/6704/2548 8119/6528/2548
f 8151/6581/2562 8129/6601/2562 8110/5308/2562
f 8113/6551/2342 8119/6587/2342 8155/6588/2342
f 8156/6590/2362 8171/6606/2362 8137/6560/2362
f 8158/6592/2560 8116/6565/2560 8139/6593/2560
f 8127/6541/2342 8123/6572/2342 8162/6361/2342
f 8166/6602/2568 8152/6617/2568 8129/6601/2568
f 8154/6586/2398 8130/6546/2398 8168/5895/2398
f 8174/6610/2565 8138/6614/2565 8157/6611/2565
f 8176/6613/2567 8139/6593/2567 8138/6614/2567
f 8179/6618/2572 8153/6620/2572 8152/6617/2572
f 8180/6619/2646 8167/6629/2646 8153/6620/2646
f 8184/6625/2348 8193/6634/2348 8171/6606/2348
f 8157/5690/2578 8173/6640/2578 8186/6627/2578
f 8188/6630/2579 8182/6644/2579 8167/6629/2579
f 8183/6624/2369 8168/5895/2369 8190/5989/2369
f 8172/6637/2582 8185/6651/2582 8194/6638/2582
f 8173/6640/2581 8172/6637/2581 8196/6641/2581
f 8199/6645/2580 8189/6654/2580 8182/6644/2580
f 8200/6655/2585 8189/6663/2585 8206/6656/2585
f 8201/6647/2361 8190/5989/2361 8203/6634/2361
f 8210/6659/2343 8193/6426/2343 8202/6648/2343
f 8185/6651/2588 8208/6666/2588 8212/6662/2588
f 8208/6666/2586 8200/6655/2586 8213/6665/2586
f 8203/6668/2355 8217/6673/2355 8215/6669/2355
f 8219/6675/2340 8210/6659/2340 8216/6671/2340
f 8217/6673/2357 8223/6681/2357 8221/6678/2357
f 8225/6683/2353 8219/6675/2353 8222/6679/2353
f 8223/6681/2368 8225/6683/2368 8227/6686/2368
f 8404/6989/2347 8229/6833/2347 7326/6990/2347
f 7206/6991/2347 8228/6687/2347 7454/5492/2347
f 8229/6833/2347 7325/6992/2347 7326/6990/2347
f 7326/6990/2347 7357/6993/2347 8404/6989/2347
f 7356/6994/2347 7219/6995/2347 7473/6965/2347
f 8229/6833/2347 7356/6994/2347 7325/6992/2347
f 8228/6687/2347 7198/6996/2347 7260/6997/2347
f 8231/6998/2347 7279/6999/2347 7260/6997/2347
f 7260/6997/2347 7259/7000/2347 8228/6687/2347
f 7198/6996/2347 8231/6998/2347 7260/6997/2347
f 8229/6833/2347 7219/6995/2347 7356/6994/2347
f 7437/5466/2347 7346/7001/2347 7356/6994/2347
f 7454/5492/2347 7472/7002/2347 7206/6991/2347
f 7473/6965/2347 7437/5466/2347 7356/6994/2347
f 8228/6687/2347 7259/7000/2347 7280/6688/2347
f 7280/6688/2347 7306/7003/2347 7455/5493/2347
f 7472/7002/2347 7219/6995/2347 7206/6991/2347
f 7280/6688/2347 7455/5493/2347 7454/5492/2347
f 7473/6965/2347 7219/6995/2347 7472/7002/2347
f 8233/7004/2338 7898/5202/2338 8081/7005/2338
f 7957/7006/2647 7956/7006/2647 8064/7007/2647
f 8081/7005/2338 8055/7008/2338 8233/7004/2338
f 8100/7009/2338 8080/7010/2338 7926/7011/2338
f 8081/7005/2338 7898/5202/2338 7926/7011/2338
f 7957/7006/2338 8064/7007/2338 8063/7012/2338
f 8081/7005/2338 7926/7011/2338 8080/7010/2338
f 8121/7013/2338 8120/7014/2338 7926/7011/2338
f 8100/7009/2338 7926/7011/2338 8120/7014/2338
f 7904/7015/2338 8064/7007/2338 7956/7006/2338
f 7812/7016/2338 7778/7017/2338 7907/7018/2338
f 7926/7011/2338 8147/7019/2338 8121/7013/2338
f 7850/7020/2338 7812/7016/2338 7907/7018/2338
f 7747/7021/2338 7717/7022/2338 7907/7018/2338
f 8146/7023/2338 8147/7019/2338 7926/7011/2338
f 8124/7024/2338 8122/7025/2338 8121/7013/2338
f 8162/7026/2338 8161/7027/2338 7926/7011/2338
f 7678/7028/2338 7640/7029/2338 7908/7030/2338
f 8163/7031/2338 7926/7011/2338 8164/7032/2338
f 8147/7019/2338 8124/7024/2338 8121/7013/2338
f 8161/7027/2338 8146/7023/2338 7926/7011/2338
f 8163/7031/2338 8162/7026/2338 7926/7011/2338
f 8128/7033/2338 8150/7034/2338 7926/7011/2338
f 8065/7035/2338 8087/7036/2338 7957/7006/2338
f 8108/7033/2338 8128/7033/2338 7926/7011/2338
f 8150/7034/2648 8164/7032/2648 7926/7011/2648
f 7850/7020/2338 8064/7007/2338 7878/7037/2338
f 7907/7018/2338 7778/7017/2338 7747/7021/2338
f 8064/7007/2338 7904/7015/2338 7878/7037/2338
f 7932/7038/2338 7907/7018/2338 7717/7022/2338
f 8063/7012/2338 8065/7035/2338 7957/7006/2338
f 7908/7030/2338 7932/7038/2338 7678/7028/2338
f 7881/7039/2338 7908/7030/2338 7640/7029/2338
f 7855/7040/2338 7880/7041/2338 7640/7029/2338
f 7884/7042/2338 7882/7043/2338 7605/7044/2338
f 7880/7041/2338 7881/7039/2338 7640/7029/2338
f 7856/7045/2338 7884/7042/2338 7605/7044/2338
f 7932/7038/2338 7717/7022/2338 7678/7028/2338
f 7857/7046/2338 7856/7045/2338 7573/7047/2338
f 7854/7048/2338 7855/7040/2338 7605/7044/2338
f 8108/7033/2338 7926/7011/2338 8087/7036/2338
f 7850/7020/2338 7907/7018/2338 8064/7007/2338
f 7863/7049/2338 7883/7050/2338 7515/7051/2338
f 7882/7043/2338 7854/7048/2338 7605/7044/2338
f 7926/7011/2338 7957/7006/2338 8087/7036/2338
f 7573/7047/2338 7543/7052/2338 7857/7046/2338
f 7640/7029/2338 7605/7044/2338 7855/7040/2338
f 7820/7053/2338 7863/7049/2338 7486/7054/2338
f 7856/7045/2338 7605/7044/2338 7573/7047/2338
f 7543/7052/2338 7883/7050/2338 7857/7046/2338
f 7450/7055/2338 7420/7056/2338 7820/7053/2338
f 7515/7051/2338 7883/7050/2338 7543/7052/2338
f 7820/7053/2338 7486/7054/2338 7450/7055/2338
f 7752/7057/2338 7788/7058/2338 7420/7056/2338
f 7789/7059/2338 7787/7060/2338 7387/7061/2338
f 7788/7058/2338 7820/7053/2338 7420/7056/2338
f 7754/7062/2338 7789/7059/2338 7387/7061/2338
f 7753/7063/2338 7752/7057/2338 7387/7061/2338
f 7420/7056/2338 7387/7061/2338 7752/7057/2338
f 7515/7051/2338 7486/7054/2338 7863/7049/2338
f 7755/7064/2338 7754/7062/2338 7387/7061/2338
f 7724/7065/2338 7723/7066/2338 7387/7061/2338
f 7684/7067/2338 7725/7068/2338 7387/7061/2338
f 7481/7069/2338 7685/7070/2338 7358/7071/2338
f 7411/7072/2338 7412/7073/2338 7257/7074/2338
f 7446/7075/2338 7481/7069/2338 7257/7074/2338
f 7723/7066/2338 7755/7064/2338 7387/7061/2338
f 7685/7070/2338 7684/7067/2338 7358/7071/2338
f 7412/7073/2338 7446/7075/2338 7257/7074/2338
f 7787/7060/2338 7753/7063/2338 7387/7061/2338
f 7724/7065/2338 7387/7061/2338 7725/7068/2338
f 7684/7067/2338 7387/7061/2338 7358/7071/2338
f 7328/7076/2338 7303/7077/2338 7481/7069/2338
f 7481/7069/2338 7358/7071/2338 7328/7076/2338
f 7445/7078/2338 7411/7072/2338 7257/7074/2338
f 7303/7077/2338 7278/7079/2338 7481/7069/2338
f 7417/7080/2338 7445/7078/2338 7234/6691/2338
f 7353/7081/2338 7383/7082/2338 7234/6691/2338
f 7323/6690/2338 7322/7083/2338 7234/6691/2338
f 7416/7084/2338 7382/7085/2338 8229/6689/2338
f 7322/7083/2338 7353/7081/2338 7234/6691/2338
f 7352/7086/2338 7323/6690/2338 8229/6689/2338
f 7481/7069/2338 7278/7079/2338 7257/7074/2338
f 7257/7074/2338 7234/6691/2338 7445/7078/2338
f 8229/6689/2338 8404/7087/2338 7416/7084/2338
f 7382/7085/2338 7352/7086/2338 8229/6689/2338
f 8404/7087/2338 7448/7088/2338 7416/7084/2338
f 7417/7080/2338 7234/6691/2338 7383/7082/2338
f 8404/7089/2337 7357/6694/2337 7418/6693/2337
f 7384/6692/2337 7386/6692/2337 7418/6693/2337
f 7418/6693/2337 7448/6834/2337 8404/7089/2337
f 7455/7090/2337 7306/7091/2337 7452/7092/2337
f 7329/7093/2337 7331/7094/2337 7492/7095/2337
f 7359/7096/2337 7390/7097/2337 7517/7098/2337
f 7423/7099/2337 7458/7100/2337 7549/7101/2337
f 7494/7102/2337 7521/7103/2337 7576/7104/2337
f 7550/7105/2337 7580/7106/2337 7614/7107/2337
f 7614/7107/2337 7651/7108/2337 7612/7109/2337
f 7689/7110/2337 7728/7111/2337 7647/7112/2337
f 7758/7113/2337 7790/7114/2337 7686/7115/2337
f 7757/7116/2337 7727/6697/2337 7710/6696/2337
f 7709/7117/2337 7671/7118/2337 7673/7119/2337
f 7630/7120/2337 7596/7121/2337 7632/7122/2337
f 7565/7123/2337 7535/7124/2337 7567/7125/2337
f 7507/7126/2337 7476/7127/2337 7538/7128/2337
f 7440/7129/2337 7406/7130/2337 7509/7131/2337
f 7375/7132/2337 7376/7133/2337 7346/7134/2337
f 7346/7134/2337 7437/7135/2337 7474/7136/2337
f 7346/7134/2337 7474/7136/2337 7438/7137/2337
f 7406/7130/2337 7375/7132/2337 7479/7138/2337
f 7565/7123/2337 7567/7125/2337 7568/7139/2337
f 7671/7118/2337 7630/7120/2337 7672/7140/2337
f 7758/7113/2337 7686/7115/2337 7648/7141/2337
f 7614/7107/2337 7612/7109/2337 7610/7142/2337
f 7521/7103/2337 7550/7105/2337 7610/7142/2337
f 7390/7097/2337 7423/7099/2337 7547/7143/2337
f 7306/7091/2337 7453/7144/2337 7452/7092/2337
f 7306/7091/2337 7488/7145/2337 7453/7144/2337
f 7458/7100/2337 7494/7102/2337 7577/7146/2337
f 7689/7110/2337 7613/7147/2337 7651/7108/2337
f 7596/7121/2337 7598/7148/2337 7599/7149/2337
f 7375/7132/2337 7346/7134/2337 7479/7138/2337
f 7346/7134/2337 7438/7137/2337 7439/7150/2337
f 7550/7105/2337 7614/7107/2337 7610/7142/2337
f 7306/7091/2337 7490/7151/2337 7488/7145/2337
f 7306/7091/2337 7489/7152/2337 7490/7151/2337
f 7346/7134/2337 7439/7150/2337 7475/7153/2337
f 7346/7134/2337 7475/7153/2337 7479/7138/2337
f 7306/7091/2337 7329/7093/2337 7493/7154/2337
f 7493/7154/2337 7489/7152/2337 7306/7091/2337
f 7518/7155/2337 7492/7095/2337 7331/7094/2337
f 7547/7143/2337 7517/7098/2337 7390/7097/2337
f 7493/7154/2337 7329/7093/2337 7492/7095/2337
f 7518/7155/2337 7331/7094/2337 7359/7096/2337
f 7406/7130/2337 7479/7138/2337 7509/7131/2337
f 7510/7156/2337 7538/7128/2337 7476/7127/2337
f 7440/7129/2337 7509/7131/2337 7510/7156/2337
f 7517/7098/2337 7518/7155/2337 7359/7096/2337
f 7577/7146/2337 7549/7101/2337 7458/7100/2337
f 7549/7101/2337 7547/7143/2337 7423/7099/2337
f 7440/7129/2337 7510/7156/2337 7476/7127/2337
f 7539/7157/2337 7567/7125/2337 7535/7124/2337
f 7568/7139/2337 7598/7148/2337 7596/7121/2337
f 7599/7149/2337 7632/7122/2337 7596/7121/2337
f 7538/7128/2337 7539/7157/2337 7507/7126/2337
f 7539/7157/2337 7535/7124/2337 7507/7126/2337
f 7576/7104/2337 7577/7146/2337 7494/7102/2337
f 7613/7147/2337 7612/7109/2337 7651/7108/2337
f 7610/7142/2337 7576/7104/2337 7521/7103/2337
f 7565/7123/2337 7568/7139/2337 7596/7121/2337
f 7630/7120/2337 7632/7122/2337 7672/7140/2337
f 7689/7110/2337 7647/7112/2337 7613/7147/2337
f 7648/7141/2337 7647/7112/2337 7728/7111/2337
f 7728/7111/2337 7758/7113/2337 7648/7141/2337
f 7671/7118/2337 7672/7140/2337 7673/7119/2337
f 7709/7117/2337 7673/7119/2337 7711/6695/2337
f 7790/7114/2337 7757/7116/2337 7687/7158/2337
f 7687/7158/2337 7686/7115/2337 7790/7114/2337
f 7709/7117/2337 7711/6695/2337 7727/6697/2337
f 7687/7158/2337 7757/7116/2337 7710/6696/2337
f 8230/6692/2337 7279/6694/2337 8231/6698/2337
f 7211/7159/2352 7224/7160/2352 7198/7161/2352
f 7193/7162/2352 7192/7163/2352 7265/7164/2352
f 7198/7161/2352 7242/7165/2352 7263/7166/2352
f 7192/7163/2352 7197/7167/2352 7265/7164/2352
f 7196/7162/2649 7193/7162/2649 7265/7164/2649
f 7210/7168/2352 7205/7169/2352 7203/7170/2352
f 7305/7171/2352 8231/5624/2352 7308/7172/2352
f 7263/7166/2352 7283/7173/2352 7198/7161/2352
f 7308/7172/2352 8231/5624/2352 7198/7161/2352
f 7211/7159/2352 7198/7161/2352 7205/7169/2352
f 7211/7159/2352 7205/7169/2352 7210/7168/2352
f 7283/7173/2352 7308/7172/2352 7198/7161/2352
f 7224/7160/2352 7242/7165/2352 7198/7161/2352
f 7210/7168/2352 7203/7170/2352 7222/7174/2352
f 7203/7170/2352 7241/7175/2352 7222/7174/2352
f 7196/7162/2352 7213/7176/2352 7227/7177/2352
f 7203/7170/2352 7245/7178/2352 7241/7175/2352
f 7557/7179/2352 7230/7180/2352 7556/7181/2352
f 7227/7177/2352 7245/7178/2352 7203/7170/2352
f 7196/7162/2650 7226/7182/2650 7214/7183/2650
f 7196/7162/2352 7227/7177/2352 7203/7170/2352
f 7495/7184/2352 7230/7180/2352 7500/7185/2352
f 7230/7180/2352 7250/7186/2352 7556/7181/2352
f 7230/7180/2352 7528/7187/2352 7500/7185/2352
f 7196/7162/2352 7214/7183/2352 7213/7176/2352
f 7265/7164/2352 7204/7167/2352 7217/7188/2352
f 7196/7162/2352 7265/7164/2352 7244/7189/2352
f 7217/7188/2352 7230/7180/2352 7460/7190/2352
f 7621/7191/2352 7588/7192/2352 7250/7186/2352
f 7204/7167/2352 7265/7164/2352 7197/7167/2352
f 7226/7182/2352 7196/7162/2352 7244/7189/2352
f 7459/7193/2352 7230/7180/2352 7495/7184/2352
f 7316/7194/2352 7341/7195/2352 7702/7196/2352
f 7529/7197/2352 7230/7180/2352 7555/7198/2352
f 7230/7180/2352 7459/7193/2352 7460/7190/2352
f 7425/7199/2352 7265/7164/2352 7217/7188/2352
f 7460/7190/2352 7425/7199/2352 7217/7188/2352
f 7250/7186/2352 7588/7192/2352 7556/7181/2352
f 7369/7200/2352 7661/7201/2352 7662/7202/2352
f 7621/7191/2352 7250/7186/2352 7270/7203/2352
f 7656/7204/2352 7621/7191/2352 7270/7203/2352
f 7270/7203/2352 7293/7205/2352 7656/7204/2352
f 7670/7206/2352 7708/7206/2352 7822/7207/2352
f 7740/7208/2352 7772/7208/2352 7822/7207/2352
f 7401/7209/2352 7663/7210/2352 7705/7211/2352
f 7656/7204/2352 7293/7205/2352 7316/7194/2352
f 7700/7212/2352 7401/7209/2352 7736/7213/2352
f 7662/7202/2352 7341/7195/2352 7369/7200/2352
f 7230/7180/2352 7529/7197/2352 7528/7187/2352
f 7661/7201/2352 7369/7200/2352 7700/7212/2352
f 7369/7200/2352 7401/7209/2352 7700/7212/2352
f 7230/7180/2352 7557/7179/2352 7555/7198/2352
f 7401/7209/2352 7705/7211/2352 7736/7213/2352
f 8402/5094/2352 8405/7004/2352 8052/7214/2352
f 8052/7214/2352 8079/7215/2352 8402/5094/2352
f 8405/7004/2352 8053/7008/2352 8052/7214/2352
f 7663/7210/2352 7401/7209/2352 7664/7216/2352
f 7664/7216/2352 7401/7209/2352 7434/7217/2352
f 8402/5094/2352 8079/7215/2352 8068/7218/2352
f 8069/7219/2352 8045/7025/2352 8043/7220/2352
f 8402/5094/2352 8068/7218/2352 8069/7219/2352
f 7704/7221/2352 7703/7222/2352 7434/7217/2352
f 7703/7222/2352 7664/7216/2352 7434/7217/2352
f 7706/7223/2352 7704/7221/2352 7434/7217/2352
f 8402/5094/2352 8069/7219/2352 8042/7224/2352
f 8042/7224/2352 8067/7225/2352 8402/5094/2352
f 8069/7219/2352 8043/7220/2352 8042/7224/2352
f 7471/7226/2352 7706/7223/2352 7434/7217/2352
f 7702/7196/2352 7656/7204/2352 7316/7194/2352
f 7665/7227/2352 7506/7228/2352 7666/7018/2352
f 8402/5094/2651 8067/7225/2651 8041/7229/2651
f 8020/7230/2352 7995/7231/2352 8402/5094/2352
f 8402/5094/2652 8041/7229/2652 8020/7230/2652
f 7662/7202/2352 7702/7196/2352 7341/7195/2352
f 7471/7226/2352 7506/7228/2352 7665/7227/2352
f 7666/7018/2352 7506/7228/2352 7534/7232/2352
f 7471/7226/2352 7665/7227/2352 7706/7223/2352
f 8402/5094/2352 7995/7231/2352 7870/7233/2352
f 7946/7234/2352 7919/7235/2352 7870/7233/2352
f 7995/7231/2352 7972/7236/2352 7870/7233/2352
f 7564/7237/2352 7666/7018/2352 7534/7232/2352
f 7564/7237/2352 7595/7238/2352 7666/7018/2352
f 7972/7236/2352 7946/7234/2352 7870/7233/2352
f 7919/7235/2352 7892/7239/2352 7870/7233/2352
f 7666/7018/2352 7595/7238/2352 7629/7240/2352
f 7666/7018/2352 7629/7240/2352 7822/7207/2352
f 7708/7206/2352 7740/7208/2352 7822/7207/2352
f 7892/7239/2352 7864/6702/2352 7870/7233/2352
f 7865/6700/2352 7822/7207/2352 7804/7241/2352
f 7670/7206/2352 7822/7207/2352 7629/7240/2352
f 7822/7207/2352 7772/7208/2352 7804/7241/2352
f 7843/6701/2352 7865/6700/2352 7804/7241/2352
f 7864/6702/2352 7843/6701/2352 7870/7233/2352
f 8405/7242/2341 8402/7243/2341 7982/7244/2341
f 8232/6705/2341 7898/6507/2341 8033/7245/2341
f 8233/7246/2341 8032/7247/2341 8007/7248/2341
f 8007/7248/2341 8006/7249/2341 7898/6507/2341
f 7898/6507/2341 8233/7246/2341 8007/7248/2341
f 7982/7244/2341 7980/7250/2341 8405/7242/2341
f 8005/7251/2341 7981/7252/2341 8402/7243/2341
f 7982/7244/2341 8402/7243/2341 7981/7252/2341
f 7898/6507/2341 8006/7249/2341 8033/7245/2341
f 8033/7245/2341 8056/7253/2341 8133/6553/2341
f 8132/6552/2341 8155/6703/2341 8232/6705/2341
f 8033/7245/2341 8133/6553/2341 8132/6552/2341
f 8005/7251/2341 8402/7243/2341 8232/6705/2341
f 8145/6571/2341 8029/7254/2341 8005/7251/2341
f 8033/7245/2341 8132/6552/2341 8232/6705/2341
f 8160/6704/2341 8145/6571/2341 8005/7251/2341
f 8005/7251/2341 8232/6705/2341 8160/6704/2341
f 8055/6706/2337 8403/6725/2337 8032/6707/2337
f 8124/6708/2337 8103/7255/2337 8102/6709/2337
f 7685/7256/2337 7481/7257/2337 7644/7258/2337
f 7480/7259/2337 7442/7260/2337 7481/7257/2337
f 7409/7261/2337 7603/7262/2337 7410/7263/2337
f 7442/7260/2337 7602/7264/2337 7638/7265/2337
f 7644/7258/2337 7481/7257/2337 7645/7266/2337
f 7638/7265/2337 7481/7257/2337 7442/7260/2337
f 7645/7266/2337 7481/7257/2337 7646/7267/2337
f 7410/7263/2337 7602/7264/2337 7442/7260/2337
f 7447/7268/2337 7482/7269/2337 7712/7270/2337
f 7511/7271/2337 7512/7272/2337 7744/7273/2337
f 7540/7274/2337 7570/7275/2337 7774/7276/2337
f 7601/7277/2337 7636/7278/2337 7806/7279/2337
f 7677/7280/2337 7805/7281/2337 7636/7278/2337
f 7809/7282/2337 7677/7280/2337 7716/7283/2337
f 7810/7284/2653 7848/7285/2653 7876/7286/2653
f 7876/7286/2337 7873/7287/2337 7871/7288/2337
f 7930/7289/2337 7959/7290/2337 7899/7291/2337
f 7989/7292/2337 8014/7293/2337 7927/7294/2337
f 8038/7295/2337 8064/7296/2337 7928/7297/2337
f 8064/7296/2337 7907/7298/2337 7906/7299/2337
f 7959/7290/2337 7989/7292/2337 7900/7300/2337
f 7716/7283/2337 7746/7301/2337 7808/7302/2337
f 7809/7282/2337 7805/7281/2337 7677/7280/2337
f 7570/7275/2337 7601/7277/2337 7773/7303/2337
f 7482/7269/2337 7511/7271/2337 7741/7304/2337
f 7481/7257/2337 7638/7265/2337 7646/7267/2337
f 7410/7263/2337 7603/7262/2337 7602/7264/2337
f 7512/7272/2337 7540/7274/2337 7743/7305/2337
f 7809/7282/2337 7716/7283/2337 7808/7302/2337
f 8014/7293/2337 8038/7295/2337 7928/7297/2337
f 8064/7296/2337 7906/7299/2337 7905/7306/2337
f 7636/7278/2337 7805/7281/2337 7806/7279/2337
f 7409/7261/2337 7637/7307/2337 7603/7262/2337
f 7675/7308/2337 7443/7309/2337 7447/7268/2337
f 7409/7261/2337 7443/7309/2337 7637/7307/2337
f 8064/7296/2337 7905/7306/2337 7928/7297/2337
f 8014/7293/2337 7928/7297/2337 7927/7294/2337
f 7637/7307/2337 7443/7309/2337 7675/7308/2337
f 7713/7310/2337 7712/7270/2337 7482/7269/2337
f 7712/7270/2337 7675/7308/2337 7447/7268/2337
f 7989/7292/2337 7927/7294/2337 7900/7300/2337
f 7959/7290/2337 7900/7300/2337 7899/7291/2337
f 7741/7304/2337 7713/7310/2337 7482/7269/2337
f 7774/7276/2337 7743/7305/2337 7540/7274/2337
f 7744/7273/2337 7741/7304/2337 7511/7271/2337
f 7930/7289/2337 7899/7291/2337 7874/7311/2337
f 7874/7311/2337 7903/7312/2337 7930/7289/2337
f 7743/7305/2337 7744/7273/2337 7512/7272/2337
f 7806/7279/2337 7773/7303/2337 7601/7277/2337
f 7773/7303/2337 7774/7276/2337 7570/7275/2337
f 7874/7311/2337 7873/7287/2337 7903/7312/2337
f 7871/7288/2337 7810/7284/2337 7876/7286/2337
f 7777/6710/2337 7810/7284/2337 7844/6711/2337
f 7873/7287/2337 7876/7286/2337 7903/7312/2337
f 7808/7302/2337 7746/7301/2337 7845/6712/2337
f 7845/6712/2337 7746/7301/2337 7777/6710/2337
f 7844/6711/2337 7810/7284/2337 7871/7288/2337
f 7883/6714/2337 7936/6713/2337 7965/7313/2337
f 7890/7314/2654 7917/7315/2654 7945/7316/2654
f 7863/6715/2655 7891/7317/2655 7890/7314/2655
f 7933/7318/2337 7911/7319/2337 7910/7319/2337
f 7910/7319/2337 7883/6714/2337 7933/7318/2337
f 7890/7314/2337 7945/7316/2337 7863/6715/2337
f 7970/7320/2655 7969/7321/2655 7968/7321/2655
f 7945/7316/2656 7971/7322/2656 7970/7320/2656
f 7933/7318/2337 7883/6714/2337 7991/7323/2337
f 7991/7323/2337 7961/7324/2337 7933/7318/2337
f 8039/7325/2654 8017/7323/2654 7991/7323/2654
f 8040/7326/2657 8066/7327/2657 8039/7325/2657
f 7992/7328/2653 8019/7326/2653 8040/7326/2653
f 7994/7329/2337 7993/7328/2337 7992/7328/2337
f 7963/7330/2337 7964/7330/2337 7994/7329/2337
f 7965/7313/2337 7966/7331/2337 7963/7330/2337
f 7936/6713/2337 7937/7332/2337 7965/7313/2337
f 7938/7333/2656 7939/7333/2656 7936/6713/2656
f 7940/7334/2654 7941/7334/2654 7938/7333/2654
f 7942/7335/2337 7967/7336/2337 7940/7334/2337
f 7968/7321/2653 7943/7337/2653 7942/7335/2653
f 7945/7316/2337 7970/7320/2337 7863/6715/2337
f 7991/7323/2337 7883/6714/2337 8039/7325/2337
f 8040/7326/2337 8039/7325/2337 7883/6714/2337
f 7994/7329/2337 7992/7328/2337 7883/6714/2337
f 7965/7313/2337 7963/7330/2337 7883/6714/2337
f 7938/7333/2337 7936/6713/2337 7863/6715/2337
f 7942/7335/2337 7940/7334/2337 7863/6715/2337
f 7970/7320/2337 7968/7321/2337 7863/6715/2337
f 8040/7326/2337 7883/6714/2337 7992/7328/2337
f 7963/7330/2337 7994/7329/2337 7883/6714/2337
f 7940/7334/2337 7938/7333/2337 7863/6715/2337
f 7863/6715/2337 7968/7321/2337 7942/7335/2337
f 7666/7338/2337 7822/7339/2337 7667/7338/2337
f 7759/7340/2337 7730/7341/2337 7655/7342/2337
f 7822/7339/2337 7792/7343/2337 7759/7340/2337
f 7667/7338/2337 7822/7339/2337 7668/7344/2337
f 7730/7341/2337 7690/7345/2337 7654/7346/2337
f 7653/7347/2337 7615/7348/2337 7617/7349/2337
f 7581/7350/2337 7587/7351/2337 7585/7352/2337
f 7522/7353/2337 7553/7354/2337 7554/7355/2337
f 7464/7356/2337 7428/7357/2337 7525/7358/2337
f 7365/7359/2337 7338/7360/2337 7468/7361/2337
f 7428/7357/2337 7395/6716/2337 7499/6718/2337
f 7551/7362/2337 7587/7351/2337 7581/7350/2337
f 7690/7345/2337 7618/7363/2337 7654/7346/2337
f 7668/7344/2337 7822/7339/2337 7707/7364/2337
f 7707/7364/2337 7822/7339/2337 7692/7365/2337
f 7653/7347/2337 7618/7363/2337 7690/7345/2337
f 7395/6716/2337 7365/7359/2337 7498/6717/2337
f 7312/7366/2337 7289/7367/2337 7463/7368/2337
f 7267/7369/2337 7249/7370/2337 7248/7371/2337
f 7248/7371/2337 7427/7372/2337 7461/7373/2337
f 7285/7374/2337 7310/7375/2337 7393/7376/2337
f 7309/7377/2337 7287/7259/2337 7335/7378/2337
f 7286/7379/2337 7265/7380/2337 7336/7381/2337
f 7392/7382/2337 7362/7383/2337 7265/7380/2337
f 7265/7380/2337 7425/7384/2337 7392/7382/2337
f 7310/7375/2337 7309/7377/2337 7363/7385/2337
f 7267/7369/2337 7248/7371/2337 7461/7373/2337
f 7338/7360/2337 7312/7366/2337 7467/7386/2337
f 7692/7365/2337 7822/7339/2337 7759/7340/2337
f 7655/7342/2337 7692/7365/2337 7759/7340/2337
f 7289/7367/2337 7462/7387/2337 7463/7368/2337
f 7287/7259/2337 7286/7379/2337 7336/7381/2337
f 7265/7380/2337 7362/7383/2337 7336/7381/2337
f 7654/7346/2337 7655/7342/2337 7730/7341/2337
f 7617/7349/2337 7618/7363/2337 7653/7347/2337
f 7615/7348/2337 7584/7388/2337 7617/7349/2337
f 7287/7259/2337 7336/7381/2337 7335/7378/2337
f 7309/7377/2337 7335/7378/2337 7363/7385/2337
f 7615/7348/2337 7581/7350/2337 7584/7388/2337
f 7585/7352/2337 7584/7388/2337 7581/7350/2337
f 7310/7375/2337 7363/7385/2337 7393/7376/2337
f 7426/7389/2337 7268/7390/2337 7285/7374/2337
f 7285/7374/2337 7393/7376/2337 7426/7389/2337
f 7551/7362/2337 7522/7353/2337 7554/7355/2337
f 7554/7355/2337 7587/7351/2337 7551/7362/2337
f 7426/7389/2337 7427/7372/2337 7268/7390/2337
f 7461/7373/2337 7462/7387/2337 7267/7369/2337
f 7427/7372/2337 7248/7371/2337 7268/7390/2337
f 7522/7353/2337 7496/7391/2337 7553/7354/2337
f 7526/7392/2337 7553/7354/2337 7496/7391/2337
f 7526/7392/2337 7496/7391/2337 7464/7356/2337
f 7267/7369/2337 7462/7387/2337 7289/7367/2337
f 7312/7366/2337 7463/7368/2337 7467/7386/2337
f 7525/7358/2337 7526/7392/2337 7464/7356/2337
f 7468/7361/2337 7498/6717/2337 7365/7359/2337
f 7499/6718/2337 7525/7358/2337 7428/7357/2337
f 7338/7360/2337 7467/7386/2337 7468/7361/2337
f 7656/6721/2337 7702/7393/2337 7829/7394/2337
f 7737/7395/2657 7770/7396/2657 7802/7396/2657
f 7702/7393/2656 7738/7397/2656 7737/7395/2656
f 7731/7398/2656 7695/7399/2656 7694/7400/2656
f 7694/7400/2337 7656/6721/2337 7731/7398/2337
f 7737/7395/2337 7802/7396/2337 7702/7393/2337
f 7840/7401/2658 7839/7401/2658 7802/7396/2658
f 7837/7402/2657 7836/7403/2657 7835/7403/2657
f 7839/7401/2659 7838/7404/2659 7837/7402/2659
f 7702/7393/2337 7802/7396/2337 7839/7401/2337
f 7761/7405/2337 7731/7398/2337 7794/7406/2337
f 7866/7407/2653 7825/7408/2653 7794/7406/2653
f 7794/7406/2337 7731/7398/2337 7656/6721/2337
f 7702/7393/2337 7839/7401/2337 7837/7402/2337
f 7837/7402/2337 7835/7403/2337 7702/7393/2337
f 7833/7409/2654 7834/7410/2654 7831/7411/2654
f 7835/7403/2337 7868/7412/2337 7833/7409/2337
f 7794/7406/2337 7656/6721/2337 7866/7407/2337
f 7893/7407/2337 7866/7407/2337 7867/7413/2337
f 7795/7414/2337 7827/7415/2337 7867/7413/2337
f 7867/7413/2337 7866/7407/2337 7656/6721/2337
f 7702/7393/2337 7835/7403/2337 7833/7409/2337
f 7833/7409/2337 7831/7411/2337 7702/7393/2337
f 7829/7394/2337 7830/7416/2337 7800/6719/2337
f 7831/7411/2653 7832/7411/2653 7829/7394/2653
f 7867/7413/2337 7656/6721/2337 7795/7414/2337
f 7796/7414/2337 7795/7414/2337 7797/7417/2337
f 7798/6720/2337 7828/7418/2337 7797/7417/2337
f 7797/7417/2337 7795/7414/2337 7656/6721/2337
f 7702/7393/2337 7831/7411/2337 7829/7394/2337
f 7829/7394/2337 7800/6719/2337 7656/6721/2337
f 7799/6720/2337 7798/6720/2337 7800/6719/2337
f 7797/7417/2337 7656/6721/2337 7798/6720/2337
f 8045/6722/2337 8023/7419/2337 8022/6723/2337
f 8405/5287/2337 7980/6707/2337 8030/6726/2337
f 8002/6725/2337 8004/6725/2337 8030/6726/2337
f 8030/6726/2337 8053/7420/2337 8405/5287/2337
f 8133/7421/2337 8056/7422/2337 8134/7423/2337
f 8072/7424/2337 8073/7425/2337 8179/7426/2337
f 8089/7427/2337 8111/7428/2337 8181/7429/2337
f 8131/7430/2337 8154/7431/2337 8187/7432/2337
f 8169/7433/2337 8183/7434/2337 8198/7435/2337
f 8191/7436/2337 8201/7437/2337 8205/7438/2337
f 8209/7439/2337 8215/7440/2337 8201/7437/2337
f 8218/7441/2337 8221/7442/2337 8207/7443/2337
f 8227/7444/2337 8204/7445/2337 8212/7446/2337
f 8221/7442/2337 8224/7447/2337 8214/7448/2337
f 8201/7437/2337 8215/7440/2337 8205/7438/2337
f 8154/7431/2337 8188/7449/2337 8187/7432/2337
f 8073/7425/2337 8089/7427/2337 8179/7426/2337
f 8134/7423/2337 8056/7422/2337 8135/7450/2337
f 8165/7451/2337 8151/7452/2337 8056/7422/2337
f 8135/7450/2337 8056/7422/2337 8151/7452/2337
f 8111/7428/2337 8131/7430/2337 8180/7453/2337
f 8215/7440/2337 8206/7454/2337 8205/7438/2337
f 8226/7455/2337 8204/7445/2337 8227/7444/2337
f 8216/7456/2337 8211/7457/2337 8197/6729/2337
f 8222/7458/2337 8204/7445/2337 8226/7455/2337
f 8183/7434/2337 8199/7459/2337 8198/7435/2337
f 8165/7451/2337 8056/7422/2337 8166/7460/2337
f 8178/7461/2337 8056/7422/2337 8072/7424/2337
f 8166/7460/2337 8056/7422/2337 8178/7461/2337
f 8218/7441/2337 8207/7443/2337 8215/7440/2337
f 8211/7457/2337 8202/6727/2337 8197/6729/2337
f 8192/7462/2337 8184/7463/2337 8177/7464/2337
f 8156/7465/2337 8136/7466/2337 8158/7467/2337
f 8184/7463/2337 8170/7468/2337 8176/7469/2337
f 8179/7426/2337 8178/7461/2337 8072/7424/2337
f 8181/7429/2337 8179/7426/2337 8089/7427/2337
f 8202/6727/2337 8192/7462/2337 8175/7470/2337
f 8136/7466/2337 8115/7471/2337 8141/7472/2337
f 8096/7473/2337 8077/7474/2337 8143/7475/2337
f 8049/7476/2337 8029/7477/2337 8142/7478/2337
f 8077/7474/2337 8142/7478/2337 8143/7475/2337
f 8170/7468/2337 8156/7465/2337 8159/7479/2337
f 8180/7453/2337 8181/7429/2337 8111/7428/2337
f 8198/7435/2337 8188/7449/2337 8169/7433/2337
f 8187/7432/2337 8180/7453/2337 8131/7430/2337
f 8156/7465/2337 8158/7467/2337 8159/7479/2337
f 8029/7477/2337 8145/7480/2337 8144/7481/2337
f 8029/7477/2337 8144/7481/2337 8117/7482/2337
f 8188/7449/2337 8154/7431/2337 8169/7433/2337
f 8205/7438/2337 8199/7459/2337 8191/7436/2337
f 8207/7443/2337 8206/7454/2337 8215/7440/2337
f 8199/7459/2337 8183/7434/2337 8191/7436/2337
f 8029/7477/2337 8117/7482/2337 8118/7483/2337
f 8118/7483/2337 8142/7478/2337 8029/7477/2337
f 8143/7475/2337 8140/7484/2337 8096/7473/2337
f 8141/7472/2337 8158/7467/2337 8136/7466/2337
f 8049/7476/2337 8142/7478/2337 8077/7474/2337
f 8221/7442/2337 8213/7485/2337 8207/7443/2337
f 8214/7448/2337 8213/7485/2337 8221/7442/2337
f 8224/7447/2337 8227/7444/2337 8214/7448/2337
f 8049/7476/2337 8077/7474/2337 8050/7486/2337
f 8140/7484/2337 8115/7471/2337 8096/7473/2337
f 8214/7448/2337 8227/7444/2337 8212/7446/2337
f 8222/7458/2337 8194/7487/2337 8204/7445/2337
f 8140/7484/2337 8141/7472/2337 8115/7471/2337
f 8170/7468/2337 8159/7479/2337 8176/7469/2337
f 8222/7458/2337 8195/7488/2337 8194/7487/2337
f 8222/7458/2337 8220/7489/2337 8195/7488/2337
f 8184/7463/2337 8176/7469/2337 8177/7464/2337
f 8177/7464/2337 8174/7490/2337 8192/7462/2337
f 8192/7462/2337 8174/7490/2337 8175/7470/2337
f 8195/7488/2337 8220/7489/2337 8216/7456/2337
f 8196/7491/2337 8195/7488/2337 8216/7456/2337
f 8202/6727/2337 8175/7470/2337 8186/6728/2337
f 8197/6729/2337 8196/7491/2337 8216/7456/2337
f 8234/6730/2417 8238/6734/2417 8235/6731/2417
f 8241/6733/2428 8247/6743/2428 8238/6734/2428
f 8240/6738/2421 8235/6731/2421 8244/6741/2421
f 8248/6745/2427 8239/6750/2427 8242/6746/2427
f 8250/6749/2452 8243/6759/2452 8239/6750/2452
f 8244/6752/2405 8258/6761/2405 8252/6753/2405
f 8253/6754/2437 8261/6764/2437 8247/6743/2437
f 8255/6756/2502 8242/6746/2502 8254/6766/2502
f 8256/6767/2413 8243/6770/2413 8263/6768/2413
f 8258/6761/2390 8271/6778/2390 8266/6762/2390
f 8267/6763/2362 8275/6781/2362 8261/6764/2362
f 8265/6777/2403 8256/6767/2403 8270/6775/2403
f 8269/6774/2388 8254/6766/2388 8268/6783/2388
f 8271/6778/2387 8277/6789/2387 8279/6779/2387
f 8280/6780/2432 8285/6791/2432 8275/6781/2432
f 8277/6789/2386 8265/6777/2386 8278/6786/2386
f 8282/6788/2369 8268/6783/2369 8281/6793/2369
f 8290/6799/2343 8285/6795/2343 8287/6794/2343
f 8289/6798/2450 8281/6793/2450 8288/6801/2450
f 8288/5237/2355 8294/6808/2355 8295/6804/2355
f 8296/6806/2340 8290/6799/2340 8293/6802/2340
f 8294/6808/2357 8300/6816/2357 8301/6812/2357
f 8302/6813/2353 8296/6806/2353 8299/6810/2353
f 8300/6816/2368 8302/6813/2368 8305/6817/2368
f 8282/7492/2337 8286/7493/2337 8289/7494/2337
f 8289/7494/2655 8292/7494/2655 8295/6818/2655
f 8295/6818/2653 8298/7495/2653 8301/7495/2653
f 8301/7495/2337 8304/7496/2337 8305/7496/2337
f 8305/7496/2657 8303/7497/2657 8299/7497/2657
f 8299/7497/2653 8297/7498/2653 8293/7499/2653
f 8293/7499/2657 8291/7500/2657 8287/7501/2657
f 8287/7501/2337 8284/7502/2337 8280/7503/2337
f 8280/7503/2337 8274/7503/2337 8267/7504/2337
f 8267/7504/2653 8260/7505/2653 8253/7506/2653
f 8253/7506/2656 8246/7507/2656 8241/7508/2656
f 8241/7508/2657 8237/7509/2657 8234/7510/2657
f 8234/7510/2337 8236/7511/2337 8240/7512/2337
f 8240/7512/2337 8245/7512/2337 8252/7513/2337
f 8252/7513/2653 8259/7514/2653 8266/6819/2653
f 8266/6819/2660 8273/7515/2660 8279/7516/2660
f 8279/7516/2337 8283/7517/2337 8278/7518/2337
f 8278/7518/2653 8272/7519/2653 8270/7519/2653
f 8270/7519/2337 8264/6820/2337 8263/6820/2337
f 8263/6820/2337 8257/7520/2337 8250/7521/2337
f 8250/7521/2654 8251/7522/2654 8248/7523/2654
f 8248/7523/2337 8249/7523/2337 8255/7524/2337
f 8255/7524/2337 8262/7524/2337 8269/7525/2337
f 8269/7525/2656 8276/7525/2656 8282/7492/2656
f 8282/7492/2657 8289/7494/2657 8295/6818/2657
f 8295/6818/2337 8301/7495/2337 8287/7501/2337
f 8305/7496/2337 8299/7497/2337 8301/7495/2337
f 8293/7499/2337 8287/7501/2337 8299/7497/2337
f 8280/7503/2337 8267/7504/2337 8253/7506/2337
f 8253/7506/2337 8241/7508/2337 8280/7503/2337
f 8234/7510/2337 8240/7512/2337 8252/7513/2337
f 8252/7513/2337 8266/6819/2337 8234/7510/2337
f 8279/7516/2337 8278/7518/2337 8266/6819/2337
f 8270/7519/2337 8263/6820/2337 8278/7518/2337
f 8250/7521/2337 8248/7523/2337 8282/7492/2337
f 8255/7524/2337 8269/7525/2337 8282/7492/2337
f 8282/7492/2337 8295/6818/2337 8250/7521/2337
f 8299/7497/2337 8287/7501/2337 8301/7495/2337
f 8280/7503/2337 8241/7508/2337 8287/7501/2337
f 8234/7510/2337 8266/6819/2337 8241/7508/2337
f 8278/7518/2337 8263/6820/2337 8266/6819/2337
f 8248/7523/2337 8255/7524/2337 8282/7492/2337
f 8295/6818/2337 8287/7501/2337 8266/6819/2337
f 8241/7508/2337 8266/6819/2337 8287/7501/2337
f 8263/6820/2337 8250/7521/2337 8295/6818/2337
f 8306/5733/2341 8308/6829/2341 8309/6823/2341
f 8313/6827/2352 8311/6834/2352 8306/6828/2352
f 8312/6829/2347 8307/6844/2347 8316/6832/2347
f 8308/5749/2338 8318/6848/2338 8320/6835/2338
f 8321/6837/2338 8307/6850/2338 8315/6838/2338
f 8315/6840/2347 8311/5352/2347 8323/6841/2347
f 8324/6843/2352 8326/6852/2352 8312/6405/2352
f 8318/6853/2347 8326/6856/2347 8329/6854/2347
f 8321/7526/2337 8322/7527/2337 8323/7528/2337
f 8323/7528/2337 8319/6247/2337 8321/7526/2337
f 8313/7529/2337 8310/7530/2337 8309/7531/2337
f 8309/7531/2337 8314/6317/2337 8316/7532/2337
f 8320/6858/2337 8327/7533/2337 8324/7534/2337
f 8329/7535/2337 8328/7536/2337 8324/7534/2337
f 8317/6859/2337 8316/7532/2337 8314/6317/2337
f 8329/7535/2337 8324/7534/2337 8327/7533/2337
f 8313/7529/2337 8309/7531/2337 8325/7537/2337
f 8321/7526/2337 8319/6247/2337 8325/7537/2337
f 8325/7537/2337 8319/6247/2337 8313/7529/2337
f 8320/6858/2337 8324/7534/2337 8317/6859/2337
f 8316/7532/2337 8325/7537/2337 8309/7531/2337
f 8333/6861/2601 8331/5237/2601 8330/6860/2601
f 8335/6865/2603 8331/6864/2603 8338/6870/2603
f 8340/6871/2604 8333/6861/2604 8336/6866/2604
f 8337/6879/2612 8342/6886/2612 8346/6880/2612
f 8348/6278/2613 8343/6889/2613 8337/6881/2613
f 8344/6876/2661 8338/6870/2661 8350/6883/2661
f 8352/6884/2608 8340/6871/2608 8345/6877/2608
f 8357/6891/2618 8349/6897/2618 8343/6889/2618
f 8342/6886/2620 8354/6899/2620 8360/6887/2620
f 8358/6892/2615 8350/6883/2615 8363/6898/2615
f 8354/6899/2616 8352/6884/2616 8359/6893/2616
f 8366/6896/2621 8361/6905/2621 8349/6897/2621
f 8367/6902/2623 8363/6898/2623 8370/6906/2623
f 8372/6908/2626 8368/6912/2626 8361/6905/2626
f 8373/6909/2625 8370/6906/2625 8376/6913/2625
f 8378/6911/2628 8374/6919/2628 8368/6912/2628
f 8379/6916/2629 8376/6913/2629 8382/6920/2629
f 8384/6918/2633 8380/6926/2633 8374/6919/2633
f 8382/6922/2634 8388/6928/2634 8385/6923/2634
f 8386/6930/2636 8380/6932/2636 8390/6931/2636
f 8388/6928/2639 8395/6939/2639 8393/6935/2639
f 8392/6938/2638 8386/6930/2638 8394/6936/2638
f 8395/6939/2641 8398/6944/2641 8400/6943/2641
f 8398/6944/2662 8392/6938/2662 8399/6942/2662
f 8401/7538/2337 8399/7539/2337 8400/7540/2337
f 8394/6948/2653 8391/7541/2653 8390/7541/2653
f 8399/7539/2337 8396/7542/2337 8394/6948/2337
f 8397/7543/2337 8400/7540/2337 8393/7544/2337
f 8389/7545/2337 8393/7544/2337 8385/7546/2337
f 8379/7547/2337 8383/7546/2337 8385/7546/2337
f 8385/7546/2337 8393/7544/2337 8400/7540/2337
f 8400/7540/2337 8399/7539/2337 8359/6947/2337
f 8394/6948/2337 8390/7541/2337 8384/7548/2337
f 8384/7548/2657 8381/7549/2657 8378/7550/2657
f 8390/7541/2337 8387/7551/2337 8384/7548/2337
f 8385/7546/2337 8400/7540/2337 8335/7552/2337
f 8377/7553/2337 8379/7547/2337 8373/7553/2337
f 8371/7554/2337 8373/7553/2337 8367/7555/2337
f 8364/7556/2337 8367/7555/2337 8358/7557/2337
f 8351/7558/2653 8358/7557/2653 8344/7559/2653
f 8335/7552/2337 8339/7560/2337 8344/7559/2337
f 8344/7559/2337 8358/7557/2337 8367/7555/2337
f 8367/7555/2337 8373/7553/2337 8385/7546/2337
f 8379/7547/2337 8385/7546/2337 8373/7553/2337
f 8394/6948/2337 8384/7548/2337 8372/7561/2337
f 8378/7550/2656 8375/7562/2656 8372/7561/2656
f 8372/7561/2653 8369/7563/2653 8366/7564/2653
f 8366/7564/2653 8362/7565/2653 8357/6946/2653
f 8357/6946/2337 8356/6946/2337 8348/7566/2337
f 8348/7566/2337 8347/7567/2337 8346/7567/2337
f 8346/7567/2655 8355/7568/2655 8360/7569/2655
f 8360/7569/2657 8365/7570/2657 8359/6947/2657
f 8359/6947/2660 8353/7571/2660 8345/7572/2660
f 8345/7572/2660 8341/7573/2660 8336/7574/2660
f 8336/7574/2663 8334/7575/2663 8330/7575/2663
f 8330/7575/2337 8332/7576/2337 8335/7552/2337
f 8335/7552/2337 8344/7559/2337 8367/7555/2337
f 8367/7555/2337 8385/7546/2337 8335/7552/2337
f 8384/7548/2337 8378/7550/2337 8372/7561/2337
f 8372/7561/2337 8366/7564/2337 8357/6946/2337
f 8357/6946/2337 8348/7566/2337 8359/6947/2337
f 8346/7567/2337 8360/7569/2337 8359/6947/2337
f 8359/6947/2337 8345/7572/2337 8330/7575/2337
f 8336/7574/2337 8330/7575/2337 8345/7572/2337
f 8335/7552/2337 8400/7540/2337 8359/6947/2337
f 8394/6948/2337 8372/7561/2337 8357/6946/2337
f 8348/7566/2337 8346/7567/2337 8359/6947/2337
f 8359/6947/2337 8330/7575/2337 8335/7552/2337
f 8399/7539/2337 8394/6948/2337 8359/6947/2337
