# Blender 4.2.3 LTS
# www.blender.org
o Base_-_Squad_-__Mode.001_Plane.010
v 0.764264 0.076250 -0.103690
v 0.779237 0.076250 0.000000
v 0.432921 0.076250 -0.294177
v 0.432921 0.165082 -0.294177
v 0.432920 0.165082 0.294177
v 0.779237 0.165083 0.000000
v -0.551004 0.165083 0.294177
v -0.647912 0.076250 0.295283
v -0.551004 0.076250 0.294177
v -0.298202 0.165083 0.294177
v -0.432921 0.076250 0.294177
v -0.298202 0.076250 0.294177
v -0.000001 0.165083 0.294177
v -0.152022 0.076250 0.294177
v -0.000001 0.076250 0.294177
v 0.298200 0.076250 0.294177
v 0.152021 0.165083 0.294177
v 0.152021 0.076250 0.294177
v 0.432920 0.076250 0.294177
v 0.298200 0.165083 0.294177
v 0.719921 0.076250 0.203395
v 0.647912 0.165082 0.295284
v 0.647912 0.076250 0.295284
v 0.764264 0.165083 0.103690
v 0.764264 0.076250 0.103690
v 0.719921 0.165083 -0.203395
v 0.719921 0.076250 -0.203395
v 0.647912 0.165082 -0.295284
v 0.647912 0.076250 -0.295284
v 0.551004 0.076250 -0.294177
v 0.152022 0.165083 -0.294177
v 0.298201 0.076250 -0.294177
v 0.152022 0.076250 -0.294177
v -0.152022 0.076250 -0.294177
v 0.000000 0.165083 -0.294177
v 0.000000 0.076250 -0.294177
v -0.551003 0.165083 -0.294177
v -0.432921 0.076250 -0.294177
v -0.551003 0.076250 -0.294177
v -0.719921 0.165083 -0.203395
v -0.647912 0.076250 -0.295284
v -0.719921 0.076250 -0.203395
v -0.779237 0.165083 0.000000
v -0.764264 0.076250 -0.103690
v -0.779237 0.076250 0.000000
v -0.719921 0.165083 0.203394
v -0.764264 0.076250 0.103689
v -0.719921 0.076250 0.203394
v 0.551003 0.165083 0.294177
v 0.551003 0.076250 0.294177
v 0.764264 0.165083 -0.103690
v 0.298201 0.165083 -0.294177
v -0.298201 0.165083 -0.294177
v -0.298201 0.076250 -0.294177
v -0.647912 0.165083 -0.295284
v -0.764264 0.165083 0.103689
v -0.647912 0.165083 0.295283
v -0.152022 0.165083 0.294177
v 0.551004 0.165083 -0.294177
v -0.764264 0.165083 -0.103690
v -0.432921 0.165083 0.294177
v -0.432921 0.165083 -0.294177
v -0.152022 0.165083 -0.294177
v 0.719921 0.165083 0.203395
vn -0.0000 -1.0000 -0.0000
vn -0.0000 1.0000 -0.0000
vn 0.0114 -0.0000 0.9999
vn -0.0000 -0.0000 1.0000
vn 0.7871 -0.0000 0.6168
vn 0.9137 -0.0000 0.4064
vn 0.9137 -0.0000 -0.4064
vn 0.7871 -0.0000 -0.6168
vn -0.0000 -0.0000 -1.0000
vn -0.7871 -0.0000 -0.6168
vn -0.9897 -0.0000 -0.1429
vn -0.9137 -0.0000 0.4064
vn -0.0114 -0.0000 0.9999
vn 0.9897 -0.0000 -0.1429
vn 0.0114 -0.0000 -0.9999
vn -0.9897 -0.0000 0.1429
vn -0.7871 -0.0000 0.6168
vn 0.9897 -0.0000 0.1429
vn -0.0114 -0.0000 -0.9999
vn -0.9137 -0.0000 -0.4064
vt 0.924600 0.087300
vt 0.921300 0.087800
vt 0.930800 0.076600
vt 0.949700 0.076600
vt 0.940300 0.087800
vt 0.949700 0.040900
vt 0.952600 0.037800
vt 0.952600 0.040900
vt 0.949700 0.049000
vt 0.952600 0.044700
vt 0.952600 0.049000
vt 0.949700 0.058500
vt 0.952600 0.053700
vt 0.952600 0.058500
vt 0.952600 0.068100
vt 0.949700 0.063400
vt 0.952600 0.063400
vt 0.952600 0.072400
vt 0.949700 0.068100
vt 0.955400 0.053900
vt 0.958300 0.056500
vt 0.955400 0.056500
vt 0.958300 0.050900
vt 0.955400 0.050900
vt 0.958300 0.041000
vt 0.955400 0.044300
vt 0.955400 0.041000
vt 0.958300 0.037800
vt 0.955400 0.037800
vt 0.955400 0.040900
vt 0.955400 0.044700
vt 0.955400 0.049000
vt 0.955400 0.053700
vt 0.955400 0.063400
vt 0.955400 0.058500
vt 0.952600 0.076200
vt 0.955400 0.072400
vt 0.955400 0.076200
vt 0.955400 0.059100
vt 0.958300 0.059100
vt 0.955400 0.065400
vt 0.958300 0.062100
vt 0.958300 0.065400
vt 0.955400 0.072100
vt 0.958300 0.068700
vt 0.958300 0.072100
vt 0.952600 0.079300
vt 0.949700 0.076200
vt 0.958300 0.044300
vt 0.955400 0.047700
vt 0.955400 0.068100
vt 0.955400 0.079300
vt 0.955400 0.068700
vt 0.955400 0.075300
vt 0.958300 0.075300
vt 0.949700 0.053700
vt 0.949700 0.072400
vt 0.958300 0.047700
vt 0.955400 0.062100
vt 0.918000 0.038200
vt 0.911900 0.048900
vt 0.911900 0.045100
vt 0.924600 0.038200
vt 0.927800 0.039700
vt 0.930800 0.045100
vt 0.930800 0.042000
vt 0.914800 0.039700
vt 0.911800 0.042000
vt 0.911900 0.053200
vt 0.930800 0.048900
vt 0.921300 0.037800
vt 0.930800 0.053200
vt 0.930800 0.057900
vt 0.911900 0.057900
vt 0.930800 0.067600
vt 0.930800 0.072300
vt 0.911900 0.072300
vt 0.930800 0.062800
vt 0.911900 0.062800
vt 0.911900 0.076600
vt 0.911900 0.067600
vt 0.930800 0.080400
vt 0.930800 0.083500
vt 0.927800 0.085900
vt 0.914800 0.085900
vt 0.911800 0.083500
vt 0.911900 0.080400
vt 0.918000 0.087300
vt 0.933700 0.039700
vt 0.936900 0.038200
vt 0.940300 0.037800
vt 0.943600 0.038200
vt 0.949700 0.048900
vt 0.946800 0.039700
vt 0.949700 0.042000
vt 0.949700 0.045100
vt 0.949700 0.057900
vt 0.949700 0.062800
vt 0.949700 0.067600
vt 0.949700 0.053200
vt 0.949700 0.072300
vt 0.949700 0.080400
vt 0.949700 0.083500
vt 0.946800 0.085900
vt 0.943600 0.087300
vt 0.936900 0.087300
vt 0.933700 0.085900
vt 0.949700 0.037800
vt 0.949700 0.044700
vt 0.958300 0.053900
vt 0.949700 0.079300
s 0
f 1/1/1 2/2/1 3/3/1
f 4/3/2 5/4/2 6/5/2
f 7/6/3 8/7/3 9/8/3
f 10/9/4 11/10/4 12/11/4
f 13/12/4 14/13/4 15/14/4
f 16/15/4 17/16/4 18/17/4
f 19/18/4 20/19/4 16/15/4
f 21/20/5 22/21/5 23/22/5
f 24/23/6 21/20/6 25/24/6
f 26/25/7 1/26/7 27/27/7
f 28/28/8 27/27/8 29/29/8
f 4/10/9 30/30/9 3/31/9
f 31/13/9 32/32/9 33/33/9
f 34/34/9 35/14/9 36/35/9
f 37/36/9 38/37/9 39/38/9
f 40/39/10 41/21/10 42/40/10
f 43/41/11 44/42/11 45/43/11
f 46/44/12 47/45/12 48/46/12
f 11/10/4 7/6/4 9/8/4
f 17/16/4 15/14/4 18/17/4
f 23/47/13 49/48/13 50/36/13
f 51/49/14 2/50/14 1/26/14
f 52/11/9 3/31/9 32/32/9
f 53/15/9 34/34/9 54/51/9
f 55/47/15 39/38/15 41/52/15
f 56/53/16 45/43/16 47/45/16
f 57/54/17 48/46/17 8/55/17
f 58/56/4 12/11/4 14/13/4
f 50/36/4 5/57/4 19/18/4
f 6/58/18 25/24/18 2/50/18
f 59/8/19 29/29/19 30/30/19
f 35/14/9 33/33/9 36/35/9
f 38/37/9 53/15/9 54/51/9
f 60/59/20 42/40/20 44/42/20
f 47/60/1 11/61/1 9/62/1
f 44/63/1 42/64/1 39/65/1
f 42/64/1 41/66/1 39/65/1
f 48/67/1 47/60/1 9/62/1
f 9/62/1 8/68/1 48/67/1
f 12/69/1 11/61/1 38/70/1
f 47/60/1 45/71/1 11/61/1
f 44/63/1 39/65/1 38/70/1
f 54/72/1 34/73/1 14/74/1
f 44/63/1 38/70/1 45/71/1
f 11/61/1 45/71/1 38/70/1
f 14/74/1 12/69/1 54/72/1
f 38/70/1 54/72/1 12/69/1
f 33/75/1 32/76/1 16/77/1
f 34/73/1 36/78/1 15/79/1
f 15/79/1 14/74/1 34/73/1
f 19/80/1 16/77/1 32/76/1
f 18/81/1 15/79/1 36/78/1
f 36/78/1 33/75/1 18/81/1
f 30/82/1 29/83/1 27/84/1
f 32/76/1 3/3/1 19/80/1
f 16/77/1 18/81/1 33/75/1
f 21/85/1 23/86/1 50/87/1
f 50/87/1 19/80/1 25/88/1
f 3/3/1 2/2/1 19/80/1
f 27/84/1 1/1/1 30/82/1
f 2/2/1 25/88/1 19/80/1
f 21/85/1 50/87/1 25/88/1
f 30/82/1 1/1/1 3/3/1
f 40/89/2 60/90/2 37/65/2
f 43/91/2 56/92/2 61/93/2
f 46/94/2 57/95/2 7/96/2
f 7/96/2 61/93/2 56/92/2
f 58/97/2 13/98/2 35/78/2
f 46/94/2 7/96/2 56/92/2
f 13/98/2 17/99/2 31/75/2
f 61/93/2 62/70/2 43/91/2
f 60/90/2 43/91/2 62/70/2
f 37/65/2 55/66/2 40/89/2
f 63/73/2 53/72/2 58/97/2
f 62/70/2 37/65/2 60/90/2
f 61/93/2 10/100/2 62/70/2
f 17/99/2 20/101/2 31/75/2
f 49/102/2 22/103/2 64/104/2
f 10/100/2 53/72/2 62/70/2
f 5/4/2 49/102/2 24/105/2
f 64/104/2 24/105/2 49/102/2
f 6/5/2 51/106/2 4/3/2
f 26/107/2 28/83/2 59/82/2
f 4/3/2 52/76/2 5/4/2
f 26/107/2 59/82/2 51/106/2
f 24/105/2 6/5/2 5/4/2
f 20/101/2 52/76/2 31/75/2
f 53/72/2 10/100/2 58/97/2
f 31/75/2 35/78/2 13/98/2
f 59/82/2 4/3/2 51/106/2
f 5/4/2 52/76/2 20/101/2
f 35/78/2 63/73/2 58/97/2
f 7/6/3 57/108/3 8/7/3
f 10/9/4 61/109/4 11/10/4
f 13/12/4 58/56/4 14/13/4
f 16/15/4 20/19/4 17/16/4
f 19/18/4 5/57/4 20/19/4
f 21/20/5 64/110/5 22/21/5
f 24/23/6 64/110/6 21/20/6
f 26/25/7 51/49/7 1/26/7
f 28/28/8 26/25/8 27/27/8
f 4/10/9 59/8/9 30/30/9
f 31/13/9 52/11/9 32/32/9
f 34/34/9 63/17/9 35/14/9
f 37/36/9 62/18/9 38/37/9
f 40/39/10 55/22/10 41/21/10
f 43/41/11 60/59/11 44/42/11
f 46/44/12 56/53/12 47/45/12
f 11/10/4 61/109/4 7/6/4
f 17/16/4 13/12/4 15/14/4
f 23/47/13 22/111/13 49/48/13
f 51/49/14 6/58/14 2/50/14
f 52/11/9 4/10/9 3/31/9
f 53/15/9 63/17/9 34/34/9
f 55/47/15 37/36/15 39/38/15
f 56/53/16 43/41/16 45/43/16
f 57/54/17 46/44/17 48/46/17
f 58/56/4 10/9/4 12/11/4
f 50/36/4 49/48/4 5/57/4
f 6/58/18 24/23/18 25/24/18
f 59/8/19 28/7/19 29/29/19
f 35/14/9 31/13/9 33/33/9
f 38/37/9 62/18/9 53/15/9
f 60/59/20 40/39/20 42/40/20
o Base_-Squad_-_Unique_Ring_Flat_Torus.008
v 0.544822 0.256345 0.000155
v 0.534364 0.256345 -0.106024
v 0.510100 0.273986 -0.101198
v 0.520083 0.273986 0.000155
v 0.520083 0.273986 0.000155
v 0.510100 0.273986 -0.101198
v 0.461573 0.273986 -0.091545
v 0.470605 0.273986 0.000155
v 0.470605 0.273986 0.000155
v 0.461573 0.273986 -0.091545
v 0.437310 0.256345 -0.086719
v 0.445866 0.256345 0.000155
v 0.445866 0.256345 0.000155
v 0.437310 0.256345 -0.086719
v 0.461573 0.213115 -0.091545
v 0.470605 0.213115 0.000155
v 0.470605 0.213115 0.000155
v 0.461573 0.213115 -0.091545
v 0.510100 0.213115 -0.101198
v 0.520083 0.213115 0.000155
v 0.544822 0.256345 0.000155
v 0.520083 0.213115 0.000155
v 0.510100 0.213115 -0.101198
v 0.534364 0.256345 -0.106024
v 0.503393 0.256345 -0.208122
v 0.480537 0.273986 -0.198655
v 0.480537 0.273986 -0.198655
v 0.434825 0.273986 -0.179721
v 0.434825 0.273986 -0.179721
v 0.411970 0.256345 -0.170254
v 0.411970 0.256345 -0.170254
v 0.434825 0.213115 -0.179721
v 0.434825 0.213115 -0.179721
v 0.480537 0.213115 -0.198655
v 0.480537 0.213115 -0.198655
v 0.503393 0.256345 -0.208122
v 0.453098 0.256345 -0.302217
v 0.432528 0.273986 -0.288473
v 0.432528 0.273986 -0.288473
v 0.391389 0.273986 -0.260984
v 0.391389 0.273986 -0.260984
v 0.370820 0.256345 -0.247240
v 0.370820 0.256345 -0.247240
v 0.391389 0.213115 -0.260984
v 0.391389 0.213115 -0.260984
v 0.432528 0.213115 -0.288473
v 0.432528 0.213115 -0.288473
v 0.453098 0.256345 -0.302217
v 0.385413 0.256345 -0.384692
v 0.367920 0.273986 -0.367199
v 0.367920 0.273986 -0.367199
v 0.332934 0.273986 -0.332212
v 0.332934 0.273986 -0.332212
v 0.315441 0.256345 -0.314719
v 0.315441 0.256345 -0.314719
v 0.332934 0.213115 -0.332212
v 0.332934 0.213115 -0.332212
v 0.367920 0.213115 -0.367199
v 0.367920 0.213115 -0.367199
v 0.385413 0.256345 -0.384692
v 0.302938 0.256345 -0.452377
v 0.289194 0.273986 -0.431807
v 0.289194 0.273986 -0.431807
v 0.261706 0.273986 -0.390668
v 0.261706 0.273986 -0.390668
v 0.247962 0.256345 -0.370098
v 0.247962 0.256345 -0.370098
v 0.261706 0.213115 -0.390668
v 0.261706 0.213115 -0.390668
v 0.289194 0.213115 -0.431807
v 0.289194 0.213115 -0.431807
v 0.302938 0.256345 -0.452377
v 0.208844 0.256345 -0.502671
v 0.199377 0.273986 -0.479815
v 0.199377 0.273986 -0.479815
v 0.180442 0.273986 -0.434104
v 0.180442 0.273986 -0.434104
v 0.170975 0.256345 -0.411248
v 0.170975 0.256345 -0.411248
v 0.180442 0.213115 -0.434104
v 0.180442 0.213115 -0.434104
v 0.199377 0.213115 -0.479815
v 0.199377 0.213115 -0.479815
v 0.208844 0.256345 -0.502671
v 0.106745 0.256345 -0.533642
v 0.101919 0.273986 -0.509379
v 0.101919 0.273986 -0.509379
v 0.092266 0.273986 -0.460852
v 0.092266 0.273986 -0.460852
v 0.087440 0.256345 -0.436588
v 0.087440 0.256345 -0.436588
v 0.092266 0.213115 -0.460852
v 0.092266 0.213115 -0.460852
v 0.101919 0.213115 -0.509379
v 0.101919 0.213115 -0.509379
v 0.106745 0.256345 -0.533642
v 0.000566 0.256345 -0.544100
v 0.000566 0.273986 -0.519361
v 0.000566 0.273986 -0.519361
v 0.000566 0.273986 -0.469884
v 0.000566 0.273986 -0.469884
v 0.000566 0.256345 -0.445145
v 0.000566 0.256345 -0.445145
v 0.000566 0.213115 -0.469884
v 0.000566 0.213115 -0.469884
v 0.000566 0.213115 -0.519361
v 0.000566 0.213115 -0.519361
v 0.000566 0.256345 -0.544100
v -0.105613 0.256345 -0.533642
v -0.100786 0.273986 -0.509379
v -0.100786 0.273986 -0.509379
v -0.091134 0.273986 -0.460852
v -0.091134 0.273986 -0.460852
v -0.086307 0.256345 -0.436588
v -0.086307 0.256345 -0.436588
v -0.091134 0.213115 -0.460852
v -0.091134 0.213115 -0.460852
v -0.100786 0.213115 -0.509379
v -0.100786 0.213115 -0.509379
v -0.105613 0.256345 -0.533642
v -0.207711 0.256345 -0.502671
v -0.198244 0.273986 -0.479815
v -0.198244 0.273986 -0.479815
v -0.179310 0.273986 -0.434104
v -0.179310 0.273986 -0.434104
v -0.169842 0.256345 -0.411248
v -0.169842 0.256345 -0.411248
v -0.179310 0.213115 -0.434104
v -0.179310 0.213115 -0.434104
v -0.198244 0.213115 -0.479815
v -0.198244 0.213115 -0.479815
v -0.207711 0.256345 -0.502671
v -0.301805 0.256345 -0.452377
v -0.288061 0.273986 -0.431807
v -0.288061 0.273986 -0.431807
v -0.260573 0.273986 -0.390668
v -0.260573 0.273986 -0.390668
v -0.246829 0.256345 -0.370098
v -0.246829 0.256345 -0.370098
v -0.260573 0.213115 -0.390668
v -0.260573 0.213115 -0.390668
v -0.288061 0.213115 -0.431807
v -0.288061 0.213115 -0.431807
v -0.301805 0.256345 -0.452377
v -0.384280 0.256345 -0.384691
v -0.366787 0.273986 -0.367198
v -0.366787 0.273986 -0.367198
v -0.331801 0.273986 -0.332212
v -0.331801 0.273986 -0.332212
v -0.314308 0.256345 -0.314719
v -0.314308 0.256345 -0.314719
v -0.331801 0.213115 -0.332212
v -0.331801 0.213115 -0.332212
v -0.366787 0.213115 -0.367198
v -0.366787 0.213115 -0.367198
v -0.384280 0.256345 -0.384691
v -0.451965 0.256345 -0.302217
v -0.431396 0.273986 -0.288473
v -0.431396 0.273986 -0.288473
v -0.390256 0.273986 -0.260985
v -0.390256 0.273986 -0.260985
v -0.369687 0.256345 -0.247240
v -0.369687 0.256345 -0.247240
v -0.390256 0.213115 -0.260985
v -0.390256 0.213115 -0.260985
v -0.431396 0.213115 -0.288473
v -0.431396 0.213115 -0.288473
v -0.451965 0.256345 -0.302217
v -0.502260 0.256345 -0.208122
v -0.479404 0.273986 -0.198655
v -0.479404 0.273986 -0.198655
v -0.433693 0.273986 -0.179721
v -0.433693 0.273986 -0.179721
v -0.410837 0.256345 -0.170254
v -0.410837 0.256345 -0.170254
v -0.433693 0.213115 -0.179721
v -0.433693 0.213115 -0.179721
v -0.479404 0.213115 -0.198655
v -0.479404 0.213115 -0.198655
v -0.502260 0.256345 -0.208122
v -0.533231 0.256345 -0.106024
v -0.508968 0.273986 -0.101198
v -0.508968 0.273986 -0.101198
v -0.460441 0.273986 -0.091545
v -0.460441 0.273986 -0.091545
v -0.436177 0.256345 -0.086719
v -0.436177 0.256345 -0.086719
v -0.460441 0.213115 -0.091545
v -0.460441 0.213115 -0.091545
v -0.508968 0.213115 -0.101198
v -0.508968 0.213115 -0.101198
v -0.533231 0.256345 -0.106024
v -0.543689 0.256345 0.000155
v -0.518950 0.273986 0.000155
v -0.518950 0.273986 0.000155
v -0.469472 0.273986 0.000155
v -0.469472 0.273986 0.000155
v -0.444733 0.256345 0.000155
v -0.444733 0.256345 0.000155
v -0.469472 0.213115 0.000155
v -0.469472 0.213115 0.000155
v -0.518950 0.213115 0.000155
v -0.518950 0.213115 0.000155
v -0.543689 0.256345 0.000155
v -0.533231 0.256345 0.106334
v -0.508968 0.273986 0.101508
v -0.508968 0.273986 0.101508
v -0.460441 0.273986 0.091855
v -0.460441 0.273986 0.091855
v -0.436177 0.256345 0.087029
v -0.436177 0.256345 0.087029
v -0.460441 0.213115 0.091855
v -0.460441 0.213115 0.091855
v -0.508968 0.213115 0.101508
v -0.508968 0.213115 0.101508
v -0.533231 0.256345 0.106334
v -0.502260 0.256345 0.208432
v -0.479404 0.273986 0.198965
v -0.479404 0.273986 0.198965
v -0.433693 0.273986 0.180031
v -0.433693 0.273986 0.180031
v -0.410837 0.256345 0.170564
v -0.410837 0.256345 0.170564
v -0.433693 0.213115 0.180031
v -0.433693 0.213115 0.180031
v -0.479404 0.213115 0.198965
v -0.479404 0.213115 0.198965
v -0.502260 0.256345 0.208432
v -0.451965 0.256345 0.302527
v -0.431396 0.273986 0.288783
v -0.431396 0.273986 0.288783
v -0.390256 0.273986 0.261295
v -0.390256 0.273986 0.261295
v -0.369687 0.256345 0.247550
v -0.369687 0.256345 0.247550
v -0.390256 0.213115 0.261295
v -0.390256 0.213115 0.261295
v -0.431396 0.213115 0.288783
v -0.431396 0.213115 0.288783
v -0.451965 0.256345 0.302527
v -0.384280 0.256345 0.385001
v -0.366787 0.273986 0.367508
v -0.366787 0.273986 0.367508
v -0.331801 0.273986 0.332522
v -0.331801 0.273986 0.332522
v -0.314308 0.256345 0.315029
v -0.314308 0.256345 0.315029
v -0.331801 0.213115 0.332522
v -0.331801 0.213115 0.332522
v -0.366787 0.213115 0.367508
v -0.366787 0.213115 0.367508
v -0.384280 0.256345 0.385001
v -0.301806 0.256345 0.452686
v -0.288062 0.273986 0.432117
v -0.288062 0.273986 0.432117
v -0.260573 0.273986 0.390978
v -0.260573 0.273986 0.390978
v -0.246829 0.256345 0.370408
v -0.246829 0.256345 0.370408
v -0.260573 0.213115 0.390978
v -0.260573 0.213115 0.390978
v -0.288062 0.213115 0.432117
v -0.288062 0.213115 0.432117
v -0.301806 0.256345 0.452686
v -0.207711 0.256345 0.502981
v -0.198244 0.273986 0.480125
v -0.198244 0.273986 0.480125
v -0.179310 0.273986 0.434414
v -0.179310 0.273986 0.434414
v -0.169842 0.256345 0.411558
v -0.169842 0.256345 0.411558
v -0.179310 0.213115 0.434414
v -0.179310 0.213115 0.434414
v -0.198244 0.213115 0.480125
v -0.198244 0.213115 0.480125
v -0.207711 0.256345 0.502981
v -0.105613 0.256345 0.533952
v -0.100787 0.273986 0.509689
v -0.100787 0.273986 0.509689
v -0.091134 0.273986 0.461162
v -0.091134 0.273986 0.461162
v -0.086307 0.256345 0.436898
v -0.086307 0.256345 0.436898
v -0.091134 0.213115 0.461162
v -0.091134 0.213115 0.461162
v -0.100787 0.213115 0.509689
v -0.100787 0.213115 0.509689
v -0.105613 0.256345 0.533952
v 0.000566 0.256345 0.544410
v 0.000566 0.273986 0.519671
v 0.000566 0.273986 0.519671
v 0.000566 0.273986 0.470194
v 0.000566 0.273986 0.470194
v 0.000566 0.256345 0.445455
v 0.000566 0.256345 0.445455
v 0.000566 0.213115 0.470194
v 0.000566 0.213115 0.470194
v 0.000566 0.213115 0.519671
v 0.000566 0.213115 0.519671
v 0.000566 0.256345 0.544410
v 0.106745 0.256345 0.533953
v 0.101919 0.273986 0.509689
v 0.101919 0.273986 0.509689
v 0.092266 0.273986 0.461162
v 0.092266 0.273986 0.461162
v 0.087440 0.256345 0.436898
v 0.087440 0.256345 0.436898
v 0.092266 0.213115 0.461162
v 0.092266 0.213115 0.461162
v 0.101919 0.213115 0.509689
v 0.101919 0.213115 0.509689
v 0.106745 0.256345 0.533953
v 0.208844 0.256345 0.502981
v 0.199377 0.273986 0.480125
v 0.199377 0.273986 0.480125
v 0.180442 0.273986 0.434414
v 0.180442 0.273986 0.434414
v 0.170975 0.256345 0.411558
v 0.170975 0.256345 0.411558
v 0.180442 0.213115 0.434414
v 0.180442 0.213115 0.434414
v 0.199377 0.213115 0.480125
v 0.199377 0.213115 0.480125
v 0.208844 0.256345 0.502981
v 0.302938 0.256345 0.452687
v 0.289194 0.273986 0.432117
v 0.289194 0.273986 0.432117
v 0.261706 0.273986 0.390978
v 0.261706 0.273986 0.390978
v 0.247962 0.256345 0.370408
v 0.247962 0.256345 0.370408
v 0.261706 0.213115 0.390978
v 0.261706 0.213115 0.390978
v 0.289194 0.213115 0.432117
v 0.289194 0.213115 0.432117
v 0.302938 0.256345 0.452687
v 0.385413 0.256345 0.385002
v 0.367920 0.273986 0.367509
v 0.367920 0.273986 0.367509
v 0.332934 0.273986 0.332523
v 0.332934 0.273986 0.332523
v 0.315441 0.256345 0.315030
v 0.315441 0.256345 0.315030
v 0.332934 0.213115 0.332523
v 0.332934 0.213115 0.332523
v 0.367920 0.213115 0.367509
v 0.367920 0.213115 0.367509
v 0.385413 0.256345 0.385002
v 0.453098 0.256345 0.302527
v 0.432528 0.273986 0.288783
v 0.432528 0.273986 0.288783
v 0.391389 0.273986 0.261294
v 0.391389 0.273986 0.261294
v 0.370820 0.256345 0.247550
v 0.370820 0.256345 0.247550
v 0.391389 0.213115 0.261294
v 0.391389 0.213115 0.261294
v 0.432528 0.213115 0.288783
v 0.432528 0.213115 0.288783
v 0.453098 0.256345 0.302527
v 0.503393 0.256345 0.208433
v 0.480537 0.273986 0.198965
v 0.480537 0.273986 0.198965
v 0.434825 0.273986 0.180031
v 0.434825 0.273986 0.180031
v 0.411970 0.256345 0.170564
v 0.411970 0.256345 0.170564
v 0.434825 0.213115 0.180031
v 0.434825 0.213115 0.180031
v 0.480537 0.213115 0.198965
v 0.480537 0.213115 0.198965
v 0.503393 0.256345 0.208433
v 0.534364 0.256345 0.106334
v 0.510100 0.273986 0.101508
v 0.510100 0.273986 0.101508
v 0.461573 0.273986 0.091855
v 0.461573 0.273986 0.091855
v 0.437310 0.256345 0.087029
v 0.437310 0.256345 0.087029
v 0.461573 0.213115 0.091855
v 0.461573 0.213115 0.091855
v 0.510100 0.213115 0.101508
v 0.510100 0.213115 0.101508
v 0.534364 0.256345 0.106334
vn 0.5796 0.8129 -0.0571
vn -0.0000 1.0000 -0.0000
vn -0.5796 0.8129 0.0571
vn -0.8648 -0.4949 0.0852
vn -0.0000 -1.0000 -0.0000
vn 0.8648 -0.4949 -0.0852
vn 0.5574 0.8129 -0.1691
vn -0.5574 0.8129 0.1691
vn -0.8316 -0.4949 0.2522
vn 0.8315 -0.4949 -0.2522
vn 0.5137 0.8129 -0.2746
vn -0.5137 0.8129 0.2746
vn -0.7664 -0.4949 0.4096
vn 0.7664 -0.4949 -0.4096
vn 0.4502 0.8129 -0.3695
vn -0.4502 0.8129 0.3695
vn -0.6717 -0.4949 0.5513
vn 0.6717 -0.4949 -0.5513
vn 0.3695 0.8129 -0.4502
vn -0.3695 0.8129 0.4502
vn -0.5513 -0.4949 0.6717
vn 0.5513 -0.4949 -0.6717
vn 0.2746 0.8129 -0.5137
vn -0.2746 0.8129 0.5137
vn -0.4096 -0.4949 0.7664
vn 0.4096 -0.4949 -0.7664
vn 0.1691 0.8129 -0.5574
vn -0.1691 0.8129 0.5574
vn -0.2522 -0.4949 0.8315
vn 0.2522 -0.4949 -0.8315
vn 0.0571 0.8129 -0.5796
vn -0.0571 0.8129 0.5796
vn -0.0852 -0.4949 0.8648
vn 0.0852 -0.4949 -0.8648
vn -0.0571 0.8129 -0.5796
vn 0.0571 0.8129 0.5796
vn 0.0852 -0.4949 0.8648
vn -0.0852 -0.4949 -0.8648
vn -0.1691 0.8129 -0.5574
vn 0.1691 0.8129 0.5574
vn 0.2522 -0.4949 0.8315
vn -0.2522 -0.4949 -0.8315
vn -0.2746 0.8129 -0.5137
vn 0.2746 0.8129 0.5137
vn 0.4096 -0.4949 0.7664
vn -0.4096 -0.4949 -0.7664
vn -0.3695 0.8129 -0.4502
vn 0.3695 0.8129 0.4502
vn 0.5513 -0.4949 0.6717
vn -0.5513 -0.4949 -0.6717
vn -0.4502 0.8129 -0.3695
vn 0.4502 0.8129 0.3695
vn 0.6717 -0.4949 0.5513
vn -0.6717 -0.4949 -0.5513
vn -0.5137 0.8129 -0.2746
vn 0.5137 0.8129 0.2746
vn 0.7664 -0.4949 0.4096
vn -0.7664 -0.4949 -0.4096
vn -0.5574 0.8129 -0.1691
vn 0.5574 0.8129 0.1691
vn 0.8315 -0.4949 0.2522
vn -0.8315 -0.4949 -0.2522
vn -0.5796 0.8129 -0.0571
vn 0.5796 0.8129 0.0571
vn 0.8648 -0.4949 0.0852
vn -0.8648 -0.4949 -0.0852
vn -0.8315 -0.4949 0.2522
vt 0.006000 0.190300
vt 0.005400 0.194700
vt 0.003100 0.195700
vt 0.003700 0.191400
vt 0.059500 0.174400
vt 0.056200 0.179300
vt 0.053900 0.177500
vt 0.056900 0.173000
vt 0.109700 0.190300
vt 0.109200 0.194100
vt 0.106900 0.195100
vt 0.107400 0.191400
vt 0.097100 0.194300
vt 0.097600 0.190500
vt 0.068900 0.173000
vt 0.071900 0.177500
vt 0.069700 0.179300
vt 0.066400 0.174400
vt 0.015800 0.191300
vt 0.015300 0.195500
vt 0.005000 0.199900
vt 0.002700 0.200600
vt 0.051900 0.183500
vt 0.050100 0.181300
vt 0.108800 0.198600
vt 0.106500 0.199300
vt 0.096700 0.198800
vt 0.075700 0.181300
vt 0.073900 0.183500
vt 0.014800 0.200500
vt 0.004700 0.205700
vt 0.002500 0.206100
vt 0.047000 0.186800
vt 0.045600 0.184300
vt 0.108600 0.203600
vt 0.106300 0.204000
vt 0.096500 0.203800
vt 0.080200 0.184300
vt 0.078800 0.186800
vt 0.014600 0.206000
vt 0.004600 0.211800
vt 0.002400 0.212000
vt 0.041500 0.189100
vt 0.040600 0.186400
vt 0.108500 0.208900
vt 0.106200 0.209100
vt 0.096400 0.209100
vt 0.085200 0.186400
vt 0.084400 0.189100
vt 0.014500 0.211800
vt 0.004700 0.218100
vt 0.002500 0.218000
vt 0.035600 0.190300
vt 0.035300 0.187400
vt 0.108600 0.214300
vt 0.106300 0.214200
vt 0.096500 0.214500
vt 0.090500 0.187400
vt 0.090200 0.190300
vt 0.014600 0.217800
vt 0.005000 0.224200
vt 0.002700 0.223800
vt 0.029700 0.190300
vt 0.029900 0.187400
vt 0.108800 0.219600
vt 0.106500 0.219200
vt 0.096700 0.219800
vt 0.095900 0.187400
vt 0.096200 0.190300
vt 0.014800 0.223600
vt 0.005400 0.230000
vt 0.003100 0.229300
vt 0.023800 0.189100
vt 0.024600 0.186400
vt 0.109200 0.224500
vt 0.106900 0.223900
vt 0.097100 0.224700
vt 0.101200 0.186400
vt 0.102000 0.189100
vt 0.015300 0.229100
vt 0.006000 0.235100
vt 0.003700 0.234300
vt 0.018300 0.186800
vt 0.019700 0.184300
vt 0.109700 0.229000
vt 0.107400 0.228100
vt 0.097600 0.229200
vt 0.106200 0.184300
vt 0.107500 0.186800
vt 0.015800 0.234100
vt 0.033000 0.190300
vt 0.032400 0.194700
vt 0.030100 0.195700
vt 0.030700 0.191400
vt 0.013300 0.183500
vt 0.015200 0.181300
vt 0.069700 0.190300
vt 0.069100 0.194100
vt 0.066800 0.195100
vt 0.067300 0.191400
vt 0.057000 0.194300
vt 0.057500 0.190500
vt 0.110600 0.181300
vt 0.112500 0.183500
vt 0.042800 0.191300
vt 0.042200 0.195500
vt 0.032000 0.199900
vt 0.029700 0.200600
vt 0.009100 0.179300
vt 0.011400 0.177500
vt 0.068800 0.198600
vt 0.066500 0.199300
vt 0.056600 0.198800
vt 0.114500 0.177500
vt 0.116700 0.179300
vt 0.041800 0.200500
vt 0.031700 0.205700
vt 0.029400 0.206100
vt 0.005800 0.174400
vt 0.008400 0.173000
vt 0.068500 0.203600
vt 0.066300 0.204000
vt 0.056400 0.203800
vt 0.117500 0.173000
vt 0.120000 0.174400
vt 0.041600 0.206000
vt 0.031600 0.211800
vt 0.029300 0.212000
vt 0.003500 0.168800
vt 0.006300 0.168000
vt 0.068400 0.208900
vt 0.066200 0.209100
vt 0.056300 0.209100
vt 0.119500 0.168000
vt 0.122300 0.168800
vt 0.041500 0.211800
vt 0.031700 0.218100
vt 0.029400 0.218000
vt 0.002400 0.163000
vt 0.005200 0.162700
vt 0.068500 0.214300
vt 0.066300 0.214200
vt 0.056400 0.214500
vt 0.120600 0.162700
vt 0.123500 0.163000
vt 0.041600 0.217800
vt 0.032000 0.224200
vt 0.029700 0.223800
vt 0.002400 0.157000
vt 0.005200 0.157300
vt 0.068800 0.219600
vt 0.066500 0.219200
vt 0.056600 0.219800
vt 0.120600 0.157300
vt 0.123500 0.157000
vt 0.041800 0.223600
vt 0.032400 0.230000
vt 0.030100 0.229300
vt 0.003500 0.151200
vt 0.006300 0.152000
vt 0.069100 0.224500
vt 0.066800 0.223900
vt 0.057000 0.224700
vt 0.119500 0.152000
vt 0.122300 0.151200
vt 0.042200 0.229100
vt 0.033000 0.235100
vt 0.030700 0.234300
vt 0.005800 0.145700
vt 0.008400 0.147000
vt 0.069700 0.229000
vt 0.067300 0.228100
vt 0.057500 0.229200
vt 0.117500 0.147000
vt 0.120000 0.145700
vt 0.042800 0.234100
vt 0.046500 0.190300
vt 0.045900 0.194700
vt 0.043600 0.195700
vt 0.044200 0.191400
vt 0.009100 0.140700
vt 0.011400 0.142500
vt 0.083000 0.190300
vt 0.082500 0.194100
vt 0.080200 0.195100
vt 0.080700 0.191400
vt 0.070400 0.194300
vt 0.070900 0.190500
vt 0.114500 0.142500
vt 0.116700 0.140700
vt 0.056300 0.191300
vt 0.055700 0.195500
vt 0.045400 0.199900
vt 0.043200 0.200600
vt 0.013300 0.136500
vt 0.015200 0.138700
vt 0.082100 0.198600
vt 0.079800 0.199300
vt 0.070000 0.198800
vt 0.110600 0.138700
vt 0.112500 0.136500
vt 0.055300 0.200500
vt 0.045200 0.205700
vt 0.042900 0.206100
vt 0.018300 0.133200
vt 0.019700 0.135700
vt 0.081900 0.203600
vt 0.079600 0.204000
vt 0.069700 0.203800
vt 0.106200 0.135700
vt 0.107500 0.133200
vt 0.055000 0.206000
vt 0.045100 0.211800
vt 0.042800 0.212000
vt 0.023800 0.130900
vt 0.024600 0.133700
vt 0.081800 0.208900
vt 0.079500 0.209100
vt 0.069700 0.209100
vt 0.101200 0.133700
vt 0.102000 0.130900
vt 0.054900 0.211800
vt 0.045200 0.218100
vt 0.042900 0.218000
vt 0.029700 0.129700
vt 0.029900 0.132600
vt 0.081900 0.214300
vt 0.079600 0.214200
vt 0.069700 0.214500
vt 0.095900 0.132600
vt 0.096200 0.129700
vt 0.055000 0.217800
vt 0.045400 0.224200
vt 0.043200 0.223800
vt 0.035600 0.129700
vt 0.035300 0.132600
vt 0.082100 0.219600
vt 0.079800 0.219200
vt 0.070000 0.219800
vt 0.090500 0.132600
vt 0.090200 0.129700
vt 0.055300 0.223600
vt 0.045900 0.230000
vt 0.043600 0.229300
vt 0.041500 0.130900
vt 0.040600 0.133700
vt 0.082500 0.224500
vt 0.080200 0.223900
vt 0.070400 0.224700
vt 0.085200 0.133700
vt 0.084400 0.130900
vt 0.055700 0.229100
vt 0.046500 0.235100
vt 0.044200 0.234300
vt 0.047000 0.133200
vt 0.045600 0.135700
vt 0.083000 0.229000
vt 0.080700 0.228100
vt 0.070900 0.229200
vt 0.080200 0.135700
vt 0.078800 0.133200
vt 0.056300 0.234100
vt 0.019500 0.190300
vt 0.018900 0.194700
vt 0.016600 0.195700
vt 0.017200 0.191400
vt 0.051900 0.136500
vt 0.050100 0.138700
vt 0.096400 0.190300
vt 0.095900 0.194100
vt 0.093600 0.195100
vt 0.094100 0.191400
vt 0.083700 0.194300
vt 0.084300 0.190500
vt 0.075700 0.138700
vt 0.073900 0.136500
vt 0.029300 0.191300
vt 0.028800 0.195500
vt 0.018500 0.199900
vt 0.016200 0.200600
vt 0.056200 0.140700
vt 0.053900 0.142500
vt 0.095500 0.198600
vt 0.093200 0.199300
vt 0.083300 0.198800
vt 0.071900 0.142500
vt 0.069700 0.140700
vt 0.028300 0.200500
vt 0.018200 0.205700
vt 0.015900 0.206100
vt 0.059500 0.145700
vt 0.056900 0.147000
vt 0.095200 0.203600
vt 0.093000 0.204000
vt 0.083100 0.203800
vt 0.068900 0.147000
vt 0.066400 0.145700
vt 0.028100 0.206000
vt 0.018100 0.211800
vt 0.015800 0.212000
vt 0.061700 0.151200
vt 0.059000 0.152000
vt 0.095100 0.208900
vt 0.092900 0.209100
vt 0.083000 0.209100
vt 0.066800 0.152000
vt 0.064100 0.151200
vt 0.028000 0.211800
vt 0.018200 0.218100
vt 0.015900 0.218000
vt 0.062900 0.157000
vt 0.060000 0.157300
vt 0.095200 0.214300
vt 0.093000 0.214200
vt 0.083100 0.214500
vt 0.065800 0.157300
vt 0.028100 0.217800
vt 0.018500 0.224200
vt 0.016200 0.223800
vt 0.062900 0.163000
vt 0.060000 0.162700
vt 0.095500 0.219600
vt 0.093200 0.219200
vt 0.083300 0.219800
vt 0.065800 0.162700
vt 0.028300 0.223600
vt 0.018900 0.230000
vt 0.016600 0.229300
vt 0.061700 0.168800
vt 0.059000 0.168000
vt 0.095900 0.224500
vt 0.093600 0.223900
vt 0.083700 0.224700
vt 0.066800 0.168000
vt 0.064100 0.168800
vt 0.028800 0.229100
vt 0.019500 0.235100
vt 0.017200 0.234300
vt 0.096400 0.229000
vt 0.094100 0.228100
vt 0.084300 0.229200
vt 0.029300 0.234100
s 0
f 65/112/21 66/113/21 67/114/21 68/115/21
f 69/116/22 70/117/22 71/118/22 72/119/22
f 73/120/23 74/121/23 75/122/23 76/123/23
f 77/123/24 78/122/24 79/124/24 80/125/24
f 81/126/25 82/127/25 83/128/25 84/129/25
f 85/112/26 86/130/26 87/131/26 88/113/26
f 66/113/27 89/132/27 90/133/27 67/114/27
f 70/117/22 91/134/22 92/135/22 71/118/22
f 74/121/28 93/136/28 94/137/28 75/122/28
f 78/122/29 95/137/29 96/138/29 79/124/29
f 82/127/25 97/139/25 98/140/25 83/128/25
f 87/131/30 99/141/30 100/132/30 88/113/30
f 89/132/31 101/142/31 102/143/31 90/133/31
f 91/134/22 103/144/22 104/145/22 92/135/22
f 93/136/32 105/146/32 106/147/32 94/137/32
f 95/137/33 107/147/33 108/148/33 96/138/33
f 97/139/25 109/149/25 110/150/25 98/140/25
f 99/141/34 111/151/34 112/142/34 100/132/34
f 101/142/35 113/152/35 114/153/35 102/143/35
f 103/144/22 115/154/22 116/155/22 104/145/22
f 105/146/36 117/156/36 118/157/36 106/147/36
f 107/147/37 119/157/37 120/158/37 108/148/37
f 109/149/25 121/159/25 122/160/25 110/150/25
f 111/151/38 123/161/38 124/152/38 112/142/38
f 113/152/39 125/162/39 126/163/39 114/153/39
f 115/154/22 127/164/22 128/165/22 116/155/22
f 117/156/40 129/166/40 130/167/40 118/157/40
f 119/157/41 131/167/41 132/168/41 120/158/41
f 121/159/25 133/169/25 134/170/25 122/160/25
f 123/161/42 135/171/42 136/162/42 124/152/42
f 125/162/43 137/172/43 138/173/43 126/163/43
f 127/164/22 139/174/22 140/175/22 128/165/22
f 129/166/44 141/176/44 142/177/44 130/167/44
f 131/167/45 143/177/45 144/178/45 132/168/45
f 133/169/25 145/179/25 146/180/25 134/170/25
f 135/171/46 147/181/46 148/172/46 136/162/46
f 137/172/47 149/182/47 150/183/47 138/173/47
f 139/174/22 151/184/22 152/185/22 140/175/22
f 141/176/48 153/186/48 154/187/48 142/177/48
f 143/177/49 155/187/49 156/188/49 144/178/49
f 145/179/25 157/189/25 158/190/25 146/180/25
f 147/181/50 159/191/50 160/182/50 148/172/50
f 149/182/51 161/192/51 162/193/51 150/183/51
f 151/184/22 163/194/22 164/195/22 152/185/22
f 153/186/52 165/196/52 166/197/52 154/187/52
f 155/187/53 167/197/53 168/198/53 156/188/53
f 157/189/25 169/199/25 170/200/25 158/190/25
f 159/191/54 171/201/54 172/192/54 160/182/54
f 161/202/55 173/203/55 174/204/55 162/205/55
f 163/194/22 175/206/22 176/207/22 164/195/22
f 165/208/56 177/209/56 178/210/56 166/211/56
f 167/211/57 179/210/57 180/212/57 168/213/57
f 169/199/25 181/214/25 182/215/25 170/200/25
f 171/216/58 183/217/58 184/203/58 172/202/58
f 173/203/59 185/218/59 186/219/59 174/204/59
f 175/206/22 187/220/22 188/221/22 176/207/22
f 177/209/60 189/222/60 190/223/60 178/210/60
f 179/210/61 191/223/61 192/224/61 180/212/61
f 181/214/25 193/225/25 194/226/25 182/215/25
f 183/217/62 195/227/62 196/218/62 184/203/62
f 185/218/63 197/228/63 198/229/63 186/219/63
f 187/220/22 199/230/22 200/231/22 188/221/22
f 189/222/64 201/232/64 202/233/64 190/223/64
f 191/223/65 203/233/65 204/234/65 192/224/65
f 193/225/25 205/235/25 206/236/25 194/226/25
f 195/227/66 207/237/66 208/228/66 196/218/66
f 197/228/67 209/238/67 210/239/67 198/229/67
f 199/230/22 211/240/22 212/241/22 200/231/22
f 201/232/68 213/242/68 214/243/68 202/233/68
f 203/233/69 215/243/69 216/244/69 204/234/69
f 205/235/25 217/245/25 218/246/25 206/236/25
f 207/237/70 219/247/70 220/238/70 208/228/70
f 209/238/71 221/248/71 222/249/71 210/239/71
f 211/240/22 223/250/22 224/251/22 212/241/22
f 213/242/72 225/252/72 226/253/72 214/243/72
f 215/243/73 227/253/73 228/254/73 216/244/73
f 217/245/25 229/255/25 230/256/25 218/246/25
f 219/247/74 231/257/74 232/248/74 220/238/74
f 221/248/75 233/258/75 234/259/75 222/249/75
f 223/250/22 235/260/22 236/261/22 224/251/22
f 225/252/76 237/262/76 238/263/76 226/253/76
f 227/253/77 239/263/77 240/264/77 228/254/77
f 229/255/25 241/265/25 242/266/25 230/256/25
f 231/257/78 243/267/78 244/258/78 232/248/78
f 233/258/79 245/268/79 246/269/79 234/259/79
f 235/260/22 247/270/22 248/271/22 236/261/22
f 237/262/80 249/272/80 250/273/80 238/263/80
f 239/263/81 251/273/81 252/274/81 240/264/81
f 241/265/25 253/275/25 254/276/25 242/266/25
f 243/267/82 255/277/82 256/268/82 244/258/82
f 245/268/83 257/278/83 258/279/83 246/269/83
f 247/270/22 259/280/22 260/281/22 248/271/22
f 249/272/84 261/282/84 262/283/84 250/273/84
f 251/273/85 263/283/85 264/284/85 252/274/85
f 253/275/25 265/285/25 266/286/25 254/276/25
f 255/277/86 267/287/86 268/278/86 256/268/86
f 257/288/23 269/289/23 270/290/23 258/291/23
f 259/280/22 271/292/22 272/293/22 260/281/22
f 261/294/21 273/295/21 274/296/21 262/297/21
f 263/297/26 275/296/26 276/298/26 264/299/26
f 265/285/25 277/300/25 278/301/25 266/286/25
f 267/302/24 279/303/24 280/289/24 268/288/24
f 269/289/28 281/304/28 282/305/28 270/290/28
f 271/292/22 283/306/22 284/307/22 272/293/22
f 273/295/27 285/308/27 286/309/27 274/296/27
f 275/296/30 287/309/30 288/310/30 276/298/30
f 277/300/25 289/311/25 290/312/25 278/301/25
f 279/303/87 291/313/87 292/304/87 280/289/87
f 281/304/32 293/314/32 294/315/32 282/305/32
f 283/306/22 295/316/22 296/317/22 284/307/22
f 285/308/31 297/318/31 298/319/31 286/309/31
f 287/309/34 299/319/34 300/320/34 288/310/34
f 289/311/25 301/321/25 302/322/25 290/312/25
f 291/313/33 303/323/33 304/314/33 292/304/33
f 293/314/36 305/324/36 306/325/36 294/315/36
f 295/316/22 307/326/22 308/327/22 296/317/22
f 297/318/35 309/328/35 310/329/35 298/319/35
f 299/319/38 311/329/38 312/330/38 300/320/38
f 301/321/25 313/331/25 314/332/25 302/322/25
f 303/323/37 315/333/37 316/324/37 304/314/37
f 305/324/40 317/334/40 318/335/40 306/325/40
f 307/326/22 319/336/22 320/337/22 308/327/22
f 309/328/39 321/338/39 322/339/39 310/329/39
f 311/329/42 323/339/42 324/340/42 312/330/42
f 313/331/25 325/341/25 326/342/25 314/332/25
f 315/333/41 327/343/41 328/334/41 316/324/41
f 317/334/44 329/344/44 330/345/44 318/335/44
f 319/336/22 331/346/22 332/347/22 320/337/22
f 321/338/43 333/348/43 334/349/43 322/339/43
f 323/339/46 335/349/46 336/350/46 324/340/46
f 325/341/25 337/351/25 338/352/25 326/342/25
f 327/343/45 339/353/45 340/344/45 328/334/45
f 329/344/48 341/354/48 342/355/48 330/345/48
f 331/346/22 343/356/22 344/357/22 332/347/22
f 333/348/47 345/358/47 346/359/47 334/349/47
f 335/349/50 347/359/50 348/360/50 336/350/50
f 337/351/25 349/361/25 350/362/25 338/352/25
f 339/353/49 351/363/49 352/354/49 340/344/49
f 341/354/52 353/364/52 354/365/52 342/355/52
f 343/356/22 355/366/22 356/367/22 344/357/22
f 345/358/51 357/368/51 358/369/51 346/359/51
f 347/359/54 359/369/54 360/370/54 348/360/54
f 349/361/25 361/371/25 362/372/25 350/362/25
f 351/363/53 363/373/53 364/364/53 352/354/53
f 353/374/56 365/375/56 366/376/56 354/377/56
f 355/366/22 367/378/22 368/379/22 356/367/22
f 357/380/55 369/381/55 370/382/55 358/383/55
f 359/383/58 371/382/58 372/384/58 360/385/58
f 361/371/25 373/386/25 374/387/25 362/372/25
f 363/388/57 375/389/57 376/375/57 364/374/57
f 365/375/60 377/390/60 378/391/60 366/376/60
f 367/378/22 379/392/22 380/393/22 368/379/22
f 369/381/59 381/394/59 382/395/59 370/382/59
f 371/382/62 383/395/62 384/396/62 372/384/62
f 373/386/25 385/397/25 386/398/25 374/387/25
f 375/389/61 387/399/61 388/390/61 376/375/61
f 377/390/64 389/400/64 390/401/64 378/391/64
f 379/392/22 391/402/22 392/403/22 380/393/22
f 381/394/63 393/404/63 394/405/63 382/395/63
f 383/395/66 395/405/66 396/406/66 384/396/66
f 385/397/25 397/407/25 398/408/25 386/398/25
f 387/399/65 399/409/65 400/400/65 388/390/65
f 389/400/68 401/410/68 402/411/68 390/401/68
f 391/402/22 403/412/22 404/413/22 392/403/22
f 393/404/67 405/414/67 406/415/67 394/405/67
f 395/405/70 407/415/70 408/416/70 396/406/70
f 397/407/25 409/417/25 410/418/25 398/408/25
f 399/409/69 411/419/69 412/410/69 400/400/69
f 401/410/72 413/420/72 414/421/72 402/411/72
f 403/412/22 415/422/22 416/423/22 404/413/22
f 405/414/71 417/424/71 418/425/71 406/415/71
f 407/415/74 419/425/74 420/426/74 408/416/74
f 409/417/25 421/427/25 422/422/25 410/418/25
f 411/419/73 423/428/73 424/420/73 412/410/73
f 413/420/76 425/429/76 426/430/76 414/421/76
f 415/422/22 427/431/22 428/432/22 416/423/22
f 417/424/75 429/433/75 430/434/75 418/425/75
f 419/425/78 431/434/78 432/435/78 420/426/78
f 421/427/25 433/436/25 434/431/25 422/422/25
f 423/428/77 435/437/77 436/429/77 424/420/77
f 425/429/80 437/438/80 438/439/80 426/430/80
f 427/431/22 439/440/22 440/441/22 428/432/22
f 429/433/79 441/442/79 442/443/79 430/434/79
f 431/434/82 443/443/82 444/444/82 432/435/82
f 433/436/25 445/445/25 446/446/25 434/431/25
f 435/437/81 447/447/81 448/438/81 436/429/81
f 437/438/84 65/448/84 68/449/84 438/439/84
f 439/440/22 69/116/22 72/119/22 440/441/22
f 441/442/83 73/450/83 76/451/83 442/443/83
f 443/443/86 77/451/86 80/452/86 444/444/86
f 445/445/25 81/126/25 84/129/25 446/446/25
f 447/447/85 86/453/85 85/448/85 448/438/85
o Base_-_Squad_-_Center_Sphere
v -0.019269 0.256663 0.000000
v -0.020000 0.312587 0.000000
v -0.014142 0.312587 -0.014142
v -0.013625 0.256663 -0.013625
v -0.014142 0.326729 0.000000
v 0.000000 0.332587 0.000000
v -0.010000 0.326729 -0.010000
v 0.000000 0.248681 0.000000
v 0.000000 0.256663 -0.019269
v 0.000000 0.326729 -0.014142
v 0.000000 0.312587 -0.020000
v 0.010000 0.326729 -0.010000
v 0.013625 0.256663 -0.013625
v 0.014142 0.312587 -0.014142
v 0.020000 0.312587 0.000000
v 0.019269 0.256663 0.000000
v 0.014142 0.326729 0.000000
v 0.014142 0.312587 0.014142
v 0.013625 0.256663 0.013625
v 0.010000 0.326729 0.010000
v 0.000000 0.312587 0.020000
v 0.000000 0.256663 0.019269
v 0.000000 0.326729 0.014142
v -0.014142 0.312587 0.014142
v -0.013625 0.256663 0.013625
v -0.010000 0.326729 0.010000
vn -0.9238 -0.0121 -0.3827
vn -0.3780 0.9125 -0.1566
vn -0.3780 -0.9125 -0.1566
vn -0.8629 0.3574 -0.3574
vn -0.1566 -0.9125 -0.3780
vn -0.3574 0.3574 -0.8629
vn -0.3827 -0.0121 -0.9238
vn -0.1566 0.9125 -0.3780
vn 0.1566 0.9125 -0.3780
vn 0.1566 -0.9125 -0.3780
vn 0.3574 0.3574 -0.8629
vn 0.3827 -0.0121 -0.9238
vn 0.9238 -0.0121 -0.3827
vn 0.3780 0.9125 -0.1566
vn 0.3780 -0.9125 -0.1566
vn 0.8629 0.3574 -0.3574
vn 0.9238 -0.0121 0.3827
vn 0.3780 0.9125 0.1566
vn 0.3780 -0.9125 0.1566
vn 0.8629 0.3574 0.3574
vn 0.3827 -0.0121 0.9238
vn 0.1566 0.9125 0.3780
vn 0.1566 -0.9125 0.3780
vn 0.3574 0.3574 0.8629
vn -0.3827 -0.0121 0.9238
vn -0.1566 0.9125 0.3780
vn -0.1566 -0.9125 0.3780
vn -0.3574 0.3574 0.8629
vn -0.9238 -0.0121 0.3827
vn -0.3780 0.9125 0.1566
vn -0.3780 -0.9125 0.1566
vn -0.8629 0.3574 0.3574
vt 0.677000 0.069600
vt 0.676800 0.042400
vt 0.684400 0.042400
vt 0.684300 0.069600
vt 0.677900 0.035000
vt 0.680600 0.031000
vt 0.683300 0.035000
vt 0.699400 0.078400
vt 0.694600 0.069600
vt 0.701500 0.069600
vt 0.706300 0.074700
vt 0.687100 0.034400
vt 0.689700 0.041400
vt 0.689400 0.068600
vt 0.703800 0.035000
vt 0.706500 0.031000
vt 0.709100 0.035000
vt 0.706300 0.082000
vt 0.702700 0.042400
vt 0.710200 0.042400
vt 0.702800 0.069600
vt 0.710100 0.069600
vt 0.715600 0.041400
vt 0.715300 0.068600
vt 0.712900 0.034400
vt 0.701500 0.087200
vt 0.689900 0.069600
vt 0.689700 0.042400
vt 0.697300 0.042400
vt 0.697200 0.069600
vt 0.690900 0.035000
vt 0.693500 0.031000
vt 0.696200 0.035000
vt 0.694600 0.087200
vt 0.702700 0.041400
vt 0.702300 0.068600
vt 0.700000 0.034400
vt 0.689700 0.082000
vt 0.676800 0.061200
vt 0.672800 0.067600
vt 0.669300 0.066200
vt 0.671800 0.059200
vt 0.676800 0.032500
vt 0.664300 0.057800
vt 0.669700 0.031100
vt 0.665900 0.069600
vt 0.664000 0.065200
vt 0.689700 0.074700
vt 0.658900 0.057700
vt 0.664400 0.031000
vt 0.660200 0.065100
s 0
f 449/454/88 450/455/88 451/456/88 452/457/88
f 453/458/89 454/459/89 455/460/89
f 456/461/90 449/462/90 452/463/90
f 450/455/91 453/458/91 455/460/91 451/456/91
f 456/461/92 452/463/92 457/464/92
f 451/456/93 455/460/93 458/465/93 459/466/93
f 452/457/94 451/456/94 459/466/94 457/467/94
f 455/460/95 454/459/95 458/465/95
f 458/468/96 454/469/96 460/470/96
f 456/461/97 457/464/97 461/471/97
f 459/472/98 458/468/98 460/470/98 462/473/98
f 457/474/99 459/472/99 462/473/99 461/475/99
f 461/475/100 462/473/100 463/476/100 464/477/100
f 460/470/101 454/469/101 465/478/101
f 456/461/102 461/471/102 464/479/102
f 462/473/103 460/470/103 465/478/103 463/476/103
f 464/480/104 463/481/104 466/482/104 467/483/104
f 465/484/105 454/485/105 468/486/105
f 456/461/106 464/479/106 467/487/106
f 463/481/107 465/484/107 468/486/107 466/482/107
f 467/483/108 466/482/108 469/488/108 470/489/108
f 468/486/109 454/485/109 471/490/109
f 456/461/110 467/487/110 470/491/110
f 466/492/111 468/493/111 471/494/111 469/495/111
f 470/496/112 469/495/112 472/497/112 473/498/112
f 471/494/113 454/499/113 474/500/113
f 456/461/114 470/491/114 473/501/114
f 469/495/115 471/494/115 474/500/115 472/497/115
f 473/498/116 472/497/116 450/502/116 449/503/116
f 474/500/117 454/499/117 453/504/117
f 456/461/118 473/501/118 449/462/118
f 472/497/119 474/500/119 453/504/119 450/502/119
o Base_-_Squad_-_Base_pCylinder2_0.002
v 0.103690 0.063530 0.521284
v -0.521284 0.063530 0.103689
v -0.103689 0.063530 -0.521284
v -0.203395 0.263701 0.491039
v 0.491039 0.263701 -0.203395
v 0.203395 0.263701 -0.491039
v -0.375824 0.263701 -0.375825
v -0.295283 0.063530 -0.441924
v -0.375824 0.063530 -0.375825
v -0.491039 0.263701 -0.203396
v -0.441923 0.063530 -0.295284
v -0.491039 0.063530 -0.203396
v -0.531497 0.263701 -0.000001
v -0.521284 0.063530 -0.103690
v -0.531497 0.063530 -0.000001
v -0.491039 0.263701 0.203395
v -0.521284 0.063530 0.103689
v -0.491039 0.063530 0.203395
v -0.441924 0.263701 0.295283
v -0.491039 0.063530 0.203395
v -0.441924 0.063530 0.295283
v -0.203395 0.063530 0.491039
v -0.295284 0.263701 0.441923
v -0.295284 0.063530 0.441923
v -0.103690 0.063530 0.521284
v -0.203395 0.263701 0.491039
v -0.203395 0.063530 0.491039
v 0.203395 0.263701 0.491039
v 0.103690 0.063530 0.521284
v 0.203395 0.063530 0.491039
v 0.295284 0.263701 0.441923
v 0.203395 0.063530 0.491039
v 0.295284 0.063530 0.441923
v 0.441923 0.263701 0.295284
v 0.375825 0.063530 0.375825
v 0.441923 0.063530 0.295284
v 0.521284 0.263701 0.103690
v 0.491039 0.063530 0.203395
v 0.521284 0.063530 0.103690
v 0.521284 0.263701 -0.103690
v 0.531497 0.063530 0.000000
v 0.521284 0.063530 -0.103690
v 0.375825 0.263701 -0.375825
v 0.441923 0.063530 -0.295284
v 0.375825 0.063530 -0.375825
v 0.203395 0.263701 -0.491039
v 0.295284 0.063530 -0.441923
v 0.203395 0.063530 -0.491039
v 0.000000 0.263701 -0.531497
v 0.103690 0.063530 -0.521284
v 0.000000 0.063530 -0.531497
v -0.203394 0.263701 -0.491039
v -0.103689 0.063530 -0.521284
v -0.203394 0.063530 -0.491039
v -0.441923 0.063530 -0.295284
v -0.375824 0.263701 -0.375825
v -0.375824 0.063530 -0.375825
v -0.521284 0.263701 0.103689
v -0.531497 0.063530 -0.000001
v -0.521284 0.063530 0.103689
v -0.295284 0.263701 0.441923
v -0.375825 0.063530 0.375825
v -0.295284 0.063530 0.441923
v 0.103690 0.263701 0.521284
v 0.000000 0.063530 0.531497
v 0.103690 0.063530 0.521284
v 0.491039 0.263701 0.203395
v 0.441923 0.063530 0.295284
v 0.491039 0.063530 0.203395
v 0.491039 0.263701 -0.203395
v 0.521284 0.063530 -0.103690
v 0.491039 0.063530 -0.203395
v 0.295284 0.263701 -0.441923
v 0.375825 0.063530 -0.375825
v 0.295284 0.063530 -0.441923
v -0.103689 0.063530 -0.521284
v 0.000000 0.263701 -0.531497
v 0.000000 0.063530 -0.531497
v -0.295283 0.263701 -0.441924
v -0.203394 0.063530 -0.491039
v -0.295283 0.063530 -0.441924
v -0.521284 0.263701 -0.103690
v -0.491039 0.063530 -0.203396
v -0.521284 0.063530 -0.103690
v -0.375825 0.063530 0.375825
v -0.441924 0.263701 0.295283
v -0.441924 0.063530 0.295283
v 0.000000 0.263701 0.531497
v -0.103690 0.063530 0.521284
v 0.000000 0.063530 0.531497
v 0.375825 0.263701 0.375825
v 0.295284 0.063530 0.441923
v 0.375825 0.063530 0.375825
v 0.531497 0.263701 0.000000
v 0.521284 0.063530 0.103690
v 0.531497 0.063530 0.000000
v 0.441923 0.063530 -0.295284
v 0.491039 0.263701 -0.203395
v 0.491039 0.063530 -0.203395
v 0.103690 0.263701 -0.521284
v 0.203395 0.063530 -0.491039
v 0.103690 0.063530 -0.521284
v 0.000000 0.066819 -0.590552
v 0.115211 -0.033181 -0.579205
v 0.000000 -0.033181 -0.590552
v 0.225994 0.066819 -0.545599
v 0.225994 -0.033181 -0.545599
v 0.328093 -0.033181 -0.491026
v 0.328093 0.066819 -0.491026
v 0.417583 -0.033181 -0.417583
v 0.417583 0.066819 -0.417583
v 0.491026 -0.033181 -0.328093
v 0.491026 0.066819 -0.328093
v 0.545599 -0.033181 -0.225994
v 0.545599 0.066819 -0.225994
v 0.579205 -0.033181 -0.115211
v 0.579205 0.066819 -0.115211
v 0.590552 -0.033181 -0.000000
v 0.590552 0.066819 0.000000
v 0.579205 -0.033181 0.115211
v 0.579205 0.066819 0.115211
v 0.545599 -0.033181 0.225994
v 0.545599 0.066819 0.225994
v 0.491026 -0.033181 0.328093
v 0.491026 0.066819 0.328093
v 0.417583 -0.033181 0.417583
v 0.328093 0.066819 0.491026
v 0.328093 -0.033181 0.491026
v 0.225994 -0.033181 0.545599
v 0.115211 0.066819 0.579205
v 0.115211 -0.033181 0.579205
v 0.000000 -0.033181 0.590552
v 0.000000 0.066819 0.590552
v -0.115211 -0.033181 0.579205
v -0.115211 0.066819 0.579205
v -0.225995 -0.033181 0.545599
v -0.225995 0.066819 0.545599
v -0.328093 -0.033181 0.491026
v -0.328093 0.066819 0.491026
v -0.417584 -0.033181 0.417583
v -0.417584 0.066819 0.417583
v -0.491026 -0.033181 0.328093
v -0.491026 0.066819 0.328093
v -0.545599 -0.033181 0.225994
v -0.545599 0.066819 0.225994
v -0.579205 -0.033181 0.115210
v -0.579205 0.066819 0.115210
v -0.590552 -0.033181 -0.000001
v -0.590552 0.066819 -0.000001
v -0.579205 -0.033181 -0.115212
v -0.579205 0.066819 -0.115212
v -0.545599 -0.033181 -0.225995
v -0.545599 0.066819 -0.225995
v -0.491026 -0.033181 -0.328094
v -0.491026 0.066819 -0.328094
v -0.417583 -0.033181 -0.417584
v -0.417583 0.066819 -0.417584
v -0.328092 -0.033181 -0.491026
v -0.328092 0.066819 -0.491026
v -0.225994 -0.033181 -0.545599
v 0.225994 0.066819 0.545599
v 0.545599 0.066819 0.225994
v 0.225994 0.066819 -0.545599
v -0.225994 0.066819 -0.545599
v -0.115210 -0.033181 -0.579205
v -0.115210 0.066819 -0.579205
v 0.115211 -0.033181 0.579205
v -0.579205 -0.033181 0.115210
v -0.115210 -0.033181 -0.579205
v -0.103689 0.063530 -0.521284
v 0.000000 0.063530 -0.531497
v 0.295284 0.063530 -0.441923
v 0.103690 0.063530 -0.521284
v 0.203395 0.063530 -0.491039
v 0.295284 0.063530 -0.441923
v 0.295284 0.063530 -0.441923
v 0.375825 0.063530 -0.375825
v 0.441923 0.063530 -0.295284
v 0.441923 0.063530 -0.295284
v 0.491039 0.063530 -0.203395
v 0.295284 0.063530 -0.441923
v 0.521284 0.063530 -0.103690
v 0.531497 0.063530 0.000000
v 0.521284 0.063530 0.103690
v 0.521284 0.063530 0.103690
v 0.491039 0.063530 0.203395
v 0.441923 0.063530 0.295284
v 0.441923 0.063530 0.295284
v 0.375825 0.063530 0.375825
v 0.103690 0.063530 0.521284
v 0.295284 0.063530 0.441923
v 0.203395 0.063530 0.491039
v 0.103690 0.063530 0.521284
v 0.103690 0.063530 0.521284
v 0.000000 0.063530 0.531497
v -0.103690 0.063530 0.521284
v -0.103690 0.063530 0.521284
v -0.203395 0.063530 0.491039
v -0.295284 0.063530 0.441923
v -0.295284 0.063530 0.441923
v -0.375825 0.063530 0.375825
v -0.441924 0.063530 0.295283
v -0.441924 0.063530 0.295283
v -0.491039 0.063530 0.203395
v -0.521284 0.063530 0.103689
v -0.521284 0.063530 0.103689
v -0.531497 0.063530 -0.000001
v -0.521284 0.063530 -0.103690
v -0.521284 0.063530 -0.103690
v -0.491039 0.063530 -0.203396
v -0.521284 0.063530 0.103689
v -0.441923 0.063530 -0.295284
v -0.375824 0.063530 -0.375825
v -0.103689 0.063530 -0.521284
v -0.295283 0.063530 -0.441924
v -0.203394 0.063530 -0.491039
v -0.103689 0.063530 -0.521284
v 0.000000 0.063530 -0.531497
v 0.103690 0.063530 -0.521284
v 0.295284 0.063530 -0.441923
v 0.295284 0.063530 -0.441923
v 0.491039 0.063530 -0.203395
v 0.521284 0.063530 -0.103690
v 0.521284 0.063530 -0.103690
v 0.521284 0.063530 0.103690
v 0.103690 0.063530 0.521284
v 0.375825 0.063530 0.375825
v 0.295284 0.063530 0.441923
v 0.103690 0.063530 0.521284
v 0.103690 0.063530 0.521284
v -0.103690 0.063530 0.521284
v -0.521284 0.063530 0.103689
v -0.295284 0.063530 0.441923
v -0.441924 0.063530 0.295283
v -0.521284 0.063530 0.103689
v -0.521284 0.063530 0.103689
v -0.491039 0.063530 -0.203396
v -0.441923 0.063530 -0.295284
v -0.375824 0.063530 -0.375825
v -0.295283 0.063530 -0.441924
v -0.103689 0.063530 -0.521284
v -0.103689 0.063530 -0.521284
v 0.295284 0.063530 -0.441923
v 0.521284 0.063530 -0.103690
v 0.521284 0.063530 0.103690
v 0.441923 0.063530 0.295284
v 0.103690 0.063530 0.521284
v -0.103690 0.063530 0.521284
v -0.295284 0.063530 0.441923
v -0.521284 0.063530 0.103689
v -0.521284 0.063530 0.103689
v -0.441923 0.063530 -0.295284
v -0.103689 0.063530 -0.521284
v -0.103689 0.063530 -0.521284
v 0.521284 0.063530 -0.103690
v 0.103690 0.063530 0.521284
v 0.203395 0.263701 -0.491039
v 0.103690 0.263701 -0.521284
v 0.000000 0.263701 -0.531497
v 0.000000 0.263701 -0.531497
v -0.103689 0.263701 -0.521284
v -0.203394 0.263701 -0.491039
v -0.203394 0.263701 -0.491039
v -0.295283 0.263701 -0.441924
v -0.375824 0.263701 -0.375825
v -0.375824 0.263701 -0.375825
v -0.441923 0.263701 -0.295284
v -0.491039 0.263701 -0.203396
v -0.491039 0.263701 -0.203396
v -0.521284 0.263701 -0.103690
v -0.531497 0.263701 -0.000001
v -0.531497 0.263701 -0.000001
v -0.521284 0.263701 0.103689
v -0.491039 0.263701 0.203395
v -0.491039 0.263701 0.203395
v -0.441924 0.263701 0.295283
v -0.203395 0.263701 0.491039
v -0.375825 0.263701 0.375825
v -0.295284 0.263701 0.441923
v -0.203395 0.263701 0.491039
v -0.203395 0.263701 0.491039
v -0.103690 0.263701 0.521284
v 0.000000 0.263701 0.531497
v 0.000000 0.263701 0.531497
v 0.103690 0.263701 0.521284
v -0.203395 0.263701 0.491039
v 0.203395 0.263701 0.491039
v 0.295284 0.263701 0.441923
v 0.375825 0.263701 0.375825
v 0.375825 0.263701 0.375825
v 0.441923 0.263701 0.295284
v 0.491039 0.263701 0.203395
v 0.491039 0.263701 0.203395
v 0.521284 0.263701 0.103690
v 0.531497 0.263701 0.000000
v 0.531497 0.263701 0.000000
v 0.521284 0.263701 -0.103690
v 0.491039 0.263701 -0.203395
v 0.491039 0.263701 -0.203395
v 0.441923 0.263701 -0.295284
v 0.375825 0.263701 -0.375825
v 0.375825 0.263701 -0.375825
v 0.295284 0.263701 -0.441923
v 0.203395 0.263701 -0.491039
v 0.203395 0.263701 -0.491039
v 0.000000 0.263701 -0.531497
v -0.203394 0.263701 -0.491039
v -0.203394 0.263701 -0.491039
v -0.375824 0.263701 -0.375825
v -0.491039 0.263701 -0.203396
v -0.491039 0.263701 -0.203396
v -0.531497 0.263701 -0.000001
v -0.203395 0.263701 0.491039
v -0.441924 0.263701 0.295283
v -0.375825 0.263701 0.375825
v -0.203395 0.263701 0.491039
v -0.203395 0.263701 0.491039
v 0.103690 0.263701 0.521284
v 0.203395 0.263701 0.491039
v 0.203395 0.263701 0.491039
v 0.375825 0.263701 0.375825
v 0.491039 0.263701 0.203395
v 0.491039 0.263701 0.203395
v 0.531497 0.263701 0.000000
v 0.491039 0.263701 -0.203395
v 0.491039 0.263701 -0.203395
v 0.375825 0.263701 -0.375825
v 0.203395 0.263701 -0.491039
v 0.203395 0.263701 -0.491039
v -0.203394 0.263701 -0.491039
v -0.203395 0.263701 0.491039
v -0.531497 0.263701 -0.000001
v -0.491039 0.263701 0.203395
v -0.203395 0.263701 0.491039
v -0.203395 0.263701 0.491039
v 0.203395 0.263701 0.491039
v 0.491039 0.263701 0.203395
v 0.491039 0.263701 0.203395
v 0.491039 0.263701 -0.203395
v -0.203395 0.263701 0.491039
v -0.203394 0.263701 -0.491039
v -0.491039 0.263701 -0.203396
v -0.203395 0.263701 0.491039
v -0.375824 0.263701 -0.375825
v -0.295283 0.263701 -0.441924
v -0.295283 0.063530 -0.441924
v -0.491039 0.263701 -0.203396
v -0.441923 0.263701 -0.295284
v -0.441923 0.063530 -0.295284
v -0.531497 0.263701 -0.000001
v -0.521284 0.263701 -0.103690
v -0.521284 0.063530 -0.103690
v -0.491039 0.263701 0.203395
v -0.521284 0.263701 0.103689
v -0.521284 0.063530 0.103689
v -0.441924 0.263701 0.295283
v -0.491039 0.263701 0.203395
v -0.491039 0.063530 0.203395
v -0.203395 0.063530 0.491039
v -0.203395 0.263701 0.491039
v -0.295284 0.263701 0.441923
v -0.103690 0.063530 0.521284
v -0.103690 0.263701 0.521284
v -0.203395 0.263701 0.491039
v 0.203395 0.263701 0.491039
v 0.103690 0.263701 0.521284
v 0.103690 0.063530 0.521284
v 0.295284 0.263701 0.441923
v 0.203395 0.263701 0.491039
v 0.203395 0.063530 0.491039
v 0.441923 0.263701 0.295284
v 0.375825 0.263701 0.375825
v 0.375825 0.063530 0.375825
v 0.521284 0.263701 0.103690
v 0.491039 0.263701 0.203395
v 0.491039 0.063530 0.203395
v 0.521284 0.263701 -0.103690
v 0.531497 0.263701 0.000000
v 0.531497 0.063530 0.000000
v 0.375825 0.263701 -0.375825
v 0.441923 0.263701 -0.295284
v 0.441923 0.063530 -0.295284
v 0.203395 0.263701 -0.491039
v 0.295284 0.263701 -0.441923
v 0.295284 0.063530 -0.441923
v 0.000000 0.263701 -0.531497
v 0.103690 0.263701 -0.521284
v 0.103690 0.063530 -0.521284
v -0.203394 0.263701 -0.491039
v -0.103689 0.263701 -0.521284
v -0.103689 0.063530 -0.521284
v -0.441923 0.063530 -0.295284
v -0.441923 0.263701 -0.295284
v -0.375824 0.263701 -0.375825
v -0.521284 0.263701 0.103689
v -0.531497 0.263701 -0.000001
v -0.531497 0.063530 -0.000001
v -0.295284 0.263701 0.441923
v -0.375825 0.263701 0.375825
v -0.375825 0.063530 0.375825
v 0.103690 0.263701 0.521284
v 0.000000 0.263701 0.531497
v 0.000000 0.063530 0.531497
v 0.491039 0.263701 0.203395
v 0.441923 0.263701 0.295284
v 0.441923 0.063530 0.295284
v 0.491039 0.263701 -0.203395
v 0.521284 0.263701 -0.103690
v 0.521284 0.063530 -0.103690
v 0.295284 0.263701 -0.441923
v 0.375825 0.263701 -0.375825
v 0.375825 0.063530 -0.375825
v -0.103689 0.063530 -0.521284
v -0.103689 0.263701 -0.521284
v 0.000000 0.263701 -0.531497
v -0.295283 0.263701 -0.441924
v -0.203394 0.263701 -0.491039
v -0.203394 0.063530 -0.491039
v -0.521284 0.263701 -0.103690
v -0.491039 0.263701 -0.203396
v -0.491039 0.063530 -0.203396
v -0.375825 0.063530 0.375825
v -0.375825 0.263701 0.375825
v -0.441924 0.263701 0.295283
v 0.000000 0.263701 0.531497
v -0.103690 0.263701 0.521284
v -0.103690 0.063530 0.521284
v 0.375825 0.263701 0.375825
v 0.295284 0.263701 0.441923
v 0.295284 0.063530 0.441923
v 0.531497 0.263701 0.000000
v 0.521284 0.263701 0.103690
v 0.521284 0.063530 0.103690
v 0.441923 0.063530 -0.295284
v 0.441923 0.263701 -0.295284
v 0.491039 0.263701 -0.203395
v 0.103690 0.263701 -0.521284
v 0.203395 0.263701 -0.491039
v 0.203395 0.063530 -0.491039
v 0.115211 0.066819 -0.579205
v 0.417583 0.066819 0.417583
v 0.225994 0.066819 0.545599
v 0.115211 0.066819 -0.579205
v 0.000000 0.066819 -0.590552
v -0.115210 0.066819 -0.579205
v -0.225994 0.066819 -0.545599
v -0.328092 0.066819 -0.491026
v -0.545599 0.066819 -0.225995
v -0.417583 0.066819 -0.417584
v -0.491026 0.066819 -0.328094
v -0.579205 0.066819 -0.115212
v -0.590552 0.066819 -0.000001
v -0.579205 0.066819 0.115210
v -0.545599 0.066819 0.225994
v -0.491026 0.066819 0.328093
v -0.225995 0.066819 0.545599
v -0.417584 0.066819 0.417583
v -0.328093 0.066819 0.491026
v -0.115211 0.066819 0.579205
v 0.000000 0.066819 0.590552
v 0.115211 0.066819 0.579205
v 0.328093 0.066819 0.491026
v 0.417583 0.066819 0.417583
v 0.491026 0.066819 0.328093
v 0.579205 0.066819 0.115211
v 0.545599 0.066819 -0.225994
v 0.590552 0.066819 0.000000
v 0.579205 0.066819 -0.115211
v 0.491026 0.066819 -0.328093
v 0.417583 0.066819 -0.417583
v 0.328093 0.066819 -0.491026
v 0.000000 -0.033181 -0.590552
v 0.115211 -0.033181 -0.579205
v 0.225994 -0.033181 -0.545599
v 0.328093 -0.033181 -0.491026
v 0.417583 -0.033181 -0.417583
v 0.491026 -0.033181 -0.328093
v 0.545599 -0.033181 -0.225994
v 0.579205 -0.033181 -0.115211
v 0.590552 -0.033181 -0.000000
v 0.579205 -0.033181 0.115211
v 0.545599 -0.033181 0.225994
v 0.491026 -0.033181 0.328093
v 0.417583 -0.033181 0.417583
v 0.328093 -0.033181 0.491026
v 0.225994 -0.033181 0.545599
v 0.000000 -0.033181 0.590552
v -0.115211 -0.033181 0.579205
v -0.225995 -0.033181 0.545599
v -0.328093 -0.033181 0.491026
v -0.417584 -0.033181 0.417583
v -0.491026 -0.033181 0.328093
v -0.545599 -0.033181 0.225994
v -0.590552 -0.033181 -0.000001
v -0.579205 -0.033181 -0.115212
v -0.545599 -0.033181 -0.225995
v -0.491026 -0.033181 -0.328094
v -0.417583 -0.033181 -0.417584
v -0.328092 -0.033181 -0.491026
v -0.225994 -0.033181 -0.545599
vn -0.0000 -1.0000 -0.0000
vn -0.0000 1.0000 -0.0000
vn -0.6344 -0.0000 -0.7730
vn -0.8819 -0.0000 -0.4714
vn -0.9952 -0.0000 -0.0980
vn -0.9569 -0.0000 0.2903
vn -0.8819 -0.0000 0.4714
vn -0.4714 -0.0000 0.8819
vn -0.2903 -0.0000 0.9569
vn 0.2903 -0.0000 0.9569
vn 0.4714 -0.0000 0.8819
vn 0.7730 -0.0000 0.6344
vn 0.9569 -0.0000 0.2903
vn 0.9952 -0.0000 -0.0980
vn 0.7730 -0.0000 -0.6344
vn 0.4714 -0.0000 -0.8819
vn 0.0980 -0.0000 -0.9952
vn -0.2903 -0.0000 -0.9569
vn -0.7730 -0.0000 -0.6344
vn -0.9952 -0.0000 0.0980
vn -0.6344 -0.0000 0.7730
vn 0.0980 -0.0000 0.9952
vn 0.8819 -0.0000 0.4714
vn 0.9569 -0.0000 -0.2903
vn 0.6344 -0.0000 -0.7730
vn -0.0980 -0.0000 -0.9952
vn -0.4714 -0.0000 -0.8819
vn -0.9569 -0.0000 -0.2903
vn -0.7730 -0.0000 0.6344
vn -0.0980 -0.0000 0.9952
vn 0.6344 -0.0000 0.7730
vn 0.9952 -0.0000 0.0980
vn 0.8819 -0.0000 -0.4714
vn 0.2903 -0.0000 -0.9569
vt 0.067700 0.036200
vt 0.084400 0.004900
vt 0.115700 0.021600
vt 0.071100 0.110300
vt 0.085500 0.062900
vt 0.105100 0.068800
vt 0.035000 0.090400
vt 0.044500 0.085800
vt 0.044500 0.090400
vt 0.044500 0.064400
vt 0.054000 0.059900
vt 0.054000 0.064400
vt 0.044500 0.074200
vt 0.054000 0.069300
vt 0.054000 0.074200
vt 0.044500 0.083600
vt 0.054000 0.079000
vt 0.054000 0.083600
vt 0.044500 0.087700
vt 0.054000 0.087700
vt 0.044500 0.027300
vt 0.035000 0.024500
vt 0.044500 0.024500
vt 0.044500 0.030700
vt 0.035000 0.027300
vt 0.035000 0.044200
vt 0.044500 0.039400
vt 0.044500 0.044200
vt 0.035000 0.049100
vt 0.044500 0.049100
vt 0.035000 0.058500
vt 0.044500 0.054000
vt 0.044500 0.058500
vt 0.044500 0.028000
vt 0.054000 0.024500
vt 0.054000 0.028000
vt 0.044500 0.036600
vt 0.054000 0.032100
vt 0.054000 0.036600
vt 0.044500 0.051200
vt 0.054000 0.046400
vt 0.054000 0.051200
vt 0.044500 0.059900
vt 0.054000 0.055800
vt 0.035000 0.071300
vt 0.044500 0.066700
vt 0.044500 0.071300
vt 0.035000 0.081000
vt 0.044500 0.076100
vt 0.044500 0.081000
vt 0.044500 0.094500
vt 0.044500 0.079000
vt 0.044500 0.093900
vt 0.054000 0.091100
vt 0.054000 0.093900
vt 0.035000 0.039400
vt 0.044500 0.034800
vt 0.035000 0.062600
vt 0.044500 0.062600
vt 0.044500 0.041500
vt 0.054000 0.041500
vt 0.044500 0.055800
vt 0.035000 0.085800
vt 0.044500 0.069300
vt 0.035000 0.034800
vt 0.035000 0.054000
vt 0.044500 0.032100
vt 0.035000 0.066700
vt 0.199900 0.085800
vt 0.197600 0.093100
vt 0.197600 0.085800
vt 0.199900 0.100200
vt 0.197600 0.100200
vt 0.197600 0.107000
vt 0.199900 0.107000
vt 0.197600 0.113000
vt 0.199900 0.113000
vt 0.197600 0.118200
vt 0.202200 0.060700
vt 0.199900 0.066800
vt 0.199900 0.060700
vt 0.202200 0.066800
vt 0.199900 0.073500
vt 0.202200 0.073500
vt 0.199900 0.080700
vt 0.202200 0.080700
vt 0.199900 0.087900
vt 0.202200 0.087900
vt 0.199900 0.095100
vt 0.202200 0.095100
vt 0.199900 0.101800
vt 0.202200 0.101800
vt 0.199900 0.107900
vt 0.202200 0.113000
vt 0.200100 0.053800
vt 0.202400 0.047800
vt 0.202400 0.053800
vt 0.200100 0.041000
vt 0.202400 0.041000
vt 0.202400 0.033900
vt 0.200100 0.033900
vt 0.202400 0.026600
vt 0.200100 0.026600
vt 0.202400 0.019400
vt 0.200100 0.019400
vt 0.202400 0.012700
vt 0.200100 0.012700
vt 0.202400 0.006600
vt 0.200100 0.006600
vt 0.197800 0.012700
vt 0.197800 0.006600
vt 0.197800 0.019400
vt 0.197800 0.026600
vt 0.197800 0.033900
vt 0.197800 0.041000
vt 0.197800 0.047800
vt 0.200100 0.047800
vt 0.197800 0.053800
vt 0.197800 0.059000
vt 0.197600 0.065900
vt 0.197600 0.060700
vt 0.199900 0.065900
vt 0.197600 0.071900
vt 0.132000 0.026500
vt 0.148300 0.013700
vt 0.182700 0.031300
vt 0.199900 0.071900
vt 0.197600 0.078700
vt 0.199900 0.078700
vt 0.003400 0.049100
vt 0.011800 0.033400
vt 0.027400 0.041800
vt 0.116700 0.026500
vt 0.113900 0.040800
vt 0.116700 0.031400
vt 0.115700 0.036200
vt 0.111100 0.044900
vt 0.107600 0.048300
vt 0.103500 0.051100
vt 0.099000 0.053000
vt 0.094200 0.053900
vt 0.089200 0.053900
vt 0.084400 0.053000
vt 0.079900 0.051100
vt 0.075800 0.048300
vt 0.072300 0.044900
vt 0.069500 0.040800
vt 0.066700 0.031400
vt 0.066700 0.026500
vt 0.067700 0.021600
vt 0.069500 0.017100
vt 0.072300 0.013000
vt 0.075800 0.009500
vt 0.079900 0.006800
vt 0.089200 0.003900
vt 0.094200 0.003900
vt 0.099000 0.004900
vt 0.103500 0.006800
vt 0.107600 0.009500
vt 0.111100 0.013000
vt 0.113900 0.017100
vt 0.108900 0.072500
vt 0.111800 0.076900
vt 0.113800 0.081800
vt 0.114800 0.086900
vt 0.114800 0.092200
vt 0.113800 0.097400
vt 0.111800 0.102200
vt 0.108900 0.106600
vt 0.105100 0.110300
vt 0.100800 0.113300
vt 0.095900 0.115300
vt 0.090700 0.116300
vt 0.085500 0.116300
vt 0.080300 0.115300
vt 0.075400 0.113300
vt 0.067300 0.106600
vt 0.064400 0.102200
vt 0.062400 0.097400
vt 0.061400 0.092200
vt 0.061400 0.086900
vt 0.062400 0.081800
vt 0.064400 0.076900
vt 0.067300 0.072500
vt 0.071100 0.068800
vt 0.075400 0.065900
vt 0.080300 0.063900
vt 0.090700 0.062900
vt 0.095900 0.063900
vt 0.100800 0.065900
vt 0.035000 0.030700
vt 0.044500 0.046400
vt 0.035000 0.076100
vt 0.035000 0.094500
vt 0.044500 0.091100
vt 0.199900 0.093100
vt 0.199900 0.118200
vt 0.202200 0.107900
vt 0.200100 0.059000
vt 0.183800 0.036400
vt 0.183800 0.041600
vt 0.182700 0.046700
vt 0.180700 0.051500
vt 0.177700 0.055800
vt 0.164300 0.064300
vt 0.173800 0.059500
vt 0.169300 0.062300
vt 0.159000 0.065300
vt 0.153600 0.065300
vt 0.148300 0.064300
vt 0.143300 0.062300
vt 0.138800 0.059500
vt 0.129900 0.046700
vt 0.135000 0.055800
vt 0.132000 0.051500
vt 0.128900 0.041600
vt 0.128900 0.036400
vt 0.129900 0.031300
vt 0.135000 0.022200
vt 0.138800 0.018500
vt 0.143300 0.015600
vt 0.153600 0.012600
vt 0.169300 0.015600
vt 0.159000 0.012600
vt 0.164300 0.013700
vt 0.173800 0.018500
vt 0.177700 0.022200
vt 0.180700 0.026500
vt 0.027900 0.044200
vt 0.027900 0.046700
vt 0.027400 0.049100
vt 0.026500 0.051400
vt 0.025100 0.053400
vt 0.023400 0.055200
vt 0.021300 0.056500
vt 0.019100 0.057500
vt 0.016600 0.057900
vt 0.014200 0.057900
vt 0.011800 0.057500
vt 0.009500 0.056500
vt 0.007400 0.055200
vt 0.005700 0.053400
vt 0.004300 0.051400
vt 0.002900 0.046700
vt 0.002900 0.044200
vt 0.003400 0.041800
vt 0.004300 0.039500
vt 0.005700 0.037500
vt 0.007400 0.035700
vt 0.009500 0.034400
vt 0.014200 0.032900
vt 0.016600 0.032900
vt 0.019100 0.033400
vt 0.021300 0.034400
vt 0.023400 0.035700
vt 0.025100 0.037500
vt 0.026500 0.039500
s 0
f 475/505/120 476/506/120 477/507/120
f 478/508/121 479/509/121 480/510/121
f 481/511/122 482/512/122 483/513/122
f 484/514/123 485/515/123 486/516/123
f 487/517/124 488/518/124 489/519/124
f 490/520/125 491/521/125 492/522/125
f 493/523/126 494/522/126 495/524/126
f 496/525/127 497/526/127 498/527/127
f 499/528/128 500/529/128 501/525/128
f 502/530/129 503/531/129 504/532/129
f 505/533/130 506/532/130 507/534/130
f 508/535/131 509/536/131 510/537/131
f 511/538/132 512/539/132 513/540/132
f 514/541/133 515/542/133 516/543/133
f 517/544/134 518/545/134 519/546/134
f 520/547/135 521/548/135 522/515/135
f 523/549/136 524/550/136 525/551/136
f 526/552/137 527/553/137 528/554/137
f 529/555/138 530/511/138 531/513/138
f 532/556/139 533/519/139 534/521/139
f 535/557/140 536/558/140 537/559/140
f 538/560/141 539/561/141 540/531/141
f 541/562/142 542/537/142 543/563/142
f 544/564/143 545/543/143 546/565/143
f 547/566/144 548/546/144 549/548/144
f 550/553/145 551/549/145 552/551/145
f 553/567/146 554/554/146 555/512/146
f 556/568/147 557/516/147 558/518/147
f 559/558/148 560/523/148 561/524/148
f 562/569/149 563/528/149 564/561/149
f 565/570/150 566/534/150 567/536/150
f 568/571/151 569/540/151 570/542/151
f 571/545/152 572/564/152 573/565/152
f 574/572/153 575/563/153 576/550/153
f 577/573/136 578/574/136 579/575/136
f 578/574/153 580/576/153 581/577/153
f 580/576/135 582/578/135 581/577/135
f 583/579/144 584/580/144 582/578/144
f 585/581/134 586/582/134 584/580/134
f 587/583/152 588/584/152 586/585/152
f 589/586/143 590/587/143 588/584/143
f 591/588/133 592/589/133 590/587/133
f 593/590/151 594/591/151 592/589/151
f 595/592/132 596/593/132 594/591/132
f 597/594/142 598/595/142 596/593/142
f 599/596/131 600/597/131 598/595/131
f 600/597/150 601/598/150 602/581/150
f 601/599/130 603/600/130 602/601/130
f 603/600/129 604/602/129 605/603/129
f 604/602/141 606/604/141 605/603/141
f 607/605/149 608/606/149 606/604/149
f 609/607/128 610/608/128 608/606/128
f 611/609/127 612/610/127 610/608/127
f 613/611/140 614/612/140 612/610/140
f 615/613/148 616/614/148 614/615/148
f 617/611/126 618/616/126 616/614/126
f 619/609/125 620/617/125 618/616/125
f 621/607/139 622/618/139 620/617/139
f 623/605/124 624/619/124 622/618/124
f 625/602/147 626/620/147 624/619/147
f 627/621/123 628/622/123 626/620/123
f 629/599/138 630/623/138 628/622/138
f 631/585/122 632/624/122 630/625/122
f 633/626/146 634/627/146 632/624/146
f 635/628/121 636/629/121 637/630/121
f 638/631/137 639/632/137 634/627/137
f 640/633/145 579/575/145 639/632/145
f 641/634/120 642/635/120 643/636/120
f 644/507/120 645/637/120 646/638/120
f 647/639/120 648/640/120 649/638/120
f 650/638/120 651/641/120 652/642/120
f 653/642/120 654/643/120 655/638/120
f 656/644/120 657/645/120 658/646/120
f 659/646/120 660/647/120 661/648/120
f 662/648/120 663/649/120 664/505/120
f 665/650/120 666/651/120 667/505/120
f 668/505/120 669/652/120 670/653/120
f 671/653/120 672/654/120 673/655/120
f 674/655/120 675/656/120 676/657/120
f 677/657/120 678/658/120 679/506/120
f 680/506/120 681/659/120 682/660/120
f 683/660/120 684/661/120 685/506/120
f 686/662/120 687/663/120 688/507/120
f 689/664/120 690/665/120 691/507/120
f 692/637/120 693/639/120 694/638/120
f 695/638/120 696/643/120 697/644/120
f 698/644/120 699/646/120 700/505/120
f 701/649/120 702/650/120 703/505/120
f 704/505/120 705/653/120 706/506/120
f 707/655/120 708/657/120 709/506/120
f 710/506/120 711/661/120 712/662/120
f 713/663/120 714/664/120 715/507/120
f 716/507/120 717/638/120 718/644/120
f 719/646/120 720/648/120 721/505/120
f 722/653/120 723/655/120 724/506/120
f 725/506/120 726/662/120 727/507/120
f 728/507/120 729/644/120 730/505/120
f 731/510/121 732/666/121 733/667/121
f 734/667/121 735/668/121 736/669/121
f 737/669/121 738/670/121 739/671/121
f 740/671/121 741/672/121 742/673/121
f 743/673/121 744/674/121 745/675/121
f 746/675/121 747/676/121 748/677/121
f 749/677/121 750/678/121 751/508/121
f 752/679/121 753/680/121 754/508/121
f 755/508/121 756/681/121 757/682/121
f 758/682/121 759/683/121 760/508/121
f 761/684/121 762/685/121 763/686/121
f 764/686/121 765/687/121 766/688/121
f 767/688/121 768/689/121 769/690/121
f 770/690/121 771/691/121 772/509/121
f 773/509/121 774/692/121 775/693/121
f 776/693/121 777/694/121 778/510/121
f 779/510/121 780/667/121 781/669/121
f 782/669/121 783/671/121 784/673/121
f 785/673/121 786/675/121 787/508/121
f 788/678/121 789/679/121 790/508/121
f 791/508/121 792/683/121 793/684/121
f 794/684/121 795/686/121 796/688/121
f 797/688/121 798/690/121 799/509/121
f 800/509/121 801/693/121 802/510/121
f 803/510/121 804/669/121 805/508/121
f 806/675/121 807/677/121 808/508/121
f 809/508/121 810/684/121 811/688/121
f 812/688/121 813/509/121 814/508/121
f 815/669/121 816/673/121 817/508/121
f 818/511/122 819/567/122 820/512/122
f 821/514/123 822/547/123 823/515/123
f 824/517/124 825/568/124 826/518/124
f 827/520/125 828/556/125 829/521/125
f 830/523/126 831/520/126 832/522/126
f 833/525/127 834/529/127 835/526/127
f 836/528/128 837/695/128 838/529/128
f 839/530/129 840/560/129 841/531/129
f 842/533/130 843/530/130 844/532/130
f 845/535/131 846/570/131 847/536/131
f 848/538/132 849/527/132 850/539/132
f 851/541/133 852/571/133 853/542/133
f 854/544/134 855/696/134 856/545/134
f 857/547/135 858/566/135 859/548/135
f 860/549/136 861/572/136 862/550/136
f 863/552/137 864/697/137 865/553/137
f 866/555/138 867/698/138 868/511/138
f 869/556/139 870/517/139 871/519/139
f 872/557/140 873/699/140 874/558/140
f 875/560/141 876/569/141 877/561/141
f 878/562/142 879/535/142 880/537/142
f 881/564/143 882/541/143 883/543/143
f 884/566/144 885/544/144 886/546/144
f 887/553/145 888/697/145 889/549/145
f 890/567/146 891/552/146 892/554/146
f 893/568/147 894/514/147 895/516/147
f 896/558/148 897/699/148 898/523/148
f 899/569/149 900/695/149 901/528/149
f 902/570/150 903/533/150 904/534/150
f 905/571/151 906/538/151 907/540/151
f 908/545/152 909/696/152 910/564/152
f 911/572/153 912/562/153 913/563/153
f 577/573/136 914/700/136 578/574/136
f 578/574/153 914/700/153 580/576/153
f 580/576/135 583/579/135 582/578/135
f 583/579/144 585/581/144 584/580/144
f 585/581/134 587/701/134 586/582/134
f 587/583/152 589/586/152 588/584/152
f 589/586/143 591/588/143 590/587/143
f 591/588/133 593/590/133 592/589/133
f 593/590/151 595/592/151 594/591/151
f 595/592/132 597/594/132 596/593/132
f 597/594/142 599/596/142 598/595/142
f 599/596/131 915/702/131 600/597/131
f 600/597/150 915/702/150 601/598/150
f 601/599/130 916/621/130 603/600/130
f 603/600/129 916/621/129 604/602/129
f 604/602/141 607/605/141 606/604/141
f 607/605/149 609/607/149 608/606/149
f 609/607/128 611/609/128 610/608/128
f 611/609/127 613/611/127 612/610/127
f 613/611/140 615/613/140 614/612/140
f 615/613/148 617/611/148 616/614/148
f 617/611/126 619/609/126 618/616/126
f 619/609/125 621/607/125 620/617/125
f 621/607/139 623/605/139 622/618/139
f 623/605/124 625/602/124 624/619/124
f 625/602/147 627/621/147 626/620/147
f 627/621/123 629/599/123 628/622/123
f 629/599/138 631/703/138 630/623/138
f 631/585/122 633/626/122 632/624/122
f 633/626/146 638/631/146 634/627/146
f 637/630/121 917/704/121 918/705/121
f 918/705/121 919/706/121 920/707/121
f 920/707/121 921/708/121 922/709/121
f 923/710/121 924/711/121 922/709/121
f 922/709/121 925/712/121 926/713/121
f 926/713/121 927/714/121 928/715/121
f 928/715/121 929/716/121 930/717/121
f 931/718/121 932/719/121 930/717/121
f 930/717/121 933/720/121 934/721/121
f 934/721/121 935/722/121 930/717/121
f 635/628/121 936/723/121 937/724/121
f 937/724/121 938/725/121 636/629/121
f 636/629/121 939/726/121 940/727/121
f 941/728/121 942/729/121 940/727/121
f 940/727/121 943/730/121 944/731/121
f 944/731/121 945/732/121 637/630/121
f 637/630/121 918/705/121 922/709/121
f 921/708/121 923/710/121 922/709/121
f 922/709/121 926/713/121 930/717/121
f 929/716/121 931/718/121 930/717/121
f 930/717/121 935/722/121 635/628/121
f 635/628/121 937/724/121 636/629/121
f 939/726/121 941/728/121 940/727/121
f 940/727/121 944/731/121 636/629/121
f 918/705/121 920/707/121 922/709/121
f 926/713/121 928/715/121 930/717/121
f 930/717/121 635/628/121 637/630/121
f 636/629/121 944/731/121 637/630/121
f 637/630/121 922/709/121 930/717/121
f 638/631/137 640/633/137 639/632/137
f 640/633/145 577/573/145 579/575/145
f 643/636/120 946/733/120 947/734/120
f 947/734/120 948/735/120 949/736/120
f 949/736/120 950/737/120 951/738/120
f 951/738/120 952/739/120 949/736/120
f 953/740/120 954/741/120 955/742/120
f 955/742/120 956/743/120 957/744/120
f 957/744/120 958/745/120 641/634/120
f 959/746/120 960/747/120 641/634/120
f 641/634/120 961/748/120 962/749/120
f 962/749/120 963/750/120 641/634/120
f 964/751/120 965/752/120 966/753/120
f 966/753/120 967/754/120 642/635/120
f 642/635/120 968/755/120 969/756/120
f 969/756/120 970/757/120 642/635/120
f 971/758/120 972/759/120 973/760/120
f 973/760/120 974/761/120 643/636/120
f 643/636/120 947/734/120 953/740/120
f 949/736/120 952/739/120 953/740/120
f 953/740/120 955/742/120 957/744/120
f 958/745/120 959/746/120 641/634/120
f 641/634/120 963/750/120 964/751/120
f 964/751/120 966/753/120 641/634/120
f 642/635/120 970/757/120 971/758/120
f 971/758/120 973/760/120 643/636/120
f 947/734/120 949/736/120 953/740/120
f 953/740/120 957/744/120 643/636/120
f 641/634/120 966/753/120 642/635/120
f 642/635/120 971/758/120 643/636/120
f 643/636/120 957/744/120 641/634/120
o IMP_TIE_ADV_INQ_HULL
v 0.136613 1.276616 -0.026537
v 0.137864 1.276616 -0.033891
v 0.136613 1.268276 -0.026537
v 0.137864 1.268276 -0.033891
v 0.138152 1.274531 -0.035585
v 0.138152 1.270361 -0.035585
v 0.134964 1.276379 -0.035657
v 0.133166 1.268304 -0.024878
v 0.134964 1.268304 -0.035657
v 0.132073 1.268304 -0.035881
v 0.130275 1.276379 -0.025102
v 0.132073 1.276379 -0.035881
v 0.130275 1.268304 -0.025102
v 0.133166 1.276379 -0.024878
v 0.147820 1.282764 -0.031935
v 0.118431 1.290715 -0.030000
v 0.147265 1.290715 -0.028079
v 0.118986 1.282764 -0.033855
v 0.146254 1.290715 -0.021054
v 0.117420 1.282764 -0.022975
v 0.146254 1.282764 -0.021054
v 0.117420 1.290715 -0.022975
v 0.170436 1.290010 -0.027040
v 0.147794 1.290010 -0.022276
v 0.169578 1.290010 -0.020872
v 0.170907 1.283031 -0.030426
v 0.147794 1.283031 -0.022276
v 0.149124 1.283031 -0.031829
v 0.148653 1.290010 -0.028444
v 0.169578 1.283031 -0.020872
v 0.204404 1.288794 -0.022914
v 0.176422 1.288794 -0.018637
v 0.203220 1.288794 -0.016386
v 0.205054 1.281384 -0.026498
v 0.176422 1.281384 -0.018637
v 0.178257 1.281384 -0.028749
v 0.177606 1.288794 -0.025166
v 0.203220 1.281384 -0.016386
v 0.194472 1.262159 -0.010870
v 0.194472 1.262159 -0.017729
v 0.197172 1.263161 -0.010870
v 0.129299 1.259464 -0.010870
v 0.129315 1.260713 -0.009763
v 0.195328 1.263443 -0.009763
v 0.207895 1.274184 -0.009763
v 0.210436 1.274506 -0.010870
v 0.197172 1.263161 -0.017968
v 0.129441 1.274302 -0.009763
v 0.195318 1.263266 -0.019354
v 0.129304 1.260535 -0.023577
v 0.129299 1.259464 -0.021901
v 0.127688 1.260642 -0.010870
v 0.127815 1.274297 -0.010870
v 0.129453 1.275549 -0.010870
v 0.209886 1.275436 -0.010870
v 0.210436 1.274506 -0.022568
v 0.208291 1.274358 -0.023845
v 0.129433 1.274476 -0.030473
v 0.127815 1.274297 -0.029225
v 0.127688 1.260642 -0.022480
v 0.129453 1.275549 -0.029924
v 0.209886 1.275436 -0.023167
v 0.171006 1.275131 -0.031523
v 0.170350 1.275131 -0.027280
v 0.169052 1.274342 -0.027373
v 0.171006 1.279937 -0.031523
v 0.169790 1.275131 -0.032147
v 0.169708 1.274342 -0.031616
v 0.156414 1.274342 -0.028277
v 0.156632 1.275131 -0.027726
v 0.168970 1.275131 -0.026842
v 0.157452 1.275131 -0.033029
v 0.157069 1.274342 -0.032520
v 0.168970 1.279937 -0.026842
v 0.170350 1.279937 -0.027280
v 0.169708 1.280726 -0.031616
v 0.169052 1.280726 -0.027373
v 0.169790 1.279937 -0.032147
v 0.159632 1.279937 -0.032873
v 0.158229 1.279950 -0.032437
v 0.156037 1.275118 -0.032594
v 0.155382 1.275118 -0.028351
v 0.157573 1.279950 -0.028194
v 0.158812 1.279937 -0.027569
v 0.159138 1.280726 -0.028082
v 0.159794 1.280726 -0.032326
v 0.195328 1.286681 -0.012997
v 0.207238 1.276447 -0.012997
v 0.197172 1.286962 -0.014104
v 0.194472 1.287965 -0.014104
v 0.194472 1.287965 -0.020963
v 0.197172 1.286962 -0.021202
v 0.129315 1.289411 -0.012997
v 0.129299 1.290660 -0.014104
v 0.129299 1.290660 -0.025135
v 0.129304 1.289588 -0.026811
v 0.127688 1.289482 -0.014104
v 0.129441 1.276689 -0.012997
v 0.127815 1.276694 -0.014104
v 0.129453 1.275442 -0.014104
v 0.209778 1.276124 -0.014104
v 0.209229 1.275195 -0.014104
v 0.209778 1.276124 -0.025802
v 0.195318 1.286858 -0.022588
v 0.207633 1.276272 -0.027079
v 0.129433 1.276515 -0.033707
v 0.129453 1.275442 -0.033158
v 0.209229 1.275195 -0.026402
v 0.127815 1.276694 -0.032460
v 0.127688 1.289482 -0.025714
v 0.169790 1.264346 -0.027021
v 0.159794 1.263556 -0.027200
v 0.159632 1.264346 -0.027747
v 0.169790 1.269152 -0.027021
v 0.157452 1.269152 -0.027904
v 0.158229 1.264333 -0.027312
v 0.171006 1.264346 -0.026397
v 0.171006 1.269152 -0.026397
v 0.169708 1.269941 -0.026490
v 0.157069 1.269941 -0.027395
v 0.156037 1.269165 -0.027469
v 0.156414 1.269941 -0.023151
v 0.155382 1.269165 -0.023225
v 0.169052 1.269941 -0.022247
v 0.156632 1.269152 -0.022600
v 0.157573 1.264333 -0.023068
v 0.158812 1.264346 -0.022444
v 0.159138 1.263556 -0.022956
v 0.168970 1.269152 -0.021717
v 0.168970 1.264346 -0.021717
v 0.169052 1.263556 -0.022247
v 0.169708 1.263556 -0.026490
v 0.170350 1.264346 -0.022154
v 0.170350 1.269152 -0.022154
v 0.127918 1.290440 -0.018931
v 0.195748 1.287616 -0.013830
v 0.127918 1.275058 -0.018931
v 0.195748 1.262500 -0.013830
v 0.127918 1.259676 -0.018931
v 0.209671 1.274059 -0.013211
v 0.209671 1.275058 -0.013211
v 0.209671 1.276057 -0.013211
v 0.135519 1.262755 0.122583
v 0.146090 1.272974 0.188543
v 0.135519 1.275092 0.122583
v 0.145481 1.268739 0.184784
v 0.146090 1.277210 0.188543
v 0.135519 1.287428 0.122583
v 0.146090 1.275092 0.188543
v 0.145481 1.281445 0.184784
v -0.136481 1.268276 -0.026537
v -0.137732 1.276616 -0.033891
v -0.136481 1.276616 -0.026537
v -0.137732 1.268276 -0.033891
v -0.138020 1.274531 -0.035585
v -0.138020 1.270361 -0.035585
v -0.134832 1.276379 -0.035657
v -0.130143 1.276379 -0.025102
v -0.131941 1.276379 -0.035881
v -0.134832 1.268304 -0.035657
v -0.130143 1.268304 -0.025102
v -0.133034 1.268304 -0.024878
v -0.131941 1.268304 -0.035881
v -0.133034 1.276379 -0.024878
v -0.147133 1.290715 -0.028079
v -0.118299 1.290715 -0.030000
v -0.147688 1.282764 -0.031935
v -0.118854 1.282764 -0.033855
v -0.146123 1.290715 -0.021054
v -0.117289 1.282764 -0.022975
v -0.117289 1.290715 -0.022975
v -0.146123 1.282764 -0.021054
v -0.170304 1.290010 -0.027040
v -0.169446 1.283031 -0.020872
v -0.169446 1.290010 -0.020872
v -0.170776 1.283031 -0.030426
v -0.148521 1.290010 -0.028444
v -0.147662 1.283031 -0.022276
v -0.148992 1.283031 -0.031829
v -0.147662 1.290010 -0.022276
v -0.204273 1.288794 -0.022914
v -0.177475 1.288794 -0.025166
v -0.204922 1.281384 -0.026498
v -0.178125 1.281384 -0.028749
v -0.203088 1.288794 -0.016386
v -0.176290 1.281384 -0.018637
v -0.176290 1.288794 -0.018637
v -0.203088 1.281384 -0.016386
v -0.194341 1.262159 -0.010870
v -0.195196 1.263443 -0.009763
v -0.197041 1.263161 -0.010870
v -0.129183 1.260713 -0.009763
v -0.194341 1.262159 -0.017729
v -0.197041 1.263161 -0.017968
v -0.207764 1.274184 -0.009763
v -0.129167 1.259464 -0.010870
v -0.129167 1.259464 -0.021901
v -0.127556 1.260642 -0.010870
v -0.129309 1.274302 -0.009763
v -0.127683 1.274297 -0.010870
v -0.129322 1.275549 -0.010870
v -0.210304 1.274506 -0.010870
v -0.209754 1.275436 -0.010870
v -0.210304 1.274506 -0.022568
v -0.195186 1.263266 -0.019354
v -0.208159 1.274358 -0.023845
v -0.129172 1.260535 -0.023577
v -0.129302 1.274476 -0.030473
v -0.127556 1.260642 -0.022480
v -0.127683 1.274297 -0.029225
v -0.209754 1.275436 -0.023167
v -0.129322 1.275549 -0.029924
v -0.170874 1.275131 -0.031523
v -0.169576 1.274342 -0.031616
v -0.168920 1.274342 -0.027373
v -0.169658 1.275131 -0.032147
v -0.170219 1.275131 -0.027280
v -0.168838 1.275131 -0.026842
v -0.156282 1.274342 -0.028277
v -0.170874 1.279937 -0.031523
v -0.170219 1.279937 -0.027280
v -0.169658 1.279937 -0.032147
v -0.168920 1.280726 -0.027373
v -0.157320 1.275131 -0.033029
v -0.159500 1.279937 -0.032873
v -0.156938 1.274342 -0.032520
v -0.155906 1.275118 -0.032594
v -0.155250 1.275118 -0.028351
v -0.156501 1.275131 -0.027726
v -0.158680 1.279937 -0.027569
v -0.157441 1.279950 -0.028194
v -0.168838 1.279937 -0.026842
v -0.159006 1.280726 -0.028082
v -0.169576 1.280726 -0.031616
v -0.159662 1.280726 -0.032326
v -0.158097 1.279950 -0.032437
v -0.195196 1.286681 -0.012997
v -0.194341 1.287965 -0.014104
v -0.197041 1.286962 -0.014104
v -0.129183 1.289411 -0.012997
v -0.129309 1.276689 -0.012997
v -0.207106 1.276447 -0.012997
v -0.209647 1.276124 -0.014104
v -0.197041 1.286962 -0.021202
v -0.194341 1.287965 -0.020963
v -0.129167 1.290660 -0.014104
v -0.195186 1.286858 -0.022588
v -0.129172 1.289588 -0.026811
v -0.129167 1.290660 -0.025135
v -0.127556 1.289482 -0.014104
v -0.127683 1.276694 -0.014104
v -0.129322 1.275442 -0.014104
v -0.209097 1.275195 -0.014104
v -0.209647 1.276124 -0.025802
v -0.207502 1.276272 -0.027079
v -0.129302 1.276515 -0.033707
v -0.209097 1.275195 -0.026402
v -0.129322 1.275442 -0.033158
v -0.127683 1.276694 -0.032460
v -0.127556 1.289482 -0.025714
v -0.169658 1.264346 -0.027021
v -0.169658 1.269152 -0.027021
v -0.159500 1.264346 -0.027747
v -0.170874 1.264346 -0.026397
v -0.169576 1.263556 -0.026490
v -0.159662 1.263556 -0.027200
v -0.158097 1.264333 -0.027312
v -0.157320 1.269152 -0.027904
v -0.169576 1.269941 -0.026490
v -0.170874 1.269152 -0.026397
v -0.155906 1.269165 -0.027469
v -0.156938 1.269941 -0.027395
v -0.156282 1.269941 -0.023151
v -0.168920 1.269941 -0.022247
v -0.155250 1.269165 -0.023225
v -0.156501 1.269152 -0.022600
v -0.157441 1.264333 -0.023068
v -0.158680 1.264346 -0.022444
v -0.168838 1.269152 -0.021717
v -0.159006 1.263556 -0.022956
v -0.168838 1.264346 -0.021717
v -0.168920 1.263556 -0.022247
v -0.170219 1.264346 -0.022154
v -0.170219 1.269152 -0.022154
v -0.195863 1.259556 -0.017533
v -0.196926 1.260216 -0.017778
v -0.195999 1.259403 -0.017871
v -0.196276 1.259375 -0.018195
v -0.172906 1.276397 -0.028202
v -0.173833 1.277209 -0.028109
v -0.172770 1.276549 -0.027865
v -0.196652 1.259474 -0.018455
v -0.173183 1.276368 -0.028526
v -0.197070 1.259686 -0.018612
v -0.173559 1.276468 -0.028786
v -0.197465 1.259979 -0.018642
v -0.173976 1.276680 -0.028944
v -0.197779 1.260308 -0.018541
v -0.174372 1.276973 -0.028974
v -0.197963 1.260622 -0.018324
v -0.174686 1.277302 -0.028872
v -0.197989 1.260875 -0.018023
v -0.174870 1.277616 -0.028655
v -0.174896 1.277869 -0.028354
v -0.127786 1.275058 -0.018931
v -0.195616 1.287616 -0.013830
v -0.127786 1.290440 -0.018931
v -0.209540 1.276057 -0.013211
v -0.127786 1.259676 -0.018931
v -0.195616 1.262500 -0.013830
v -0.209540 1.274059 -0.013211
v -0.209540 1.275058 -0.013211
v -0.135387 1.275092 0.122583
v -0.145959 1.272974 0.188543
v -0.135387 1.262755 0.122583
v -0.145959 1.275092 0.188543
v -0.145959 1.277210 0.188543
v -0.145349 1.268739 0.184784
v -0.135387 1.287428 0.122583
v -0.145349 1.281445 0.184784
v 0.246650 1.244281 0.133981
v 0.263854 1.305721 0.133981
v 0.246650 1.305721 0.133981
v 0.263854 1.244281 0.133981
v 0.246650 1.244281 0.133981
v 0.263854 1.244281 -0.046825
v 0.263854 1.305721 -0.046825
v 0.246650 1.305721 -0.046825
v 0.246650 1.244281 -0.046825
v 0.246650 1.305721 -0.046825
v 0.246650 1.305721 0.133981
v 0.246650 1.244281 -0.046825
v 0.265417 1.304158 0.190376
v 0.252171 1.337967 0.175422
v 0.256316 1.303128 0.190376
v 0.260728 1.339474 0.175422
v 0.265417 1.304158 0.143431
v 0.256282 1.303461 0.143431
v 0.264943 1.291928 0.142657
v 0.260728 1.339474 -0.075872
v 0.252188 1.337874 -0.075872
v 0.248234 1.384179 -0.068606
v 0.248234 1.384179 0.152810
v 0.239971 1.381492 0.152810
v 0.240001 1.381403 -0.068606
v 0.240111 1.403980 -0.065387
v 0.240111 1.403980 0.142794
v 0.232200 1.400388 0.142794
v 0.204474 1.451889 -0.053617
v 0.211974 1.456277 -0.053617
v 0.232234 1.400314 -0.065387
v 0.211972 1.456277 0.112855
v 0.204446 1.451937 0.112855
v 0.182203 1.484682 -0.041886
v 0.189124 1.489935 -0.041886
v 0.189124 1.489935 0.091393
v 0.182149 1.484754 0.091393
v 0.169298 1.512300 -0.034227
v 0.169298 1.512300 0.077382
v 0.162928 1.506392 0.077382
v 0.162928 1.506392 -0.034227
v 0.162928 1.506392 -0.034227
v 0.265417 1.302077 -0.080439
v 0.256309 1.301104 -0.080439
v 0.264943 1.291928 -0.060984
v 0.256282 1.301392 -0.063637
v 0.265417 1.302077 -0.063639
v 0.256254 1.291928 -0.060984
v 0.256254 1.291928 -0.060984
v 0.256254 1.291928 0.142657
v 0.256254 1.291928 0.142657
v 0.162928 1.506392 0.077382
v 0.265417 1.240844 -0.063639
v 0.256282 1.241529 -0.063637
v 0.264943 1.250993 -0.060984
v 0.260728 1.203447 -0.075872
v 0.252188 1.205047 -0.075872
v 0.265417 1.240844 -0.080439
v 0.256254 1.250993 -0.060984
v 0.264943 1.250993 0.142657
v 0.256254 1.250993 -0.060984
v 0.256282 1.239460 0.143431
v 0.265417 1.238763 0.190376
v 0.265417 1.238763 0.143431
v 0.256316 1.239793 0.190376
v 0.252171 1.204955 0.175422
v 0.260728 1.203447 0.175422
v 0.256316 1.239793 0.190376
v 0.248234 1.158742 0.152810
v 0.239971 1.161429 0.152810
v 0.240111 1.138941 0.142794
v 0.204474 1.091033 -0.053617
v 0.240111 1.138941 -0.065387
v 0.211974 1.086644 -0.053617
v 0.232234 1.142607 -0.065387
v 0.182203 1.058239 -0.041886
v 0.189124 1.052987 -0.041886
v 0.240001 1.161519 -0.068606
v 0.248234 1.158742 -0.068606
v 0.169298 1.030621 -0.034227
v 0.162928 1.036530 0.077382
v 0.162928 1.036530 -0.034227
v 0.162928 1.036530 -0.034227
v 0.169298 1.030621 0.077382
v 0.189124 1.052987 0.091393
v 0.182149 1.058168 0.091393
v 0.211972 1.086644 0.112855
v 0.204446 1.090985 0.112855
v 0.232200 1.142533 0.142794
v 0.256309 1.241817 -0.080439
v 0.256254 1.250993 0.142657
v 0.162928 1.036530 0.077382
v -0.263723 1.305721 0.133981
v -0.263723 1.305721 -0.046825
v -0.263723 1.244281 0.133981
v -0.263723 1.244281 -0.046825
v -0.246605 1.291242 0.102822
v -0.246518 1.305721 0.133981
v -0.246605 1.258760 0.102822
v -0.246518 1.305721 -0.046825
v -0.246605 1.258760 -0.015666
v -0.246518 1.244281 0.133981
v -0.246605 1.291242 -0.015666
v -0.246518 1.244281 -0.046825
v -0.260596 1.339474 0.175422
v -0.265285 1.304158 0.143431
v -0.265285 1.304158 0.190376
v -0.260596 1.339474 -0.075872
v -0.248102 1.384179 0.152810
v -0.265285 1.302077 -0.063639
v -0.248102 1.384179 -0.068606
v -0.239980 1.403980 0.142794
v -0.239980 1.403980 -0.065387
v -0.211841 1.456277 0.112855
v -0.211842 1.456277 -0.053617
v -0.188992 1.489935 0.091393
v -0.188992 1.489935 -0.041886
v -0.169167 1.512300 0.077382
v -0.169167 1.512300 -0.034227
v -0.265285 1.302077 -0.080439
v -0.264811 1.291928 -0.060984
v -0.264811 1.291928 0.142657
v -0.265285 1.240844 -0.080439
v -0.260596 1.203447 -0.075872
v -0.265285 1.240844 -0.063639
v -0.265285 1.238763 0.143431
v -0.260596 1.203447 0.175422
v -0.248102 1.158742 0.152810
v -0.248102 1.158742 -0.068606
v -0.264811 1.250993 -0.060984
v -0.264811 1.250993 0.142657
v -0.265285 1.238763 0.190376
v -0.239980 1.138941 0.142794
v -0.211842 1.086644 -0.053617
v -0.211841 1.086644 0.112855
v -0.239980 1.138941 -0.065387
v -0.188992 1.052987 -0.041886
v -0.188992 1.052987 0.091393
v -0.169167 1.030621 -0.034227
v -0.169167 1.030621 0.077382
v 0.042769 1.317795 -0.086451
v 0.051910 1.305024 -0.087876
v 0.052366 1.305287 -0.086451
v 0.042396 1.317422 -0.087876
v 0.042698 1.315784 -0.086455
v 0.021515 1.294319 -0.100439
v 0.021677 1.294399 -0.102201
v 0.042059 1.315267 -0.085300
v 0.060457 1.275092 -0.086451
v 0.057890 1.259598 -0.087876
v 0.058399 1.259461 -0.086451
v 0.059930 1.275092 -0.087876
v -0.042637 1.317795 -0.086451
v -0.029866 1.326935 -0.087876
v -0.030130 1.327392 -0.086451
v -0.042264 1.317422 -0.087876
v 0.000066 1.335483 -0.086451
v 0.015560 1.332916 -0.087876
v 0.015696 1.333425 -0.086451
v 0.000066 1.334956 -0.087876
v -0.042637 1.232389 -0.086451
v -0.051778 1.245160 -0.087876
v -0.052234 1.244896 -0.086451
v -0.042264 1.232762 -0.087876
v -0.060325 1.275092 -0.086451
v -0.057758 1.290586 -0.087876
v -0.058267 1.290722 -0.086451
v -0.059798 1.275092 -0.087876
v 0.042769 1.232389 -0.086451
v 0.029998 1.223248 -0.087876
v 0.030261 1.222791 -0.086451
v 0.042396 1.232762 -0.087876
v 0.000066 1.214701 -0.086451
v -0.015428 1.217268 -0.087876
v -0.015564 1.216759 -0.086451
v 0.000066 1.215228 -0.087876
v 0.041670 1.317294 -0.086459
v 0.041252 1.316842 -0.087741
v 0.020215 1.295860 -0.102201
v 0.059326 1.275472 -0.086459
v 0.058711 1.275491 -0.087741
v 0.028999 1.275530 -0.102201
v -0.042118 1.316715 -0.086459
v -0.041684 1.316278 -0.087741
v -0.020703 1.295241 -0.102201
v -0.000341 1.334352 -0.086459
v -0.000333 1.333736 -0.087741
v -0.000372 1.304025 -0.102201
v -0.041544 1.232895 -0.086459
v -0.041120 1.233342 -0.087741
v -0.020083 1.254323 -0.102201
v -0.059194 1.274704 -0.086459
v -0.058579 1.274693 -0.087741
v -0.028867 1.274654 -0.102201
v 0.042260 1.233480 -0.086459
v 0.041816 1.233906 -0.087741
v 0.020834 1.254943 -0.102201
v 0.000456 1.215832 -0.086459
v 0.000465 1.216447 -0.087741
v 0.000504 1.246159 -0.102201
v 0.025936 1.269906 -0.102573
v 0.025593 1.270076 -0.103613
v 0.024938 1.270348 -0.102763
v 0.021007 1.260859 -0.102763
v 0.021662 1.260588 -0.103610
v 0.022016 1.260453 -0.102573
v 0.021989 1.289741 -0.102573
v 0.021652 1.289591 -0.103591
v 0.021008 1.289324 -0.102763
v 0.024938 1.279836 -0.102763
v 0.025582 1.280103 -0.103591
v 0.025927 1.280236 -0.102573
v 0.005217 1.300964 -0.102573
v 0.005079 1.300615 -0.103604
v 0.004810 1.299964 -0.102763
v 0.014299 1.296033 -0.102763
v 0.014569 1.296688 -0.103611
v 0.014685 1.297051 -0.102573
v -0.014571 1.297037 -0.102573
v -0.014437 1.296685 -0.103606
v -0.014167 1.296034 -0.102763
v -0.004678 1.299964 -0.102763
v -0.004948 1.300616 -0.103606
v -0.005102 1.300960 -0.102573
v -0.025799 1.280272 -0.102573
v -0.025459 1.280106 -0.103607
v -0.024806 1.279836 -0.102763
v -0.020876 1.289324 -0.102763
v -0.021526 1.289594 -0.103602
v -0.021871 1.289741 -0.102573
v -0.021865 1.260446 -0.102573
v -0.021523 1.260591 -0.103596
v -0.020876 1.260859 -0.102763
v -0.024806 1.270347 -0.102763
v -0.025453 1.270079 -0.103596
v -0.025797 1.269940 -0.102573
v -0.005107 1.249221 -0.102573
v -0.004949 1.249566 -0.103609
v -0.004678 1.250220 -0.102763
v -0.014167 1.254150 -0.102763
v -0.014438 1.253496 -0.103609
v -0.014567 1.253139 -0.102573
v 0.014710 1.253159 -0.102573
v 0.014566 1.253502 -0.103597
v 0.014298 1.254150 -0.102763
v 0.004810 1.250220 -0.102763
v 0.005078 1.249572 -0.103597
v 0.005220 1.249228 -0.102573
v -0.000371 1.303607 -0.103206
v -0.000368 1.302921 -0.102573
v -0.000372 1.304423 -0.102946
v 0.000483 1.302921 -0.102573
v 0.000487 1.303607 -0.103206
v 0.000480 1.304025 -0.102201
v 0.000480 1.304423 -0.102946
v 0.000445 1.333736 -0.087741
v 0.000452 1.334352 -0.086459
v -0.020407 1.294946 -0.103206
v -0.019913 1.294469 -0.102573
v -0.020984 1.295523 -0.102946
v -0.019311 1.295071 -0.102573
v -0.019800 1.295553 -0.103206
v -0.020100 1.295844 -0.102201
v -0.020382 1.296125 -0.102946
v -0.041134 1.316828 -0.087741
v -0.041557 1.317275 -0.086459
v -0.028450 1.274655 -0.103206
v -0.027763 1.274673 -0.102573
v -0.029266 1.274654 -0.102946
v -0.027763 1.275524 -0.102573
v -0.028450 1.275513 -0.103206
v -0.028867 1.275506 -0.102201
v -0.029266 1.275506 -0.102946
v -0.058579 1.275471 -0.087741
v -0.059194 1.275496 -0.086459
v 0.000503 1.246576 -0.103206
v 0.000487 1.247263 -0.102573
v 0.000504 1.245760 -0.102946
v -0.000364 1.247263 -0.102573
v -0.000355 1.246576 -0.103206
v -0.000349 1.246159 -0.102201
v -0.000349 1.245760 -0.102946
v -0.000313 1.216447 -0.087741
v -0.000336 1.215832 -0.086459
v -0.019789 1.254619 -0.103206
v -0.019301 1.255103 -0.102573
v -0.020365 1.254041 -0.102946
v -0.019903 1.255704 -0.102573
v -0.020395 1.255226 -0.103206
v -0.020686 1.254926 -0.102201
v -0.020968 1.254644 -0.102946
v -0.041670 1.233892 -0.087741
v -0.042104 1.233456 -0.086459
v 0.020539 1.255237 -0.103206
v 0.020054 1.255723 -0.102573
v 0.021116 1.254661 -0.102946
v 0.019452 1.255121 -0.102573
v 0.019932 1.254630 -0.103206
v 0.020232 1.254340 -0.102201
v 0.020513 1.254058 -0.102946
v 0.041266 1.233356 -0.087741
v 0.041700 1.232920 -0.086459
v 0.028581 1.275529 -0.103206
v 0.027895 1.275504 -0.102573
v 0.029397 1.275530 -0.102946
v 0.028999 1.276721 -0.102201
v 0.028828 1.276663 -0.100439
v 0.058985 1.276463 -0.086455
v 0.027895 1.274653 -0.102573
v 0.028581 1.274670 -0.103206
v 0.028999 1.274677 -0.102201
v 0.029397 1.274677 -0.102946
v 0.058711 1.274713 -0.087741
v 0.059326 1.274679 -0.086459
v 0.019920 1.295564 -0.103206
v 0.019429 1.295086 -0.102573
v 0.020497 1.296142 -0.102946
v 0.020030 1.294484 -0.102573
v 0.020527 1.294957 -0.103206
v 0.020818 1.295258 -0.102201
v 0.021100 1.295539 -0.102946
v 0.041802 1.316292 -0.087741
v 0.042230 1.316734 -0.086459
v -0.030130 1.222791 -0.086451
v -0.029866 1.223248 -0.087876
v -0.057758 1.259598 -0.087876
v -0.058267 1.259461 -0.086451
v 0.015696 1.216759 -0.086451
v 0.015560 1.217268 -0.087876
v 0.052366 1.244896 -0.086451
v 0.051910 1.245160 -0.087876
v 0.058399 1.290722 -0.086451
v 0.057890 1.290586 -0.087876
v 0.030261 1.327392 -0.086451
v 0.029998 1.326935 -0.087876
v -0.015564 1.333425 -0.086451
v -0.015428 1.332916 -0.087876
v -0.052234 1.305287 -0.086451
v -0.051778 1.305024 -0.087876
v 0.058168 1.276377 -0.085300
v 0.083218 1.375421 0.000592
v 0.082057 1.375421 0.001753
v 0.083218 1.375421 0.001753
v 0.082057 1.375421 0.000592
v 0.074348 1.396057 0.000694
v 0.073187 1.396057 0.001856
v 0.074348 1.396057 0.001856
v 0.073187 1.396057 0.000694
v 0.008596 1.349593 -0.072582
v 0.008611 1.358153 -0.072386
v 0.008611 1.352302 -0.069399
v 0.008549 1.358153 -0.060521
v -0.007384 1.352302 -0.069399
v -0.007384 1.358153 -0.072386
v -0.007368 1.349665 -0.072582
v -0.007319 1.358153 -0.060594
v -0.043250 1.368746 0.000927
v -0.031777 1.370824 0.000927
v -0.031777 1.372952 0.000927
v 0.032343 1.372853 0.000927
v 0.032343 1.370725 0.000927
v 0.043780 1.368746 0.000927
v -0.023850 1.364114 0.049251
v -0.019602 1.364779 0.050709
v -0.019602 1.362650 0.050709
v 0.024126 1.364068 0.049251
v 0.019661 1.362462 0.050709
v 0.019661 1.364591 0.050709
v 0.024126 1.361940 0.049251
v -0.023850 1.361986 0.049251
v -0.010241 1.364659 0.053637
v -0.010241 1.362531 0.053637
v 0.010570 1.362515 0.053637
v 0.010570 1.364643 0.053637
v -0.043250 1.366618 0.000927
v -0.010241 1.375020 0.000927
v -0.024077 1.375774 0.000927
v -0.024077 1.373646 0.000927
v 0.024209 1.373646 0.000927
v 0.024209 1.375774 0.000927
v 0.010570 1.375000 0.000927
v 0.010570 1.377129 0.000927
v -0.010241 1.377148 0.000927
v 0.043780 1.366618 0.000927
v 0.006726 1.344313 0.093036
v 0.003856 1.339601 0.092484
v 0.003856 1.344313 0.093036
v 0.006564 1.338423 0.092346
v 0.003856 1.334995 0.092235
v -0.003724 1.334995 0.092235
v -0.003724 1.339601 0.092484
v -0.006432 1.338423 0.092346
v -0.006594 1.344313 0.093036
v -0.003724 1.344313 0.093036
v 0.006387 1.342493 0.101556
v -0.006255 1.342493 0.101556
v 0.006240 1.336838 0.099767
v -0.006109 1.336838 0.099767
v 0.003816 1.347899 0.081425
v -0.003498 1.348889 0.080079
v -0.003684 1.347899 0.081425
v 0.003630 1.348889 0.080079
v 0.003816 1.346374 0.080317
v 0.011768 1.347762 0.078474
v 0.003630 1.347396 0.079013
v 0.011954 1.346740 0.079779
v -0.003498 1.347396 0.079013
v -0.011637 1.347764 0.078476
v -0.003684 1.346375 0.080324
v 0.013580 1.345737 0.076923
v 0.013765 1.346245 0.079276
v 0.013766 1.344559 0.078052
v 0.013579 1.347303 0.077994
v 0.013764 1.346821 0.079659
v 0.013579 1.347844 0.078354
v 0.013588 1.348841 0.079135
v -0.011823 1.346743 0.079789
v -0.013634 1.346246 0.079278
v -0.013448 1.345737 0.076923
v -0.013635 1.344559 0.078052
v -0.013448 1.347304 0.077996
v -0.013633 1.346824 0.079669
v -0.013447 1.347846 0.078357
v -0.013455 1.348845 0.079134
v -0.013642 1.347824 0.080446
v 0.011288 1.344033 0.081700
v 0.011955 1.344478 0.078170
v 0.011955 1.346164 0.079395
v 0.011286 1.342345 0.080632
v 0.010930 1.343601 0.082184
v 0.010930 1.341885 0.081095
v 0.010238 1.343341 0.082510
v 0.010242 1.341585 0.081393
v 0.013774 1.347818 0.080439
v -0.003965 1.342290 0.084056
v -0.010110 1.341585 0.081393
v -0.003965 1.340208 0.082733
v -0.010107 1.343341 0.082510
v -0.011824 1.344478 0.078170
v -0.011157 1.344033 0.081700
v -0.011823 1.346164 0.079396
v -0.011154 1.342345 0.080632
v -0.010798 1.343601 0.082184
v -0.010799 1.341885 0.081095
v 0.004097 1.340208 0.082733
v 0.004097 1.342290 0.084056
v 0.028924 1.208526 -0.080039
v 0.026558 1.207892 -0.082550
v 0.026558 1.207892 -0.080039
v 0.028924 1.208526 -0.082550
v 0.031290 1.207892 -0.080039
v 0.031290 1.207892 -0.082550
v 0.033023 1.206160 -0.080039
v 0.033023 1.206160 -0.082550
v 0.033657 1.203794 -0.080039
v 0.033657 1.203794 -0.082550
v 0.033023 1.201428 -0.080039
v 0.033023 1.201428 -0.082550
v 0.024826 1.206160 -0.082550
v 0.024826 1.206160 -0.080039
v 0.024192 1.203794 -0.082550
v 0.024192 1.203794 -0.080039
v 0.024826 1.201428 -0.082550
v 0.024826 1.201428 -0.080039
v 0.026558 1.199695 -0.082550
v 0.026558 1.199695 -0.080039
v 0.028924 1.199062 -0.082550
v 0.028924 1.199062 -0.080039
v 0.031290 1.199695 -0.082550
v 0.031290 1.199695 -0.080039
v -0.031499 1.205236 -0.079726
v -0.033734 1.203794 -0.080039
v -0.031886 1.203794 -0.079726
v -0.030444 1.206292 -0.079726
v -0.033100 1.206160 -0.080039
v -0.029001 1.206678 -0.079726
v -0.031368 1.207892 -0.080039
v -0.027559 1.206292 -0.079726
v -0.029001 1.208526 -0.080039
v -0.026635 1.207892 -0.080039
v -0.026504 1.205236 -0.079726
v -0.024903 1.206160 -0.080039
v -0.026117 1.203794 -0.079726
v -0.024269 1.203794 -0.080039
v -0.026504 1.202352 -0.079726
v -0.024903 1.201428 -0.080039
v -0.027559 1.201296 -0.079726
v -0.026635 1.199695 -0.080039
v -0.029001 1.200910 -0.079726
v -0.030444 1.201296 -0.079726
v -0.029001 1.199062 -0.080039
v -0.031499 1.202352 -0.079726
v -0.031368 1.199695 -0.080039
v -0.033100 1.201428 -0.080039
v -0.033100 1.206160 -0.082550
v -0.032410 1.203794 -0.082972
v -0.033734 1.203794 -0.082550
v -0.031368 1.207892 -0.082550
v -0.031954 1.205498 -0.082972
v -0.030706 1.206746 -0.082972
v -0.029001 1.208526 -0.082550
v -0.029001 1.207203 -0.082972
v -0.026635 1.207892 -0.082550
v -0.027297 1.206746 -0.082972
v -0.024903 1.206160 -0.082550
v -0.026049 1.205498 -0.082972
v -0.024269 1.203794 -0.082550
v -0.025592 1.203794 -0.082972
v -0.024903 1.201428 -0.082550
v -0.026049 1.202090 -0.082972
v -0.026635 1.199695 -0.082550
v -0.027297 1.200842 -0.082972
v -0.029001 1.199062 -0.082550
v -0.029001 1.200385 -0.082972
v -0.031368 1.199695 -0.082550
v -0.030706 1.200842 -0.082972
v -0.033100 1.201428 -0.082550
v -0.031954 1.202090 -0.082972
v -0.055749 1.225268 0.084060
v -0.056136 1.227499 0.084042
v -0.057875 1.226048 0.084078
v -0.054011 1.226718 0.084025
v -0.058262 1.228279 0.084060
v -0.054398 1.228949 0.084007
v -0.056523 1.229730 0.084025
v 0.054421 1.322296 0.084025
v 0.054808 1.320065 0.084007
v 0.056546 1.321516 0.084042
v 0.056159 1.323747 0.084060
v 0.058285 1.322966 0.084078
v 0.056933 1.319285 0.084025
v 0.058672 1.320735 0.084060
v 0.056246 1.328337 0.079996
v 0.059985 1.324385 0.085955
v 0.062125 1.326171 0.080231
v 0.053848 1.326337 0.076608
v 0.051533 1.324405 0.079528
v 0.055746 1.325952 0.085725
v 0.052290 1.323068 0.085263
v 0.052523 1.318159 0.082725
v 0.059389 1.323887 0.087213
v 0.053072 1.318617 0.085032
v 0.055861 1.325211 0.087002
v 0.052942 1.322814 0.086590
v 0.053591 1.319050 0.086390
v 0.057178 1.317737 0.086590
v 0.057311 1.317050 0.085263
v 0.058491 1.316066 0.079528
v 0.060058 1.320180 0.087002
v 0.060767 1.319934 0.085725
v 0.060805 1.317997 0.076608
v 0.063204 1.319998 0.079996
v 0.062760 1.321196 0.073021
v 0.057344 1.327686 0.073021
v 0.061142 1.325350 0.071532
v 0.032960 1.204901 -0.085362
v 0.030805 1.203791 -0.085375
v 0.032427 1.204863 -0.087673
v 0.030959 1.203791 -0.082550
v 0.030706 1.203791 -0.088181
v 0.029974 1.207316 -0.087673
v 0.028902 1.205848 -0.085461
v 0.030104 1.207736 -0.085477
v 0.024958 1.204991 -0.085477
v 0.027786 1.207426 -0.082550
v 0.027704 1.207736 -0.085477
v 0.025257 1.204896 -0.082550
v 0.025376 1.204863 -0.087673
v 0.027829 1.207316 -0.087673
v 0.027704 1.199845 -0.085477
v 0.025257 1.202685 -0.082550
v 0.024958 1.202591 -0.085477
v 0.027829 1.200265 -0.087673
v 0.025376 1.202718 -0.087673
v 0.032427 1.202718 -0.087673
v 0.030104 1.199845 -0.085477
v 0.029974 1.200265 -0.087673
v 0.032973 1.202681 -0.085362
v 0.029998 1.200155 -0.082550
v 0.028902 1.205595 -0.088181
v 0.029998 1.207426 -0.082550
v 0.028902 1.205848 -0.082550
v 0.032935 1.204897 -0.082550
v 0.032948 1.202685 -0.082550
v 0.027786 1.200155 -0.082550
v -0.027952 1.207316 -0.087673
v -0.029024 1.205848 -0.085461
v -0.027822 1.207736 -0.085477
v -0.032968 1.204991 -0.085477
v -0.030139 1.207426 -0.082550
v -0.030222 1.207736 -0.085477
v -0.032669 1.204896 -0.082550
v -0.032550 1.204863 -0.087673
v -0.030096 1.207316 -0.087673
v -0.030222 1.199845 -0.085477
v -0.032669 1.202685 -0.082550
v -0.032968 1.202591 -0.085477
v -0.030096 1.200265 -0.087673
v -0.032550 1.202718 -0.087673
v -0.027952 1.200265 -0.087673
v -0.029024 1.201733 -0.085461
v -0.029024 1.201986 -0.088181
v -0.027219 1.203791 -0.088181
v -0.027121 1.203791 -0.085375
v -0.025499 1.202718 -0.087673
v -0.024952 1.202681 -0.085362
v -0.026967 1.203791 -0.082550
v -0.027822 1.199845 -0.085477
v -0.027928 1.200155 -0.082550
v -0.029024 1.205595 -0.088181
v -0.027928 1.207426 -0.082550
v -0.029024 1.205848 -0.082550
v -0.024978 1.202685 -0.082550
v -0.029024 1.201733 -0.082550
v -0.030139 1.200155 -0.082550
v 0.084687 1.262768 -0.062675
v 0.084687 1.287024 -0.062675
v 0.090033 1.271588 -0.055581
v 0.082334 1.287024 -0.066030
v 0.090033 1.278270 -0.055581
v 0.093884 1.271588 -0.048756
v 0.095945 1.274929 -0.044076
v 0.095750 1.262652 -0.041206
v 0.096855 1.262708 -0.038844
v 0.093884 1.278270 -0.048756
v 0.095731 1.287503 -0.041123
v 0.096656 1.287516 -0.038525
v 0.070214 1.287024 -0.078438
v 0.082334 1.262768 -0.066030
v 0.070214 1.262768 -0.078438
v -0.094905 1.262998 -0.037940
v -0.093986 1.274929 -0.043545
v -0.096723 1.262708 -0.038844
v -0.095813 1.274929 -0.044076
v -0.068075 1.262768 -0.076670
v -0.070082 1.287024 -0.078438
v -0.068075 1.287024 -0.076670
v -0.070082 1.262768 -0.078438
v -0.096525 1.287516 -0.038525
v -0.094410 1.287409 -0.037977
v -0.063294 1.204873 0.049026
v -0.064691 1.204527 0.046788
v -0.061568 1.206654 0.047761
v -0.063375 1.205921 0.045782
v -0.080357 1.225330 0.048778
v -0.079444 1.225183 0.045699
v -0.080978 1.224049 0.046791
v -0.078775 1.226650 0.047761
v 0.066636 1.326545 0.061938
v 0.069531 1.320873 0.068258
v 0.067931 1.319538 0.066521
v 0.068365 1.327988 0.063050
v 0.069852 1.329228 0.055037
v 0.054734 1.308527 0.083798
v 0.055304 1.309003 0.086708
v 0.071579 1.330670 0.056480
v 0.080088 1.324504 0.049026
v 0.078026 1.323125 0.047761
v 0.063019 1.344956 0.048778
v 0.063000 1.344032 0.045699
v 0.061437 1.343636 0.047761
v 0.064391 1.345338 0.046791
v -0.013528 1.165718 0.014532
v 0.000076 1.165740 0.000928
v -0.004904 1.165735 0.019511
v -0.018508 1.165708 0.005907
v 0.005055 1.165752 0.019511
v 0.013680 1.165767 0.014532
v 0.018659 1.165774 0.005907
v 0.018659 1.165772 -0.004052
v 0.013680 1.165762 -0.012676
v 0.005055 1.165745 -0.017655
v -0.004904 1.165727 -0.017655
v -0.013528 1.165713 -0.012676
v -0.018508 1.165706 -0.004051
v -0.109107 1.326604 -0.003400
v -0.080926 1.330870 -0.003400
v -0.131074 1.275092 -0.003400
v -0.109107 1.223579 -0.003400
v -0.109107 1.223579 0.005253
v -0.080926 1.219313 0.005253
v -0.131074 1.275092 0.005253
v -0.109107 1.326604 0.005253
v -0.172768 1.312489 0.003913
v -0.131074 1.275092 0.003913
v -0.109891 1.324799 0.003913
v -0.193732 1.275092 0.003913
v -0.172768 1.237695 0.003913
v -0.131074 1.275092 -0.002059
v -0.172768 1.312489 -0.002059
v -0.109891 1.324799 -0.002059
v -0.193732 1.275092 -0.002059
v -0.109891 1.225385 -0.002059
v -0.172768 1.237695 -0.002059
v -0.080926 1.219313 -0.003400
v -0.080926 1.330870 0.005253
v -0.109891 1.225385 0.003913
v 0.172899 1.237695 0.003913
v 0.131206 1.275092 0.003913
v 0.110023 1.225385 0.003913
v 0.193864 1.275092 0.003913
v 0.172899 1.312489 0.003913
v 0.110023 1.324799 0.003913
v 0.172899 1.312489 -0.002059
v 0.131206 1.275092 -0.002059
v 0.110023 1.324799 -0.002059
v 0.193864 1.275092 -0.002059
v 0.172899 1.237695 -0.002059
v 0.110023 1.225385 -0.002059
v -0.068657 1.352410 -0.010775
v -0.073343 1.348501 -0.010775
v -0.070120 1.353783 -0.010775
v -0.074807 1.349875 -0.010775
v -0.070120 1.353783 0.012628
v -0.073343 1.348501 0.012628
v -0.068657 1.352410 0.012628
v -0.080717 1.342398 0.012643
v -0.074807 1.349875 0.012628
v -0.080717 1.342398 -0.010789
v -0.079254 1.341025 -0.010789
v -0.086182 1.335484 -0.010802
v -0.086182 1.335484 0.012656
v -0.079254 1.341025 0.012643
v -0.084719 1.334111 0.012656
v -0.084719 1.334111 -0.010802
v 0.067879 1.352978 0.012628
v 0.073475 1.348501 0.012628
v 0.069342 1.354352 0.012628
v 0.074939 1.349875 0.012628
v 0.069342 1.354352 -0.010775
v 0.073475 1.348501 -0.010775
v 0.067879 1.352978 -0.010775
v 0.080849 1.342398 -0.010789
v 0.074939 1.349875 -0.010775
v 0.080849 1.342398 0.012643
v 0.079385 1.341025 0.012643
v 0.086314 1.335484 0.012656
v 0.086314 1.335484 -0.010802
v 0.079385 1.341025 -0.010789
v 0.084850 1.334111 -0.010802
v 0.084850 1.334111 0.012656
v -0.082664 1.345990 0.006585
v -0.086567 1.344944 -0.004732
v -0.086567 1.344944 0.006585
v -0.082664 1.345990 -0.004732
v -0.083896 1.342781 0.008756
v -0.086779 1.340909 0.006585
v -0.086779 1.340909 -0.004732
v -0.080464 1.342601 0.006585
v -0.083007 1.339461 0.006585
v -0.080464 1.342601 -0.004732
v -0.083007 1.339461 -0.004732
v -0.083896 1.342781 -0.006902
v 0.086323 1.346850 -0.005478
v 0.086236 1.337400 0.000927
v 0.085647 1.336990 -0.005485
v 0.086323 1.346850 0.007331
v 0.086874 1.347308 0.000927
v 0.085647 1.336990 0.007338
v -0.005385 1.376588 -0.028907
v 0.005517 1.376588 -0.018006
v 0.005517 1.376588 -0.028907
v -0.005385 1.376588 -0.018006
v -0.005385 1.378684 -0.017661
v 0.005517 1.378684 -0.006760
v 0.005517 1.378684 -0.017661
v -0.005385 1.378684 -0.006760
v -0.050417 1.245945 -0.085295
v -0.056241 1.260005 -0.085295
v -0.021383 1.255865 -0.100439
v -0.041928 1.234916 -0.085300
v -0.028697 1.273520 -0.100439
v -0.058037 1.273806 -0.085300
v 0.027553 1.205139 -0.090960
v 0.028902 1.203791 -0.089989
v 0.026848 1.205844 -0.089989
v 0.028902 1.203791 -0.091521
v -0.030373 1.205139 -0.090960
v -0.029024 1.203791 -0.089989
v -0.031077 1.205844 -0.089989
v -0.029024 1.203791 -0.091521
v 0.030250 1.202442 -0.090960
v 0.028902 1.203791 -0.089989
v 0.028902 1.203791 -0.091521
v 0.030955 1.201737 -0.089989
v -0.030373 1.202442 -0.090960
v -0.029024 1.203791 -0.089989
v -0.029024 1.203791 -0.091521
v -0.031077 1.201737 -0.089989
v 0.043115 1.226910 0.083798
v 0.055612 1.240698 0.086708
v 0.055042 1.241174 0.083798
v 0.043685 1.226433 0.086708
v -0.079904 1.324588 0.049026
v -0.080493 1.325901 0.046788
v -0.077844 1.323207 0.047761
v -0.078887 1.324854 0.045782
v -0.062814 1.345022 0.048778
v -0.062795 1.344097 0.045699
v -0.064185 1.345405 0.046791
v -0.061233 1.343700 0.047761
v 0.056608 1.229670 0.084025
v 0.054482 1.228892 0.084007
v 0.056219 1.227440 0.084042
v 0.058345 1.228218 0.084060
v 0.057956 1.225988 0.084078
v 0.054092 1.226662 0.084025
v 0.055829 1.225209 0.084060
v 0.062878 1.228951 0.079996
v 0.059654 1.224567 0.085955
v 0.061793 1.222779 0.080231
v 0.060482 1.230954 0.076608
v 0.058169 1.232888 0.079528
v 0.060441 1.229017 0.085725
v 0.056988 1.231905 0.085263
v 0.052199 1.230801 0.082725
v 0.059059 1.225065 0.087213
v 0.052748 1.230342 0.085032
v 0.059732 1.228772 0.087002
v 0.056855 1.231218 0.086590
v 0.053266 1.229909 0.086390
v 0.052613 1.226145 0.086590
v 0.051961 1.225892 0.085263
v 0.051203 1.224556 0.079528
v 0.055530 1.223746 0.087002
v 0.055414 1.223005 0.085725
v 0.053515 1.222622 0.076608
v 0.055911 1.220619 0.079996
v 0.057011 1.221268 0.073021
v 0.062433 1.227753 0.073021
v 0.060810 1.223601 0.071532
v -0.058102 1.323027 0.084078
v -0.059491 1.320385 0.086890
v -0.058492 1.320796 0.084060
v -0.058906 1.323699 0.087110
v -0.056924 1.318252 0.086452
v -0.056755 1.319344 0.084025
v -0.054628 1.320123 0.084007
v -0.053785 1.319418 0.086236
v -0.054239 1.322353 0.084025
v -0.053194 1.322713 0.086452
v -0.055976 1.323805 0.084060
v -0.055748 1.324862 0.086890
v -0.055676 1.325269 0.087002
v -0.052760 1.322870 0.086590
v -0.053413 1.319106 0.086390
v -0.057001 1.317797 0.086590
v -0.059879 1.320242 0.087002
v -0.059206 1.323950 0.087213
v 0.153629 1.274531 -0.025196
v 0.150908 1.276616 -0.025410
v 0.153629 1.270361 -0.025196
v 0.150908 1.268276 -0.025410
v 0.180473 1.275747 -0.026911
v 0.181722 1.276522 -0.027199
v 0.180636 1.275566 -0.027307
v 0.201954 1.259946 -0.017628
v 0.203040 1.260902 -0.017519
v 0.201791 1.260127 -0.017232
v 0.180964 1.275531 -0.027686
v 0.202281 1.259911 -0.018007
v 0.181407 1.275646 -0.027991
v 0.202725 1.260027 -0.018312
v 0.181898 1.275895 -0.028175
v 0.203216 1.260276 -0.018496
v 0.182363 1.276240 -0.028211
v 0.203680 1.260620 -0.018532
v 0.182730 1.276627 -0.028093
v 0.204047 1.261007 -0.018413
v 0.182943 1.276998 -0.027838
v 0.204261 1.261378 -0.018159
v 0.182971 1.277297 -0.027486
v 0.204288 1.261677 -0.017807
v 0.172902 1.276549 -0.027865
v 0.173965 1.277209 -0.028109
v 0.173038 1.276397 -0.028202
v 0.196131 1.259403 -0.017871
v 0.197058 1.260216 -0.017778
v 0.195995 1.259556 -0.017533
v 0.173315 1.276368 -0.028526
v 0.196408 1.259375 -0.018195
v 0.173691 1.276468 -0.028786
v 0.196784 1.259474 -0.018455
v 0.174108 1.276680 -0.028944
v 0.197201 1.259686 -0.018612
v 0.174504 1.276973 -0.028974
v 0.197597 1.259979 -0.018642
v 0.174818 1.277302 -0.028872
v 0.197911 1.260308 -0.018541
v 0.175002 1.277616 -0.028655
v 0.198095 1.260622 -0.018324
v 0.175028 1.277869 -0.028354
v 0.198121 1.260875 -0.018023
v 0.127918 1.290440 -0.031755
v 0.195748 1.287616 -0.027596
v 0.209671 1.276057 -0.032360
v 0.209671 1.275058 -0.032660
v 0.195748 1.262500 -0.027652
v 0.127918 1.259676 -0.031755
v 0.209671 1.274059 -0.032360
v 0.136577 1.277499 -0.032458
v 0.136473 1.278604 -0.031900
v 0.136638 1.277825 -0.032788
v 0.158486 1.277825 -0.030912
v 0.158321 1.278604 -0.030024
v 0.158424 1.277499 -0.030581
v 0.136674 1.278270 -0.032983
v 0.158522 1.278270 -0.031107
v 0.136680 1.278766 -0.033013
v 0.158527 1.278766 -0.031137
v 0.136654 1.279237 -0.032874
v 0.136601 1.279612 -0.032586
v 0.158501 1.279237 -0.030997
v 0.136528 1.279833 -0.032194
v 0.158448 1.279612 -0.030710
v 0.136447 1.279867 -0.031758
v 0.158375 1.279833 -0.030318
v 0.136370 1.279709 -0.031343
v 0.158294 1.279867 -0.029881
v 0.158218 1.279709 -0.029467
v 0.105400 1.262755 0.122586
v 0.105400 1.275092 0.122586
v 0.062076 1.268739 0.169439
v 0.062076 1.275092 0.169439
v 0.062076 1.281445 0.169439
v 0.105400 1.287428 0.122586
v 0.041110 1.275092 0.169440
v 0.041110 1.268739 0.169440
v 0.041110 1.281445 0.169440
v -0.150777 1.276616 -0.025410
v -0.153497 1.274531 -0.025196
v -0.153497 1.270361 -0.025196
v -0.150777 1.268276 -0.025410
v -0.201659 1.260127 -0.017232
v -0.202908 1.260902 -0.017519
v -0.201822 1.259946 -0.017628
v -0.202150 1.259911 -0.018007
v -0.180504 1.275566 -0.027307
v -0.181590 1.276522 -0.027199
v -0.180342 1.275747 -0.026911
v -0.202593 1.260027 -0.018312
v -0.180832 1.275531 -0.027686
v -0.203084 1.260276 -0.018496
v -0.181275 1.275646 -0.027991
v -0.203549 1.260620 -0.018532
v -0.181767 1.275895 -0.028175
v -0.203915 1.261007 -0.018413
v -0.182231 1.276240 -0.028211
v -0.204129 1.261378 -0.018159
v -0.182598 1.276627 -0.028093
v -0.204156 1.261677 -0.017807
v -0.182812 1.276998 -0.027838
v -0.182839 1.277297 -0.027486
v -0.195616 1.287616 -0.027596
v -0.127786 1.290440 -0.031755
v -0.209540 1.276057 -0.032360
v -0.127786 1.259676 -0.031755
v -0.195616 1.262500 -0.027652
v -0.209540 1.274059 -0.032360
v -0.209540 1.275058 -0.032660
v -0.158292 1.277499 -0.030581
v -0.158189 1.278604 -0.030024
v -0.158354 1.277825 -0.030912
v -0.158390 1.278270 -0.031107
v -0.136506 1.277825 -0.032788
v -0.136342 1.278604 -0.031900
v -0.136445 1.277499 -0.032458
v -0.158395 1.278766 -0.031137
v -0.136542 1.278270 -0.032983
v -0.158370 1.279237 -0.030997
v -0.136548 1.278766 -0.033013
v -0.136522 1.279237 -0.032874
v -0.158316 1.279612 -0.030710
v -0.136469 1.279612 -0.032586
v -0.158244 1.279833 -0.030318
v -0.136396 1.279833 -0.032194
v -0.158163 1.279867 -0.029881
v -0.136315 1.279867 -0.031758
v -0.158086 1.279709 -0.029467
v -0.136238 1.279709 -0.031343
v -0.061944 1.268739 0.169439
v -0.105268 1.275092 0.122586
v -0.105268 1.262755 0.122586
v -0.061944 1.275092 0.169439
v -0.040978 1.275092 0.169440
v -0.040978 1.268739 0.169440
v -0.061944 1.281445 0.169439
v -0.040978 1.281445 0.169440
v -0.105268 1.287428 0.122586
v 0.246736 1.291242 0.102822
v 0.246736 1.258760 -0.015666
v 0.246736 1.258760 0.102822
v 0.246736 1.291242 -0.015666
v 0.246650 1.305721 -0.046825
v 0.246650 1.305721 0.133981
v 0.246650 1.244281 0.133981
v 0.246650 1.244281 -0.046825
v 0.162928 1.036530 0.077382
v 0.182203 1.058239 -0.041886
v 0.162928 1.036530 -0.034227
v 0.182149 1.058168 0.091393
v 0.204474 1.091033 -0.053617
v 0.204446 1.090985 0.112855
v 0.232234 1.142607 -0.065387
v 0.232200 1.142533 0.142794
v 0.240001 1.161519 -0.068606
v 0.239971 1.161429 0.152810
v 0.252188 1.205047 -0.075872
v 0.252171 1.204955 0.175422
v 0.256282 1.239460 0.143431
v 0.256316 1.239793 0.190376
v 0.256254 1.250993 0.142657
v 0.256254 1.250993 -0.060984
v 0.256282 1.241529 -0.063637
v 0.256309 1.241817 -0.080439
v 0.256316 1.303128 0.190376
v 0.252171 1.337967 0.175422
v 0.256282 1.303461 0.143431
v 0.256254 1.291928 -0.060984
v 0.256254 1.291928 0.142657
v 0.256282 1.301392 -0.063637
v 0.252188 1.337874 -0.075872
v 0.239971 1.381492 0.152810
v 0.256309 1.301104 -0.080439
v 0.240001 1.381403 -0.068606
v 0.232200 1.400388 0.142794
v 0.232234 1.400314 -0.065387
v 0.204446 1.451937 0.112855
v 0.204474 1.451889 -0.053617
v 0.182149 1.484754 0.091393
v 0.182203 1.484682 -0.041886
v 0.162928 1.506392 0.077382
v 0.162928 1.506392 -0.034227
v 0.256309 1.241817 -0.080439
v 0.256254 1.250993 0.142657
v -0.246518 1.305721 0.133981
v -0.246518 1.244281 0.133981
v -0.246518 1.305721 -0.046825
v -0.246518 1.305721 0.133981
v -0.246518 1.305721 -0.046825
v -0.246518 1.244281 -0.046825
v -0.246518 1.244281 0.133981
v -0.246518 1.244281 -0.046825
v -0.162796 1.036530 -0.034227
v -0.182072 1.058239 -0.041886
v -0.162796 1.036530 0.077382
v -0.182017 1.058168 0.091393
v -0.204343 1.091033 -0.053617
v -0.204315 1.090985 0.112855
v -0.232102 1.142607 -0.065387
v -0.232068 1.142533 0.142794
v -0.239869 1.161519 -0.068606
v -0.239839 1.161429 0.152810
v -0.252056 1.205047 -0.075872
v -0.252040 1.204955 0.175422
v -0.256151 1.239460 0.143431
v -0.256151 1.241529 -0.063637
v -0.256177 1.241817 -0.080439
v -0.256184 1.239793 0.190376
v -0.256123 1.250993 -0.060984
v -0.256123 1.250993 0.142657
v -0.252040 1.337967 0.175422
v -0.256151 1.303461 0.143431
v -0.252056 1.337874 -0.075872
v -0.239839 1.381492 0.152810
v -0.232068 1.400388 0.142794
v -0.239869 1.381403 -0.068606
v -0.232102 1.400314 -0.065387
v -0.204315 1.451937 0.112855
v -0.204343 1.451889 -0.053617
v -0.182017 1.484754 0.091393
v -0.182072 1.484682 -0.041886
v -0.162796 1.506392 -0.034227
v -0.162796 1.506392 0.077382
v -0.162796 1.506392 -0.034227
v -0.256151 1.301392 -0.063637
v -0.256123 1.291928 -0.060984
v -0.256123 1.291928 0.142657
v -0.256184 1.303128 0.190376
v -0.256184 1.303128 0.190376
v -0.256123 1.291928 -0.060984
v -0.256177 1.301104 -0.080439
v -0.162796 1.506392 0.077382
v -0.256151 1.303461 0.143431
v -0.252040 1.337967 0.175422
v -0.256184 1.303128 0.190376
v -0.252056 1.337874 -0.075872
v -0.256151 1.301392 -0.063637
v -0.239839 1.381492 0.152810
v -0.239869 1.381403 -0.068606
v -0.232068 1.400388 0.142794
v -0.232102 1.400314 -0.065387
v -0.204315 1.451937 0.112855
v -0.204343 1.451889 -0.053617
v -0.182017 1.484754 0.091393
v -0.182072 1.484682 -0.041886
v -0.162796 1.506392 0.077382
v -0.162796 1.506392 -0.034227
v -0.256123 1.291928 0.142657
v -0.256123 1.291928 -0.060984
v -0.256177 1.301104 -0.080439
v -0.256177 1.241817 -0.080439
v -0.252056 1.205047 -0.075872
v -0.256177 1.241817 -0.080439
v -0.256151 1.239460 0.143431
v -0.256123 1.250993 -0.060984
v -0.256123 1.250993 0.142657
v -0.256184 1.239793 0.190376
v -0.252040 1.204955 0.175422
v -0.239839 1.161429 0.152810
v -0.256184 1.239793 0.190376
v -0.204343 1.091033 -0.053617
v -0.182072 1.058239 -0.041886
v -0.232102 1.142607 -0.065387
v -0.162796 1.036530 -0.034227
v -0.162796 1.036530 0.077382
v -0.182017 1.058168 0.091393
v -0.162796 1.036530 0.077382
v -0.204315 1.090985 0.112855
v -0.232068 1.142533 0.142794
v -0.239869 1.161519 -0.068606
v -0.162796 1.036530 -0.034227
v -0.256151 1.241529 -0.063637
v 0.058985 1.273720 -0.086455
v 0.028828 1.273520 -0.100439
v 0.028999 1.273463 -0.102201
v 0.058168 1.273806 -0.085300
v 0.001437 1.334011 -0.086455
v 0.001637 1.303854 -0.100439
v 0.001695 1.304025 -0.102201
v 0.001351 1.333194 -0.085300
v -0.042566 1.234399 -0.086455
v -0.021383 1.255865 -0.100439
v -0.021545 1.255785 -0.102201
v -0.041928 1.234916 -0.085300
v -0.058853 1.276463 -0.086455
v -0.028697 1.276663 -0.100439
v -0.028867 1.276721 -0.102201
v -0.058036 1.276377 -0.085300
v 0.040758 1.232460 -0.086455
v 0.019293 1.253643 -0.100439
v 0.019373 1.253481 -0.102201
v 0.040241 1.233098 -0.085300
v -0.021545 1.294399 -0.102201
v -0.021383 1.294319 -0.100439
v -0.042566 1.315784 -0.086455
v -0.019241 1.296703 -0.102201
v -0.001505 1.303854 -0.100439
v -0.001563 1.304025 -0.102201
v -0.019161 1.296541 -0.100439
v -0.028867 1.273463 -0.102201
v -0.028697 1.273520 -0.100439
v -0.058853 1.273720 -0.086455
v 0.001695 1.246159 -0.102201
v 0.001637 1.246329 -0.100439
v 0.001437 1.216173 -0.086455
v -0.001563 1.246159 -0.102201
v -0.019161 1.253643 -0.100439
v -0.019241 1.253481 -0.102201
v -0.001505 1.246329 -0.100439
v 0.021677 1.255785 -0.102201
v 0.021515 1.255865 -0.100439
v 0.042698 1.234399 -0.086455
v 0.019373 1.296703 -0.102201
v 0.019293 1.296541 -0.100439
v 0.040758 1.317723 -0.086455
v -0.063491 1.292122 -0.083376
v -0.063363 1.275092 -0.086548
v -0.065733 1.275092 -0.083376
v -0.056918 1.307992 -0.081583
v -0.056918 1.307992 -0.083376
v -0.063491 1.292122 -0.081583
v -0.061201 1.291508 -0.086548
v -0.054865 1.306806 -0.086548
v -0.046461 1.321619 -0.083376
v -0.046461 1.321619 -0.081583
v -0.044785 1.319943 -0.086548
v -0.032834 1.332075 -0.083376
v -0.032834 1.332075 -0.081583
v -0.031648 1.330022 -0.086548
v -0.016964 1.338649 -0.083376
v -0.016964 1.338649 -0.081583
v -0.016351 1.336359 -0.086548
v 0.000066 1.340891 -0.083376
v 0.000066 1.340891 -0.081583
v 0.000066 1.338520 -0.086548
v 0.017096 1.338649 -0.083376
v 0.017096 1.338649 -0.081583
v 0.016482 1.336359 -0.086548
v 0.032965 1.332075 -0.083376
v 0.032965 1.332075 -0.081583
v 0.031780 1.330023 -0.086548
v 0.046593 1.321619 -0.083376
v 0.046593 1.321619 -0.081583
v 0.044916 1.319943 -0.086548
v 0.057050 1.307992 -0.083376
v 0.057050 1.307992 -0.081583
v 0.054997 1.306806 -0.086548
v 0.063623 1.292122 -0.083376
v 0.063623 1.292122 -0.081583
v 0.061333 1.291508 -0.086548
v 0.065865 1.275092 -0.083376
v 0.065865 1.275092 -0.081583
v 0.063494 1.275092 -0.086548
v 0.063623 1.258062 -0.083376
v 0.063623 1.258062 -0.081583
v 0.061333 1.258675 -0.086548
v 0.057050 1.242192 -0.083376
v 0.057050 1.242192 -0.081583
v 0.054997 1.243378 -0.086548
v 0.046593 1.228565 -0.083376
v 0.046593 1.228565 -0.081583
v 0.044916 1.230241 -0.086548
v 0.032965 1.218108 -0.083376
v 0.032965 1.218108 -0.081583
v 0.031780 1.220161 -0.086548
v 0.017096 1.211535 -0.083376
v 0.017096 1.211535 -0.081583
v 0.016482 1.213825 -0.086548
v 0.000066 1.209293 -0.083376
v 0.000066 1.209293 -0.081583
v 0.000066 1.211663 -0.086548
v -0.016964 1.211535 -0.083376
v -0.016964 1.211535 -0.081583
v -0.016351 1.213825 -0.086548
v -0.032834 1.218108 -0.083376
v -0.032834 1.218108 -0.081583
v -0.031648 1.220161 -0.086548
v -0.046461 1.228565 -0.083376
v -0.046461 1.228565 -0.081583
v -0.044785 1.230241 -0.086548
v -0.056918 1.242192 -0.083376
v -0.056918 1.242192 -0.081583
v -0.054865 1.243378 -0.086548
v -0.063491 1.258062 -0.083376
v -0.063491 1.258062 -0.081583
v -0.061201 1.258675 -0.086548
v -0.065733 1.275092 -0.081583
v -0.041928 1.315267 -0.085300
v 0.040241 1.317086 -0.085300
v 0.042059 1.234916 -0.085300
v 0.001351 1.216989 -0.085300
v -0.058036 1.273806 -0.085300
v -0.018107 1.293264 -0.102900
v -0.025499 1.275093 -0.101055
v -0.025634 1.275092 -0.102900
v 0.000066 1.300792 -0.102900
v -0.018011 1.293169 -0.101055
v 0.000066 1.300656 -0.101055
v 0.018238 1.293264 -0.102900
v 0.018143 1.293169 -0.101055
v 0.025766 1.275092 -0.102900
v 0.025631 1.275092 -0.101055
v 0.018238 1.256919 -0.102900
v 0.018143 1.257015 -0.101055
v 0.000066 1.249392 -0.102900
v 0.000066 1.249527 -0.101055
v -0.018107 1.256919 -0.102900
v -0.018011 1.257015 -0.101055
v 0.085141 1.325661 -0.001331
v 0.080134 1.325661 -0.001331
v 0.085141 1.325661 0.003676
v 0.080134 1.325661 0.003676
v 0.076271 1.346297 0.003778
v 0.076271 1.346297 -0.001228
v 0.071265 1.346297 -0.001228
v 0.071265 1.346297 0.003778
v -0.029024 1.205698 -0.090960
v -0.029024 1.203791 -0.089989
v -0.029024 1.203791 -0.091521
v -0.029024 1.206695 -0.089989
v 0.000066 1.358153 -0.061267
v 0.000066 1.358153 -0.072386
v -0.024067 1.366018 0.040586
v -0.021249 1.366916 0.040586
v -0.024077 1.371942 0.021266
v -0.010241 1.368154 0.040586
v -0.043143 1.361969 0.032446
v -0.041811 1.362059 0.034261
v -0.043250 1.365090 0.021266
v -0.035851 1.362261 0.040586
v 0.021380 1.366916 0.040586
v 0.024227 1.365926 0.040586
v 0.024209 1.371942 0.021266
v 0.010570 1.368137 0.040586
v 0.010570 1.373263 0.021266
v -0.031777 1.363559 0.040586
v -0.031789 1.362168 0.043519
v -0.031661 1.369232 0.021266
v 0.032343 1.363421 0.040586
v 0.032282 1.364156 0.043570
v 0.032282 1.362028 0.043570
v 0.032343 1.365549 0.040586
v 0.032343 1.369094 0.021266
v -0.010241 1.373282 0.021266
v 0.032343 1.371223 0.021266
v 0.003816 1.347152 0.080876
v -0.003684 1.347152 0.080876
v 0.003816 1.345806 0.079932
v 0.011964 1.347737 0.080559
v -0.003684 1.345806 0.079932
v -0.011645 1.348763 0.079254
v 0.011778 1.348759 0.079255
v -0.011831 1.347742 0.080566
v 0.026426 1.205236 -0.074626
v 0.026040 1.203794 -0.079726
v 0.026040 1.203794 -0.074626
v 0.027482 1.206292 -0.074626
v 0.026426 1.205236 -0.079726
v 0.027482 1.206292 -0.079726
v 0.028924 1.206678 -0.074626
v 0.028924 1.206678 -0.079726
v 0.030366 1.206292 -0.074626
v 0.030366 1.206292 -0.079726
v 0.031422 1.205236 -0.074626
v 0.031422 1.205236 -0.079726
v 0.031808 1.203794 -0.074626
v 0.031808 1.203794 -0.079726
v 0.031422 1.202352 -0.074626
v 0.031422 1.202352 -0.079726
v 0.030366 1.201296 -0.074626
v 0.030366 1.201296 -0.079726
v 0.028924 1.200910 -0.074626
v 0.028924 1.200910 -0.079726
v 0.027482 1.201296 -0.074626
v 0.027482 1.201296 -0.079726
v 0.026426 1.202352 -0.074626
v 0.026426 1.202352 -0.079726
v 0.025515 1.203794 -0.082972
v 0.025972 1.205498 -0.082972
v 0.027220 1.206746 -0.082972
v 0.028924 1.207203 -0.082972
v 0.030629 1.206746 -0.082972
v 0.031876 1.205498 -0.082972
v 0.032333 1.203794 -0.082972
v 0.031876 1.202090 -0.082972
v 0.030629 1.200842 -0.082972
v 0.028924 1.200385 -0.082972
v 0.027220 1.200842 -0.082972
v 0.025972 1.202090 -0.082972
v -0.031499 1.205236 -0.074626
v -0.031886 1.203794 -0.074626
v -0.030444 1.206292 -0.074626
v -0.029001 1.206678 -0.074626
v -0.027559 1.206292 -0.074626
v -0.026504 1.205236 -0.074626
v -0.026117 1.203794 -0.074626
v -0.026504 1.202352 -0.074626
v -0.027559 1.201296 -0.074626
v -0.029001 1.200910 -0.074626
v -0.030444 1.201296 -0.074626
v -0.031499 1.202352 -0.074626
v -0.055523 1.224211 0.086890
v -0.058679 1.225377 0.087110
v -0.052966 1.226357 0.086452
v -0.053554 1.229653 0.086236
v -0.056692 1.230822 0.086452
v -0.059261 1.228691 0.086890
v -0.059649 1.228835 0.087002
v -0.056768 1.231277 0.086590
v -0.053181 1.229964 0.086390
v -0.052532 1.226200 0.086590
v -0.055451 1.223804 0.087002
v -0.058979 1.225127 0.087213
v 0.053964 1.319361 0.086236
v 0.053376 1.322657 0.086452
v 0.057102 1.318192 0.086452
v 0.059671 1.320323 0.086890
v 0.055932 1.324803 0.086890
v 0.059089 1.323637 0.087110
v 0.026844 1.203791 -0.085461
v 0.027097 1.203791 -0.088181
v 0.028902 1.201733 -0.085461
v 0.028902 1.201986 -0.088181
v 0.028902 1.201733 -0.082550
v 0.026844 1.203791 -0.082550
v -0.025499 1.204863 -0.087673
v -0.030829 1.203791 -0.088181
v 0.094117 1.274929 -0.043545
v 0.095037 1.262998 -0.037940
v 0.068207 1.262768 -0.076670
v 0.068207 1.287024 -0.076670
v 0.094542 1.287409 -0.037977
v -0.084555 1.262768 -0.062675
v -0.082203 1.287024 -0.066030
v -0.082203 1.262768 -0.066030
v -0.089901 1.271588 -0.055581
v -0.084555 1.287024 -0.062675
v -0.089901 1.278270 -0.055581
v -0.093752 1.271588 -0.048756
v -0.093752 1.278270 -0.048756
v -0.095619 1.262652 -0.041206
v -0.095599 1.287503 -0.041123
v 0.027553 1.205139 -0.090960
v 0.028902 1.206695 -0.089989
v 0.028902 1.205698 -0.090960
v 0.028902 1.203791 -0.091521
v 0.030250 1.205139 -0.090960
v 0.030955 1.205844 -0.089989
v 0.026994 1.203791 -0.090960
v 0.030809 1.203791 -0.090960
v 0.031806 1.203791 -0.089989
v 0.030250 1.202442 -0.090960
v 0.030955 1.201737 -0.089989
v 0.028902 1.201884 -0.090960
v 0.028902 1.200886 -0.089989
v 0.027553 1.202442 -0.090960
v 0.026848 1.201737 -0.089989
v 0.025998 1.203791 -0.089989
v 0.026848 1.205844 -0.089989
v 0.026848 1.205844 -0.082550
v 0.025998 1.203791 -0.082550
v 0.028902 1.206695 -0.082550
v 0.030955 1.205844 -0.082550
v 0.031806 1.203791 -0.082550
v 0.030955 1.201737 -0.082550
v 0.028902 1.200886 -0.082550
v 0.026848 1.201737 -0.082550
v -0.030373 1.205139 -0.090960
v -0.029024 1.206695 -0.089989
v -0.029024 1.205698 -0.090960
v -0.029024 1.203791 -0.091521
v -0.027675 1.205139 -0.090960
v -0.026971 1.205844 -0.089989
v -0.030931 1.203791 -0.090960
v -0.027117 1.203791 -0.090960
v -0.026120 1.203791 -0.089989
v -0.027675 1.202442 -0.090960
v -0.026971 1.201737 -0.089989
v -0.029024 1.201884 -0.090960
v -0.029024 1.200886 -0.089989
v -0.030373 1.202442 -0.090960
v -0.031077 1.201737 -0.089989
v -0.031928 1.203791 -0.089989
v -0.031077 1.205844 -0.089989
v -0.031077 1.205844 -0.082550
v -0.031928 1.203791 -0.082550
v -0.029024 1.206695 -0.082550
v -0.026971 1.205844 -0.082550
v -0.026120 1.203791 -0.082550
v -0.026971 1.201737 -0.082550
v -0.029024 1.200886 -0.082550
v -0.031077 1.201737 -0.082550
v -0.064621 1.217031 0.063050
v -0.056231 1.215944 0.066521
v -0.057831 1.214609 0.068258
v -0.062892 1.218473 0.061938
v -0.067835 1.214349 0.056480
v -0.043033 1.226955 0.083798
v -0.066108 1.215790 0.055037
v -0.071076 1.215664 0.050103
v -0.066848 1.223214 0.061938
v -0.069743 1.228886 0.068258
v -0.068142 1.230221 0.066521
v -0.068577 1.221771 0.063050
v -0.070063 1.220531 0.055037
v -0.054945 1.241232 0.083798
v -0.055516 1.240756 0.086708
v -0.071791 1.219090 0.056480
v -0.043604 1.226479 0.086708
v -0.072320 1.214627 0.051102
v 0.043392 1.323280 0.086708
v 0.042822 1.322804 0.083798
v -0.015160 1.172136 0.016153
v -0.005507 1.172155 0.021726
v -0.020733 1.172125 0.006500
v -0.020733 1.172122 -0.004646
v 0.005640 1.172175 0.021726
v 0.015293 1.172191 0.016153
v 0.020866 1.172199 0.006500
v 0.020866 1.172197 -0.004646
v 0.015292 1.172185 -0.014299
v 0.005639 1.172167 -0.019872
v -0.005507 1.172147 -0.019872
v -0.015160 1.172131 -0.014299
v 0.081058 1.330870 -0.003400
v 0.109239 1.223579 -0.003400
v 0.081058 1.219313 -0.003400
v 0.109239 1.326604 -0.003400
v 0.131206 1.275092 -0.003400
v 0.081058 1.219313 0.005253
v 0.109239 1.326604 0.005253
v 0.081058 1.330870 0.005253
v 0.109239 1.223579 0.005253
v 0.131206 1.275092 0.005253
v -0.069589 1.353342 0.000927
v -0.071053 1.354715 0.000927
v -0.085795 1.334860 0.000927
v -0.087259 1.336233 0.000927
v 0.070274 1.355284 0.000927
v 0.075871 1.350807 0.000927
v 0.087390 1.336233 0.000927
v 0.081856 1.343235 0.000927
v 0.019026 1.170947 0.026884
v 0.023089 1.173493 0.031903
v 0.000066 1.175346 0.047230
v 0.021427 1.173855 0.024346
v 0.000066 1.167823 0.026842
v -0.018929 1.170953 0.026884
v -0.022957 1.173493 0.031903
v -0.017766 1.178232 0.047207
v -0.013073 1.186174 0.060101
v 0.000066 1.184349 0.060641
v 0.013370 1.186175 0.060060
v 0.000066 1.170729 0.024410
v -0.021335 1.173861 0.024346
v 0.017863 1.178226 0.047207
v 0.020092 1.181368 0.046593
v 0.026091 1.176490 0.029888
v -0.025959 1.176490 0.029888
v -0.020000 1.181374 0.046593
v 0.000066 1.187604 0.061150
v -0.014643 1.189420 0.060480
v 0.014964 1.189420 0.060434
v -0.077611 1.347164 -0.002522
v -0.078517 1.350409 -0.005091
v -0.076392 1.348577 -0.005091
v -0.076392 1.348577 0.000046
v -0.079735 1.348996 -0.002522
v -0.078517 1.350409 0.000046
v -0.074421 1.350864 -0.000935
v -0.079699 1.351979 -0.003807
v -0.080308 1.351273 -0.002522
v -0.079699 1.351979 -0.001238
v -0.076545 1.352695 -0.000935
v -0.074421 1.350864 -0.004110
v -0.078713 1.353122 -0.001729
v -0.076545 1.352695 -0.004110
v -0.078713 1.353122 -0.003316
v -0.079919 1.352720 -0.002522
v -0.042618 1.219900 -0.076649
v -0.032938 1.213990 -0.076551
v -0.034364 1.200538 -0.076551
v -0.020607 1.208181 -0.076570
v -0.023257 1.200742 -0.076551
v -0.032224 1.197991 -0.076551
v -0.025193 1.198093 -0.076551
v -0.028760 1.196768 -0.076551
v 0.034496 1.200538 -0.076551
v 0.033069 1.213990 -0.076551
v 0.042750 1.219900 -0.076649
v 0.032356 1.197991 -0.076551
v 0.020739 1.208181 -0.076570
v 0.023389 1.200742 -0.076551
v 0.025325 1.198093 -0.076551
v 0.028892 1.196768 -0.076551
v -0.005385 1.372284 -0.028907
v 0.005517 1.372284 -0.028907
v 0.005517 1.372284 -0.018006
v -0.005385 1.372284 -0.018006
v -0.005385 1.374229 -0.017661
v -0.005385 1.374229 -0.006760
v 0.005517 1.374229 -0.017661
v 0.005517 1.374229 -0.006760
v 0.000066 1.300656 -0.101055
v 0.000066 1.275092 -0.101055
v -0.018011 1.293169 -0.101055
v 0.018143 1.293169 -0.101055
v -0.025499 1.275093 -0.101055
v 0.025631 1.275092 -0.101055
v 0.018143 1.257015 -0.101055
v 0.000066 1.249527 -0.101055
v -0.018011 1.257015 -0.101055
v 0.056373 1.260005 -0.085295
v 0.050549 1.245945 -0.085295
v 0.028828 1.273520 -0.100439
v 0.058168 1.273806 -0.085300
v 0.021515 1.255865 -0.100439
v 0.042059 1.234916 -0.085300
v 0.050549 1.304238 -0.085295
v 0.056373 1.290179 -0.085295
v 0.021515 1.294319 -0.100439
v 0.042059 1.315267 -0.085300
v 0.028828 1.276663 -0.100439
v 0.058168 1.276377 -0.085300
v 0.015153 1.331399 -0.085295
v 0.029212 1.325575 -0.085295
v 0.001637 1.303854 -0.100439
v 0.001351 1.333194 -0.085300
v 0.019293 1.296541 -0.100439
v 0.040241 1.317086 -0.085300
v -0.015022 1.218785 -0.085295
v -0.029081 1.224608 -0.085295
v -0.001505 1.246329 -0.100439
v -0.001220 1.216989 -0.085300
v -0.019161 1.253643 -0.100439
v -0.040110 1.233098 -0.085300
v -0.029081 1.325575 -0.085295
v -0.015022 1.331399 -0.085295
v -0.019161 1.296541 -0.100439
v -0.040110 1.317086 -0.085300
v -0.001505 1.303854 -0.100439
v -0.001220 1.333194 -0.085300
v 0.001637 1.246329 -0.100439
v 0.019293 1.253643 -0.100439
v 0.015153 1.218785 -0.085295
v 0.001351 1.216989 -0.085300
v 0.029212 1.224608 -0.085295
v 0.040241 1.233098 -0.085300
v -0.021383 1.294319 -0.100439
v -0.028697 1.276663 -0.100439
v -0.050417 1.304238 -0.085295
v -0.041928 1.315267 -0.085300
v -0.056241 1.290179 -0.085295
v -0.058036 1.276377 -0.085300
v 0.030809 1.203791 -0.090960
v 0.028902 1.203791 -0.089989
v 0.028902 1.203791 -0.091521
v 0.031806 1.203791 -0.089989
v -0.027117 1.203791 -0.090960
v -0.029024 1.203791 -0.089989
v -0.029024 1.203791 -0.091521
v -0.026120 1.203791 -0.089989
v -0.027675 1.202442 -0.090960
v -0.029024 1.203791 -0.089989
v -0.029024 1.203791 -0.091521
v -0.026971 1.201737 -0.089989
v 0.030250 1.205139 -0.090960
v 0.028902 1.203791 -0.089989
v 0.028902 1.203791 -0.091521
v 0.030955 1.205844 -0.089989
v -0.027675 1.205139 -0.090960
v -0.029024 1.203791 -0.089989
v -0.029024 1.203791 -0.091521
v -0.026971 1.205844 -0.089989
v 0.028902 1.201884 -0.090960
v 0.028902 1.203791 -0.089989
v 0.028902 1.203791 -0.091521
v 0.028902 1.200886 -0.089989
v -0.029024 1.201884 -0.090960
v -0.029024 1.203791 -0.089989
v -0.029024 1.203791 -0.091521
v -0.029024 1.200886 -0.089989
v 0.027553 1.202442 -0.090960
v 0.028902 1.203791 -0.089989
v 0.028902 1.203791 -0.091521
v 0.026848 1.201737 -0.089989
v 0.026994 1.203791 -0.090960
v 0.028902 1.203791 -0.089989
v 0.028902 1.203791 -0.091521
v 0.025998 1.203791 -0.089989
v -0.030931 1.203791 -0.090960
v -0.029024 1.203791 -0.089989
v -0.029024 1.203791 -0.091521
v -0.031928 1.203791 -0.089989
v 0.028902 1.205698 -0.090960
v 0.028902 1.203791 -0.089989
v 0.028902 1.203791 -0.091521
v 0.028902 1.206695 -0.089989
v 0.061628 1.206589 0.047761
v 0.063434 1.205855 0.045782
v 0.063352 1.204807 0.049026
v 0.064749 1.204460 0.046788
v 0.068228 1.230149 0.066521
v 0.069827 1.228813 0.068258
v 0.066925 1.223144 0.061938
v 0.068653 1.221699 0.063050
v 0.070138 1.220458 0.055037
v 0.071864 1.219014 0.056480
v 0.080437 1.225245 0.048778
v 0.078857 1.226567 0.047761
v -0.068177 1.328059 0.063050
v -0.067752 1.319610 0.066521
v -0.069351 1.320946 0.068258
v -0.066450 1.326615 0.061938
v -0.071389 1.330745 0.056480
v -0.054566 1.308584 0.083798
v -0.069663 1.329301 0.055037
v -0.070672 1.334168 0.050104
v -0.062490 1.331351 0.061938
v -0.057424 1.335211 0.068258
v -0.055825 1.333874 0.066521
v -0.064217 1.332796 0.063050
v -0.065702 1.334038 0.055037
v -0.042639 1.322848 0.083798
v -0.043209 1.323325 0.086708
v -0.067428 1.335481 0.056480
v -0.055136 1.309061 0.086708
v -0.071914 1.335207 0.051102
v 0.053639 1.229597 0.086236
v 0.056778 1.230763 0.086452
v 0.053047 1.226301 0.086452
v 0.055602 1.224153 0.086890
v 0.059345 1.228629 0.086890
v 0.058760 1.225315 0.087110
v -0.056365 1.321575 0.084042
v -0.056058 1.328396 0.079996
v -0.059801 1.324447 0.085955
v -0.055561 1.326010 0.085725
v -0.057157 1.327747 0.073021
v -0.061940 1.326236 0.080231
v -0.053662 1.326393 0.076608
v -0.051349 1.324459 0.079528
v -0.052107 1.323123 0.085263
v -0.052894 1.318673 0.085032
v -0.052345 1.318214 0.082725
v -0.058316 1.316127 0.079528
v -0.057135 1.317110 0.085263
v -0.060588 1.319997 0.085725
v -0.063024 1.320064 0.079996
v -0.060628 1.318061 0.076608
v -0.062579 1.321261 0.073021
v -0.060957 1.325414 0.071532
v 0.152159 1.276616 -0.032765
v 0.152159 1.268276 -0.032765
v 0.155168 1.274531 -0.034244
v 0.155168 1.270361 -0.034244
v 0.063791 1.227791 -0.018774
v 0.112283 1.232399 0.001034
v 0.063791 1.227791 0.001034
v 0.064149 1.229653 -0.021639
v 0.112283 1.232399 -0.017236
v 0.112551 1.234253 -0.020104
v 0.068349 1.251502 -0.033042
v 0.160774 1.237007 0.001034
v 0.160774 1.237007 -0.015699
v 0.160954 1.238853 -0.018569
v 0.113578 1.253503 -0.030370
v 0.209266 1.241616 0.001034
v 0.209266 1.241616 -0.014161
v 0.209356 1.243452 -0.017034
v 0.163053 1.256269 -0.027757
v 0.257758 1.246224 0.001034
v 0.257758 1.246224 -0.012624
v 0.257758 1.248052 -0.015499
v 0.208145 1.258303 -0.025115
v 0.257758 1.261035 -0.022472
v 0.211456 1.274059 -0.033195
v 0.197397 1.261853 -0.027913
v 0.257758 1.274197 -0.029445
v 0.257758 1.275058 -0.029719
v 0.211456 1.275058 -0.033503
v 0.211456 1.276057 -0.033195
v 0.257758 1.275919 -0.029445
v 0.257758 1.289081 -0.022472
v 0.208145 1.291813 -0.025115
v 0.197397 1.288263 -0.027913
v 0.257758 1.302064 -0.015499
v 0.209356 1.306664 -0.017034
v 0.163053 1.293848 -0.027757
v 0.257758 1.303892 -0.012624
v 0.209266 1.308501 -0.014161
v 0.160954 1.311264 -0.018569
v 0.257758 1.303892 0.001034
v 0.209266 1.308501 0.001034
v 0.160774 1.313109 -0.015699
v 0.112551 1.315863 -0.020104
v 0.113578 1.296613 -0.030370
v 0.160774 1.313109 0.001034
v 0.112283 1.317717 -0.017236
v 0.064149 1.320463 -0.021639
v 0.068349 1.298614 -0.033042
v 0.112283 1.317717 0.001034
v 0.063791 1.322325 -0.018774
v 0.063791 1.322325 0.001034
v 0.128066 1.276309 -0.039183
v 0.128066 1.275058 -0.039544
v 0.126661 1.291233 -0.032179
v 0.126809 1.276309 -0.040051
v 0.118851 1.276333 -0.040696
v 0.072548 1.276470 -0.044446
v 0.128066 1.273807 -0.039183
v 0.126661 1.258883 -0.032179
v 0.126809 1.273807 -0.040051
v 0.126809 1.275058 -0.040420
v 0.118851 1.273784 -0.040696
v 0.118851 1.275058 -0.041071
v 0.072548 1.275058 -0.044855
v 0.072548 1.273646 -0.044446
v 0.063791 1.227791 0.020842
v 0.112283 1.232399 0.019304
v 0.064149 1.229653 0.023707
v 0.112283 1.232399 0.001034
v 0.112551 1.234253 0.022172
v 0.160774 1.237007 0.017767
v 0.160774 1.237007 0.001034
v 0.068349 1.251502 0.035110
v 0.160954 1.238853 0.020637
v 0.209266 1.241616 0.016229
v 0.209266 1.241616 0.001034
v 0.113578 1.253503 0.032438
v 0.163053 1.256269 0.029825
v 0.209356 1.243452 0.019102
v 0.257758 1.246224 0.014692
v 0.257758 1.246224 0.001034
v 0.257758 1.248052 0.017567
v 0.208145 1.258303 0.027183
v 0.257758 1.261035 0.024540
v 0.257758 1.289081 0.024540
v 0.208145 1.291813 0.027183
v 0.257758 1.302064 0.017567
v 0.163053 1.293848 0.029825
v 0.209356 1.306664 0.019102
v 0.257758 1.303892 0.014692
v 0.209266 1.308501 0.016229
v 0.257758 1.303892 0.001034
v 0.160954 1.311264 0.020637
v 0.160774 1.313109 0.017767
v 0.209266 1.308501 0.001034
v 0.113578 1.296613 0.032438
v 0.112551 1.315863 0.022172
v 0.112283 1.317717 0.019304
v 0.160774 1.313109 0.001034
v 0.068349 1.298614 0.035110
v 0.064149 1.320463 0.023707
v 0.063791 1.322325 0.020842
v 0.112283 1.317717 0.001034
v 0.118851 1.276333 0.042764
v 0.072548 1.276470 0.046514
v 0.118851 1.275058 0.043138
v 0.118851 1.273784 0.042764
v 0.072548 1.275058 0.046923
v 0.072548 1.273646 0.046514
v 0.063791 1.227791 0.001034
v 0.063791 1.322325 0.001034
v 0.041109 1.259544 0.114004
v 0.258204 1.263863 0.117683
v 0.211822 1.272974 0.160701
v 0.211822 1.268739 0.156942
v 0.211822 1.275092 0.160701
v 0.211822 1.277210 0.160701
v 0.041109 1.290639 0.114004
v 0.211822 1.281445 0.156942
v 0.258204 1.286321 0.117683
v 0.258204 1.272974 0.121442
v 0.258204 1.275092 0.121442
v 0.258204 1.277210 0.121442
v 0.258204 1.262610 0.114004
v 0.258204 1.252813 -0.014667
v 0.258204 1.252813 0.017809
v 0.041109 1.252813 -0.014667
v 0.041109 1.252813 0.017809
v 0.258204 1.254843 0.065906
v 0.041109 1.254843 0.065906
v 0.258204 1.297371 -0.014667
v 0.041109 1.297371 -0.014667
v 0.258204 1.297371 0.017809
v 0.041109 1.297371 0.017809
v 0.258204 1.295341 0.065906
v 0.041109 1.295341 0.065906
v 0.258204 1.287573 0.114004
v -0.152028 1.276616 -0.032765
v -0.155036 1.274531 -0.034244
v -0.152028 1.268276 -0.032765
v -0.155036 1.270361 -0.034244
v -0.063659 1.227791 -0.018774
v -0.112151 1.232399 -0.017236
v -0.064017 1.229653 -0.021639
v -0.112151 1.232399 0.001034
v -0.112420 1.234253 -0.020104
v -0.160643 1.237007 -0.015699
v -0.160643 1.237007 0.001034
v -0.068217 1.251502 -0.033042
v -0.160822 1.238853 -0.018569
v -0.209135 1.241616 -0.014161
v -0.209135 1.241616 0.001034
v -0.113446 1.253503 -0.030370
v -0.162922 1.256269 -0.027757
v -0.209224 1.243452 -0.017034
v -0.257626 1.246224 -0.012624
v -0.257626 1.246224 0.001034
v -0.257626 1.248052 -0.015499
v -0.208014 1.258303 -0.025115
v -0.257626 1.261035 -0.022472
v -0.211324 1.274059 -0.033195
v -0.257626 1.274197 -0.029445
v -0.197265 1.261853 -0.027913
v -0.257626 1.275058 -0.029719
v -0.211324 1.275058 -0.033503
v -0.211324 1.276057 -0.033195
v -0.257626 1.275919 -0.029445
v -0.257626 1.289081 -0.022472
v -0.208014 1.291813 -0.025115
v -0.257626 1.302064 -0.015499
v -0.197265 1.288263 -0.027913
v -0.162922 1.293848 -0.027757
v -0.209224 1.306664 -0.017034
v -0.257626 1.303892 -0.012624
v -0.209135 1.308501 -0.014161
v -0.257626 1.303892 0.001034
v -0.160822 1.311264 -0.018569
v -0.160643 1.313109 -0.015699
v -0.209135 1.308501 0.001034
v -0.113446 1.296613 -0.030370
v -0.112420 1.315863 -0.020104
v -0.112151 1.317717 -0.017236
v -0.160643 1.313109 0.001034
v -0.068217 1.298614 -0.033042
v -0.064017 1.320463 -0.021639
v -0.063659 1.322325 -0.018774
v -0.112151 1.317717 0.001034
v -0.127934 1.273807 -0.039183
v -0.127934 1.275058 -0.039544
v -0.127934 1.276309 -0.039183
v -0.126529 1.291233 -0.032179
v -0.126677 1.276309 -0.040051
v -0.118719 1.276333 -0.040696
v -0.072417 1.276470 -0.044446
v -0.126529 1.258883 -0.032179
v -0.126677 1.273807 -0.040051
v -0.126677 1.275058 -0.040420
v -0.118719 1.275058 -0.041071
v -0.118719 1.273784 -0.040696
v -0.072417 1.275058 -0.044855
v -0.072417 1.273646 -0.044446
v -0.063659 1.227791 0.001034
v -0.063659 1.322325 0.001034
v -0.063659 1.227791 0.020842
v -0.112151 1.232399 0.001034
v -0.063659 1.227791 0.001034
v -0.064017 1.229653 0.023707
v -0.112151 1.232399 0.019304
v -0.112420 1.234253 0.022172
v -0.068217 1.251502 0.035110
v -0.160643 1.237007 0.001034
v -0.160643 1.237007 0.017767
v -0.160822 1.238853 0.020637
v -0.113446 1.253503 0.032438
v -0.209135 1.241616 0.001034
v -0.209135 1.241616 0.016229
v -0.209224 1.243452 0.019102
v -0.162922 1.256269 0.029825
v -0.257626 1.246224 0.001034
v -0.257626 1.246224 0.014692
v -0.257626 1.248052 0.017567
v -0.208014 1.258303 0.027183
v -0.257626 1.261035 0.024540
v -0.257626 1.289081 0.024540
v -0.208014 1.291813 0.027183
v -0.257626 1.302064 0.017567
v -0.209224 1.306664 0.019102
v -0.162922 1.293848 0.029825
v -0.257626 1.303892 0.014692
v -0.209135 1.308501 0.016229
v -0.160822 1.311264 0.020637
v -0.257626 1.303892 0.001034
v -0.209135 1.308501 0.001034
v -0.160643 1.313109 0.017767
v -0.112420 1.315863 0.022172
v -0.113446 1.296613 0.032438
v -0.160643 1.313109 0.001034
v -0.112151 1.317717 0.019304
v -0.064017 1.320463 0.023707
v -0.068217 1.298614 0.035110
v -0.112151 1.317717 0.001034
v -0.063659 1.322325 0.020842
v -0.063659 1.322325 0.001034
v -0.118719 1.276333 0.042764
v -0.072417 1.276470 0.046514
v -0.118719 1.273784 0.042764
v -0.118719 1.275058 0.043138
v -0.072417 1.275058 0.046923
v -0.072417 1.273646 0.046514
v -0.040978 1.259544 0.114004
v -0.211690 1.268739 0.156942
v -0.258072 1.263863 0.117683
v -0.211690 1.272974 0.160701
v -0.211690 1.277210 0.160701
v -0.211690 1.275092 0.160701
v -0.040978 1.290639 0.114004
v -0.258072 1.286321 0.117683
v -0.211690 1.281445 0.156942
v -0.258072 1.272974 0.121442
v -0.258072 1.275092 0.121442
v -0.258072 1.277210 0.121442
v -0.040978 1.252813 -0.014667
v -0.258072 1.252813 0.017809
v -0.258072 1.252813 -0.014667
v -0.040978 1.252813 0.017809
v -0.258072 1.254843 0.065906
v -0.040978 1.254843 0.065906
v -0.258072 1.262610 0.114004
v -0.258072 1.287573 0.114004
v -0.258072 1.297371 0.017809
v -0.040978 1.297371 -0.014667
v -0.258072 1.297371 -0.014667
v -0.040978 1.297371 0.017809
v -0.258072 1.295341 0.065906
v -0.040978 1.295341 0.065906
v 0.256316 1.303128 0.190376
v 0.256309 1.301104 -0.080439
v -0.256177 1.301104 -0.080439
v -0.256123 1.291928 0.142657
v -0.256123 1.250993 0.142657
v -0.256123 1.250993 -0.060984
v -0.040627 1.317723 -0.086455
v -0.040110 1.317086 -0.085300
v -0.001305 1.334011 -0.086455
v -0.001305 1.216173 -0.086455
v -0.040627 1.232460 -0.086455
v -0.001220 1.333194 -0.085300
v -0.040110 1.233098 -0.085300
v -0.001220 1.216989 -0.085300
v -0.024067 1.368146 0.040586
v -0.024077 1.374070 0.021266
v -0.043250 1.367218 0.021266
v -0.043143 1.364097 0.032446
v -0.041811 1.364187 0.034261
v 0.024227 1.368054 0.040586
v 0.024209 1.374070 0.021266
v -0.035851 1.364389 0.040586
v -0.031789 1.364296 0.043519
v 0.043799 1.361702 0.032805
v 0.043780 1.365090 0.021266
v 0.042027 1.361977 0.034615
v 0.036566 1.362075 0.040586
v -0.010241 1.370282 0.040586
v -0.010241 1.375410 0.021266
v 0.010570 1.370265 0.040586
v 0.010570 1.375391 0.021266
v -0.062794 1.229017 0.079996
v -0.059575 1.224630 0.085955
v -0.060358 1.229080 0.085725
v -0.062350 1.227819 0.073021
v -0.061715 1.222844 0.080231
v -0.060396 1.231017 0.076608
v -0.058081 1.232949 0.079528
v -0.056901 1.231964 0.085263
v -0.052663 1.230397 0.085032
v -0.052113 1.230856 0.082725
v -0.051123 1.224609 0.079528
v -0.051880 1.225946 0.085263
v -0.055336 1.223063 0.085725
v -0.055836 1.220677 0.079996
v -0.053438 1.222678 0.076608
v -0.056935 1.221328 0.073021
v -0.060732 1.223665 0.071532
v -0.024965 1.204901 -0.085362
v -0.031082 1.203791 -0.085461
v -0.024991 1.204897 -0.082550
v -0.031082 1.203791 -0.082550
v 0.082298 1.262768 -0.061389
v 0.080484 1.262768 -0.064057
v 0.087794 1.271588 -0.054444
v 0.091381 1.271588 -0.047819
v 0.093299 1.262866 -0.040095
v 0.087794 1.278270 -0.054444
v 0.082298 1.287024 -0.061389
v 0.091381 1.278270 -0.047819
v 0.080484 1.287024 -0.064057
v 0.093405 1.287463 -0.040355
v -0.087662 1.271588 -0.054444
v -0.082166 1.262768 -0.061389
v -0.091249 1.271588 -0.047819
v -0.080352 1.262768 -0.064057
v -0.093167 1.262866 -0.040095
v -0.082166 1.287024 -0.061389
v -0.080352 1.287024 -0.064057
v -0.087662 1.278270 -0.054444
v -0.091249 1.278270 -0.047819
v -0.093273 1.287463 -0.040355
v 0.079071 1.324771 0.045782
v 0.070866 1.334094 0.050104
v 0.080678 1.325816 0.046788
v 0.072109 1.335132 0.051102
v 0.056019 1.333815 0.066521
v 0.057619 1.335150 0.068258
v 0.062681 1.331286 0.061938
v 0.064409 1.332729 0.063050
v 0.065896 1.333969 0.055037
v 0.067624 1.335410 0.056480
v -0.075739 1.350807 0.000927
v -0.081724 1.343235 0.000927
v 0.068811 1.353911 0.000927
v 0.085927 1.334860 0.000927
v 0.000066 1.339811 0.092687
v 0.000066 1.336446 0.103328
v 0.010328 1.339677 0.092738
v 0.000066 1.339797 0.091865
v 0.010675 1.339087 0.090270
v 0.010675 1.335264 0.102480
v 0.010215 1.335393 0.103726
v -0.010196 1.339677 0.092738
v -0.010544 1.339087 0.090270
v -0.010544 1.335264 0.102480
v -0.010083 1.335393 0.103726
v -0.034364 1.200538 -0.064216
v -0.023257 1.200742 -0.068657
v -0.025193 1.198093 -0.065455
v -0.032224 1.197991 -0.061659
v -0.028760 1.196768 -0.061848
v 0.034496 1.200538 -0.064216
v 0.032356 1.197991 -0.061659
v 0.023389 1.200742 -0.068657
v 0.025325 1.198093 -0.065455
v 0.028892 1.196768 -0.061848
v 0.073732 1.351023 -0.005470
v 0.080984 1.342905 -0.005478
v 0.080984 1.342905 0.007331
v 0.073732 1.351023 0.007324
v 0.062965 1.218407 0.061938
v 0.057900 1.214548 0.068258
v 0.056301 1.215885 0.066521
v 0.064692 1.216963 0.063050
v 0.066178 1.215721 0.055037
v 0.067904 1.214278 0.056480
v 0.079524 1.225100 0.045699
v 0.081057 1.223964 0.046791
v -0.001139 1.216032 -0.086456
v -0.029489 1.223901 -0.086455
v -0.029081 1.224608 -0.085295
v 0.015365 1.217996 -0.086455
v 0.015153 1.218785 -0.085295
v 0.051257 1.245537 -0.086455
v 0.050549 1.245945 -0.085295
v 0.057162 1.290391 -0.086455
v 0.056373 1.290179 -0.085295
v 0.029621 1.326283 -0.086455
v 0.029212 1.325575 -0.085295
v -0.015233 1.332188 -0.086455
v -0.015022 1.331399 -0.085295
v -0.051125 1.304647 -0.086455
v -0.050417 1.304238 -0.085295
v -0.057031 1.259793 -0.086455
v -0.056241 1.260005 -0.085295
v 0.026903 1.275092 -0.102763
v 0.019043 1.294068 -0.102763
v 0.000066 1.301929 -0.102763
v -0.018911 1.294068 -0.102763
v -0.026771 1.275092 -0.102763
v -0.018911 1.256115 -0.102763
v 0.000066 1.248255 -0.102763
v 0.019042 1.256115 -0.102763
v -0.015233 1.217996 -0.086455
v -0.015022 1.218785 -0.085295
v -0.051125 1.245537 -0.086455
v -0.050417 1.245945 -0.085295
v 0.029621 1.223901 -0.086455
v 0.029212 1.224608 -0.085295
v 0.057162 1.259793 -0.086455
v 0.056373 1.260005 -0.085295
v 0.051257 1.304647 -0.086455
v 0.050549 1.304238 -0.085295
v 0.015365 1.332188 -0.086455
v 0.015153 1.331399 -0.085295
v -0.029489 1.326283 -0.086455
v -0.029081 1.325575 -0.085295
v -0.057030 1.290391 -0.086455
v -0.056241 1.290179 -0.085295
v 0.042027 1.364105 0.034615
v 0.036566 1.364203 0.040586
v 0.043799 1.363830 0.032805
v 0.043780 1.367218 0.021266
v -0.031777 1.365688 0.040586
v -0.031661 1.371360 0.021266
v 0.003630 1.348143 0.079530
v -0.003498 1.348143 0.079530
v 0.074241 1.351532 0.000927
v 0.072389 1.214551 0.051102
v -0.016964 1.338649 -0.081583
v -0.020622 1.352302 -0.067448
v -0.007353 1.339915 -0.081583
v 0.000066 1.340891 -0.081583
v 0.000066 1.349654 -0.072968
v 0.008581 1.339770 -0.081583
v 0.017096 1.338649 -0.081583
v 0.020754 1.352302 -0.067448
v 0.032965 1.332075 -0.081583
v 0.018185 1.358153 -0.058958
v 0.000066 1.360082 -0.060653
v -0.018054 1.358153 -0.058958
v -0.007346 1.360082 -0.059677
v 0.038675 1.360082 0.048757
v 0.041242 1.362712 0.040586
v 0.043812 1.361546 0.040586
v 0.023764 1.360082 0.057916
v 0.047564 1.358153 0.041031
v 0.047037 1.360082 0.040586
v 0.058047 1.360082 0.021266
v 0.061779 1.360082 0.000927
v -0.057915 1.360082 -0.019413
v -0.061648 1.360082 0.000927
v -0.044490 1.367218 -0.019413
v -0.024077 1.374070 -0.019413
v -0.024077 1.374450 -0.014885
v -0.041110 1.362712 -0.038732
v -0.046905 1.360082 -0.038732
v 0.041242 1.362712 -0.038732
v 0.044622 1.367218 -0.019413
v 0.047037 1.360082 -0.038732
v 0.021380 1.369044 -0.038732
v 0.024209 1.374070 -0.019413
v 0.038675 1.360082 -0.046904
v 0.039108 1.358153 -0.047440
v 0.058047 1.360082 -0.019413
v 0.047564 1.358153 -0.039176
v 0.024030 1.358153 -0.056702
v 0.023764 1.360082 -0.056063
v -0.018430 1.361741 -0.056063
v 0.000066 1.363615 -0.056063
v -0.017853 1.360082 -0.058294
v 0.008554 1.360082 -0.059536
v 0.018562 1.361741 -0.056063
v 0.000066 1.371204 -0.038732
v 0.017984 1.360082 -0.058294
v -0.023633 1.360082 0.057916
v -0.038543 1.360082 0.048757
v -0.018054 1.358153 0.060812
v -0.017853 1.360082 0.060147
v -0.018430 1.361741 0.057916
v -0.010241 1.362815 0.057916
v 0.000066 1.360082 0.062507
v 0.000066 1.358153 0.063198
v 0.000066 1.363615 0.057916
v 0.010570 1.362800 0.057916
v 0.017984 1.360082 0.060147
v 0.018185 1.358153 0.060812
v 0.018562 1.361741 0.057916
v 0.024030 1.358153 0.058556
v 0.039108 1.358153 0.049294
v -0.043066 1.361825 0.040586
v -0.046905 1.360082 0.040586
v -0.041110 1.362712 0.040586
v -0.023899 1.358153 0.058556
v 0.058697 1.358153 0.021495
v -0.038543 1.360082 -0.046904
v -0.047432 1.358153 -0.039176
v -0.038976 1.358153 -0.047440
v -0.021249 1.369044 -0.038732
v -0.023633 1.360082 -0.056063
v -0.058565 1.358153 -0.019640
v -0.023899 1.358153 -0.056702
v 0.024209 1.374450 -0.014885
v 0.000066 1.376408 -0.019413
v 0.010570 1.375778 -0.014885
v -0.038976 1.358153 0.049294
v -0.057915 1.360082 0.021266
v -0.047432 1.358153 0.041031
v -0.010241 1.375797 -0.014885
v -0.024449 1.182125 0.046561
v 0.000066 1.178534 0.046716
v -0.022495 1.189420 0.058579
v 0.000066 1.170729 0.024410
v -0.026463 1.174611 0.024330
v -0.042810 1.189420 0.046684
v -0.042810 1.190894 0.046684
v 0.000066 1.189420 0.064040
v -0.022495 1.190894 0.058579
v -0.048545 1.190894 0.040600
v -0.048545 1.189420 0.040600
v -0.051378 1.184514 -0.022557
v -0.052701 1.182222 0.000927
v -0.057584 1.189420 -0.022533
v -0.026463 1.174611 -0.022477
v -0.048545 1.189420 -0.038747
v -0.048545 1.190894 -0.038747
v -0.061807 1.189420 0.000927
v -0.057584 1.190894 -0.022533
v -0.042810 1.190894 -0.044831
v -0.042810 1.189420 -0.044831
v 0.042942 1.189420 0.046684
v 0.022626 1.190894 0.058579
v 0.022626 1.189420 0.058579
v 0.042942 1.190894 0.046684
v 0.026594 1.174611 0.024330
v 0.048677 1.189420 0.040600
v 0.024581 1.182125 0.046561
v 0.057716 1.189420 0.024387
v 0.048677 1.190894 0.040600
v 0.057716 1.190894 0.024387
v 0.061939 1.189420 0.000927
v 0.051510 1.184514 0.024410
v 0.052833 1.182222 0.000927
v -0.057584 1.190894 0.024387
v -0.057584 1.189420 0.024387
v -0.051378 1.184514 0.024410
v 0.048677 1.189420 -0.038747
v 0.057716 1.190894 -0.022533
v 0.057716 1.189420 -0.022533
v 0.048677 1.190894 -0.038747
v 0.026594 1.174611 -0.022477
v 0.042942 1.189420 -0.044831
v 0.051510 1.184514 -0.022557
v 0.061939 1.190894 0.000927
v 0.027277 1.172064 0.000927
v 0.022626 1.189419 -0.056725
v 0.042942 1.190894 -0.044831
v 0.022626 1.190894 -0.056725
v 0.000066 1.189419 -0.062186
v 0.024581 1.182125 -0.044707
v 0.000066 1.178534 -0.044863
v -0.022495 1.190894 -0.056725
v -0.022495 1.189419 -0.056725
v -0.024449 1.182125 -0.044707
v 0.000066 1.190894 -0.062186
v -0.022691 1.288230 0.159633
v -0.039780 1.285769 0.174495
v -0.025186 1.281858 0.159633
v -0.029104 1.304261 0.174495
v -0.035815 1.295808 0.174495
v 0.000066 1.275145 0.159633
v -0.026211 1.275092 0.159633
v -0.018420 1.293578 0.159633
v -0.013073 1.297848 0.159633
v -0.006735 1.300473 0.159633
v 0.000066 1.301369 0.159633
v 0.006867 1.300473 0.159633
v 0.013204 1.297848 0.159633
v 0.018552 1.293578 0.159633
v 0.022822 1.288230 0.159633
v 0.025318 1.281858 0.159633
v 0.026343 1.275092 0.159633
v 0.025318 1.268326 0.159633
v 0.022822 1.261953 0.159633
v 0.018552 1.256606 0.159633
v 0.013204 1.252335 0.159633
v 0.006832 1.249840 0.159633
v 0.000066 1.248815 0.159633
v -0.006701 1.249840 0.159633
v -0.013073 1.252335 0.159633
v -0.018420 1.256606 0.159633
v -0.022691 1.261953 0.159633
v -0.025186 1.268326 0.159633
v -0.020650 1.310973 0.174495
v -0.010657 1.315112 0.174495
v 0.000066 1.316523 0.174495
v 0.010789 1.315112 0.174495
v 0.020782 1.310973 0.174495
v 0.029236 1.304261 0.174495
v 0.035947 1.295808 0.174495
v 0.039912 1.285769 0.174495
v 0.041497 1.275092 0.174495
v 0.039912 1.264415 0.174495
v 0.035947 1.254376 0.174495
v 0.029236 1.245922 0.174495
v 0.020782 1.239211 0.174495
v 0.010743 1.235245 0.174495
v 0.000066 1.233660 0.174495
v -0.010611 1.235245 0.174495
v -0.020650 1.239211 0.174495
v -0.029104 1.245922 0.174495
v -0.035815 1.254376 0.174495
v -0.039780 1.264415 0.174495
v -0.041366 1.275092 0.174495
v -0.063237 1.292054 0.083883
v -0.056847 1.307950 0.086781
v -0.056918 1.307992 0.083883
v -0.065651 1.275092 0.086781
v -0.063157 1.292032 0.086781
v -0.079323 1.296364 0.066502
v -0.071390 1.316347 0.066726
v -0.062238 1.327915 0.066573
v -0.049616 1.317213 0.083883
v -0.046217 1.321374 0.086781
v -0.046275 1.321432 0.083883
v -0.065733 1.275092 0.083883
v -0.082444 1.275092 0.066726
v -0.095017 1.275092 0.046716
v -0.082278 1.322633 0.046716
v -0.058050 1.333208 0.066502
v -0.041189 1.346547 0.066726
v -0.044511 1.352302 0.056151
v -0.027296 1.352302 0.066726
v -0.032834 1.332075 0.083883
v -0.071735 1.335967 0.046609
v -0.016964 1.338649 0.083883
v -0.016943 1.338569 0.086781
v -0.032793 1.332004 0.086781
v 0.046407 1.321432 0.083883
v 0.062864 1.327290 0.066581
v 0.058182 1.333208 0.066502
v 0.056978 1.307950 0.086781
v 0.057050 1.307992 0.083883
v 0.032965 1.332075 0.083883
v 0.041321 1.346547 0.066726
v 0.044643 1.352302 0.056151
v 0.067043 1.342069 0.046561
v 0.046349 1.321374 0.086781
v 0.027428 1.352302 0.066726
v 0.017096 1.338649 0.083883
v 0.020754 1.352302 0.069302
v 0.050142 1.316715 0.083883
v 0.072436 1.335248 0.046615
v 0.082410 1.322633 0.046716
v 0.078378 1.340187 0.024359
v 0.054298 1.352302 0.046716
v 0.067010 1.352302 0.024410
v 0.072543 1.347569 0.024330
v 0.080392 1.341862 0.000927
v 0.091461 1.327859 0.000927
v 0.089169 1.326536 0.024410
v 0.071319 1.352302 0.000927
v 0.074407 1.349434 0.000927
v 0.072543 1.347569 -0.022477
v 0.078378 1.340187 -0.022505
v 0.067010 1.352302 -0.022557
v 0.067043 1.342069 -0.044707
v 0.072436 1.335248 -0.044762
v 0.082410 1.322633 -0.044863
v 0.089169 1.326536 -0.022557
v 0.054298 1.352302 -0.044863
v 0.041264 1.352302 -0.056373
v 0.058182 1.333208 -0.064649
v 0.062864 1.327290 -0.064727
v 0.071521 1.316347 -0.064872
v 0.041321 1.346547 -0.064872
v 0.046384 1.321410 -0.081583
v 0.050127 1.316701 -0.081583
v 0.057050 1.307992 -0.081583
v 0.063368 1.292054 0.083883
v 0.065865 1.275092 0.083883
v 0.079455 1.296364 0.066502
v 0.071521 1.316347 0.066726
v 0.095149 1.275092 0.046716
v 0.091558 1.299607 0.046561
v 0.063289 1.292032 0.086781
v 0.082576 1.275092 0.066726
v 0.079455 1.253820 0.066502
v 0.063368 1.258130 0.083883
v 0.082410 1.227551 0.046716
v 0.091558 1.250576 0.046561
v 0.057050 1.242192 0.083883
v 0.056978 1.242233 0.086781
v 0.065865 1.275092 0.083883
v 0.065783 1.275092 0.086781
v 0.071521 1.233837 0.066726
v 0.062562 1.222511 0.066576
v 0.049901 1.233164 0.083883
v 0.046349 1.228809 0.086781
v 0.046407 1.228751 0.083883
v 0.058182 1.216975 0.066502
v 0.041321 1.203636 0.066726
v 0.047607 1.192748 0.046716
v 0.032965 1.218108 0.083883
v 0.072088 1.214496 0.046612
v 0.021338 1.195703 0.066502
v 0.032924 1.218179 0.086781
v 0.017028 1.211789 0.083883
v 0.000066 1.209293 0.083883
v 0.000066 1.209375 0.086781
v 0.000066 1.192582 0.066726
v 0.000066 1.190894 0.064040
v -0.021206 1.195703 0.066502
v -0.016896 1.211789 0.083883
v -0.016875 1.211868 0.086781
v -0.041189 1.203636 0.066726
v -0.032834 1.218108 0.083883
v -0.032793 1.218179 0.086781
v -0.058050 1.216975 0.066502
v -0.046275 1.228751 0.083883
v -0.047476 1.192748 0.046716
v -0.066911 1.208115 0.046561
v -0.062315 1.222366 0.066574
v -0.056847 1.242233 0.086781
v -0.056918 1.242192 0.083883
v -0.049677 1.233048 0.083883
v -0.071824 1.214329 0.046610
v -0.082278 1.227551 0.046716
v -0.077727 1.209339 0.024356
v -0.072411 1.202615 0.024330
v -0.079728 1.207648 0.000927
v -0.091329 1.222325 0.000927
v -0.089038 1.223648 0.024410
v -0.061807 1.190894 0.000927
v -0.074276 1.200750 0.000927
v -0.072411 1.202615 -0.022477
v -0.077727 1.209339 -0.022502
v -0.066911 1.208115 -0.044707
v -0.071824 1.214329 -0.044756
v -0.082278 1.227551 -0.044863
v -0.089038 1.223648 -0.022557
v -0.047476 1.192748 -0.044863
v -0.041189 1.203636 -0.064872
v -0.058050 1.216975 -0.064649
v -0.062315 1.222366 -0.064720
v -0.071390 1.233837 -0.064872
v -0.032834 1.218108 -0.081583
v -0.046252 1.228773 -0.081583
v -0.049662 1.233063 -0.081583
v -0.056918 1.242192 -0.081583
v -0.063237 1.258130 0.083883
v -0.079323 1.253820 0.066502
v -0.071390 1.233837 0.066726
v -0.091426 1.250576 0.046561
v -0.066911 1.342069 0.046561
v -0.054166 1.352302 0.046716
v -0.077631 1.340966 0.024355
v -0.066878 1.352302 0.024410
v -0.058565 1.358153 0.021495
v -0.072411 1.347569 0.024330
v -0.071187 1.352302 0.000927
v -0.062340 1.358153 0.000927
v -0.079629 1.342660 0.000927
v -0.074276 1.349434 0.000927
v -0.072411 1.347569 -0.022477
v -0.066878 1.352302 -0.022557
v -0.077631 1.340966 -0.022502
v -0.066911 1.342069 -0.044707
v -0.054166 1.352302 -0.044863
v -0.071735 1.335967 -0.044756
v -0.041327 1.352302 -0.056254
v -0.058050 1.333208 -0.064649
v -0.041189 1.346547 -0.064872
v -0.032287 1.352302 -0.061807
v -0.046252 1.321410 -0.081583
v -0.062238 1.327915 -0.064719
v -0.032834 1.332075 -0.081583
v -0.020622 1.352302 0.069302
v 0.000066 1.352302 0.072026
v 0.000066 1.340891 0.083883
v 0.032924 1.332004 0.086781
v 0.000066 1.340891 0.083883
v 0.017074 1.338569 0.086781
v 0.062471 1.358153 0.000927
v 0.058697 1.358153 -0.019640
v 0.032673 1.352302 -0.061651
v 0.067043 1.208115 0.046561
v 0.078001 1.209520 0.024357
v 0.072543 1.202615 0.024330
v 0.080006 1.207833 0.000927
v 0.074407 1.200750 0.000927
v 0.072543 1.202615 -0.022477
v 0.078001 1.209520 -0.022503
v 0.067043 1.208115 -0.044707
v 0.047607 1.192748 -0.044863
v 0.072088 1.214496 -0.044758
v 0.058182 1.216975 -0.064649
v 0.041321 1.203636 -0.064872
v 0.046384 1.228773 -0.081583
v 0.062562 1.222511 -0.064722
v 0.032965 1.218108 -0.081583
v -0.021206 1.195703 -0.064649
v 0.021338 1.195703 -0.064649
v 0.000066 1.192582 -0.064872
v 0.017019 1.211820 -0.081583
v 0.000066 1.209293 -0.081583
v -0.063206 1.292045 -0.081583
v -0.065733 1.275092 -0.081583
v -0.079323 1.296364 -0.064649
v -0.056918 1.307992 -0.081583
v -0.071390 1.316347 -0.064872
v -0.082278 1.322633 -0.044863
v -0.091426 1.299607 -0.044707
v -0.049601 1.317198 -0.081583
v 0.079455 1.296364 -0.064649
v 0.063338 1.292045 -0.081583
v 0.065865 1.275092 -0.081583
v 0.082576 1.275092 -0.064872
v 0.095149 1.275092 -0.044863
v 0.091558 1.299607 -0.044707
v 0.102954 1.275092 -0.022557
v 0.099071 1.301620 -0.022477
v 0.105600 1.275092 0.000927
v 0.101618 1.302303 0.000927
v 0.099072 1.301620 0.024330
v 0.102954 1.275092 0.024410
v 0.079455 1.253820 -0.064649
v 0.091558 1.250576 -0.044707
v 0.063338 1.258138 -0.081583
v 0.057050 1.242192 -0.081583
v 0.071521 1.233837 -0.064872
v 0.082410 1.227551 -0.044863
v 0.049886 1.233179 -0.081583
v -0.016888 1.211820 -0.081583
v -0.079323 1.253820 -0.064649
v -0.063206 1.258138 -0.081583
v -0.082444 1.275092 -0.064872
v -0.095017 1.275092 -0.044863
v -0.091426 1.250576 -0.044707
v -0.102822 1.275092 -0.022557
v -0.098940 1.248563 -0.022477
v -0.105468 1.275092 0.000927
v -0.101487 1.247881 0.000927
v -0.098940 1.248563 0.024330
v -0.102822 1.275092 0.024410
v -0.091329 1.327859 0.000927
v -0.089038 1.326536 -0.022557
v 0.091461 1.222325 0.000927
v 0.089169 1.223648 -0.022557
v 0.000066 1.371204 0.040586
v 0.000066 1.376800 -0.014885
v 0.000066 1.378171 0.000927
v 0.000066 1.376408 0.021266
v 0.000066 1.168083 0.000927
v -0.027145 1.172064 0.000927
v 0.000066 1.170729 -0.022557
v -0.036680 1.296307 0.174412
v -0.029807 1.304964 0.174408
v -0.040741 1.286026 0.174408
v -0.021150 1.311838 0.174411
v -0.010916 1.316077 0.174412
v 0.000066 1.317523 0.174412
v 0.011048 1.316077 0.174412
v 0.021281 1.311838 0.174411
v 0.029939 1.304964 0.174408
v 0.036812 1.296307 0.174412
v 0.040873 1.286026 0.174408
v 0.042500 1.275092 0.174406
v 0.040873 1.264158 0.174408
v 0.036814 1.253875 0.174406
v 0.029939 1.245219 0.174408
v 0.021283 1.238343 0.174406
v 0.011000 1.234285 0.174408
v 0.000066 1.232658 0.174406
v -0.010868 1.234285 0.174408
v -0.021151 1.238343 0.174406
v -0.029807 1.245219 0.174408
v -0.036683 1.253875 0.174406
v -0.040741 1.264158 0.174408
v -0.042368 1.275092 0.174406
v -0.041461 1.286219 0.173501
v -0.037328 1.296681 0.173512
v -0.030334 1.305492 0.173501
v -0.021524 1.312486 0.173512
v -0.011110 1.316800 0.173512
v 0.000066 1.340809 0.086781
v 0.000066 1.318271 0.173512
v 0.011241 1.316800 0.173512
v 0.021655 1.312486 0.173512
v 0.030466 1.305492 0.173501
v 0.037460 1.296681 0.173512
v 0.041593 1.286219 0.173501
v 0.043245 1.275092 0.173501
v 0.063289 1.258151 0.086781
v 0.041593 1.263965 0.173501
v 0.037460 1.253502 0.173501
v 0.030466 1.244692 0.173501
v 0.021655 1.237698 0.173501
v 0.017007 1.211868 0.086781
v 0.011193 1.233565 0.173501
v 0.000066 1.231913 0.173501
v -0.011061 1.233565 0.173501
v -0.021524 1.237698 0.173501
v -0.046217 1.228809 0.086781
v -0.030334 1.244692 0.173501
v -0.037328 1.253502 0.173501
v -0.063157 1.258151 0.086781
v -0.041461 1.263965 0.173501
v -0.043113 1.275092 0.173501
v -0.098940 1.301620 -0.022477
v -0.089038 1.326536 0.024410
v -0.098940 1.301620 0.024330
v -0.101487 1.302303 0.000927
v -0.091426 1.299607 0.046561
v 0.099072 1.248563 -0.022477
v 0.101618 1.247881 0.000927
v 0.099072 1.248563 0.024330
v 0.089169 1.223648 0.024410
v -0.003498 1.346856 0.078645
v 0.003630 1.346856 0.078645
v 0.011769 1.347222 0.078113
v -0.011637 1.347222 0.078114
v -0.003498 1.345290 0.077566
v 0.003630 1.345290 0.077566
v 0.011769 1.345655 0.077040
v -0.011638 1.345655 0.077040
v 0.071147 1.215590 0.050103
vn -0.9858 -0.0000 -0.1677
vn 0.9864 -0.0000 0.1645
vn -0.9864 -0.0000 -0.1645
vn 0.0597 0.4389 -0.8965
vn 0.0597 0.4389 -0.8966
vn -0.0665 -0.0000 0.9978
vn -0.0000 1.0000 -0.0000
vn -0.0000 -1.0000 -0.0000
vn 0.1559 -0.8713 0.4653
vn 0.1787 -0.9577 -0.2257
vn 0.4475 -0.7956 0.4084
vn -0.2078 -0.9230 0.3237
vn -0.2784 -0.3534 0.8931
vn 0.1511 -0.4022 0.9030
vn 0.2275 0.1172 0.9667
vn 0.6451 -0.5530 0.5273
vn 0.4793 -0.8306 -0.2836
vn -0.2237 0.2784 0.9340
vn 0.1877 -0.6888 -0.7003
vn -0.2269 -0.6573 -0.7186
vn -0.3176 -0.9211 -0.2251
vn -0.7668 -0.5294 0.3629
vn -0.8388 0.2842 0.4644
vn -0.2705 0.8962 0.3517
vn 0.5310 0.7358 0.4204
vn 0.8609 0.5088 -0.0000
vn 0.8608 0.5090 -0.0000
vn 0.5760 -0.6277 -0.5236
vn 0.3028 -0.2349 -0.9237
vn -0.2131 -0.1008 -0.9718
vn -0.8364 0.2663 -0.4791
vn -0.8365 -0.4598 -0.2982
vn -0.2556 0.7508 -0.6091
vn 0.3254 0.9456 -0.0000
vn 0.3197 0.1174 -0.9402
vn 0.7378 -0.5816 -0.3427
vn 0.7025 -0.2880 0.6508
vn 0.2239 -0.8345 0.5034
vn 0.8153 0.4268 -0.3913
vn 0.2644 -0.1948 -0.9445
vn 0.1960 -0.8723 -0.4479
vn -0.2476 -0.8987 0.3620
vn -0.2648 -0.2212 0.9386
vn 0.0758 -0.2287 0.9705
vn -0.1175 -0.2200 -0.9684
vn -0.3252 -0.8383 -0.4377
vn 0.1189 0.2903 0.9495
vn 0.6476 0.4316 0.6280
vn 0.2204 0.9125 -0.3445
vn 0.2806 0.8671 0.4116
vn 0.2183 0.3532 -0.9097
vn -0.0686 0.2767 -0.9585
vn -0.6077 0.5232 -0.5974
vn -0.4664 -0.4331 -0.7713
vn -0.6454 -0.5970 0.4765
vn -0.6172 0.6457 0.4496
vn -0.2112 0.2842 0.9352
vn -0.1736 0.8822 0.4378
vn -0.1890 0.8533 -0.4860
vn -0.9002 0.4128 -0.1391
vn 0.1512 0.4018 0.9031
vn 0.2266 -0.1185 0.9668
vn 0.4483 0.7949 0.4089
vn 0.1559 0.8713 0.4653
vn 0.1787 0.9576 -0.2258
vn 0.4790 0.8312 -0.2822
vn -0.2785 0.3533 0.8931
vn -0.2078 0.9231 0.3237
vn -0.3177 0.9211 -0.2251
vn -0.2240 0.6665 -0.7111
vn -0.7669 0.5293 0.3629
vn -0.2243 -0.2784 0.9339
vn -0.8387 -0.2845 0.4644
vn -0.2727 -0.8958 0.3510
vn 0.6463 0.5512 0.5277
vn 0.5295 -0.7370 0.4201
vn 0.5761 0.6288 -0.5222
vn 0.8607 -0.5091 -0.0000
vn 0.1871 0.6958 -0.6934
vn 0.3023 0.2399 -0.9225
vn -0.2123 0.1154 -0.9704
vn -0.2573 -0.7507 -0.6085
vn 0.3191 -0.1184 -0.9403
vn 0.3224 -0.9466 -0.0000
vn -0.8388 -0.2588 -0.4789
vn -0.8348 0.4641 -0.2961
vn 0.2183 -0.3532 -0.9097
vn -0.1889 -0.8533 -0.4860
vn -0.0686 -0.2767 -0.9585
vn 0.2644 0.1948 -0.9445
vn -0.1175 0.2200 -0.9684
vn -0.6077 -0.5232 -0.5974
vn 0.8153 -0.4268 -0.3913
vn 0.7378 0.5816 -0.3427
vn 0.1960 0.8723 -0.4479
vn -0.3252 0.8383 -0.4376
vn -0.4664 0.4331 -0.7713
vn -0.2476 0.8987 0.3620
vn -0.6454 0.5969 0.4766
vn 0.2239 0.8345 0.5034
vn -0.2648 0.2212 0.9386
vn -0.6172 -0.6458 0.4495
vn -0.9002 -0.4128 -0.1391
vn -0.2112 -0.2842 0.9352
vn -0.1736 -0.8822 0.4377
vn 0.0758 0.2287 0.9705
vn 0.1189 -0.2903 0.9495
vn 0.2806 -0.8671 0.4116
vn 0.2204 -0.9125 -0.3445
vn 0.6476 -0.4315 0.6280
vn 0.7025 0.2880 0.6508
vn -0.9874 0.0001 0.1582
vn -0.9874 0.0006 0.1582
vn -0.9874 -0.0000 0.1582
vn -0.9874 0.0020 0.1579
vn -0.9874 -0.0006 0.1582
vn -0.9874 -0.0001 0.1582
vn -0.9874 -0.0020 0.1579
vn 0.9858 -0.0000 -0.1677
vn -0.0597 0.4389 -0.8965
vn -0.0597 0.4389 -0.8966
vn 0.0665 -0.0000 0.9978
vn -0.9905 -0.0000 0.1378
vn -0.9905 -0.0000 0.1379
vn 0.9905 -0.0000 -0.1378
vn 0.9904 -0.0000 -0.1379
vn -0.0752 0.4394 -0.8951
vn 0.0837 -0.0000 0.9965
vn -0.1559 -0.8713 0.4653
vn -0.1511 -0.4022 0.9030
vn -0.4475 -0.7956 0.4084
vn 0.2784 -0.3534 0.8931
vn -0.1787 -0.9577 -0.2257
vn -0.4793 -0.8306 -0.2836
vn -0.2275 0.1172 0.9667
vn 0.2078 -0.9230 0.3237
vn 0.3176 -0.9211 -0.2251
vn 0.7668 -0.5294 0.3629
vn 0.2237 0.2784 0.9340
vn 0.8388 0.2842 0.4644
vn 0.2705 0.8962 0.3517
vn -0.6451 -0.5530 0.5273
vn -0.5309 0.7358 0.4204
vn -0.5760 -0.6277 -0.5236
vn -0.1877 -0.6888 -0.7003
vn -0.3028 -0.2349 -0.9237
vn 0.2269 -0.6574 -0.7186
vn 0.2131 -0.1008 -0.9718
vn 0.8365 -0.4598 -0.2982
vn 0.8364 0.2663 -0.4791
vn -0.3254 0.9456 -0.0000
vn -0.8607 0.5091 -0.0000
vn -0.3198 0.1174 -0.9402
vn 0.2557 0.7508 -0.6091
vn -0.7378 -0.5816 -0.3427
vn -0.1960 -0.8723 -0.4479
vn -0.2239 -0.8345 0.5034
vn -0.2644 -0.1948 -0.9445
vn -0.7025 -0.2880 0.6508
vn -0.0758 -0.2287 0.9705
vn 0.2476 -0.8987 0.3620
vn -0.8153 0.4268 -0.3913
vn -0.6476 0.4316 0.6280
vn -0.2183 0.3532 -0.9097
vn -0.2806 0.8671 0.4116
vn 0.1175 -0.2200 -0.9684
vn 0.0686 0.2767 -0.9585
vn 0.3252 -0.8383 -0.4377
vn 0.4664 -0.4331 -0.7713
vn 0.6454 -0.5970 0.4765
vn 0.2648 -0.2212 0.9386
vn 0.2112 0.2842 0.9352
vn 0.6172 0.6457 0.4496
vn -0.1189 0.2903 0.9495
vn 0.1736 0.8822 0.4377
vn -0.2204 0.9125 -0.3445
vn 0.1890 0.8533 -0.4860
vn 0.6077 0.5232 -0.5974
vn 0.9002 0.4128 -0.1391
vn -0.1512 0.4018 0.9032
vn -0.1559 0.8713 0.4653
vn -0.4483 0.7949 0.4089
vn 0.2785 0.3533 0.8931
vn 0.2244 -0.2784 0.9339
vn -0.2265 -0.1185 0.9668
vn -0.6463 0.5512 0.5277
vn -0.4790 0.8312 -0.2822
vn -0.1787 0.9576 -0.2258
vn 0.2078 0.9231 0.3237
vn -0.1871 0.6958 -0.6934
vn 0.2240 0.6665 -0.7111
vn 0.3177 0.9211 -0.2251
vn 0.7669 0.5293 0.3629
vn 0.8387 -0.2845 0.4644
vn 0.2727 -0.8958 0.3510
vn -0.5294 -0.7370 0.4202
vn -0.5761 0.6288 -0.5222
vn -0.3023 0.2399 -0.9225
vn 0.2122 0.1154 -0.9704
vn -0.3191 -0.1184 -0.9403
vn -0.8606 -0.5092 -0.0000
vn -0.8609 -0.5088 -0.0000
vn -0.3224 -0.9466 -0.0000
vn 0.2573 -0.7507 -0.6085
vn 0.8388 -0.2588 -0.4790
vn 0.8348 0.4641 -0.2961
vn -0.2183 -0.3532 -0.9097
vn -0.2644 0.1948 -0.9445
vn 0.0686 -0.2767 -0.9585
vn -0.8153 -0.4268 -0.3913
vn -0.2204 -0.9125 -0.3445
vn 0.1890 -0.8533 -0.4860
vn 0.6077 -0.5232 -0.5974
vn 0.1175 0.2200 -0.9684
vn -0.1960 0.8723 -0.4479
vn -0.7378 0.5816 -0.3427
vn 0.4664 0.4331 -0.7713
vn 0.3252 0.8383 -0.4376
vn 0.2476 0.8987 0.3620
vn -0.2239 0.8345 0.5034
vn 0.6454 0.5970 0.4765
vn 0.2648 0.2212 0.9386
vn 0.6172 -0.6457 0.4496
vn 0.2112 -0.2842 0.9352
vn -0.0758 0.2287 0.9705
vn 0.9002 -0.4128 -0.1391
vn 0.1736 -0.8822 0.4378
vn -0.1189 -0.2903 0.9495
vn -0.2806 -0.8671 0.4115
vn -0.6476 -0.4317 0.6279
vn -0.7025 0.2880 0.6508
vn -0.5343 -0.6692 0.5164
vn -0.5343 -0.6693 0.5163
vn -0.5344 -0.6693 0.5162
vn -0.5343 -0.6694 0.5162
vn 0.5341 0.6695 -0.5162
vn 0.5343 0.6693 -0.5163
vn 0.5344 0.6692 -0.5164
vn -0.5342 -0.6693 0.5164
vn 0.5345 0.6693 -0.5161
vn -0.5344 -0.6693 0.5163
vn 0.5342 0.6693 -0.5163
vn 0.5343 0.6699 -0.5155
vn -0.5344 -0.6692 0.5163
vn 0.5344 0.6693 -0.5163
vn -0.5344 -0.6694 0.5160
vn 0.5343 0.6694 -0.5162
vn 0.5344 0.6692 -0.5163
vn 0.9874 -0.0000 0.1582
vn 0.9874 0.0006 0.1582
vn 0.9874 0.0004 0.1582
vn 0.9874 -0.0006 0.1582
vn 0.9874 0.0020 0.1579
vn 0.9874 -0.0001 0.1582
vn 0.9874 -0.0020 0.1579
vn -0.0000 -0.0000 1.0000
vn -0.0000 -0.0000 -1.0000
vn -0.0556 0.3856 0.9210
vn -0.0816 0.4078 0.9094
vn -0.0441 0.3896 0.9199
vn -0.0717 0.4070 0.9106
vn -0.0815 0.4078 0.9094
vn 0.0048 -0.0634 0.9980
vn 0.0026 -0.0651 0.9979
vn 0.0025 -0.0652 0.9979
vn -0.0254 0.1354 -0.9905
vn -0.0284 0.1359 -0.9903
vn -0.0424 0.1481 -0.9881
vn -0.1154 0.4211 0.8996
vn -0.1507 0.4104 0.8994
vn -0.0546 0.1443 -0.9880
vn -0.0736 0.1577 -0.9847
vn -0.1667 0.4054 0.8988
vn -0.1988 0.4021 0.8937
vn -0.1085 0.1976 -0.9743
vn -0.1367 0.2117 -0.9677
vn -0.0745 0.1601 -0.9843
vn -0.2160 0.4035 0.8891
vn -0.2485 0.3941 0.8849
vn -0.1587 0.2128 -0.9641
vn -0.1592 0.2097 -0.9647
vn -0.2573 0.3766 0.8899
vn -0.2782 0.3480 0.8953
vn -0.1620 0.1927 -0.9678
vn -0.2752 0.3308 0.9027
vn -0.2964 0.3195 0.9000
vn -0.6800 0.7332 -0.0000
vn -0.1589 0.2130 -0.9640
vn -0.1735 0.1871 -0.9669
vn -0.0176 0.1202 -0.9926
vn -0.0130 0.1218 -0.9925
vn 0.0093 -0.2620 -0.9650
vn 0.0094 -0.2619 -0.9650
vn 0.0188 -0.2539 -0.9670
vn -0.0000 -0.2699 -0.9629
vn -0.0000 -0.0670 0.9978
vn 0.0188 0.2539 -0.9670
vn 0.0094 0.2619 -0.9650
vn 0.0093 0.2620 -0.9650
vn -0.0254 -0.1354 -0.9905
vn -0.0284 -0.1360 -0.9903
vn -0.0176 -0.1202 -0.9926
vn -0.0000 0.2699 -0.9629
vn 0.0943 0.9955 -0.0036
vn 0.0761 0.9971 -0.0000
vn 0.1124 0.9936 -0.0071
vn -0.0556 -0.3856 0.9210
vn -0.0816 -0.4078 0.9094
vn -0.0717 -0.4070 0.9106
vn -0.0441 -0.3896 0.9199
vn -0.1155 -0.4211 0.8996
vn -0.1507 -0.4104 0.8994
vn -0.1667 -0.4054 0.8988
vn -0.1085 -0.1976 -0.9743
vn -0.0737 -0.1574 -0.9848
vn -0.1367 -0.2116 -0.9677
vn -0.0745 -0.1601 -0.9843
vn -0.1589 -0.2130 -0.9640
vn -0.1592 -0.2097 -0.9647
vn -0.0546 -0.1443 -0.9880
vn -0.0424 -0.1481 -0.9881
vn -0.1620 -0.1927 -0.9678
vn -0.6800 -0.7332 -0.0000
vn -0.1735 -0.1871 -0.9669
vn -0.2573 -0.3766 0.8899
vn -0.2782 -0.3480 0.8953
vn -0.2752 -0.3308 0.9027
vn -0.2160 -0.4035 0.8891
vn -0.2485 -0.3941 0.8848
vn -0.1988 -0.4021 0.8937
vn -0.0286 -0.1359 -0.9903
vn -0.0130 -0.1218 -0.9925
vn -0.2964 -0.3195 0.9000
vn -1.0000 -0.0000 -0.0000
vn 1.0000 -0.0026 -0.0009
vn 1.0000 -0.0017 -0.0020
vn 1.0000 0.0023 -0.0011
vn 1.0000 -0.0040 0.0009
vn 1.0000 0.0026 0.0009
vn 1.0000 0.0036 -0.0011
vn 1.0000 -0.0023 0.0011
vn 1.0000 0.0017 0.0020
vn -0.9840 0.1779 -0.0000
vn -0.9982 0.0606 -0.0002
vn -0.9913 0.1316 -0.0000
vn -0.9829 0.1841 -0.0003
vn -0.9519 0.3064 -0.0000
vn -0.9977 0.0676 -0.0003
vn -0.9393 0.3432 -0.0000
vn -0.9112 0.4119 -0.0000
vn -0.8966 0.4429 -0.0000
vn -0.8639 0.5037 -0.0000
vn -0.8461 0.5330 -0.0000
vn -0.8025 0.5967 -0.0000
vn -0.7761 0.6306 -0.0000
vn -0.7483 0.6633 -0.0000
vn -0.9922 0.1244 -0.0000
vn -0.9991 -0.0426 0.0002
vn -0.9993 -0.0387 -0.0000
vn -0.9922 -0.1244 -0.0000
vn -0.9829 -0.1841 -0.0003
vn -0.9977 -0.0675 -0.0003
vn -0.9982 -0.0606 -0.0002
vn -0.9840 -0.1779 -0.0000
vn -0.9519 -0.3065 -0.0000
vn -0.9393 -0.3432 -0.0000
vn -0.9991 0.0426 0.0002
vn -0.9993 0.0387 -0.0000
vn -0.9913 -0.1316 -0.0000
vn -0.9114 -0.4115 -0.0000
vn -0.8461 -0.5330 -0.0000
vn -0.8638 -0.5039 -0.0000
vn -0.8966 -0.4429 -0.0000
vn -0.7761 -0.6306 -0.0000
vn -0.8024 -0.5968 -0.0000
vn -0.7483 -0.6633 -0.0000
vn -0.6917 -0.6335 0.3467
vn -0.7910 -0.5041 0.3467
vn -0.8321 -0.4329 0.3467
vn -0.6335 -0.6917 0.3468
vn 0.6960 -0.7166 0.0457
vn 0.6960 -0.7166 0.0456
vn 0.7009 -0.7125 0.0320
vn 0.6909 -0.7205 0.0594
vn -0.9371 0.0411 0.3467
vn -0.9158 0.2028 0.3467
vn -0.8945 0.2822 0.3467
vn -0.9371 -0.0411 0.3467
vn 0.6335 -0.6917 0.3467
vn 0.5041 -0.7910 0.3467
vn 0.4329 -0.8321 0.3467
vn 0.6917 -0.6335 0.3467
vn -0.0411 -0.9371 0.3467
vn -0.2028 -0.9158 0.3468
vn -0.2822 -0.8945 0.3468
vn 0.0411 -0.9371 0.3467
vn 0.6917 0.6335 0.3468
vn 0.7910 0.5041 0.3467
vn 0.8321 0.4329 0.3467
vn 0.6335 0.6916 0.3468
vn 0.9371 -0.0411 0.3467
vn 0.9158 -0.2028 0.3467
vn 0.8945 -0.2822 0.3467
vn 0.9371 0.0411 0.3467
vn -0.6335 0.6917 0.3467
vn -0.5041 0.7910 0.3467
vn -0.4329 0.8321 0.3467
vn -0.6917 0.6335 0.3467
vn 0.0411 0.9371 0.3467
vn 0.2028 0.9158 0.3467
vn 0.2822 0.8945 0.3467
vn -0.0411 0.9371 0.3467
vn -0.6972 0.7165 -0.0254
vn -0.7019 0.7122 -0.0124
vn -0.7030 0.7111 -0.0074
vn -0.0079 0.9998 0.0189
vn -0.0034 0.9999 0.0097
vn -0.0085 0.9999 0.0073
vn -0.7074 -0.7068 0.0019
vn -0.7075 -0.7067 0.0014
vn -0.7050 -0.7092 0.0014
vn -0.9999 0.0054 -0.0085
vn -1.0000 0.0032 -0.0039
vn -1.0000 0.0003 -0.0018
vn 0.7003 -0.7137 -0.0168
vn 0.7034 -0.7108 -0.0081
vn 0.7050 -0.7092 -0.0046
vn 0.0037 -0.9999 0.0103
vn 0.0013 -1.0000 0.0056
vn 0.0058 -1.0000 0.0043
vn 0.7128 0.7012 -0.0141
vn 0.7103 0.7038 -0.0068
vn 0.7086 0.7056 -0.0037
vn 1.0000 0.0025 0.0078
vn 1.0000 0.0007 0.0042
vn 1.0000 0.0049 0.0036
vn 0.4022 0.9154 0.0173
vn -0.3750 -0.9270 0.0074
vn -0.3898 0.9209 -0.0063
vn 0.3759 -0.9266 -0.0062
vn -0.9260 0.3776 -0.0041
vn 0.9333 -0.3585 0.0214
vn -0.9271 -0.3749 0.0073
vn 0.9206 0.3904 0.0073
vn -0.4000 -0.9164 0.0153
vn 0.3854 0.9228 -0.0019
vn 0.3857 0.9226 -0.0022
vn 0.3849 -0.9229 -0.0021
vn -0.3804 0.9248 -0.0021
vn 0.9196 -0.3929 0.0093
vn -0.9290 0.3699 0.0118
vn -0.9292 0.3695 0.0115
vn 0.9235 0.3836 -0.0007
vn -0.9241 -0.3821 -0.0007
vn -1.0000 -0.0031 0.0003
vn -1.0000 -0.0046 0.0010
vn -1.0000 0.0001 0.0001
vn 1.0000 0.0006 0.0066
vn 1.0000 0.0034 0.0055
vn 1.0000 0.0034 0.0009
vn 1.0000 0.0039 0.0021
vn 1.0000 0.0030 -0.0037
vn 1.0000 0.0051 -0.0081
vn -0.7021 -0.7120 0.0021
vn -0.6980 -0.7161 0.0047
vn -0.7073 -0.7069 0.0001
vn 0.7006 0.7136 0.0030
vn 0.7012 0.7130 0.0033
vn 0.7023 0.7119 -0.0028
vn 0.7044 0.7098 0.0021
vn 0.7032 0.7110 -0.0088
vn 0.6998 0.7141 -0.0183
vn 0.0105 -0.9999 0.0035
vn 0.0195 -0.9998 0.0075
vn -0.0002 -1.0000 0.0001
vn -0.0159 0.9999 -0.0001
vn -0.0114 0.9999 0.0019
vn -0.0095 0.9999 -0.0056
vn -0.0041 1.0000 0.0022
vn -0.0076 0.9999 -0.0134
vn -0.0141 0.9995 -0.0265
vn 0.9999 0.0098 0.0034
vn 0.9998 0.0172 0.0065
vn 1.0000 -0.0002 0.0001
vn -0.9999 -0.0136 0.0009
vn -0.9999 -0.0108 0.0021
vn -1.0000 -0.0087 -0.0047
vn -1.0000 -0.0037 0.0020
vn -0.9999 -0.0069 -0.0118
vn -0.9996 -0.0129 -0.0240
vn 0.7068 -0.7074 -0.0008
vn 0.7056 -0.7086 -0.0015
vn 0.7069 -0.7073 0.0001
vn -0.7028 0.7114 0.0091
vn -0.7075 0.7066 0.0065
vn -0.7076 0.7066 0.0036
vn -0.7098 0.7044 0.0020
vn -0.7078 0.7064 0.0004
vn 0.7069 0.7073 -0.0007
vn 0.7072 0.7070 -0.0009
vn 0.7072 0.7070 0.0001
vn -0.7097 -0.7045 0.0082
vn -0.7065 -0.7077 0.0064
vn -0.7060 -0.7082 0.0027
vn -0.7044 -0.7098 0.0021
vn -0.7059 -0.7083 -0.0012
vn -0.7055 -0.7087 -0.0021
vn -0.0137 0.9999 0.0050
vn -0.0263 0.9996 0.0100
vn 0.0001 1.0000 -0.0000
vn -0.0082 0.9995 0.0319
vn -0.0145 0.9989 0.0457
vn -0.0145 0.9989 0.0456
vn 0.0227 -0.9997 -0.0026
vn 0.0150 -0.9999 0.0004
vn 0.0122 -0.9999 -0.0085
vn 0.0039 -1.0000 0.0021
vn 0.0096 -0.9998 -0.0172
vn 0.0183 -0.9992 -0.0351
vn -0.7042 0.7100 -0.0024
vn -0.7007 0.7135 -0.0049
vn -0.7070 0.7073 -0.0002
vn 0.6979 -0.7161 0.0122
vn 0.7051 -0.7091 0.0079
vn 0.7058 -0.7084 0.0059
vn 0.7098 -0.7044 0.0021
vn 0.7063 -0.7079 0.0047
vn 0.7048 -0.7093 0.0089
vn 0.5041 0.7910 0.3467
vn 0.4329 0.8321 0.3467
vn 0.8945 0.2822 0.3467
vn 0.9158 0.2028 0.3467
vn -0.2028 0.9158 0.3467
vn -0.2823 0.8945 0.3467
vn -0.7910 0.5041 0.3467
vn -0.8321 0.4329 0.3467
vn -0.9158 -0.2028 0.3467
vn -0.8945 -0.2822 0.3467
vn -0.5041 -0.7910 0.3467
vn -0.4329 -0.8321 0.3467
vn 0.2028 -0.9158 0.3467
vn 0.2822 -0.8945 0.3467
vn 0.7910 -0.5041 0.3467
vn 0.8321 -0.4329 0.3467
vn -0.0209 0.9980 0.0593
vn 1.0000 -0.0017 -0.0033
vn 1.0000 0.0005 0.0010
vn 1.0000 0.0027 0.0052
vn -1.0000 0.0003 0.0006
vn -1.0000 0.0006 0.0011
vn -1.0000 -0.0017 -0.0034
vn -1.0000 0.0028 0.0055
vn 0.3246 -0.0000 -0.9458
vn 0.3110 -0.0000 -0.9504
vn 0.3121 -0.0000 -0.9500
vn -0.3104 -0.0000 -0.9506
vn -0.3086 -0.0000 -0.9512
vn -0.3084 -0.0000 -0.9513
vn 0.2985 -0.0000 -0.9544
vn -0.3065 -0.0000 -0.9519
vn -0.0000 0.1162 -0.9932
vn -0.0076 0.0837 -0.9965
vn -0.0144 0.0836 -0.9964
vn -0.0082 0.0542 -0.9985
vn -0.0000 0.0542 -0.9985
vn 0.0108 0.0541 -0.9985
vn 0.0116 0.0541 -0.9985
vn 0.0273 0.0541 -0.9982
vn 0.0001 0.1162 -0.9932
vn -0.0000 -0.3016 0.9534
vn -0.0000 0.8054 0.5927
vn -0.0000 0.8054 0.5928
vn 0.0054 0.7873 0.6165
vn 0.0053 0.7874 0.6164
vn -0.0048 0.7895 0.6138
vn -0.0048 0.7895 0.6137
vn 0.9935 0.0660 -0.0926
vn 0.9936 0.0643 -0.0925
vn 0.9934 0.0680 -0.0929
vn 0.9937 0.0631 -0.0922
vn 0.9937 0.0640 -0.0925
vn 0.9935 0.0658 -0.0925
vn 0.9937 0.0628 -0.0925
vn 0.9937 0.0627 -0.0925
vn -0.9936 0.0644 -0.0923
vn -0.9935 0.0660 -0.0926
vn -0.9933 0.0679 -0.0930
vn -0.9937 0.0631 -0.0921
vn -0.9938 0.0624 -0.0919
vn -0.9938 0.0629 -0.0921
vn -0.9938 0.0631 -0.0920
vn 0.9530 -0.1665 0.2533
vn 0.9785 -0.1163 0.1703
vn 0.9779 -0.1229 0.1693
vn 0.9529 -0.1665 0.2533
vn 0.9179 -0.2130 0.3347
vn 0.7767 -0.3376 0.5317
vn 0.6531 -0.4058 0.6393
vn 0.4422 -0.4808 0.7572
vn 0.3675 -0.4987 0.7850
vn -0.2911 -0.5133 0.8074
vn -0.3675 -0.4987 0.7850
vn -0.2911 -0.5133 0.8073
vn -0.4421 -0.4808 0.7572
vn -0.9785 -0.1167 0.1703
vn -0.9529 -0.1665 0.2533
vn -0.9779 -0.1228 0.1693
vn -0.9179 -0.2130 0.3348
vn -0.7767 -0.3376 0.5318
vn -0.6531 -0.4058 0.6393
vn 0.2911 -0.5133 0.8073
vn 0.2911 -0.5133 0.8074
vn -0.0890 0.9960 -0.0001
vn -0.4210 0.9071 -0.0000
vn -0.5751 0.8181 -0.0000
vn 0.0890 0.9960 -0.0000
vn 0.4210 0.9071 -0.0000
vn 0.5751 0.8181 -0.0000
vn 0.8181 0.5751 -0.0000
vn 0.9071 0.4210 -0.0000
vn 0.9960 0.0890 -0.0000
vn 0.9960 -0.0890 -0.0000
vn 0.9071 -0.4210 -0.0000
vn 0.8181 -0.5751 0.0001
vn -0.8181 0.5751 -0.0001
vn -0.9071 0.4210 -0.0000
vn -0.9960 0.0890 -0.0000
vn -0.9960 -0.0890 -0.0000
vn -0.9071 -0.4210 -0.0000
vn -0.8181 -0.5751 -0.0000
vn -0.5751 -0.8181 -0.0000
vn -0.4210 -0.9071 -0.0000
vn -0.0890 -0.9960 -0.0000
vn 0.0890 -0.9960 -0.0000
vn 0.4210 -0.9071 0.0001
vn 0.5751 -0.8181 -0.0000
vn -0.1523 0.0707 0.9858
vn -0.1673 0.0149 0.9858
vn -0.1673 -0.0149 0.9858
vn -0.0966 0.1374 0.9858
vn -0.1374 0.0966 0.9858
vn -0.0149 0.1673 0.9858
vn -0.0707 0.1523 0.9858
vn 0.0707 0.1523 0.9858
vn 0.0149 0.1673 0.9858
vn 0.0966 0.1374 0.9858
vn 0.1374 0.0966 0.9858
vn 0.1523 0.0707 0.9858
vn 0.1673 0.0149 0.9858
vn 0.1673 -0.0149 0.9858
vn 0.1523 -0.0707 0.9858
vn 0.1374 -0.0966 0.9858
vn 0.0966 -0.1374 0.9858
vn 0.0707 -0.1523 0.9858
vn 0.0149 -0.1673 0.9858
vn -0.0707 -0.1523 0.9858
vn -0.0149 -0.1673 0.9858
vn -0.1374 -0.0965 0.9858
vn -0.0966 -0.1374 0.9858
vn -0.1523 -0.0707 0.9858
vn -0.2768 0.1284 -0.9523
vn -0.3039 0.0271 -0.9523
vn -0.3039 -0.0272 -0.9523
vn -0.1755 0.2496 -0.9523
vn -0.2496 0.1755 -0.9523
vn -0.1285 0.2768 -0.9523
vn -0.0272 0.3039 -0.9523
vn 0.0272 0.3039 -0.9523
vn 0.1284 0.2768 -0.9523
vn 0.1755 0.2497 -0.9523
vn 0.2496 0.1755 -0.9523
vn 0.2768 0.1285 -0.9523
vn 0.3039 0.0272 -0.9523
vn 0.3039 -0.0271 -0.9523
vn 0.2768 -0.1285 -0.9523
vn 0.2496 -0.1755 -0.9523
vn 0.1755 -0.2496 -0.9523
vn 0.1285 -0.2768 -0.9523
vn 0.0272 -0.3039 -0.9523
vn -0.0271 -0.3039 -0.9523
vn -0.1284 -0.2768 -0.9523
vn -0.1755 -0.2496 -0.9523
vn -0.2496 -0.1755 -0.9523
vn -0.2768 -0.1284 -0.9523
vn 0.0121 0.0101 0.9999
vn -0.0121 -0.0101 0.9999
vn -0.1576 0.9742 0.1613
vn 0.6781 0.5658 0.4690
vn 0.7651 0.6384 0.0837
vn -0.5702 0.8177 -0.0793
vn -0.7960 0.5818 0.1671
vn -0.1916 0.8835 0.4274
vn -0.8845 0.3005 0.3569
vn -0.7498 -0.6256 0.2153
vn 0.6546 0.5462 0.5227
vn -0.7039 -0.5873 0.3995
vn -0.3441 0.8009 0.4900
vn -0.8840 0.1153 0.4531
vn -0.6875 -0.5736 0.4453
vn -0.0450 -0.8903 0.4532
vn 0.1372 -0.9240 0.3569
vn 0.4298 -0.8873 0.1671
vn 0.7264 -0.4820 0.4899
vn 0.8349 -0.3468 0.4274
vn 0.7023 -0.7075 -0.0793
vn 0.9302 -0.3296 0.1613
vn 0.9912 -0.0545 -0.1208
vn 0.1239 0.9849 -0.1208
vn 0.7596 0.6338 -0.1457
vn 0.4679 -0.8830 -0.0376
vn 0.4829 -0.8745 -0.0449
vn 0.4953 -0.8670 -0.0548
vn 0.4732 -0.8809 -0.0110
vn 0.5328 -0.8460 -0.0187
vn -0.8417 0.5375 -0.0512
vn -0.8376 0.5460 -0.0191
vn -0.8435 0.5369 -0.0127
vn -0.7071 0.7071 0.0054
vn -0.7039 0.7039 0.0945
vn -0.7046 0.7046 -0.0846
vn -0.7040 0.7039 0.0946
vn -0.6964 0.6964 -0.1731
vn -0.7071 -0.7071 0.0053
vn -0.7040 -0.7039 0.0945
vn -0.7046 -0.7046 -0.0846
vn -0.6964 -0.6964 -0.1732
vn -0.6964 -0.6964 -0.1731
vn 0.6958 -0.6965 -0.1754
vn 0.7023 -0.7069 -0.0839
vn 0.6963 -0.6963 -0.1745
vn 0.6862 -0.7271 -0.0228
vn 0.6753 -0.7356 0.0539
vn -0.8410 0.5387 -0.0501
vn -0.8325 0.5539 0.0132
vn -0.8213 0.5704 -0.0000
vn 0.4885 -0.8726 0.0032
vn 0.6509 -0.7591 0.0071
vn -0.7039 -0.7039 0.0945
vn -0.8376 0.5459 -0.0191
vn -0.8436 0.5369 -0.0122
vn -0.7039 0.7039 0.0946
vn -0.8417 -0.5375 -0.0513
vn -0.8376 -0.5459 -0.0191
vn -0.8410 -0.5388 -0.0501
vn 0.5327 0.8461 -0.0187
vn 0.4815 0.8753 -0.0455
vn 0.4942 0.8675 -0.0558
vn 0.4657 0.8841 -0.0382
vn 0.4709 0.8821 -0.0110
vn -0.8436 -0.5369 -0.0122
vn -0.8325 -0.5539 0.0132
vn 0.4859 0.8740 0.0031
vn -0.8213 -0.5705 -0.0000
vn -0.7039 -0.7040 0.0946
vn 0.8122 -0.0000 -0.5834
vn 0.8054 -0.0000 -0.5927
vn 0.8243 -0.0000 -0.5662
vn 0.7866 -0.0000 -0.6174
vn 0.8485 -0.0000 -0.5293
vn 0.9007 -0.0238 -0.4337
vn 0.9289 -0.0033 -0.3702
vn 0.9185 -0.1037 -0.3815
vn 0.9011 -0.1122 -0.4188
vn 0.9098 0.0322 -0.4137
vn 0.9362 0.0955 -0.3384
vn 0.9376 0.0945 -0.3345
vn 0.7153 -0.0000 -0.6988
vn 0.7520 -0.0000 -0.6591
vn -0.4580 0.4067 0.7905
vn -0.3343 -0.0002 0.9425
vn -0.3591 0.4041 0.8413
vn -0.2787 -0.0027 0.9604
vn 0.6611 -0.0000 -0.7503
vn -0.2520 -0.4019 0.8803
vn -0.2489 -0.4017 0.8813
vn 0.5973 -0.7603 -0.2553
vn 0.5976 -0.7583 -0.2605
vn 0.5978 -0.7563 -0.2659
vn -0.6947 0.6787 -0.2383
vn -0.6806 0.6940 -0.2349
vn -0.7085 0.6630 -0.2417
vn 0.7655 -0.4799 -0.4285
vn 0.7535 -0.5719 -0.3243
vn 0.7838 -0.5397 -0.3073
vn 0.7055 -0.6721 -0.2249
vn 0.3917 -0.8384 0.3790
vn 0.6406 -0.7678 -0.0000
vn 0.3883 -0.8415 0.3758
vn 0.0603 -0.7324 0.6782
vn 0.0664 -0.7265 0.6840
vn -0.5433 0.8050 -0.2384
vn -0.5434 0.8049 -0.2384
vn -0.5253 0.8159 -0.2417
vn -0.5609 0.7938 -0.2349
vn 0.0018 -1.0000 0.0002
vn 0.0005 0.0005 -1.0000
vn 0.0005 0.0005 1.0000
vn 0.0010 0.0011 1.0000
vn 0.0010 0.0011 -1.0000
vn -0.0005 0.0005 1.0000
vn -0.0005 0.0006 1.0000
vn -0.0005 0.0005 -1.0000
vn -0.0010 0.0011 -1.0000
vn -0.0005 0.0006 -1.0000
vn -0.0010 0.0011 1.0000
vn 0.1778 0.8930 0.4134
vn -0.6004 0.6846 -0.4134
vn -0.7944 0.4450 0.4134
vn 0.4655 0.7826 -0.4134
vn -0.7181 -0.4663 0.5166
vn -0.7859 -0.5103 -0.3491
vn 0.8168 0.3170 0.4820
vn -0.1404 -0.8649 0.4820
vn 0.7429 0.1996 -0.6390
vn -0.0409 -0.7681 -0.6390
vn 0.9944 -0.0655 -0.0831
vn 0.9978 -0.0669 -0.0000
vn 0.9939 -0.0681 -0.0869
vn 0.9943 -0.0659 0.0835
vn 0.9979 -0.0643 -0.0000
vn 0.9939 -0.0681 0.0869
vn -0.3887 -0.2260 -0.8932
vn -0.4265 -0.1333 -0.8946
vn -0.3958 -0.2073 -0.8946
vn -0.3664 -0.2816 -0.8868
vn -0.4347 -0.1150 -0.8932
vn -0.4582 -0.0599 -0.8868
vn -0.7071 -0.7071 -0.0000
vn -0.7071 -0.7071 0.0002
vn -0.7071 -0.7072 0.0001
vn -0.7070 -0.7072 -0.0000
vn -0.7071 0.7071 0.0002
vn -0.7070 0.7072 0.0001
vn -0.7070 0.7072 -0.0000
vn -0.7071 0.7071 -0.0004
vn -0.7433 0.6215 0.2475
vn -0.6417 -0.7232 -0.2553
vn -0.6398 -0.7231 -0.2605
vn -0.6397 -0.7231 -0.2606
vn -0.6376 -0.7230 -0.2659
vn -0.6397 -0.7231 -0.2607
vn 0.5441 0.8044 -0.2384
vn 0.5442 0.8044 -0.2383
vn 0.5619 0.7932 -0.2348
vn 0.5262 0.8153 -0.2417
vn 0.5441 0.8045 -0.2384
vn -0.0121 0.0101 0.9999
vn 0.9306 0.3287 0.1613
vn 0.6776 -0.5665 0.4689
vn 0.7645 -0.6392 0.0837
vn 0.7031 0.7067 -0.0794
vn 0.4308 0.8869 0.1671
vn 0.8353 0.3459 0.4274
vn 0.1381 0.9239 0.3569
vn -0.7491 0.6264 0.2154
vn 0.6541 -0.5470 0.5225
vn -0.7033 0.5881 0.3994
vn 0.7269 0.4811 0.4900
vn -0.0440 0.8904 0.4531
vn -0.6869 0.5743 0.4454
vn -0.8841 -0.1144 0.4531
vn -0.8848 -0.2996 0.3570
vn -0.7966 -0.5810 0.1671
vn -0.3449 -0.8006 0.4900
vn -0.1925 -0.8833 0.4274
vn -0.5711 -0.8170 -0.0794
vn -0.1587 -0.9741 0.1613
vn 0.1229 -0.9850 -0.1208
vn 0.9912 0.0535 -0.1208
vn 0.7590 -0.6346 -0.1457
vn 0.7223 -0.6040 0.3368
vn 0.6684 0.1108 0.7355
vn 0.8068 0.4613 0.3691
vn 0.4150 -0.3470 0.8411
vn 0.2239 0.6195 0.7524
vn -0.0041 0.9086 0.4176
vn -0.6881 0.5754 0.4421
vn -0.5707 0.4771 0.6684
vn -0.8950 -0.1569 0.4176
vn -0.5701 -0.3301 0.7523
vn -0.3112 -0.8758 0.3691
vn 0.0093 -0.6775 0.7355
vn 0.0815 -0.2581 0.9627
vn -0.1800 -0.2112 0.9607
vn -0.2075 0.1734 0.9627
vn 0.1760 0.2145 0.9607
vn 0.2684 -0.0345 0.9627
vn 0.1956 -0.1635 0.9670
vn -0.0785 -0.0000 0.9969
vn -0.0785 -0.0001 0.9969
vn -0.0785 0.0001 0.9969
vn 0.0771 -0.0000 -0.9970
vn -0.0770 -0.0000 0.9970
vn 0.0578 0.4389 -0.8967
vn -0.0643 -0.0000 0.9979
vn 0.9839 -0.0000 0.1785
vn -0.9839 -0.0000 -0.1785
vn -0.5332 0.6647 -0.5233
vn -0.5332 0.6649 -0.5230
vn -0.5333 0.6648 -0.5231
vn 0.5332 -0.6649 0.5230
vn 0.5332 -0.6650 0.5229
vn -0.5333 0.6649 -0.5229
vn 0.5334 -0.6649 0.5228
vn -0.5333 0.6649 -0.5230
vn 0.5334 -0.6650 0.5227
vn 0.5332 -0.6651 0.5228
vn -0.5332 0.6650 -0.5230
vn 0.5331 -0.6652 0.5228
vn -0.5332 0.6650 -0.5229
vn 0.5331 -0.6651 0.5229
vn -0.5332 0.6651 -0.5229
vn 0.5332 -0.6648 0.5231
vn -0.5344 0.6691 -0.5164
vn -0.5343 0.6693 -0.5163
vn -0.5345 0.6692 -0.5162
vn 0.5343 -0.6694 0.5161
vn 0.5343 -0.6694 0.5162
vn 0.5344 -0.6691 0.5164
vn -0.5345 0.6693 -0.5161
vn 0.5342 -0.6694 0.5163
vn -0.5343 0.6696 -0.5159
vn -0.5343 0.6693 -0.5162
vn 0.5343 -0.6693 0.5163
vn 0.5344 -0.6692 0.5163
vn -0.5343 0.6694 -0.5162
vn 0.5344 -0.6694 0.5162
vn -0.5343 0.6696 -0.5160
vn 0.5343 -0.6695 0.5160
vn -0.0416 -0.9991 -0.0000
vn -0.3590 -0.9333 -0.0000
vn -0.3591 -0.9333 -0.0000
vn -0.8286 -0.5599 -0.0000
vn -0.9600 -0.2799 -0.0000
vn -0.0416 0.9991 -0.0000
vn -0.3591 0.9333 -0.0000
vn -0.8286 0.5599 -0.0000
vn -0.9600 0.2799 -0.0000
vn -0.9833 -0.0003 -0.1822
vn -0.9832 0.0001 -0.1825
vn -0.9832 -0.0001 -0.1824
vn 0.9832 -0.0000 0.1824
vn 0.9832 0.0001 0.1823
vn 0.9832 -0.0001 0.1825
vn -0.9832 0.0002 -0.1826
vn 0.9833 0.0001 0.1822
vn -0.9832 -0.0000 -0.1826
vn -0.9832 -0.0000 -0.1825
vn -0.9832 0.0002 -0.1823
vn -0.9832 0.0002 -0.1824
vn 0.9833 -0.0000 0.1822
vn -0.9832 0.0002 -0.1825
vn 0.9832 0.0001 0.1824
vn 0.9833 0.0002 0.1822
vn 0.9833 0.0002 0.1819
vn 0.4007 -0.0000 0.9162
vn 0.0001 -0.0000 1.0000
vn 0.0785 -0.0001 0.9969
vn 0.0785 -0.0000 0.9969
vn 0.0785 0.0001 0.9969
vn -0.9864 -0.0000 0.1645
vn 0.9864 -0.0000 -0.1645
vn -0.9898 -0.0000 0.1424
vn 0.9898 -0.0000 -0.1424
vn -0.0578 0.4389 -0.8967
vn 0.0643 -0.0000 0.9979
vn -0.9839 -0.0000 0.1785
vn 0.9839 -0.0000 -0.1785
vn -0.5334 -0.6651 0.5226
vn -0.5333 -0.6650 0.5228
vn -0.5334 -0.6649 0.5229
vn 0.5334 0.6649 -0.5229
vn 0.5333 0.6649 -0.5230
vn -0.5334 -0.6650 0.5227
vn 0.5333 0.6649 -0.5229
vn -0.5332 -0.6651 0.5228
vn 0.5332 0.6649 -0.5231
vn -0.5331 -0.6652 0.5228
vn -0.5331 -0.6651 0.5229
vn -0.5332 -0.6649 0.5230
vn 0.5332 0.6650 -0.5229
vn -0.5332 -0.6649 0.5231
vn 0.5332 0.6651 -0.5229
vn 0.0416 -0.9991 -0.0000
vn 0.3590 -0.9333 -0.0000
vn 0.3591 -0.9333 -0.0000
vn 0.8286 -0.5599 -0.0000
vn 0.9600 -0.2799 -0.0000
vn 1.0000 -0.0000 -0.0000
vn 0.0416 0.9991 -0.0000
vn 0.3591 0.9333 -0.0000
vn 0.8286 0.5598 -0.0000
vn 0.9600 0.2799 -0.0000
vn -0.9832 -0.0001 0.1825
vn -0.9832 -0.0000 0.1823
vn -0.9832 -0.0000 0.1824
vn -0.9833 0.0001 0.1822
vn 0.9832 -0.0000 -0.1824
vn 0.9832 0.0002 -0.1826
vn -0.9832 -0.0002 0.1823
vn 0.9833 -0.0001 -0.1822
vn -0.9832 -0.0000 0.1825
vn 0.9832 -0.0001 -0.1823
vn -0.9832 0.0001 0.1824
vn 0.9833 -0.0000 -0.1822
vn -0.9833 -0.0001 0.1820
vn 0.9832 -0.0001 -0.1824
vn -0.9833 -0.0001 0.1822
vn 0.9832 -0.0001 -0.1826
vn -0.9832 -0.0002 0.1825
vn -0.4007 -0.0000 0.9162
vn -0.0001 -0.0000 1.0000
vn -1.0000 -0.0026 -0.0009
vn -1.0000 0.0026 0.0009
vn -1.0000 0.0023 -0.0011
vn -1.0000 -0.0023 0.0011
vn -1.0000 -0.0040 0.0009
vn -1.0000 -0.0017 -0.0020
vn -1.0000 0.0036 -0.0011
vn -1.0000 0.0017 0.0020
vn -0.7477 0.6641 -0.0000
vn -0.7757 0.6311 -0.0000
vn -0.7478 0.6639 -0.0000
vn -0.8021 0.5972 -0.0000
vn -0.8460 0.5332 -0.0000
vn -0.8636 0.5042 -0.0000
vn -0.8964 0.4432 -0.0000
vn -0.9110 0.4123 -0.0000
vn -0.9390 0.3438 -0.0000
vn -0.9517 0.3072 -0.0000
vn -0.9843 0.1766 0.0003
vn -0.9856 0.1693 -0.0000
vn -0.9976 0.0686 0.0002
vn -0.9930 0.1182 -0.0001
vn -1.0000 -0.0024 -0.0000
vn -1.0000 -0.0030 -0.0000
vn -0.9973 0.0733 0.0005
vn -0.9938 0.1114 0.0003
vn 0.9913 0.1316 -0.0000
vn 0.9982 0.0606 -0.0002
vn 0.9840 0.1779 -0.0000
vn 0.9829 0.1841 -0.0002
vn 0.9977 0.0676 -0.0003
vn 0.9991 -0.0428 0.0002
vn 0.9993 -0.0387 -0.0000
vn 0.9519 0.3064 -0.0000
vn 0.9393 0.3432 -0.0000
vn 0.9922 0.1244 -0.0000
vn 0.9114 0.4116 -0.0000
vn 0.8966 0.4429 -0.0000
vn 0.8638 0.5039 -0.0000
vn 0.8461 0.5330 -0.0000
vn 0.8025 0.5967 -0.0000
vn 0.7761 0.6306 -0.0000
vn 0.7483 0.6633 -0.0000
vn -0.9930 -0.1182 -0.0001
vn -0.9856 -0.1693 -0.0000
vn -0.9976 -0.0686 0.0002
vn -1.0000 0.0030 -0.0000
vn -1.0000 0.0024 -0.0000
vn -0.9973 -0.0733 0.0005
vn -0.9843 -0.1766 0.0003
vn -0.9517 -0.3071 -0.0000
vn -0.9938 -0.1114 0.0003
vn -0.9390 -0.3438 -0.0000
vn -0.9112 -0.4120 -0.0000
vn -0.8964 -0.4432 -0.0000
vn -0.8636 -0.5041 -0.0000
vn -0.8460 -0.5332 -0.0000
vn -0.8021 -0.5972 -0.0000
vn -0.7757 -0.6311 -0.0000
vn -0.7477 -0.6641 -0.0000
vn -0.7478 -0.6639 -0.0000
vn 0.0905 0.9959 0.0086
vn 0.0748 0.9970 0.0172
vn 0.1063 0.9943 -0.0000
vn 0.0024 0.0652 0.9979
vn 0.0025 0.0652 0.9979
vn 0.0048 0.0634 0.9980
vn -0.0000 0.0670 0.9978
vn 0.7478 0.6639 -0.0000
vn 0.7757 0.6311 -0.0000
vn 0.7477 0.6641 -0.0000
vn 0.8019 0.5974 -0.0000
vn 0.8460 0.5332 -0.0000
vn 0.8636 0.5042 -0.0000
vn 0.8964 0.4432 -0.0000
vn 0.9112 0.4120 -0.0000
vn 0.9390 0.3438 -0.0000
vn 0.9517 0.3070 -0.0000
vn 0.9843 0.1766 0.0003
vn 0.9856 0.1693 -0.0000
vn 0.9976 0.0686 0.0002
vn 0.9973 0.0733 0.0005
vn 0.9938 0.1114 0.0003
vn 0.9930 0.1182 -0.0001
vn 1.0000 -0.0029 -0.0000
vn 1.0000 -0.0024 -0.0000
vn 0.0556 0.3856 0.9210
vn 0.0816 0.4078 0.9094
vn 0.0717 0.4070 0.9106
vn 0.1154 0.4211 0.8996
vn -0.0761 -0.9971 -0.0000
vn -0.0942 -0.9955 -0.0036
vn -0.0943 -0.9955 -0.0036
vn 0.0254 0.1354 -0.9905
vn 0.0281 0.1362 -0.9903
vn 0.0176 0.1201 -0.9926
vn 0.1507 0.4104 0.8994
vn 0.1668 0.4054 0.8988
vn 0.0423 0.1481 -0.9881
vn 0.1988 0.4021 0.8937
vn 0.2160 0.4035 0.8891
vn 0.0737 0.1574 -0.9848
vn 0.0547 0.1443 -0.9880
vn 0.0745 0.1601 -0.9843
vn 0.2485 0.3941 0.8849
vn 0.2573 0.3766 0.8899
vn 0.1367 0.2117 -0.9677
vn 0.1085 0.1976 -0.9743
vn 0.2782 0.3480 0.8953
vn 0.2752 0.3308 0.9027
vn 0.1592 0.2097 -0.9647
vn 0.1589 0.2130 -0.9640
vn 0.6800 0.7332 -0.0000
vn 0.1620 0.1927 -0.9678
vn 0.1735 0.1871 -0.9669
vn -0.0188 -0.2539 -0.9670
vn -0.0094 -0.2619 -0.9650
vn 0.0441 0.3896 0.9199
vn -0.1124 -0.9936 -0.0071
vn 0.0286 0.1359 -0.9903
vn 0.0130 0.1218 -0.9925
vn 0.2964 0.3195 0.9000
vn 0.9976 -0.0686 0.0002
vn 0.9856 -0.1693 -0.0000
vn 0.9930 -0.1182 -0.0001
vn 0.9843 -0.1766 0.0003
vn 0.9973 -0.0734 0.0005
vn 0.9517 -0.3070 -0.0000
vn 0.9390 -0.3438 -0.0000
vn 0.9111 -0.4122 -0.0000
vn 0.8964 -0.4432 -0.0000
vn 0.8636 -0.5042 -0.0000
vn 0.8460 -0.5332 -0.0000
vn 0.8021 -0.5972 -0.0000
vn 0.7757 -0.6311 -0.0000
vn 0.7477 -0.6641 -0.0000
vn 0.7478 -0.6639 -0.0000
vn 1.0000 0.0024 -0.0000
vn 1.0000 0.0029 -0.0000
vn 0.9938 -0.1114 0.0003
vn -0.0905 0.9959 0.0086
vn -0.1063 0.9943 -0.0000
vn 0.0176 -0.1202 -0.9926
vn 0.0284 -0.1359 -0.9903
vn 0.0254 -0.1354 -0.9905
vn 0.0130 -0.1218 -0.9925
vn 0.0424 -0.1481 -0.9881
vn -0.0761 0.9971 -0.0000
vn -0.0943 0.9955 -0.0036
vn -0.1124 0.9936 -0.0071
vn 0.0717 -0.4070 0.9106
vn 0.0816 -0.4078 0.9094
vn 0.0556 -0.3856 0.9210
vn 0.1155 -0.4211 0.8996
vn 0.1507 -0.4104 0.8994
vn 0.0441 -0.3896 0.9199
vn 0.1085 -0.1976 -0.9743
vn 0.1582 -0.2123 -0.9643
vn 0.1367 -0.2116 -0.9677
vn 0.0737 -0.1574 -0.9848
vn 0.0745 -0.1601 -0.9843
vn 0.1592 -0.2097 -0.9647
vn 0.1620 -0.1927 -0.9678
vn 0.1589 -0.2130 -0.9640
vn 0.1735 -0.1871 -0.9669
vn 0.6800 -0.7332 -0.0000
vn 0.2752 -0.3308 0.9027
vn 0.2782 -0.3480 0.8953
vn 0.2573 -0.3766 0.8899
vn 0.2964 -0.3195 0.9000
vn 0.2485 -0.3941 0.8848
vn 0.2160 -0.4035 0.8891
vn 0.1988 -0.4021 0.8937
vn 0.1667 -0.4054 0.8988
vn 0.0547 -0.1443 -0.9880
vn -0.0748 0.9970 0.0172
vn 0.6377 0.6372 -0.4329
vn 0.5591 0.5591 -0.6123
vn 0.6374 0.6377 -0.4325
vn 0.9014 -0.0000 -0.4330
vn 0.7181 -0.0000 -0.6959
vn 0.9014 -0.0000 -0.4331
vn -0.0145 -0.9989 0.0456
vn -0.0082 -0.9995 0.0319
vn -0.0209 -0.9980 0.0593
vn -0.6375 0.6375 -0.4327
vn -0.5077 0.5077 -0.6960
vn -0.0000 0.9015 -0.4327
vn -0.0006 0.7906 -0.6124
vn 0.9989 -0.0145 0.0457
vn 0.9989 -0.0145 0.0456
vn 0.9995 -0.0082 0.0319
vn 0.9980 -0.0209 0.0593
vn -0.6375 -0.6374 -0.4327
vn -0.5581 -0.5600 -0.6123
vn -0.6376 -0.6373 -0.4328
vn -0.6960 0.7166 0.0456
vn -0.7009 0.7125 0.0320
vn -0.6910 0.7204 0.0591
vn -0.9016 -0.0000 -0.4325
vn -0.7179 -0.0000 -0.6962
vn 0.0145 0.9989 0.0457
vn 0.0082 0.9995 0.0319
vn 0.0145 0.9988 0.0457
vn 0.0209 0.9980 0.0593
vn 0.6375 -0.6376 -0.4326
vn 0.5597 -0.5584 -0.6123
vn 0.6375 -0.6375 -0.4325
vn -0.7166 -0.6960 0.0456
vn -0.7166 -0.6960 0.0457
vn -0.7125 -0.7009 0.0320
vn -0.7205 -0.6910 0.0593
vn -0.0000 -0.9015 -0.4327
vn -0.0000 -0.7181 -0.6959
vn -0.7009 -0.7125 0.0320
vn -0.6960 -0.7166 0.0456
vn -0.3807 0.9191 0.1017
vn -0.3807 0.9191 0.1015
vn 0.0082 -0.9995 0.0319
vn 0.0145 -0.9989 0.0457
vn 0.0145 -0.9989 0.0456
vn 0.9995 0.0082 0.0319
vn 0.9989 0.0145 0.0456
vn 0.9989 0.0145 0.0457
vn -0.3807 -0.9191 0.1015
vn 0.7009 0.7125 0.0320
vn 0.6960 0.7166 0.0457
vn 0.6960 0.7166 0.0456
vn -0.7125 0.7009 0.0320
vn -0.7166 0.6960 0.0457
vn -0.7166 0.6960 0.0456
vn 0.9191 0.3807 0.1015
vn -0.9153 0.2499 -0.3159
vn -0.5989 0.0103 -0.8008
vn -0.9488 0.0046 -0.3159
vn -0.8871 0.4616 -0.0000
vn -0.8194 0.4783 -0.3159
vn -0.9763 0.2162 -0.0000
vn -0.5758 0.1649 -0.8008
vn -0.5135 0.3083 -0.8008
vn -0.6677 0.6741 -0.3159
vn -0.7374 0.6754 -0.0000
vn -0.3490 0.0153 -0.9370
vn -0.3332 0.1051 -0.9370
vn -0.4162 0.4307 -0.8008
vn -0.4705 0.8239 -0.3159
vn -0.5375 0.8433 -0.0000
vn -0.2946 0.1878 -0.9370
vn -0.2905 0.5238 -0.8008
vn -0.2412 0.9176 -0.3159
vn -0.3009 0.9537 -0.0000
vn -0.2360 0.2576 -0.9370
vn -0.1451 0.5811 -0.8008
vn 0.0045 0.9488 -0.3159
vn -0.0438 0.9990 -0.0000
vn -0.1612 0.3099 -0.9370
vn 0.0103 0.5989 -0.8008
vn 0.2499 0.9153 -0.3159
vn 0.2162 0.9764 -0.0000
vn -0.0755 0.3411 -0.9370
vn 0.1649 0.5758 -0.8008
vn 0.4783 0.8194 -0.3159
vn 0.4616 0.8871 -0.0000
vn 0.0153 0.3490 -0.9370
vn 0.3083 0.5135 -0.8008
vn 0.6741 0.6677 -0.3159
vn 0.6754 0.7374 -0.0000
vn 0.1051 0.3332 -0.9370
vn 0.4307 0.4162 -0.8008
vn 0.8240 0.4704 -0.3159
vn 0.8433 0.5375 -0.0000
vn 0.1878 0.2946 -0.9370
vn 0.5238 0.2905 -0.8008
vn 0.9176 0.2412 -0.3159
vn 0.9537 0.3009 -0.0000
vn 0.2576 0.2360 -0.9370
vn 0.5811 0.1451 -0.8008
vn 0.9488 -0.0045 -0.3159
vn 0.9990 0.0438 -0.0000
vn 0.3099 0.1612 -0.9370
vn 0.5989 -0.0103 -0.8008
vn 0.9153 -0.2500 -0.3159
vn 0.9763 -0.2162 -0.0000
vn 0.3411 0.0755 -0.9370
vn 0.3490 -0.0153 -0.9370
vn 0.5758 -0.1649 -0.8008
vn 0.8194 -0.4783 -0.3159
vn 0.8871 -0.4616 -0.0000
vn 0.5135 -0.3083 -0.8008
vn 0.6677 -0.6741 -0.3159
vn 0.7374 -0.6754 -0.0000
vn 0.3332 -0.1051 -0.9370
vn 0.4162 -0.4307 -0.8008
vn 0.4704 -0.8239 -0.3159
vn 0.5375 -0.8433 -0.0000
vn 0.2946 -0.1878 -0.9370
vn 0.2905 -0.5238 -0.8008
vn 0.2412 -0.9176 -0.3159
vn 0.3009 -0.9537 -0.0000
vn 0.2360 -0.2576 -0.9370
vn 0.1451 -0.5811 -0.8008
vn -0.0045 -0.9488 -0.3159
vn 0.0438 -0.9990 -0.0000
vn 0.1612 -0.3099 -0.9370
vn -0.0103 -0.5989 -0.8008
vn -0.2499 -0.9153 -0.3159
vn -0.2162 -0.9763 -0.0000
vn 0.0755 -0.3411 -0.9370
vn -0.1649 -0.5758 -0.8008
vn -0.4783 -0.8194 -0.3159
vn -0.4616 -0.8871 -0.0000
vn -0.0153 -0.3490 -0.9370
vn -0.3083 -0.5135 -0.8008
vn -0.6741 -0.6677 -0.3159
vn -0.6754 -0.7374 -0.0000
vn -0.1051 -0.3332 -0.9370
vn -0.4307 -0.4162 -0.8008
vn -0.8239 -0.4705 -0.3159
vn -0.8433 -0.5375 -0.0000
vn -0.1878 -0.2946 -0.9370
vn -0.5238 -0.2905 -0.8008
vn -0.9176 -0.2412 -0.3159
vn -0.9537 -0.3009 -0.0000
vn -0.2576 -0.2360 -0.9370
vn -0.5811 -0.1451 -0.8008
vn -0.9990 -0.0438 -0.0000
vn -0.3099 -0.1612 -0.9370
vn -0.3411 -0.0755 -0.9370
vn -0.6910 -0.7205 0.0593
vn -0.7204 0.6910 0.0591
vn 0.6909 0.7205 0.0594
vn 0.9980 0.0209 0.0593
vn 0.0209 -0.9980 0.0593
vn 0.7951 -0.6022 -0.0722
vn 0.9880 -0.1364 -0.0723
vn 0.9880 0.1364 -0.0723
vn 0.1364 -0.9880 -0.0723
vn 0.6022 -0.7951 -0.0723
vn -0.1364 -0.9880 -0.0723
vn -0.6022 -0.7951 -0.0724
vn -0.7950 -0.6022 -0.0724
vn -0.9880 -0.1364 -0.0723
vn -0.9880 0.1364 -0.0723
vn -0.7951 0.6022 -0.0723
vn -0.6022 0.7951 -0.0723
vn -0.1364 0.9880 -0.0723
vn 0.1364 0.9880 -0.0723
vn 0.6022 0.7951 -0.0723
vn 0.7951 0.6021 -0.0724
vn -0.0000 0.4097 -0.9122
vn 0.0001 0.6366 -0.7712
vn 0.0002 0.3573 -0.9340
vn -0.0000 0.3041 -0.9526
vn -0.2896 0.2897 -0.9122
vn -0.2525 0.2528 -0.9340
vn -0.5075 0.5075 -0.6963
vn -0.2150 0.2150 -0.9527
vn -0.4096 -0.0000 -0.9123
vn -0.3573 0.0002 -0.9340
vn -0.7180 -0.0000 -0.6960
vn -0.3040 -0.0000 -0.9527
vn -0.0000 -0.4097 -0.9122
vn -0.0002 -0.3573 -0.9340
vn -0.0000 -0.7175 -0.6966
vn -0.0000 -0.3040 -0.9527
vn -0.2897 -0.2896 -0.9123
vn -0.4501 -0.4502 -0.7712
vn -0.2529 -0.2525 -0.9340
vn -0.2150 -0.2150 -0.9527
vn -0.2150 -0.2150 -0.9526
vn 0.2896 -0.2898 -0.9122
vn 0.4499 -0.4504 -0.7712
vn 0.2524 -0.2529 -0.9340
vn 0.2150 -0.2151 -0.9526
vn 0.2151 -0.2151 -0.9526
vn 0.4097 -0.0000 -0.9122
vn 0.3574 -0.0002 -0.9339
vn 0.7180 -0.0000 -0.6960
vn 0.3040 -0.0000 -0.9527
vn 0.2896 0.2897 -0.9122
vn 0.4501 0.4502 -0.7712
vn 0.2527 0.2525 -0.9340
vn 0.2150 0.2150 -0.9527
vn -0.0000 0.0386 -0.9993
vn -0.0000 0.0386 0.9993
vn 0.9993 0.0386 -0.0000
vn -0.9993 0.0386 -0.0000
vn -0.2849 0.8937 0.3466
vn -0.2769 0.8685 0.4110
vn -0.2125 0.9100 0.3560
vn -0.1482 0.9636 0.2226
vn -0.1041 0.9385 0.3291
vn -0.1641 0.9004 0.4029
vn -0.4002 0.8817 0.2500
vn -0.3477 0.9039 0.2493
vn -0.3304 0.9185 0.2170
vn -0.2895 0.9079 0.3033
vn 0.2150 0.9077 0.3603
vn 0.2710 0.8693 0.4133
vn 0.3087 0.8874 0.3424
vn 0.1544 0.9625 0.2232
vn 0.1089 0.9368 0.3325
vn 0.0975 0.9917 0.0841
vn 0.0962 0.9852 0.1415
vn -0.2995 0.9027 0.3089
vn -0.2769 0.8686 0.4110
vn -0.3359 0.9318 0.1374
vn 0.9999 -0.0000 0.0134
vn 0.9998 -0.0000 0.0206
vn 1.0000 -0.0000 0.0073
vn -0.1114 0.9127 0.3932
vn -0.0962 0.9852 0.1416
vn -0.0975 0.9917 0.0841
vn -0.0985 0.9915 0.0847
vn 0.1585 0.8975 0.4115
vn 0.1316 0.9104 0.3922
vn -0.3394 0.9378 0.0729
vn -0.3432 0.9362 0.0752
vn 0.0984 0.9915 0.0847
vn 0.9990 -0.0314 0.0330
vn 0.9988 -0.0342 0.0343
vn 0.9988 -0.0345 0.0344
vn 0.9987 -0.0371 0.0356
vn 0.9988 -0.0343 0.0343
vn -0.9988 -0.0340 0.0343
vn -0.9988 -0.0360 0.0320
vn -0.9988 -0.0318 0.0367
vn -0.9988 -0.0338 0.0345
vn -0.9988 -0.0338 0.0346
vn -0.0000 -0.5926 0.8055
vn 0.0127 0.7324 0.6808
vn 0.0218 0.7473 0.6642
vn 0.0280 0.7354 0.6771
vn 0.0346 0.7452 0.6659
vn 0.0506 0.7261 0.6857
vn -0.0218 0.7472 0.6643
vn -0.0346 0.7452 0.6660
vn -0.0326 0.7617 0.6471
vn -0.0126 0.7321 0.6811
vn -0.0280 0.7352 0.6773
vn -0.0506 0.7261 0.6857
vn 0.0326 0.7617 0.6471
vn 0.9938 -0.0630 0.0918
vn -0.9960 -0.0889 -0.0001
vn -0.5750 0.8181 0.0001
vn -0.8181 0.5751 -0.0000
vn -0.4210 0.9071 0.0001
vn -0.0890 0.9960 -0.0000
vn 0.0890 0.9960 0.0001
vn 0.4210 0.9071 -0.0001
vn 0.5750 0.8181 -0.0000
vn 0.9960 -0.0889 -0.0000
vn 0.8181 -0.5751 -0.0001
vn 0.5750 -0.8181 -0.0001
vn -0.5750 -0.8181 0.0001
vn -0.8181 -0.5751 -0.0001
vn -0.9071 -0.4210 0.0001
vn 0.2768 -0.1284 -0.9523
vn -0.1285 -0.2768 -0.9523
vn -0.9960 -0.0889 -0.0000
vn -0.5750 0.8181 -0.0000
vn 0.5750 0.8181 0.0001
vn 0.8181 0.5751 -0.0001
vn 0.9071 0.4210 -0.0001
vn 0.9071 -0.4210 -0.0001
vn 0.8181 -0.5751 -0.0000
vn 0.5750 -0.8181 -0.0000
vn 0.4210 -0.9071 -0.0000
vn -0.0890 -0.9960 0.0001
vn -0.4210 -0.9071 -0.0001
vn -0.8181 -0.5751 0.0001
vn -0.5751 0.8181 -0.0001
vn -0.9960 -0.0890 0.0001
vn -0.5751 -0.8181 0.0001
vn 0.7229 0.6031 0.3372
vn 0.0100 0.6775 0.7355
vn -0.3103 0.8761 0.3691
vn 0.4154 0.3466 0.8410
vn -0.5698 0.3307 0.7523
vn -0.8948 0.1578 0.4176
vn -0.6887 -0.5747 0.4422
vn -0.5711 -0.4766 0.6683
vn -0.0051 -0.9086 0.4176
vn 0.2232 -0.6198 0.7524
vn 0.8063 -0.4622 0.3691
vn 0.6683 -0.1115 0.7355
vn 0.2684 0.0342 0.9627
vn 0.1758 -0.2146 0.9608
vn -0.2077 -0.1733 0.9627
vn -0.1797 0.2114 0.9607
vn 0.0818 0.2579 0.9627
vn 0.1957 0.1633 0.9670
vn 0.8948 -0.1578 0.4176
vn 0.5712 0.4765 0.6684
vn 0.6887 0.5746 0.4422
vn 0.3103 -0.8761 0.3691
vn 0.5697 -0.3307 0.7524
vn 0.0051 0.9086 0.4176
vn -0.2232 0.6198 0.7524
vn -0.8063 0.4622 0.3691
vn -0.6683 0.1115 0.7355
vn -0.7230 -0.6032 0.3368
vn -0.0100 -0.6775 0.7355
vn -0.4154 -0.3466 0.8410
vn -0.0817 -0.2580 0.9627
vn -0.1960 -0.1636 0.9669
vn 0.1797 -0.2114 0.9607
vn 0.2077 0.1732 0.9627
vn -0.1758 0.2147 0.9607
vn -0.2685 -0.0342 0.9627
vn 0.6971 0.6958 -0.1729
vn 0.7034 0.7059 -0.0828
vn 0.6878 0.7256 -0.0218
vn 0.6963 0.6963 -0.1744
vn 0.6769 0.7341 0.0539
vn 0.8444 0.5357 -0.0105
vn 0.8369 0.5470 -0.0178
vn 0.8420 0.5369 -0.0518
vn 0.8305 0.5567 0.0165
vn 0.8410 0.5387 -0.0501
vn -0.5367 0.8437 -0.0117
vn -0.5461 0.8375 -0.0189
vn -0.5374 0.8417 -0.0514
vn -0.5543 0.8322 0.0138
vn -0.5388 0.8410 -0.0501
vn 0.4656 0.8842 -0.0383
vn 0.4711 0.8820 -0.0108
vn -0.8435 -0.5369 -0.0126
vn 0.8166 0.5772 -0.0000
vn 0.6526 0.7577 0.0071
vn 0.4860 0.8740 0.0031
vn -0.5715 0.8206 -0.0000
vn 0.1760 0.1759 -0.9685
vn 0.1759 0.1759 -0.9685
vn -0.1759 0.1759 -0.9686
vn -0.1760 -0.1759 -0.9685
vn -0.1759 -0.1759 -0.9685
vn 0.1760 -0.1760 -0.9685
vn 0.3591 0.4041 0.8413
vn 0.3343 -0.0002 0.9425
vn 0.4580 0.4067 0.7905
vn -0.6611 -0.0000 -0.7503
vn 0.2787 -0.0031 0.9604
vn 0.2489 -0.4017 0.8813
vn 0.2521 -0.4019 0.8803
vn -0.8122 -0.0000 -0.5834
vn -0.7866 -0.0000 -0.6174
vn -0.7520 -0.0000 -0.6591
vn -0.8243 -0.0000 -0.5662
vn -0.8054 -0.0000 -0.5927
vn -0.8485 -0.0000 -0.5293
vn -0.9007 -0.0238 -0.4337
vn -0.9098 0.0322 -0.4138
vn -0.9289 -0.0033 -0.3702
vn -0.9185 -0.1037 -0.3815
vn -0.9012 -0.1121 -0.4187
vn -0.9361 0.0955 -0.3385
vn -0.7153 -0.0000 -0.6988
vn -0.9376 0.0945 -0.3345
vn -0.3423 0.4252 -0.8379
vn 0.0202 0.9179 -0.3963
vn 0.0586 0.5427 -0.8379
vn 0.4252 0.3423 -0.8379
vn 0.6633 0.6348 -0.3963
vn -0.5427 0.0586 -0.8379
vn 0.5427 -0.0586 -0.8379
vn 0.9179 -0.0202 -0.3962
vn 0.3423 -0.4252 -0.8379
vn 0.6348 -0.6633 -0.3962
vn -0.0586 -0.5427 -0.8379
vn -0.0202 -0.9179 -0.3962
vn -0.4252 -0.3423 -0.8379
vn -0.6633 -0.6348 -0.3963
vn -0.9179 0.0202 -0.3963
vn -0.6348 0.6633 -0.3963
vn -0.7972 0.6037 0.0001
vn -0.9906 -0.1368 0.0001
vn -0.1368 0.9906 -0.0000
vn 0.6038 0.7971 -0.0000
vn 0.9906 0.1368 -0.0001
vn 0.7972 -0.6037 0.0001
vn 0.1368 -0.9906 -0.0000
vn -0.6038 -0.7971 0.0003
vn 0.6348 -0.6633 -0.3963
vn -0.7971 0.6038 -0.0000
vn -0.9906 -0.1368 -0.0001
vn -0.1368 0.9906 -0.0001
vn 0.6038 0.7971 -0.0002
vn 0.9906 0.1368 -0.0000
vn 0.7972 -0.6038 -0.0001
vn -0.6038 -0.7971 0.0001
vn 0.3359 -0.8374 -0.4312
vn 0.4977 -0.8459 -0.1917
vn 0.5268 -0.8157 -0.2390
vn 0.7341 -0.6325 0.2471
vn 0.6407 -0.7678 -0.0000
vn 0.7571 -0.4222 0.4985
vn 0.7097 -0.1905 0.6782
vn 0.7028 -0.1954 0.6840
vn -0.5668 -0.0809 -0.8199
vn -0.3960 -0.3283 -0.8576
vn -0.5562 -0.0725 -0.8279
vn -0.7655 0.4799 -0.4285
vn -0.7535 0.5719 -0.3243
vn -0.7838 0.5397 -0.3073
vn -0.7055 0.6721 -0.2248
vn -0.4065 0.8279 0.3864
vn -0.6407 0.7678 0.0001
vn -0.3910 0.8416 0.3726
vn -0.0876 0.7158 0.6928
vn -0.1144 0.6886 0.7161
vn 0.6406 -0.7679 0.0001
vn -0.4039 -0.3351 -0.8512
vn -0.1888 -0.5456 -0.8165
vn -0.1840 -0.5414 -0.8204
vn -0.7440 -0.6207 0.2474
vn -0.7440 -0.6207 0.2473
vn -0.6037 -0.3360 0.7229
vn -0.3233 -0.3356 0.8848
vn -0.1613 -0.3354 0.9282
vn -0.8842 -0.3365 0.3239
vn -0.7223 -0.3362 0.6044
vn -0.9276 -0.3366 0.1620
vn -0.9276 -0.3367 -0.1619
vn 0.1625 -0.3349 0.9281
vn 0.3244 -0.3346 0.8848
vn 0.6048 -0.3343 0.7228
vn 0.7233 -0.3341 0.6043
vn 0.8852 -0.3339 0.3238
vn 0.9286 -0.3339 0.1620
vn 0.9286 -0.3339 -0.1618
vn 0.8852 -0.3340 -0.3237
vn 0.7233 -0.3343 -0.6042
vn 0.6048 -0.3345 -0.7227
vn 0.3244 -0.3349 -0.8847
vn 0.1625 -0.3352 -0.9280
vn -0.1614 -0.3357 -0.9280
vn -0.3233 -0.3359 -0.8847
vn -0.6037 -0.3363 -0.7228
vn -0.7223 -0.3364 -0.6042
vn -0.8842 -0.3366 -0.3238
vn 0.6844 0.7291 -0.0036
vn 0.6843 0.7292 -0.0000
vn 0.6844 0.7291 0.0036
vn -0.6842 -0.7291 0.0162
vn -0.6843 -0.7292 -0.0000
vn -0.6842 -0.7291 -0.0162
vn 0.6208 0.7760 0.1113
vn 0.7047 0.7006 0.1119
vn 0.6247 0.7809 -0.0000
vn 0.7047 0.7006 -0.1119
vn 0.6208 0.7760 -0.1113
vn 0.7092 0.7050 -0.0000
vn 0.7796 0.6164 -0.1110
vn 0.7845 0.6202 -0.0000
vn 0.7796 0.6164 -0.1109
vn 0.7845 0.6201 -0.0000
vn 0.7796 0.6164 0.1110
vn 0.7796 0.6164 0.1109
vn 0.2831 -0.9311 -0.2301
vn 0.5801 -0.7865 0.2121
vn -0.0000 -0.9009 0.4340
vn 0.5035 -0.7755 -0.3809
vn -0.0000 -0.9382 0.3462
vn -0.2834 -0.9312 -0.2294
vn -0.5802 -0.7863 0.2124
vn -0.4884 -0.7173 0.4969
vn -0.3515 -0.5228 0.7766
vn 0.0006 -0.5361 0.8442
vn 0.3536 -0.5245 0.7745
vn -0.0000 -0.6417 -0.7669
vn -0.0000 -0.6733 -0.7394
vn -0.5046 -0.7757 -0.3791
vn 0.4894 -0.7177 0.4954
vn 0.7584 -0.4528 0.4689
vn 0.7424 -0.6575 0.1283
vn -0.7426 -0.6573 0.1289
vn -0.7573 -0.4515 0.4717
vn 0.0011 -0.1503 0.9886
vn -0.4443 -0.3128 0.8395
vn 0.4472 -0.3160 0.8368
vn -0.5283 -0.6127 -0.5878
vn -0.6491 -0.4929 -0.5793
vn -0.5283 -0.6127 0.5878
vn -0.6492 -0.4930 0.5792
vn -0.7541 -0.3546 0.5528
vn -0.6492 -0.4929 0.5793
vn 0.2018 0.2340 0.9511
vn 0.0702 0.3415 0.9373
vn -0.7541 -0.3545 -0.5529
vn -0.6492 -0.4929 -0.5793
vn -0.5284 -0.6127 -0.5878
vn -0.7622 0.2366 -0.6025
vn -0.9927 -0.0306 0.1168
vn -0.6172 0.4048 0.6747
vn -0.0673 0.4419 0.8945
vn 0.0703 0.3415 0.9373
vn 0.6531 0.7573 -0.0000
vn 0.5150 0.8572 -0.0000
vn -0.1546 0.9413 0.3002
vn 0.3571 0.9341 -0.0000
vn 0.2018 0.2340 -0.9510
vn 0.0703 0.3415 -0.9372
vn 0.2018 0.2340 -0.9511
vn -0.0673 0.4419 -0.8945
vn -0.2443 0.8373 -0.4892
vn -0.7573 0.6531 -0.0000
vn 0.0094 -0.0010 -1.0000
vn 0.0039 -0.0004 -1.0000
vn 0.0021 -0.0005 -1.0000
vn 0.0019 -0.0008 -1.0000
vn -0.0008 -0.0010 -1.0000
vn -0.0000 -0.0017 -1.0000
vn -0.0008 -0.0009 -1.0000
vn -0.0046 -0.0005 -1.0000
vn -0.0012 -0.0005 -1.0000
vn -0.0094 -0.0010 -1.0000
vn 0.0023 -0.0017 -1.0000
vn 0.0008 -0.0006 -1.0000
vn 0.4347 -0.1150 -0.8932
vn 0.3958 -0.2073 -0.8946
vn 0.4265 -0.1333 -0.8946
vn 0.4582 -0.0599 -0.8868
vn 0.3887 -0.2260 -0.8932
vn 0.3664 -0.2816 -0.8868
vn 0.3887 0.2260 -0.8932
vn 0.4265 0.1333 -0.8946
vn 0.3958 0.2073 -0.8946
vn 0.3664 0.2816 -0.8868
vn 0.4347 0.1150 -0.8932
vn 0.4582 0.0599 -0.8868
vn 0.1150 0.4347 -0.8932
vn 0.2073 0.3958 -0.8946
vn 0.1333 0.4265 -0.8946
vn 0.0599 0.4582 -0.8868
vn 0.2260 0.3887 -0.8932
vn 0.2816 0.3664 -0.8868
vn -0.1150 -0.4347 -0.8932
vn -0.2073 -0.3958 -0.8946
vn -0.1333 -0.4265 -0.8946
vn -0.0599 -0.4582 -0.8868
vn -0.2260 -0.3887 -0.8932
vn -0.2816 -0.3664 -0.8868
vn -0.2260 0.3887 -0.8932
vn -0.1333 0.4265 -0.8946
vn -0.2073 0.3958 -0.8946
vn -0.2816 0.3664 -0.8868
vn -0.1150 0.4347 -0.8932
vn -0.0599 0.4582 -0.8868
vn 0.1150 -0.4347 -0.8932
vn 0.2073 -0.3958 -0.8946
vn 0.1333 -0.4265 -0.8946
vn 0.0599 -0.4582 -0.8868
vn 0.2261 -0.3887 -0.8932
vn 0.2816 -0.3664 -0.8868
vn -0.3887 0.2260 -0.8932
vn -0.4265 0.1333 -0.8946
vn -0.3958 0.2073 -0.8946
vn -0.3664 0.2816 -0.8868
vn -0.4347 0.1150 -0.8932
vn -0.4582 0.0599 -0.8868
vn -0.7071 -0.7071 -0.0001
vn -0.7072 -0.7071 -0.0002
vn 0.7071 -0.7071 -0.0000
vn 0.7071 -0.7071 0.0001
vn 0.7072 -0.7071 0.0001
vn -0.7071 0.7071 -0.0000
vn -0.5948 -0.7604 -0.2607
vn -0.5988 -0.7575 -0.2599
vn -0.5987 -0.7576 -0.2599
vn -0.6028 -0.7547 -0.2591
vn 0.7844 0.5388 -0.3073
vn 0.6414 0.7672 -0.0001
vn 0.7541 0.5711 -0.3243
vn 0.7660 0.4791 -0.4285
vn 0.7062 0.6714 -0.2249
vn 0.4074 0.8275 0.3864
vn 0.3919 0.8412 0.3725
vn 0.0883 0.7157 0.6928
vn 0.1152 0.6885 0.7161
vn 0.6415 0.7672 -0.0000
vn 0.7541 0.5711 -0.3242
vn -0.7642 -0.4797 -0.4312
vn -0.7437 -0.6405 -0.1916
vn -0.7088 -0.6637 -0.2390
vn -0.4916 -0.8350 0.2471
vn -0.6414 -0.7672 -0.0000
vn -0.2806 -0.8202 0.4985
vn -0.0610 -0.7323 0.6782
vn -0.0671 -0.7265 0.6839
vn -0.1806 0.5433 -0.8199
vn -0.3936 0.3312 -0.8576
vn -0.1704 0.5344 -0.8279
vn 0.3359 0.8388 -0.4285
vn 0.4286 0.8433 -0.3243
vn 0.3914 0.8674 -0.3073
vn 0.5357 0.8139 -0.2249
vn 0.7423 0.5475 0.3864
vn 0.6415 0.7671 -0.0000
vn 0.7584 0.5347 0.3726
vn 0.6888 0.2137 0.6928
vn 0.6572 0.2352 0.7161
vn -0.7437 -0.6405 -0.1915
vn -0.4016 0.3377 -0.8513
vn -0.5705 0.0887 -0.8165
vn -0.5655 0.0846 -0.8204
vn 0.0041 -0.9086 0.4176
vn 0.5706 -0.4772 0.6683
vn 0.6881 -0.5753 0.4421
vn -0.8069 -0.4613 0.3690
vn -0.2239 -0.6196 0.7523
vn 0.8949 0.1568 0.4177
vn 0.5701 0.3301 0.7523
vn 0.3111 0.8758 0.3691
vn -0.0093 0.6775 0.7355
vn -0.7222 0.6038 0.3375
vn -0.6684 -0.1108 0.7355
vn -0.4150 0.3470 0.8410
vn -0.2684 0.0345 0.9627
vn -0.1956 0.1636 0.9669
vn -0.1760 -0.2145 0.9607
vn 0.2075 -0.1735 0.9627
vn 0.1800 0.2113 0.9607
vn -0.0816 0.2579 0.9627
vn 0.0121 -0.0101 0.9999
vn 0.1587 0.9741 0.1613
vn -0.6776 0.5665 0.4689
vn 0.1925 0.8833 0.4274
vn -0.1229 0.9850 -0.1208
vn -0.7645 0.6392 0.0837
vn 0.5710 0.8171 -0.0793
vn 0.8716 0.4533 0.1867
vn 0.8475 0.3846 0.3659
vn 0.3449 0.8006 0.4900
vn -0.6541 0.5470 0.5224
vn 0.7242 -0.6055 0.3299
vn 0.8840 0.1143 0.4532
vn 0.9708 -0.0332 0.2377
vn -0.2918 -0.9381 0.1867
vn 0.2046 -0.9496 0.2376
vn 0.0439 -0.8904 0.4531
vn -0.2284 -0.9022 0.3659
vn -0.8353 -0.3459 0.4274
vn -0.7270 -0.4812 0.4899
vn -0.9306 -0.3287 0.1613
vn -0.7030 -0.7067 -0.0792
vn -0.9912 -0.0535 -0.1208
vn -0.7590 0.6346 -0.1457
vn 0.6869 -0.5744 0.4451
vn 0.3168 0.9470 0.0539
vn 0.2538 0.9325 -0.2568
vn 0.0336 0.9040 -0.4263
vn 0.8017 0.5819 0.1364
vn 0.2538 -0.9325 -0.2569
vn 0.3168 -0.9470 0.0539
vn 0.8841 -0.4424 0.1504
vn 0.9432 0.2910 0.1605
vn 0.0739 0.3368 -0.9387
vn 0.0336 -0.9040 -0.4263
vn 0.0766 -0.2229 -0.9718
vn 0.0704 -0.4459 -0.8923
vn 0.8841 -0.4424 0.1505
vn 0.9898 -0.0000 0.1424
vn -0.9898 -0.0000 -0.1424
vn 0.9905 -0.0000 0.1378
vn -0.9905 -0.0000 -0.1378
vn 0.0752 0.4394 -0.8951
vn -0.0837 -0.0000 0.9965
vn -0.6176 -0.7798 0.1019
vn -0.5788 -0.8145 -0.0395
vn -0.6178 -0.7797 0.1024
vn -0.5251 -0.8309 -0.1841
vn -0.5788 -0.8145 -0.0396
vn -0.3962 -0.8093 -0.4336
vn -0.3238 -0.7767 -0.5403
vn -0.1770 -0.6816 -0.7100
vn -0.1038 -0.6224 -0.7758
vn 0.0390 -0.4873 -0.8724
vn 0.1086 -0.4124 -0.9045
vn 0.2439 -0.2480 -0.9376
vn 0.3097 -0.1584 -0.9376
vn 0.4345 0.0354 -0.9000
vn 0.4926 0.1399 -0.8590
vn 0.5890 0.3535 -0.7267
vn 0.6242 0.4611 -0.6307
vn 0.6454 0.5565 -0.5233
vn 0.6454 0.5567 -0.5230
vn -0.6188 -0.7789 0.1018
vn -0.5803 -0.8134 -0.0410
vn -0.6188 -0.7789 0.1019
vn -0.5271 -0.8293 -0.1855
vn -0.3987 -0.8068 -0.4361
vn -0.3265 -0.7739 -0.5427
vn -0.1799 -0.6778 -0.7129
vn -0.1068 -0.6183 -0.7787
vn 0.0359 -0.4831 -0.8748
vn 0.1054 -0.4081 -0.9068
vn 0.2407 -0.2440 -0.9394
vn 0.3064 -0.1547 -0.9392
vn 0.4315 0.0385 -0.9013
vn 0.4896 0.1425 -0.8602
vn 0.5868 0.3551 -0.7277
vn 0.6226 0.4622 -0.6315
vn 0.6444 0.5573 -0.5237
vn 0.6444 0.5573 -0.5236
vn 0.0988 -0.9779 -0.1844
vn 0.0946 -0.9955 -0.0000
vn 0.0914 -0.7386 -0.6679
vn 0.0996 -0.9554 -0.2779
vn 0.0876 -0.6781 -0.7298
vn 0.0727 -0.4702 -0.8795
vn 0.0996 -0.9554 -0.2780
vn 0.0876 -0.6780 -0.7298
vn 0.0724 -0.4701 -0.8796
vn 0.0876 -0.6779 -0.7299
vn 0.0728 -0.4722 -0.8785
vn 0.0995 -0.9241 -0.3689
vn 0.0831 -0.6122 -0.7863
vn 0.0732 -0.4700 -0.8796
vn 0.0727 -0.4686 -0.8804
vn -0.1133 -0.3180 -0.9413
vn -0.0681 -0.1833 -0.9807
vn 0.0756 -0.3858 -0.9195
vn 0.0817 -0.0000 -0.9967
vn -0.1798 -0.0000 -0.9837
vn -0.4251 -0.0000 -0.9051
vn -0.3524 -0.1048 -0.9300
vn -0.1133 0.3180 -0.9413
vn 0.0756 0.3858 -0.9195
vn 0.0727 0.4688 -0.8803
vn 0.0732 0.4700 -0.8796
vn -0.0736 0.1706 -0.9826
vn -0.3598 0.0965 -0.9280
vn 0.0831 0.6122 -0.7863
vn 0.0876 0.6779 -0.7299
vn 0.0728 0.4722 -0.8785
vn 0.0995 0.9241 -0.3689
vn 0.0996 0.9554 -0.2780
vn 0.0876 0.6780 -0.7298
vn 0.0946 0.9955 -0.0000
vn 0.0996 0.9554 -0.2779
vn 0.0876 0.6781 -0.7297
vn 0.0724 0.4701 -0.8796
vn 0.0914 0.7386 -0.6679
vn 0.0727 0.4702 -0.8795
vn 0.0988 0.9779 -0.1844
vn 1.0000 -0.0000 0.0043
vn 0.8386 -0.0046 -0.5447
vn 0.8177 0.2378 -0.5242
vn 0.7983 -0.0000 -0.6023
vn 0.1940 0.2454 -0.9498
vn 0.3684 0.3348 -0.8673
vn -0.0572 -0.2831 -0.9574
vn 0.0756 0.3760 -0.9235
vn 0.0759 0.3754 -0.9237
vn 0.8386 0.0049 -0.5447
vn 0.8177 -0.2378 -0.5242
vn 0.1933 -0.2513 -0.9484
vn 0.3685 -0.3348 -0.8673
vn 0.2541 -0.0000 -0.9672
vn -0.0478 0.2557 -0.9656
vn 0.0756 -0.3760 -0.9235
vn 0.0815 -0.0000 -0.9967
vn 0.0759 -0.3754 -0.9237
vn 0.0598 -0.7157 -0.6958
vn 0.0670 -0.6220 -0.7801
vn 0.0598 -0.7155 -0.6961
vn 0.0598 -0.7154 -0.6962
vn 0.0733 -0.5171 -0.8528
vn 0.0670 -0.6220 -0.7802
vn 0.0817 -0.2949 -0.9520
vn 0.0846 -0.1786 -0.9803
vn 0.0850 0.1133 -0.9899
vn 0.0850 0.1148 -0.9897
vn 0.0784 0.4017 -0.9124
vn 0.0735 0.5120 -0.8558
vn 0.0600 0.7127 -0.6989
vn 0.0512 0.8010 -0.5965
vn 0.0306 0.9336 -0.3569
vn 0.0187 0.9759 -0.2175
vn -0.0058 0.9977 0.0669
vn -0.0183 0.9769 0.2127
vn -0.0302 0.9359 0.3511
vn -0.0302 0.9358 0.3511
vn 0.0988 -0.9779 0.1844
vn 0.0996 -0.9554 0.2780
vn 0.0914 -0.7386 0.6679
vn 0.0876 -0.6781 0.7298
vn 0.0727 -0.4702 0.8795
vn 0.0876 -0.6780 0.7298
vn 0.0728 -0.4706 0.8794
vn 0.0728 -0.4722 0.8785
vn 0.0876 -0.6779 0.7299
vn 0.0995 -0.9241 0.3689
vn 0.0831 -0.6122 0.7863
vn 0.0732 -0.4700 0.8796
vn 0.0727 -0.4686 0.8804
vn 0.0727 0.4688 0.8803
vn 0.0831 0.6122 0.7863
vn 0.0732 0.4701 0.8796
vn 0.0876 0.6779 0.7299
vn 0.0995 0.9241 0.3689
vn 0.0728 0.4722 0.8785
vn 0.0996 0.9554 0.2780
vn 0.0876 0.6780 0.7298
vn 0.0996 0.9554 0.2779
vn 0.0728 0.4706 0.8794
vn 0.0876 0.6781 0.7297
vn 0.0727 0.4702 0.8795
vn 0.0914 0.7387 0.6678
vn 0.0988 0.9779 0.1844
vn 0.0759 0.3754 0.9237
vn 0.0756 0.3759 0.9236
vn 0.0816 -0.0000 0.9967
vn 0.0815 -0.0000 0.9967
vn 0.0759 -0.3755 0.9237
vn 0.0756 -0.3759 0.9236
vn 0.0138 -0.9873 0.1585
vn 0.0122 -0.9769 0.2132
vn 0.0146 -0.9674 0.2529
vn 0.0098 -0.9773 0.2117
vn 0.2310 -0.8820 0.4108
vn 0.1421 -0.9217 0.3609
vn 0.3465 -0.4550 0.8203
vn 0.4981 -0.2656 0.8254
vn 0.3900 -0.0000 0.9208
vn 0.3086 -0.7392 0.5986
vn 0.5664 -0.0000 0.8241
vn 0.4981 0.2656 0.8254
vn 0.3465 0.4550 0.8203
vn -0.0000 -0.9865 0.1636
vn 0.0141 0.9873 0.1584
vn 0.0122 0.9769 0.2133
vn -0.0000 0.9865 0.1636
vn 0.0146 0.9674 0.2528
vn 0.0098 0.9773 0.2118
vn 0.3086 0.7392 0.5986
vn 0.1421 0.9217 0.3609
vn 0.2310 0.8820 0.4108
vn 0.6427 -0.1012 0.7594
vn 0.6461 -0.0000 0.7633
vn 0.6427 0.1012 0.7594
vn 0.0092 -0.9810 0.1939
vn -0.0000 -0.9999 0.0141
vn -0.0000 -0.9996 0.0281
vn -0.0000 -0.9967 0.0814
vn 0.0047 -0.9950 0.0998
vn -0.0000 0.9999 0.0141
vn -0.0000 0.9996 0.0281
vn -0.0000 0.9967 0.0814
vn 0.0047 0.9950 0.0997
vn 0.0092 0.9810 0.1939
vn -0.3168 0.9470 0.0539
vn -0.2538 0.9325 -0.2569
vn -0.8017 0.5820 0.1364
vn -0.9432 0.2910 0.1605
vn -0.8841 -0.4424 0.1504
vn -0.2538 -0.9325 -0.2569
vn -0.0336 -0.9040 -0.4263
vn -0.3168 -0.9470 0.0539
vn -0.0336 0.9040 -0.4263
vn -0.0703 -0.4459 -0.8923
vn -0.0740 0.3368 -0.9387
vn -0.0766 -0.2230 -0.9718
vn -0.0739 0.3368 -0.9387
vn -0.0771 -0.0000 -0.9970
vn 0.0770 -0.0000 0.9970
vn 0.6177 -0.7797 0.1023
vn 0.5788 -0.8145 -0.0395
vn 0.6178 -0.7796 0.1028
vn 0.5252 -0.8308 -0.1841
vn 0.3962 -0.8093 -0.4337
vn 0.3238 -0.7767 -0.5403
vn 0.1770 -0.6815 -0.7101
vn 0.1038 -0.6224 -0.7758
vn -0.0390 -0.4873 -0.8724
vn -0.1086 -0.4124 -0.9045
vn -0.2439 -0.2480 -0.9376
vn -0.3097 -0.1584 -0.9375
vn -0.4345 0.0355 -0.9000
vn -0.4926 0.1399 -0.8589
vn -0.5890 0.3535 -0.7267
vn -0.6242 0.4611 -0.6306
vn -0.6453 0.5565 -0.5233
vn -0.6454 0.5567 -0.5230
vn 0.6187 -0.7791 0.1014
vn 0.5803 -0.8134 -0.0410
vn 0.6188 -0.7789 0.1019
vn 0.5271 -0.8293 -0.1855
vn 0.3987 -0.8068 -0.4360
vn 0.3265 -0.7739 -0.5427
vn 0.1799 -0.6778 -0.7129
vn 0.1068 -0.6184 -0.7786
vn -0.0359 -0.4831 -0.8748
vn -0.1054 -0.4081 -0.9068
vn -0.2406 -0.2440 -0.9395
vn -0.3065 -0.1547 -0.9392
vn -0.4314 0.0385 -0.9013
vn -0.4897 0.1425 -0.8602
vn -0.5868 0.3551 -0.7277
vn -0.6226 0.4622 -0.6314
vn -0.6444 0.5573 -0.5236
vn -0.0988 -0.9779 -0.1844
vn -0.0996 -0.9554 -0.2779
vn -0.0914 -0.7386 -0.6679
vn -0.0946 -0.9955 -0.0000
vn -0.0876 -0.6781 -0.7298
vn -0.0996 -0.9554 -0.2780
vn -0.0727 -0.4702 -0.8795
vn -0.0876 -0.6780 -0.7298
vn -0.0724 -0.4701 -0.8796
vn -0.0728 -0.4722 -0.8785
vn -0.0876 -0.6779 -0.7299
vn -0.0995 -0.9241 -0.3689
vn -0.0831 -0.6122 -0.7863
vn -0.0732 -0.4700 -0.8796
vn -0.0728 -0.4694 -0.8800
vn 0.1133 -0.3180 -0.9413
vn -0.0756 -0.3858 -0.9195
vn 0.4247 -0.0000 -0.9053
vn 0.3525 -0.1047 -0.9299
vn 0.0681 -0.1833 -0.9807
vn -0.0817 -0.0000 -0.9967
vn 0.1798 -0.0000 -0.9837
vn 0.1133 0.3180 -0.9413
vn -0.0756 0.3858 -0.9195
vn -0.0727 0.4686 -0.8804
vn -0.0732 0.4700 -0.8796
vn -0.0831 0.6122 -0.7863
vn 0.0736 0.1706 -0.9826
vn -0.0728 0.4722 -0.8785
vn -0.0876 0.6779 -0.7299
vn -0.0995 0.9241 -0.3689
vn -0.0996 0.9554 -0.2780
vn -0.0946 0.9955 -0.0000
vn -0.0876 0.6780 -0.7298
vn -0.0996 0.9554 -0.2779
vn -0.0724 0.4701 -0.8796
vn -0.0876 0.6781 -0.7297
vn -0.0727 0.4702 -0.8795
vn -0.0914 0.7387 -0.6678
vn -0.0988 0.9779 -0.1844
vn -0.8386 -0.0046 -0.5447
vn -1.0000 -0.0000 0.0043
vn -0.8386 0.0049 -0.5447
vn -0.8177 -0.2378 -0.5242
vn -0.7983 -0.0000 -0.6023
vn -0.8177 0.2378 -0.5242
vn -0.1939 0.2454 -0.9498
vn 0.0572 -0.2831 -0.9574
vn -0.3684 0.3348 -0.8673
vn -0.0756 0.3760 -0.9235
vn 0.3598 0.0964 -0.9280
vn -0.0759 0.3755 -0.9237
vn -0.1933 -0.2513 -0.9484
vn 0.0478 0.2557 -0.9656
vn -0.3685 -0.3348 -0.8673
vn -0.2541 -0.0000 -0.9672
vn -0.0815 -0.0000 -0.9967
vn -0.0756 -0.3760 -0.9235
vn -0.0759 -0.3755 -0.9237
vn -0.0598 -0.7157 -0.6958
vn -0.0670 -0.6221 -0.7801
vn -0.0598 -0.7154 -0.6961
vn -0.0733 -0.5171 -0.8528
vn -0.0817 -0.2949 -0.9520
vn -0.0842 -0.1787 -0.9803
vn -0.0850 0.1144 -0.9898
vn -0.0784 0.4016 -0.9125
vn -0.0735 0.5121 -0.8558
vn -0.0600 0.7126 -0.6990
vn -0.0512 0.8009 -0.5966
vn -0.0306 0.9337 -0.3568
vn -0.0187 0.9759 -0.2176
vn 0.0058 0.9977 0.0671
vn 0.0183 0.9770 0.2126
vn 0.0302 0.9359 0.3511
vn -0.0988 -0.9779 0.1844
vn -0.0914 -0.7386 0.6679
vn -0.0996 -0.9554 0.2780
vn -0.0876 -0.6781 0.7298
vn -0.0727 -0.4702 0.8795
vn -0.0876 -0.6780 0.7298
vn -0.0728 -0.4706 0.8794
vn -0.0876 -0.6779 0.7299
vn -0.0728 -0.4722 0.8785
vn -0.0995 -0.9241 0.3689
vn -0.0831 -0.6122 0.7863
vn -0.0732 -0.4701 0.8796
vn -0.0727 -0.4686 0.8804
vn -0.0732 0.4701 0.8796
vn -0.0831 0.6122 0.7863
vn -0.0728 0.4694 0.8800
vn -0.0876 0.6779 0.7299
vn -0.0728 0.4722 0.8785
vn -0.0995 0.9241 0.3689
vn -0.0996 0.9554 0.2780
vn -0.0876 0.6780 0.7298
vn -0.0876 0.6781 0.7297
vn -0.0724 0.4702 0.8796
vn -0.0996 0.9554 0.2779
vn -0.0914 0.7386 0.6679
vn -0.0727 0.4702 0.8795
vn -0.0988 0.9779 0.1844
vn -0.0759 0.3754 0.9238
vn -0.0756 0.3759 0.9236
vn -0.0816 -0.0000 0.9967
vn -0.0815 -0.0000 0.9967
vn -0.0759 -0.3759 0.9236
vn -0.0756 -0.3759 0.9236
vn -0.0143 -0.9873 0.1583
vn -0.0122 -0.9769 0.2132
vn -0.0146 -0.9674 0.2529
vn -0.0098 -0.9773 0.2117
vn -0.3465 -0.4550 0.8203
vn -0.3086 -0.7392 0.5986
vn -0.1421 -0.9217 0.3609
vn -0.2310 -0.8820 0.4108
vn -0.3900 -0.0000 0.9208
vn -0.4981 -0.2656 0.8254
vn -0.4981 0.2656 0.8254
vn -0.5664 -0.0000 0.8241
vn -0.0142 0.9873 0.1584
vn -0.0122 0.9769 0.2133
vn -0.0146 0.9674 0.2528
vn -0.0098 0.9773 0.2118
vn -0.2310 0.8820 0.4108
vn -0.1421 0.9217 0.3609
vn -0.3465 0.4550 0.8203
vn -0.3086 0.7392 0.5986
vn -0.6428 -0.1012 0.7593
vn -0.6461 -0.0000 0.7633
vn -0.6427 0.1012 0.7594
vn -0.0047 -0.9950 0.0998
vn -0.0092 -0.9810 0.1939
vn -0.0092 0.9810 0.1939
vn -0.0047 0.9950 0.0998
vn 0.0943 -0.9955 -0.0036
vn 0.0942 -0.9955 -0.0036
vn 0.0761 -0.9971 -0.0000
vn 0.1124 -0.9936 -0.0071
vn 0.0905 -0.9959 0.0086
vn 0.1063 -0.9943 -0.0000
vn 0.0748 -0.9970 0.0172
vn 0.9977 -0.0676 -0.0003
vn 0.9829 -0.1841 -0.0003
vn 0.9922 -0.1244 -0.0000
vn 0.9982 -0.0606 -0.0002
vn 0.9991 0.0428 0.0002
vn 0.9840 -0.1780 -0.0000
vn 0.9993 0.0387 -0.0000
vn 0.9913 -0.1316 -0.0000
vn 0.9518 -0.3066 -0.0000
vn 0.9393 -0.3432 -0.0000
vn 0.8461 -0.5330 -0.0000
vn 0.8025 -0.5967 -0.0000
vn 0.7761 -0.6306 -0.0000
vn 0.8634 -0.5044 -0.0000
vn 0.8966 -0.4429 -0.0000
vn 0.9114 -0.4115 -0.0000
vn 0.7483 -0.6633 -0.0000
vn -0.1063 -0.9943 -0.0000
vn -0.0905 -0.9959 0.0086
vn -0.0748 -0.9970 0.0172
vn -0.0024 -0.0652 0.9979
vn -0.0048 -0.0634 0.9980
vn -0.0048 0.0634 0.9980
vn -0.0024 0.0652 0.9979
vn -0.0089 0.2623 -0.9649
vn -0.0094 0.2619 -0.9650
vn -0.0188 0.2539 -0.9670
vn 0.7166 0.6960 0.0457
vn 0.7166 0.6960 0.0456
vn 0.7125 0.7009 0.0320
vn 0.7205 0.6910 0.0593
vn -0.9995 -0.0082 0.0321
vn -0.9989 -0.0145 0.0456
vn 0.3807 0.9191 0.1015
vn 0.3807 0.9191 0.1016
vn -0.9191 0.3807 0.1015
vn -0.9191 0.3807 0.1014
vn -0.9995 0.0082 0.0321
vn -0.9989 0.0145 0.0457
vn -0.9989 0.0145 0.0456
vn 0.7125 -0.7009 0.0320
vn 0.7166 -0.6960 0.0456
vn -0.9191 -0.3807 0.1015
vn 0.3807 -0.9191 0.1014
vn 0.3807 -0.9191 0.1015
vn 0.9191 -0.3807 0.1015
vn -0.9980 -0.0208 0.0591
vn 0.7205 -0.6909 0.0594
vn -0.9980 0.0208 0.0591
vn 0.9999 -0.0000 -0.0164
vn 1.0000 -0.0000 -0.0098
vn 0.9997 -0.0000 -0.0251
vn 1.0000 -0.0000 -0.0003
vn 1.0000 -0.0000 -0.0002
vn 1.0000 -0.0000 -0.0042
vn 1.0000 -0.0000 -0.0062
vn 0.9488 -0.0000 -0.3160
vn 0.7812 -0.0000 -0.6242
vn 0.7551 -0.0000 -0.6556
vn 0.6597 -0.0000 -0.7516
vn -1.0000 -0.0000 -0.0068
vn -0.9999 -0.0000 -0.0117
vn -1.0000 -0.0000 -0.0039
vn -1.0000 -0.0000 0.0005
vn -1.0000 -0.0000 0.0004
vn 0.6594 -0.0000 -0.7518
vn 0.5854 -0.0000 -0.8107
vn 0.3992 0.8799 0.2577
vn 0.3282 0.9183 0.2214
vn 0.3471 0.9022 0.2561
vn 0.2891 0.9067 0.3070
vn 0.3298 0.9339 0.1383
vn 0.2973 0.9025 0.3115
vn 0.3333 0.9400 0.0730
vn 0.2769 0.8686 0.4110
vn 0.3370 0.9385 0.0752
vn -0.0001 0.9805 0.1964
vn -0.0000 0.9779 0.2089
vn -0.0000 0.9745 0.2243
vn -0.0000 0.9738 0.2274
vn -0.0796 -0.5665 0.8202
vn -0.0794 -0.5747 0.8145
vn -0.0792 -0.5631 0.8226
vn -0.0784 -0.5861 0.8065
vn -0.0788 -0.5863 0.8063
vn -0.0788 -0.5770 0.8129
vn -0.0791 -0.5660 0.8206
vn -0.0794 -0.5857 0.8067
vn -0.0790 -0.5865 0.8061
vn -0.0795 -0.6121 0.7867
vn -0.0796 -0.6121 0.7868
vn -0.9937 -0.0629 0.0925
vn -0.9937 -0.0629 0.0923
vn -0.9937 -0.0628 0.0926
vn 0.1374 0.0965 0.9858
vn -0.9302 0.3296 0.1613
vn -0.6782 -0.5658 0.4689
vn -0.8349 0.3468 0.4274
vn -0.9912 0.0545 -0.1208
vn -0.7651 -0.6384 0.0837
vn -0.7023 0.7075 -0.0793
vn -0.2908 0.9384 0.1867
vn -0.2275 0.9024 0.3659
vn -0.7264 0.4820 0.4900
vn -0.6547 -0.5463 0.5225
vn 0.7249 0.6048 0.3298
vn 0.0449 0.8903 0.4532
vn 0.2056 0.9493 0.2376
vn 0.8711 -0.4542 0.1867
vn 0.9708 0.0323 0.2376
vn 0.8839 -0.1152 0.4532
vn 0.8471 -0.3854 0.3659
vn 0.1916 -0.8835 0.4274
vn 0.3441 -0.8010 0.4899
vn 0.1576 -0.9742 0.1613
vn 0.5703 -0.8176 -0.0792
vn -0.1239 -0.9849 -0.1208
vn -0.7596 -0.6338 -0.1457
vn 0.6875 0.5736 0.4453
vn -0.1760 0.1759 -0.9685
vn -0.1760 -0.1760 -0.9685
vn -0.1759 0.1759 -0.9685
vn 0.6769 0.7341 0.0538
vn 0.8443 0.5357 -0.0095
vn 0.8420 0.5370 -0.0518
vn 0.8409 0.5388 -0.0501
vn -0.5366 0.8438 -0.0117
vn -0.5377 0.8415 -0.0515
vn 0.8420 -0.5371 -0.0518
vn 0.8369 -0.5470 -0.0178
vn 0.8443 -0.5357 -0.0100
vn -0.5387 0.8410 -0.0501
vn 0.8409 -0.5389 -0.0501
vn 0.6862 -0.7271 -0.0229
vn 0.8306 -0.5567 0.0165
vn 0.8166 -0.5773 -0.0000
vn 0.1826 -0.9228 0.3393
vn 0.1783 -0.9229 0.3412
vn 0.2355 -0.8612 0.4505
vn 0.1150 -0.9672 0.2265
vn -0.1708 -0.9109 -0.3757
vn -0.1458 -0.9094 -0.3896
vn -0.2182 -0.9178 -0.3316
vn -0.2230 -0.9230 -0.3137
vn -0.0812 -0.9928 0.0876
vn -0.1190 -0.9897 0.0790
vn 0.2332 0.8624 0.4493
vn 0.1775 0.9237 0.3396
vn 0.1817 0.9235 0.3377
vn 0.1145 0.9675 0.2254
vn -0.1429 0.9067 -0.3969
vn -0.1477 0.9070 -0.3945
vn -0.1588 0.9082 -0.3871
vn -0.1436 0.9110 -0.3866
vn -0.0281 0.9994 0.0194
vn -0.0478 0.9988 0.0120
vn -0.1588 0.9083 -0.3870
vn -0.2342 -0.8611 0.4513
vn -0.1783 -0.9229 0.3412
vn -0.1826 -0.9228 0.3393
vn -0.1150 -0.9672 0.2265
vn 0.1708 -0.9109 -0.3757
vn 0.1458 -0.9094 -0.3895
vn 0.2182 -0.9178 -0.3317
vn 0.2230 -0.9230 -0.3137
vn 0.0812 -0.9928 0.0876
vn 0.1190 -0.9897 0.0790
vn -0.1817 0.9235 0.3378
vn -0.1775 0.9237 0.3396
vn -0.2345 0.8624 0.4486
vn -0.1145 0.9675 0.2255
vn 0.1429 0.9067 -0.3969
vn 0.1477 0.9070 -0.3945
vn 0.1588 0.9083 -0.3871
vn 0.1436 0.9110 -0.3866
vn 0.0282 0.9994 0.0194
vn 0.0478 0.9988 0.0120
vn 0.7440 0.6207 0.2474
vn 0.1710 0.5343 -0.8278
vn 0.3940 0.3308 -0.8575
vn 0.1811 0.5431 -0.8199
vn 0.4020 0.3373 -0.8513
vn -0.3905 0.8678 -0.3073
vn -0.6406 0.7678 -0.0000
vn -0.4277 0.8437 -0.3243
vn -0.3350 0.8391 -0.4285
vn -0.5349 0.8145 -0.2249
vn -0.7417 0.5482 0.3864
vn -0.7580 0.5354 0.3725
vn -0.6885 0.2144 0.6928
vn -0.6569 0.2359 0.7161
vn -0.6407 0.7678 -0.0001
vn 0.5706 0.0881 -0.8165
vn 0.5656 0.0840 -0.8204
vn -1.0000 -0.0000 -0.0051
vn -0.7067 0.7075 -0.0021
vn -0.6942 0.7198 -0.0022
vn -0.8336 -0.5524 -0.0020
vn -0.8336 0.5523 0.0021
vn -0.1497 0.9887 -0.0000
vn -0.7450 0.6671 0.0035
vn -1.0000 -0.0000 0.0051
vn -0.7067 -0.7075 0.0021
vn -0.6942 -0.7198 0.0022
vn -0.1497 -0.9887 -0.0000
vn -0.7449 -0.6671 -0.0035
vn -0.4561 0.8899 -0.0000
vn -0.7030 0.7112 -0.0000
vn -0.9830 0.1836 -0.0000
vn -0.4561 -0.8899 -0.0000
vn -0.7030 -0.7112 -0.0000
vn -0.9830 -0.1836 -0.0000
vn 0.1497 0.9887 -0.0000
vn 0.6942 0.7198 -0.0022
vn 0.7067 0.7075 -0.0021
vn 1.0000 -0.0000 -0.0051
vn 0.7450 0.6671 0.0022
vn 0.8336 0.5523 0.0021
vn 0.1497 -0.9887 -0.0000
vn 0.6942 -0.7198 0.0021
vn 0.7067 -0.7075 0.0021
vn 1.0000 -0.0000 0.0051
vn 0.8336 -0.5523 -0.0020
vn 0.7449 -0.6671 -0.0022
vn 0.4561 -0.8899 0.0001
vn 0.7030 -0.7112 0.0001
vn 0.4561 0.8899 -0.0000
vn 0.7030 0.7112 -0.0001
vn 0.9830 0.1836 -0.0000
vn 0.9830 -0.1836 -0.0001
vn -0.6365 0.7632 -0.1115
vn -0.7119 0.6933 -0.1119
vn -0.6405 0.7680 -0.0000
vn -0.7119 0.6933 0.1119
vn -0.6365 0.7632 0.1115
vn -0.7163 0.6978 -0.0000
vn -0.7796 0.6164 0.1110
vn -0.7845 0.6202 -0.0000
vn -0.7796 0.6164 0.1109
vn -0.7845 0.6201 -0.0000
vn -0.7796 0.6164 -0.1110
vn -0.7796 0.6164 -0.1109
vn -0.6843 0.7292 0.0036
vn -0.6844 0.7291 -0.0000
vn -0.6843 0.7292 -0.0036
vn 0.6842 -0.7291 -0.0162
vn 0.6842 -0.7293 -0.0000
vn 0.6842 -0.7291 0.0162
vn -0.0000 0.9897 0.1434
vn -0.0000 0.9911 0.1331
vn 0.3707 0.9177 0.1428
vn -0.0000 0.9924 -0.1234
vn 0.0307 0.9731 -0.2282
vn 0.9127 0.3476 0.2149
vn 0.9660 0.2466 0.0772
vn 0.6857 0.6757 0.2706
vn -0.3708 0.9177 0.1428
vn -0.0307 0.9731 -0.2282
vn -0.9660 0.2468 0.0773
vn -0.9127 0.3476 0.2150
vn -0.6857 0.6757 0.2706
vn -0.8522 -0.5232 -0.0000
vn -0.8251 -0.5650 -0.0000
vn -0.9199 -0.3922 -0.0000
vn -0.5694 -0.8221 -0.0000
vn 0.8602 -0.5099 -0.0000
vn 0.6798 -0.7334 -0.0000
vn 0.8840 -0.4675 -0.0000
vn 0.5208 -0.8537 -0.0000
vn 0.9420 -0.3355 -0.0000
vn -0.5693 -0.8221 -0.0000
vn -0.1115 -0.9938 -0.0000
vn 0.1279 -0.9918 -0.0000
vn 0.8251 -0.5650 -0.0000
vn 0.8522 -0.5232 -0.0000
vn 0.9199 -0.3922 -0.0000
vn 0.5694 -0.8221 -0.0000
vn 0.5693 -0.8221 -0.0000
vn -0.9420 -0.3355 -0.0000
vn -0.8840 -0.4675 -0.0000
vn -0.8602 -0.5099 -0.0000
vn -0.6798 -0.7334 -0.0000
vn -0.5208 -0.8537 -0.0000
vn -0.1279 -0.9918 -0.0000
vn 0.1115 -0.9938 -0.0000
vn -0.0004 0.0006 -1.0000
vn -0.0005 0.0007 -1.0000
vn -0.0006 0.0008 -1.0000
vn -0.0005 0.0007 1.0000
vn -0.0004 0.0006 1.0000
vn -0.0006 0.0008 1.0000
vn -0.3359 -0.8388 -0.4285
vn -0.4286 -0.8433 -0.3243
vn -0.3914 -0.8674 -0.3073
vn -0.5357 -0.8139 -0.2249
vn -0.7552 -0.5348 0.3790
vn -0.6415 -0.7672 -0.0000
vn -0.7589 -0.5319 0.3757
vn -0.7099 -0.1898 0.6782
vn -0.7031 -0.1947 0.6840
vn 0.6954 0.6780 -0.2383
vn 0.6955 0.6778 -0.2384
vn 0.7092 0.6622 -0.2417
vn 0.6813 0.6933 -0.2349
vn 0.7433 -0.6215 0.2475
vn 0.7433 -0.6215 0.2474
vn 0.1545 0.0740 -0.9852
vn 0.0717 0.1567 -0.9850
vn 0.0041 0.0041 -1.0000
vn -0.0868 -0.0762 -0.9933
vn 0.0026 0.0015 -1.0000
vn 0.3314 0.2563 -0.9080
vn 0.2468 0.1676 -0.9545
vn 0.1614 -0.0594 -0.9851
vn 0.1616 0.0575 -0.9852
vn 0.0057 -0.0000 -1.0000
vn -0.1153 0.0063 -0.9933
vn 0.0028 -0.0008 -1.0000
vn 0.4154 -0.0555 -0.9079
vn 0.2947 -0.0566 -0.9539
vn -0.0729 0.1555 -0.9851
vn -0.1556 0.0729 -0.9851
vn -0.0041 0.0041 -1.0000
vn 0.0768 -0.0862 -0.9933
vn -0.0015 0.0025 -1.0000
vn -0.2552 0.3323 -0.9080
vn -0.1681 0.2479 -0.9541
vn 0.0579 0.1615 -0.9852
vn -0.0591 0.1616 -0.9851
vn -0.0000 0.0058 -1.0000
vn -0.0070 -0.1152 -0.9933
vn 0.0008 0.0028 -1.0000
vn 0.0540 0.4155 -0.9080
vn 0.0469 0.3109 -0.9493
vn -0.1548 -0.0736 -0.9852
vn -0.0721 -0.1564 -0.9851
vn -0.0041 -0.0041 -1.0000
vn 0.0866 0.0764 -0.9933
vn -0.0025 -0.0015 -1.0000
vn -0.3317 -0.2559 -0.9080
vn -0.2471 -0.1677 -0.9544
vn -0.1615 0.0589 -0.9851
vn -0.1615 -0.0580 -0.9852
vn -0.0057 -0.0000 -1.0000
vn 0.1153 -0.0065 -0.9933
vn -0.0028 0.0008 -1.0000
vn -0.4154 0.0550 -0.9080
vn -0.2942 0.0565 -0.9541
vn 0.0735 -0.1549 -0.9852
vn 0.1562 -0.0722 -0.9851
vn 0.0041 -0.0041 -1.0000
vn -0.0765 0.0866 -0.9933
vn 0.0015 -0.0025 -1.0000
vn 0.2558 -0.3317 -0.9080
vn 0.1678 -0.2472 -0.9543
vn -0.0031 -0.0081 -1.0000
vn 0.0581 -0.1616 -0.9851
vn 0.0011 -0.0063 -1.0000
vn -0.1636 -0.4545 -0.8756
vn -0.0821 -0.4613 -0.8834
vn -0.0549 -0.4154 -0.9080
vn -0.0001 -0.0064 -1.0000
vn 0.0270 0.2032 -0.9788
vn -0.0033 -0.0081 -1.0000
vn -0.0008 -0.0029 -1.0000
vn -0.0773 -0.0857 -0.9933
vn 0.2541 0.3334 -0.9079
vn -0.1152 -0.0072 -0.9933
vn 0.4155 0.0537 -0.9080
vn 0.0862 -0.0768 -0.9933
vn -0.3324 0.2552 -0.9079
vn 0.0064 -0.1152 -0.9933
vn -0.0551 0.4154 -0.9080
vn 0.0772 0.0859 -0.9933
vn -0.2544 -0.3330 -0.9080
vn 0.1152 0.0069 -0.9933
vn -0.4155 -0.0541 -0.9080
vn -0.0859 0.0771 -0.9933
vn 0.3330 -0.2545 -0.9079
vn -0.0069 0.1152 -0.9933
vn 0.0543 -0.4155 -0.9080
vn -0.0018 -0.0022 -1.0000
vn 0.2116 0.4064 -0.8889
vn 0.4392 0.6879 -0.5778
vn 0.4973 0.6458 -0.5794
vn 0.0008 -0.0028 -1.0000
vn -0.1378 0.4370 -0.8888
vn -0.1760 0.7970 -0.5778
vn -0.1050 0.8083 -0.5793
vn 0.0025 -0.0015 -1.0000
vn -0.4064 0.2116 -0.8889
vn -0.6879 0.4392 -0.5778
vn -0.6457 0.4974 -0.5794
vn 0.0028 0.0008 -1.0000
vn -0.4370 -0.1378 -0.8889
vn -0.7970 -0.1759 -0.5778
vn -0.8083 -0.1050 -0.5793
vn 0.0015 0.0025 -1.0000
vn -0.2116 -0.4064 -0.8889
vn -0.4392 -0.6879 -0.5778
vn -0.4973 -0.6458 -0.5793
vn -0.0008 0.0028 -1.0000
vn 0.1377 -0.4370 -0.8889
vn 0.1759 -0.7970 -0.5778
vn 0.1050 -0.8083 -0.5793
vn -0.0025 0.0015 -1.0000
vn 0.4064 -0.2116 -0.8889
vn 0.6879 -0.4392 -0.5778
vn 0.6458 -0.4974 -0.5792
vn -0.0028 -0.0008 -1.0000
vn 0.5225 0.1648 -0.8366
vn 0.7970 0.1759 -0.5778
vn 0.8082 0.1049 -0.5795
vn -0.0059 0.0024 -1.0000
vn 0.0664 -0.0400 -0.9970
vn 0.4066 -0.1684 -0.8979
vn 0.1517 0.0113 -0.9884
vn 0.1195 0.0099 -0.9928
vn 0.0915 -0.0775 -0.9928
vn 0.4800 -0.1990 -0.8544
vn 0.8673 -0.3596 -0.3442
vn -0.7087 0.2934 -0.6416
vn -0.1618 0.0670 -0.9845
vn -0.7088 0.2935 -0.6415
vn 0.8675 -0.3596 -0.3437
vn 0.0753 -0.0187 -0.9970
vn 0.2535 -0.1868 -0.9491
vn -0.1674 -0.0693 -0.9835
vn -0.7067 -0.2927 -0.6441
vn -0.0847 -0.0351 -0.9958
vn 0.1154 0.0992 -0.9884
vn 0.3562 0.1470 -0.9228
vn 0.0775 0.0915 -0.9928
vn 0.4337 0.1798 -0.8829
vn 0.8687 0.3598 -0.3405
vn -0.0399 -0.0820 -0.9958
vn -0.7069 -0.2928 -0.6439
vn 0.8687 0.3598 -0.3404
vn 0.3102 0.0468 -0.9495
vn -0.0863 0.0298 -0.9958
vn -0.0699 -0.1686 -0.9832
vn -0.2935 -0.7085 -0.6417
vn -0.0137 -0.0331 -0.9994
vn 0.0111 0.1514 -0.9884
vn 0.1384 0.3332 -0.9326
vn -0.0099 0.1195 -0.9928
vn 0.2200 0.5319 -0.8177
vn 0.3588 0.8682 -0.3427
vn 0.0344 0.0464 -0.9983
vn 0.1682 0.2483 -0.9540
vn -0.2934 -0.7081 -0.6423
vn 0.3588 0.8677 -0.3439
vn 0.0187 0.0754 -0.9970
vn 0.0487 -0.1176 -0.9919
vn 0.2934 -0.7083 -0.6420
vn 0.0130 -0.0329 -0.9994
vn -0.0188 0.0755 -0.9970
vn -0.1684 0.4065 -0.8980
vn -0.1059 0.1059 -0.9887
vn -0.0915 0.0775 -0.9928
vn -0.1988 0.4800 -0.8544
vn -0.3595 0.8679 -0.3428
vn 0.2934 -0.7084 -0.6419
vn -0.0356 -0.0479 -0.9982
vn -0.0471 0.3111 -0.9492
vn 0.0056 -0.0023 -1.0000
vn -0.0666 0.0401 -0.9970
vn -0.5317 0.2205 -0.8177
vn -0.1485 -0.0002 -0.9889
vn -0.1195 -0.0099 -0.9928
vn -0.8678 0.3600 -0.3425
vn -0.8675 0.3598 -0.3434
vn -0.3691 0.1528 -0.9167
vn 0.7085 -0.2935 -0.6417
vn 0.1612 -0.0668 -0.9847
vn 0.7080 -0.2931 -0.6425
vn 0.0086 -0.0589 -0.9982
vn -0.2531 0.1866 -0.9493
vn 0.1678 0.0695 -0.9834
vn 0.7073 0.2930 -0.6434
vn 0.0319 0.0133 -0.9994
vn -0.1152 -0.0992 -0.9884
vn -0.3560 -0.1473 -0.9228
vn -0.0775 -0.0915 -0.9928
vn -0.4800 -0.1989 -0.8544
vn -0.8684 -0.3597 -0.3413
vn 0.0399 0.0820 -0.9958
vn 0.7072 0.2929 -0.6435
vn -0.8684 -0.3597 -0.3414
vn 0.0476 -0.0357 -0.9982
vn -0.3105 -0.0469 -0.9494
vn 0.0489 0.1179 -0.9918
vn 0.2935 0.7087 -0.6415
vn 0.0137 0.0330 -0.9994
vn -0.0401 -0.0665 -0.9970
vn -0.1682 -0.4066 -0.8980
vn 0.0001 -0.1485 -0.9889
vn 0.0099 -0.1195 -0.9928
vn -0.1988 -0.4800 -0.8545
vn -0.3593 -0.8677 -0.3435
vn -0.0565 -0.2944 -0.9540
vn 0.2935 0.7085 -0.6417
vn -0.3593 -0.8677 -0.3436
vn -0.0187 -0.0754 -0.9970
vn -0.1868 -0.2535 -0.9491
vn -0.0695 0.1679 -0.9834
vn -0.2930 0.7074 -0.6432
vn -0.0133 0.0321 -0.9994
vn 0.0992 -0.1151 -0.9884
vn 0.1473 -0.3559 -0.9228
vn 0.1989 -0.4800 -0.8544
vn 0.3597 -0.8683 -0.3416
vn -0.0820 0.0400 -0.9958
vn 0.3597 -0.8684 -0.3415
vn 0.0357 0.0476 -0.9982
vn 0.0469 -0.3105 -0.9494
vn -0.0000 -0.6780 -0.7350
vn 0.4796 -0.4795 -0.7349
vn 0.6782 -0.0000 -0.7349
vn -0.0000 0.6780 -0.7350
vn 0.4795 0.4795 -0.7350
vn -0.4795 0.4795 -0.7350
vn -0.6780 -0.0000 -0.7350
vn -0.4796 -0.4795 -0.7349
vn 0.1174 0.5223 -0.8446
vn 0.2456 0.7800 -0.5756
vn 0.3146 0.1819 -0.9316
vn 0.7068 0.4085 -0.5775
vn 0.1064 0.7918 -0.6014
vn -0.2291 0.3965 -0.8890
vn -0.4085 0.7068 -0.5776
vn -0.4423 0.1183 -0.8890
vn -0.7887 0.2109 -0.5775
vn -0.3964 -0.2291 -0.8890
vn -0.7072 -0.4086 -0.5770
vn -0.1183 -0.4423 -0.8890
vn -0.2109 -0.7885 -0.5777
vn 0.2291 -0.3964 -0.8890
vn 0.4085 -0.7068 -0.5775
vn 0.4423 -0.1183 -0.8890
vn 0.7889 -0.2110 -0.5771
vn 0.8086 -0.1052 -0.5789
vn 0.4974 -0.6458 -0.5792
vn -0.1050 -0.8083 -0.5793
vn -0.6458 -0.4973 -0.5793
vn -0.8083 0.1050 -0.5793
vn -0.4973 0.6457 -0.5794
vn 0.6458 0.4974 -0.5793
vn 0.4795 -0.4795 -0.7350
vn 0.4798 0.4798 -0.7345
vn -0.4795 -0.4795 -0.7350
vn -0.7302 -0.0000 -0.6832
vn -0.6589 -0.0000 -0.7522
vn -0.6587 -0.0000 -0.7524
vn -0.9262 -0.0000 -0.3770
vn -0.7225 -0.0000 -0.6914
vn -1.0000 -0.0000 0.0009
vn -1.0000 -0.0000 0.0007
vn -1.0000 -0.0000 -0.0038
vn -1.0000 -0.0000 -0.0047
vn -1.0000 -0.0000 -0.0052
vn -1.0000 -0.0000 -0.0020
vn -0.5716 -0.0000 -0.8205
vn -0.5716 -0.0000 -0.8206
vn -1.0000 -0.0000 0.0017
vn -1.0000 -0.0000 0.0057
vn 0.9987 0.0457 0.0209
vn 0.9999 0.0082 -0.0112
vn 0.9966 0.0608 -0.0548
vn 0.9996 -0.0050 0.0270
vn -0.9996 -0.0151 0.0238
vn -0.9998 0.0177 -0.0016
vn -0.9987 0.0456 0.0210
vn -0.9999 0.0043 -0.0131
vn -0.9996 -0.0040 0.0273
vn 0.9938 0.0657 -0.0892
vn 0.9938 0.0644 -0.0901
vn -0.9939 0.0656 -0.0891
vn -0.9964 0.0604 -0.0603
vn -0.9939 0.0655 -0.0891
vn -0.9939 0.0643 -0.0900
vn 0.9938 0.0638 -0.0910
vn 0.9974 0.0414 -0.0584
vn -0.9938 0.0635 -0.0909
vn -0.9974 0.0412 -0.0584
vn -0.9986 0.0296 -0.0428
vn -0.0047 0.7895 0.6137
vn 0.9996 -0.0151 0.0237
vn 0.9986 0.0292 -0.0430
vn -0.5375 -0.8417 -0.0514
vn -0.5461 -0.8375 -0.0189
vn -0.5367 -0.8437 -0.0128
vn 0.8420 -0.5370 -0.0518
vn 0.8444 -0.5357 -0.0104
vn 0.8410 -0.5388 -0.0501
vn -0.5389 -0.8409 -0.0501
vn -0.5543 -0.8322 0.0138
vn -0.5715 -0.8206 -0.0000
vn 0.4732 -0.8809 -0.0109
vn -0.5367 -0.8437 -0.0126
vn -0.5388 -0.8409 -0.0501
vn 0.4884 -0.8726 0.0032
vn -0.5726 -0.4778 0.6662
vn -0.6013 -0.5017 0.6219
vn -0.6349 -0.5298 0.5623
vn -0.5418 -0.4520 0.7086
vn -0.6412 -0.5350 0.5501
vn -0.6386 -0.5712 0.5157
vn -0.6723 -0.5553 0.4895
vn -0.5964 -0.6517 0.4686
vn -0.5948 -0.6509 0.4718
vn -0.6878 -0.5192 0.5073
vn -0.7456 -0.4538 0.4880
vn -0.7357 -0.4408 0.5142
vn 0.6346 0.5296 0.5629
vn 0.6013 0.5017 0.6219
vn 0.5725 0.4777 0.6663
vn 0.6412 0.5350 0.5501
vn 0.6764 0.5259 0.5157
vn 0.6334 0.5838 0.5079
vn 0.6668 0.5620 0.4895
vn 0.7481 0.4700 0.4685
vn 0.7469 0.4686 0.4717
vn 0.5418 0.4520 0.7086
vn 0.5801 0.6522 0.4880
vn 0.5655 0.6449 0.5142
vn 0.3129 0.9445 -0.1002
vn 0.3153 0.9490 -0.0000
vn 0.3149 0.9442 -0.0962
vn 0.3143 0.9443 0.0973
vn 0.3129 0.9445 0.1002
vn 0.3171 0.9484 -0.0000
vn 0.6342 -0.5302 0.5628
vn 0.6008 -0.5024 0.6218
vn 0.5723 -0.4785 0.6660
vn 0.6407 -0.5357 0.5501
vn 0.6380 -0.5719 0.5157
vn 0.6873 -0.5197 0.5075
vn 0.6717 -0.5560 0.4895
vn 0.5956 -0.6522 0.4689
vn 0.5941 -0.6515 0.4718
vn 0.5413 -0.4526 0.7086
vn 0.7451 -0.4546 0.4880
vn 0.7353 -0.4416 0.5141
vn -0.5723 0.4785 0.6660
vn -0.6008 0.5024 0.6218
vn -0.6342 0.5302 0.5627
vn -0.5413 0.4526 0.7086
vn -0.6407 0.5357 0.5501
vn -0.6758 0.5266 0.5157
vn -0.6662 0.5627 0.4895
vn -0.7475 0.4708 0.4686
vn -0.7464 0.4693 0.4718
vn -0.6328 0.5845 0.5079
vn -0.5794 0.6528 0.4881
vn -0.5648 0.6455 0.5141
vn -0.2115 0.6731 -0.7086
vn -0.1705 0.7799 -0.6023
vn -0.0748 0.5456 -0.8347
vn -0.0889 0.6755 -0.7319
vn -0.0875 0.7995 -0.5942
vn 0.0002 0.6891 -0.7247
vn -0.0012 0.4103 -0.9120
vn -0.0015 0.0457 -0.9990
vn 0.0886 0.6728 -0.7345
vn 0.0768 0.5427 -0.8364
vn 0.1686 0.6761 -0.7173
vn 0.1861 0.7680 -0.6129
vn -0.0000 0.0228 -0.9997
vn 0.3400 0.6288 -0.6993
vn 0.1083 0.5979 -0.7942
vn 0.0960 0.7961 -0.5976
vn 0.2160 0.5461 -0.8094
vn -0.0015 0.3034 -0.9529
vn -0.0008 0.5300 -0.8480
vn -0.1057 0.5875 -0.8023
vn -0.1852 0.5806 -0.7928
vn -0.1064 0.6118 -0.7838
vn -0.0000 0.0230 -0.9997
vn 0.2779 0.8996 0.3368
vn 0.2636 0.8773 0.4011
vn 0.4464 0.7111 0.5433
vn 0.3401 0.8844 0.3196
vn 0.3927 0.8654 0.3111
vn 0.3455 0.6993 0.6258
vn 0.6175 0.6166 0.4884
vn 0.6252 0.6406 0.4458
vn 0.3647 0.8950 0.2567
vn 0.4144 0.8743 0.2529
vn 0.7158 0.6523 0.2492
vn 0.4387 0.8885 0.1347
vn 0.7429 0.6692 -0.0182
vn 0.4191 0.9075 -0.0289
vn -0.4210 0.9070 -0.0040
vn -0.7249 0.6551 -0.2130
vn -0.7912 0.6105 0.0371
vn -0.3385 0.9408 -0.0200
vn -0.3846 0.9090 -0.1604
vn -0.2231 0.9612 -0.1625
vn -0.2216 0.9717 -0.0814
vn -0.3356 0.9309 0.1445
vn -0.2226 0.9740 -0.0424
vn -0.3187 0.9248 0.2079
vn -0.3326 0.8880 -0.3177
vn -0.6281 0.6346 -0.4502
vn 0.3326 0.8880 -0.3177
vn 0.3833 0.9090 -0.1635
vn 0.5994 0.6352 -0.4870
vn 0.1998 0.9169 -0.3456
vn 0.2222 0.9613 -0.1628
vn 0.4568 0.6413 -0.6164
vn 0.4771 0.6491 -0.5925
vn 0.7070 0.6543 -0.2684
vn 0.6711 0.5626 -0.4828
vn 0.3636 0.6125 -0.7019
vn 0.3431 0.6180 -0.7074
vn -0.1450 0.8463 -0.5126
vn -0.0000 0.8392 -0.5439
vn -0.2330 0.5303 -0.8152
vn 0.1070 0.6196 -0.7776
vn 0.1450 0.8461 -0.5130
vn -0.0000 0.9349 -0.3550
vn 0.2034 0.5759 -0.7918
vn -0.3295 0.6962 0.6377
vn -0.2662 0.8757 0.4028
vn -0.4246 0.7107 0.5609
vn -0.2027 0.6552 0.7277
vn -0.1753 0.5726 0.8009
vn -0.2233 0.8847 0.4091
vn -0.1722 0.8534 0.4919
vn -0.0887 0.8404 0.5347
vn 0.0183 0.6119 0.7907
vn -0.0260 0.5638 0.8255
vn -0.0920 0.9133 0.3967
vn -0.0000 0.8815 0.4721
vn 0.0892 0.8402 0.5349
vn 0.2130 0.5730 0.7914
vn 0.1702 0.6549 0.7363
vn 0.0949 0.9147 0.3928
vn 0.1763 0.8572 0.4839
vn 0.3436 0.6171 0.7079
vn 0.4780 0.6168 0.6254
vn 0.2158 0.8926 0.3959
vn -0.3933 0.8668 0.3066
vn -0.5959 0.6430 0.4811
vn -0.4108 0.8778 0.2465
vn -0.3407 0.8854 0.3163
vn -0.2781 0.9001 0.3354
vn -0.3707 0.6164 0.6947
vn -0.3654 0.8967 0.2497
vn 0.7351 0.6172 0.2803
vn -0.4862 0.6415 -0.5934
vn -0.6175 0.6165 -0.4884
vn -0.4522 0.6491 -0.6117
vn -0.1998 0.9169 -0.3456
vn -0.3703 0.6173 -0.6941
vn -0.7352 0.6172 -0.2804
vn -0.3361 0.6131 -0.7149
vn 0.2184 0.9724 -0.0815
vn 0.3334 0.9425 -0.0216
vn -0.0000 0.9848 -0.1739
vn 0.0966 0.9917 -0.0845
vn 0.3294 0.9328 0.1460
vn 0.3117 0.9267 0.2101
vn 0.2194 0.9747 -0.0424
vn -0.5254 0.5632 0.6378
vn -0.6599 0.7019 0.2682
vn -0.6289 0.6168 0.4733
vn -0.2933 0.8925 0.3428
vn 0.2628 0.8734 0.4101
vn 0.2863 0.8946 0.3430
vn 0.2771 0.8979 0.3420
vn -0.0966 0.9917 -0.0845
vn -0.2144 -0.8850 0.4132
vn -0.0000 -0.8837 0.4681
vn -0.3437 -0.4687 0.8138
vn -0.0000 -0.9658 0.2594
vn -0.2786 -0.9344 0.2221
vn -0.5709 -0.4903 0.6585
vn -0.5133 -0.4669 0.7201
vn -0.0545 -0.3889 0.9197
vn -0.3245 -0.4563 0.8285
vn -0.7075 -0.4942 0.5052
vn -0.7186 -0.4777 0.5053
vn -0.4875 -0.8443 -0.2226
vn -0.4999 -0.8661 -0.0000
vn -0.8467 -0.4279 -0.3163
vn -0.2779 -0.9277 -0.2494
vn -0.6905 -0.4776 -0.5432
vn -0.7299 -0.4936 -0.4729
vn -0.9363 -0.3489 -0.0396
vn -0.8976 -0.3373 -0.2839
vn -0.5561 -0.4674 -0.6872
vn -0.5283 -0.4905 -0.6930
vn 0.5283 -0.4905 0.6930
vn 0.3425 -0.5268 0.7779
vn 0.2922 -0.4684 0.8338
vn 0.5561 -0.4674 0.6872
vn 0.2786 -0.9344 0.2221
vn 0.6905 -0.4776 0.5432
vn 0.2144 -0.8850 0.4132
vn 0.8467 -0.4279 0.3163
vn 0.7299 -0.4936 0.4729
vn 0.8976 -0.3373 0.2839
vn 0.9363 -0.3489 0.0396
vn 0.4875 -0.8443 0.2224
vn 0.5180 -0.8552 0.0161
vn -0.8729 -0.3373 0.3526
vn -0.8664 -0.4274 0.2583
vn -0.4875 -0.8443 0.2226
vn 0.7186 -0.4778 -0.5053
vn 0.8729 -0.3373 -0.3526
vn 0.8664 -0.4274 -0.2583
vn 0.7075 -0.4942 -0.5052
vn 0.2654 -0.9343 -0.2379
vn 0.5709 -0.4903 -0.6585
vn 0.4643 -0.8627 -0.2006
vn 0.8664 -0.4986 -0.0283
vn 0.2812 -0.9594 -0.0224
vn 0.3437 -0.4687 -0.8138
vn 0.5133 -0.4669 -0.7201
vn 0.2989 -0.5269 -0.7956
vn 0.0545 -0.3889 -0.9197
vn 0.2144 -0.8850 -0.4132
vn -0.0200 -0.8933 -0.4490
vn -0.3425 -0.5268 -0.7779
vn -0.2922 -0.4684 -0.8338
vn -0.2332 -0.8702 -0.4340
vn -0.0545 -0.3889 -0.9197
vn 0.4317 -0.2492 0.8669
vn 0.3859 -0.1019 0.9169
vn 0.3654 -0.0979 0.9257
vn 0.2833 -0.2812 0.9169
vn 0.2180 -0.1225 0.9682
vn 0.4984 0.0002 0.8670
vn 0.2675 -0.2675 0.9257
vn 0.2474 -0.3780 0.8921
vn 0.1360 -0.4310 0.8921
vn 0.0198 -0.4515 0.8921
vn -0.0977 -0.4412 0.8921
vn -0.2533 -0.4296 0.8668
vn -0.2675 -0.2675 0.9257
vn -0.4317 -0.2492 0.8669
vn -0.3654 -0.0979 0.9257
vn -0.4985 -0.0000 0.8669
vn -0.3654 0.0979 0.9257
vn -0.4317 0.2492 0.8669
vn -0.2675 0.2675 0.9257
vn -0.2492 0.4317 0.8669
vn -0.0979 0.3654 0.9257
vn -0.0000 0.4985 0.8669
vn 0.0979 0.3654 0.9257
vn 0.2492 0.4317 0.8669
vn 0.2675 0.2675 0.9257
vn 0.4317 0.2492 0.8669
vn 0.3654 0.0979 0.9257
vn 0.1958 -0.3750 0.9061
vn 0.0693 -0.3316 0.9409
vn -0.0189 -0.3382 0.9409
vn -0.1058 -0.3218 0.9409
vn -0.1295 -0.2150 0.9680
vn -0.2833 -0.2812 0.9169
vn -0.2180 -0.1225 0.9682
vn -0.3859 -0.1019 0.9169
vn -0.1890 -0.0000 0.9820
vn -0.4605 0.1234 0.8791
vn -0.1637 0.0945 0.9820
vn -0.3371 0.3371 0.8791
vn -0.0945 0.1637 0.9820
vn -0.1234 0.4605 0.8790
vn -0.0000 0.1891 0.9820
vn 0.1234 0.4605 0.8790
vn 0.0945 0.1637 0.9820
vn 0.3371 0.3371 0.8791
vn 0.1637 0.0945 0.9820
vn 0.4605 0.1234 0.8791
vn 0.1890 -0.0000 0.9820
vn -0.9312 0.2495 0.2657
vn -0.8657 0.4754 0.1569
vn -0.7664 0.4684 0.4396
vn -0.9900 -0.0000 0.1410
vn -0.9564 0.2563 0.1397
vn -0.7612 0.2040 0.6156
vn -0.6806 0.3929 0.6184
vn -0.6098 0.4877 0.6247
vn -0.5668 0.4489 0.6908
vn -0.7185 0.6855 0.1180
vn -0.6471 0.6570 0.3868
vn -0.8637 -0.0000 0.5041
vn -0.7859 -0.0000 0.6184
vn -0.8837 -0.0000 0.4681
vn -0.7637 0.4640 0.4489
vn -0.5552 0.5720 0.6037
vn -0.4008 0.6760 0.6184
vn -0.4133 0.7684 0.4886
vn -0.2639 0.7609 0.5928
vn -0.4374 0.7841 0.4402
vn -0.6979 0.5560 0.4514
vn -0.2112 0.8730 0.4395
vn -0.2566 0.9563 0.1402
vn -0.5177 0.8411 0.1569
vn 0.6760 0.6273 0.3866
vn 0.6097 0.4877 0.6248
vn 0.5552 0.5720 0.6038
vn 0.8445 0.5120 0.1569
vn 0.7888 0.4295 0.4397
vn 0.4741 0.7626 0.4401
vn 0.4007 0.6761 0.6183
vn 0.4165 0.7585 0.5013
vn 0.6371 0.6448 0.4224
vn 0.6854 0.7185 0.1179
vn 0.2639 0.7609 0.5928
vn 0.2500 0.8627 0.4396
vn 0.1590 0.7694 0.6186
vn 0.5667 0.4488 0.6910
vn 0.6979 0.5560 0.4514
vn 0.7637 0.4640 0.4489
vn 0.7617 0.6034 0.2363
vn 0.4815 0.7829 0.3939
vn 0.5670 0.7874 0.2419
vn 0.7131 0.6757 0.1869
vn 0.8552 0.5180 0.0162
vn 0.8535 0.4602 0.2446
vn 0.6184 0.7857 0.0145
vn 0.7345 0.6786 -0.0000
vn 0.7131 0.6757 -0.1869
vn 0.7617 0.6034 -0.2363
vn 0.5779 0.7880 -0.2124
vn 0.6327 0.6451 -0.4285
vn 0.6924 0.5522 -0.4644
vn 0.7937 0.4582 -0.4002
vn 0.8627 0.4643 -0.2006
vn 0.4807 0.7859 -0.3889
vn 0.4337 0.7448 -0.5071
vn 0.5541 0.5769 -0.6001
vn 0.5949 0.4768 -0.6471
vn 0.6965 0.4021 -0.5943
vn 0.3879 0.6919 -0.6089
vn 0.5210 0.4854 -0.7021
vn 0.5584 0.4439 -0.7008
vn 0.6137 0.3543 -0.7056
vn 0.8909 0.2387 0.3865
vn 0.7187 -0.0000 0.6953
vn 0.7612 0.2040 0.6156
vn 0.6806 0.3929 0.6184
vn 0.8837 -0.0000 0.4681
vn 0.8855 0.2373 0.3994
vn 0.9608 0.2574 0.1030
vn 0.7858 -0.0000 0.6184
vn 0.7612 -0.2040 0.6156
vn 0.9312 -0.2495 0.2658
vn 0.7637 -0.4640 0.4489
vn 0.8855 -0.2373 0.3994
vn 0.7664 -0.4684 0.4397
vn 0.8657 -0.4754 0.1569
vn 0.9984 0.0490 0.0286
vn 0.9874 -0.0211 0.1569
vn 0.6806 -0.3929 0.6184
vn 0.6098 -0.4877 0.6248
vn 0.5668 -0.4488 0.6909
vn 0.7185 -0.6855 0.1179
vn 0.6471 -0.6570 0.3868
vn 0.5551 -0.5721 0.6038
vn 0.3660 -0.7196 0.5901
vn 0.4678 -0.7581 0.4544
vn 0.4318 -0.7480 0.5040
vn 0.6979 -0.5560 0.4514
vn 0.1983 -0.7399 0.6428
vn 0.4950 -0.8574 0.1405
vn 0.2495 -0.9312 0.2657
vn -0.0225 -0.8980 0.4394
vn 0.0211 -0.9874 0.1569
vn 0.0258 -0.7982 0.6018
vn 0.0206 -0.4881 0.8725
vn -0.1886 -0.7556 0.6273
vn -0.2695 -0.9103 0.3143
vn -0.2344 -0.9650 0.1180
vn -0.3660 -0.7196 0.5901
vn -0.4319 -0.7480 0.5040
vn -0.4950 -0.8574 0.1408
vn -0.5551 -0.5721 0.6038
vn -0.6744 -0.6578 0.3354
vn -0.4678 -0.7581 0.4544
vn -0.6483 -0.6481 0.3996
vn -0.6098 -0.4877 0.6248
vn -0.8574 -0.4950 0.1405
vn -0.7479 -0.4317 0.5043
vn -0.5668 -0.4488 0.6908
vn -0.6979 -0.5560 0.4514
vn -0.7637 -0.4640 0.4489
vn -0.7617 -0.6033 0.2363
vn -0.6807 -0.7028 0.2066
vn -0.7845 -0.6201 -0.0000
vn -0.8552 -0.5180 0.0162
vn -0.8535 -0.4602 0.2446
vn -0.8664 -0.4986 0.0283
vn -0.6807 -0.7028 -0.2066
vn -0.7617 -0.6034 -0.2363
vn -0.6326 -0.6514 -0.4189
vn -0.6924 -0.5522 -0.4645
vn -0.7937 -0.4582 -0.4002
vn -0.8627 -0.4643 -0.2006
vn -0.4505 -0.7802 -0.4340
vn -0.3892 -0.7110 -0.5856
vn -0.5559 -0.5525 -0.6211
vn -0.5949 -0.4768 -0.6471
vn -0.6964 -0.4021 -0.5944
vn -0.3545 -0.6141 -0.7052
vn -0.5211 -0.4854 -0.7020
vn -0.5585 -0.4439 -0.7007
vn -0.6141 -0.3541 -0.7053
vn -0.9312 -0.2495 0.2657
vn -0.7612 -0.2040 0.6156
vn -0.6806 -0.3929 0.6184
vn -0.8855 -0.2373 0.3994
vn -0.6371 0.6447 0.4224
vn -0.5013 0.7823 0.3698
vn -0.7617 0.6033 0.2363
vn -0.5779 0.7880 0.2124
vn -0.7430 0.6171 0.2590
vn -0.7131 0.6757 0.1869
vn -0.6184 0.7857 -0.0145
vn -0.7856 0.6187 -0.0123
vn -0.7843 0.6201 -0.0159
vn -0.7345 0.6786 -0.0000
vn -0.7131 0.6757 -0.1869
vn -0.5670 0.7874 -0.2419
vn -0.7574 0.6002 -0.2570
vn -0.6329 0.6451 -0.4282
vn -0.4789 0.7762 -0.4101
vn -0.6924 0.5522 -0.4645
vn -0.4338 0.7447 -0.5073
vn -0.5540 0.5764 -0.6008
vn -0.3887 0.6905 -0.6100
vn -0.2854 0.7574 -0.5873
vn -0.5211 0.4854 -0.7020
vn -0.5949 0.4768 -0.6471
vn -0.3465 0.6235 -0.7009
vn -0.1590 0.7694 0.6186
vn -0.0000 0.7798 0.6260
vn -0.0000 0.7205 0.6934
vn 0.5011 0.8539 0.1406
vn 0.0438 0.9986 0.0284
vn 0.2556 0.9565 0.1407
vn 0.7855 0.6187 0.0123
vn 0.7430 0.6171 -0.2590
vn 0.2831 0.7750 -0.5650
vn 0.6483 -0.6481 0.3996
vn 0.7617 -0.6034 0.2363
vn 0.6807 -0.7028 0.2066
vn 0.7843 -0.6202 -0.0159
vn 0.6807 -0.7028 -0.2066
vn 0.7574 -0.6002 -0.2570
vn 0.6482 -0.6482 -0.3996
vn 0.4678 -0.7581 -0.4544
vn 0.6924 -0.5522 -0.4644
vn 0.5529 -0.5693 -0.6084
vn 0.3647 -0.7174 -0.5936
vn 0.5211 -0.4854 -0.7020
vn 0.5949 -0.4768 -0.6471
vn 0.3545 -0.6141 -0.7052
vn -0.1967 -0.7343 -0.6497
vn 0.1968 -0.7343 -0.6497
vn -0.0000 -0.8041 -0.5945
vn 0.1844 -0.6881 -0.7018
vn -0.0000 -0.7091 -0.7052
vn -0.6881 0.1844 -0.7018
vn -0.7091 -0.0000 -0.7052
vn -0.7438 0.2136 -0.6334
vn -0.6141 0.3541 -0.7053
vn -0.6758 0.4197 -0.6059
vn -0.7794 0.4517 -0.4342
vn -0.8698 0.2358 -0.4334
vn -0.5585 0.4439 -0.7007
vn 0.7509 0.1870 -0.6334
vn 0.6881 0.1844 -0.7018
vn 0.7086 -0.0000 -0.7057
vn 0.7950 -0.0256 -0.6060
vn 0.9007 -0.0015 -0.4345
vn 0.8712 0.2306 -0.4334
vn 0.9749 -0.0006 -0.2225
vn 0.9421 0.2511 -0.2222
vn 0.9996 0.0209 0.0162
vn 0.9594 0.2812 -0.0224
vn 0.9491 0.2543 0.1857
vn 0.9658 -0.0000 0.2594
vn 0.7438 -0.2136 -0.6334
vn 0.8698 -0.2358 -0.4334
vn 0.6881 -0.1844 -0.7018
vn 0.6141 -0.3541 -0.7053
vn 0.6758 -0.4197 -0.6059
vn 0.7793 -0.4517 -0.4344
vn 0.5585 -0.4439 -0.7007
vn -0.1844 -0.6881 -0.7018
vn -0.7509 -0.1870 -0.6334
vn -0.6881 -0.1844 -0.7018
vn -0.7951 0.0256 -0.6060
vn -0.9008 0.0014 -0.4343
vn -0.8712 -0.2307 -0.4334
vn -0.9749 0.0008 -0.2228
vn -0.9421 -0.2510 -0.2223
vn -0.9996 -0.0209 0.0162
vn -0.9594 -0.2812 -0.0224
vn -0.9491 -0.2543 0.1857
vn -0.9658 -0.0000 0.2594
vn -0.8762 0.4817 0.0161
vn -0.8438 0.4882 -0.2228
vn 0.8762 -0.4817 0.0161
vn 0.8439 -0.4881 -0.2226
vn -0.0000 0.9442 0.3293
vn 0.0979 0.9951 -0.0170
vn -0.0979 0.9951 -0.0170
vn -0.0000 0.9963 -0.0860
vn -0.0000 0.9895 0.1444
vn -0.0921 0.9754 0.2005
vn 0.0921 0.9754 0.2004
vn -0.4321 0.8879 0.1580
vn 0.0842 0.9417 0.3258
vn -0.0842 0.9414 0.3267
vn -0.2856 0.8958 0.3405
vn 0.0210 -0.9996 0.0162
vn -0.2362 -0.9714 -0.0224
vn -0.0008 -0.9749 -0.2228
vn -0.4114 0.2109 0.8867
vn -0.3409 0.3160 0.8854
vn -0.3776 0.0987 0.9207
vn -0.2216 0.3431 0.9128
vn -0.1350 0.4412 0.8872
vn -0.0162 0.4611 0.8872
vn 0.1037 0.4496 0.8872
vn 0.2193 0.4064 0.8870
vn 0.3185 0.3385 0.8854
vn 0.3907 0.2468 0.8868
vn 0.4459 0.1339 0.8850
vn 0.5372 0.0247 0.8431
vn 0.4019 -0.0935 0.9109
vn 0.4775 -0.2472 0.8431
vn 0.3013 -0.2819 0.9109
vn 0.2900 -0.4529 0.8431
vn 0.1200 -0.3948 0.9109
vn 0.0246 -0.5372 0.8431
vn -0.0935 -0.4019 0.9109
vn -0.2472 -0.4775 0.8431
vn -0.2819 -0.3013 0.9109
vn -0.4529 -0.2899 0.8431
vn -0.3948 -0.1200 0.9109
vn -0.5829 -0.0001 0.8125
vn -0.8607 0.2304 0.4540
vn -0.7403 0.4546 0.4953
vn -0.6306 0.6488 0.4259
vn -0.4214 0.7593 0.4960
vn -0.2345 0.8582 0.4567
vn -0.0004 0.9901 0.1405
vn -0.0044 0.8896 0.4567
vn 0.2260 0.8605 0.4567
vn 0.4475 0.7692 0.4562
vn 0.6489 0.6306 0.4258
vn 0.7638 0.4138 0.4953
vn 0.8775 0.2216 0.4253
vn 0.8693 -0.0235 0.4937
vn 0.9564 -0.2563 0.1402
vn 0.8708 -0.2468 0.4253
vn 0.7411 -0.4550 0.4937
vn 0.6307 -0.6491 0.4253
vn 0.4143 -0.7646 0.4937
vn 0.2563 -0.9565 0.1393
vn 0.2217 -0.8775 0.4253
vn -0.0235 -0.8693 0.4937
vn -0.2468 -0.8708 0.4253
vn -0.4550 -0.7411 0.4937
vn -0.7001 -0.7001 0.1402
vn -0.6491 -0.6307 0.4253
vn -0.7646 -0.4143 0.4937
vn -0.9564 -0.2563 0.1399
vn -0.8775 -0.2217 0.4253
vn -0.8906 -0.0000 0.4548
vn -0.9414 0.2536 -0.2223
vn -0.8535 0.4602 0.2446
vn -0.9491 0.2543 0.1857
vn -0.9714 0.2362 -0.0224
vn -0.8855 0.2373 0.3994
vn 0.9414 -0.2536 -0.2223
vn 0.9714 -0.2362 -0.0224
vn 0.9491 -0.2543 0.1857
vn 0.8535 -0.4602 0.2446
vn -0.0000 0.5928 -0.8053
vn -0.0000 0.5851 -0.8110
vn -0.0000 0.5774 -0.8165
vn 0.0318 0.5638 -0.8253
vn -0.0318 0.5622 -0.8264
vn 0.0316 0.5641 -0.8251
vn -0.0395 0.5649 -0.8242
vn -0.0791 0.5593 -0.8252
vn -0.0796 0.5690 -0.8185
vn 0.0790 0.5603 -0.8245
vn 0.0795 0.5689 -0.8185
vn 0.0395 0.5668 -0.8229
vn -0.0393 0.5669 -0.8228
vn -0.0788 0.5634 -0.8224
vn -0.0788 0.5631 -0.8227
vn -0.0793 0.5564 -0.8271
vn -0.0797 0.5944 -0.8002
vn -0.0797 0.6149 -0.7845
vn -0.0796 0.6150 -0.7845
vn 0.0791 0.5584 -0.8258
vn 0.0786 0.5635 -0.8224
vn 0.0785 0.5632 -0.8226
vn 0.0795 0.5928 -0.8014
vn 0.0795 0.6124 -0.7866
vn 0.0792 -0.5606 0.8243
vn 0.0796 -0.5703 0.8176
vn 0.0794 -0.5564 0.8271
vn 0.0788 -0.5860 0.8065
vn 0.0789 -0.5744 0.8148
vn 0.0784 -0.5857 0.8067
vn 0.0795 -0.5836 0.8082
vn 0.0796 -0.6150 0.7845
vn 0.0798 -0.5602 0.8245
vn 0.6423 -0.7208 -0.2607
vn 0.6388 -0.7242 -0.2599
vn 0.6351 -0.7277 -0.2590
vn 0.5561 -0.0731 -0.8279
vn 0.3956 -0.3287 -0.8576
vn 0.5667 -0.0815 -0.8199
vn 0.4036 -0.3355 -0.8512
vn 0.1883 -0.5458 -0.8165
vn 0.1834 -0.5416 -0.8204
vt 0.278930 0.259645
vt 0.278904 0.259645
vt 0.278930 0.251927
vt 0.278904 0.251927
vt 0.278899 0.257715
vt 0.278898 0.253857
vt 0.280012 0.259426
vt 0.280023 0.251952
vt 0.280012 0.251952
vt 0.282206 0.251952
vt 0.282218 0.259426
vt 0.282206 0.259426
vt 0.282218 0.251952
vt 0.280023 0.259426
vt 0.271929 0.265446
vt 0.292285 0.271992
vt 0.271869 0.271992
vt 0.292344 0.265446
vt 0.271760 0.271992
vt 0.292176 0.265446
vt 0.271759 0.265446
vt 0.292176 0.271994
vt 0.251689 0.271360
vt 0.267401 0.271360
vt 0.251573 0.271360
vt 0.251753 0.265093
vt 0.267401 0.265093
vt 0.267583 0.265093
vt 0.267518 0.271360
vt 0.251573 0.265093
vt 0.229481 0.270267
vt 0.249137 0.270267
vt 0.229555 0.270267
vt 0.229439 0.263613
vt 0.249135 0.263613
vt 0.249020 0.263613
vt 0.249061 0.270267
vt 0.229555 0.263613
vt 0.235817 0.246287
vt 0.233817 0.247219
vt 0.284131 0.243783
vt 0.284120 0.244944
vt 0.235185 0.247481
vt 0.225869 0.257465
vt 0.223985 0.257764
vt 0.284025 0.257575
vt 0.235191 0.247317
vt 0.284128 0.244779
vt 0.285325 0.244878
vt 0.285231 0.257570
vt 0.284017 0.258734
vt 0.224391 0.258629
vt 0.225574 0.257627
vt 0.284031 0.257736
vt 0.253567 0.258816
vt 0.254053 0.258816
vt 0.255015 0.258083
vt 0.253567 0.263283
vt 0.254469 0.258816
vt 0.254528 0.258083
vt 0.262972 0.258083
vt 0.262810 0.258816
vt 0.255075 0.258816
vt 0.262202 0.258816
vt 0.262486 0.258083
vt 0.255075 0.263283
vt 0.254053 0.263283
vt 0.254528 0.264016
vt 0.255015 0.264016
vt 0.254469 0.263283
vt 0.260587 0.263283
vt 0.261627 0.263295
vt 0.263251 0.258803
vt 0.263737 0.258803
vt 0.262113 0.263295
vt 0.261194 0.263283
vt 0.260952 0.264016
vt 0.260466 0.264016
vt 0.235185 0.269081
vt 0.226356 0.259569
vt 0.233817 0.269343
vt 0.235817 0.270274
vt 0.284120 0.271619
vt 0.284131 0.272779
vt 0.284128 0.271783
vt 0.285325 0.271684
vt 0.284025 0.259794
vt 0.285231 0.259797
vt 0.284017 0.258635
vt 0.224472 0.259269
vt 0.224880 0.258404
vt 0.235192 0.269245
vt 0.226062 0.259405
vt 0.284031 0.259632
vt 0.254469 0.248737
vt 0.260466 0.248002
vt 0.260587 0.248737
vt 0.254469 0.253204
vt 0.262202 0.253204
vt 0.261627 0.248726
vt 0.253567 0.248737
vt 0.253567 0.253204
vt 0.254528 0.253938
vt 0.262486 0.253938
vt 0.263251 0.253215
vt 0.262972 0.253938
vt 0.263737 0.253215
vt 0.255016 0.253938
vt 0.262810 0.253204
vt 0.262113 0.248726
vt 0.261194 0.248737
vt 0.260952 0.248002
vt 0.255075 0.253204
vt 0.255075 0.248737
vt 0.255015 0.248002
vt 0.254528 0.248002
vt 0.254053 0.248737
vt 0.254053 0.253204
vt 0.372089 0.601526
vt 0.341246 0.594865
vt 0.372089 0.593484
vt 0.341743 0.597626
vt 0.341246 0.592104
vt 0.372089 0.585442
vt 0.341246 0.593484
vt 0.341743 0.589343
vt 0.839712 0.250759
vt 0.839737 0.258476
vt 0.839712 0.258476
vt 0.839737 0.250759
vt 0.839742 0.256547
vt 0.839743 0.252688
vt 0.838630 0.258258
vt 0.836423 0.258258
vt 0.836435 0.258258
vt 0.838630 0.250785
vt 0.836423 0.250785
vt 0.838618 0.250785
vt 0.836435 0.250785
vt 0.838618 0.258258
vt 0.846772 0.270825
vt 0.826357 0.270825
vt 0.846712 0.264278
vt 0.826297 0.264278
vt 0.846881 0.270825
vt 0.826465 0.264278
vt 0.826465 0.270826
vt 0.846882 0.264278
vt 0.866951 0.270192
vt 0.867069 0.263925
vt 0.867069 0.270192
vt 0.866888 0.263925
vt 0.851123 0.270192
vt 0.851240 0.263925
vt 0.851058 0.263925
vt 0.851240 0.270192
vt 0.889161 0.269099
vt 0.869580 0.269099
vt 0.889201 0.262445
vt 0.869622 0.262445
vt 0.889085 0.269099
vt 0.869506 0.262445
vt 0.869504 0.269099
vt 0.889085 0.262445
vt 0.882824 0.245119
vt 0.883457 0.246314
vt 0.884824 0.246051
vt 0.834521 0.243776
vt 0.892772 0.256296
vt 0.834510 0.242615
vt 0.833315 0.243711
vt 0.834616 0.256407
vt 0.833410 0.256403
vt 0.834624 0.257565
vt 0.894657 0.256597
vt 0.894250 0.257460
vt 0.883451 0.246149
vt 0.893067 0.256459
vt 0.834514 0.243610
vt 0.834610 0.256569
vt 0.865074 0.257648
vt 0.864113 0.256914
vt 0.863627 0.256914
vt 0.864173 0.257648
vt 0.864588 0.257648
vt 0.863566 0.257648
vt 0.855669 0.256914
vt 0.865074 0.262114
vt 0.864588 0.262114
vt 0.864173 0.262114
vt 0.863627 0.262848
vt 0.856439 0.257648
vt 0.858054 0.262114
vt 0.856155 0.256914
vt 0.855390 0.257635
vt 0.854904 0.257635
vt 0.855831 0.257648
vt 0.857448 0.262114
vt 0.856528 0.262126
vt 0.863566 0.262114
vt 0.857689 0.262848
vt 0.864113 0.262848
vt 0.858175 0.262848
vt 0.857014 0.262126
vt 0.883457 0.267913
vt 0.882824 0.269106
vt 0.884824 0.268174
vt 0.834521 0.270450
vt 0.834616 0.258625
vt 0.892285 0.258400
vt 0.894170 0.258100
vt 0.834510 0.271611
vt 0.883449 0.268077
vt 0.834514 0.270615
vt 0.833315 0.270516
vt 0.833410 0.258630
vt 0.834624 0.257467
vt 0.893761 0.257235
vt 0.892579 0.258238
vt 0.834610 0.258464
vt 0.864173 0.247569
vt 0.864173 0.252035
vt 0.858054 0.247569
vt 0.865074 0.247569
vt 0.864113 0.246835
vt 0.858175 0.246835
vt 0.857014 0.247557
vt 0.856439 0.252035
vt 0.864113 0.252769
vt 0.865074 0.252035
vt 0.855390 0.252048
vt 0.856155 0.252769
vt 0.855669 0.252769
vt 0.863625 0.252769
vt 0.854904 0.252048
vt 0.855831 0.252035
vt 0.856528 0.247557
vt 0.857448 0.247569
vt 0.863566 0.252035
vt 0.857689 0.246835
vt 0.863566 0.247569
vt 0.863627 0.246835
vt 0.864588 0.247569
vt 0.864588 0.252035
vt 0.883742 0.242845
vt 0.884479 0.243437
vt 0.883799 0.242708
vt 0.883961 0.242682
vt 0.865925 0.257967
vt 0.866603 0.258697
vt 0.865867 0.258104
vt 0.884201 0.242771
vt 0.866086 0.257942
vt 0.884483 0.242962
vt 0.866326 0.258031
vt 0.884764 0.243225
vt 0.866608 0.258222
vt 0.885002 0.243520
vt 0.866890 0.258485
vt 0.885161 0.243802
vt 0.867128 0.258779
vt 0.885215 0.244029
vt 0.867287 0.259063
vt 0.867341 0.259289
vt 0.747865 0.595471
vt 0.778709 0.596852
vt 0.747865 0.603513
vt 0.778709 0.595471
vt 0.778709 0.594091
vt 0.778211 0.599612
vt 0.747865 0.587429
vt 0.778211 0.591330
vt 0.176943 0.780187
vt 0.187552 0.818046
vt 0.176943 0.818046
vt 0.187552 0.780187
vt 0.187552 0.769771
vt 0.299087 0.780187
vt 0.299087 0.818046
vt 0.299087 0.828713
vt 0.309754 0.780187
vt 0.309754 0.818046
vt 0.187552 0.828713
vt 0.299087 0.769771
vt 0.155333 0.753908
vt 0.159652 0.730280
vt 0.150249 0.751619
vt 0.164225 0.732565
vt 0.183534 0.754158
vt 0.183279 0.759497
vt 0.184044 0.761531
vt 0.315642 0.732820
vt 0.320725 0.731805
vt 0.311323 0.704873
vt 0.177946 0.704619
vt 0.173118 0.702584
vt 0.316406 0.704109
vt 0.309295 0.691917
vt 0.184044 0.691917
vt 0.179465 0.689374
vt 0.307260 0.655080
vt 0.302181 0.656095
vt 0.314372 0.690643
vt 0.202078 0.656095
vt 0.197250 0.653805
vt 0.300402 0.630177
vt 0.295063 0.631701
vt 0.215039 0.631701
vt 0.210210 0.629163
vt 0.290491 0.613668
vt 0.223422 0.613668
vt 0.218593 0.611378
vt 0.290491 0.608329
vt 0.295828 0.612398
vt 0.318441 0.755177
vt 0.324030 0.754413
vt 0.306750 0.761531
vt 0.309799 0.760006
vt 0.308275 0.755433
vt 0.308784 0.762545
vt 0.306750 0.766609
vt 0.184044 0.766609
vt 0.182769 0.761021
vt 0.223422 0.608329
vt 0.308529 0.842847
vt 0.310054 0.838273
vt 0.307005 0.836748
vt 0.315897 0.865714
vt 0.321235 0.866474
vt 0.318691 0.843101
vt 0.307005 0.831671
vt 0.184294 0.836748
vt 0.309039 0.835734
vt 0.183534 0.839038
vt 0.155588 0.844371
vt 0.183789 0.844116
vt 0.155588 0.838783
vt 0.159907 0.867998
vt 0.164730 0.865714
vt 0.150505 0.846661
vt 0.178196 0.893661
vt 0.173372 0.895945
vt 0.184294 0.906617
vt 0.307769 0.943454
vt 0.309799 0.906361
vt 0.302686 0.942185
vt 0.314883 0.907631
vt 0.300657 0.968097
vt 0.295573 0.966826
vt 0.316917 0.894165
vt 0.311578 0.893661
vt 0.291000 0.984866
vt 0.223676 0.989950
vt 0.291000 0.989950
vt 0.296083 0.985881
vt 0.223676 0.984866
vt 0.215289 0.966826
vt 0.210466 0.969117
vt 0.202333 0.942185
vt 0.197760 0.944724
vt 0.179720 0.909156
vt 0.324284 0.843867
vt 0.184294 0.831671
vt 0.218848 0.986901
vt 0.947273 0.821388
vt 0.835739 0.821388
vt 0.947273 0.783529
vt 0.835739 0.783529
vt 0.689579 0.814056
vt 0.666205 0.834129
vt 0.689579 0.788654
vt 0.793235 0.834129
vt 0.770118 0.788654
vt 0.666205 0.768580
vt 0.770118 0.814056
vt 0.793235 0.768580
vt 0.970600 0.735907
vt 0.951291 0.757500
vt 0.979492 0.757250
vt 0.819183 0.736162
vt 0.956879 0.707961
vt 0.826551 0.758775
vt 0.823502 0.708215
vt 0.950781 0.695260
vt 0.825531 0.695260
vt 0.932747 0.659436
vt 0.832644 0.659436
vt 0.919787 0.635044
vt 0.839762 0.635044
vt 0.911404 0.617010
vt 0.844336 0.617010
vt 0.816384 0.758519
vt 0.828076 0.764873
vt 0.950781 0.764873
vt 0.816134 0.846443
vt 0.818929 0.869057
vt 0.826296 0.846189
vt 0.951037 0.847458
vt 0.970095 0.869057
vt 0.956630 0.897003
vt 0.823247 0.897003
vt 0.827821 0.840090
vt 0.950532 0.840090
vt 0.979237 0.847713
vt 0.950532 0.909959
vt 0.832139 0.945527
vt 0.932493 0.945527
vt 0.825027 0.909703
vt 0.839252 0.970169
vt 0.919537 0.970169
vt 0.843825 0.988208
vt 0.911150 0.988208
vt 0.516535 0.740851
vt 0.508336 0.729397
vt 0.507926 0.729634
vt 0.516869 0.740517
vt 0.516598 0.739048
vt 0.535597 0.719796
vt 0.535451 0.719867
vt 0.517171 0.738584
vt 0.500670 0.702551
vt 0.502972 0.688655
vt 0.502516 0.688533
vt 0.501143 0.702551
vt 0.593135 0.740851
vt 0.581680 0.749050
vt 0.581917 0.749459
vt 0.592800 0.740517
vt 0.554834 0.756716
vt 0.540937 0.754414
vt 0.540815 0.754870
vt 0.554834 0.756243
vt 0.593135 0.664252
vt 0.601332 0.675705
vt 0.601742 0.675469
vt 0.592800 0.664586
vt 0.608998 0.702551
vt 0.606696 0.716449
vt 0.607153 0.716571
vt 0.608526 0.702551
vt 0.516535 0.664252
vt 0.527988 0.656054
vt 0.527752 0.655644
vt 0.516869 0.664586
vt 0.554834 0.648388
vt 0.568730 0.650690
vt 0.568853 0.650232
vt 0.554834 0.648860
vt 0.517520 0.740402
vt 0.517895 0.739997
vt 0.536763 0.721179
vt 0.501684 0.702892
vt 0.502236 0.702910
vt 0.528885 0.702944
vt 0.592668 0.739883
vt 0.592280 0.739490
vt 0.573462 0.720623
vt 0.555199 0.755702
vt 0.555193 0.755149
vt 0.555227 0.728501
vt 0.592154 0.664706
vt 0.591774 0.665106
vt 0.572906 0.683924
vt 0.607984 0.702203
vt 0.607433 0.702193
vt 0.580784 0.702159
vt 0.516990 0.665230
vt 0.517388 0.665612
vt 0.536207 0.684480
vt 0.554484 0.649402
vt 0.554476 0.649953
vt 0.554441 0.676602
vt 0.531632 0.697901
vt 0.531938 0.698053
vt 0.532527 0.698297
vt 0.536052 0.689787
vt 0.535464 0.689543
vt 0.535147 0.689422
vt 0.535171 0.715690
vt 0.535474 0.715556
vt 0.536051 0.715316
vt 0.532527 0.706806
vt 0.531949 0.707046
vt 0.531640 0.707165
vt 0.550214 0.725756
vt 0.550337 0.725443
vt 0.550579 0.724859
vt 0.542068 0.721333
vt 0.541827 0.721921
vt 0.541722 0.722246
vt 0.567962 0.722235
vt 0.567841 0.721918
vt 0.567599 0.721334
vt 0.559089 0.724859
vt 0.559331 0.725444
vt 0.559469 0.725752
vt 0.578032 0.707198
vt 0.577727 0.707050
vt 0.577142 0.706806
vt 0.573617 0.715316
vt 0.574200 0.715558
vt 0.574510 0.715690
vt 0.574504 0.689416
vt 0.574197 0.689547
vt 0.573617 0.689787
vt 0.577142 0.698296
vt 0.577722 0.698056
vt 0.578031 0.697931
vt 0.559474 0.679348
vt 0.559332 0.679658
vt 0.559089 0.680244
vt 0.567599 0.683769
vt 0.567842 0.683183
vt 0.567958 0.682862
vt 0.541700 0.682881
vt 0.541828 0.683188
vt 0.542069 0.683769
vt 0.550579 0.680244
vt 0.550339 0.679663
vt 0.550212 0.679354
vt 0.555227 0.728127
vt 0.555223 0.727512
vt 0.555227 0.728859
vt 0.554460 0.727512
vt 0.554456 0.728127
vt 0.554462 0.728501
vt 0.554462 0.728859
vt 0.554495 0.755149
vt 0.554488 0.755702
vt 0.573196 0.720359
vt 0.572753 0.719931
vt 0.573714 0.720875
vt 0.572214 0.720470
vt 0.572651 0.720902
vt 0.572921 0.721163
vt 0.573174 0.721416
vt 0.591787 0.739984
vt 0.592165 0.740385
vt 0.580410 0.702159
vt 0.579794 0.702175
vt 0.581142 0.702159
vt 0.579794 0.702939
vt 0.580410 0.702929
vt 0.580784 0.702924
vt 0.581142 0.702924
vt 0.607433 0.702891
vt 0.607984 0.702914
vt 0.554442 0.676976
vt 0.554456 0.677592
vt 0.554441 0.676243
vt 0.555220 0.677592
vt 0.555212 0.676976
vt 0.555207 0.676602
vt 0.555207 0.676243
vt 0.555174 0.649953
vt 0.555195 0.649402
vt 0.572641 0.684190
vt 0.572204 0.684623
vt 0.573159 0.683672
vt 0.572744 0.685163
vt 0.573186 0.684734
vt 0.573446 0.684464
vt 0.573699 0.684212
vt 0.592267 0.665599
vt 0.592657 0.665208
vt 0.536472 0.684744
vt 0.536907 0.685180
vt 0.535955 0.684227
vt 0.537447 0.684641
vt 0.537017 0.684200
vt 0.536747 0.683939
vt 0.536495 0.683687
vt 0.517882 0.665118
vt 0.517493 0.664728
vt 0.529259 0.702944
vt 0.529874 0.702921
vt 0.528527 0.702944
vt 0.528885 0.704013
vt 0.529038 0.703960
vt 0.501990 0.703782
vt 0.529874 0.702159
vt 0.529259 0.702173
vt 0.528885 0.702179
vt 0.528527 0.702179
vt 0.502236 0.702212
vt 0.501684 0.702181
vt 0.537027 0.720913
vt 0.537468 0.720484
vt 0.536511 0.721431
vt 0.536929 0.719944
vt 0.536483 0.720368
vt 0.536222 0.720638
vt 0.535969 0.720891
vt 0.517401 0.739504
vt 0.517017 0.739900
vt 0.581917 0.655644
vt 0.581680 0.656054
vt 0.606696 0.688655
vt 0.607153 0.688533
vt 0.540815 0.650232
vt 0.540937 0.650690
vt 0.507926 0.675469
vt 0.508336 0.675705
vt 0.502516 0.716571
vt 0.502972 0.716449
vt 0.527752 0.749459
vt 0.527988 0.749050
vt 0.568853 0.754870
vt 0.568730 0.754414
vt 0.601742 0.729634
vt 0.601332 0.729397
vt 0.502722 0.703705
vt 0.428493 0.230041
vt 0.430251 0.231797
vt 0.428493 0.231797
vt 0.430251 0.230041
vt 0.627578 0.280047
vt 0.620867 0.279895
vt 0.625455 0.277553
vt 0.620867 0.270591
vt 0.603764 0.277436
vt 0.608326 0.279827
vt 0.601671 0.279909
vt 0.608426 0.270583
vt 0.617313 0.921025
vt 0.615859 0.913189
vt 0.617313 0.913189
vt 0.617313 0.893033
vt 0.615859 0.893033
vt 0.617313 0.885223
vt 0.615599 0.912474
vt 0.615599 0.909631
vt 0.614175 0.909631
vt 0.615599 0.893842
vt 0.614175 0.896829
vt 0.615599 0.896829
vt 0.614175 0.893842
vt 0.614175 0.912474
vt 0.615599 0.903366
vt 0.614175 0.903366
vt 0.614175 0.902912
vt 0.615599 0.902912
vt 0.615859 0.921025
vt 0.615859 0.903349
vt 0.617313 0.912797
vt 0.615859 0.912797
vt 0.615859 0.893572
vt 0.617313 0.893572
vt 0.615859 0.902885
vt 0.617313 0.902885
vt 0.617313 0.903349
vt 0.615859 0.885223
vt 0.638799 0.544029
vt 0.634295 0.539646
vt 0.638799 0.539646
vt 0.630757 0.543781
vt 0.630757 0.539646
vt 0.630757 0.528070
vt 0.634146 0.528070
vt 0.630757 0.523934
vt 0.638799 0.523688
vt 0.638799 0.528070
vt 0.663194 0.541903
vt 0.663194 0.525709
vt 0.671595 0.541903
vt 0.671595 0.525709
vt 0.650997 0.542524
vt 0.639795 0.544586
vt 0.639509 0.542524
vt 0.650711 0.544586
vt 0.650997 0.544222
vt 0.663175 0.547045
vt 0.650711 0.546220
vt 0.663460 0.545047
vt 0.639795 0.546220
vt 0.627330 0.547041
vt 0.639509 0.544211
vt 0.628933 0.518598
vt 0.631133 0.520878
vt 0.631025 0.518205
vt 0.629113 0.521035
vt 0.631168 0.521768
vt 0.629173 0.521870
vt 0.629288 0.523360
vt 0.627045 0.545031
vt 0.631133 0.520880
vt 0.629113 0.521038
vt 0.631170 0.521779
vt 0.629173 0.521875
vt 0.629288 0.523363
vt 0.631234 0.523272
vt 0.637100 0.520031
vt 0.631023 0.518192
vt 0.631132 0.520866
vt 0.636932 0.517323
vt 0.637922 0.519868
vt 0.637835 0.517247
vt 0.650960 0.539712
vt 0.650851 0.540765
vt 0.645789 0.539725
vt 0.645553 0.540774
vt 0.631234 0.523259
vt 0.622533 0.530079
vt 0.620750 0.520775
vt 0.619354 0.530319
vt 0.623432 0.520578
vt 0.631132 0.520867
vt 0.645789 0.542063
vt 0.650843 0.540981
vt 0.650961 0.542035
vt 0.629773 0.530627
vt 0.628936 0.540235
vt 0.626612 0.531053
vt 0.626270 0.540590
vt 0.645545 0.541015
vt 0.398680 0.206360
vt 0.395853 0.199986
vt 0.395853 0.206360
vt 0.398680 0.199985
vt 0.401508 0.206358
vt 0.401508 0.199985
vt 0.404335 0.206357
vt 0.404335 0.199985
vt 0.407163 0.206357
vt 0.407163 0.199985
vt 0.409990 0.206358
vt 0.409990 0.199985
vt 0.393025 0.199986
vt 0.393025 0.206360
vt 0.390198 0.199987
vt 0.390198 0.206360
vt 0.387370 0.199986
vt 0.387370 0.206360
vt 0.384543 0.199986
vt 0.384543 0.206360
vt 0.381716 0.199985
vt 0.381715 0.206360
vt 0.378888 0.199985
vt 0.378888 0.206358
vt 0.412817 0.206358
vt 0.412817 0.199985
vt 0.723221 0.186543
vt 0.719127 0.189184
vt 0.722513 0.189184
vt 0.725155 0.184608
vt 0.720289 0.184849
vt 0.727797 0.183900
vt 0.723462 0.181675
vt 0.730439 0.184608
vt 0.727797 0.180513
vt 0.732132 0.181675
vt 0.732373 0.186543
vt 0.735306 0.184849
vt 0.733082 0.189184
vt 0.736468 0.189184
vt 0.732373 0.191826
vt 0.735306 0.193519
vt 0.730440 0.193762
vt 0.732132 0.196693
vt 0.727797 0.194470
vt 0.725155 0.193762
vt 0.727797 0.197855
vt 0.723221 0.191827
vt 0.723462 0.196693
vt 0.720289 0.193519
vt 0.698663 0.184849
vt 0.699927 0.189184
vt 0.697501 0.189184
vt 0.701837 0.181675
vt 0.700764 0.186062
vt 0.703049 0.183776
vt 0.706172 0.180513
vt 0.706172 0.182939
vt 0.710507 0.181675
vt 0.709295 0.183776
vt 0.713682 0.184849
vt 0.711581 0.186062
vt 0.714844 0.189184
vt 0.712418 0.189184
vt 0.713682 0.193519
vt 0.711581 0.192307
vt 0.710507 0.196693
vt 0.709295 0.194593
vt 0.706172 0.197855
vt 0.706172 0.195430
vt 0.701837 0.196693
vt 0.703049 0.194593
vt 0.698663 0.193519
vt 0.700764 0.192307
vt 0.926998 0.156153
vt 0.931728 0.153426
vt 0.931719 0.158882
vt 0.927006 0.150697
vt 0.936449 0.156153
vt 0.931737 0.147970
vt 0.936457 0.150697
vt 0.201757 0.482524
vt 0.206476 0.479797
vt 0.206486 0.485252
vt 0.201765 0.487979
vt 0.206495 0.490708
vt 0.211208 0.482524
vt 0.211216 0.487979
vt 0.184469 0.494150
vt 0.173503 0.505917
vt 0.173505 0.494610
vt 0.189927 0.487458
vt 0.195228 0.493226
vt 0.186788 0.505462
vt 0.197232 0.504550
vt 0.206362 0.499538
vt 0.206472 0.512985
vt 0.217571 0.508760
vt 0.217571 0.512985
vt 0.206362 0.504095
vt 0.195445 0.512985
vt 0.206429 0.508760
vt 0.195412 0.508760
vt 0.184345 0.512985
vt 0.184345 0.508760
vt 0.173279 0.508760
vt 0.215491 0.504550
vt 0.217494 0.493223
vt 0.173245 0.512985
vt 0.239697 0.512985
vt 0.228713 0.508760
vt 0.239731 0.508760
vt 0.225932 0.505461
vt 0.222795 0.487456
vt 0.228252 0.494147
vt 0.239215 0.505917
vt 0.230101 0.480371
vt 0.239217 0.494610
vt 0.228670 0.512985
vt 0.182623 0.480374
vt 0.173505 0.477431
vt 0.239218 0.477431
vt 0.403325 0.166114
vt 0.405061 0.166071
vt 0.403326 0.158480
vt 0.405059 0.175404
vt 0.405062 0.156802
vt 0.397504 0.158478
vt 0.395906 0.165786
vt 0.397484 0.165733
vt 0.387755 0.165735
vt 0.393884 0.175403
vt 0.393884 0.165733
vt 0.387756 0.175404
vt 0.387762 0.158480
vt 0.393906 0.158478
vt 0.377890 0.165736
vt 0.384020 0.175404
vt 0.384020 0.165735
vt 0.377868 0.158480
vt 0.384012 0.158480
vt 0.368448 0.158480
vt 0.374290 0.165736
vt 0.374269 0.158480
vt 0.368449 0.166115
vt 0.374290 0.175405
vt 0.395967 0.156802
vt 0.397484 0.175403
vt 0.395906 0.175403
vt 0.403320 0.175403
vt 0.368454 0.175404
vt 0.377890 0.175405
vt 0.701653 0.159803
vt 0.703251 0.167110
vt 0.701674 0.167058
vt 0.711403 0.167060
vt 0.705273 0.176727
vt 0.705273 0.167058
vt 0.711402 0.176728
vt 0.711396 0.159805
vt 0.705252 0.159803
vt 0.721268 0.167061
vt 0.715138 0.176728
vt 0.715138 0.167060
vt 0.721290 0.159805
vt 0.715146 0.159805
vt 0.724888 0.159805
vt 0.723290 0.167112
vt 0.723351 0.158128
vt 0.732443 0.158127
vt 0.732444 0.167396
vt 0.730710 0.159805
vt 0.730709 0.167439
vt 0.732445 0.176728
vt 0.724867 0.167061
vt 0.724867 0.176730
vt 0.703191 0.158127
vt 0.701674 0.176727
vt 0.703251 0.176727
vt 0.730704 0.176728
vt 0.723290 0.176728
vt 0.721268 0.176730
vt 0.476616 0.162468
vt 0.476616 0.205930
vt 0.463905 0.178273
vt 0.482628 0.205930
vt 0.463905 0.190245
vt 0.451676 0.178273
vt 0.443290 0.184259
vt 0.438066 0.162045
vt 0.433916 0.162360
vt 0.451676 0.190245
vt 0.438000 0.206788
vt 0.433344 0.206812
vt 0.504860 0.205930
vt 0.482628 0.162468
vt 0.504860 0.162468
vt 0.689365 0.160664
vt 0.679192 0.185580
vt 0.685380 0.163316
vt 0.675917 0.185532
vt 0.609798 0.160111
vt 0.613467 0.207854
vt 0.609840 0.210915
vt 0.613464 0.163295
vt 0.686046 0.208706
vt 0.691161 0.212081
vt 0.952955 0.193611
vt 0.955727 0.192869
vt 0.952012 0.190682
vt 0.955022 0.190586
vt 0.952694 0.244355
vt 0.954635 0.247249
vt 0.955271 0.244897
vt 0.951560 0.247086
vt 0.209484 0.416796
vt 0.215552 0.420651
vt 0.215825 0.417652
vt 0.208590 0.419438
vt 0.200781 0.414667
vt 0.242877 0.417720
vt 0.244577 0.420588
vt 0.200148 0.417566
vt 0.192269 0.413743
vt 0.193213 0.410815
vt 0.192530 0.464488
vt 0.190590 0.467381
vt 0.193665 0.467219
vt 0.189953 0.465029
vt 0.635385 0.250600
vt 0.628224 0.257761
vt 0.630845 0.247979
vt 0.638007 0.255140
vt 0.625602 0.247979
vt 0.621063 0.250600
vt 0.618442 0.255140
vt 0.618442 0.260382
vt 0.621063 0.264922
vt 0.625602 0.267543
vt 0.630845 0.267543
vt 0.635385 0.264922
vt 0.638007 0.260382
vt 0.783925 0.240457
vt 0.765451 0.243252
vt 0.798313 0.206712
vt 0.783814 0.172967
vt 0.765451 0.243254
vt 0.851683 0.231192
vt 0.824562 0.206656
vt 0.810685 0.239181
vt 0.865609 0.206656
vt 0.851683 0.182158
vt 0.810685 0.174132
vt 0.765451 0.170172
vt 0.765451 0.170191
vt 0.276527 0.173536
vt 0.303648 0.198035
vt 0.317525 0.165511
vt 0.262601 0.198035
vt 0.276527 0.222570
vt 0.317525 0.230560
vt 0.663970 0.254536
vt 0.663970 0.248161
vt 0.665999 0.254536
vt 0.665999 0.248161
vt 0.684087 0.254536
vt 0.685959 0.248161
vt 0.685959 0.254536
vt 0.684087 0.240725
vt 0.684087 0.248161
vt 0.665999 0.240725
vt 0.663970 0.240725
vt 0.665999 0.233758
vt 0.684087 0.233758
vt 0.685959 0.240725
vt 0.685959 0.233758
vt 0.663970 0.233758
vt 0.435152 0.261987
vt 0.435152 0.254503
vt 0.437528 0.261987
vt 0.437529 0.254503
vt 0.462472 0.261987
vt 0.464592 0.254503
vt 0.464592 0.261987
vt 0.462472 0.244382
vt 0.462472 0.254503
vt 0.437529 0.244382
vt 0.435152 0.244389
vt 0.437528 0.235007
vt 0.462472 0.235007
vt 0.464592 0.244389
vt 0.464592 0.235007
vt 0.435152 0.235007
vt 0.651421 0.254585
vt 0.655382 0.233745
vt 0.655381 0.254585
vt 0.651422 0.233744
vt 0.692486 0.252810
vt 0.696836 0.249745
vt 0.698392 0.254783
vt 0.692546 0.246583
vt 0.659202 0.233745
vt 0.659202 0.254585
vt 0.702091 0.249781
vt 0.698486 0.244716
vt 0.647088 0.254585
vt 0.647086 0.233744
vt 0.663242 0.254585
vt 0.663241 0.233745
vt 0.698391 0.254791
vt 0.692488 0.252810
vt 0.702100 0.249788
vt 0.698487 0.244716
vt 0.465190 0.244804
vt 0.471450 0.235566
vt 0.465183 0.235166
vt 0.477710 0.244804
vt 0.471450 0.245252
vt 0.477717 0.235166
vt 0.494688 0.281419
vt 0.501352 0.274690
vt 0.501352 0.281419
vt 0.494688 0.274690
vt 0.494653 0.265845
vt 0.501315 0.259109
vt 0.501314 0.265845
vt 0.494651 0.259109
vt 0.514817 0.798894
vt 0.509852 0.810883
vt 0.539727 0.807489
vt 0.522057 0.789490
vt 0.533543 0.822418
vt 0.508321 0.822651
vt 0.420065 0.138727
vt 0.416101 0.142691
vt 0.422136 0.136655
vt 0.736580 0.141806
vt 0.740545 0.145770
vt 0.734509 0.139735
vt 0.412138 0.146654
vt 0.410066 0.148725
vt 0.736580 0.149733
vt 0.734509 0.151805
vt 0.209707 0.224395
vt 0.212937 0.203755
vt 0.209707 0.203755
vt 0.212937 0.224395
vt 0.938606 0.477379
vt 0.941378 0.476637
vt 0.937662 0.474450
vt 0.940673 0.474354
vt 0.938345 0.528124
vt 0.940285 0.531017
vt 0.940922 0.528664
vt 0.937210 0.530855
vt 0.171405 0.150411
vt 0.176125 0.147684
vt 0.176135 0.153140
vt 0.171414 0.155867
vt 0.176143 0.158595
vt 0.180856 0.150411
vt 0.180865 0.155867
vt 0.154118 0.162036
vt 0.143151 0.173804
vt 0.143154 0.162498
vt 0.159576 0.155345
vt 0.164877 0.161112
vt 0.156437 0.173350
vt 0.166881 0.172438
vt 0.176011 0.167425
vt 0.176121 0.180872
vt 0.187220 0.176647
vt 0.187220 0.180872
vt 0.176011 0.171982
vt 0.165093 0.180872
vt 0.176077 0.176647
vt 0.165060 0.176647
vt 0.153994 0.180872
vt 0.153994 0.176647
vt 0.142928 0.176647
vt 0.185140 0.172437
vt 0.187143 0.161110
vt 0.142894 0.180872
vt 0.209346 0.180872
vt 0.198362 0.176647
vt 0.209380 0.176647
vt 0.195581 0.173349
vt 0.192444 0.155343
vt 0.197900 0.162034
vt 0.208864 0.173804
vt 0.199749 0.148258
vt 0.208866 0.162498
vt 0.198319 0.180872
vt 0.152271 0.148261
vt 0.143155 0.145318
vt 0.208867 0.145318
vt 0.914621 0.448147
vt 0.905608 0.448353
vt 0.909900 0.445418
vt 0.914900 0.453721
vt 0.905610 0.437666
vt 0.909908 0.439963
vt 0.914639 0.437236
vt 0.914842 0.432352
vt 0.919359 0.439963
vt 0.924104 0.437666
vt 0.919351 0.445418
vt 0.924164 0.448353
vt 0.925495 0.449133
vt 0.925569 0.436851
vt 0.914864 0.430631
vt 0.904182 0.436851
vt 0.904302 0.449133
vt 0.914911 0.455188
vt 0.266008 0.257715
vt 0.268075 0.259645
vt 0.266008 0.253857
vt 0.268075 0.251927
vt 0.247203 0.258552
vt 0.246338 0.259248
vt 0.247133 0.258389
vt 0.230616 0.244363
vt 0.229821 0.245223
vt 0.230686 0.244527
vt 0.246942 0.258358
vt 0.230425 0.244333
vt 0.246659 0.258461
vt 0.230142 0.244436
vt 0.246327 0.258686
vt 0.229809 0.244658
vt 0.245997 0.258995
vt 0.229480 0.244969
vt 0.245718 0.259343
vt 0.229200 0.245315
vt 0.245534 0.259676
vt 0.229017 0.245650
vt 0.245471 0.259944
vt 0.228954 0.245917
vt 0.252774 0.259273
vt 0.252038 0.259865
vt 0.252717 0.259135
vt 0.234842 0.243876
vt 0.234163 0.244605
vt 0.234899 0.244013
vt 0.252555 0.259111
vt 0.234680 0.243850
vt 0.252315 0.259200
vt 0.234440 0.243939
vt 0.252033 0.259391
vt 0.234159 0.244130
vt 0.251751 0.259652
vt 0.233877 0.244394
vt 0.251513 0.259947
vt 0.233639 0.244689
vt 0.251354 0.260230
vt 0.233480 0.244971
vt 0.251301 0.260458
vt 0.233426 0.245198
vt 0.309665 0.351054
vt 0.258748 0.349263
vt 0.247871 0.337941
vt 0.247871 0.336946
vt 0.309590 0.323107
vt 0.258213 0.324343
vt 0.247871 0.335953
vt 0.279501 0.260125
vt 0.279509 0.261118
vt 0.279495 0.260419
vt 0.263527 0.260419
vt 0.263539 0.261118
vt 0.263532 0.260125
vt 0.279492 0.260818
vt 0.263523 0.260818
vt 0.279492 0.261262
vt 0.263523 0.261262
vt 0.279495 0.261686
vt 0.279498 0.262022
vt 0.263526 0.261686
vt 0.279504 0.262221
vt 0.263530 0.262022
vt 0.279510 0.262251
vt 0.263534 0.262221
vt 0.279516 0.262109
vt 0.263541 0.262251
vt 0.263547 0.262111
vt 0.391724 0.601526
vt 0.391724 0.593484
vt 0.419966 0.597626
vt 0.419966 0.593484
vt 0.419966 0.589343
vt 0.391724 0.585442
vt 0.433634 0.593484
vt 0.433634 0.597626
vt 0.433634 0.589343
vt 0.850567 0.258476
vt 0.852633 0.256547
vt 0.852633 0.252688
vt 0.850567 0.250759
vt 0.887955 0.243358
vt 0.888820 0.244054
vt 0.888026 0.243195
vt 0.888216 0.243164
vt 0.871508 0.257221
vt 0.872303 0.258080
vt 0.871438 0.257384
vt 0.888499 0.243268
vt 0.871699 0.257190
vt 0.888832 0.243491
vt 0.871982 0.257294
vt 0.889161 0.243801
vt 0.872314 0.257517
vt 0.889441 0.244148
vt 0.872644 0.257826
vt 0.889625 0.244481
vt 0.872923 0.258174
vt 0.889687 0.244750
vt 0.873108 0.258508
vt 0.873170 0.258775
vt 0.809928 0.351767
vt 0.860845 0.349976
vt 0.871722 0.338654
vt 0.871722 0.337659
vt 0.810004 0.323820
vt 0.861380 0.325056
vt 0.871722 0.336666
vt 0.855109 0.258957
vt 0.855102 0.259950
vt 0.855115 0.259250
vt 0.855118 0.259650
vt 0.839145 0.259250
vt 0.839133 0.259950
vt 0.839140 0.258957
vt 0.855118 0.260095
vt 0.839149 0.259650
vt 0.855115 0.260517
vt 0.839149 0.260095
vt 0.839147 0.260517
vt 0.855112 0.260854
vt 0.839143 0.260854
vt 0.855107 0.261054
vt 0.839137 0.261054
vt 0.855100 0.261084
vt 0.839131 0.261084
vt 0.855094 0.260942
vt 0.839125 0.260941
vt 0.699988 0.599612
vt 0.728230 0.595471
vt 0.728230 0.603513
vt 0.699988 0.595471
vt 0.686320 0.595471
vt 0.686320 0.599612
vt 0.699988 0.591330
vt 0.686320 0.591330
vt 0.728230 0.587429
vt 0.445247 0.810714
vt 0.364708 0.785312
vt 0.445247 0.785312
vt 0.364708 0.810714
vt 0.341590 0.830787
vt 0.468620 0.830787
vt 0.468620 0.765238
vt 0.341590 0.765238
vt 0.426250 0.615653
vt 0.354607 0.633182
vt 0.359181 0.615653
vt 0.434887 0.633052
vt 0.347495 0.657065
vt 0.447593 0.657065
vt 0.340506 0.692124
vt 0.465632 0.692124
vt 0.338472 0.704575
vt 0.471726 0.704575
vt 0.334154 0.731756
vt 0.485446 0.731756
vt 0.466137 0.752589
vt 0.494338 0.752845
vt 0.465632 0.759447
vt 0.343171 0.759447
vt 0.341521 0.753859
vt 0.331360 0.754114
vt 0.494593 0.844052
vt 0.485701 0.865136
vt 0.466391 0.844052
vt 0.343301 0.837189
vt 0.465882 0.837189
vt 0.341776 0.842778
vt 0.334409 0.864880
vt 0.471980 0.892321
vt 0.331615 0.842778
vt 0.338727 0.892067
vt 0.465882 0.904518
vt 0.340762 0.904518
vt 0.447848 0.939832
vt 0.347745 0.939832
vt 0.435142 0.963584
vt 0.354863 0.963584
vt 0.426505 0.980989
vt 0.359431 0.980989
vt 0.318691 0.838273
vt 0.183025 0.837259
vt 0.957883 0.821388
vt 0.957883 0.783529
vt 0.835739 0.832055
vt 0.947273 0.832055
vt 0.825073 0.821388
vt 0.825073 0.783529
vt 0.947273 0.773113
vt 0.835739 0.773113
vt 0.775644 0.618995
vt 0.780218 0.636524
vt 0.708575 0.618995
vt 0.699938 0.636394
vt 0.787330 0.660407
vt 0.687233 0.660407
vt 0.794319 0.695466
vt 0.669193 0.695466
vt 0.796353 0.707917
vt 0.663101 0.707917
vt 0.800672 0.735098
vt 0.649380 0.735098
vt 0.668689 0.755931
vt 0.793304 0.757201
vt 0.803466 0.757456
vt 0.640488 0.756187
vt 0.791655 0.762789
vt 0.669193 0.762789
vt 0.975174 0.733623
vt 0.951547 0.762839
vt 0.814100 0.735147
vt 0.961708 0.705926
vt 0.955360 0.692716
vt 0.818419 0.707451
vt 0.820453 0.693986
vt 0.937576 0.657147
vt 0.827566 0.658421
vt 0.924615 0.632505
vt 0.834424 0.633519
vt 0.844336 0.611671
vt 0.911404 0.611671
vt 0.838997 0.615740
vt 0.825027 0.763348
vt 0.828076 0.769951
vt 0.950781 0.769951
vt 0.984576 0.754961
vt 0.979492 0.762839
vt 0.826041 0.765888
vt 0.810796 0.757755
vt 0.916233 0.614720
vt 0.668434 0.847395
vt 0.649125 0.868478
vt 0.640233 0.847395
vt 0.800417 0.868222
vt 0.793049 0.846120
vt 0.662846 0.895664
vt 0.796098 0.895409
vt 0.668944 0.907860
vt 0.794063 0.907860
vt 0.686978 0.943174
vt 0.787081 0.943174
vt 0.699684 0.966926
vt 0.779963 0.966926
vt 0.708322 0.984331
vt 0.775394 0.984331
vt 0.668944 0.840531
vt 0.791525 0.840531
vt 0.803211 0.846120
vt 0.816134 0.841615
vt 0.813591 0.869816
vt 0.810541 0.847209
vt 0.951291 0.842380
vt 0.827821 0.835013
vt 0.950532 0.835013
vt 0.979237 0.842125
vt 0.974919 0.871340
vt 0.961453 0.899287
vt 0.984320 0.850003
vt 0.827056 0.946796
vt 0.834168 0.971439
vt 0.819943 0.910973
vt 0.838742 0.989223
vt 0.911150 0.993292
vt 0.924360 0.972459
vt 0.915978 0.990243
vt 0.937066 0.948066
vt 0.955105 0.912498
vt 0.817909 0.897507
vt 0.843825 0.993292
vt 0.824772 0.841615
vt 0.501990 0.701322
vt 0.529038 0.701142
vt 0.528885 0.701090
vt 0.502722 0.701398
vt 0.553604 0.755395
vt 0.553425 0.728348
vt 0.553373 0.728501
vt 0.553681 0.754663
vt 0.593070 0.666055
vt 0.574072 0.685307
vt 0.574217 0.685235
vt 0.592498 0.666518
vt 0.607679 0.703782
vt 0.580631 0.703960
vt 0.580784 0.704013
vt 0.606946 0.703705
vt 0.518337 0.664316
vt 0.537590 0.683313
vt 0.537519 0.683169
vt 0.518801 0.664888
vt 0.574217 0.719867
vt 0.574072 0.719796
vt 0.593070 0.739048
vt 0.572150 0.721935
vt 0.556243 0.728348
vt 0.556296 0.728501
vt 0.572079 0.721789
vt 0.580784 0.701090
vt 0.580631 0.701142
vt 0.607679 0.701322
vt 0.553373 0.676602
vt 0.553425 0.676754
vt 0.553604 0.649707
vt 0.556296 0.676602
vt 0.572079 0.683313
vt 0.572150 0.683169
vt 0.556243 0.676754
vt 0.535451 0.685235
vt 0.535597 0.685307
vt 0.516598 0.666055
vt 0.537519 0.721935
vt 0.537590 0.721789
vt 0.518337 0.740788
vt 0.611839 0.717826
vt 0.611723 0.702551
vt 0.613849 0.702551
vt 0.605942 0.732059
vt 0.609784 0.717275
vt 0.604101 0.730995
vt 0.596564 0.744282
vt 0.595060 0.742778
vt 0.584342 0.753660
vt 0.583279 0.751818
vt 0.570109 0.759555
vt 0.569558 0.757502
vt 0.554834 0.761566
vt 0.554834 0.759440
vt 0.539560 0.759555
vt 0.540111 0.757502
vt 0.525327 0.753660
vt 0.526390 0.751818
vt 0.513104 0.744282
vt 0.514608 0.742778
vt 0.503726 0.732059
vt 0.505568 0.730995
vt 0.497830 0.717826
vt 0.499884 0.717275
vt 0.495820 0.702551
vt 0.497946 0.702551
vt 0.497830 0.687277
vt 0.499884 0.687827
vt 0.503726 0.673044
vt 0.505568 0.674107
vt 0.513104 0.660822
vt 0.514608 0.662325
vt 0.525327 0.651443
vt 0.526390 0.653285
vt 0.539560 0.645547
vt 0.540111 0.647601
vt 0.554834 0.643537
vt 0.554834 0.645663
vt 0.570109 0.645547
vt 0.569558 0.647601
vt 0.584342 0.651443
vt 0.583279 0.653285
vt 0.596564 0.660822
vt 0.595061 0.662325
vt 0.605942 0.673044
vt 0.604101 0.674107
vt 0.611839 0.687277
vt 0.609784 0.687827
vt 0.592498 0.738584
vt 0.518801 0.740215
vt 0.517171 0.666518
vt 0.553681 0.650439
vt 0.606946 0.701398
vt 0.571133 0.718850
vt 0.577763 0.702553
vt 0.577884 0.702551
vt 0.554834 0.725601
vt 0.571047 0.718764
vt 0.554834 0.725480
vt 0.538535 0.718850
vt 0.538622 0.718764
vt 0.531785 0.702551
vt 0.531905 0.702551
vt 0.538535 0.686252
vt 0.538622 0.686339
vt 0.554834 0.679502
vt 0.554834 0.679622
vt 0.571133 0.686252
vt 0.571047 0.686339
vt 0.427354 0.229401
vt 0.431230 0.229401
vt 0.428843 0.267954
vt 0.429742 0.267954
vt 0.740545 0.140165
vt 0.740544 0.137234
vt 0.614213 0.271142
vt 0.614168 0.279859
vt 0.576208 0.918661
vt 0.576022 0.926046
vt 0.573805 0.918661
vt 0.576216 0.902192
vt 0.564422 0.918661
vt 0.572402 0.927290
vt 0.592468 0.911722
vt 0.591334 0.913269
vt 0.592560 0.902192
vt 0.586252 0.918661
vt 0.537466 0.918661
vt 0.535127 0.926046
vt 0.534819 0.918661
vt 0.535056 0.902192
vt 0.546682 0.918661
vt 0.535056 0.884854
vt 0.546682 0.902192
vt 0.582780 0.918661
vt 0.582789 0.921161
vt 0.582681 0.902192
vt 0.624280 0.895082
vt 0.622594 0.892955
vt 0.624280 0.892955
vt 0.622594 0.895082
vt 0.624280 0.906488
vt 0.564422 0.929785
vt 0.564422 0.902192
vt 0.576216 0.884854
vt 0.564422 0.884854
vt 0.538932 0.927290
vt 0.546682 0.929785
vt 0.592560 0.884854
vt 0.582780 0.884854
vt 0.546682 0.884854
vt 0.622594 0.906488
vt 0.624280 0.920977
vt 0.622594 0.920977
vt 0.651640 0.523297
vt 0.662874 0.523297
vt 0.652058 0.515654
vt 0.661841 0.515654
vt 0.652998 0.549304
vt 0.637811 0.550815
vt 0.637811 0.549304
vt 0.652998 0.550815
vt 0.622336 0.543770
vt 0.621217 0.531344
vt 0.625434 0.542323
vt 0.626018 0.541692
vt 0.618605 0.546795
vt 0.619951 0.544105
vt 0.620196 0.546869
vt 0.627936 0.530102
vt 0.627546 0.517631
vt 0.624368 0.518895
vt 0.623748 0.519491
vt 0.663251 0.521440
vt 0.666014 0.521435
vt 0.663255 0.525069
vt 0.618360 0.544030
vt 0.666019 0.525064
vt 0.392974 0.230245
vt 0.390147 0.207003
vt 0.390147 0.230247
vt 0.395802 0.230245
vt 0.392974 0.207003
vt 0.395802 0.207002
vt 0.398629 0.230244
vt 0.398629 0.207001
vt 0.401457 0.230244
vt 0.401456 0.207000
vt 0.404284 0.230244
vt 0.404284 0.207000
vt 0.407112 0.230244
vt 0.407112 0.207000
vt 0.409939 0.230244
vt 0.409939 0.207000
vt 0.412765 0.230244
vt 0.412765 0.207000
vt 0.378838 0.230244
vt 0.381664 0.230244
vt 0.378839 0.207000
vt 0.381666 0.207001
vt 0.384492 0.230245
vt 0.384493 0.207002
vt 0.387320 0.230245
vt 0.387321 0.207002
vt 0.393436 0.183912
vt 0.392172 0.188248
vt 0.394597 0.188248
vt 0.390262 0.180738
vt 0.391336 0.185125
vt 0.389049 0.182839
vt 0.385926 0.179577
vt 0.385926 0.182002
vt 0.381592 0.180738
vt 0.382804 0.182839
vt 0.378417 0.183912
vt 0.380518 0.185125
vt 0.377256 0.188248
vt 0.379681 0.188248
vt 0.378417 0.192583
vt 0.380518 0.191371
vt 0.381592 0.195757
vt 0.382804 0.193656
vt 0.385926 0.196919
vt 0.385926 0.194493
vt 0.390262 0.195757
vt 0.389049 0.193656
vt 0.393436 0.192583
vt 0.391336 0.191371
vt 0.719760 0.231613
vt 0.722587 0.208370
vt 0.722587 0.231614
vt 0.716933 0.231613
vt 0.719760 0.208370
vt 0.716933 0.208369
vt 0.714105 0.231612
vt 0.714105 0.208369
vt 0.711277 0.231611
vt 0.711278 0.208368
vt 0.708450 0.231611
vt 0.708451 0.208368
vt 0.705622 0.231611
vt 0.705622 0.208368
vt 0.702795 0.231611
vt 0.702795 0.208368
vt 0.699969 0.231611
vt 0.699969 0.208368
vt 0.733896 0.231611
vt 0.731070 0.231612
vt 0.733895 0.208368
vt 0.731068 0.208369
vt 0.728243 0.231613
vt 0.728241 0.208369
vt 0.725414 0.231613
vt 0.725414 0.208369
vt 0.714055 0.207726
vt 0.716882 0.201354
vt 0.716882 0.207726
vt 0.714055 0.201353
vt 0.711226 0.207726
vt 0.711226 0.201352
vt 0.708400 0.207725
vt 0.708400 0.201352
vt 0.705571 0.207725
vt 0.705571 0.201352
vt 0.702745 0.207726
vt 0.702745 0.201352
vt 0.719709 0.201354
vt 0.719709 0.207727
vt 0.722537 0.201355
vt 0.722537 0.207727
vt 0.725364 0.201354
vt 0.725364 0.207727
vt 0.728191 0.201354
vt 0.728191 0.207727
vt 0.731018 0.201353
vt 0.731019 0.207726
vt 0.733846 0.201352
vt 0.733846 0.207726
vt 0.699917 0.207726
vt 0.699917 0.201352
vt 0.922707 0.159087
vt 0.931998 0.164456
vt 0.922708 0.148401
vt 0.931940 0.143086
vt 0.941202 0.148401
vt 0.941262 0.159087
vt 0.942594 0.159868
vt 0.942667 0.147586
vt 0.931963 0.141365
vt 0.921280 0.147586
vt 0.921400 0.159868
vt 0.932009 0.165923
vt 0.206274 0.474913
vt 0.197012 0.480228
vt 0.215505 0.480228
vt 0.215508 0.490914
vt 0.196952 0.490914
vt 0.206216 0.496282
vt 0.195620 0.491694
vt 0.206205 0.497749
vt 0.195547 0.479413
vt 0.206251 0.473192
vt 0.216934 0.479413
vt 0.216814 0.491694
vt 0.385888 0.165786
vt 0.385886 0.156804
vt 0.375868 0.165787
vt 0.375807 0.156804
vt 0.366715 0.156802
vt 0.366714 0.166071
vt 0.366712 0.175404
vt 0.375868 0.175404
vt 0.385888 0.175404
vt 0.733650 0.163158
vt 0.738781 0.164350
vt 0.733650 0.172171
vt 0.737589 0.176111
vt 0.745410 0.170980
vt 0.746602 0.176111
vt 0.750542 0.172171
vt 0.745410 0.164348
vt 0.750542 0.163158
vt 0.746602 0.159218
vt 0.737589 0.159219
vt 0.738781 0.170980
vt 0.433432 0.161985
vt 0.439619 0.184249
vt 0.429446 0.159334
vt 0.505344 0.206522
vt 0.509014 0.158780
vt 0.508971 0.209584
vt 0.505347 0.161964
vt 0.442894 0.184201
vt 0.427650 0.210750
vt 0.432765 0.207376
vt 0.642195 0.163799
vt 0.636183 0.207260
vt 0.636183 0.163799
vt 0.654906 0.179604
vt 0.642195 0.207260
vt 0.654906 0.191577
vt 0.667135 0.179604
vt 0.667135 0.191577
vt 0.675521 0.185591
vt 0.680744 0.163375
vt 0.684894 0.163691
vt 0.680811 0.208119
vt 0.613951 0.163799
vt 0.613951 0.207260
vt 0.685467 0.208143
vt 0.416101 0.134155
vt 0.416101 0.137085
vt 0.412138 0.138727
vt 0.410066 0.136655
vt 0.421706 0.142691
vt 0.410497 0.142691
vt 0.407566 0.142691
vt 0.416101 0.148295
vt 0.416101 0.151225
vt 0.420065 0.146654
vt 0.422136 0.148725
vt 0.424636 0.142691
vt 0.385731 0.153409
vt 0.380951 0.132570
vt 0.380951 0.153409
vt 0.390508 0.153408
vt 0.385729 0.132569
vt 0.390508 0.132569
vt 0.395286 0.153408
vt 0.395286 0.132569
vt 0.400064 0.153408
vt 0.400065 0.132569
vt 0.404842 0.153408
vt 0.404844 0.132569
vt 0.366615 0.153408
vt 0.371394 0.153409
vt 0.366617 0.132569
vt 0.371395 0.132569
vt 0.376173 0.153409
vt 0.376173 0.132570
vt 0.744507 0.141806
vt 0.746579 0.139735
vt 0.734939 0.145770
vt 0.746149 0.145770
vt 0.749079 0.145770
vt 0.744507 0.149733
vt 0.746579 0.151805
vt 0.740545 0.151374
vt 0.740544 0.154305
vt 0.732009 0.145770
vt 0.711595 0.156277
vt 0.716374 0.135438
vt 0.716374 0.156277
vt 0.706817 0.156275
vt 0.711596 0.135437
vt 0.706818 0.135437
vt 0.702040 0.156275
vt 0.702040 0.135436
vt 0.697261 0.156275
vt 0.697260 0.135436
vt 0.692483 0.156275
vt 0.692482 0.135437
vt 0.730710 0.156275
vt 0.725932 0.156277
vt 0.730709 0.135437
vt 0.725930 0.135437
vt 0.721152 0.156277
vt 0.721152 0.135438
vt 0.936634 0.199306
vt 0.929400 0.197519
vt 0.929673 0.200519
vt 0.935740 0.196664
vt 0.945076 0.197434
vt 0.902348 0.197588
vt 0.944444 0.194535
vt 0.969129 0.197769
vt 0.963450 0.219424
vt 0.970852 0.198040
vt 0.935286 0.241104
vt 0.929219 0.237251
vt 0.928946 0.240250
vt 0.936181 0.238463
vt 0.943990 0.243234
vt 0.901896 0.240179
vt 0.900194 0.237313
vt 0.944623 0.240334
vt 0.900648 0.200455
vt 0.961740 0.219426
vt 0.969124 0.241318
vt 0.970852 0.240760
vt 0.248348 0.449173
vt 0.251579 0.428533
vt 0.248348 0.428533
vt 0.251579 0.449173
vt 0.638152 0.247839
vt 0.631861 0.244207
vt 0.641783 0.254129
vt 0.641783 0.261392
vt 0.624597 0.244207
vt 0.618306 0.247839
vt 0.614675 0.254129
vt 0.614675 0.261392
vt 0.618306 0.267684
vt 0.624597 0.271316
vt 0.631861 0.271316
vt 0.638152 0.267683
vt 0.362759 0.234631
vt 0.344397 0.164346
vt 0.362759 0.161551
vt 0.344285 0.231837
vt 0.329897 0.198091
vt 0.362759 0.234633
vt 0.362759 0.161570
vt 0.675081 0.256740
vt 0.665999 0.256740
vt 0.675081 0.254536
vt 0.684087 0.256740
vt 0.675081 0.231764
vt 0.684087 0.231764
vt 0.675081 0.233758
vt 0.665999 0.231764
vt 0.449972 0.261987
vt 0.449972 0.254503
vt 0.449972 0.235007
vt 0.449972 0.244374
vt 0.616582 0.238956
vt 0.614082 0.235869
vt 0.628245 0.226441
vt 0.613320 0.242514
vt 0.628245 0.238983
vt 0.639928 0.238956
vt 0.642406 0.235869
vt 0.639213 0.226455
vt 0.636327 0.218523
vt 0.628245 0.218192
vt 0.620061 0.218549
vt 0.628245 0.242465
vt 0.643195 0.242514
vt 0.617297 0.226455
vt 0.614252 0.225558
vt 0.610061 0.238290
vt 0.646427 0.238290
vt 0.642264 0.225558
vt 0.628245 0.214463
vt 0.638521 0.214974
vt 0.617836 0.215008
vt 0.691891 0.246074
vt 0.686643 0.241615
vt 0.691891 0.241634
vt 0.691891 0.250508
vt 0.686644 0.246068
vt 0.686644 0.250526
vt 0.691891 0.254513
vt 0.702314 0.238682
vt 0.697719 0.236094
vt 0.698614 0.233465
vt 0.699569 0.238703
vt 0.698498 0.243813
vt 0.697660 0.241267
vt 0.686644 0.254527
vt 0.691891 0.233819
vt 0.691891 0.237623
vt 0.686644 0.233832
vt 0.692436 0.241766
vt 0.694629 0.240245
vt 0.686643 0.237620
vt 0.692510 0.235373
vt 0.694666 0.237047
vt 0.696840 0.238689
vt 0.737966 0.270695
vt 0.723825 0.269542
vt 0.719816 0.246108
vt 0.707068 0.267511
vt 0.706979 0.253542
vt 0.716379 0.242375
vt 0.708103 0.247936
vt 0.711829 0.242574
vt 0.403715 0.245386
vt 0.399695 0.268823
vt 0.385564 0.269974
vt 0.407151 0.241653
vt 0.416462 0.266790
vt 0.416546 0.252826
vt 0.415422 0.247220
vt 0.411702 0.241851
vt 0.494688 0.286272
vt 0.501352 0.286272
vt 0.501352 0.270744
vt 0.494688 0.270744
vt 0.490778 0.265845
vt 0.490778 0.259109
vt 0.505155 0.265845
vt 0.505155 0.259109
vt 0.557943 0.843912
vt 0.557943 0.823964
vt 0.543836 0.838069
vt 0.572047 0.838069
vt 0.537994 0.823965
vt 0.577890 0.823964
vt 0.572047 0.809858
vt 0.557943 0.804016
vt 0.543836 0.809858
vt 0.605877 0.810883
vt 0.600912 0.798894
vt 0.582186 0.822418
vt 0.607408 0.822651
vt 0.576002 0.807489
vt 0.593672 0.789490
vt 0.600912 0.848601
vt 0.605877 0.836612
vt 0.576002 0.840004
vt 0.593672 0.858004
vt 0.582186 0.825076
vt 0.607408 0.824843
vt 0.570730 0.871759
vt 0.582717 0.866793
vt 0.559193 0.848068
vt 0.558961 0.873291
vt 0.574123 0.841884
vt 0.592122 0.859555
vt 0.544999 0.775735
vt 0.533012 0.780700
vt 0.556536 0.799425
vt 0.556768 0.774204
vt 0.541606 0.805609
vt 0.523607 0.787939
vt 0.533012 0.866793
vt 0.544999 0.871759
vt 0.541606 0.841884
vt 0.523607 0.859555
vt 0.556536 0.848068
vt 0.556768 0.873291
vt 0.559193 0.799425
vt 0.574123 0.805609
vt 0.570730 0.775735
vt 0.558961 0.774204
vt 0.582717 0.780700
vt 0.592122 0.787939
vt 0.539727 0.840004
vt 0.533543 0.825076
vt 0.514817 0.848601
vt 0.522057 0.858004
vt 0.509852 0.836612
vt 0.508321 0.824843
vt 0.154570 0.186037
vt 0.151561 0.185941
vt 0.153628 0.188965
vt 0.150856 0.188223
vt 0.177636 0.235604
vt 0.204688 0.235533
vt 0.177364 0.232605
vt 0.171297 0.236458
vt 0.170402 0.233817
vt 0.162593 0.238588
vt 0.161960 0.235689
vt 0.153889 0.239710
vt 0.155023 0.242441
vt 0.206388 0.232667
vt 0.922285 0.483074
vt 0.915050 0.481287
vt 0.915323 0.484286
vt 0.921391 0.480433
vt 0.930727 0.481202
vt 0.887998 0.481357
vt 0.930094 0.478303
vt 0.954779 0.481537
vt 0.949100 0.503193
vt 0.956503 0.481809
vt 0.920937 0.524872
vt 0.914870 0.521019
vt 0.914596 0.524018
vt 0.921831 0.522231
vt 0.929640 0.527002
vt 0.887546 0.523947
vt 0.885845 0.521081
vt 0.930274 0.524103
vt 0.886298 0.484224
vt 0.947390 0.503193
vt 0.954774 0.525086
vt 0.956503 0.524529
vt 0.175923 0.142800
vt 0.166661 0.148115
vt 0.185154 0.148115
vt 0.185157 0.158801
vt 0.166600 0.158801
vt 0.175864 0.164170
vt 0.165269 0.159581
vt 0.175854 0.165636
vt 0.165196 0.147299
vt 0.175900 0.141079
vt 0.186583 0.147299
vt 0.186462 0.159581
vt 0.914630 0.442691
vt 0.936647 0.451588
vt 0.947613 0.463356
vt 0.934327 0.462901
vt 0.938493 0.437812
vt 0.947610 0.452049
vt 0.931188 0.444896
vt 0.925887 0.450664
vt 0.923884 0.461989
vt 0.914644 0.470424
vt 0.914687 0.466198
vt 0.925671 0.470424
vt 0.903545 0.466198
vt 0.914754 0.461534
vt 0.925704 0.466198
vt 0.936771 0.470424
vt 0.914754 0.456977
vt 0.903622 0.450662
vt 0.947836 0.466198
vt 0.947870 0.470424
vt 0.905624 0.461988
vt 0.895183 0.462900
vt 0.881418 0.470424
vt 0.892402 0.466198
vt 0.892446 0.470424
vt 0.892864 0.451586
vt 0.881900 0.463356
vt 0.881899 0.452049
vt 0.898320 0.444895
vt 0.903545 0.470424
vt 0.891015 0.437810
vt 0.881898 0.434870
vt 0.947609 0.434870
vt 0.936771 0.466198
vt 0.881385 0.466198
vt 0.268049 0.259645
vt 0.268049 0.251927
vt 0.265977 0.257715
vt 0.265977 0.253857
vt 0.357724 0.288370
vt 0.317147 0.272661
vt 0.354031 0.266448
vt 0.357820 0.291778
vt 0.321052 0.294509
vt 0.358094 0.289925
vt 0.320847 0.296354
vt 0.354612 0.313513
vt 0.320551 0.292864
vt 0.280263 0.278875
vt 0.284012 0.299093
vt 0.283874 0.300929
vt 0.320064 0.315504
vt 0.283375 0.297358
vt 0.243377 0.285089
vt 0.246970 0.303678
vt 0.246901 0.305505
vt 0.282270 0.318254
vt 0.246202 0.301851
vt 0.206492 0.291303
vt 0.209929 0.308262
vt 0.209929 0.310081
vt 0.247826 0.320279
vt 0.209027 0.306346
vt 0.209929 0.322996
vt 0.246161 0.335953
vt 0.257186 0.323236
vt 0.209929 0.336089
vt 0.209929 0.336946
vt 0.246161 0.336946
vt 0.246161 0.337941
vt 0.209929 0.337803
vt 0.209929 0.350898
vt 0.247826 0.353615
vt 0.257604 0.350254
vt 0.209929 0.363223
vt 0.246901 0.367799
vt 0.282270 0.355639
vt 0.209929 0.364612
vt 0.246970 0.369380
vt 0.283875 0.372375
vt 0.244361 0.387135
vt 0.209539 0.365566
vt 0.207598 0.380650
vt 0.246524 0.370327
vt 0.284012 0.373965
vt 0.320847 0.376951
vt 0.320064 0.358390
vt 0.281126 0.393620
vt 0.283510 0.375086
vt 0.321052 0.378549
vt 0.357820 0.381526
vt 0.354612 0.360381
vt 0.317889 0.400104
vt 0.320495 0.379845
vt 0.357205 0.383199
vt 0.357793 0.381706
vt 0.321181 0.378646
vt 0.354652 0.406588
vt 0.357481 0.384605
vt 0.309876 0.336946
vt 0.309762 0.338192
vt 0.309762 0.336946
vt 0.310741 0.352654
vt 0.310723 0.338192
vt 0.316036 0.338215
vt 0.351405 0.338351
vt 0.309762 0.335703
vt 0.310549 0.321622
vt 0.310723 0.335703
vt 0.310723 0.336946
vt 0.316036 0.335679
vt 0.316036 0.336946
vt 0.351405 0.336946
vt 0.351405 0.335542
vt 0.354867 0.406654
vt 0.320607 0.379830
vt 0.317992 0.400150
vt 0.283509 0.375055
vt 0.281115 0.393646
vt 0.246409 0.370281
vt 0.244241 0.387141
vt 0.209311 0.365507
vt 0.207365 0.380638
vt 0.357705 0.384605
vt 0.417412 0.572206
vt 0.433461 0.529775
vt 0.384251 0.536344
vt 0.361196 0.536342
vt 0.267292 0.532590
vt 0.353573 0.583951
vt 0.287613 0.594865
vt 0.287613 0.597626
vt 0.302793 0.562642
vt 0.287613 0.593484
vt 0.287613 0.592104
vt 0.433460 0.572206
vt 0.287613 0.589343
vt 0.249769 0.594865
vt 0.249769 0.600805
vt 0.249769 0.593484
vt 0.249769 0.592104
vt 0.267292 0.529775
vt 0.267292 0.431287
vt 0.267292 0.456145
vt 0.433460 0.431287
vt 0.433460 0.456145
vt 0.267292 0.492960
vt 0.433460 0.492960
vt 0.249769 0.586164
vt 0.850592 0.258476
vt 0.852665 0.256547
vt 0.850592 0.250759
vt 0.852664 0.252688
vt 0.761500 0.290637
vt 0.798542 0.295222
vt 0.761773 0.292491
vt 0.764726 0.407367
vt 0.798987 0.380543
vt 0.801602 0.400863
vt 0.798747 0.297067
vt 0.835582 0.299806
vt 0.836084 0.375768
vt 0.838478 0.394359
vt 0.764982 0.314226
vt 0.835719 0.301642
vt 0.872623 0.304391
vt 0.873184 0.370994
vt 0.875353 0.387854
vt 0.799530 0.316217
vt 0.837323 0.318967
vt 0.872692 0.306218
vt 0.909664 0.308975
vt 0.910282 0.366220
vt 0.912229 0.381351
vt 0.909664 0.310794
vt 0.871767 0.320992
vt 0.909664 0.323709
vt 0.873433 0.336666
vt 0.909664 0.336802
vt 0.862408 0.323949
vt 0.909664 0.337659
vt 0.873433 0.337659
vt 0.873433 0.338654
vt 0.909664 0.338516
vt 0.909664 0.351611
vt 0.871767 0.354328
vt 0.909664 0.363936
vt 0.861989 0.350967
vt 0.837323 0.356352
vt 0.872692 0.368512
vt 0.909664 0.365325
vt 0.872623 0.370093
vt 0.911996 0.381363
vt 0.910055 0.366279
vt 0.875233 0.387848
vt 0.835719 0.373088
vt 0.835582 0.374678
vt 0.873069 0.371040
vt 0.838468 0.394333
vt 0.799530 0.359103
vt 0.798747 0.377664
vt 0.798542 0.379262
vt 0.836083 0.375799
vt 0.801705 0.400817
vt 0.764982 0.361094
vt 0.761773 0.382239
vt 0.798413 0.379360
vt 0.761801 0.382418
vt 0.762389 0.383912
vt 0.799098 0.380559
vt 0.764941 0.407301
vt 0.809717 0.337659
vt 0.809832 0.336416
vt 0.809832 0.337659
vt 0.809832 0.338905
vt 0.808853 0.353367
vt 0.808871 0.338905
vt 0.803557 0.338928
vt 0.768188 0.339064
vt 0.809044 0.322335
vt 0.808871 0.336416
vt 0.808871 0.337659
vt 0.803557 0.337659
vt 0.803557 0.336392
vt 0.768188 0.337659
vt 0.768188 0.336255
vt 0.761889 0.385317
vt 0.762112 0.385318
vt 0.762234 0.289145
vt 0.802824 0.273470
vt 0.765944 0.267226
vt 0.799404 0.293670
vt 0.839703 0.279712
vt 0.836575 0.298193
vt 0.876583 0.285957
vt 0.873745 0.302716
vt 0.913463 0.292200
vt 0.910916 0.307241
vt 0.703796 0.571531
vt 0.687747 0.529101
vt 0.687748 0.571532
vt 0.736957 0.535670
vt 0.760011 0.535667
vt 0.832341 0.599612
vt 0.767635 0.583276
vt 0.853916 0.531916
vt 0.832341 0.596852
vt 0.832341 0.594091
vt 0.832341 0.595471
vt 0.832341 0.591330
vt 0.870185 0.596852
vt 0.870185 0.595471
vt 0.870185 0.594091
vt 0.870185 0.602792
vt 0.818415 0.561966
vt 0.687748 0.430613
vt 0.853916 0.455471
vt 0.853916 0.430613
vt 0.687748 0.455471
vt 0.853916 0.492286
vt 0.687748 0.492286
vt 0.853916 0.529101
vt 0.870185 0.588151
vt 0.155333 0.759497
vt 0.318441 0.760006
vt 0.816384 0.763348
vt 0.952056 0.764363
vt 0.951801 0.840601
vt 0.825787 0.839076
vt 0.591331 0.740788
vt 0.590868 0.740215
vt 0.556064 0.755395
vt 0.556064 0.649707
vt 0.591331 0.664316
vt 0.555988 0.754663
vt 0.590868 0.664888
vt 0.555988 0.650439
vt 0.622158 0.895082
vt 0.620585 0.895082
vt 0.620585 0.888908
vt 0.622158 0.906488
vt 0.620585 0.906488
vt 0.624607 0.920977
vt 0.624605 0.906488
vt 0.626293 0.920977
vt 0.626293 0.906488
vt 0.624607 0.900624
vt 0.626293 0.900624
vt 0.614175 0.922340
vt 0.615599 0.922340
vt 0.614175 0.921101
vt 0.615599 0.921101
vt 0.614175 0.915736
vt 0.622158 0.888908
vt 0.620585 0.888909
vt 0.622158 0.920977
vt 0.615599 0.915736
vt 0.615599 0.912739
vt 0.614175 0.912739
vt 0.518357 0.912027
vt 0.518373 0.902192
vt 0.519867 0.913571
vt 0.524521 0.918661
vt 0.528121 0.902192
vt 0.528121 0.918661
vt 0.518373 0.884854
vt 0.528174 0.921204
vt 0.622158 0.888909
vt 0.620259 0.885784
vt 0.618682 0.885784
vt 0.620259 0.895082
vt 0.618682 0.895082
vt 0.620259 0.906488
vt 0.618682 0.906488
vt 0.620259 0.920977
vt 0.618682 0.920977
vt 0.620585 0.920977
vt 0.528121 0.884854
vt 0.651971 0.539244
vt 0.662711 0.542953
vt 0.651971 0.543450
vt 0.651971 0.528532
vt 0.632603 0.528590
vt 0.662711 0.524822
vt 0.651971 0.524326
vt 0.632603 0.539184
vt 0.628805 0.530038
vt 0.628429 0.517566
vt 0.624886 0.515050
vt 0.624970 0.517825
vt 0.627461 0.514856
vt 0.628345 0.514791
vt 0.629955 0.517437
vt 0.629871 0.514662
vt 0.666158 0.521425
vt 0.668893 0.525069
vt 0.666129 0.525044
vt 0.668922 0.521451
vt 0.410277 0.184965
vt 0.414371 0.187607
vt 0.410984 0.187607
vt 0.408343 0.183031
vt 0.413210 0.183272
vt 0.405702 0.182324
vt 0.410037 0.180098
vt 0.403059 0.183031
vt 0.405702 0.178936
vt 0.401365 0.180098
vt 0.401125 0.184965
vt 0.398192 0.183272
vt 0.400416 0.187607
vt 0.397030 0.187607
vt 0.401125 0.190249
vt 0.398192 0.191942
vt 0.403058 0.192184
vt 0.401365 0.195116
vt 0.405702 0.192892
vt 0.408343 0.192184
vt 0.405702 0.196279
vt 0.410277 0.190250
vt 0.410036 0.195116
vt 0.413210 0.191942
vt 0.953745 0.162322
vt 0.964711 0.174090
vt 0.951425 0.173636
vt 0.955591 0.148546
vt 0.964708 0.162784
vt 0.948287 0.155630
vt 0.942985 0.161398
vt 0.940982 0.172724
vt 0.931742 0.181159
vt 0.931785 0.176933
vt 0.942769 0.181159
vt 0.920643 0.176933
vt 0.931852 0.172268
vt 0.942802 0.176933
vt 0.953869 0.181159
vt 0.931852 0.167712
vt 0.920720 0.161396
vt 0.964935 0.176933
vt 0.964968 0.181159
vt 0.922723 0.172722
vt 0.912281 0.173635
vt 0.898517 0.181159
vt 0.909500 0.176933
vt 0.909544 0.181159
vt 0.909962 0.162321
vt 0.898998 0.174090
vt 0.898997 0.162784
vt 0.915418 0.155629
vt 0.920643 0.181159
vt 0.908113 0.148544
vt 0.898996 0.145605
vt 0.964708 0.145605
vt 0.953869 0.176933
vt 0.898484 0.176933
vt 0.426112 0.161193
vt 0.420981 0.162385
vt 0.426112 0.170206
vt 0.422173 0.174145
vt 0.414352 0.169014
vt 0.413160 0.174145
vt 0.409221 0.170206
vt 0.414352 0.162383
vt 0.409221 0.161193
vt 0.413160 0.157253
vt 0.422173 0.157254
vt 0.420981 0.169014
vt 0.695831 0.159805
vt 0.695832 0.167438
vt 0.713270 0.167110
vt 0.713271 0.158128
vt 0.695837 0.176727
vt 0.713270 0.176728
vt 0.474267 0.158688
vt 0.482667 0.158688
vt 0.476243 0.161880
vt 0.462570 0.174071
vt 0.463561 0.177628
vt 0.453079 0.173939
vt 0.451788 0.177665
vt 0.438173 0.161602
vt 0.439317 0.158365
vt 0.463561 0.190561
vt 0.474817 0.209764
vt 0.476439 0.206541
vt 0.462341 0.194303
vt 0.451884 0.190626
vt 0.482606 0.206582
vt 0.452910 0.194464
vt 0.439757 0.211055
vt 0.438258 0.207331
vt 0.482606 0.209878
vt 0.482776 0.161880
vt 0.656240 0.175403
vt 0.642567 0.163211
vt 0.644544 0.160019
vt 0.655250 0.178960
vt 0.665732 0.175271
vt 0.636144 0.160019
vt 0.636035 0.163211
vt 0.667023 0.178995
vt 0.680639 0.162934
vt 0.679494 0.159696
vt 0.642372 0.207873
vt 0.636205 0.207914
vt 0.643995 0.211096
vt 0.655250 0.191892
vt 0.656470 0.195634
vt 0.636205 0.211209
vt 0.666927 0.191957
vt 0.665901 0.195796
vt 0.679054 0.212387
vt 0.680553 0.208663
vt 0.893646 0.208401
vt 0.896876 0.229040
vt 0.896876 0.208401
vt 0.893646 0.229040
vt 0.174372 0.418173
vt 0.181774 0.439557
vt 0.176095 0.417901
vt 0.183485 0.439558
vt 0.216279 0.460382
vt 0.243329 0.460311
vt 0.216006 0.457383
vt 0.209938 0.461236
vt 0.209044 0.458596
vt 0.201235 0.463366
vt 0.200601 0.460467
vt 0.245031 0.457445
vt 0.176101 0.461450
vt 0.174372 0.460892
vt 0.799785 0.206250
vt 0.801289 0.240022
vt 0.799785 0.241928
vt 0.801289 0.206250
vt 0.801289 0.172479
vt 0.806859 0.240022
vt 0.784601 0.167325
vt 0.766343 0.164592
vt 0.808362 0.206251
vt 0.808362 0.241928
vt 0.806859 0.172479
vt 0.808362 0.170572
vt 0.766481 0.248850
vt 0.784731 0.246056
vt 0.799785 0.170572
vt 0.806859 0.206250
vt 0.810609 0.244081
vt 0.851483 0.236167
vt 0.867432 0.232681
vt 0.871454 0.206651
vt 0.871455 0.232681
vt 0.851666 0.177145
vt 0.871454 0.180623
vt 0.867432 0.206651
vt 0.867432 0.180623
vt 0.810792 0.169233
vt 0.361867 0.155971
vt 0.343609 0.158704
vt 0.328425 0.233306
vt 0.326921 0.231401
vt 0.328425 0.197629
vt 0.319848 0.233306
vt 0.321351 0.231401
vt 0.361729 0.240230
vt 0.319848 0.161951
vt 0.321352 0.163857
vt 0.319848 0.197629
vt 0.326921 0.163857
vt 0.328425 0.161951
vt 0.321352 0.197629
vt 0.276545 0.168524
vt 0.317601 0.235460
vt 0.276728 0.227545
vt 0.256755 0.224059
vt 0.256756 0.198031
vt 0.260778 0.224059
vt 0.326921 0.197629
vt 0.260778 0.198031
vt 0.317418 0.160611
vt 0.260778 0.172001
vt 0.256756 0.172001
vt 0.343479 0.237435
vt 0.675081 0.248161
vt 0.675081 0.240725
vt 0.459680 0.233213
vt 0.447420 0.232657
vt 0.459680 0.231680
vt 0.447420 0.234190
vt 0.435161 0.233213
vt 0.435161 0.231680
vt 0.435132 0.231275
vt 0.447420 0.230870
vt 0.435132 0.229742
vt 0.447420 0.232403
vt 0.459708 0.231275
vt 0.459708 0.229742
vt 0.643586 0.509627
vt 0.643586 0.496376
vt 0.630536 0.509355
vt 0.643586 0.512271
vt 0.627596 0.512030
vt 0.627596 0.493000
vt 0.630680 0.494214
vt 0.656636 0.509355
vt 0.659577 0.512030
vt 0.659577 0.493000
vt 0.656492 0.494214
vt 0.727800 0.250795
vt 0.742424 0.241052
vt 0.739646 0.268572
vt 0.726171 0.248348
vt 0.730339 0.234322
vt 0.722571 0.242944
vt 0.720980 0.240557
vt 0.735725 0.234179
vt 0.716741 0.234196
vt 0.743827 0.236585
vt 0.741852 0.234106
vt 0.724420 0.245720
vt 0.379029 0.242492
vt 0.393517 0.252437
vt 0.381397 0.270095
vt 0.395181 0.250013
vt 0.377689 0.238007
vt 0.404774 0.236037
vt 0.400478 0.242295
vt 0.391206 0.235930
vt 0.398856 0.244659
vt 0.385823 0.235715
vt 0.396968 0.247411
vt 0.379697 0.235556
vt 0.458212 0.234716
vt 0.470171 0.227343
vt 0.469792 0.234278
vt 0.477471 0.234461
vt 0.490778 0.281419
vt 0.490778 0.274690
vt 0.505191 0.281419
vt 0.505191 0.274690
vt 0.494655 0.270263
vt 0.501311 0.270263
vt 0.501315 0.255047
vt 0.494651 0.255047
vt 0.170843 0.192018
vt 0.176910 0.195873
vt 0.177183 0.192874
vt 0.169949 0.194660
vt 0.162140 0.189889
vt 0.204236 0.192943
vt 0.205935 0.195809
vt 0.161506 0.192788
vt 0.151948 0.242603
vt 0.151312 0.240251
vt 0.879296 0.492169
vt 0.882527 0.512809
vt 0.882526 0.492169
vt 0.879296 0.512809
vt 0.555914 0.649581
vt 0.581342 0.656638
vt 0.580976 0.657273
vt 0.541113 0.651342
vt 0.541302 0.652050
vt 0.508921 0.676044
vt 0.509555 0.676410
vt 0.503625 0.716273
vt 0.504334 0.716083
vt 0.528326 0.748465
vt 0.528693 0.747830
vt 0.568556 0.753761
vt 0.568366 0.753052
vt 0.600747 0.729059
vt 0.600112 0.728693
vt 0.606044 0.688830
vt 0.605336 0.689020
vt 0.530764 0.702551
vt 0.537813 0.719572
vt 0.554834 0.726622
vt 0.571854 0.719572
vt 0.578904 0.702551
vt 0.571854 0.685532
vt 0.554834 0.678482
vt 0.537814 0.685531
vt 0.568556 0.651342
vt 0.568366 0.652050
vt 0.600747 0.676044
vt 0.600112 0.676410
vt 0.528326 0.656638
vt 0.528693 0.657273
vt 0.503625 0.688830
vt 0.504334 0.689020
vt 0.508921 0.729059
vt 0.509555 0.728693
vt 0.541113 0.753761
vt 0.541302 0.753052
vt 0.581342 0.748464
vt 0.580976 0.747830
vt 0.606044 0.716273
vt 0.605336 0.716083
vt 0.615599 0.885368
vt 0.614175 0.890431
vt 0.615599 0.890431
vt 0.615599 0.883836
vt 0.614175 0.885368
vt 0.614175 0.883836
vt 0.624605 0.900624
vt 0.626293 0.900624
vt 0.624280 0.892992
vt 0.622594 0.892992
vt 0.614175 0.893298
vt 0.615599 0.893298
vt 0.624605 0.920977
vt 0.638169 0.520073
vt 0.631467 0.523297
vt 0.651883 0.518848
vt 0.651868 0.518698
vt 0.638082 0.517182
vt 0.647818 0.527937
vt 0.651417 0.525925
vt 0.651423 0.527924
vt 0.643852 0.523943
vt 0.647473 0.525916
vt 0.647457 0.523915
vt 0.643868 0.525943
vt 0.647812 0.525937
vt 0.651355 0.523966
vt 0.647781 0.523870
vt 0.631356 0.521830
vt 0.643939 0.527902
vt 0.647524 0.527970
vt 0.631364 0.521837
vt 0.631299 0.521021
vt 0.631452 0.514829
vt 0.631536 0.517604
vt 0.694097 0.167396
vt 0.694098 0.176728
vt 0.694096 0.158127
vt 0.932353 0.203499
vt 0.932353 0.235350
vt 0.941273 0.214137
vt 0.900750 0.235350
vt 0.900750 0.203499
vt 0.941273 0.224712
vt 0.952527 0.214137
vt 0.965297 0.197138
vt 0.952527 0.224712
vt 0.965721 0.242320
vt 0.203951 0.434270
vt 0.212871 0.455482
vt 0.212871 0.423632
vt 0.203951 0.444844
vt 0.192697 0.434270
vt 0.192697 0.444844
vt 0.179928 0.417270
vt 0.244475 0.455482
vt 0.179503 0.462454
vt 0.244475 0.423632
vt 0.465251 0.245366
vt 0.471575 0.245869
vt 0.465243 0.257815
vt 0.477906 0.257815
vt 0.477899 0.245366
vt 0.471575 0.258359
vt 0.165310 0.209492
vt 0.174230 0.230704
vt 0.174230 0.198854
vt 0.165310 0.220066
vt 0.154056 0.209492
vt 0.154056 0.220066
vt 0.144843 0.214780
vt 0.141287 0.192492
vt 0.137454 0.193123
vt 0.205833 0.230704
vt 0.140862 0.237675
vt 0.205833 0.198854
vt 0.137459 0.236672
vt 0.918003 0.487268
vt 0.918003 0.519118
vt 0.926924 0.497905
vt 0.886400 0.519118
vt 0.886400 0.487268
vt 0.926924 0.508480
vt 0.938178 0.497905
vt 0.950947 0.480906
vt 0.938178 0.508480
vt 0.951371 0.526089
vt 0.574069 0.281560
vt 0.576981 0.292813
vt 0.566429 0.288726
vt 0.566416 0.281560
vt 0.566442 0.291260
vt 0.560511 0.281560
vt 0.560511 0.288418
vt 0.608304 0.290597
vt 0.614132 0.290637
vt 0.553732 0.281560
vt 0.553720 0.288726
vt 0.546953 0.281560
vt 0.544041 0.292813
vt 0.620819 0.290719
vt 0.534319 0.281560
vt 0.553758 0.298329
vt 0.553707 0.291260
vt 0.546086 0.299572
vt 0.555529 0.308173
vt 0.561355 0.307660
vt 0.561355 0.310377
vt 0.566389 0.298270
vt 0.566427 0.308122
vt 0.573800 0.309246
vt 0.566169 0.311010
vt 0.537644 0.376140
vt 0.540428 0.378078
vt 0.536276 0.381447
vt 0.534607 0.376140
vt 0.532938 0.376140
vt 0.545960 0.387398
vt 0.528732 0.377921
vt 0.530843 0.376140
vt 0.534098 0.372261
vt 0.532946 0.371085
vt 0.523692 0.363590
vt 0.532959 0.363590
vt 0.521267 0.350378
vt 0.532959 0.350378
vt 0.589493 0.350378
vt 0.599018 0.337166
vt 0.601443 0.350378
vt 0.582039 0.350378
vt 0.590298 0.337166
vt 0.577038 0.337166
vt 0.577038 0.340107
vt 0.577038 0.363590
vt 0.577038 0.350378
vt 0.581964 0.363590
vt 0.588103 0.324616
vt 0.591867 0.324616
vt 0.534607 0.324616
vt 0.532411 0.337166
vt 0.530843 0.324616
vt 0.547509 0.324616
vt 0.545672 0.337166
vt 0.536276 0.319308
vt 0.534539 0.317156
vt 0.523692 0.337166
vt 0.528732 0.322833
vt 0.544896 0.310795
vt 0.545960 0.313360
vt 0.573369 0.313360
vt 0.561355 0.313360
vt 0.572995 0.311908
vt 0.555841 0.311103
vt 0.549341 0.313360
vt 0.561355 0.324616
vt 0.548910 0.309246
vt 0.549715 0.311908
vt 0.576750 0.387398
vt 0.582047 0.378045
vt 0.586434 0.381447
vt 0.576890 0.381769
vt 0.573800 0.391508
vt 0.572995 0.388847
vt 0.574131 0.382715
vt 0.573369 0.387398
vt 0.568051 0.387398
vt 0.561355 0.390379
vt 0.561355 0.393146
vt 0.568051 0.384618
vt 0.561355 0.387398
vt 0.554531 0.387398
vt 0.549715 0.388847
vt 0.548910 0.391508
vt 0.554531 0.384618
vt 0.549341 0.387398
vt 0.544896 0.389958
vt 0.534539 0.383598
vt 0.548626 0.382715
vt 0.589373 0.376140
vt 0.591867 0.376140
vt 0.589423 0.370852
vt 0.588103 0.376140
vt 0.584685 0.376140
vt 0.577814 0.389958
vt 0.588558 0.372031
vt 0.521084 0.364503
vt 0.586434 0.319308
vt 0.593978 0.322833
vt 0.588171 0.317157
vt 0.575200 0.324616
vt 0.576750 0.313360
vt 0.601625 0.336250
vt 0.577814 0.310795
vt 0.545672 0.340107
vt 0.540389 0.350378
vt 0.561355 0.337166
vt 0.554531 0.340107
vt 0.545672 0.363590
vt 0.540389 0.363590
vt 0.545672 0.350378
vt 0.588171 0.383598
vt 0.599018 0.363590
vt 0.593978 0.377921
vt 0.577032 0.376140
vt 0.545726 0.381769
vt 0.545493 0.376140
vt 0.540389 0.376140
vt 0.568051 0.340107
vt 0.575601 0.180352
vt 0.559025 0.180247
vt 0.574279 0.172227
vt 0.559025 0.195328
vt 0.576961 0.195382
vt 0.588015 0.180268
vt 0.591238 0.176829
vt 0.559025 0.168534
vt 0.575975 0.167892
vt 0.595546 0.181400
vt 0.591893 0.184383
vt 0.593808 0.227085
vt 0.594702 0.211207
vt 0.598004 0.227069
vt 0.576961 0.227030
vt 0.591893 0.238031
vt 0.595546 0.241013
vt 0.600859 0.211207
vt 0.602338 0.228832
vt 0.591238 0.245584
vt 0.588015 0.242145
vt 0.530034 0.180268
vt 0.542075 0.167892
vt 0.543771 0.172227
vt 0.526812 0.176829
vt 0.541088 0.195382
vt 0.526157 0.184383
vt 0.542450 0.180352
vt 0.520046 0.195345
vt 0.522503 0.181400
vt 0.515713 0.193581
vt 0.517192 0.211207
vt 0.524242 0.195328
vt 0.523347 0.211207
vt 0.602338 0.193581
vt 0.598004 0.195345
vt 0.593808 0.195328
vt 0.526157 0.238031
vt 0.515713 0.228832
vt 0.520046 0.227069
vt 0.522503 0.241013
vt 0.541088 0.227030
vt 0.530034 0.242145
vt 0.524242 0.227085
vt 0.512539 0.211207
vt 0.540628 0.211207
vt 0.543771 0.250187
vt 0.526812 0.245584
vt 0.542075 0.254521
vt 0.559025 0.253879
vt 0.542450 0.242060
vt 0.559025 0.242166
vt 0.575975 0.254521
vt 0.574279 0.250187
vt 0.575601 0.242060
vt 0.559025 0.258624
vt 0.601107 0.460753
vt 0.610929 0.481279
vt 0.610929 0.460755
vt 0.591282 0.481278
vt 0.601106 0.481279
vt 0.594940 0.547735
vt 0.558354 0.538007
vt 0.591325 0.556967
vt 0.596426 0.537932
vt 0.620752 0.460755
vt 0.585137 0.564715
vt 0.577390 0.570902
vt 0.568208 0.574705
vt 0.558354 0.576002
vt 0.548502 0.574705
vt 0.539320 0.570902
vt 0.531572 0.564715
vt 0.525385 0.556967
vt 0.521769 0.547735
vt 0.520283 0.537932
vt 0.521769 0.528129
vt 0.525385 0.518896
vt 0.531572 0.511148
vt 0.539320 0.504961
vt 0.548552 0.501346
vt 0.558354 0.499862
vt 0.568158 0.501346
vt 0.577390 0.504961
vt 0.585137 0.511148
vt 0.591325 0.518896
vt 0.594940 0.528129
vt 0.591283 0.460753
vt 0.581460 0.460752
vt 0.581459 0.481276
vt 0.571638 0.460751
vt 0.571637 0.481276
vt 0.561816 0.460750
vt 0.561815 0.481273
vt 0.551993 0.460748
vt 0.551991 0.481272
vt 0.542170 0.460748
vt 0.542169 0.481270
vt 0.532346 0.481269
vt 0.532347 0.460747
vt 0.522524 0.460747
vt 0.522523 0.481268
vt 0.512699 0.481267
vt 0.512701 0.460747
vt 0.502878 0.460746
vt 0.502878 0.481267
vt 0.493055 0.481267
vt 0.493055 0.460746
vt 0.483232 0.460747
vt 0.483233 0.481267
vt 0.473411 0.481268
vt 0.473410 0.460747
vt 0.463586 0.460748
vt 0.463587 0.481269
vt 0.453764 0.481272
vt 0.453764 0.460748
vt 0.443941 0.460748
vt 0.443941 0.481272
vt 0.679689 0.460750
vt 0.669868 0.481276
vt 0.679691 0.481273
vt 0.669866 0.460751
vt 0.660044 0.460752
vt 0.660046 0.481276
vt 0.650222 0.481278
vt 0.650220 0.460753
vt 0.640399 0.460753
vt 0.640399 0.481279
vt 0.630575 0.481279
vt 0.630575 0.460755
vt 0.620752 0.481279
vt 0.606592 0.550856
vt 0.599481 0.561677
vt 0.601778 0.563003
vt 0.605845 0.537932
vt 0.604043 0.550174
vt 0.653451 0.424299
vt 0.663818 0.408802
vt 0.667662 0.424299
vt 0.646003 0.409001
vt 0.635686 0.408865
vt 0.645229 0.424299
vt 0.591801 0.571377
vt 0.593667 0.573244
vt 0.682786 0.424299
vt 0.682786 0.409001
vt 0.682786 0.391160
vt 0.640396 0.391160
vt 0.641467 0.424299
vt 0.630967 0.408802
vt 0.619073 0.409001
vt 0.613943 0.399573
vt 0.593354 0.405665
vt 0.582294 0.405665
vt 0.596000 0.397245
vt 0.606777 0.405487
vt 0.586703 0.419323
vt 0.597402 0.419323
vt 0.628507 0.391065
vt 0.574069 0.419323
vt 0.583424 0.581354
vt 0.570646 0.583803
vt 0.571332 0.586363
vt 0.582099 0.579059
vt 0.479294 0.424284
vt 0.484517 0.408857
vt 0.489793 0.408787
vt 0.523041 0.573244
vt 0.517227 0.561677
vt 0.514932 0.563003
vt 0.514245 0.405487
vt 0.534319 0.419323
vt 0.523619 0.419323
vt 0.527668 0.405665
vt 0.506818 0.399558
vt 0.501688 0.408986
vt 0.497693 0.391006
vt 0.533285 0.581354
vt 0.524909 0.571377
vt 0.538729 0.405665
vt 0.525023 0.397245
vt 0.546953 0.419323
vt 0.544041 0.407715
vt 0.546086 0.400958
vt 0.541433 0.399161
vt 0.529429 0.391788
vt 0.475088 0.424284
vt 0.467309 0.424284
vt 0.491612 0.391055
vt 0.480365 0.391145
vt 0.496015 0.371211
vt 0.506818 0.391145
vt 0.506818 0.371257
vt 0.502598 0.371185
vt 0.497509 0.350318
vt 0.485024 0.350318
vt 0.483844 0.371257
vt 0.506818 0.350318
vt 0.504260 0.350318
vt 0.502598 0.329452
vt 0.496015 0.329426
vt 0.506818 0.329381
vt 0.497693 0.309632
vt 0.491612 0.309582
vt 0.480365 0.309492
vt 0.483844 0.329381
vt 0.506818 0.309492
vt 0.506818 0.299229
vt 0.489793 0.291849
vt 0.484517 0.291780
vt 0.474758 0.291650
vt 0.501688 0.291650
vt 0.514245 0.295042
vt 0.527668 0.294864
vt 0.479274 0.276751
vt 0.475075 0.276751
vt 0.467309 0.276751
vt 0.523637 0.281560
vt 0.453099 0.424284
vt 0.437975 0.424284
vt 0.456943 0.408787
vt 0.474758 0.408986
vt 0.437975 0.391145
vt 0.459834 0.391006
vt 0.512666 0.550174
vt 0.510116 0.550856
vt 0.437975 0.408986
vt 0.419009 0.408787
vt 0.422851 0.424284
vt 0.395585 0.391145
vt 0.416116 0.391006
vt 0.408641 0.424284
vt 0.510116 0.525007
vt 0.517227 0.514187
vt 0.514932 0.512862
vt 0.508213 0.537932
vt 0.510864 0.537932
vt 0.401191 0.408986
vt 0.391092 0.408852
vt 0.400591 0.424284
vt 0.524909 0.504487
vt 0.523041 0.502619
vt 0.396657 0.424284
vt 0.386156 0.408787
vt 0.374263 0.408986
vt 0.364554 0.391145
vt 0.508534 0.156855
vt 0.530353 0.141817
vt 0.523123 0.156662
vt 0.518722 0.141817
vt 0.383946 0.391052
vt 0.540413 0.156855
vt 0.533285 0.494509
vt 0.534610 0.496804
vt 0.545429 0.489694
vt 0.544143 0.141817
vt 0.558819 0.141817
vt 0.558354 0.490442
vt 0.558354 0.487792
vt 0.539299 0.163711
vt 0.558819 0.156662
vt 0.521720 0.174002
vt 0.559025 0.163790
vt 0.517685 0.173976
vt 0.516758 0.179268
vt 0.577225 0.156855
vt 0.573496 0.141817
vt 0.570597 0.492245
vt 0.571279 0.489694
vt 0.558819 0.158985
vt 0.578341 0.163711
vt 0.594515 0.156662
vt 0.587286 0.141817
vt 0.582099 0.496804
vt 0.583424 0.494509
vt 0.609104 0.156855
vt 0.593667 0.502619
vt 0.595917 0.174002
vt 0.599954 0.173976
vt 0.746498 0.409001
vt 0.734605 0.408802
vt 0.756207 0.391160
vt 0.600881 0.179268
vt 0.742505 0.391022
vt 0.757859 0.385707
vt 0.598915 0.141817
vt 0.724104 0.424299
vt 0.729798 0.408866
vt 0.599481 0.514187
vt 0.601778 0.512862
vt 0.720273 0.424299
vt 0.712120 0.424299
vt 0.736964 0.391066
vt 0.725175 0.391160
vt 0.741413 0.371223
vt 0.747409 0.371200
vt 0.742920 0.350333
vt 0.729834 0.350333
vt 0.728654 0.371271
vt 0.757859 0.371250
vt 0.757859 0.350333
vt 0.749070 0.350333
vt 0.747409 0.329466
vt 0.741413 0.329442
vt 0.757859 0.329416
vt 0.757859 0.314959
vt 0.742505 0.309644
vt 0.736964 0.309600
vt 0.725175 0.309505
vt 0.728654 0.329393
vt 0.756207 0.309505
vt 0.746498 0.291664
vt 0.734605 0.291864
vt 0.729798 0.291800
vt 0.719570 0.291664
vt 0.609783 0.265187
vt 0.587965 0.279840
vt 0.595193 0.265380
vt 0.724084 0.276765
vt 0.720259 0.276765
vt 0.712120 0.276765
vt 0.599575 0.279840
vt 0.697909 0.424299
vt 0.701752 0.408802
vt 0.606592 0.525007
vt 0.608495 0.537932
vt 0.719570 0.409001
vt 0.704644 0.391022
vt 0.623067 0.391022
vt 0.613943 0.391160
vt 0.598323 0.385209
vt 0.603686 0.389735
vt 0.591592 0.391788
vt 0.579589 0.399161
vt 0.624051 0.371223
vt 0.613943 0.371271
vt 0.607187 0.369657
vt 0.613805 0.371978
vt 0.618163 0.371200
vt 0.613943 0.350333
vt 0.608725 0.350333
vt 0.622540 0.350333
vt 0.616500 0.350333
vt 0.618163 0.329466
vt 0.613943 0.329393
vt 0.608725 0.331994
vt 0.624051 0.329442
vt 0.623067 0.309644
vt 0.613943 0.309505
vt 0.613805 0.328551
vt 0.598323 0.315320
vt 0.603686 0.310794
vt 0.628507 0.309600
vt 0.613943 0.299348
vt 0.591592 0.308742
vt 0.593464 0.301725
vt 0.630967 0.291864
vt 0.619073 0.291664
vt 0.586267 0.297303
vt 0.593354 0.294864
vt 0.641487 0.276765
vt 0.635686 0.291801
vt 0.606777 0.295042
vt 0.586703 0.281560
vt 0.597385 0.281560
vt 0.574936 0.400958
vt 0.576981 0.407715
vt 0.560511 0.409883
vt 0.560511 0.419323
vt 0.560511 0.402856
vt 0.545376 0.586363
vt 0.534610 0.579059
vt 0.558354 0.588072
vt 0.546064 0.583803
vt 0.517337 0.389735
vt 0.522698 0.385209
vt 0.507217 0.371978
vt 0.513835 0.369657
vt 0.512035 0.368657
vt 0.512035 0.350319
vt 0.512035 0.331980
vt 0.517337 0.310794
vt 0.513835 0.330872
vt 0.507217 0.328551
vt 0.522698 0.315320
vt 0.529429 0.308742
vt 0.527714 0.301630
vt 0.534552 0.297428
vt 0.378256 0.391006
vt 0.362901 0.385692
vt 0.379509 0.371209
vt 0.373353 0.371185
vt 0.362901 0.371236
vt 0.378005 0.350318
vt 0.362901 0.350318
vt 0.371690 0.350318
vt 0.373353 0.329452
vt 0.362901 0.329402
vt 0.379509 0.329429
vt 0.362901 0.314945
vt 0.378256 0.309632
vt 0.364554 0.309492
vt 0.517436 0.242774
vt 0.522399 0.248041
vt 0.518363 0.248068
vt 0.383946 0.309585
vt 0.386156 0.291849
vt 0.374263 0.291650
vt 0.523801 0.265380
vt 0.396676 0.276751
vt 0.391092 0.291784
vt 0.531031 0.279840
vt 0.509213 0.265187
vt 0.605510 0.211207
vt 0.600632 0.248068
vt 0.596596 0.248041
vt 0.601559 0.242774
vt 0.577903 0.265187
vt 0.579019 0.258331
vt 0.539977 0.258331
vt 0.541092 0.265187
vt 0.559498 0.265380
vt 0.559498 0.263057
vt 0.544828 0.279840
vt 0.559498 0.279840
vt 0.519420 0.279840
vt 0.667669 0.276765
vt 0.682786 0.276765
vt 0.663818 0.291864
vt 0.653451 0.276765
vt 0.646003 0.291664
vt 0.640396 0.309505
vt 0.660927 0.309644
vt 0.645243 0.276765
vt 0.579589 0.301368
vt 0.574936 0.299572
vt 0.541433 0.301368
vt 0.456943 0.291849
vt 0.453092 0.276751
vt 0.437975 0.276751
vt 0.437975 0.291650
vt 0.437975 0.309492
vt 0.459834 0.309632
vt 0.437975 0.329381
vt 0.461629 0.329452
vt 0.437975 0.350318
vt 0.462238 0.350318
vt 0.461629 0.371185
vt 0.437975 0.371257
vt 0.419009 0.291849
vt 0.416116 0.309632
vt 0.422858 0.276751
vt 0.408641 0.276751
vt 0.401191 0.291650
vt 0.395585 0.309492
vt 0.400605 0.276751
vt 0.574167 0.279840
vt 0.701752 0.291864
vt 0.697902 0.276765
vt 0.682786 0.291664
vt 0.682786 0.309505
vt 0.704644 0.309644
vt 0.682786 0.329393
vt 0.706438 0.329466
vt 0.682786 0.350333
vt 0.707047 0.350333
vt 0.706438 0.371200
vt 0.682786 0.371271
vt 0.601625 0.364503
vt 0.608725 0.368672
vt 0.604218 0.350376
vt 0.518493 0.350376
vt 0.607187 0.330873
vt 0.521084 0.336250
vt 0.635736 0.350333
vt 0.636917 0.329393
vt 0.390926 0.350318
vt 0.392107 0.329381
vt 0.561355 0.376140
vt 0.554531 0.350378
vt 0.568051 0.350378
vt 0.561355 0.340107
vt 0.561355 0.350378
vt 0.561355 0.363590
vt 0.568051 0.363590
vt 0.554531 0.363590
vt 0.589493 0.363590
vt 0.554531 0.376140
vt 0.568051 0.376140
vt 0.582039 0.376140
vt 0.559025 0.211207
vt 0.577423 0.211207
vt 0.559025 0.227085
vt 0.593538 0.558245
vt 0.595357 0.559294
vt 0.597426 0.548401
vt 0.588435 0.568012
vt 0.599445 0.548942
vt 0.598981 0.537932
vt 0.586958 0.566534
vt 0.579718 0.574933
vt 0.578669 0.573115
vt 0.568870 0.577173
vt 0.569413 0.579202
vt 0.558354 0.578558
vt 0.558354 0.580658
vt 0.547840 0.577173
vt 0.547296 0.579202
vt 0.538041 0.573115
vt 0.536992 0.574933
vt 0.529751 0.566534
vt 0.528273 0.568012
vt 0.523170 0.558245
vt 0.521352 0.559294
vt 0.519282 0.548401
vt 0.517263 0.548942
vt 0.517727 0.537932
vt 0.515625 0.537932
vt 0.517263 0.526923
vt 0.519282 0.527462
vt 0.523170 0.517619
vt 0.521350 0.516568
vt 0.528273 0.507851
vt 0.529751 0.509330
vt 0.538041 0.502748
vt 0.536990 0.500927
vt 0.547344 0.496841
vt 0.547885 0.498861
vt 0.558354 0.497305
vt 0.558354 0.495203
vt 0.569366 0.496841
vt 0.568824 0.498861
vt 0.578669 0.502748
vt 0.579719 0.500927
vt 0.588435 0.507851
vt 0.586958 0.509330
vt 0.593538 0.517619
vt 0.595358 0.516568
vt 0.599445 0.526923
vt 0.597426 0.527462
vt 0.601084 0.537932
vt 0.601209 0.429059
vt 0.611062 0.429059
vt 0.601209 0.459740
vt 0.591356 0.429057
vt 0.591356 0.459750
vt 0.601641 0.549530
vt 0.597335 0.560436
vt 0.581502 0.459740
vt 0.581503 0.429057
vt 0.590044 0.569621
vt 0.571650 0.429056
vt 0.571648 0.459750
vt 0.580860 0.576912
vt 0.561795 0.459748
vt 0.561797 0.429053
vt 0.570004 0.581407
vt 0.558354 0.585422
vt 0.551899 0.459747
vt 0.551902 0.429052
vt 0.558354 0.582941
vt 0.552031 0.429052
vt 0.542185 0.459746
vt 0.542183 0.429051
vt 0.552034 0.459747
vt 0.546705 0.581407
vt 0.542090 0.429051
vt 0.532234 0.459744
vt 0.532236 0.429049
vt 0.542088 0.459746
vt 0.535850 0.576912
vt 0.522382 0.459732
vt 0.522382 0.429047
vt 0.526666 0.569621
vt 0.512529 0.429046
vt 0.512528 0.459743
vt 0.519376 0.560436
vt 0.502676 0.459731
vt 0.502676 0.429045
vt 0.515067 0.549530
vt 0.492821 0.429045
vt 0.492821 0.459731
vt 0.513344 0.537932
vt 0.512666 0.525690
vt 0.482969 0.459731
vt 0.482969 0.429045
vt 0.515067 0.526333
vt 0.473115 0.429046
vt 0.473116 0.459731
vt 0.519376 0.515427
vt 0.463262 0.459732
vt 0.463261 0.429047
vt 0.526666 0.506243
vt 0.453408 0.429049
vt 0.453409 0.459732
vt 0.535850 0.498953
vt 0.546113 0.492245
vt 0.443556 0.459734
vt 0.443554 0.429049
vt 0.546756 0.494644
vt 0.680037 0.459734
vt 0.670182 0.429052
vt 0.680035 0.429051
vt 0.670184 0.459735
vt 0.558354 0.492923
vt 0.660331 0.459737
vt 0.660329 0.429053
vt 0.569954 0.494644
vt 0.650476 0.429056
vt 0.650478 0.459738
vt 0.580860 0.498953
vt 0.591801 0.504487
vt 0.640625 0.459740
vt 0.640622 0.429057
vt 0.590044 0.506243
vt 0.630768 0.429057
vt 0.630769 0.459740
vt 0.597335 0.515427
vt 0.604043 0.525690
vt 0.620916 0.459740
vt 0.620916 0.429059
vt 0.601641 0.526333
vt 0.611062 0.459740
vt 0.603365 0.537932
vt 0.659132 0.329466
vt 0.636917 0.371271
vt 0.659132 0.371200
vt 0.658523 0.350333
vt 0.660927 0.391022
vt 0.414322 0.329452
vt 0.413714 0.350318
vt 0.414322 0.371185
vt 0.392107 0.371257
vt 0.639795 0.545427
vt 0.650711 0.545427
vt 0.639795 0.546782
vt 0.650711 0.546782
vt 0.663176 0.547598
vt 0.627329 0.547596
vt 0.639795 0.548435
vt 0.650711 0.548435
vt 0.663177 0.549242
vt 0.665950 0.549420
vt 0.665950 0.547779
vt 0.665948 0.547228
vt 0.664247 0.517285
vt 0.665948 0.517182
vt 0.664275 0.521245
vt 0.665975 0.521142
vt 0.624557 0.547776
vt 0.627329 0.549242
vt 0.624556 0.549420
vt 0.624558 0.547223
vt 0.666288 0.517179
vt 0.667945 0.521248
vt 0.666252 0.521138
vt 0.667982 0.517287
vt 0.621460 0.543887
vt 0.624895 0.543427
vt 0.622581 0.546535
vt 0.625140 0.546192
vt 0.621707 0.546652
vt 0.620356 0.531459
vt 0.190202 0.410719
vt 0.189497 0.413001
vt 0.135731 0.193394
vt 0.143133 0.214778
vt 0.135731 0.236114
s 1
f 975/762/154 976/763/154 977/764/154
f 976/763/154 978/765/154 977/764/154
f 976/763/154 979/766/154 978/765/154
f 979/766/154 980/767/154 978/765/154
f 981/768/155 982/769/155 983/770/155
f 984/771/156 985/772/156 986/773/156
f 984/771/156 987/774/156 985/772/156
f 988/775/155 982/769/155 981/768/155
f 989/776/157 990/777/158 991/778/157
f 989/776/157 992/779/158 990/777/158
f 993/780/159 994/781/159 995/782/159
f 996/783/159 994/781/159 993/780/159
f 997/784/160 998/785/160 999/786/160
f 1000/787/161 1001/788/161 1002/789/161
f 1003/790/160 998/785/160 997/784/160
f 1004/791/161 1001/788/161 1000/787/161
f 1005/792/160 1006/793/160 1007/794/160
f 1008/795/161 1009/796/161 1010/797/161
f 1011/798/160 1006/793/160 1005/792/160
f 1012/799/161 1009/796/161 1008/795/161
f 1013/800/162 1014/800/163 1015/801/164
f 1013/800/162 1016/802/165 1014/800/163
f 1013/800/162 1017/803/166 1016/802/165
f 1015/801/164 1018/804/167 1013/800/162
f 1015/801/164 1019/805/168 1018/804/167
f 1015/801/164 1020/806/169 1019/805/168
f 1015/801/164 1021/801/170 1020/806/169
f 1018/804/167 1017/803/166 1013/800/162
f 1018/804/167 1022/807/171 1017/803/166
f 1018/804/167 1019/805/168 1022/807/171
f 1014/800/163 1021/801/170 1015/801/164
f 1014/800/163 1023/808/172 1021/801/170
f 1014/800/163 1024/809/173 1023/808/172
f 1014/800/163 1025/802/174 1024/809/173
f 1016/802/165 1025/802/174 1014/800/163
f 1016/802/165 1026/810/175 1025/802/174
f 1017/803/166 1026/810/175 1016/802/165
f 1017/803/166 1027/811/176 1026/810/175
f 1022/807/171 1027/811/176 1017/803/166
f 1022/807/171 1028/812/177 1027/811/176
f 1019/805/168 1028/812/177 1022/807/171
f 1019/805/168 1029/813/178 1028/812/177
f 1020/806/169 1029/813/178 1019/805/168
f 1020/806/179 1030/806/180 1029/813/178
f 1021/801/170 1030/806/181 1020/806/169
f 1021/801/170 1031/814/182 1030/806/181
f 1023/808/172 1031/814/182 1021/801/170
f 1023/808/172 1032/815/183 1031/814/182
f 1024/809/173 1032/815/183 1023/808/172
f 1024/809/173 1033/811/184 1032/815/183
f 1024/809/173 1034/810/185 1033/811/184
f 1025/802/174 1034/810/185 1024/809/173
f 1026/810/175 1034/810/185 1025/802/174
f 1027/811/176 1034/810/185 1026/810/175
f 1028/812/177 1033/811/184 1027/811/176
f 1028/812/177 1035/812/186 1033/811/184
f 1028/812/177 1036/813/187 1035/812/186
f 1029/813/178 1036/813/187 1028/812/177
f 1030/806/180 1036/813/187 1029/813/178
f 1031/814/182 1036/813/188 1030/806/181
f 1032/815/183 1035/812/186 1031/814/182
f 1033/811/184 1034/810/185 1027/811/176
f 1033/811/184 1035/812/186 1032/815/183
f 1035/812/186 1036/813/188 1031/814/182
f 1037/816/189 1038/817/190 1039/818/191
f 1037/816/189 1040/819/192 1038/817/190
f 1037/816/189 1041/820/193 1040/819/192
f 1039/818/191 1042/821/194 1037/816/189
f 1039/818/191 1043/822/195 1042/821/194
f 1039/818/191 1044/823/196 1043/822/195
f 1039/818/191 1045/824/197 1044/823/196
f 1042/821/194 1041/820/193 1037/816/189
f 1042/821/194 1046/825/198 1041/820/193
f 1042/821/194 1047/826/199 1046/825/198
f 1042/821/194 1043/822/195 1047/826/199
f 1038/817/190 1045/824/197 1039/818/191
f 1038/817/190 1048/827/200 1045/824/197
f 1038/817/190 1049/828/201 1048/827/200
f 1040/819/192 1050/829/202 1051/830/203
f 1040/819/192 1052/831/204 1050/829/202
f 1040/819/192 1049/828/201 1038/817/190
f 1041/820/193 1052/831/204 1040/819/192
f 1041/820/193 1053/832/205 1052/831/204
f 1046/825/198 1053/832/205 1041/820/193
f 1046/825/198 1054/833/206 1053/832/205
f 1046/825/198 1055/834/207 1054/833/206
f 1047/826/199 1055/834/207 1046/825/198
f 1047/826/199 1056/835/208 1055/834/207
f 1043/822/195 1056/835/208 1047/826/199
f 1044/823/196 1056/835/208 1043/822/195
f 1044/823/196 1057/836/209 1056/835/208
f 1045/824/197 1058/837/210 1044/823/196
f 1045/824/197 1048/827/200 1058/837/210
f 1058/837/210 1057/836/209 1044/823/196
f 1048/827/200 1059/838/211 1058/837/210
f 1048/827/200 1051/830/203 1059/838/211
f 1048/827/200 1049/828/201 1051/830/203
f 1059/838/211 1057/836/209 1058/837/210
f 1059/838/211 1060/839/212 1057/836/209
f 1051/830/203 1050/829/202 1059/838/211
f 1051/830/203 1049/828/201 1040/819/192
f 1050/829/202 1060/839/212 1059/838/211
f 1052/831/204 1060/839/212 1050/829/202
f 1053/832/205 1060/839/212 1052/831/204
f 1054/833/206 1060/839/212 1053/832/205
f 1055/834/213 1056/835/213 1054/833/206
f 1056/835/213 1057/836/209 1054/833/206
f 1057/836/209 1060/839/212 1054/833/206
f 1061/840/214 1062/841/215 1063/842/216
f 1063/842/216 1064/843/217 1061/840/214
f 1063/842/216 1065/843/218 1064/843/217
f 1063/842/216 1066/842/219 1065/843/218
f 1064/843/217 1067/844/220 1061/840/214
f 1065/843/218 1068/845/221 1064/843/217
f 1065/843/218 1069/845/222 1068/845/221
f 1065/843/218 1070/846/223 1069/845/222
f 1068/845/221 1067/844/220 1064/843/217
f 1068/845/221 1071/847/224 1067/844/220
f 1068/845/221 1069/845/222 1071/847/224
f 1067/844/220 1072/848/225 1061/840/214
f 1067/844/220 1073/849/226 1072/848/225
f 1067/844/220 1071/847/224 1073/849/226
f 1072/848/225 1062/841/215 1061/840/214
f 1072/848/225 1074/850/227 1062/841/215
f 1072/848/225 1073/849/226 1074/850/227
f 1062/841/215 1075/851/228 1063/842/216
f 1062/841/215 1076/852/229 1075/851/228
f 1062/841/215 1074/850/227 1076/852/229
f 1075/851/228 1066/842/219 1063/842/216
f 1075/851/228 1077/851/230 1066/842/219
f 1075/851/231 1076/852/229 1077/851/231
f 1066/842/219 1078/853/232 1065/843/218
f 1066/842/219 1079/854/233 1078/853/232
f 1066/842/219 1077/851/230 1079/854/233
f 1078/853/232 1070/846/223 1065/843/218
f 1078/853/232 1080/855/234 1070/846/223
f 1079/854/233 1080/855/234 1078/853/232
f 1079/854/233 1081/850/235 1080/855/234
f 1079/854/233 1082/852/236 1081/850/235
f 1077/851/230 1082/852/236 1079/854/233
f 1076/852/229 1082/852/237 1077/851/231
f 1074/850/227 1082/852/237 1076/852/229
f 1074/850/227 1083/849/238 1081/850/235
f 1073/849/226 1083/849/238 1074/850/227
f 1073/849/226 1084/847/239 1083/849/238
f 1071/847/224 1084/847/239 1073/849/226
f 1069/845/222 1084/847/239 1071/847/224
f 1070/846/223 1084/847/239 1069/845/222
f 1080/855/234 1083/849/238 1070/846/223
f 1081/850/235 1082/852/237 1074/850/227
f 1081/850/235 1083/849/238 1080/855/234
f 1083/849/238 1084/847/239 1070/846/223
f 1085/856/240 1086/857/241 1087/858/242
f 1087/858/242 1088/859/243 1085/856/240
f 1087/858/242 1089/860/244 1088/859/243
f 1087/858/242 1090/861/245 1089/860/244
f 1088/859/243 1091/862/246 1085/856/240
f 1088/859/243 1092/863/247 1091/862/246
f 1089/860/244 1093/864/248 1088/859/243
f 1089/860/244 1094/865/249 1093/864/248
f 1089/860/244 1095/866/250 1094/865/249
f 1093/864/248 1092/863/247 1088/859/243
f 1094/865/249 1096/867/251 1093/864/248
f 1094/865/249 1097/868/252 1096/867/251
f 1094/865/249 1095/866/250 1097/868/252
f 1096/867/251 1098/869/253 1093/864/248
f 1097/868/252 1099/870/254 1096/867/251
f 1097/868/252 1100/871/255 1099/870/254
f 1097/868/256 1090/861/245 1100/871/255
f 1097/868/256 1095/866/256 1090/861/245
f 1099/870/254 1098/869/253 1096/867/251
f 1100/871/255 1101/872/257 1099/870/254
f 1100/871/255 1102/873/258 1101/872/257
f 1100/871/255 1086/857/241 1102/873/258
f 1100/871/255 1090/861/245 1086/857/241
f 1101/872/257 1103/874/259 1099/870/254
f 1102/873/258 1104/875/260 1101/872/257
f 1102/873/258 1105/876/261 1104/875/260
f 1102/873/258 1106/877/262 1105/876/261
f 1102/873/258 1086/857/241 1106/877/262
f 1104/875/260 1103/874/259 1101/872/257
f 1105/876/261 1107/878/263 1104/875/260
f 1105/876/261 1091/862/246 1107/878/263
f 1105/876/261 1106/877/262 1091/862/246
f 1107/878/263 1108/879/264 1104/875/260
f 1091/862/246 1108/879/264 1107/878/263
f 1091/862/246 1092/863/247 1108/879/264
f 1091/862/246 1106/877/262 1085/856/240
f 1108/879/264 1103/874/259 1104/875/260
f 1108/879/264 1098/869/253 1103/874/259
f 1108/879/264 1092/863/247 1098/869/253
f 1103/874/259 1098/869/253 1099/870/254
f 1098/869/253 1092/863/247 1093/864/248
f 1106/877/262 1086/857/241 1085/856/240
f 1086/857/241 1090/861/245 1087/858/242
f 1090/861/245 1095/866/250 1089/860/244
f 1117/880/265 1118/881/266 1119/882/267
f 1117/880/265 1120/883/268 1118/881/266
f 1119/882/267 1121/884/269 1122/885/270
f 1118/881/266 1123/886/267 1119/882/267
f 1123/886/267 1121/884/269 1119/882/267
f 1121/884/269 1124/887/271 1122/885/270
f 1125/888/272 1126/889/272 1127/890/272
f 1125/888/272 1128/891/272 1126/889/272
f 1128/891/272 1129/892/272 1126/889/272
f 1128/891/272 1130/893/272 1129/892/272
f 1131/894/160 1132/895/160 1133/896/160
f 1134/897/161 1135/898/161 1136/899/161
f 1137/900/161 1135/898/161 1134/897/161
f 1138/901/160 1132/895/160 1131/894/160
f 1139/902/273 1140/903/274 1141/904/273
f 1140/903/274 1142/905/274 1141/904/273
f 1143/906/275 1144/907/275 1145/908/275
f 1146/909/275 1144/907/275 1143/906/275
f 1147/910/276 1148/911/276 1149/912/276
f 1150/913/277 1148/911/276 1147/910/276
f 1151/914/278 1152/915/278 1153/916/278
f 1154/917/279 1152/915/278 1151/914/278
f 1155/918/280 1156/919/280 1157/920/280
f 1156/919/280 1158/921/280 1157/920/280
f 1159/922/281 1160/923/281 1161/924/281
f 1162/925/281 1160/923/281 1159/922/281
f 1163/926/282 1164/927/283 1165/928/284
f 1163/926/282 1166/929/285 1164/927/283
f 1165/928/284 1167/926/286 1163/926/282
f 1165/928/284 1168/928/287 1167/926/286
f 1164/927/283 1169/930/288 1165/928/284
f 1167/926/286 1170/931/289 1163/926/282
f 1167/926/286 1171/931/290 1170/931/289
f 1170/931/289 1166/929/285 1163/926/282
f 1170/931/289 1172/932/291 1166/929/285
f 1166/929/285 1173/933/292 1164/927/283
f 1166/929/285 1174/934/293 1173/933/292
f 1173/933/292 1169/930/288 1164/927/283
f 1173/933/292 1175/935/294 1169/930/288
f 1169/930/288 1176/936/295 1165/928/284
f 1169/930/288 1177/937/296 1176/936/295
f 1176/936/295 1168/928/287 1165/928/284
f 1176/936/295 1178/936/297 1168/928/287
f 1168/928/287 1179/938/298 1167/926/286
f 1168/928/287 1180/939/299 1179/938/298
f 1179/938/298 1181/940/300 1167/926/286
f 1179/938/298 1182/941/301 1181/940/300
f 1181/940/300 1171/931/290 1167/926/286
f 1181/940/300 1183/932/302 1171/931/290
f 1171/931/290 1172/932/291 1170/931/289
f 1171/931/290 1183/932/302 1172/932/291
f 1172/932/291 1174/934/293 1166/929/285
f 1172/932/291 1183/932/302 1174/934/293
f 1174/934/293 1175/935/294 1173/933/292
f 1174/934/293 1184/934/303 1175/935/294
f 1174/934/293 1183/932/302 1184/934/303
f 1175/935/294 1177/937/296 1169/930/288
f 1175/935/294 1185/937/304 1177/937/296
f 1177/937/296 1178/936/305 1176/936/305
f 1177/937/296 1185/937/304 1178/936/305
f 1178/936/297 1180/939/299 1168/928/287
f 1178/936/297 1185/937/306 1180/939/299
f 1180/939/299 1182/941/301 1179/938/298
f 1180/939/299 1186/935/307 1182/941/301
f 1180/939/299 1185/937/306 1186/935/307
f 1182/941/301 1184/934/303 1181/940/300
f 1182/941/301 1186/935/307 1184/934/303
f 1184/934/303 1183/932/302 1181/940/300
f 1184/934/303 1186/935/307 1175/935/294
f 1186/935/307 1185/937/304 1175/935/294
f 1187/942/308 1188/943/309 1189/944/310
f 1187/942/308 1190/945/311 1188/943/309
f 1189/944/310 1191/946/312 1187/942/308
f 1189/944/310 1192/947/313 1191/946/312
f 1188/943/309 1193/948/314 1189/944/310
f 1191/946/312 1194/949/315 1187/942/308
f 1191/946/312 1195/950/316 1194/949/315
f 1194/949/315 1190/945/311 1187/942/308
f 1194/949/315 1196/951/317 1190/945/311
f 1194/949/315 1195/950/316 1197/952/318
f 1190/945/311 1198/953/319 1188/943/309
f 1190/945/311 1199/954/320 1198/953/319
f 1198/953/319 1200/955/321 1188/943/309
f 1198/953/319 1201/956/322 1200/955/321
f 1200/955/321 1193/948/314 1188/943/309
f 1200/955/321 1202/957/323 1193/948/314
f 1193/948/314 1203/958/324 1189/944/310
f 1193/948/314 1202/957/323 1203/958/324
f 1203/958/324 1192/947/313 1189/944/310
f 1203/958/324 1204/959/325 1192/947/313
f 1203/958/324 1205/960/326 1204/959/325
f 1192/947/313 1206/961/327 1191/946/312
f 1204/959/325 1206/961/327 1192/947/313
f 1204/959/325 1207/962/328 1206/961/327
f 1204/959/325 1205/960/326 1207/962/328
f 1206/961/327 1195/950/316 1191/946/312
f 1207/962/328 1197/952/318 1206/961/327
f 1207/962/328 1208/963/329 1197/952/318
f 1207/962/328 1209/964/330 1208/963/329
f 1197/952/318 1208/963/329 1194/949/315
f 1197/952/318 1195/950/316 1206/961/327
f 1208/963/329 1196/951/317 1194/949/315
f 1208/963/329 1209/964/330 1196/951/317
f 1196/951/317 1199/954/320 1190/945/311
f 1196/951/317 1209/964/330 1199/954/320
f 1199/954/320 1210/965/331 1198/953/319
f 1199/954/320 1209/964/330 1210/965/331
f 1210/965/331 1201/956/322 1198/953/319
f 1210/965/331 1202/957/332 1201/956/332
f 1210/965/331 1205/960/326 1202/957/332
f 1210/965/331 1209/964/330 1205/960/326
f 1201/956/322 1202/957/323 1200/955/321
f 1202/957/323 1205/960/326 1203/958/324
f 1205/960/326 1209/964/330 1207/962/328
f 1211/966/333 1212/967/334 1213/968/335
f 1211/966/333 1214/969/336 1212/967/334
f 1211/966/333 1215/970/337 1214/969/336
f 1211/966/333 1216/971/338 1215/970/337
f 1213/968/335 1216/971/338 1211/966/333
f 1213/968/335 1217/972/339 1216/971/338
f 1213/968/335 1218/968/340 1217/972/339
f 1212/967/334 1219/967/341 1213/968/335
f 1212/967/334 1220/973/342 1219/967/341
f 1212/967/334 1214/969/336 1220/973/342
f 1219/967/341 1218/968/340 1213/968/335
f 1219/967/341 1221/974/343 1218/968/340
f 1219/967/341 1222/975/344 1221/974/343
f 1220/973/342 1223/973/345 1219/967/341
f 1214/969/336 1224/976/346 1220/973/342
f 1215/970/337 1225/977/347 1214/969/336
f 1216/971/338 1226/978/348 1215/970/337
f 1217/972/339 1227/979/349 1216/971/338
f 1218/968/340 1228/972/350 1217/972/339
f 1221/974/343 1229/980/351 1218/968/340
f 1221/974/343 1230/981/352 1229/980/351
f 1229/980/351 1228/972/350 1218/968/340
f 1229/980/351 1231/979/353 1228/972/350
f 1228/972/354 1227/979/349 1217/972/355
f 1228/972/354 1231/979/356 1227/979/349
f 1227/979/349 1226/978/348 1216/971/338
f 1227/979/349 1231/979/356 1226/978/348
f 1226/978/348 1225/977/347 1215/970/337
f 1226/978/348 1231/979/356 1232/978/357
f 1226/978/348 1233/977/358 1225/977/347
f 1225/977/347 1224/976/346 1214/969/336
f 1225/977/347 1234/976/359 1224/976/346
f 1224/976/346 1223/973/345 1220/973/342
f 1224/976/346 1234/976/359 1223/973/345
f 1223/973/345 1222/975/344 1219/967/341
f 1223/973/345 1234/976/359 1222/975/344
f 1222/975/344 1230/981/352 1221/974/343
f 1222/975/344 1233/977/358 1230/981/352
f 1222/975/344 1234/976/359 1233/977/358
f 1230/981/352 1232/978/357 1229/980/351
f 1230/981/352 1233/977/358 1232/978/357
f 1232/978/357 1231/979/353 1229/980/351
f 1232/978/357 1233/977/358 1226/978/348
f 1233/977/358 1234/976/359 1225/977/347
f 1235/982/360 1236/983/361 1237/984/362
f 1235/982/360 1238/985/363 1236/983/361
f 1235/982/360 1239/986/364 1238/985/363
f 1235/982/360 1240/987/365 1239/986/364
f 1237/984/362 1240/987/365 1235/982/360
f 1237/984/362 1241/988/366 1240/987/365
f 1236/983/361 1242/989/367 1237/984/362
f 1236/983/361 1243/990/368 1242/989/367
f 1236/983/361 1244/991/369 1243/990/368
f 1242/989/367 1241/988/366 1237/984/362
f 1242/989/367 1245/992/370 1241/988/366
f 1243/990/368 1246/993/371 1242/989/367
f 1243/990/368 1247/994/372 1246/993/371
f 1243/990/368 1248/995/373 1247/994/372
f 1243/990/368 1244/991/369 1248/995/373
f 1246/993/371 1245/992/370 1242/989/367
f 1247/994/372 1249/996/374 1246/993/371
f 1247/994/372 1250/997/375 1249/996/374
f 1247/994/372 1248/995/373 1250/997/375
f 1249/996/374 1245/992/370 1246/993/371
f 1250/997/375 1251/998/376 1249/996/374
f 1250/997/375 1252/999/377 1251/998/376
f 1250/997/375 1253/1000/378 1252/999/377
f 1250/997/375 1248/995/373 1253/1000/378
f 1251/998/376 1241/988/366 1249/996/379
f 1252/999/377 1254/1001/380 1251/998/376
f 1252/999/377 1255/1002/381 1254/1001/380
f 1252/999/377 1253/1000/378 1255/1002/381
f 1254/1001/380 1240/987/365 1251/998/376
f 1255/1002/381 1256/1003/382 1254/1001/380
f 1255/1002/381 1257/1004/383 1256/1003/382
f 1255/1002/381 1258/1005/384 1257/1004/383
f 1255/1002/381 1253/1000/378 1258/1005/384
f 1256/1003/382 1239/986/364 1254/1001/380
f 1257/1004/383 1238/985/363 1256/1003/382
f 1257/1004/383 1258/1005/384 1238/985/363
f 1238/985/363 1244/991/369 1236/983/361
f 1238/985/363 1239/986/364 1256/1003/382
f 1258/1005/384 1244/991/369 1238/985/363
f 1253/1000/378 1248/995/373 1258/1005/384
f 1248/995/373 1244/991/369 1258/1005/384
f 1239/986/364 1240/987/365 1254/1001/380
f 1240/987/365 1241/988/366 1251/998/376
f 1241/988/366 1245/992/379 1249/996/379
f 1259/1006/385 1260/1007/386 1261/1008/387
f 1261/1008/387 1260/1007/386 1262/1009/388
f 1263/1010/389 1264/1011/390 1265/1012/391
f 1262/1009/388 1260/1007/386 1266/1013/392
f 1267/1014/393 1264/1011/390 1263/1010/389
f 1266/1013/392 1260/1007/386 1268/1015/394
f 1269/1016/395 1264/1011/390 1267/1014/393
f 1268/1015/394 1260/1007/386 1270/1017/386
f 1271/1018/396 1264/1011/390 1269/1016/395
f 1270/1017/386 1260/1007/386 1272/1019/397
f 1273/1020/398 1264/1011/390 1271/1018/396
f 1272/1019/397 1260/1007/386 1274/1021/387
f 1275/1022/390 1264/1011/390 1273/1020/398
f 1274/1021/387 1260/1007/386 1276/1023/399
f 1277/1024/400 1264/1011/390 1275/1022/390
f 1278/1025/401 1264/1011/390 1277/1024/400
f 1287/1026/402 1288/1027/403 1289/1028/404
f 1287/1026/402 1290/1029/402 1288/1027/403
f 1287/1026/402 1291/1030/405 1290/1029/402
f 1288/1027/403 1292/1031/406 1289/1028/404
f 1293/1032/407 1291/1030/405 1287/1026/402
f 1293/1032/407 1294/1033/408 1291/1030/405
f 1295/1034/409 1296/1035/409 1297/1036/409
f 1295/1034/409 1298/1037/409 1296/1035/409
f 1298/1037/161 1299/1038/161 1300/1039/161
f 1301/1040/160 1302/1041/160 1296/1035/160
f 1301/1040/410 1303/1042/410 1304/1043/410
f 1301/1040/410 1300/1039/410 1303/1042/410
f 1302/1041/160 1305/1044/160 1296/1035/160
f 1299/1038/161 1306/1045/161 1300/1039/161
f 1307/1046/411 1308/1047/412 1309/1048/413
f 1310/1049/414 1308/1047/415 1307/1046/411
f 1311/1050/416 1312/1051/417 1313/1052/418
f 1314/1053/419 1315/1054/420 1316/1055/421
f 1317/1056/422 1308/1047/415 1310/1049/414
f 1317/1056/422 1318/1057/423 1308/1047/415
f 1316/1055/421 1319/1058/424 1320/1059/425
f 1316/1055/421 1315/1054/420 1319/1058/424
f 1321/1060/426 1318/1057/423 1317/1056/422
f 1321/1060/426 1322/1061/427 1318/1057/423
f 1320/1059/425 1323/1062/428 1324/1063/429
f 1320/1059/425 1325/1064/430 1323/1062/428
f 1326/1065/431 1322/1061/427 1321/1060/426
f 1326/1065/431 1327/1066/432 1322/1061/427
f 1324/1063/429 1328/1067/433 1329/1068/434
f 1324/1063/429 1323/1062/428 1328/1067/433
f 1330/1069/435 1327/1066/432 1326/1065/431
f 1330/1069/435 1331/1070/436 1327/1066/432
f 1329/1068/434 1328/1067/433 1332/1071/437
f 1333/1072/438 1331/1070/436 1330/1069/435
f 1333/1072/438 1334/1073/439 1331/1070/436
f 1332/1071/440 1335/1074/440 1333/1072/440
f 1328/1067/441 1336/1075/442 1332/1071/437
f 1337/1076/443 1315/1054/420 1314/1053/419
f 1337/1076/443 1338/1077/444 1315/1054/420
f 1339/1078/445 1340/1079/446 1341/1080/447
f 1339/1078/445 1342/1081/448 1340/1079/446
f 1313/1052/161 1343/1082/161 1339/1078/161
f 1313/1052/161 1344/1083/161 1343/1082/161
f 1312/1051/418 1345/1084/449 1313/1052/418
f 1335/1074/440 1346/1085/440 1333/1072/440
f 1319/1058/424 1325/1064/430 1320/1059/425
f 1347/1086/450 1348/1087/451 1349/1088/452
f 1350/1089/453 1351/1090/454 1352/1091/455
f 1349/1088/160 1353/1092/160 1354/1093/160
f 1349/1088/452 1348/1087/451 1355/1094/456
f 1356/1095/457 1357/1096/457 1358/1097/458
f 1356/1095/457 1359/1098/459 1357/1096/457
f 1357/1096/460 1360/1099/461 1361/1100/462
f 1357/1096/460 1362/1101/463 1360/1099/461
f 1361/1100/462 1360/1099/461 1363/1102/464
f 1363/1102/464 1364/1103/465 1365/1104/466
f 1360/1099/461 1364/1103/465 1363/1102/464
f 1366/1105/467 1367/1106/468 1368/1107/469
f 1366/1105/467 1369/1108/470 1367/1106/468
f 1368/1107/469 1370/1109/471 1366/1105/467
f 1368/1107/469 1371/1110/472 1370/1109/471
f 1367/1106/468 1372/1111/473 1373/1112/474
f 1367/1106/468 1369/1108/470 1372/1111/473
f 1371/1110/472 1374/1113/475 1370/1109/471
f 1374/1113/476 1375/1114/476 1376/1115/476
f 1374/1113/475 1377/1116/477 1370/1109/471
f 1378/1117/476 1375/1114/476 1374/1113/476
f 1379/1118/478 1380/1119/479 1378/1117/480
f 1381/1120/481 1382/1121/482 1379/1118/478
f 1365/1104/466 1383/1122/483 1381/1120/481
f 1373/1112/474 1351/1090/454 1350/1089/453
f 1373/1112/474 1372/1111/473 1351/1090/454
f 1351/1090/484 1384/1123/485 1352/1091/455
f 1353/1092/160 1385/1124/160 1354/1093/160
f 1364/1103/465 1383/1122/483 1365/1104/466
f 1383/1122/483 1382/1121/482 1381/1120/481
f 1382/1121/482 1380/1119/479 1379/1118/478
f 1380/1119/479 1386/1125/486 1378/1117/480
f 1387/1126/487 1388/1127/487 1389/1128/487
f 1388/1127/487 1390/1129/487 1389/1128/487
f 1391/1130/488 1392/1131/489 1393/1132/490
f 1391/1130/488 1394/1133/491 1392/1131/489
f 1393/1132/490 1395/1134/492 1391/1130/488
f 1393/1132/490 1396/1135/493 1395/1134/492
f 1393/1132/490 1392/1131/489 1396/1135/493
f 1395/1134/492 1397/1136/494 1391/1130/488
f 1395/1134/492 1398/1137/495 1397/1136/494
f 1395/1134/492 1396/1135/493 1398/1137/495
f 1397/1136/494 1394/1133/491 1391/1130/488
f 1398/1137/495 1394/1133/491 1397/1136/494
f 1399/1138/496 1400/1139/497 1401/1140/498
f 1399/1138/496 1402/1141/499 1400/1139/497
f 1399/1138/496 1403/1142/500 1402/1141/499
f 1402/1141/499 1404/1143/501 1400/1139/497
f 1403/1142/500 1405/1144/502 1402/1141/499
f 1403/1142/500 1406/1145/503 1405/1144/502
f 1406/1145/503 1407/1146/504 1405/1144/502
f 1406/1145/503 1408/1147/505 1407/1146/504
f 1408/1147/505 1409/1148/506 1407/1146/504
f 1408/1147/505 1410/1149/507 1409/1148/506
f 1410/1149/507 1411/1150/508 1409/1148/506
f 1410/1149/507 1412/1151/509 1411/1150/508
f 1412/1151/509 1413/1152/509 1411/1150/508
f 1414/1153/510 1404/1143/501 1402/1141/499
f 1404/1143/501 1415/1154/511 1400/1139/497
f 1415/1154/511 1416/1155/512 1400/1139/497
f 1417/1156/513 1418/1157/514 1419/1158/515
f 1418/1157/514 1420/1159/516 1419/1158/515
f 1418/1157/514 1421/1160/517 1420/1159/516
f 1418/1157/514 1422/1161/518 1421/1160/517
f 1418/1157/514 1423/1162/519 1422/1161/518
f 1420/1159/516 1424/1163/520 1419/1158/515
f 1420/1159/516 1425/1164/521 1424/1163/520
f 1420/1159/516 1421/1160/517 1426/1165/522
f 1422/1161/518 1423/1162/519 1427/1166/523
f 1428/1167/524 1429/1168/525 1430/1169/526
f 1431/1170/527 1432/1171/528 1428/1167/524
f 1433/1172/529 1434/1173/529 1431/1170/527
f 1434/1173/529 1432/1171/528 1431/1170/527
f 1432/1171/528 1429/1168/525 1428/1167/524
f 1429/1168/525 1427/1166/523 1430/1169/526
f 1427/1166/523 1423/1162/519 1430/1169/526
f 1435/1174/530 1436/1175/531 1437/1176/532
f 1435/1174/530 1438/1177/533 1436/1175/531
f 1439/1178/534 1440/1179/535 1441/1180/536
f 1439/1178/534 1442/1181/537 1440/1179/535
f 1443/1182/538 1444/1183/539 1445/1184/540
f 1443/1182/538 1446/1185/541 1444/1183/539
f 1447/1186/542 1448/1187/543 1449/1188/544
f 1447/1186/542 1450/1189/545 1448/1187/543
f 1451/1190/546 1452/1191/547 1453/1192/548
f 1451/1190/546 1454/1193/549 1452/1191/547
f 1455/1194/550 1456/1195/551 1457/1196/552
f 1455/1194/550 1458/1197/553 1456/1195/551
f 1459/1198/554 1460/1199/555 1461/1200/556
f 1459/1198/554 1462/1201/557 1460/1199/555
f 1463/1202/558 1464/1203/559 1465/1204/560
f 1463/1202/558 1466/1205/561 1464/1203/559
f 1467/1206/562 1468/1207/563 1469/1208/564
f 1467/1206/562 1470/1209/565 1468/1207/563
f 1471/1210/566 1472/1211/567 1473/1212/568
f 1474/1213/569 1475/1214/570 1476/1215/571
f 1477/1216/572 1478/1217/573 1479/1218/574
f 1480/1219/575 1481/1220/576 1482/1221/577
f 1483/1222/578 1484/1223/579 1485/1224/580
f 1486/1225/581 1487/1226/582 1488/1227/583
f 1489/1228/584 1490/1229/585 1491/1230/586
f 1492/1231/587 1493/1232/588 1494/1233/589
f 1495/1234/590 1496/1235/590 1497/1236/590
f 1498/1237/591 1499/1238/591 1500/1239/591
f 1501/1240/592 1502/1241/592 1503/1242/592
f 1504/1243/593 1505/1244/593 1506/1245/593
f 1507/1246/594 1508/1247/594 1509/1248/594
f 1510/1249/595 1511/1250/595 1512/1251/595
f 1513/1252/596 1514/1253/596 1515/1254/596
f 1516/1255/597 1517/1256/597 1518/1257/597
f 1519/1258/598 1520/1259/598 1521/1260/598
f 1522/1261/599 1523/1262/600 1524/1263/600
f 1525/1264/601 1526/1265/601 1527/1266/601
f 1528/1267/602 1529/1268/602 1530/1269/602
f 1531/1270/603 1532/1271/603 1533/1272/603
f 1534/1273/604 1535/1274/605 1536/1275/604
f 1537/1276/606 1538/1277/606 1539/1278/606
f 1540/1279/607 1541/1280/607 1542/1281/607
f 1482/1221/577 1543/1282/608 1544/1283/609
f 1482/1221/577 1481/1220/576 1545/1284/610
f 1546/1285/611 1547/1286/612 1548/1287/613
f 1548/1287/613 1547/1286/612 1549/1288/614
f 1548/1287/613 1550/1289/615 1551/1290/616
f 1479/1218/574 1552/1291/617 1553/1292/618
f 1479/1218/574 1478/1217/573 1554/1293/619
f 1555/1294/620 1556/1295/621 1557/1296/622
f 1557/1296/622 1556/1295/621 1558/1297/623
f 1557/1296/622 1559/1298/624 1560/1299/625
f 1488/1227/583 1561/1300/626 1562/1301/627
f 1488/1227/583 1487/1226/582 1563/1302/628
f 1564/1303/629 1565/1304/630 1566/1305/631
f 1566/1305/631 1565/1304/630 1567/1306/632
f 1566/1305/631 1568/1307/633 1569/1308/634
f 1494/1233/589 1570/1309/635 1571/1310/636
f 1494/1233/589 1493/1232/588 1572/1311/637
f 1573/1312/638 1574/1313/639 1575/1314/640
f 1575/1314/640 1574/1313/639 1576/1315/641
f 1575/1314/640 1577/1316/642 1578/1317/643
f 1485/1224/580 1579/1318/644 1580/1319/645
f 1485/1224/580 1484/1223/579 1581/1320/646
f 1582/1321/647 1583/1322/648 1584/1323/649
f 1584/1323/649 1583/1322/648 1585/1324/650
f 1584/1323/649 1586/1325/651 1587/1326/651
f 1491/1230/586 1588/1327/652 1589/1328/653
f 1491/1230/586 1490/1229/585 1590/1329/654
f 1591/1330/655 1592/1331/656 1593/1332/657
f 1593/1332/657 1592/1331/656 1594/1333/658
f 1593/1332/657 1595/1334/659 1596/1335/660
f 1476/1215/571 1597/1336/661 1598/1337/662
f 1476/1215/571 1475/1214/570 1599/1338/663
f 1600/1339/664 1601/1340/665 1602/1341/666
f 1603/1342/667 1604/1343/668 1605/1344/669
f 1605/1344/669 1604/1343/668 1606/1345/670
f 1605/1344/669 1607/1346/671 1608/1347/672
f 1473/1212/568 1609/1348/673 1610/1349/674
f 1473/1212/568 1472/1211/567 1611/1350/675
f 1612/1351/676 1613/1352/677 1614/1353/678
f 1614/1353/678 1613/1352/677 1615/1354/679
f 1614/1353/678 1616/1355/680 1617/1356/681
f 1618/1357/682 1458/1197/553 1455/1194/550
f 1618/1357/682 1619/1358/683 1458/1197/553
f 1457/1196/552 1620/1359/684 1621/1360/685
f 1457/1196/552 1456/1195/551 1620/1359/684
f 1621/1360/685 1462/1201/557 1459/1198/554
f 1621/1360/685 1620/1359/684 1462/1201/557
f 1469/1208/564 1619/1358/683 1618/1357/682
f 1469/1208/564 1468/1207/563 1619/1358/683
f 1622/1361/686 1470/1209/565 1467/1206/562
f 1622/1361/686 1623/1362/687 1470/1209/565
f 1465/1204/560 1623/1362/687 1622/1361/686
f 1465/1204/560 1464/1203/559 1623/1362/687
f 1624/1363/688 1466/1205/561 1463/1202/558
f 1624/1363/688 1625/1364/689 1466/1205/561
f 1445/1184/540 1625/1364/689 1624/1363/688
f 1445/1184/540 1444/1183/539 1625/1364/689
f 1626/1365/690 1446/1185/541 1443/1182/538
f 1437/1176/532 1627/1366/691 1626/1365/690
f 1437/1176/532 1436/1175/531 1627/1366/691
f 1628/1367/692 1438/1177/533 1435/1174/530
f 1628/1367/692 1629/1368/693 1438/1177/533
f 1453/1192/548 1629/1368/693 1628/1367/692
f 1453/1192/548 1452/1191/547 1629/1368/693
f 1630/1369/694 1454/1193/549 1451/1190/546
f 1630/1369/694 1631/1370/695 1454/1193/549
f 1449/1188/544 1631/1370/695 1630/1369/694
f 1449/1188/544 1448/1187/543 1631/1370/695
f 1632/1371/696 1450/1189/545 1447/1186/542
f 1632/1371/696 1633/1372/697 1450/1189/545
f 1461/1200/556 1633/1372/697 1632/1371/696
f 1461/1200/556 1460/1199/555 1633/1372/697
f 1601/1340/665 1634/1373/698 1602/1341/666
f 1627/1366/691 1446/1185/541 1626/1365/690
f 1545/1284/610 1543/1282/608 1482/1221/577
f 1549/1288/614 1550/1289/615 1548/1287/613
f 1554/1293/619 1552/1291/617 1479/1218/574
f 1558/1297/623 1559/1298/624 1557/1296/622
f 1563/1302/628 1561/1300/626 1488/1227/583
f 1567/1306/632 1568/1307/633 1566/1305/631
f 1572/1311/637 1570/1309/635 1494/1233/589
f 1576/1315/641 1577/1316/642 1575/1314/640
f 1581/1320/646 1579/1318/644 1485/1224/580
f 1585/1324/650 1586/1325/651 1584/1323/649
f 1590/1329/654 1588/1327/652 1491/1230/586
f 1594/1333/658 1595/1334/659 1593/1332/657
f 1599/1338/663 1597/1336/661 1476/1215/571
f 1606/1345/670 1607/1346/671 1605/1344/669
f 1611/1350/675 1609/1348/673 1473/1212/568
f 1615/1354/679 1616/1355/680 1614/1353/678
f 1635/1374/160 1636/1375/160 1637/1376/160
f 1638/1377/160 1636/1375/160 1635/1374/160
f 1639/1374/160 1640/1375/160 1641/1376/160
f 1642/1377/160 1640/1375/160 1639/1374/160
f 1643/1378/699 1644/1379/700 1645/1380/700
f 1645/1380/700 1644/1379/700 1646/1381/701
f 1647/1382/702 1648/1383/703 1649/1384/704
f 1650/1385/705 1648/1383/703 1647/1382/702
f 1651/1386/409 1652/1387/409 1653/1388/409
f 1654/1389/409 1655/1390/409 1656/1391/409
f 1657/1392/706 1658/1393/707 1659/1394/708
f 1660/1395/709 1661/1396/710 1662/1397/711
f 1660/1395/709 1663/1398/709 1661/1396/710
f 1659/1394/708 1664/1399/706 1657/1392/706
f 1659/1394/708 1665/1400/712 1666/1401/712
f 1659/1394/708 1658/1393/707 1665/1400/712
f 1662/1397/711 1667/1402/713 1668/1403/713
f 1669/1404/409 1652/1387/409 1651/1386/409
f 1670/1405/409 1671/1406/409 1672/1407/409
f 1673/1408/409 1674/1409/409 1675/1410/409
f 1674/1409/409 1676/1411/409 1675/1410/409
f 1677/1412/409 1671/1406/409 1670/1405/409
f 1661/1396/710 1667/1402/713 1662/1397/711
f 1655/1390/409 1678/1413/409 1656/1391/409
f 1679/1414/714 1680/1415/715 1681/1416/714
f 1679/1414/714 1682/1417/716 1680/1415/715
f 1682/1417/716 1683/1418/717 1680/1415/715
f 1683/1418/717 1684/1419/718 1680/1415/715
f 1684/1419/719 1685/1420/720 1680/1415/718
f 1684/1419/719 1686/1421/721 1685/1420/720
f 1685/1420/714 1687/1422/714 1688/1423/714
f 1685/1420/714 1686/1421/722 1687/1422/714
f 1689/1424/723 1690/1425/723 1691/1426/723
f 1690/1425/723 1692/1427/723 1691/1426/723
f 1693/1428/724 1694/1429/725 1695/1430/725
f 1693/1428/724 1696/1431/724 1694/1429/725
f 1697/1432/726 1698/1433/727 1699/1434/726
f 1697/1432/726 1700/1435/727 1698/1433/727
f 1701/1436/728 1702/1437/729 1703/1438/728
f 1704/1439/730 1705/1440/731 1706/1441/732
f 1707/1442/733 1705/1440/734 1704/1439/735
f 1707/1442/733 1708/1443/736 1705/1440/734
f 1709/1444/737 1708/1443/736 1707/1442/733
f 1709/1444/737 1710/1445/737 1708/1443/736
f 1703/1438/728 1702/1437/729 1711/1446/729
f 1712/1447/738 1713/1439/739 1714/1441/740
f 1712/1447/738 1715/1448/741 1713/1439/739
f 1712/1447/738 1716/1449/742 1715/1448/741
f 1716/1449/742 1717/1450/743 1715/1448/741
f 1716/1449/742 1718/1451/744 1717/1450/743
f 1716/1449/742 1719/1452/744 1718/1451/744
f 1720/1453/745 1721/1454/746 1722/1455/747
f 1720/1453/748 1723/1456/749 1721/1454/746
f 1720/1453/748 1724/1457/750 1723/1456/749
f 1724/1457/750 1725/1458/751 1723/1456/749
f 1724/1459/750 1726/1460/752 1725/1461/751
f 1725/1461/751 1726/1460/752 1727/1462/753
f 1710/1445/737 1728/1463/737 1708/1443/736
f 1729/1464/754 1730/1465/755 1731/1466/756
f 1729/1464/754 1732/1467/757 1730/1465/755
f 1733/1454/758 1734/1453/759 1735/1468/760
f 1733/1454/758 1736/1456/761 1734/1453/759
f 1736/1456/761 1737/1457/762 1734/1453/759
f 1736/1456/761 1738/1458/763 1737/1457/762
f 1738/1469/763 1732/1470/757 1737/1471/762
f 1739/1472/764 1727/1473/753 1740/1474/765
f 1727/1473/753 1726/1475/752 1740/1474/765
f 1730/1476/755 1732/1470/757 1738/1469/763
f 1741/1477/766 1742/1478/767 1743/1479/768
f 1741/1477/766 1744/1480/769 1742/1478/767
f 1745/1481/770 1744/1480/769 1741/1477/766
f 1745/1481/770 1746/1482/771 1744/1480/769
f 1747/1483/772 1746/1482/771 1745/1481/770
f 1747/1483/772 1748/1484/773 1746/1482/771
f 1749/1485/774 1748/1484/773 1747/1483/772
f 1749/1485/774 1750/1486/775 1748/1484/773
f 1751/1487/776 1750/1486/775 1749/1485/774
f 1751/1487/776 1752/1488/777 1750/1486/775
f 1743/1479/768 1753/1489/778 1754/1490/779
f 1743/1479/768 1742/1478/767 1753/1489/778
f 1754/1490/779 1755/1491/780 1756/1492/781
f 1756/1492/781 1757/1493/782 1758/1494/783
f 1756/1492/781 1755/1491/780 1757/1493/782
f 1758/1494/783 1759/1495/784 1760/1496/785
f 1758/1494/783 1757/1493/782 1759/1495/784
f 1760/1496/785 1761/1497/786 1762/1498/787
f 1760/1496/785 1759/1495/784 1761/1497/786
f 1762/1498/787 1763/1499/788 1764/1500/789
f 1762/1498/787 1761/1497/786 1763/1499/788
f 1764/1501/789 1752/1488/777 1751/1487/776
f 1764/1501/789 1763/1502/788 1752/1488/777
f 1753/1489/778 1755/1491/780 1754/1490/779
f 1765/1503/790 1766/1504/791 1767/1505/792
f 1768/1506/793 1769/1507/794 1765/1503/790
f 1770/1508/795 1771/1509/796 1768/1506/793
f 1772/1510/797 1773/1511/798 1770/1508/795
f 1772/1510/797 1774/1512/799 1773/1511/798
f 1775/1513/800 1774/1512/799 1772/1510/797
f 1775/1513/800 1776/1514/801 1774/1512/799
f 1777/1515/802 1776/1514/801 1775/1513/800
f 1777/1515/802 1778/1516/803 1776/1514/801
f 1779/1517/804 1778/1516/803 1777/1515/802
f 1779/1517/804 1780/1518/805 1778/1516/803
f 1781/1519/806 1780/1518/805 1779/1517/804
f 1781/1519/806 1782/1520/807 1780/1518/805
f 1783/1521/808 1782/1520/807 1781/1519/806
f 1784/1522/809 1785/1523/810 1783/1521/808
f 1786/1524/811 1787/1525/812 1784/1522/809
f 1767/1505/792 1788/1526/813 1786/1524/811
f 1773/1511/798 1771/1509/796 1770/1508/795
f 1771/1509/796 1769/1507/794 1768/1506/793
f 1769/1507/794 1766/1504/791 1765/1503/790
f 1766/1504/791 1788/1526/813 1767/1505/792
f 1788/1526/813 1787/1525/812 1786/1524/811
f 1787/1525/812 1785/1523/810 1784/1522/809
f 1785/1523/810 1782/1520/807 1783/1521/808
f 1789/1527/814 1790/1528/815 1791/1529/816
f 1792/1530/817 1793/1531/818 1789/1527/814
f 1792/1530/817 1794/1532/819 1793/1531/818
f 1795/1533/820 1794/1532/819 1792/1530/817
f 1795/1533/820 1796/1534/821 1794/1532/819
f 1797/1535/822 1796/1534/821 1795/1533/820
f 1797/1535/822 1798/1536/823 1796/1534/821
f 1799/1537/824 1798/1536/823 1797/1535/822
f 1799/1537/824 1800/1538/825 1798/1536/823
f 1801/1539/826 1800/1538/825 1799/1537/824
f 1801/1539/826 1802/1540/827 1800/1538/825
f 1803/1541/828 1802/1540/827 1801/1539/826
f 1803/1541/828 1804/1542/829 1802/1540/827
f 1805/1543/830 1804/1542/829 1803/1541/828
f 1805/1543/830 1806/1544/831 1804/1542/829
f 1807/1545/832 1806/1544/831 1805/1543/830
f 1807/1545/832 1808/1546/833 1806/1544/831
f 1809/1547/834 1808/1546/833 1807/1545/832
f 1809/1547/834 1810/1548/835 1808/1546/833
f 1811/1549/836 1810/1548/835 1809/1547/834
f 1811/1549/836 1812/1550/837 1810/1548/835
f 1791/1529/816 1812/1550/837 1811/1549/836
f 1791/1529/816 1790/1528/815 1812/1550/837
f 1793/1531/818 1790/1528/815 1789/1527/814
f 1813/1551/838 1814/1552/838 1815/1553/838
f 1813/1551/838 1816/1554/838 1814/1552/838
f 1814/1552/838 1817/1555/838 1815/1553/838
f 1814/1552/838 1816/1554/838 1818/1556/838
f 1818/1556/838 1819/1557/838 1814/1552/838
f 1819/1557/838 1817/1555/838 1814/1552/838
f 1820/1558/839 1821/1559/839 1822/1560/839
f 1822/1560/839 1823/1561/839 1820/1558/839
f 1822/1560/839 1824/1562/839 1823/1561/839
f 1821/1559/839 1825/1563/839 1822/1560/839
f 1825/1563/839 1826/1564/839 1822/1560/839
f 1826/1564/839 1824/1562/839 1822/1560/839
f 1827/1565/840 1828/1566/841 1829/1567/842
f 1827/1565/840 1830/1568/843 1831/1569/844
f 1831/1569/844 1832/1570/845 1827/1565/840
f 1831/1569/844 1833/1571/846 1832/1570/845
f 1831/1569/844 1834/1572/847 1833/1571/846
f 1832/1570/845 1828/1566/841 1827/1565/840
f 1832/1573/845 1835/1574/848 1828/1575/841
f 1833/1571/846 1834/1572/847 1836/1576/849
f 1833/1577/846 1837/1578/850 1832/1573/845
f 1833/1577/846 1838/1579/851 1837/1578/850
f 1836/1580/849 1838/1579/851 1833/1577/846
f 1836/1580/849 1839/1581/852 1838/1579/851
f 1836/1580/849 1840/1582/853 1839/1581/852
f 1834/1572/847 1841/1583/854 1836/1576/849
f 1834/1572/847 1842/1584/855 1841/1583/854
f 1841/1585/854 1840/1582/853 1836/1580/849
f 1841/1586/854 1843/1587/856 1840/1588/853
f 1842/1584/855 1844/1589/857 1841/1583/854
f 1842/1584/855 1845/1590/858 1846/1591/859
f 1846/1591/859 1844/1589/857 1842/1584/855
f 1846/1591/859 1828/1592/841 1844/1589/857
f 1846/1591/859 1847/1593/860 1829/1594/842
f 1846/1591/859 1845/1590/858 1847/1593/860
f 1844/1595/857 1843/1587/856 1841/1586/854
f 1844/1595/857 1835/1574/848 1843/1587/856
f 1829/1594/842 1828/1592/841 1846/1591/859
f 1829/1567/842 1848/1596/861 1827/1565/840
f 1829/1567/842 1849/1597/862 1848/1596/861
f 1828/1575/841 1835/1574/848 1844/1595/857
f 1848/1596/861 1830/1568/843 1827/1565/840
f 1847/1593/860 1849/1598/862 1829/1594/842
f 1837/1578/850 1835/1574/848 1832/1573/845
f 1850/1599/863 1851/1600/864 1852/1601/865
f 1850/1599/863 1853/1602/866 1851/1600/864
f 1852/1601/865 1851/1600/864 1854/1603/867
f 1855/1604/868 1856/1605/869 1857/1606/870
f 1858/1607/871 1859/1608/872 1860/1609/873
f 1858/1607/871 1861/1610/874 1859/1608/874
f 1860/1609/873 1862/1611/875 1858/1607/871
f 1860/1609/873 1863/1612/875 1862/1611/875
f 1864/1613/876 1865/1614/877 1866/1615/878
f 1866/1615/878 1867/1616/879 1864/1613/876
f 1866/1615/878 1868/1617/880 1867/1616/879
f 1869/1618/881 1870/1619/882 1871/1620/883
f 1872/1621/884 1870/1619/882 1869/1618/881
f 1872/1621/884 1873/1622/885 1870/1619/882
f 1874/1623/886 1856/1605/869 1855/1604/868
f 1856/1605/869 1875/1624/887 1857/1606/870
f 1876/1625/888 1875/1624/887 1856/1605/869
f 1877/1626/889 1853/1602/866 1850/1599/863
f 1878/1627/890 1873/1622/885 1872/1621/884
f 1879/1628/891 1865/1614/891 1864/1613/876
f 1880/1629/868 1881/1630/892 1882/1631/893
f 1883/1632/871 1884/1633/894 1885/1634/873
f 1883/1632/871 1886/1635/894 1884/1633/894
f 1885/1634/873 1887/1636/875 1883/1632/871
f 1885/1634/873 1888/1637/875 1887/1636/875
f 1889/1638/876 1890/1639/877 1891/1640/878
f 1891/1640/878 1892/1641/879 1889/1638/876
f 1891/1640/878 1893/1642/880 1892/1641/879
f 1894/1643/895 1895/1644/896 1896/1645/897
f 1897/1646/898 1898/1647/899 1899/1648/900
f 1898/1647/899 1900/1649/901 1899/1648/900
f 1898/1647/899 1901/1650/902 1900/1649/901
f 1902/1651/903 1895/1644/896 1894/1643/895
f 1902/1651/903 1903/1652/904 1895/1644/896
f 1904/1653/886 1881/1630/892 1880/1629/868
f 1881/1630/892 1905/1654/887 1882/1631/893
f 1906/1655/888 1905/1654/887 1881/1630/892
f 1901/1650/902 1907/1656/905 1900/1649/901
f 1903/1652/904 1908/1657/906 1895/1644/896
f 1909/1658/907 1890/1639/907 1889/1638/876
f 1910/1659/908 1911/1660/909 1912/1661/910
f 1910/1659/908 1913/1662/911 1911/1660/909
f 1912/1661/910 1914/1663/912 1915/1664/913
f 1915/1664/913 1916/1665/914 1917/1666/915
f 1917/1666/915 1916/1665/914 1918/1667/916
f 1911/1660/909 1914/1663/912 1912/1661/910
f 1914/1663/912 1919/1668/917 1915/1664/913
f 1919/1668/917 1916/1665/914 1915/1664/913
f 1920/1669/918 1916/1665/914 1919/1668/917
f 1920/1669/918 1921/1670/919 1916/1665/914
f 1922/1671/920 1923/1672/921 1924/1673/920
f 1922/1671/920 1913/1662/911 1923/1672/921
f 1923/1672/921 1913/1662/911 1910/1659/908
f 1925/1674/922 1926/1675/923 1927/1676/924
f 1927/1676/924 1926/1675/923 1928/1677/925
f 1929/1678/926 1930/1679/926 1931/1680/926
f 1929/1678/926 1932/1681/926 1930/1679/926
f 1928/1677/925 1926/1675/923 1933/1682/927
f 1933/1682/927 1926/1675/923 1934/1683/928
f 1935/1684/929 1936/1685/930 1937/1686/930
f 1936/1685/930 1938/1687/931 1937/1686/930
f 1939/1688/932 1940/1689/932 1941/1690/933
f 1942/1691/934 1940/1689/932 1939/1688/932
f 1943/1692/935 1944/1693/936 1945/1694/937
f 1943/1692/935 1946/1695/938 1944/1693/936
f 1943/1692/935 1947/1696/939 1946/1695/938
f 1944/1693/936 1948/1697/940 1945/1694/937
f 1944/1693/936 1949/1698/940 1948/1697/940
f 1947/1696/939 1950/1699/941 1946/1695/938
f 1947/1696/939 1951/1700/942 1950/1699/941
f 1947/1696/939 1952/1701/943 1951/1700/942
f 1953/1702/944 1954/1703/945 1955/1704/946
f 1956/1705/947 1954/1703/945 1953/1702/944
f 1957/1706/948 1958/1707/948 1959/1708/948
f 1960/1709/948 1958/1707/948 1957/1706/948
f 1959/1708/948 1958/1707/948 1961/1710/948
f 1961/1710/948 1958/1707/948 1962/1711/948
f 1962/1711/948 1958/1707/948 1963/1712/948
f 1963/1712/948 1958/1707/948 1964/1713/948
f 1964/1713/948 1958/1707/948 1965/1714/948
f 1965/1714/948 1958/1707/948 1966/1715/948
f 1966/1715/948 1958/1707/948 1967/1716/948
f 1967/1716/948 1958/1707/948 1968/1717/948
f 1968/1717/948 1958/1707/948 1969/1718/948
f 1969/1718/948 1958/1707/948 1960/1709/948
f 1970/1719/410 1971/1720/410 1972/1721/410
f 1971/1720/410 1973/1722/410 1972/1721/410
f 1974/1719/409 1975/1723/409 1976/1721/409
f 1975/1723/409 1977/1722/409 1976/1721/409
f 1978/1724/409 1979/1725/409 1980/1726/409
f 1978/1724/409 1981/1727/409 1979/1725/409
f 1979/1725/409 1981/1727/409 1982/1728/409
f 1983/1725/410 1984/1728/410 1985/1729/410
f 1983/1725/410 1986/1727/410 1984/1728/410
f 1983/1725/410 1987/1726/410 1988/1724/410
f 1989/1730/410 1973/1722/410 1971/1720/410
f 1990/1731/409 1977/1722/409 1975/1723/409
f 1988/1724/410 1986/1727/410 1983/1725/410
f 1982/1728/409 1991/1729/409 1979/1725/409
f 1992/1732/409 1993/1733/409 1994/1734/409
f 1992/1732/409 1995/1735/409 1993/1733/409
f 1993/1733/409 1996/1736/409 1997/1737/409
f 1993/1733/409 1995/1735/409 1996/1736/409
f 1998/1732/410 1999/1733/410 2000/1734/410
f 1998/1732/410 2001/1735/410 1999/1733/410
f 1999/1733/410 2002/1736/410 2003/1737/410
f 1999/1733/410 2001/1735/410 2002/1736/410
f 2004/1738/410 2005/1739/949 2006/1740/410
f 2006/1740/410 2005/1739/949 2007/1741/949
f 2008/1742/409 2009/1743/950 2010/1744/409
f 2011/1745/951 2009/1743/950 2012/1746/950
f 2012/1746/950 2009/1743/950 2008/1742/409
f 2007/1741/949 2005/1739/949 2013/1747/952
f 2013/1747/952 2014/1748/952 2015/1749/952
f 2013/1747/952 2005/1739/949 2014/1748/952
f 2016/1750/951 2017/1751/951 2011/1745/951
f 2016/1750/951 2018/1752/951 2017/1751/951
f 2017/1751/951 2009/1743/950 2011/1745/951
f 2014/1748/952 2019/1753/952 2015/1749/952
f 2020/1754/409 2021/1755/953 2022/1756/409
f 2022/1756/409 2021/1755/953 2023/1757/954
f 2024/1758/410 2025/1759/955 2026/1760/410
f 2027/1761/956 2025/1759/955 2028/1762/957
f 2028/1762/957 2025/1759/955 2024/1758/410
f 2023/1757/954 2021/1755/953 2029/1763/958
f 2029/1763/958 2030/1764/958 2031/1765/958
f 2029/1763/958 2021/1755/953 2030/1764/958
f 2032/1766/956 2033/1767/956 2027/1761/956
f 2032/1766/956 2034/1768/956 2033/1767/956
f 2033/1767/956 2025/1759/955 2027/1761/956
f 2030/1764/958 2035/1769/958 2031/1765/958
f 2036/1770/959 2037/1771/960 2038/1772/961
f 2036/1770/959 2039/1773/962 2037/1771/960
f 2038/1774/961 2040/1775/409 2036/1776/959
f 2038/1774/961 2041/1777/963 2040/1775/409
f 2038/1772/961 2042/1778/964 2041/1779/963
f 2040/1775/409 2043/1780/965 2036/1776/959
f 2040/1775/409 2044/1781/966 2043/1780/965
f 2040/1775/409 2041/1777/963 2044/1781/966
f 2043/1782/965 2039/1773/962 2036/1770/959
f 2043/1782/965 2045/1783/967 2039/1773/962
f 2044/1784/966 2042/1778/964 2046/1785/968
f 2041/1779/963 2042/1778/964 2044/1784/966
f 2037/1771/960 2042/1778/964 2038/1772/961
f 2039/1786/962 2047/1775/410 2037/1787/960
f 2039/1786/962 2045/1788/967 2047/1775/410
f 2047/1775/410 2042/1777/964 2037/1787/960
f 2045/1788/967 2046/1789/968 2047/1775/410
f 2046/1789/968 2042/1777/964 2047/1775/410
f 2048/1790/969 2049/1791/970 2050/1792/971
f 2051/1793/972 2049/1791/970 2052/1794/973
f 2053/1795/974 2049/1791/970 2051/1793/972
f 2052/1794/973 2049/1791/970 2048/1790/969
f 2054/1796/160 2055/1797/160 2056/1798/160
f 2054/1796/160 2057/1799/160 2055/1797/160
f 2058/1800/160 2059/1801/160 2060/1802/160
f 2058/1800/160 2061/1803/160 2059/1801/160
f 2062/1804/975 2063/1805/976 2064/1806/977
f 2064/1806/977 2065/1807/978 2062/1804/975
f 2064/1806/977 2063/1805/976 2066/1808/979
f 2063/1805/976 2067/1809/980 2066/1808/979
f 2068/1810/981 2069/1811/981 2070/1812/981
f 2071/1811/981 2069/1811/981 2068/1810/981
f 2072/1813/982 2073/1814/983 2074/1815/982
f 2075/1814/984 2073/1814/983 2072/1813/982
f 2076/1816/981 2077/1811/981 2078/1811/981
f 2079/1817/981 2077/1811/981 2076/1816/981
f 2080/1818/985 2081/1814/986 2082/1814/987
f 2083/1819/988 2081/1814/986 2080/1818/985
f 2084/1820/989 2085/1821/989 2086/1822/989
f 2084/1820/989 2087/1823/989 2085/1821/989
f 2088/1824/990 2089/1825/991 2090/1826/992
f 2089/1825/991 2091/1827/993 2090/1826/994
f 2092/1828/995 2093/1829/996 2094/1830/997
f 2095/1831/998 2093/1829/996 2092/1828/999
f 2096/1832/1000 2097/1833/1000 2098/1834/1000
f 2098/1834/1000 2099/1835/1000 2096/1832/1000
f 2098/1834/1000 2100/1836/1000 2099/1835/1000
f 2097/1833/1000 2101/1837/1000 2098/1834/1000
f 2101/1837/1000 2102/1838/1000 2098/1834/1000
f 2102/1838/1000 2100/1836/1000 2098/1834/1000
f 2103/1839/1001 2104/1840/1002 2105/1841/1003
f 2103/1839/1001 2106/1842/1004 2107/1843/1005
f 2107/1843/1005 2108/1844/1006 2103/1839/1001
f 2107/1843/1005 2109/1845/1007 2108/1844/1006
f 2107/1843/1005 2110/1846/1008 2109/1845/1007
f 2108/1844/1006 2104/1840/1002 2103/1839/1001
f 2108/1847/1006 2111/1848/1009 2104/1849/1002
f 2109/1845/1007 2110/1846/1008 2112/1850/1010
f 2109/1851/1007 2113/1852/1011 2108/1847/1006
f 2109/1851/1007 2114/1853/1012 2113/1852/1011
f 2112/1854/1010 2114/1853/1012 2109/1851/1007
f 2112/1854/1010 2115/1855/1013 2114/1853/1012
f 2112/1854/1010 2116/1856/1014 2115/1855/1013
f 2110/1846/1008 2117/1857/1015 2112/1850/1010
f 2110/1846/1008 2118/1858/1016 2117/1857/1015
f 2117/1859/1015 2116/1856/1014 2112/1854/1010
f 2117/1860/1015 2119/1861/1017 2116/1862/1014
f 2118/1858/1016 2120/1863/1018 2117/1857/1015
f 2118/1858/1016 2121/1864/1019 2122/1865/1020
f 2122/1865/1020 2120/1863/1018 2118/1858/1016
f 2122/1865/1020 2104/1866/1002 2120/1863/1018
f 2122/1865/1020 2123/1867/1021 2105/1868/1003
f 2122/1865/1020 2121/1864/1019 2123/1867/1021
f 2120/1869/1018 2119/1861/1017 2117/1860/1015
f 2120/1869/1018 2111/1848/1009 2119/1861/1017
f 2105/1868/1003 2104/1866/1002 2122/1865/1020
f 2105/1841/1003 2124/1870/1022 2103/1839/1001
f 2105/1841/1003 2125/1871/1023 2124/1870/1022
f 2104/1849/1002 2111/1848/1009 2120/1869/1018
f 2124/1870/1022 2106/1842/1004 2103/1839/1001
f 2123/1867/1021 2125/1872/1023 2105/1868/1003
f 2113/1852/1011 2111/1848/1009 2108/1847/1006
f 2126/1873/1024 2127/1874/1025 2128/1875/1026
f 2126/1873/1024 2129/1876/1027 2127/1874/1025
f 2128/1875/1026 2130/1877/1028 2131/1878/1029
f 2128/1875/1026 2127/1874/1025 2130/1877/1028
f 2132/1879/1030 2133/1880/1031 2134/1881/1032
f 2134/1881/1032 2135/1882/1033 2136/1883/1034
f 2134/1881/1032 2133/1880/1031 2135/1882/1033
f 2136/1883/1034 2137/1884/1035 2126/1873/1024
f 2136/1883/1034 2135/1882/1033 2137/1884/1035
f 2131/1878/1029 2133/1880/1031 2132/1879/1030
f 2131/1878/1029 2130/1877/1028 2133/1880/1031
f 2138/1885/1036 2137/1884/1035 2139/1886/1037
f 2138/1885/1036 2129/1876/1027 2137/1884/1035
f 2139/1886/1037 2135/1882/1033 2140/1887/1038
f 2140/1887/1038 2130/1877/1028 2141/1888/1039
f 2141/1888/1039 2127/1874/1025 2142/1889/1040
f 2142/1889/1040 2129/1876/1027 2143/1890/1041
f 2143/1890/1041 2129/1876/1027 2138/1885/1036
f 2137/1884/1035 2135/1882/1033 2139/1886/1037
f 2137/1884/1035 2129/1876/1027 2126/1873/1024
f 2135/1882/1033 2133/1880/1031 2140/1887/1038
f 2133/1880/1031 2130/1877/1028 2140/1887/1038
f 2130/1877/1028 2127/1874/1025 2141/1888/1039
f 2127/1874/1025 2129/1876/1027 2142/1889/1040
f 975/762/1042 2144/1891/1042 2145/1892/1043
f 975/762/1042 977/764/1042 2144/1891/1042
f 977/764/1042 2146/1893/1042 2144/1891/1042
f 977/764/1042 2147/1894/1044 2146/1893/1042
f 983/770/1045 986/773/1045 981/768/1045
f 983/770/1045 984/771/1045 986/773/1045
f 988/775/1046 987/774/1046 982/769/1046
f 985/772/1046 987/774/1046 988/775/1046
f 991/778/160 996/783/160 993/780/160
f 989/776/161 994/781/161 992/779/161
f 990/777/160 996/783/160 991/778/160
f 995/782/161 994/781/161 989/776/161
f 1000/787/1047 1003/790/1047 997/784/1047
f 1000/787/1047 1002/789/1047 1003/790/1047
f 999/786/1048 1001/788/1048 1004/791/1048
f 998/785/1048 1001/788/1048 999/786/1048
f 1005/792/1049 1012/799/1049 1008/795/1049
f 1011/798/1050 1009/796/1050 1006/793/1050
f 1010/797/1050 1009/796/1050 1011/798/1050
f 1007/794/1049 1012/799/1049 1005/792/1049
f 2148/1895/1051 2149/1896/1052 2150/1897/1053
f 2151/1898/1054 2152/1899/1055 2153/1900/1055
f 2150/1897/1053 2149/1896/1052 2154/1901/1056
f 2155/1902/1057 2152/1899/1055 2151/1898/1054
f 2154/1901/1056 2149/1896/1052 2156/1903/1058
f 2157/1904/1059 2152/1899/1055 2155/1902/1057
f 2156/1903/1058 2149/1896/1052 2158/1905/1056
f 2159/1906/1060 2152/1899/1055 2157/1904/1059
f 2158/1905/1056 2149/1896/1052 2160/1907/1061
f 2161/1908/1062 2152/1899/1055 2159/1906/1060
f 2160/1907/1061 2149/1896/1052 2162/1909/1063
f 2163/1910/1064 2152/1899/1055 2161/1908/1062
f 2162/1909/1063 2149/1896/1052 2164/1911/1065
f 2165/1912/1054 2152/1899/1055 2163/1910/1064
f 2164/1911/1065 2149/1896/1052 2166/1913/1065
f 2167/1914/1066 2152/1899/1055 2165/1912/1054
f 2168/1915/1067 2169/1916/1068 2170/1917/1069
f 2171/1918/1070 2172/1919/1071 2173/1920/1072
f 2170/1917/1069 2169/1916/1068 2174/1921/1073
f 2175/1922/1071 2172/1919/1071 2171/1918/1070
f 2174/1921/1073 2169/1916/1068 2176/1923/1068
f 2177/1924/1074 2172/1919/1071 2175/1922/1071
f 2176/1923/1068 2169/1916/1068 2178/1925/1075
f 2179/1926/1074 2172/1919/1071 2177/1924/1074
f 2178/1925/1075 2169/1916/1068 2180/1927/1076
f 2181/1928/1077 2172/1919/1071 2179/1926/1074
f 2180/1927/1076 2169/1916/1068 2182/1929/1068
f 2183/1930/1078 2172/1919/1071 2181/1928/1077
f 2182/1929/1068 2169/1916/1068 2184/1931/1079
f 2185/1932/1080 2172/1919/1071 2183/1930/1078
f 2184/1931/1079 2169/1916/1068 2186/1933/1081
f 2187/1934/1082 2172/1919/1071 2185/1932/1080
f 2188/1935/1083 2189/1936/1084 1109/1935/1083
f 2189/1936/1084 1110/1936/1085 1109/1935/1083
f 2189/1936/1084 1116/1937/1086 1110/1936/1085
f 2190/1937/1087 2191/1938/487 1115/1938/487
f 2190/1937/1087 1116/1937/1086 2189/1936/1084
f 1113/1939/1088 2192/1940/1089 2193/1939/1088
f 1113/1939/1088 1112/1940/1089 2192/1940/1089
f 1112/1940/1089 1114/1941/1090 2192/1940/1089
f 1114/1941/1090 2194/1941/1091 2192/1940/1089
f 1114/1941/1090 1115/1938/487 2194/1941/1091
f 1115/1938/487 2191/1938/487 2194/1941/1091
f 1115/1938/487 1116/1937/1086 2190/1937/1087
f 2195/1942/1092 2196/1943/1093 2197/1944/1094
f 2198/1945/1095 2199/1946/1096 2200/1947/1097
f 2197/1944/1094 2196/1943/1093 2201/1948/1098
f 2202/1949/1099 2199/1946/1096 2198/1945/1095
f 2201/1948/1098 2196/1943/1093 2203/1950/1100
f 2204/1951/1096 2199/1946/1096 2202/1949/1099
f 2203/1950/1100 2196/1943/1093 2205/1952/1101
f 2205/1952/1101 2196/1943/1093 2206/1953/1102
f 2207/1954/1099 2199/1946/1096 2204/1951/1096
f 2206/1953/1102 2196/1943/1093 2208/1955/1103
f 2209/1956/1104 2199/1946/1096 2207/1954/1099
f 2208/1955/1103 2196/1943/1093 2210/1957/1105
f 2211/1958/1106 2199/1946/1096 2209/1956/1104
f 2210/1957/1105 2196/1943/1093 2212/1959/1105
f 2213/1960/1107 2199/1946/1096 2211/1958/1106
f 2214/1961/1108 2199/1946/1096 2213/1960/1107
f 2215/1962/1109 2216/1963/1109 2217/1964/1109
f 2215/1962/1109 1117/880/1110 2216/1963/1109
f 2216/1963/1109 2218/1965/1109 2217/1964/1109
f 2216/1963/1109 2219/1966/1109 2218/1965/1109
f 2216/1963/1109 2220/1967/1109 2219/1966/1109
f 2216/1963/1109 1122/885/1110 2220/1967/1109
f 2218/1965/1109 2221/1968/1110 2217/1964/1109
f 2218/1965/1109 2219/1966/1109 2221/1968/1110
f 1117/880/1110 1119/882/1110 2216/1963/1109
f 1119/882/1110 1122/885/1110 2216/1963/1109
f 2221/1968/1110 2222/1969/1110 2217/1964/1109
f 2219/1966/1109 2223/1970/1110 2221/1968/1110
f 2224/1971/1111 2225/1972/1112 1127/890/1112
f 2225/1972/1112 1125/888/1112 1127/890/1112
f 2225/1972/1112 2226/1973/1112 1125/888/1112
f 2226/1973/1112 2227/1974/1113 1125/888/1112
f 1131/894/1114 1136/899/1114 1138/901/1114
f 1134/897/1114 1136/899/1114 1131/894/1114
f 1133/896/1115 1132/895/1115 1137/900/1115
f 1132/895/1115 1135/898/1115 1137/900/1115
f 1139/902/1116 1146/909/1116 1143/906/1116
f 1141/904/1116 1146/909/1116 1139/902/1116
f 1140/903/1117 1144/907/1117 1142/905/1117
f 1145/908/1117 1144/907/1117 1140/903/1117
f 1147/910/1118 1151/914/1118 1150/913/1118
f 1151/914/1118 1153/916/1118 1150/913/1118
f 1149/912/1119 1152/915/1119 1154/917/1119
f 1148/911/1119 1152/915/1119 1149/912/1119
f 1155/918/1120 1162/925/1120 1159/922/1120
f 1157/920/1120 1162/925/1120 1155/918/1120
f 1156/919/1121 1160/923/1121 1158/921/1121
f 1161/924/1121 1160/923/1121 1156/919/1121
f 2228/1975/1122 2229/1976/1123 2230/1977/1123
f 2230/1977/1123 2229/1976/1123 2231/1978/1124
f 2232/1979/1125 2233/1980/1126 2234/1981/1126
f 2231/1978/1124 2229/1976/1123 2235/1982/1127
f 2236/1983/1128 2233/1980/1126 2232/1979/1125
f 2235/1982/1127 2229/1976/1123 2237/1984/1129
f 2238/1985/1130 2233/1980/1126 2236/1983/1128
f 2237/1984/1129 2229/1976/1123 2239/1986/1131
f 2240/1987/1126 2233/1980/1126 2238/1985/1130
f 2239/1986/1131 2229/1976/1123 2241/1988/1132
f 2242/1989/1126 2233/1980/1126 2240/1987/1126
f 2241/1988/1132 2229/1976/1123 2243/1990/1133
f 2244/1991/1134 2233/1980/1126 2242/1989/1126
f 2243/1990/1133 2229/1976/1123 2245/1992/1135
f 2246/1993/1136 2233/1980/1126 2244/1991/1134
f 2247/1994/1136 2233/1980/1126 2246/1993/1136
f 1281/1995/1137 2248/1996/1138 2249/1995/1137
f 1281/1995/1137 1280/1996/1139 2248/1996/1138
f 2248/1996/1138 1282/1997/1140 2250/1997/1141
f 2250/1997/1141 1282/1997/1140 1286/1998/1142
f 2251/1999/1143 2252/2000/1144 1283/1999/1143
f 2252/2000/1144 1284/2000/1144 1283/1999/1143
f 2252/2000/1144 1285/2001/1145 1284/2000/1144
f 2252/2000/1144 2253/2001/1146 1285/2001/1145
f 2253/2001/1146 1286/1998/1142 1285/2001/1145
f 2253/2001/1146 2254/1998/1142 1286/1998/1142
f 1286/1998/1142 2254/1998/1142 2250/1997/1141
f 1280/1996/1139 1282/1997/1140 2248/1996/1138
f 2255/2002/1147 2256/2003/1148 2257/2004/1149
f 2257/2004/1149 2256/2003/1148 2258/2005/1150
f 2259/2006/1151 2260/2007/1151 2261/2008/1152
f 2258/2005/1150 2256/2003/1148 2262/2009/1153
f 2263/2010/1154 2260/2007/1151 2259/2006/1151
f 2262/2009/1153 2256/2003/1148 2264/2011/1155
f 2265/2012/1156 2260/2007/1151 2263/2010/1154
f 2266/2013/1154 2260/2007/1151 2265/2012/1156
f 2264/2011/1155 2256/2003/1148 2267/2014/1157
f 2268/2015/1158 2260/2007/1151 2266/2013/1154
f 2267/2014/1157 2256/2003/1148 2269/2016/1159
f 2270/2017/1160 2260/2007/1151 2268/2015/1158
f 2269/2016/1159 2256/2003/1148 2271/2018/1161
f 2272/2019/1162 2260/2007/1151 2270/2017/1160
f 2271/2018/1161 2256/2003/1148 2273/2020/1163
f 2274/2021/1162 2260/2007/1151 2272/2019/1162
f 2275/2022/1164 2276/2023/1164 2277/2024/1164
f 2275/2022/1164 2278/2025/1164 2276/2023/1164
f 2275/2022/1164 2279/2026/1165 2278/2025/1164
f 2275/2022/1164 2280/2027/1165 2279/2026/1165
f 2276/2023/1164 1289/1028/1165 2277/2024/1164
f 2276/2023/1164 1287/1026/1165 1289/1028/1165
f 2276/2023/1164 1293/1032/1165 1287/1026/1165
f 2278/2025/1164 2281/2028/1164 2276/2023/1164
f 2279/2026/1165 2281/2028/1164 2278/2025/1164
f 2279/2026/1165 2282/2029/1165 2281/2028/1164
f 2281/2028/1164 2283/2030/1164 2276/2023/1164
f 2283/2030/1164 1293/1032/1165 2276/2023/1164
f 1298/1037/1142 1301/1040/1142 1296/1035/1142
f 1298/1037/1142 1300/1039/1142 1301/1040/1142
f 2284/2031/1166 2285/2032/1167 2286/2033/1168
f 2284/2031/1166 2287/2034/1169 2285/2032/1167
f 2284/2031/1166 2288/2035/1170 2287/2034/1169
f 2286/2033/1168 2289/2036/1171 2284/2031/1166
f 2285/2032/1167 2290/2037/1172 2286/2033/1168
f 2287/2034/1169 2291/2038/1173 2285/2032/1167
f 2287/2034/1169 2288/2035/1170 2291/2038/1173
f 2291/2038/1173 2290/2037/1172 2285/2032/1167
f 2290/2037/1172 2289/2036/1171 2286/2033/1168
f 2289/2036/1171 2288/2035/1170 2284/2031/1166
f 2292/2039/1174 2293/2040/1175 2294/2041/1176
f 2292/2039/1174 2295/2042/1177 2293/2040/1175
f 2295/2042/1177 2296/2043/1178 2293/2040/1175
f 2295/2042/1177 2297/2044/1179 2296/2043/1178
f 2297/2044/1179 2298/2045/1180 2296/2043/1178
f 2297/2044/1179 2299/2046/1181 2298/2045/1180
f 2299/2046/1181 2300/2047/1182 2298/2045/1180
f 2299/2046/1181 2301/2048/1183 2300/2047/1182
f 2301/2048/1183 2302/2049/1184 2300/2047/1182
f 2301/2048/1183 2303/2050/1185 2302/2049/1184
f 2303/2050/1185 2304/2051/1186 2302/2049/1184
f 2303/2050/1185 2305/2052/1187 2304/2051/1186
f 2304/2051/1186 2306/2053/1188 2307/2054/1189
f 2304/2051/1186 2308/2055/1190 2302/2049/1184
f 2307/2054/1189 2308/2055/1190 2304/2051/1186
f 2308/2055/1190 2309/2056/1191 2302/2049/1184
f 1307/1046/1192 1311/1050/1193 1310/1049/1194
f 1311/1050/1193 1314/1053/1195 1310/1049/1194
f 1311/1050/1193 1341/1080/1196 1314/1053/1195
f 1311/1050/1193 1339/1078/1197 1341/1080/1196
f 1311/1050/1193 1313/1052/1198 1339/1078/1197
f 1314/1053/1195 1317/1056/1199 1310/1049/1194
f 1314/1053/1195 1316/1055/1200 1317/1056/1199
f 1314/1053/1195 1341/1080/1196 1337/1076/1201
f 1316/1055/1200 1321/1060/1202 1317/1056/1199
f 1316/1055/1200 1320/1059/1203 1321/1060/1202
f 1320/1059/1203 1326/1065/1204 1321/1060/1202
f 1320/1059/1203 1324/1063/1205 1326/1065/1204
f 1324/1063/1205 1330/1069/1206 1326/1065/1204
f 1324/1063/1205 1329/1068/1207 1330/1069/1206
f 1329/1068/1207 1333/1072/1208 1330/1069/1206
f 1329/1068/1207 1332/1071/1208 1333/1072/1208
f 2310/2057/1209 2311/2058/1210 2312/2059/1211
f 2312/2059/1211 2313/2060/1212 2314/2061/1213
f 2312/2059/1211 2315/2062/1214 2313/2060/1212
f 2311/2058/1210 2316/2063/1215 2312/2059/1211
f 2311/2058/1210 2317/2064/1216 2316/2063/1215
f 2316/2063/1215 2315/2062/1214 2312/2059/1211
f 2316/2063/1215 2318/2065/1217 2315/2062/1214
f 2317/2064/1216 2319/2066/1218 2316/2063/1215
f 2317/2064/1216 2320/2067/1219 2319/2066/1218
f 2320/2067/1219 2321/2068/1220 2319/2066/1218
f 2320/2067/1219 2322/2069/1221 2321/2068/1220
f 2322/2069/1221 2323/2070/1222 2321/2068/1220
f 2322/2069/1221 2324/2071/1223 2323/2070/1222
f 2324/2071/1223 2325/2072/1224 2323/2070/1222
f 2324/2071/1223 2326/2073/1225 2325/2072/1224
f 2326/2073/1225 2327/2074/1226 2325/2072/1224
f 1347/1086/1227 2328/2075/1227 1348/1087/1228
f 1352/1091/1229 2328/2075/1227 1347/1086/1227
f 1354/1093/1230 1356/1095/1231 1358/1097/1232
f 1354/1093/1230 2329/2076/1233 1356/1095/1230
f 2330/2077/409 1387/1126/409 2331/2078/409
f 1387/1126/409 1389/1128/409 2331/2078/409
f 1387/1126/160 2332/2079/160 1388/1127/160
f 1387/1126/160 2333/2080/160 2332/2079/160
f 2334/2081/410 2335/2082/410 1388/1127/410
f 2335/2082/410 1390/1129/410 1388/1127/410
f 1390/1129/161 2336/2083/161 1389/1128/161
f 1390/1129/161 2337/2084/161 2336/2083/161
f 2338/2085/1234 2339/2086/1235 2340/2087/1236
f 2339/2086/1235 2341/2088/1237 2340/2087/1236
f 2339/2086/1235 2342/2089/1238 2341/2088/1237
f 2342/2089/1238 2343/2090/1239 2341/2088/1237
f 2342/2089/1238 2344/2091/1240 2343/2090/1239
f 2344/2091/1240 2345/2092/1241 2343/2090/1239
f 2344/2091/1240 2346/2093/1242 2345/2092/1241
f 2346/2093/1242 2347/2094/1243 2345/2092/1241
f 2346/2093/1242 2348/2095/1244 2347/2094/1243
f 2348/2095/1244 2349/2096/1245 2347/2094/1243
f 2348/2095/1244 2350/2097/1246 2349/2096/1245
f 2348/2095/1244 2351/2098/1247 2350/2097/1246
f 2348/2095/1244 2352/2099/1248 2351/2098/1247
f 2350/2097/1246 2353/2100/1249 2349/2096/1245
f 2350/2097/1246 2351/2098/1247 2354/2101/1250
f 2354/2101/1250 2355/2102/1251 2350/2097/1246
f 1401/1140/1252 2356/2103/1253 1399/1138/1254
f 1399/1138/1254 2356/2103/1253 1403/1142/1255
f 1400/1139/1256 2357/2104/1257 1401/1140/1258
f 1402/1141/1259 2358/2105/1260 1414/1153/1261
f 1403/1142/1255 2359/2106/1262 1406/1145/1263
f 1405/1144/1264 2358/2105/1260 1402/1141/1259
f 1406/1145/1263 2360/2107/1265 1408/1147/1266
f 1407/1146/1267 2361/2108/1268 1405/1144/1264
f 1407/1146/1267 2362/2109/1269 2361/2108/1268
f 1408/1147/1266 2363/2110/1270 1410/1149/1271
f 1409/1148/1272 2364/2111/1273 1407/1146/1267
f 1410/1149/1271 2365/2112/1274 1412/1151/1275
f 1411/1150/1276 2366/2113/1277 1409/1148/1272
f 1412/1151/1278 2367/2114/1278 1413/1152/1278
f 1412/1151/1278 2368/2115/1278 2367/2114/1278
f 1413/1152/1279 2366/2113/1277 1411/1150/1276
f 1413/1152/1279 2369/2116/1280 2366/2113/1277
f 2366/2113/1277 2364/2111/1273 1409/1148/1272
f 2364/2111/1273 2362/2109/1269 1407/1146/1267
f 1404/1143/1281 2370/2117/1282 1415/1154/1282
f 1415/1154/161 2371/2118/161 1416/1155/161
f 2371/2118/161 2372/2119/161 1416/1155/161
f 2373/2120/1283 2356/2103/1253 1401/1140/1252
f 2356/2103/1253 2359/2106/1262 1403/1142/1255
f 2357/2104/1257 2374/2121/1284 1401/1140/1258
f 2370/2117/1282 2375/2122/448 1415/1154/1282
f 2361/2108/1268 2358/2105/1260 1405/1144/1264
f 2358/2105/1285 2376/2123/1286 1414/1153/1261
f 2359/2106/1262 2360/2107/1265 1406/1145/1263
f 2360/2107/1265 2363/2110/1270 1408/1147/1266
f 2363/2110/1270 2365/2112/1274 1410/1149/1271
f 2365/2112/1274 2377/2124/1287 1412/1151/1275
f 2378/2125/1288 2379/2126/1289 2380/2127/1290
f 2378/2125/1288 2381/2128/1291 2379/2126/1289
f 2378/2125/1288 2382/2129/1292 2381/2128/1291
f 2381/2128/1291 2383/2130/1293 2379/2126/1289
f 2381/2128/1291 2384/2131/1294 2383/2130/1293
f 2384/2131/1294 2385/2132/1295 2383/2130/1293
f 2384/2131/1294 2386/2133/1296 2385/2132/1295
f 2386/2133/1296 2387/2134/1297 2385/2132/1295
f 2386/2133/1296 2388/2135/1298 2387/2134/1297
f 2388/2135/1298 2389/2136/1299 2387/2134/1297
f 2388/2135/1298 2390/2137/1300 2389/2136/1299
f 2390/2137/1300 2391/2138/1301 2389/2136/1299
f 2390/2137/1300 2392/2139/1302 2391/2138/1301
f 2393/2140/1303 2394/2141/1304 2378/2125/1288
f 2394/2141/1304 2382/2129/1292 2378/2125/1288
f 2382/2129/1292 2395/2142/1305 2381/2128/1291
f 1419/1158/1306 2396/2143/1306 1417/1156/1307
f 1417/1156/1308 2397/2144/1309 1418/1157/1310
f 1417/1156/1308 2398/2145/1311 2397/2144/1309
f 1418/1157/1310 2397/2144/1309 1423/1162/1312
f 1420/1159/1313 1426/1165/1314 2399/2146/1314
f 1425/1164/160 2400/2147/160 1424/1163/160
f 1425/1164/160 2401/2148/160 2400/2147/160
f 1426/1165/1314 2402/2149/1315 2399/2146/1314
f 1421/1160/1316 2403/2150/1317 1426/1165/1318
f 1422/1161/1319 2403/2150/1317 1421/1160/1316
f 1422/1161/1319 2404/2151/1320 2403/2150/1317
f 2403/2150/1317 2405/2152/1321 1426/1165/1318
f 2406/2153/1322 2407/2154/1323 1428/1167/1324
f 1428/1167/1324 1430/1169/1325 2406/2153/1322
f 1430/1169/1325 2408/2155/1326 2406/2153/1322
f 2407/2154/1323 1431/1170/1327 1428/1167/1324
f 2407/2154/1323 1433/1172/1328 1431/1170/1327
f 2407/2154/1329 2409/2156/1330 1433/1172/1328
f 1433/1172/1331 2410/2157/1331 1434/1173/1331
f 1434/1173/1332 2411/2158/1333 1432/1171/1334
f 1434/1173/1332 2412/2159/1335 2411/2158/1333
f 1432/1171/1334 2413/2160/1336 1429/1168/1337
f 1432/1171/1334 2411/2158/1333 2413/2160/1336
f 1429/1168/1337 2414/2161/1338 1427/1166/1339
f 1429/1168/1337 2413/2160/1336 2414/2161/1338
f 1427/1166/1339 2404/2151/1320 1422/1161/1319
f 1427/1166/1339 2414/2161/1338 2404/2151/1320
f 1423/1162/1312 2415/2162/1340 1430/1169/1325
f 2397/2144/1309 2415/2162/1340 1423/1162/1312
f 2416/2163/1331 2410/2157/1331 1433/1172/1331
f 2417/2164/1341 2396/2143/1306 1419/1158/1306
f 2415/2162/1340 2408/2155/1326 1430/1169/1325
f 1617/1356/1342 1472/1211/1343 1471/1210/1344
f 1608/1347/1345 1607/1346/1346 1474/1213/1347
f 2418/2165/1348 2419/2166/1348 2420/2167/1349
f 2418/2165/1348 2421/2168/1350 2419/2166/1348
f 1560/1299/1351 1559/1298/1352 1477/1216/1351
f 1551/1290/1353 1481/1220/1354 1480/1219/1353
f 2422/2169/1355 2423/2170/1356 2424/2171/1357
f 2422/2169/1355 2425/2172/1358 2423/2170/1356
f 1587/1326/1359 1484/1223/1360 1483/1222/1361
f 2426/2173/1362 2427/2174/1362 2428/2175/1363
f 2426/2173/1362 2429/2176/1364 2427/2174/1362
f 1569/1308/1365 1568/1307/1366 1486/1225/1365
f 2430/2177/1367 2431/2178/1367 2432/2179/1368
f 2430/2177/1369 2433/2180/1370 2431/2178/1369
f 1596/1335/1371 1490/1229/1372 1489/1228/1373
f 2434/2181/1374 2435/2182/1375 2436/2183/1376
f 2434/2181/1374 2437/2184/1377 2435/2182/1375
f 1578/1317/1378 1577/1316/1379 1492/1231/1378
f 2438/2185/1380 2439/2186/1381 2440/2187/1381
f 2441/2188/1382 2442/2189/1382 2443/2190/1382
f 2441/2188/1383 2444/2191/1383 2442/2189/1383
f 2445/2192/1384 2446/2193/1385 2447/2194/1386
f 2448/2195/1387 2449/2196/1388 2450/2197/1389
f 2451/2198/1390 2452/2199/1390 2453/2200/1390
f 2451/2198/1390 2454/2201/1390 2452/2199/1390
f 2455/2202/1391 2456/2203/1392 2457/2204/1393
f 2458/2205/1394 2459/2206/1395 2460/2207/1396
f 1441/1180/1397 1601/1340/1397 1600/1339/1397
f 1441/1180/1397 1440/1179/1397 1601/1340/1397
f 2461/2208/1398 2462/2209/1399 2463/2210/1400
f 2461/2208/1398 2464/2211/1401 2465/2211/1402
f 2461/2208/1398 2466/2208/1403 2464/2211/1401
f 2465/2211/1402 2467/2212/1404 2461/2208/1398
f 2465/2211/1402 2468/2213/1405 2467/2212/1404
f 2465/2211/1402 2469/2214/1406 2468/2213/1405
f 2465/2211/1402 2470/2214/1407 2469/2214/1406
f 2467/2212/1404 2462/2209/1399 2461/2208/1398
f 2467/2212/1404 1462/1201/1408 2462/2209/1399
f 2468/2213/1405 1460/1199/1409 2467/2212/1404
f 2469/2214/1406 2471/2215/1410 2468/2213/1405
f 2469/2214/1406 2472/2216/1411 2471/2215/1410
f 2469/2214/1406 2473/2216/1412 2472/2216/1411
f 2471/2215/1410 1633/1372/1413 2468/2213/1405
f 2472/2216/1411 2474/2217/1414 2471/2215/1410
f 2472/2216/1411 2475/2218/1415 2474/2217/1414
f 2472/2216/1411 2476/2218/1416 2475/2218/1415
f 2474/2217/1414 1450/1189/1417 2471/2215/1410
f 2475/2218/1415 2477/2219/1418 2474/2217/1414
f 2475/2218/1415 2478/2220/1419 2477/2219/1418
f 2475/2218/1415 2479/2220/1420 2478/2220/1419
f 2477/2219/1418 1448/1187/1421 2474/2217/1414
f 2478/2220/1419 2480/2221/1422 2477/2219/1418
f 2478/2220/1419 2481/2222/1423 2480/2221/1422
f 2478/2220/1419 2482/2222/1424 2481/2222/1423
f 2480/2221/1422 1631/1370/1425 2477/2219/1418
f 2481/2222/1423 2483/2223/1426 2480/2221/1422
f 2481/2222/1423 2484/2224/1427 2483/2223/1426
f 2481/2222/1423 2485/2224/1428 2484/2224/1427
f 2483/2223/1426 1454/1193/1429 2480/2221/1422
f 2484/2224/1427 2486/2225/1430 2483/2223/1426
f 2484/2224/1427 2487/2226/1431 2486/2225/1430
f 2484/2224/1427 2488/2226/1432 2487/2226/1431
f 2486/2225/1430 1452/1191/1433 2483/2223/1426
f 2487/2226/1431 2489/2227/1434 2486/2225/1430
f 2487/2226/1431 2490/2228/1435 2489/2227/1434
f 2487/2226/1431 2491/2228/1436 2490/2228/1435
f 2489/2227/1434 1629/1368/1437 2486/2225/1430
f 2490/2228/1435 2492/2229/1438 2489/2227/1434
f 2490/2228/1435 2493/2230/1439 2492/2229/1438
f 2490/2228/1435 2494/2230/1440 2493/2230/1439
f 2492/2229/1438 1438/1177/1441 2489/2227/1434
f 2493/2230/1439 2495/2231/1442 2492/2229/1438
f 2493/2230/1439 2496/2232/1443 2495/2231/1442
f 2493/2230/1439 2497/2232/1444 2496/2232/1443
f 2495/2231/1442 1436/1175/1445 2492/2229/1438
f 2496/2232/1443 2498/2233/1446 2495/2231/1442
f 2496/2232/1443 2499/2234/1447 2498/2233/1446
f 2496/2232/1443 2500/2234/1448 2499/2234/1447
f 2498/2233/1446 1627/1366/1449 2495/2231/1442
f 2498/2233/1446 1446/1185/1450 1627/1366/1449
f 2499/2234/1447 2501/2235/1451 2498/2233/1446
f 2499/2234/1447 2502/2236/1452 2501/2235/1451
f 2499/2234/1447 2503/2236/1453 2502/2236/1452
f 2501/2235/1451 1446/1185/1450 2498/2233/1446
f 2502/2236/1452 2504/2237/1454 2501/2235/1451
f 2502/2236/1452 2505/2238/1455 2504/2237/1454
f 2502/2236/1452 2506/2238/1456 2505/2238/1455
f 2504/2237/1454 1444/1183/1457 2501/2235/1451
f 2505/2238/1455 2507/2239/1458 2504/2237/1454
f 2505/2238/1455 2508/2240/1459 2507/2239/1458
f 2505/2238/1455 2509/2240/1460 2508/2240/1459
f 2507/2239/1458 1625/1364/1461 2504/2237/1454
f 2508/2240/1459 2510/2241/1462 2507/2239/1458
f 2508/2240/1459 2511/2242/1463 2510/2241/1462
f 2508/2240/1459 2512/2242/1464 2511/2242/1463
f 2510/2241/1462 1466/1205/1465 2507/2239/1458
f 2511/2242/1463 2513/2243/1466 2510/2241/1462
f 2511/2242/1463 2514/2244/1467 2513/2243/1466
f 2511/2242/1463 2515/2244/1468 2514/2244/1467
f 2513/2243/1466 1464/1203/1469 2510/2241/1462
f 2514/2244/1467 2516/2245/1470 2513/2243/1466
f 2514/2244/1467 2517/2246/1471 2516/2245/1470
f 2514/2244/1467 2518/2246/1472 2517/2246/1471
f 2516/2245/1470 1623/1362/1473 2513/2243/1466
f 2517/2246/1471 2519/2247/1474 2516/2245/1470
f 2517/2246/1471 2520/2248/1475 2519/2247/1474
f 2517/2246/1471 2521/2248/1476 2520/2248/1475
f 2519/2247/1474 1470/1209/1477 2516/2245/1470
f 2520/2248/1475 2522/2249/1478 2519/2247/1474
f 2520/2248/1475 2523/2250/1479 2522/2249/1478
f 2520/2248/1475 2524/2250/1480 2523/2250/1479
f 2522/2249/1478 1468/1207/1481 2519/2247/1474
f 2523/2250/1479 2525/2251/1482 2522/2249/1478
f 2523/2250/1479 2526/2252/1483 2525/2251/1482
f 2523/2250/1479 2527/2252/1484 2526/2252/1483
f 2525/2251/1482 1619/1358/1485 2522/2249/1478
f 2526/2252/1483 2528/2253/1486 2525/2251/1482
f 2526/2252/1483 2529/2254/1487 2528/2253/1486
f 2526/2252/1483 2530/2254/1488 2529/2254/1487
f 2528/2253/1486 1458/1197/1489 2525/2251/1482
f 2529/2254/1487 2531/2255/1490 2528/2253/1486
f 2529/2254/1487 2463/2210/1400 2531/2255/1490
f 2529/2254/1487 2532/2210/1491 2463/2210/1400
f 2531/2255/1490 1456/1195/1492 2528/2253/1486
f 2463/2210/1400 2462/2209/1399 2531/2255/1490
f 2463/2210/1400 2466/2208/1403 2461/2208/1398
f 2463/2210/1400 2532/2210/1491 2466/2208/1403
f 2462/2209/1399 1620/1359/1493 2531/2255/1490
f 2439/2186/1381 2533/2256/1494 2440/2187/1381
f 2459/2206/1395 2534/2257/1495 2460/2207/1396
f 2456/2203/1392 2535/2258/1496 2457/2204/1393
f 2449/2196/1388 2536/2259/1497 2450/2197/1389
f 2446/2193/1385 2537/2260/1498 2447/2194/1386
f 2538/2261/1499 2539/2262/1500 2540/2263/1501
f 2541/2264/1502 2542/2265/1503 2538/2261/1499
f 2541/2264/1502 2543/2266/1504 2542/2265/1503
f 2541/2264/1502 2544/2267/1505 2543/2266/1504
f 2542/2265/1503 2539/2262/1500 2538/2261/1499
f 2544/2267/1505 2545/2268/1506 2543/2266/1504
f 2544/2267/1505 2546/2269/1507 2545/2268/1506
f 2546/2269/1507 2547/2270/1508 2545/2268/1506
f 2546/2269/1507 2548/2271/1509 2547/2270/1508
f 2548/2271/1509 2549/2272/1510 2547/2270/1508
f 2548/2271/1509 2550/2273/1511 2549/2272/1510
f 2550/2273/1511 2551/2274/1512 2549/2272/1510
f 2550/2273/1511 2552/2275/1513 2551/2274/1512
f 2552/2275/1513 2553/2276/1514 2551/2274/1512
f 2552/2275/1513 2540/2263/1501 2553/2276/1514
f 2540/2263/1501 2539/2262/1500 2553/2276/1514
f 2464/2211/1401 2470/2214/1407 2465/2211/1402
f 2470/2214/1407 2473/2216/1412 2469/2214/1406
f 2473/2216/1412 2476/2218/1416 2472/2216/1411
f 2476/2218/1416 2479/2220/1420 2475/2218/1415
f 2479/2220/1420 2482/2222/1424 2478/2220/1419
f 2482/2222/1424 2485/2224/1428 2481/2222/1423
f 2485/2224/1428 2488/2226/1432 2484/2224/1427
f 2488/2226/1432 2491/2228/1436 2487/2226/1431
f 2491/2228/1436 2494/2230/1440 2490/2228/1435
f 2494/2230/1440 2497/2232/1444 2493/2230/1439
f 2497/2232/1444 2500/2234/1448 2496/2232/1443
f 2500/2234/1448 2503/2236/1453 2499/2234/1447
f 2503/2236/1453 2506/2238/1456 2502/2236/1452
f 2506/2238/1456 2509/2240/1460 2505/2238/1455
f 2509/2240/1460 2512/2242/1464 2508/2240/1459
f 2512/2242/1464 2515/2244/1468 2511/2242/1463
f 2515/2244/1468 2518/2246/1472 2514/2244/1467
f 2518/2246/1472 2521/2248/1476 2517/2246/1471
f 2521/2248/1476 2524/2250/1480 2520/2248/1475
f 2524/2250/1480 2527/2252/1484 2523/2250/1479
f 2527/2252/1484 2530/2254/1488 2526/2252/1483
f 2530/2254/1488 2532/2210/1491 2529/2254/1487
f 1627/1366/1449 1436/1175/1445 2495/2231/1442
f 1436/1175/1445 1438/1177/1441 2492/2229/1438
f 1438/1177/1441 1629/1368/1437 2489/2227/1434
f 1629/1368/1437 1452/1191/1433 2486/2225/1430
f 1452/1191/1433 1454/1193/1429 2483/2223/1426
f 1454/1193/1429 1631/1370/1425 2480/2221/1422
f 1631/1370/1425 1448/1187/1421 2477/2219/1418
f 1448/1187/1421 1450/1189/1417 2474/2217/1414
f 1450/1189/1417 1633/1372/1413 2471/2215/1410
f 1633/1372/1413 1460/1199/1409 2468/2213/1405
f 1460/1199/1409 1462/1201/1408 2467/2212/1404
f 1462/1201/1408 1620/1359/1493 2462/2209/1399
f 1620/1359/1493 1456/1195/1492 2531/2255/1490
f 1456/1195/1492 1458/1197/1489 2528/2253/1486
f 1458/1197/1489 1619/1358/1485 2525/2251/1482
f 1619/1358/1485 1468/1207/1481 2522/2249/1478
f 1468/1207/1481 1470/1209/1477 2519/2247/1474
f 1470/1209/1477 1623/1362/1473 2516/2245/1470
f 1623/1362/1473 1464/1203/1469 2513/2243/1466
f 1464/1203/1469 1466/1205/1465 2510/2241/1462
f 1466/1205/1465 1625/1364/1461 2507/2239/1458
f 1625/1364/1461 1444/1183/1457 2504/2237/1454
f 1444/1183/1457 1446/1185/1450 2501/2235/1451
f 1545/1284/1515 1550/1289/1516 1549/1288/1517
f 1545/1284/1515 1481/1220/1354 1550/1289/1516
f 1549/1288/1517 1543/1282/1518 1545/1284/1515
f 1549/1288/1517 1547/1286/1518 1543/1282/1518
f 1550/1289/1516 1481/1220/1354 1551/1290/1353
f 1554/1293/1519 1559/1298/1352 1558/1297/1520
f 1554/1293/1519 1478/1217/1521 1559/1298/1352
f 1558/1297/1520 1552/1291/1522 1554/1293/1519
f 1558/1297/1520 1556/1295/1522 1552/1291/1522
f 1559/1298/1352 1478/1217/1521 1477/1216/1351
f 1563/1302/1523 1568/1307/1366 1567/1306/1524
f 1563/1302/1523 1487/1226/1525 1568/1307/1366
f 1567/1306/1524 1561/1300/1526 1563/1302/1523
f 1567/1306/1524 1565/1304/1526 1561/1300/1526
f 1568/1307/1366 1487/1226/1525 1486/1225/1365
f 1572/1311/1527 1577/1316/1379 1576/1315/1528
f 1572/1311/1527 1493/1232/1529 1577/1316/1379
f 1576/1315/1528 1570/1309/1530 1572/1311/1527
f 1576/1315/1528 1574/1313/1530 1570/1309/1530
f 1577/1316/1379 1493/1232/1529 1492/1231/1378
f 1581/1320/1531 1586/1325/1532 1585/1324/1533
f 1581/1320/1531 1484/1223/1360 1586/1325/1532
f 1585/1324/1533 1579/1318/1534 1581/1320/1531
f 1585/1324/1533 1583/1322/1535 1579/1318/1534
f 1586/1325/1532 1484/1223/1360 1587/1326/1359
f 1590/1329/1536 1595/1334/1537 1594/1333/1538
f 1590/1329/1536 1490/1229/1372 1595/1334/1537
f 1594/1333/1538 1588/1327/1539 1590/1329/1536
f 1594/1333/1538 1592/1331/1540 1588/1327/1539
f 1595/1334/1537 1490/1229/1372 1596/1335/1371
f 1599/1338/1541 1607/1346/1346 1606/1345/1542
f 1599/1338/1541 1475/1214/1543 1607/1346/1346
f 1606/1345/1542 1597/1336/1544 1599/1338/1541
f 1606/1345/1542 1604/1343/1544 1597/1336/1544
f 1607/1346/1346 1475/1214/1543 1474/1213/1347
f 1611/1350/1545 1616/1355/1546 1615/1354/1547
f 1611/1350/1545 1472/1211/1343 1616/1355/1546
f 1615/1354/1547 1609/1348/1548 1611/1350/1545
f 1615/1354/1547 1613/1352/1548 1609/1348/1548
f 1616/1355/1546 1472/1211/1343 1617/1356/1342
f 2554/2277/1549 2555/2278/1549 1635/2279/1549
f 1635/2279/1549 2555/2278/1549 1638/2280/1549
f 1637/2280/1550 1636/2279/1550 2556/2278/1550
f 1636/2279/1550 2557/2277/1550 2556/2278/1550
f 1639/2280/1551 2558/2277/1551 2559/2278/1551
f 1639/2280/1551 1641/2279/1551 2558/2277/1551
f 2560/2277/1552 1640/2280/1552 1642/2279/1552
f 2560/2277/1552 2561/2278/1552 1640/2280/1552
f 2562/2281/1142 2563/1814/1142 2564/1814/1142
f 2565/2282/1142 2563/1814/1142 2562/2281/1142
f 1644/1379/160 2566/2283/160 1646/1381/160
f 1644/1379/160 2567/2284/160 2566/2283/160
f 1650/1385/160 2566/2283/160 1648/1383/160
f 2568/2285/1553 1664/2286/1554 2569/2287/1555
f 2569/2287/1555 2570/2288/1556 2568/2285/1553
f 2569/2287/1555 2571/2289/1557 2570/2288/1556
f 2569/2287/1555 1659/2290/1558 2571/2289/1557
f 2569/2287/1555 1664/2286/1554 1659/2290/1558
f 2572/2291/1559 2573/2292/1560 2574/2293/1561
f 2573/2292/1560 2575/2294/1562 2574/2293/1561
f 2576/2295/1563 1663/2296/1564 2577/2297/1565
f 2577/2297/1565 2578/2298/1566 2576/2295/1563
f 2578/2298/1566 2579/2299/1567 2576/2295/1563
f 2578/2298/1566 1673/2300/1568 2580/2301/1569
f 2575/2294/1562 2581/2302/1570 2574/2293/1561
f 2582/2303/1571 2581/2302/1570 2575/2294/1562
f 2581/2302/1570 2583/2304/1572 2574/2293/1561
f 2584/2305/1573 2585/2306/1574 2586/2307/1574
f 2584/2305/1573 2587/2308/1575 2585/2306/1574
f 2584/2305/1573 2588/2309/1142 2587/2308/1575
f 2566/2283/160 2567/2284/160 1648/1383/160
f 2571/2289/1557 1659/2290/1558 1666/2310/1576
f 2571/2289/1557 2589/2311/1577 2570/2288/1556
f 2589/2311/1577 1672/2312/1578 2570/2288/1556
f 2589/2311/1577 1670/2313/1579 1672/2312/1578
f 2580/2301/1569 2579/2299/1567 2578/2298/1566
f 2579/2299/1567 1661/2314/1580 2576/2295/1563
f 2579/2299/1567 1667/2315/1581 1661/2314/1580
f 2583/2304/1572 1669/2316/1582 2574/2293/1561
f 2583/2304/1572 1652/2317/1583 1669/2316/1582
f 1673/2300/1568 1675/2318/1584 2580/2301/1569
f 2590/2319/1142 1655/2320/1142 1654/2321/1142
f 1661/2314/1580 1663/2296/1564 2576/2295/1563
f 2587/2308/1575 2588/2309/1142 2590/2319/1142
f 2588/2309/1142 1655/2320/1142 2590/2319/1142
f 1679/2322/1585 1689/2323/1586 1682/2324/1586
f 1689/2323/1587 1691/2325/1588 1682/2324/1589
f 1687/2322/1590 1692/2325/1590 1690/2323/1591
f 1686/2324/1592 1692/2325/1593 1687/2322/1594
f 1695/2326/1595 2591/2327/1595 1693/2328/1595
f 1695/2326/1595 2592/2329/1595 2591/2327/1595
f 1722/2330/1596 2593/2331/1597 1720/2332/1598
f 1720/2332/1598 1726/1475/1599 1724/2333/1600
f 1710/2334/726 2594/2335/726 1728/2336/726
f 2595/2337/1601 1732/1467/1602 1729/1464/1603
f 1735/2338/1604 1734/2339/1605 2595/2337/1601
f 1734/2339/1605 1732/1467/1602 2595/2337/1601
f 1737/2340/1606 1732/1467/1602 1734/2339/1605
f 1740/1474/1607 1726/1475/1599 2593/2331/1597
f 2593/2331/1597 1726/1475/1599 1720/2332/1598
f 1702/2341/1608 2596/2342/1608 1711/2343/1608
f 2597/2344/726 2594/2335/726 1710/2334/726
f 2596/2342/1608 2598/2345/1608 1711/2343/1608
f 2599/2346/779 2600/2347/780 2601/2348/1609
f 2602/2349/1610 2603/2350/1611 2599/2346/779
f 2602/2349/1610 2604/2351/1612 2603/2350/1611
f 2602/2349/1610 2605/2352/1613 2604/2351/1612
f 2603/2350/1611 2600/2347/780 2599/2346/779
f 2605/2352/1613 2606/2353/1614 2604/2351/1612
f 2605/2352/1613 2607/2354/1615 2606/2353/1614
f 2607/2354/1615 2608/2355/1616 2606/2353/1614
f 2607/2354/1615 2609/2356/772 2608/2355/1616
f 2609/2356/772 2610/2357/773 2608/2355/1616
f 2609/2356/772 2611/2358/774 2610/2357/773
f 2611/2358/774 2612/2359/1617 2610/2357/773
f 2611/2358/774 2613/2360/776 2612/2359/1617
f 2613/2360/776 2614/2361/1618 2612/2359/1617
f 2613/2360/776 2615/2362/1619 2614/2361/1618
f 2615/2362/1619 2616/2363/788 2614/2361/1618
f 2615/2364/1619 2617/2365/787 2616/2366/788
f 2617/2365/787 2618/2367/786 2616/2366/788
f 2617/2365/787 2619/2368/785 2618/2367/786
f 2619/2368/785 2620/2369/1620 2618/2367/786
f 2619/2368/785 2621/2370/1621 2620/2369/1620
f 2621/2370/1621 2622/2371/1622 2620/2369/1620
f 2621/2370/1621 2601/2348/1609 2622/2371/1622
f 2601/2348/1609 2600/2347/780 2622/2371/1622
f 1753/2372/814 2623/2373/815 1755/2374/816
f 1742/2375/817 2624/2376/818 1753/2372/814
f 1742/2375/817 2625/2377/819 2624/2376/818
f 1744/2378/820 2625/2377/819 1742/2375/817
f 1744/2378/820 2626/2379/821 2625/2377/819
f 1746/2380/822 2626/2379/821 1744/2378/820
f 1746/2380/822 2627/2381/823 2626/2379/821
f 1748/2382/824 2627/2381/823 1746/2380/822
f 1748/2382/824 2628/2383/825 2627/2381/823
f 1750/2384/826 2628/2383/825 1748/2382/824
f 1750/2384/826 2629/2385/827 2628/2383/825
f 1752/2386/1623 2629/2385/827 1750/2384/826
f 1752/2386/1623 2630/2387/829 2629/2385/827
f 1763/2388/830 2630/2387/829 1752/2386/1623
f 1763/2388/830 2631/2389/831 2630/2387/829
f 1761/2390/832 2631/2389/831 1763/2388/830
f 1761/2390/832 2632/2391/833 2631/2389/831
f 1759/2392/1624 2632/2391/833 1761/2390/832
f 1759/2392/1624 2633/2393/835 2632/2391/833
f 1757/2394/836 2633/2393/835 1759/2392/1624
f 1757/2394/836 2634/2395/837 2633/2393/835
f 1755/2374/816 2634/2395/837 1757/2394/836
f 1755/2374/816 2623/2373/815 2634/2395/837
f 2624/2376/818 2623/2373/815 1753/2372/814
f 2635/2396/779 1767/2397/780 2636/2398/1625
f 2637/2399/1626 1765/2400/1611 2635/2396/779
f 2637/2399/1626 1768/2401/1612 1765/2400/1611
f 2637/2399/1626 2638/2402/1613 1768/2401/1612
f 1765/2400/1611 1767/2397/780 2635/2396/779
f 2638/2402/1613 1770/2403/1614 1768/2401/1612
f 2638/2402/1613 2639/2404/770 1770/2403/1614
f 2639/2404/770 1772/2405/1627 1770/2403/1614
f 2639/2404/770 2640/2406/1628 1772/2405/1627
f 2640/2406/1628 1775/2407/1629 1772/2405/1627
f 2640/2406/1628 2641/2408/774 1775/2407/1629
f 2641/2408/774 1777/2409/1617 1775/2407/1629
f 2641/2408/774 2642/2410/1630 1777/2409/1617
f 2642/2410/1630 1779/2411/1631 1777/2409/1617
f 2642/2410/1630 2643/2412/1632 1779/2411/1631
f 2643/2412/1632 1781/2413/1633 1779/2411/1631
f 2643/2414/1632 2644/2415/787 1781/2416/1633
f 2644/2415/787 1783/2417/1634 1781/2416/1633
f 2644/2415/787 2645/2418/1635 1783/2417/1634
f 2645/2418/1635 1784/2419/1620 1783/2417/1634
f 2645/2418/1635 2646/2420/1636 1784/2419/1620
f 2646/2420/1636 1786/2421/782 1784/2419/1620
f 2646/2420/1636 2636/2398/1625 1786/2421/782
f 2636/2398/1625 1767/2397/780 1786/2421/782
f 1773/2422/1613 1792/2423/767 1771/2424/1637
f 1773/2422/1613 1795/2425/769 1792/2423/767
f 1774/2426/770 1795/2425/769 1773/2422/1613
f 1774/2426/770 1797/2427/1616 1795/2425/769
f 1776/2428/772 1797/2427/1616 1774/2426/770
f 1776/2428/772 1799/2429/773 1797/2427/1616
f 1778/2430/774 1799/2429/773 1776/2428/772
f 1778/2430/774 1801/2431/775 1799/2429/773
f 1780/2432/776 1801/2431/775 1778/2430/774
f 1780/2432/776 1803/2433/1631 1801/2431/775
f 1771/2424/1637 1789/2434/1611 1769/2435/779
f 1771/2424/1637 1792/2423/767 1789/2434/1611
f 1769/2435/779 1791/2436/780 1766/2437/1638
f 1766/2437/1638 1811/2438/782 1788/2439/1636
f 1766/2437/1638 1791/2436/780 1811/2438/782
f 1788/2439/1636 1809/2440/1639 1787/2441/785
f 1788/2439/1636 1811/2438/782 1809/2440/1639
f 1787/2441/785 1807/2442/786 1785/2443/787
f 1787/2441/785 1809/2440/1639 1807/2442/786
f 1785/2443/787 1805/2444/1633 1782/2445/789
f 1785/2443/787 1807/2442/786 1805/2444/1633
f 1782/2446/789 1803/2433/1631 1780/2432/776
f 1782/2446/789 1805/2447/1633 1803/2433/1631
f 1789/2434/1611 1791/2436/780 1769/2435/779
f 1815/1553/1640 2647/2448/1641 1813/1551/1642
f 1815/1553/1640 2648/2449/1643 2647/2448/1641
f 1813/1551/1642 2649/2450/1644 1816/1554/1645
f 1813/1551/1642 2647/2448/1641 2649/2450/1644
f 1818/1556/1646 2650/2451/1647 1819/1557/1648
f 1819/1557/1648 2651/2452/1649 1817/1555/1650
f 1819/1557/1648 2650/2451/1647 2651/2452/1649
f 1817/1555/1650 2652/2453/1651 1815/1553/1640
f 1817/1555/1650 2651/2452/1649 2652/2453/1651
f 1816/1554/1645 2650/2451/1647 1818/1556/1646
f 1816/1554/1645 2649/2450/1644 2650/2451/1647
f 2653/2454/1652 2652/2453/1651 2654/2455/1653
f 2653/2454/1652 2648/2449/1643 2652/2453/1651
f 2654/2455/1653 2651/2452/1649 2655/2456/1654
f 2655/2456/1654 2649/2450/1644 2656/2457/1655
f 2656/2457/1655 2647/2448/1641 2657/2458/1656
f 2657/2458/1656 2648/2449/1643 2658/2459/1657
f 2658/2459/1657 2648/2449/1643 2653/2454/1652
f 2652/2453/1651 2651/2452/1649 2654/2455/1653
f 2652/2453/1651 2648/2449/1643 1815/1553/1640
f 2651/2452/1649 2650/2451/1647 2655/2456/1654
f 2650/2451/1647 2649/2450/1644 2655/2456/1654
f 2649/2450/1644 2647/2448/1641 2656/2457/1655
f 2647/2448/1641 2648/2449/1643 2657/2458/1656
f 1820/1558/1658 2659/2460/1659 1821/1559/1660
f 1823/1561/1661 2660/2461/1662 1820/1558/1658
f 1821/1559/1660 2659/2460/1659 1825/1563/1663
f 1825/1563/1663 2661/2462/1664 1826/1564/1665
f 1826/1564/1665 2662/2463/1666 1824/1562/1667
f 1824/1562/1667 2663/2464/1668 1823/1561/1661
f 1824/1562/1667 2664/2465/1669 2663/2464/1668
f 1837/2466/1670 2664/2465/1669 1835/2467/1671
f 1838/2468/1672 2663/2464/1668 1837/2466/1670
f 1838/2468/1672 2660/2461/1662 2663/2464/1668
f 1839/2469/1673 2660/2461/1662 1838/2468/1672
f 1839/2469/1673 2659/2460/1659 2660/2461/1662
f 1839/2469/1673 2661/2462/1664 2659/2460/1659
f 1840/2470/1674 2661/2462/1664 1839/2469/1673
f 1840/2470/1674 2662/2463/1666 2661/2462/1664
f 1843/2471/1675 2662/2463/1666 1840/2470/1674
f 1843/2471/1675 2664/2465/1669 2662/2463/1666
f 1835/2467/1671 2664/2465/1669 1843/2471/1675
f 2663/2464/1668 2660/2461/1662 1823/1561/1661
f 2663/2464/1668 2664/2465/1669 1837/2466/1670
f 2660/2461/1662 2659/2460/1659 1820/1558/1658
f 2659/2460/1659 2661/2462/1664 1825/1563/1663
f 2661/2462/1664 2662/2463/1666 1826/1564/1665
f 2662/2463/1666 2664/2465/1669 1824/1562/1667
f 1852/1601/1676 1857/1606/1677 1850/1599/1678
f 1852/1601/1676 1855/1604/1679 1857/1606/1677
f 1857/1606/1677 1875/1624/1680 1850/1599/1678
f 1860/1609/1681 1856/1605/1682 1863/1612/1683
f 1860/1609/1681 1859/1608/1684 1856/1605/1682
f 1863/1612/1683 1856/1605/1682 1874/1623/1685
f 1866/1615/1686 2665/2472/1687 1868/1617/1688
f 1866/1615/1686 1865/1614/1689 2665/2472/1687
f 1868/1617/1688 2665/2472/1687 2666/2473/1690
f 1871/1620/895 2667/2474/896 2668/2475/897
f 1854/2476/898 1851/2477/899 1869/1618/900
f 1851/2477/899 1872/1621/1691 1869/1618/900
f 1851/2477/899 1853/2478/1692 1872/1621/1691
f 1870/1619/1693 2667/2474/896 1871/1620/895
f 1870/1619/1693 1873/1622/904 2667/2474/896
f 1859/1608/1684 1876/1625/1694 1856/1605/1682
f 1875/1624/1680 1877/1626/1695 1850/1599/1678
f 1853/2478/1692 1878/1627/1696 1872/1621/1691
f 1873/1622/904 2669/2479/906 2667/2474/896
f 1865/1614/1689 2670/2480/1697 2665/2472/1687
f 2671/2481/1698 1897/2482/1699 1880/2483/1699
f 1888/2484/1700 2672/2485/1700 1887/2486/1700
f 1893/2487/1701 1896/2488/1701 1892/2489/1701
f 1893/2487/1702 2672/2485/1702 1896/2488/1702
f 1894/2490/1703 1897/2482/1703 1899/2491/1703
f 1894/2490/1703 1896/2488/1703 1897/2482/1703
f 1897/2482/1699 1904/2492/1699 1880/2483/1699
f 1904/2492/1700 2672/2485/1700 1888/2484/1700
f 1918/2493/1704 2673/2494/1705 2674/2495/1706
f 1922/2496/1707 2675/2497/1707 2676/2498/1707
f 1922/2496/1707 1924/2499/1707 2675/2497/1707
f 1916/2500/1708 2673/2494/1705 1918/2493/1704
f 2677/2501/1709 2673/2494/1705 1921/2502/1710
f 1921/2502/1710 2673/2494/1705 1916/2500/1708
f 2678/2503/1711 2679/2504/1712 2680/2505/1713
f 2681/2506/1714 2682/2507/1715 2678/2503/1711
f 2681/2506/1714 2683/2508/1716 2682/2507/1715
f 2684/2509/1717 2683/2508/1716 2681/2506/1714
f 2684/2509/1717 2685/2510/1718 2683/2508/1716
f 2684/2509/1717 1928/2511/1719 2685/2510/1718
f 2686/2512/1720 1928/2511/1719 2684/2509/1717
f 1927/2513/1721 1928/2511/1719 2686/2512/1720
f 2682/2507/1715 2679/2504/1712 2678/2503/1711
f 2685/2510/1718 1928/2511/1719 2687/2514/1722
f 1932/2515/1723 2680/2505/1713 1930/2516/1723
f 2680/2505/1713 2679/2504/1712 1930/2516/1723
f 1928/2511/1719 1933/2517/1724 2687/2514/1722
f 2688/1810/1725 2689/2518/1726 2690/2519/1727
f 2690/2519/1727 2691/1811/410 2688/1810/1725
f 2690/2519/1727 2692/2520/1728 2691/1811/410
f 2690/2519/1727 2693/2521/1729 2692/2520/1728
f 2691/1811/410 2694/2522/1730 2688/1810/1725
f 2692/2520/1728 2695/2523/1731 2691/1811/410
f 2692/2520/1728 2696/2524/1732 2695/2523/1731
f 2695/2523/1731 2697/1816/1733 2691/1811/410
f 2695/2523/1731 2698/1817/1734 2697/1816/1733
f 2697/1816/1733 2699/2525/1735 2691/1811/410
f 2697/1816/1733 2700/2526/1736 2699/2525/1735
f 2699/2525/1735 2701/2527/1737 2691/1811/410
f 2699/2525/1735 2702/2528/1738 2701/2527/1737
f 2701/2527/1737 2694/2522/1730 2691/1811/410
f 2701/2527/1737 2703/2529/1739 2694/2522/1730
f 2694/2522/1730 2704/1812/1740 2688/1810/1725
f 2694/2522/1730 2703/2529/1739 2704/1812/1740
f 2705/2530/1741 2703/2531/1739 2706/2532/1742
f 2707/2533/1743 2704/2534/1740 2705/2530/1741
f 2707/2533/1743 2689/2535/1726 2704/2534/1740
f 2707/2533/1743 2708/2536/1744 2689/2535/1726
f 2704/1812/1740 2689/2518/1726 2688/1810/1725
f 2704/2534/1740 2703/2531/1739 2705/2530/1741
f 2689/2518/1726 2693/2521/1729 2690/2519/1727
f 2708/2536/1744 2693/2537/1729 2689/2535/1726
f 2708/2536/1744 2709/2538/1745 2693/2537/1729
f 2693/2521/1729 2696/2524/1732 2692/2520/1728
f 2709/2538/1745 2696/2539/1732 2693/2537/1729
f 2709/2538/1745 2710/2540/1746 2696/2539/1732
f 2696/2524/1732 2698/1817/1734 2695/2523/1731
f 2710/2540/1746 2698/2541/1734 2696/2539/1732
f 2710/2542/1746 2711/2543/1747 2698/2544/1734
f 2698/1817/1734 2700/2526/1736 2697/1816/1733
f 2711/2543/1747 2700/2545/1736 2698/2544/1734
f 2711/2543/1747 2712/2546/1748 2700/2545/1736
f 2700/2526/1736 2702/2528/1738 2699/2525/1735
f 2712/2546/1748 2702/2547/1738 2700/2545/1736
f 2712/2546/1748 2706/2532/1742 2702/2547/1738
f 2702/2528/1738 2703/2529/1739 2701/2527/1737
f 2706/2532/1742 2703/2531/1739 2702/2547/1738
f 2713/1813/1725 2714/2282/1726 2715/2281/1727
f 2715/2281/1727 2716/1814/410 2713/1813/1725
f 2715/2281/1727 2717/2548/1728 2716/1814/410
f 2715/2281/1727 2718/2549/1729 2717/2548/1728
f 2716/1814/410 2719/2550/1730 2713/1813/1725
f 2717/2548/1728 2720/2551/1731 2716/1814/410
f 2717/2548/1728 2721/2552/1732 2720/2551/1731
f 2720/2551/1731 2722/2553/1733 2716/1814/410
f 2720/2551/1731 2723/2554/1749 2722/2553/1733
f 2722/2553/1733 2724/2555/1735 2716/1814/410
f 2722/2553/1733 2725/2556/1736 2724/2555/1735
f 2724/2555/1735 2726/1818/1737 2716/1814/410
f 2724/2555/1735 2727/1819/1738 2726/1818/1737
f 2726/1818/1737 2719/2550/1730 2716/1814/410
f 2726/1818/1737 2728/2557/1739 2719/2550/1730
f 2719/2550/1730 2729/1815/1740 2713/1813/1725
f 2719/2550/1730 2728/2557/1739 2729/1815/1740
f 2730/2558/1750 2728/2559/1739 2731/2560/1751
f 2732/2561/1752 2729/2562/1740 2730/2558/1750
f 2732/2561/1752 2714/2563/1726 2729/2562/1740
f 2732/2561/1752 2733/2564/1753 2714/2563/1726
f 2729/1815/1740 2714/2282/1726 2713/1813/1725
f 2729/2562/1740 2728/2559/1739 2730/2558/1750
f 2714/2282/1726 2718/2549/1729 2715/2281/1727
f 2733/2564/1753 2718/2565/1729 2714/2563/1726
f 2733/2564/1753 2734/2566/1754 2718/2565/1729
f 2718/2549/1729 2721/2552/1732 2717/2548/1728
f 2734/2566/1754 2721/2567/1732 2718/2565/1729
f 2734/2566/1754 2735/2568/1755 2721/2567/1732
f 2721/2552/1732 2723/2554/1749 2720/2551/1731
f 2735/2568/1755 2723/2569/1749 2721/2567/1732
f 2735/2570/1755 2736/2571/1747 2723/2572/1749
f 2723/2554/1749 2725/2556/1736 2722/2553/1733
f 2736/2571/1747 2725/2573/1736 2723/2572/1749
f 2736/2571/1747 2737/2574/1756 2725/2573/1736
f 2725/2556/1736 2727/1819/1738 2724/2555/1735
f 2737/2574/1756 2727/2575/1738 2725/2573/1736
f 2737/2574/1756 2731/2560/1751 2727/2575/1738
f 2727/1819/1738 2728/2557/1739 2726/1818/1737
f 2731/2560/1751 2728/2559/1739 2727/2575/1738
f 2738/2576/1757 2739/2577/1757 2740/2578/1758
f 2738/2576/1757 2741/2579/1759 2739/2577/1757
f 2738/2576/1757 2742/2580/1760 2741/2579/1759
f 2739/2577/1757 2743/2581/1761 2740/2578/1758
f 2742/2580/1760 2744/2582/1762 2741/2579/1759
f 2742/2580/1760 1935/1684/1763 2744/2582/1762
f 1935/1684/1763 1937/1686/1764 2744/2582/1762
f 1936/2583/1765 2745/2584/1766 1938/2585/1767
f 2746/2586/1768 2747/2587/1769 2748/2588/1770
f 2746/2586/1768 2749/2589/1771 2747/2587/1769
f 2746/2586/1768 2750/2590/1772 2749/2589/1771
f 2747/2587/1769 2751/2591/1773 2748/2588/1770
f 2747/2587/1769 2752/2592/1773 2751/2591/1773
f 2750/2590/1772 2753/2593/1774 2749/2589/1771
f 2750/2590/1772 1939/1688/1775 2753/2593/1774
f 2750/2590/1772 1942/1691/1776 1939/1688/1775
f 2743/2581/1777 2754/2594/1777 2740/2578/1758
f 2755/2595/1778 2745/2584/1766 1936/2583/1765
f 1941/2596/1779 2745/2584/1766 2755/2595/1778
f 1940/2597/1780 2745/2584/1766 1941/2596/1779
f 1948/2598/1781 2756/2599/1781 2757/2600/1781
f 1948/2598/1782 1949/2601/1782 2756/2599/1782
f 2758/2602/1783 1959/1708/1784 2759/2603/1785
f 2760/2604/1786 1957/1706/1787 2758/2602/1783
f 2760/2604/1786 1960/1709/1788 1957/1706/1787
f 2760/2604/1786 2761/2605/1789 1960/1709/1788
f 1957/1706/1787 1959/1708/1784 2758/2602/1783
f 2759/2603/1785 1961/1710/1790 2762/2606/1791
f 1959/1708/1784 1961/1710/1790 2759/2603/1785
f 2762/2606/1791 1962/1711/1792 2763/2607/1793
f 1961/1710/1790 1962/1711/1792 2762/2606/1791
f 2763/2607/1793 1963/1712/1794 2764/2608/1795
f 1962/1711/1792 1963/1712/1794 2763/2607/1793
f 2764/2608/1795 1964/1713/1796 2765/2609/1797
f 1963/1712/1794 1964/1713/1796 2764/2608/1795
f 2765/2609/1797 1965/1714/1798 2766/2610/1799
f 1964/1713/1796 1965/1714/1798 2765/2609/1797
f 2766/2610/1799 1966/1715/1800 2767/2611/1801
f 1965/1714/1798 1966/1715/1800 2766/2610/1799
f 2767/2611/1801 1967/1716/1802 2768/2612/1803
f 1966/1715/1800 1967/1716/1802 2767/2611/1801
f 2768/2612/1803 1968/1717/1804 2769/2613/1805
f 1967/1716/1802 1968/1717/1804 2768/2612/1803
f 2769/2613/1805 1969/1718/1806 2761/2605/1789
f 1968/1717/1804 1969/1718/1806 2769/2613/1805
f 2761/2605/1789 1969/1718/1806 1960/1709/1788
f 2770/2614/410 2771/2615/410 2772/2616/410
f 2773/2617/410 2774/2618/410 2770/2614/410
f 2774/2618/410 2771/2615/410 2770/2614/410
f 2775/2619/409 2776/2615/409 2777/2620/409
f 2778/2617/409 2779/2618/409 2775/2619/409
f 2779/2618/409 2776/2615/409 2775/2619/409
f 2006/1740/1807 2780/2621/1808 2004/2622/1807
f 2006/1740/1807 2781/2623/1808 2780/2621/1808
f 2780/2621/1808 2008/1742/1809 2010/2624/1809
f 2781/2623/1808 2008/1742/1809 2780/2621/1808
f 2016/1750/1810 2782/2625/1811 2018/2626/1810
f 2783/2627/1811 2782/2625/1811 2016/1750/1810
f 2015/1749/1812 2782/2625/1811 2783/2627/1811
f 2015/1749/1812 2019/2628/1812 2782/2625/1811
f 2022/1756/1813 2023/1757/1814 2784/2629/1815
f 2784/2629/1815 2028/1762/1816 2024/1758/1817
f 2784/2629/1815 2785/2630/1818 2028/1762/1816
f 2784/2629/1815 2023/1757/1814 2785/2630/1818
f 2027/1761/1819 2786/2631/1820 2032/1766/1821
f 2028/1762/1816 2787/2632/1822 2027/1761/1819
f 2028/1762/1816 2785/2630/1818 2787/2632/1822
f 2787/2632/1822 2786/2631/1820 2027/1761/1819
f 2785/2630/1818 2023/1757/1814 2787/2632/1822
f 2023/1757/1814 2029/1763/1823 2787/2632/1822
f 2029/1763/1823 2786/2631/1820 2787/2632/1822
f 2029/1763/1823 2031/1765/1824 2786/2631/1820
f 2788/2633/1825 2789/2634/1826 2790/2635/1827
f 2788/2633/1825 2791/2636/1828 2789/2634/1826
f 2790/2635/1827 2792/2637/1829 2788/2633/1825
f 2790/2635/1827 2793/2638/1830 2792/2637/1829
f 2790/2635/1827 2794/2639/1831 2793/2638/1830
f 2790/2635/1827 2795/2640/1832 2794/2639/1831
f 2790/2635/1827 2796/2641/1833 2795/2640/1832
f 2790/2635/1827 2797/2642/1834 2796/2641/1833
f 2790/2635/1827 2798/2643/1835 2797/2642/1834
f 2792/2637/1836 2799/2644/1837 2788/2633/1825
f 2793/2638/1830 2799/2644/1837 2792/2637/1836
f 2793/2638/1830 2800/2645/1838 2799/2644/1837
f 2789/2634/1826 2801/2646/1839 2790/2635/1827
f 2789/2634/1826 2802/2647/1840 2801/2646/1839
f 2789/2634/1826 2803/2648/1841 2802/2647/1840
f 2801/2646/1839 2798/2643/1835 2790/2635/1827
f 2801/2646/1839 2802/2647/1840 2798/2643/1835
f 2794/2639/1831 2800/2645/1838 2793/2638/1830
f 2794/2639/1831 2804/2649/1842 2800/2645/1838
f 2795/2640/1832 2805/2650/1843 2794/2639/1831
f 2799/2644/1837 2791/2636/1828 2788/2633/1825
f 2796/2641/1833 2806/2651/1844 2807/2652/1845
f 2796/2641/1833 2805/2650/1843 2795/2640/1832
f 2797/2642/1834 2806/2651/1844 2796/2641/1833
f 2798/2643/1835 2806/2651/1844 2797/2642/1834
f 2798/2643/1835 2808/2653/1846 2806/2651/1844
f 2798/2643/1835 2802/2647/1840 2808/2653/1846
f 2791/2636/1828 2803/2648/1841 2789/2634/1826
f 2807/2652/1845 2805/2650/1843 2796/2641/1833
f 2805/2650/1843 2804/2649/1842 2794/2639/1831
f 2809/2654/1847 2810/2655/1848 2811/2656/1847
f 2812/2657/1849 2813/2658/1850 2809/2654/1849
f 2812/2657/1849 2814/2659/1851 2813/2658/1852
f 2812/2657/1853 2815/2660/1853 2814/2659/1854
f 2813/2658/1855 2810/2655/1856 2809/2654/1857
f 2813/2661/1855 2816/2662/1858 2810/2663/1856
f 2813/2661/1855 2817/2664/1859 2816/2662/1858
f 2814/2665/1851 2817/2664/1859 2813/2661/1852
f 2814/2665/1851 2818/2666/1860 2817/2664/1859
f 2815/2660/1853 2819/2667/1861 2814/2659/1862
f 2815/2668/1863 2820/2669/1863 2819/2670/1864
f 2819/2671/1861 2818/2666/1860 2814/2665/1862
f 2819/2671/1861 2821/2672/1865 2818/2666/1860
f 2820/2669/1863 2822/2673/1866 2819/2670/1864
f 2820/2669/1867 2811/2656/1867 2822/2673/1868
f 2822/2674/1866 2821/2672/1865 2819/2671/1864
f 2811/2656/1869 2810/2655/1870 2822/2673/1868
f 2810/2663/1870 2823/2675/1871 2822/2674/1868
f 2810/2663/1870 2816/2662/1858 2823/2675/1871
f 2823/2675/1871 2821/2672/1865 2822/2674/1866
f 2816/2662/1858 2824/2676/1872 2823/2675/1871
f 2816/2662/1858 2817/2664/1859 2824/2676/1872
f 2824/2676/1872 2821/2672/1865 2823/2675/1871
f 2817/2664/1859 2818/2666/1860 2824/2676/1872
f 2818/2666/1860 2821/2672/1865 2824/2676/1872
f 2825/2677/1873 2826/2678/1874 2827/2679/1875
f 2827/2679/1876 2828/2680/1877 2829/2681/1878
f 2827/2679/1875 2826/2678/1874 2828/2680/1879
f 2829/2681/1878 2830/2682/410 2827/2679/1876
f 2829/2681/1878 2831/2683/410 2830/2682/410
f 2831/2683/410 2832/2684/410 2830/2682/410
f 2833/2685/1880 2834/2686/1881 2835/2687/1882
f 2833/2685/1880 2836/2688/410 2834/2686/1881
f 2837/2689/1883 2834/2686/1881 2838/2690/1884
f 2834/2686/1881 2839/2691/410 2838/2690/1884
f 2834/2686/1881 2840/2692/410 2839/2691/410
f 2834/2686/1881 2836/2688/410 2840/2692/410
f 2841/2693/410 2056/1798/410 2842/2694/410
f 2841/2693/410 2054/1796/410 2056/1798/410
f 2057/1799/409 2843/2695/409 2055/1797/409
f 2057/1799/409 2844/2696/409 2843/2695/409
f 2845/2697/487 2846/2698/487 2058/1800/487
f 2060/1802/1142 2059/1801/1142 2847/2699/1142
f 2058/1800/487 2846/2698/487 2061/1803/487
f 2059/1801/1142 2848/2700/1142 2847/2699/1142
f 2849/2701/410 2850/2702/410 2851/2703/410
f 2849/2701/410 2852/2704/410 2850/2702/410
f 2850/2702/410 2853/2705/410 2851/2703/410
f 2852/2704/410 2854/2706/410 2850/2702/410
f 2854/2706/410 2855/2707/410 2850/2702/410
f 2855/2707/410 2856/2708/410 2850/2702/410
f 2856/2708/410 2857/2709/410 2850/2702/410
f 2857/2709/410 2853/2705/410 2850/2702/410
f 2858/2710/1885 2859/2711/1886 2860/2712/1887
f 2860/2712/1887 2861/2713/1888 2858/2710/1885
f 2860/2712/1887 2859/2711/1886 2862/2714/1889
f 2859/2711/1886 2863/2715/1890 2862/2714/1889
f 2864/2716/1891 2865/2717/1892 2866/2718/1893
f 2866/2718/1893 2867/2719/1894 2864/2716/1891
f 2866/2718/1893 2865/2717/1892 2868/2720/1895
f 2865/2717/1892 2869/2721/1896 2868/2720/1895
f 2870/2722/1897 2871/2723/1898 2872/2724/1899
f 2872/2724/1899 2873/2725/1900 2870/2722/1897
f 2872/2724/1899 2871/2723/1898 2874/2726/1901
f 2871/2723/1898 2875/2727/1902 2874/2726/1901
f 2876/2728/1903 2877/2729/1904 2878/2730/1905
f 2878/2730/1905 2879/2731/1906 2876/2728/1903
f 2878/2730/1905 2877/2729/1904 2880/2732/1907
f 2877/2729/1904 2881/2733/1908 2880/2732/1907
f 2882/2734/1909 2883/2735/1910 2884/2736/1911
f 2884/2736/1911 2885/2737/1912 2882/2734/1909
f 2884/2736/1911 2883/2735/1910 2886/2738/1913
f 2883/2735/1910 2887/2739/1914 2886/2738/1913
f 2888/2740/1915 2889/2741/1916 2890/2742/1917
f 2890/2742/1917 2891/2743/1918 2888/2740/1915
f 2890/2742/1917 2889/2741/1916 2892/2744/1919
f 2889/2741/1916 2893/2745/1920 2892/2744/1919
f 2894/2746/1921 2895/2747/1922 2896/2748/1923
f 2896/2748/1923 2897/2749/1924 2894/2746/1921
f 2896/2748/1923 2895/2747/1922 2898/2750/1925
f 2895/2747/1922 2899/2751/1926 2898/2750/1925
f 2900/2523/161 2901/1811/161 2902/1811/161
f 2903/2524/161 2901/1811/161 2900/2523/161
f 2904/2551/161 2905/1814/161 2906/1814/161
f 2907/2552/161 2905/1814/161 2904/2551/161
f 2908/2553/1927 2909/1814/981 2910/1814/981
f 2911/2554/1928 2909/1814/981 2908/2553/1927
f 2912/2520/1929 2913/1811/1929 2914/1811/1929
f 2915/2521/1929 2913/1811/1929 2912/2520/1929
f 2916/2548/1930 2917/1814/1929 2918/1814/1929
f 2919/2549/1931 2917/1814/1929 2916/2548/1930
f 2920/2525/487 2921/1811/487 2922/1811/487
f 2923/2526/487 2921/1811/487 2920/2525/487
f 2924/2555/487 2925/1814/487 2926/1814/487
f 2927/2556/487 2925/1814/487 2924/2555/487
f 2928/2527/1932 2929/1811/1932 2930/1811/1932
f 2931/2528/1932 2929/1811/1932 2928/2527/1932
f 2932/2522/160 2933/1811/160 2934/1811/160
f 2935/2529/160 2933/1811/160 2932/2522/160
f 2936/2550/160 2937/1814/160 2938/1814/160
f 2939/2557/160 2937/1814/160 2936/2550/160
f 2940/2519/1142 2941/1811/1142 2942/1811/1142
f 2943/2518/1142 2941/1811/1142 2940/2519/1142
f 2944/2752/1933 2945/2753/1934 2946/2754/1935
f 2945/2753/1934 2947/2755/1936 2946/2754/1935
f 2948/2756/1937 2086/2757/1938 2949/2758/1939
f 2949/2758/1939 2950/2759/1940 2948/2756/1937
f 2949/2758/1939 2951/2760/1941 2950/2759/1940
f 2951/2760/1941 2952/2761/1942 2950/2759/1940
f 2951/2760/1941 2953/2762/1943 2952/2761/1942
f 2953/2762/1943 2954/2763/1944 2952/2761/1942
f 2954/2763/1944 2955/2764/1945 2952/2761/1942
f 2086/2757/1946 2085/2765/1946 2949/2758/1947
f 2956/2766/1948 2957/2767/1948 2958/2768/1949
f 2956/2766/1948 2959/2769/1950 2957/2767/1948
f 2956/2766/1948 2960/2770/1951 2959/2769/1950
f 2957/2767/1948 2961/2771/1952 2958/2768/1949
f 2960/2770/1951 2962/2772/1953 2959/2769/1950
f 2960/2770/1951 2088/1824/1954 2962/2772/1953
f 2088/1824/1954 2090/1826/1955 2962/2772/1953
f 2089/2773/1956 2963/2774/1957 2091/2775/1958
f 2964/2776/1959 2965/2777/1960 2966/2778/1961
f 2964/2776/1959 2967/2779/1962 2965/2777/1960
f 2964/2776/1959 2968/2780/1963 2967/2779/1962
f 2965/2777/1960 2969/2781/1964 2966/2778/1961
f 2965/2777/1960 2970/2782/1964 2969/2781/1964
f 2968/2780/1963 2971/2783/1965 2967/2779/1962
f 2968/2780/1963 2092/1828/1966 2971/2783/1965
f 2968/2780/1963 2095/1831/1967 2092/1828/1966
f 2961/2771/1952 2972/2784/1952 2958/2768/1968
f 2973/2785/1969 2963/2774/1957 2089/2773/1956
f 2094/2786/1970 2963/2774/1957 2973/2785/1969
f 2093/2787/1971 2963/2774/1957 2094/2786/1970
f 2096/1832/1972 2974/2788/1973 2097/1833/1974
f 2099/1835/1975 2975/2789/1976 2096/1832/1972
f 2097/1833/1974 2974/2788/1973 2101/1837/1977
f 2101/1837/1977 2976/2790/1978 2102/1838/1979
f 2102/1838/1979 2977/2791/1980 2100/1836/1981
f 2100/1836/1981 2978/2792/1982 2099/1835/1975
f 2100/1836/1981 2979/2793/1983 2978/2792/1982
f 2113/2794/1984 2979/2793/1983 2111/2795/1985
f 2114/2796/1986 2978/2792/1982 2113/2794/1984
f 2114/2796/1986 2975/2789/1976 2978/2792/1982
f 2115/2797/1987 2975/2789/1976 2114/2796/1986
f 2115/2797/1987 2974/2788/1973 2975/2789/1976
f 2115/2797/1987 2976/2790/1978 2974/2788/1973
f 2116/2798/1988 2976/2790/1978 2115/2797/1987
f 2116/2798/1988 2977/2791/1980 2976/2790/1978
f 2119/2799/1989 2977/2791/1980 2116/2798/1988
f 2119/2799/1989 2979/2793/1983 2977/2791/1980
f 2111/2795/1985 2979/2793/1983 2119/2799/1989
f 2978/2792/1982 2975/2789/1976 2099/1835/1975
f 2978/2792/1982 2979/2793/1983 2113/2794/1984
f 2975/2789/1976 2974/2788/1973 2096/1832/1972
f 2974/2788/1973 2976/2790/1978 2101/1837/1977
f 2976/2790/1978 2977/2791/1980 2102/1838/1979
f 2977/2791/1980 2979/2793/1983 2100/1836/1981
f 2128/1875/1990 2980/2800/1990 2126/1873/1990
f 2128/1875/1990 2131/1878/1990 2980/2800/1990
f 2980/2800/1990 2136/1883/1990 2126/1873/1990
f 2980/2800/1990 2131/1878/1990 2132/1879/1990
f 2981/2801/1991 2982/2802/1992 2983/2803/1993
f 2981/2801/1991 2984/2804/1994 2985/2805/1995
f 2981/2801/1991 2986/2806/1996 2984/2804/1994
f 2983/2803/1993 2987/2807/1997 2981/2801/1991
f 2983/2803/1993 2988/2808/1998 2987/2807/1997
f 2983/2809/1993 2138/2810/1999 2988/2811/1998
f 2983/2809/1993 2143/2812/2000 2138/2810/1999
f 2987/2807/1997 2986/2806/1996 2981/2801/1991
f 2988/2808/1998 2989/2813/2001 2987/2807/1997
f 2988/2811/1998 2139/2814/2002 2989/2815/2001
f 2989/2813/2001 2990/2816/2003 2987/2807/1997
f 2989/2813/2001 2991/2817/2004 2990/2816/2005
f 2989/2815/2001 2141/2818/2006 2992/2819/2007
f 2992/2820/2007 2991/2817/2004 2989/2813/2001
f 2992/2820/2007 2993/2821/2008 2991/2817/2004
f 2992/2822/2007 2142/2823/2009 2993/2824/2008
f 2991/2817/2004 2993/2821/2008 2994/2825/2010
f 2994/2825/2010 2982/2826/1992 2985/2827/1995
f 2994/2825/2010 2995/2828/2011 2991/2817/2004
f 2993/2821/2008 2982/2826/1992 2994/2825/2010
f 2993/2824/2008 2143/2812/2000 2982/2829/1992
f 2985/2805/1995 2982/2802/1992 2981/2801/1991
f 2985/2827/1995 2996/2830/2012 2994/2825/2010
f 2985/2827/1995 2997/2831/2013 2996/2830/2012
f 2982/2829/1992 2143/2812/2000 2983/2809/1993
f 2984/2804/1994 2997/2832/2013 2985/2805/1995
f 2996/2830/2012 2995/2828/2011 2994/2825/2010
f 2132/1879/1990 2134/1881/1990 2980/2800/1990
f 2134/1881/1990 2136/1883/1990 2980/2800/1990
f 2138/2810/1999 2139/2814/2002 2988/2811/1998
f 2139/2814/2002 2140/2833/2014 2989/2815/2001
f 2140/2833/2014 2141/2818/2006 2989/2815/2001
f 2141/2834/2006 2142/2823/2009 2992/2822/2007
f 2142/2823/2009 2143/2812/2000 2993/2824/2008
f 2145/1892/2015 2998/2835/2016 975/762/160
f 975/762/160 2998/2835/2016 976/763/2017
f 2144/1891/2018 2998/2835/2016 2145/1892/2015
f 977/764/161 2999/2836/2019 2147/1894/2020
f 2146/1893/2021 3000/2837/2022 2144/1891/2018
f 2147/1894/2020 2999/2836/2019 2146/1893/2021
f 976/763/2017 2998/2835/2016 979/766/2023
f 978/765/2024 2999/2836/2019 977/764/161
f 979/766/2023 3001/2838/2025 980/767/2026
f 979/766/2023 3000/2837/2023 3001/2838/2025
f 979/766/2023 2998/2835/2016 3000/2837/2023
f 980/767/2026 2999/2836/2019 978/765/2024
f 980/767/2026 3001/2838/2025 2999/2836/2019
f 2999/2836/2019 3001/2838/2027 2146/1893/2021
f 3001/2838/2027 3000/2837/2022 2146/1893/2021
f 3000/2837/2022 2998/2835/2016 2144/1891/2018
f 981/768/160 985/772/160 988/775/160
f 983/770/161 987/774/161 984/771/161
f 986/773/160 985/772/160 981/768/160
f 982/769/161 987/774/161 983/770/161
f 991/778/2028 995/782/2028 989/776/2028
f 990/777/2029 994/781/2029 996/783/2029
f 992/779/2029 994/781/2029 990/777/2029
f 993/780/2028 995/782/2028 991/778/2028
f 997/784/2030 1004/791/2030 1000/787/2030
f 1003/790/2031 1001/788/2031 998/785/2031
f 1002/789/2031 1001/788/2031 1003/790/2031
f 999/786/2030 1004/791/2030 997/784/2030
f 1008/795/2032 1011/798/2032 1005/792/2032
f 1008/795/2032 1010/797/2032 1011/798/2032
f 1007/794/2033 1009/796/2033 1012/799/2033
f 1006/793/2033 1009/796/2033 1007/794/2033
f 2148/1895/2034 2151/1898/2035 2153/1900/2036
f 2148/1895/2036 2150/1897/2037 2151/1898/2038
f 2150/1897/2037 2155/1902/2039 2151/1898/2038
f 2150/1897/2037 2154/1901/2040 2155/1902/2039
f 2154/1901/2040 2157/1904/2041 2155/1902/2039
f 2154/1901/2040 2156/1903/2042 2157/1904/2041
f 2156/1903/2042 2159/1906/2043 2157/1904/2041
f 2156/1903/2042 2158/1905/2044 2159/1906/2043
f 2158/1905/2044 2161/1908/2045 2159/1906/2043
f 2158/1905/2044 2160/1907/2046 2161/1908/2045
f 2160/1907/2046 2163/1910/2047 2161/1908/2045
f 2160/1907/2046 2162/1909/2048 2163/1910/2047
f 2162/1909/2048 2165/1912/2049 2163/1910/2047
f 2162/1909/2048 2164/1911/2050 2165/1912/2049
f 2164/1911/2050 2167/1914/2051 2165/1912/2049
f 2164/1911/2050 2166/1913/2052 2167/1914/2052
f 2168/1915/2053 2171/1918/2054 2173/1920/2053
f 2168/1915/2055 2170/1917/2056 2171/1918/2054
f 2170/1917/2056 2175/1922/2057 2171/1918/2054
f 2170/1917/2056 2174/1921/2058 2175/1922/2057
f 2174/1921/2058 2177/1924/2059 2175/1922/2057
f 2174/1921/2058 2176/1923/2060 2177/1924/2059
f 2176/1923/2060 2179/1926/2061 2177/1924/2059
f 2176/1923/2060 2178/1925/2062 2179/1926/2061
f 2178/1925/2062 2181/1928/2063 2179/1926/2061
f 2178/1925/2062 2180/1927/2064 2181/1928/2063
f 2180/1927/2064 2183/1930/2065 2181/1928/2063
f 2180/1927/2064 2182/1929/2066 2183/1930/2065
f 2182/1929/2066 2185/1932/2067 2183/1930/2065
f 2182/1929/2066 2184/1931/2068 2185/1932/2067
f 2184/1931/2068 2187/1934/2069 2185/1932/2067
f 2184/1931/2068 2186/1933/2070 2187/1934/2070
f 3002/2839/2071 3003/2840/2072 3004/2841/2072
f 3005/2842/2073 3006/2843/2074 3002/2844/2071
f 3005/2842/2073 3007/2845/2075 3006/2843/2074
f 3005/2842/2073 3008/2846/2076 3007/2845/2075
f 3006/2847/2074 3003/2840/2072 3002/2839/2071
f 3006/2847/2074 3009/2848/2072 3003/2840/2072
f 3007/2845/2075 3010/2849/2077 3006/2843/2074
f 3007/2845/2075 3011/2850/2078 3010/2849/2077
f 3007/2845/2075 3012/2851/2079 3011/2850/2078
f 3007/2845/2075 3008/2846/2076 3012/2851/2079
f 3010/2852/2077 3009/2848/2072 3006/2847/2074
f 3010/2852/2077 3013/2853/2072 3009/2848/2072
f 3011/2850/2078 3014/2854/2077 3010/2849/2077
f 3011/2850/2078 3015/2855/2080 3014/2854/2077
f 3011/2850/2078 3016/2856/2081 3015/2855/2080
f 3014/2857/2077 3013/2853/2072 3010/2852/2077
f 3014/2857/2077 3017/2858/2072 3013/2853/2072
f 3015/2855/2080 3018/2859/2082 3014/2854/2077
f 3015/2855/2080 3019/2860/2083 3018/2859/2082
f 3015/2855/2080 3020/2861/2084 3019/2860/2083
f 3015/2855/2080 3016/2856/2081 3020/2861/2084
f 3018/2862/2082 3017/2858/2072 3014/2857/2077
f 3020/2861/2084 3021/2863/2085 3019/2860/2083
f 3020/2861/2084 3022/2864/2086 3021/2863/2085
f 3020/2861/2084 3023/2865/2087 3022/2864/2086
f 3020/2861/2084 3016/2856/2081 3023/2865/2087
f 3022/2864/2086 3024/2866/2088 3021/2863/2085
f 3022/2864/2086 3025/2867/2089 3024/2866/2088
f 3022/2864/2086 3026/2868/2090 3025/2867/2089
f 3022/2864/2086 2191/1938/2091 3026/2868/2090
f 3022/2864/2086 3023/2865/2087 2194/1941/2092
f 3026/2868/2090 3027/2869/2093 3025/2867/2089
f 3026/2868/2090 2191/1938/2091 3027/2869/2093
f 3027/2869/2093 3028/2870/2094 3025/2867/2089
f 3027/2869/2093 3029/2871/2095 3028/2870/2094
f 3027/2869/2093 3030/2872/2096 3029/2871/2095
f 3027/2869/2093 3031/2873/2097 3030/2872/2096
f 3027/2869/2093 2190/1937/2098 3031/2873/2097
f 3027/2869/2093 2191/1938/2091 2190/1937/2098
f 3030/2872/2096 3032/2874/2099 3029/2871/2095
f 3030/2872/2096 3033/2875/2100 3032/2874/2099
f 3030/2872/2096 3034/2876/2101 3033/2875/2100
f 3033/2875/2100 3035/2877/2102 3032/2874/2099
f 3033/2875/2100 3036/2878/2103 3035/2877/2102
f 3033/2875/2100 3037/2879/2104 3036/2878/2103
f 3033/2875/2100 3034/2876/2101 3037/2879/2104
f 3036/2880/2103 3038/2881/2105 3035/2882/2102
f 3036/2880/2103 3039/2883/2105 3038/2881/2105
f 3037/2879/2104 3040/2884/2106 3036/2878/2103
f 3037/2879/2104 3041/2885/2107 3040/2884/2106
f 3037/2879/2104 3042/2886/2108 3041/2885/2107
f 3040/2887/2106 3039/2883/2105 3036/2880/2103
f 3040/2887/2106 3043/2888/2105 3039/2883/2105
f 3041/2885/2107 3044/2889/2106 3040/2884/2106
f 3041/2885/2107 3045/2890/2109 3044/2889/2106
f 3041/2885/2107 3046/2891/2110 3045/2890/2109
f 3044/2892/2106 3043/2888/2105 3040/2887/2106
f 3044/2892/2106 3047/2893/2105 3043/2888/2105
f 3045/2894/2109 3048/2895/2111 3044/2896/2106
f 3048/2897/2111 3047/2893/2105 3044/2892/2106
f 3048/2897/2111 3049/2898/2105 3047/2893/2105
f 1111/2899/2112 2188/1935/2113 1109/1935/1142
f 1111/2899/2112 3050/2900/2114 2188/1935/2113
f 1111/2899/2112 3051/2901/2115 3050/2900/2114
f 3050/2900/2114 3052/2902/2116 2188/1935/2113
f 3050/2900/2114 3053/2903/2117 3052/2902/2116
f 3052/2902/2116 2189/1936/2118 2188/1935/2113
f 3052/2902/2116 3031/2873/2097 2189/1936/2118
f 3052/2902/2116 3034/2876/2101 3031/2873/2097
f 3052/2902/2116 3042/2886/2108 3034/2876/2101
f 3052/2902/2116 3054/2904/2119 3042/2886/2108
f 3031/2873/2097 2190/1937/2098 2189/1936/2118
f 3031/2873/2097 3034/2876/2101 3030/2872/2096
f 3034/2876/2101 3042/2886/2108 3037/2879/2104
f 3042/2886/2108 3046/2891/2110 3041/2885/2107
f 3042/2886/2108 3055/2905/2120 3046/2891/2110
f 1113/1939/1142 2193/1939/2121 1111/2899/2112
f 2193/1939/2121 3056/2906/2122 1111/2899/2112
f 2193/1939/2121 3057/2907/2123 3056/2906/2122
f 3056/2906/2122 3051/2901/2115 1111/2899/2112
f 3056/2906/2122 3058/2908/2124 3051/2901/2115
f 3051/2901/2115 3053/2903/2117 3050/2900/2114
f 3051/2901/2115 3059/2909/2125 3053/2903/2117
f 3053/2903/2117 3054/2904/2119 3052/2902/2116
f 3053/2903/2117 3059/2909/2125 3054/2904/2119
f 3054/2904/2119 3055/2905/2120 3042/2886/2108
f 2192/1940/2126 3057/2907/2123 2193/1939/2121
f 2194/1941/2092 2191/1938/2091 3022/2864/2086
f 2194/1941/2092 3023/2865/2087 2192/1940/2126
f 3023/2865/2087 3057/2907/2123 2192/1940/2126
f 3023/2865/2087 3016/2856/2081 3057/2907/2123
f 3057/2907/2123 3058/2908/2124 3056/2906/2122
f 3057/2907/2123 3060/2910/2127 3058/2908/2124
f 3057/2907/2123 3012/2851/2079 3060/2910/2127
f 3057/2907/2123 3016/2856/2081 3012/2851/2079
f 3058/2908/2124 3059/2909/2125 3051/2901/2115
f 3058/2908/2124 3060/2910/2127 3059/2909/2125
f 3059/2909/2125 3061/2911/2128 3054/2904/2119
f 3059/2909/2125 3060/2910/2127 3061/2911/2128
f 3061/2911/2128 3055/2905/2120 3054/2904/2119
f 3061/2911/2128 3062/2912/2128 3055/2905/2120
f 3061/2911/2128 3063/2913/2129 3062/2912/2128
f 3061/2911/2128 3060/2910/2127 3063/2913/2129
f 3060/2910/2127 3012/2851/2079 3063/2913/2129
f 3012/2851/2079 3008/2846/2076 3063/2913/2129
f 3012/2851/2079 3016/2856/2081 3011/2850/2078
f 2195/1942/2130 2198/1945/2131 2200/1947/2132
f 2195/1942/2133 2197/1944/2134 2198/1945/2135
f 2197/1944/2134 2202/1949/2136 2198/1945/2135
f 2197/1944/2134 2201/1948/2137 2202/1949/2136
f 2201/1948/2137 2204/1951/2138 2202/1949/2136
f 2201/1948/2137 2203/1950/2139 2204/1951/2138
f 2203/1950/2139 2205/1952/2140 2204/1951/2138
f 2205/1952/2140 2207/1954/2141 2204/1951/2138
f 2205/1952/2140 2206/1953/2142 2207/1954/2141
f 2206/1953/2142 2209/1956/2143 2207/1954/2141
f 2206/1953/2142 2208/1955/2144 2209/1956/2143
f 2208/1955/2144 2211/1958/2145 2209/1956/2143
f 2208/1955/2144 2210/1957/2146 2211/1958/2145
f 2210/1957/2146 2213/1960/2147 2211/1958/2145
f 2210/1957/2146 2212/1959/2148 2213/1960/2147
f 2212/1959/2148 2214/1961/2149 2213/1960/2147
f 3064/2844/2150 3065/2843/2151 3066/2842/2152
f 3064/2914/2150 3067/2915/2072 3065/2916/2151
f 3065/2843/2151 3068/2845/2153 3066/2842/2152
f 3065/2843/2151 3069/2849/2151 3068/2845/2153
f 3065/2916/2151 3070/2917/2072 3069/2918/2151
f 3068/2845/2153 3071/2846/2154 3066/2842/2152
f 3069/2849/2151 3072/2850/2155 3068/2845/2153
f 3069/2849/2151 3073/2854/2151 3072/2850/2155
f 3069/2918/2151 3074/2919/2072 3073/2920/2151
f 3072/2850/2155 3075/2851/2156 3068/2845/2153
f 3072/2850/2155 3076/2856/2157 3075/2851/2156
f 3073/2854/2151 3077/2855/2158 3072/2850/2155
f 3073/2854/2151 3078/2859/2159 3077/2855/2158
f 3073/2920/2151 3079/2921/2072 3078/2922/2159
f 3077/2855/2158 3076/2856/2157 3072/2850/2155
f 3078/2859/2159 3080/2860/2160 3077/2855/2158
f 3080/2860/2160 3081/2861/2161 3077/2855/2158
f 3080/2860/2160 3082/2863/2162 3081/2861/2161
f 3081/2861/2161 3076/2856/2157 3077/2855/2158
f 3083/2871/2163 3085/2874/2164 3084/2872/2165
f 3085/2874/2164 3087/2875/2166 3084/2872/2165
f 3085/2874/2164 3088/2877/2167 3087/2875/2166
f 3087/2875/2166 3086/2876/2168 3084/2872/2165
f 3088/2877/2167 3089/2878/2169 3087/2875/2166
f 3088/2882/2167 3090/2881/2105 3089/2880/2169
f 3089/2878/2169 3091/2879/2170 3087/2875/2166
f 3089/2878/2169 3092/2884/2171 3091/2879/2170
f 3089/2880/2169 3093/2883/2105 3092/2887/2171
f 3091/2879/2170 3086/2876/2168 3087/2875/2166
f 3091/2879/2170 3094/2886/2172 3086/2876/2168
f 3092/2884/2171 3095/2885/2173 3091/2879/2170
f 3092/2884/2171 3096/2889/2171 3095/2885/2173
f 3092/2887/2171 3097/2888/2105 3096/2892/2171
f 3095/2885/2173 3094/2886/2172 3091/2879/2170
f 3095/2885/2173 3098/2891/2174 3094/2886/2172
f 3096/2889/2171 3099/2890/2175 3095/2885/2173
f 3096/2896/2171 3100/2895/2176 3099/2894/2175
f 3096/2892/2171 3101/2893/2105 3100/2897/2176
f 3099/2890/2175 3098/2891/2174 3095/2885/2173
f 3094/2886/2172 3103/2905/2177 3102/2904/2178
f 3098/2891/2174 3103/2905/2177 3094/2886/2172
f 3102/2904/2178 3103/2905/2177 3104/2911/2179
f 3103/2905/2177 3106/2912/2180 3104/2911/2179
f 3106/2912/2180 3107/2913/2181 3104/2911/2179
f 3107/2913/2181 3105/2910/2182 3104/2911/2179
f 3107/2913/2181 3075/2851/2156 3105/2910/2182
f 3107/2913/2181 3071/2846/2154 3075/2851/2156
f 3075/2851/2156 3071/2846/2154 3068/2845/2153
f 3108/2923/2072 3067/2915/2072 3064/2914/2150
f 3067/2915/2072 3070/2917/2072 3065/2916/2151
f 3070/2917/2072 3074/2919/2072 3069/2918/2151
f 3074/2919/2072 3079/2921/2072 3073/2920/2151
f 3090/2881/2105 3093/2883/2105 3089/2880/2169
f 3093/2883/2105 3097/2888/2105 3092/2887/2171
f 3097/2888/2105 3101/2893/2105 3096/2892/2171
f 3101/2893/2105 3109/2898/2105 3100/2897/2176
f 2217/2924/2183 3110/2925/2184 2215/2926/2185
f 2215/2926/2185 3110/2925/2184 1117/2927/2186
f 1117/2927/2186 3111/2928/2187 1120/2929/2188
f 1117/2927/2186 3110/2925/2184 3111/2928/2187
f 1118/881/2189 3112/2930/2190 1123/886/2191
f 1118/881/2189 3113/2931/2192 3112/2930/2190
f 1120/883/2188 3113/2931/2192 1118/881/2189
f 1120/2929/2188 3111/2928/2187 3113/2932/2192
f 1123/886/2191 3112/2930/2190 3114/2933/2193
f 1123/886/2191 3115/2934/2194 1121/884/2195
f 2222/2935/2196 3110/2925/2184 2217/2924/2183
f 2219/2924/2197 3116/2925/2198 2223/2935/2199
f 2220/2926/2200 3116/2925/2198 2219/2924/2197
f 1122/2927/2201 3116/2925/2198 2220/2926/2200
f 1121/884/2195 3117/2936/2202 1124/887/2203
f 1124/2929/2203 3118/2928/2204 1122/2927/2201
f 1124/2929/2203 3117/2932/2202 3118/2928/2204
f 3114/2933/2193 3115/2934/2194 1123/886/2191
f 3112/2930/2190 3119/2937/2205 3114/2933/2193
f 3112/2930/2190 3111/2938/2187 3119/2937/2205
f 3119/2937/2205 3120/2939/2206 3114/2933/2193
f 3120/2939/2206 3121/2940/2207 3114/2933/2193
f 3113/2931/2192 3111/2938/2187 3112/2930/2190
f 3111/2928/2187 3110/2925/2184 3122/2941/2208
f 3123/2942/161 3124/2943/2209 3125/2944/161
f 3124/2943/2209 3126/2945/2210 3125/2944/161
f 3124/2943/2209 3127/2946/2211 3126/2945/2210
f 3127/2946/2211 3128/2947/2212 3126/2945/2210
f 3127/2946/2211 3122/2941/2208 3128/2947/2212
f 3122/2941/2208 3110/2925/2184 3128/2947/2212
f 3121/2940/2207 3115/2934/2194 3114/2933/2193
f 3121/2940/2207 3118/2948/2204 3115/2934/2194
f 3115/2934/2194 3117/2936/2202 1121/884/2195
f 3118/2948/2204 3117/2936/2202 3115/2934/2194
f 3118/2928/2204 3116/2925/2198 1122/2927/2201
f 3129/2942/160 3130/2944/160 3131/2943/2213
f 3130/2944/160 3132/2945/2214 3131/2943/2213
f 3132/2945/2214 3133/2946/2215 3131/2943/2213
f 3132/2945/2214 3134/2947/2216 3133/2946/2215
f 3134/2947/2216 3135/2941/2217 3133/2946/2215
f 3134/2947/2216 3116/2925/2198 3135/2941/2217
f 3135/2941/2217 3116/2925/2198 3118/2928/2204
f 2224/1971/2218 3136/2949/2219 2225/1972/2220
f 1127/890/160 3136/2949/2219 2224/1971/2218
f 2225/1972/2220 3137/2950/2221 2226/1973/2222
f 2225/1972/2220 3136/2949/2219 3137/2950/2221
f 1125/888/161 3138/2951/2223 1128/891/2224
f 2226/1973/2222 3138/2951/2223 2227/1974/2225
f 2226/1973/2222 3139/2952/2222 3138/2951/2223
f 2226/1973/2222 3137/2950/2221 3139/2952/2222
f 2227/1974/2225 3138/2951/2223 1125/888/161
f 1126/889/2226 3136/2949/2219 1127/890/160
f 1128/891/2224 3138/2951/2223 1130/893/2227
f 1129/892/2228 3136/2949/2219 1126/889/2226
f 1130/893/2227 3139/2952/2229 1129/892/2228
f 3138/2951/2223 3139/2952/2229 1130/893/2227
f 3139/2952/2229 3137/2950/2230 1129/892/2228
f 3137/2950/2230 3136/2949/2219 1129/892/2228
f 1131/894/2231 1133/896/2231 1134/897/2231
f 1133/896/2231 1137/900/2231 1134/897/2231
f 1138/901/2232 1135/898/2232 1132/895/2232
f 1136/899/2232 1135/898/2232 1138/901/2232
f 1139/902/160 1145/908/160 1140/903/160
f 1141/904/161 1144/907/161 1146/909/161
f 1142/905/161 1144/907/161 1141/904/161
f 1143/906/160 1145/908/160 1139/902/160
f 1147/910/160 1154/917/160 1151/914/160
f 1150/913/161 1152/915/161 1148/911/161
f 1153/916/161 1152/915/161 1150/913/161
f 1149/912/160 1154/917/160 1147/910/160
f 1155/918/160 1161/924/160 1156/919/160
f 1157/920/161 1160/923/161 1162/925/161
f 1158/921/161 1160/923/161 1157/920/161
f 1159/922/160 1161/924/160 1155/918/160
f 2228/1975/2233 2230/1977/2234 2234/1981/2235
f 2230/1977/2234 2232/1979/2236 2234/1981/2235
f 2230/1977/2234 2231/1978/2237 2232/1979/2236
f 2231/1978/2237 2236/1983/2238 2232/1979/2236
f 2231/1978/2237 2235/1982/2239 2236/1983/2238
f 2235/1982/2239 2238/1985/2240 2236/1983/2238
f 2235/1982/2239 2237/1984/2241 2238/1985/2240
f 2237/1984/2241 2240/1987/2242 2238/1985/2240
f 2237/1984/2241 2239/1986/2243 2240/1987/2242
f 2239/1986/2243 2242/1989/2244 2240/1987/2242
f 2239/1986/2243 2241/1988/2245 2242/1989/2244
f 2241/1988/2245 2244/1991/2246 2242/1989/2244
f 2241/1988/2245 2243/1990/2247 2244/1991/2246
f 2243/1990/2247 2246/1993/2248 2244/1991/2246
f 2243/1990/2247 2245/1992/2249 2246/1993/2248
f 2245/1992/2249 2247/1994/2250 2246/1993/2248
f 1259/1006/2251 1261/1008/2252 1265/1012/2253
f 1261/1008/2252 1263/1010/2254 1265/1012/2253
f 1261/1008/2252 1262/1009/2255 1263/1010/2254
f 1262/1009/2255 1267/1014/2256 1263/1010/2254
f 1262/1009/2255 1266/1013/2257 1267/1014/2256
f 1266/1013/2257 1269/1016/2258 1267/1014/2256
f 1266/1013/2257 1268/1015/2259 1269/1016/2258
f 1268/1015/2259 1271/1018/2260 1269/1016/2258
f 1268/1015/2259 1270/1017/2261 1271/1018/2260
f 1270/1017/2261 1273/1020/2262 1271/1018/2260
f 1270/1017/2261 1272/1019/2263 1273/1020/2262
f 1272/1019/2263 1275/1022/2264 1273/1020/2262
f 1272/1019/2263 1274/1021/2265 1275/1022/2264
f 1274/1021/2265 1277/1024/2266 1275/1022/2264
f 1274/1021/2265 1276/1023/2267 1277/1024/2266
f 1276/1023/2267 1278/1025/2267 1277/1024/2266
f 3140/2953/2268 3141/2954/2269 3142/2955/2270
f 3140/2956/2268 3143/2957/2271 3141/2958/2269
f 3141/2954/2269 3144/2959/2272 3142/2955/2270
f 3141/2954/2269 3145/2960/2273 3144/2959/2272
f 3141/2958/2269 3146/2961/2271 3145/2962/2273
f 3144/2959/2272 3147/2963/2274 3142/2955/2270
f 3145/2960/2273 3148/2964/2275 3144/2959/2272
f 3145/2960/2273 3149/2965/2273 3148/2964/2275
f 3145/2962/2273 3150/2966/2271 3149/2967/2273
f 3148/2964/2275 3151/2968/2276 3144/2959/2272
f 3148/2964/2275 3152/2969/2277 3151/2968/2276
f 3149/2965/2273 3153/2970/2278 3148/2964/2275
f 3149/2965/2273 3154/2971/2279 3153/2970/2278
f 3149/2967/2273 3155/2972/2271 3154/2973/2279
f 3153/2970/2278 3152/2969/2277 3148/2964/2275
f 3154/2971/2279 3156/2974/2280 3153/2970/2278
f 3156/2974/2280 3157/2975/2281 3153/2970/2278
f 3156/2974/2280 3158/2976/2282 3157/2975/2281
f 3157/2975/2281 3152/2969/2277 3153/2970/2278
f 3158/2976/2282 3159/2977/2283 3157/2975/2281
f 3158/2976/2282 3160/2978/2284 3159/2977/2283
f 3159/2977/2283 2254/1998/2285 2253/2001/2286
f 3159/2977/2283 3161/2979/2287 3157/2975/2281
f 3160/2978/2284 3162/2980/2288 3159/2977/2283
f 3162/2980/2288 3163/2981/2289 3159/2977/2283
f 3162/2980/2288 3164/2982/2290 3163/2981/2289
f 3162/2980/2288 3165/2983/2291 3164/2982/2290
f 3163/2981/2289 2254/1998/2285 3159/2977/2283
f 3164/2982/2290 2254/1998/2285 3163/2981/2289
f 3165/2983/2291 3166/2984/2292 3164/2982/2290
f 3166/2984/2292 3167/2985/2293 3164/2982/2290
f 3166/2984/2292 3168/2986/2294 3167/2985/2293
f 3167/2985/2293 3169/2987/2295 3164/2982/2290
f 3167/2985/2293 3170/2988/2296 3169/2987/2295
f 3168/2986/2294 3171/2989/2297 3167/2985/2293
f 3168/2986/2294 3172/2990/2298 3171/2989/2297
f 3171/2989/2297 3170/2988/2296 3167/2985/2293
f 3172/2990/2298 3173/2991/2299 3171/2989/2297
f 3172/2992/2298 3174/2993/2300 3173/2994/2299
f 3173/2991/2299 3175/2995/2301 3171/2989/2297
f 3173/2991/2299 3176/2996/2302 3175/2995/2301
f 3173/2994/2299 3177/2997/2300 3176/2998/2302
f 3175/2995/2301 3170/2988/2296 3171/2989/2297
f 3175/2995/2301 3178/2999/2303 3170/2988/2296
f 3176/2996/2302 3179/3000/2304 3175/2995/2301
f 3176/2996/2302 3180/3001/2302 3179/3000/2304
f 3176/2998/2302 3181/3002/2300 3180/3003/2302
f 3179/3000/2304 3178/2999/2303 3175/2995/2301
f 3179/3000/2304 3182/3004/2305 3178/2999/2303
f 3180/3001/2302 3183/3005/2306 3179/3000/2304
f 3180/3006/2302 3184/3007/2307 3183/3008/2306
f 3180/3003/2302 3185/3009/2300 3184/3010/2307
f 3183/3005/2306 3182/3004/2305 3179/3000/2304
f 1281/1995/487 2249/1995/2308 1279/3011/2309
f 1279/3011/2309 2251/1999/2310 1283/1999/487
f 1279/3011/2309 3186/3012/2311 2251/1999/2310
f 1279/3011/2309 3187/3013/2312 3186/3012/2311
f 2249/1995/2308 3188/3014/2313 1279/3011/2309
f 2249/1995/2308 3189/3015/2314 3188/3014/2313
f 2249/1995/2308 2248/1996/2315 3189/3015/2314
f 3188/3014/2313 3187/3013/2312 1279/3011/2309
f 3188/3014/2313 3190/3016/2316 3187/3013/2312
f 3189/3015/2314 3190/3016/2316 3188/3014/2313
f 3189/3015/2314 3191/3017/2317 3190/3016/2316
f 2248/1996/2315 3169/2987/2295 3189/3015/2314
f 2248/1996/2315 2250/1997/2318 3169/2987/2295
f 3169/2987/2295 2250/1997/2318 3164/2982/2290
f 3169/2987/2295 3170/2988/2296 3189/3015/2314
f 2250/1997/2318 2254/1998/2285 3164/2982/2290
f 3170/2988/2296 3178/2999/2303 3189/3015/2314
f 3178/2999/2303 3191/3017/2317 3189/3015/2314
f 3178/2999/2303 3192/3018/2319 3191/3017/2317
f 3182/3004/2305 3192/3018/2319 3178/2999/2303
f 2251/1999/2310 3193/3019/2320 2252/2000/2321
f 3186/3012/2311 3193/3019/2320 2251/1999/2310
f 3186/3012/2311 3194/3020/2322 3193/3019/2320
f 3187/3013/2312 3194/3020/2322 3186/3012/2311
f 3187/3013/2312 3195/3021/2323 3194/3020/2322
f 3190/3016/2316 3195/3021/2323 3187/3013/2312
f 3191/3017/2317 3195/3021/2323 3190/3016/2316
f 3191/3017/2317 3196/3022/2324 3195/3021/2323
f 3191/3017/2317 3192/3018/2319 3196/3022/2324
f 2252/2000/2321 3161/2979/2287 2253/2001/2286
f 2252/2000/2321 3193/3019/2320 3161/2979/2287
f 2253/2001/2286 3161/2979/2287 3159/2977/2283
f 3161/2979/2287 3152/2969/2277 3157/2975/2281
f 3193/3019/2320 3152/2969/2277 3161/2979/2287
f 3194/3020/2322 3197/3023/2325 3193/3019/2320
f 3195/3021/2323 3197/3023/2325 3194/3020/2322
f 3196/3022/2324 3197/3023/2325 3195/3021/2323
f 3192/3018/2319 3198/3024/2324 3196/3022/2324
f 3198/3024/2324 3199/3025/2326 3196/3022/2324
f 3199/3025/2326 3197/3023/2325 3196/3022/2324
f 3199/3025/2326 3151/2968/2276 3197/3023/2325
f 3199/3025/2326 3147/2963/2274 3151/2968/2276
f 3197/3023/2325 3151/2968/2276 3193/3019/2320
f 3151/2968/2276 3147/2963/2274 3144/2959/2272
f 3151/2968/2276 3152/2969/2277 3193/3019/2320
f 3200/3026/2271 3143/2957/2271 3140/2956/2268
f 3143/2957/2271 3146/2961/2271 3141/2958/2269
f 3146/2961/2271 3150/2966/2271 3145/2962/2273
f 3150/2966/2271 3155/2972/2271 3149/2967/2273
f 3174/2993/2300 3177/2997/2300 3173/2994/2299
f 3177/2997/2300 3181/3002/2300 3176/2998/2302
f 3181/3002/2300 3185/3009/2300 3180/3003/2302
f 3185/3009/2300 3201/3027/2300 3184/3010/2307
f 2255/2002/2327 2257/2004/2328 2261/2008/2329
f 2257/2004/2328 2259/2006/2330 2261/2008/2329
f 2257/2004/2328 2258/2005/2331 2259/2006/2330
f 2258/2005/2331 2263/2010/2332 2259/2006/2330
f 2258/2005/2331 2262/2009/2333 2263/2010/2332
f 2262/2009/2333 2265/2012/2333 2263/2010/2332
f 2262/2009/2333 2266/2013/2334 2265/2012/2333
f 2262/2009/2333 2264/2011/2335 2266/2013/2334
f 2264/2011/2335 2268/2015/2336 2266/2013/2334
f 2264/2011/2335 2267/2014/2337 2268/2015/2336
f 2267/2014/2337 2270/2017/2338 2268/2015/2336
f 2267/2014/2337 2269/2016/2339 2270/2017/2338
f 2269/2016/2339 2272/2019/2340 2270/2017/2338
f 2269/2016/2339 2271/2018/2341 2272/2019/2340
f 2271/2018/2341 2274/2021/2342 2272/2019/2340
f 2271/2018/2341 2273/2020/2342 2274/2021/2342
f 3202/3028/2343 3203/3029/2271 3204/3030/2271
f 3205/2955/2344 3206/2954/2345 3202/2953/2343
f 3205/2955/2344 3207/2959/2346 3206/2954/2345
f 3205/2955/2344 3208/2963/2347 3207/2959/2346
f 3206/3031/2345 3203/3029/2271 3202/3028/2343
f 3206/3031/2345 3209/3032/2271 3203/3029/2271
f 3207/2959/2346 3210/2960/2345 3206/2954/2345
f 3207/2959/2346 3211/2964/2348 3210/2960/2345
f 3207/2959/2346 3212/2968/2349 3211/2964/2348
f 3207/2959/2346 3208/2963/2347 3212/2968/2349
f 3210/3033/2345 3209/3032/2271 3206/3031/2345
f 3210/3033/2345 3213/3034/2271 3209/3032/2271
f 3211/2964/2348 3214/2965/2345 3210/2960/2345
f 3211/2964/2348 3215/2970/2350 3214/2965/2345
f 3211/2964/2348 3216/2969/2351 3215/2970/2350
f 3214/3035/2345 3213/3034/2271 3210/3033/2345
f 3214/3035/2345 3217/3036/2271 3213/3034/2271
f 3215/2970/2350 3218/2971/2352 3214/2965/2345
f 3215/2970/2350 3219/2974/2353 3218/2971/2352
f 3215/2970/2350 3220/2975/2354 3219/2974/2353
f 3215/2970/2350 3216/2969/2351 3220/2975/2354
f 3218/3037/2352 3217/3036/2271 3214/3035/2345
f 3220/2975/2354 3221/2976/2355 3219/2974/2353
f 3223/2985/2356 3224/2986/2357 3222/2984/2358
f 3223/2985/2356 3225/2989/2359 3224/2986/2357
f 3223/2985/2356 3226/2988/2360 3225/2989/2359
f 3225/2989/2359 3227/2990/2361 3224/2986/2357
f 3225/2989/2359 3228/2991/2362 3227/2990/2361
f 3225/2989/2359 3229/2995/2363 3228/2991/2362
f 3225/2989/2359 3226/2988/2360 3229/2995/2363
f 3228/2994/2362 3230/2993/2300 3227/2992/2361
f 3228/2994/2362 3231/2997/2300 3230/2993/2300
f 3229/2995/2363 3232/2996/2362 3228/2991/2362
f 3229/2995/2363 3233/3000/2364 3232/2996/2362
f 3229/2995/2363 3234/2999/2365 3233/3000/2364
f 3232/2998/2362 3231/2997/2300 3228/2994/2362
f 3232/2998/2362 3235/3002/2300 3231/2997/2300
f 3233/3000/2364 3236/3001/2366 3232/2996/2362
f 3233/3000/2364 3237/3005/2367 3236/3001/2366
f 3233/3000/2364 3238/3004/2368 3237/3005/2367
f 3236/3003/2366 3235/3002/2300 3232/2998/2362
f 3236/3003/2366 3239/3009/2300 3235/3002/2300
f 3237/3008/2367 3240/3007/2369 3236/3006/2366
f 3240/3010/2369 3239/3009/2300 3236/3003/2366
f 3240/3010/2369 3241/3027/2300 3239/3009/2300
f 3226/2988/2360 3234/2999/2365 3229/2995/2363
f 3234/2999/2365 3238/3004/2368 3233/3000/2364
f 3234/2999/2365 3243/3018/2370 3238/3004/2368
f 3242/3017/2371 3243/3018/2370 3234/2999/2365
f 3245/3022/2372 3243/3018/2370 3242/3017/2371
f 3245/3022/2372 3246/3024/2373 3243/3018/2370
f 3245/3022/2372 3247/3025/2374 3246/3024/2373
f 3245/3022/2372 3244/3023/2375 3247/3025/2374
f 3244/3023/2375 3212/2968/2349 3247/3025/2374
f 3212/2968/2349 3208/2963/2347 3247/3025/2374
f 3212/2968/2349 3216/2969/2351 3211/2964/2348
f 2275/3038/2376 3248/3039/2377 2280/3040/2196
f 2277/3041/2378 3248/3039/2377 2275/3038/2376
f 1289/3042/2379 3248/3039/2377 2277/3041/2378
f 1288/1027/2380 3249/3043/2381 1292/1031/2382
f 1292/3044/2382 3250/3045/2383 1289/3042/2379
f 1290/1029/2384 3251/3046/2385 1288/1027/2380
f 1290/1029/2384 3252/3047/2386 3253/3048/2387
f 2281/3038/2388 3254/3039/2389 2283/3041/2390
f 2283/3041/2390 3254/3039/2389 1293/3042/2391
f 1293/3042/2391 3255/3045/2392 1294/3044/2393
f 1293/3042/2391 3254/3039/2389 3255/3045/2392
f 1291/1030/2394 3252/3047/2386 1290/1029/2384
f 1291/1030/2394 3256/3049/2395 3252/3047/2386
f 1294/1033/2393 3256/3049/2395 1291/1030/2394
f 2282/3040/2199 3254/3039/2389 2281/3038/2388
f 3253/3048/2387 3251/3046/2385 1290/1029/2384
f 3253/3048/2387 3257/3050/2396 3251/3046/2385
f 3253/3048/2387 3258/3051/2397 3257/3050/2396
f 3253/3048/2387 3259/3052/2398 3258/3051/2397
f 3253/3048/2387 3252/3047/2386 3259/3052/2398
f 3251/3046/2385 3249/3043/2381 1288/1027/2380
f 3251/3046/2385 3250/3053/2383 3249/3043/2381
f 3257/3050/2396 3250/3053/2383 3251/3046/2385
f 3249/3054/2381 3250/3045/2383 1292/3044/2382
f 3250/3045/2383 3248/3039/2377 1289/3042/2379
f 3260/3055/161 3261/3056/2209 3262/3057/161
f 3260/3055/161 3263/3058/2210 3261/3056/2209
f 3263/3058/2210 3264/3059/2211 3261/3056/2209
f 3263/3058/2210 3265/3060/2399 3264/3059/2211
f 3265/3060/2399 3266/3061/2400 3264/3059/2211
f 3265/3060/2399 3248/3039/2377 3266/3061/2400
f 3266/3061/2400 3248/3039/2377 3250/3045/2383
f 3252/3047/2386 3255/3062/2392 3259/3052/2398
f 3252/3047/2386 3256/3049/2395 3255/3062/2392
f 3255/3045/2392 3256/3054/2395 1294/3044/2393
f 3255/3045/2392 3254/3039/2389 3267/3061/2401
f 3268/3056/2213 3269/3055/160 3270/3057/160
f 3268/3056/2213 3271/3058/2214 3269/3055/160
f 3268/3056/2213 3272/3059/2215 3271/3058/2214
f 3272/3059/2215 3273/3060/2402 3271/3058/2214
f 3272/3059/2215 3267/3061/2401 3273/3060/2402
f 3267/3061/2401 3254/3039/2389 3273/3060/2402
f 1307/1046/2403 1312/1051/2404 1311/1050/2405
f 1307/1046/2403 3274/3063/2406 1312/1051/2404
f 1341/1080/2407 3275/3064/2407 1337/1076/2408
f 1340/1079/2409 3275/3064/2407 1341/1080/2407
f 1347/1086/2410 1350/1089/2411 1352/1091/2412
f 1347/1086/2410 1358/1097/2413 1350/1089/2411
f 1347/1086/2410 1349/1088/2414 1358/1097/2413
f 1358/1097/2413 1361/1100/2415 1350/1089/2411
f 1349/1088/2414 1354/1093/2416 1358/1097/2413
f 1357/1096/2417 1361/1100/2415 1358/1097/2413
f 1361/1100/2415 1363/1102/2418 1350/1089/2411
f 1363/1102/2418 1373/1112/2419 1350/1089/2411
f 1368/1107/2420 1379/1118/2421 1371/1110/2422
f 1368/1107/2420 1381/1120/2423 1379/1118/2421
f 1367/1106/2424 1381/1120/2423 1368/1107/2420
f 1367/1106/2424 1365/1104/2425 1381/1120/2423
f 1367/1106/2424 1373/1112/2419 1365/1104/2425
f 1371/1110/2422 1378/1117/2426 1374/1113/2426
f 1371/1110/2422 1379/1118/2421 1378/1117/2426
f 1365/1104/2425 1373/1112/2419 1363/1102/2418
f 1414/1153/2427 3276/3065/2428 1404/1143/2428
f 1404/1143/2428 3276/3065/2428 2370/2117/2429
f 1416/1155/2430 2357/2104/2430 1400/1139/2431
f 1416/1155/2430 3277/3066/449 2357/2104/2430
f 1420/1159/2432 2399/2146/2433 1425/1164/2433
f 1424/1163/2434 2417/2164/2435 1419/1158/2436
f 2399/2146/2433 3278/3067/1233 1425/1164/2433
f 3279/3068/456 2417/2164/2435 1424/1163/2434
f 3280/3069/2437 2444/2191/2438 2441/2188/2439
f 3280/3069/2437 3281/3070/2440 2444/2191/2438
f 2443/2190/2441 2442/2189/2442 3282/3071/2442
f 2424/2171/2443 2459/2206/2443 2458/2205/2443
f 2424/2171/2444 2423/2170/2444 2459/2206/2444
f 2432/2179/2445 2439/2186/2445 2438/2185/2445
f 2432/2179/2446 2431/2178/2446 2439/2186/2446
f 2451/2198/2447 3283/3072/2448 2454/2201/2449
f 2453/2200/2450 2452/2199/2451 3284/3073/2451
f 2428/2175/2452 2446/2193/2452 2445/2192/2452
f 2428/2175/2452 2427/2174/2452 2446/2193/2452
f 2436/2183/2453 2449/2196/2453 2448/2195/2453
f 2436/2183/2454 2435/2182/2454 2449/2196/2454
f 2420/2167/2455 2456/2203/2455 2455/2202/2455
f 2420/2167/2455 2419/2166/2455 2456/2203/2455
f 2442/2189/2442 3285/3074/2456 3282/3071/2442
f 2452/2199/2451 3286/3075/2457 3284/3073/2451
f 2454/2201/2449 3283/3072/2448 3287/3076/2458
f 1635/2280/1551 2556/2277/1551 2554/2278/1551
f 1635/2280/1551 1637/2279/1551 2556/2277/1551
f 2555/2277/1552 1636/2280/1552 1638/2279/1552
f 2555/2277/1552 2557/2278/1552 1636/2280/1552
f 2559/2277/1549 2560/2278/1549 1639/2279/1549
f 1639/2279/1549 2560/2278/1549 1642/2280/1549
f 1641/2280/1550 1640/2279/1550 2558/2278/1550
f 1640/2279/1550 2561/2277/1550 2558/2278/1550
f 2568/3077/2459 3288/3078/2460 1657/3079/2461
f 2570/3080/2462 3288/3078/2460 2568/3077/2459
f 2570/3080/2462 3289/3081/2463 3288/3078/2460
f 1651/3082/1142 3290/3083/2464 1669/3084/1142
f 2574/3085/2465 3291/3086/2466 2572/3087/2466
f 2572/3088/2466 3291/3089/2466 2573/3090/2467
f 2573/3090/2467 3292/3091/2468 2575/3092/2469
f 2573/3090/2467 3291/3089/2466 3292/3091/2468
f 2577/3077/2470 1663/3093/2471 1660/3094/2471
f 2577/3077/2470 3293/3078/2472 2578/3080/2473
f 2578/3080/2473 3294/3081/2474 1673/3095/487
f 2578/3080/2473 3293/3078/2472 3294/3081/2474
f 2575/3092/2469 3292/3091/2468 3295/3096/2475
f 2575/3092/2469 3296/3097/2476 2582/3098/2476
f 3297/3099/2477 3298/3100/2478 3299/3101/2479
f 3298/3100/2478 3300/3102/2480 3299/3101/2479
f 3298/3100/2478 2588/3103/2481 2584/3104/2482
f 3298/3100/2478 1678/3105/2483 2588/3103/2481
f 2584/3104/2482 3300/3102/2480 3298/3100/2478
f 2586/3106/2484 3300/3102/2480 2584/3104/2482
f 3295/3096/2475 3296/3097/2476 2575/3092/2469
f 1657/3079/2461 1664/3107/2461 2568/3077/2459
f 1660/3094/2471 3293/3078/2472 2577/3077/2470
f 1666/3108/487 1665/3109/487 2571/3110/487
f 2571/3110/487 3301/3111/487 2589/3112/487
f 1668/3109/1142 1667/3108/1142 2579/3110/1142
f 2589/3112/487 3302/3113/487 1670/3114/487
f 2580/3112/1142 3303/3111/1142 2579/3110/1142
f 2579/3110/1142 3303/3111/1142 1668/3109/1142
f 1669/3084/1142 3290/3083/2464 2574/3085/2465
f 1672/3095/1142 3289/3081/2463 2570/3080/2462
f 1670/3114/487 3302/3113/487 1677/3115/487
f 1675/3114/1142 3304/3113/1142 2580/3112/1142
f 3294/3081/2474 1674/3116/487 1673/3095/487
f 1671/3116/1142 3289/3081/2463 1672/3095/1142
f 1676/3115/1142 3304/3113/1142 1675/3114/1142
f 3290/3083/2464 3291/3086/2466 2574/3085/2465
f 3304/3113/1142 3303/3111/1142 2580/3112/1142
f 1665/3109/487 3301/3111/487 2571/3110/487
f 3301/3111/487 3302/3113/487 2589/3112/487
f 2588/3103/2481 1678/3105/2483 1655/3117/2485
f 1681/3118/2486 1689/3119/2487 1679/3120/2487
f 1681/3118/2486 1688/3121/2488 1689/3119/2487
f 1681/3118/2486 2592/3122/2489 1688/3121/2488
f 1688/3121/2488 1690/3123/2487 1689/3119/2487
f 1687/3124/2487 1690/3123/2487 1688/3121/2488
f 2591/3125/2489 2592/3122/2489 1681/3118/2486
f 1703/3126/2490 1711/3127/2491 2595/2337/2492
f 1714/3128/2493 1733/3129/2494 1712/3130/2495
f 1712/3130/2495 1735/2338/2496 1716/3131/2497
f 1712/3130/2495 1733/3129/2498 1735/2338/2496
f 1716/3131/2497 2598/3132/2499 1719/3133/2500
f 2595/2337/2492 1711/3127/2491 1735/2338/2496
f 1735/2338/2496 1711/3127/2491 1716/3131/2497
f 1700/3134/2501 2597/3135/2501 1698/3136/2502
f 1700/3134/2501 2594/3137/2503 2597/3135/2501
f 1711/3127/2491 2598/3132/2499 1716/3131/2497
f 2603/3138/790 1756/3139/791 2600/3140/792
f 2604/3141/793 1754/3142/794 2603/3138/790
f 2606/3143/795 1743/3144/796 2604/3141/793
f 2608/3145/797 1741/3146/798 2606/3143/795
f 2608/3145/797 1745/3147/799 1741/3146/798
f 2610/3148/2504 1745/3147/799 2608/3145/797
f 2610/3148/2504 1747/3149/801 1745/3147/799
f 2612/3150/802 1747/3149/801 2610/3148/2504
f 2612/3150/802 1749/3151/803 1747/3149/801
f 2614/3152/804 1749/3151/803 2612/3150/802
f 2614/3152/804 1751/3153/805 1749/3151/803
f 2616/3154/806 1751/3153/805 2614/3152/804
f 2616/3154/806 1764/3155/807 1751/3153/805
f 2618/3156/808 1764/3155/807 2616/3154/806
f 2620/3157/809 1762/3158/810 2618/3156/808
f 2622/3159/811 1760/3160/812 2620/3157/809
f 2600/3140/792 1758/3161/813 2622/3159/811
f 1741/3146/798 1743/3144/796 2606/3143/795
f 1743/3144/796 1754/3142/794 2604/3141/793
f 1754/3142/794 1756/3139/791 2603/3138/790
f 1756/3139/791 1758/3161/813 2600/3140/792
f 1758/3161/813 1760/3160/812 2622/3159/811
f 1760/3160/812 1762/3158/810 2620/3157/809
f 1762/3158/810 1764/3155/807 2618/3156/808
f 3305/3162/2505 3306/3163/2506 3307/3164/2507
f 3305/3162/2505 3308/3165/2508 3309/3166/2509
f 3305/3162/2505 3310/3167/2510 3308/3165/2508
f 3307/3164/2507 3311/3168/2511 3305/3162/2505
f 3307/3164/2507 3312/3169/2512 3311/3168/2511
f 3307/3170/2507 2653/3171/2513 3312/3172/2512
f 3307/3170/2507 2658/3173/2514 2653/3171/2513
f 3311/3168/2511 3310/3167/2510 3305/3162/2505
f 3312/3169/2512 3313/3174/2515 3311/3168/2511
f 3312/3172/2512 2654/3175/2516 3313/3176/2515
f 3313/3174/2515 3314/3177/2517 3311/3168/2511
f 3313/3174/2515 3315/3178/2518 3314/3177/2519
f 3313/3176/2515 2656/3179/2520 3316/3180/2521
f 3316/3181/2521 3315/3178/2518 3313/3174/2515
f 3316/3181/2521 3317/3182/2522 3315/3178/2518
f 3316/3183/2521 2657/3184/2523 3317/3185/2522
f 3315/3178/2518 3317/3182/2522 3318/3186/2524
f 3318/3186/2524 3306/3187/2506 3309/3188/2509
f 3318/3186/2524 3319/3189/2525 3315/3178/2518
f 3317/3182/2522 3306/3187/2506 3318/3186/2524
f 3317/3185/2522 2658/3173/2514 3306/3190/2506
f 3309/3166/2509 3306/3163/2506 3305/3162/2505
f 3309/3188/2509 3320/3191/2526 3318/3186/2524
f 3309/3188/2509 3321/3192/2527 3320/3191/2526
f 3306/3190/2506 2658/3173/2514 3307/3170/2507
f 3308/3165/2508 3321/3193/2527 3309/3166/2509
f 3320/3191/2526 3319/3189/2525 3318/3186/2524
f 2653/3171/2513 2654/3175/2516 3312/3172/2512
f 2654/3175/2516 2655/3194/2528 3313/3176/2515
f 2655/3194/2528 2656/3179/2520 3313/3176/2515
f 2656/3195/2520 2657/3184/2523 3316/3183/2521
f 2657/3184/2523 2658/3173/2514 3317/3185/2522
f 1852/3196/1698 1854/3197/1699 1855/3198/1699
f 1863/3199/2529 2666/3200/2529 1862/3201/2529
f 1868/3202/2530 2668/3203/2530 1867/3204/2530
f 1868/3202/2530 2666/3200/2530 2668/3203/2530
f 1871/3205/1703 1854/3197/1703 1869/3206/1703
f 1871/3205/1703 2668/3203/1703 1854/3197/1703
f 1854/3197/1699 1874/3207/1699 1855/3198/1699
f 1874/3207/2531 2666/3200/2531 1863/3199/2531
f 2671/3208/1676 1882/1631/1677 3322/3209/1678
f 2671/3208/1676 1880/1629/1679 1882/1631/1677
f 1882/1631/1677 1905/1654/2532 3322/3209/1678
f 1885/1634/2533 1881/1630/1682 1888/1637/2534
f 1885/1634/2533 1884/1633/1684 1881/1630/1682
f 1888/1637/2534 1881/1630/1682 1904/1653/2535
f 1891/1640/2536 3323/3210/1687 1893/1642/2537
f 1891/1640/2536 1890/1639/1689 3323/3210/1687
f 1892/1641/2538 1895/1644/2539 1889/1638/2540
f 1893/1642/2537 3323/3210/1687 2672/3211/2541
f 1899/1648/881 1902/1651/882 1894/1643/883
f 1896/1645/2542 1895/1644/2539 1892/1641/2538
f 1900/1649/2543 1902/1651/882 1899/1648/881
f 1900/1649/2543 1903/1652/885 1902/1651/882
f 1895/1644/2539 1909/1658/2544 1889/1638/2540
f 1884/1633/1684 1906/1655/1694 1881/1630/1682
f 1905/1654/2532 3324/3212/1695 3322/3209/1678
f 1907/1656/890 1903/1652/885 1900/1649/2543
f 1908/1657/2545 1909/1658/2544 1895/1644/2539
f 1890/1639/1689 3325/3213/1697 3323/3210/1687
f 3326/3214/2546 3327/3215/161 1910/3216/2547
f 1910/3216/2547 3328/3217/2548 3326/3214/2546
f 1910/3216/2547 1912/3218/2549 3328/3217/2548
f 1912/3218/2549 3329/3219/2550 3328/3217/2548
f 1912/3218/2549 1915/3220/2551 3329/3219/2550
f 1915/3220/2551 1917/3221/2552 3329/3219/2550
f 1917/3221/2552 3330/3222/2553 3329/3219/2550
f 1917/3221/2552 2674/2495/2554 3330/3222/2553
f 1917/3221/2552 1918/2493/2555 2674/2495/2554
f 3331/3223/2556 1911/3224/2557 3332/3225/2558
f 3331/3223/2556 1914/3226/2559 1911/3224/2557
f 3331/3223/2556 3333/3227/2560 1914/3226/2559
f 1911/3224/2557 3334/3228/160 3332/3225/2558
f 3333/3227/2560 1919/3229/2561 1914/3226/2559
f 3333/3227/2560 1920/3230/2562 1919/3229/2561
f 3333/3227/2560 3335/3231/2563 1920/3230/2562
f 3335/3230/2563 2677/3231/2564 1920/2501/2562
f 2676/2496/160 1913/3232/160 1922/2498/160
f 2676/2496/160 3334/3228/160 1913/3232/160
f 1924/2499/161 3327/3215/161 2675/2497/161
f 1924/2499/161 1923/3233/161 3327/3215/161
f 3327/3215/161 1923/3233/161 1910/3216/2547
f 1913/3232/160 3334/3228/160 1911/3224/2557
f 2677/3231/2564 1921/2502/2565 1920/2501/2566
f 3336/3234/2567 2678/3235/2568 3337/3236/2569
f 3336/3234/2567 2681/3237/2570 2678/3235/2568
f 3336/3234/2567 3338/3238/2571 2681/3237/2570
f 2678/3235/2568 3339/3239/161 3337/3236/2569
f 2678/3235/2568 2680/3240/161 3339/3239/161
f 3338/3238/2571 2684/3241/2572 2681/3237/2570
f 3338/3238/2571 2686/3242/2573 2684/3241/2572
f 3338/3238/2571 3340/3243/2574 2686/3242/2573
f 3340/3243/2574 1925/1674/2575 2686/3242/2573
f 1925/1674/2575 1927/1676/2576 2686/3242/2573
f 3341/3244/2577 3342/3245/160 2682/3246/2578
f 2682/3246/2578 3343/3247/2579 3341/3244/2577
f 2682/3246/2578 2683/3248/2580 3343/3247/2579
f 2682/3246/2578 3342/3245/160 2679/3249/160
f 2683/3248/2580 3344/3250/2581 3343/3247/2579
f 2683/3248/2580 2685/3251/2582 3344/3250/2581
f 2685/3251/2582 2687/3252/2583 3344/3250/2581
f 2687/3252/2583 3345/3253/2584 3344/3250/2581
f 2687/1683/2583 1934/3253/2585 3345/3252/2584
f 2687/1683/2583 1933/1682/2586 1934/3253/2585
f 1929/1678/161 3339/3239/161 1932/1681/161
f 1930/1680/160 2679/3249/160 1931/1679/160
f 3339/3239/161 2680/3240/161 1932/1681/161
f 2679/3249/160 3342/3245/160 1931/1679/160
f 2752/3254/2587 2743/3255/2587 2751/3256/2587
f 2752/3254/2587 2754/3257/2587 2743/3255/2587
f 3346/3258/2588 3347/3259/2589 3348/3260/2590
f 3348/3260/2590 3347/3259/2589 3349/3261/2591
f 3350/3262/2592 2757/3263/2593 3351/3264/2594
f 3351/3264/2594 3352/3265/2595 3350/3262/2592
f 3351/3264/2594 3353/3266/2596 3352/3265/2595
f 3353/3266/2596 3354/3267/2597 3352/3265/2595
f 3353/3266/2596 3355/3268/2598 3354/3267/2597
f 3355/3268/2598 1953/1702/2599 3354/3267/2597
f 1953/1702/2599 1955/1704/2600 3354/3267/2597
f 2757/3263/2601 2756/3269/2601 3351/3264/2594
f 3349/3261/2591 3347/3259/2589 1956/3270/2602
f 1956/3270/2602 3347/3259/2589 1954/3271/2603
f 1972/3272/2604 1985/3273/2605 1970/3274/2606
f 1972/3272/2604 1983/3275/487 1985/3273/2605
f 1972/3272/2604 1987/3276/2607 1983/3275/487
f 1970/3274/2606 1985/3273/2605 1980/3277/2608
f 1970/3278/2606 1990/1731/2609 1971/3279/2609
f 1970/3278/2606 1977/1722/2610 1990/1731/2609
f 1976/3280/2611 1977/3281/2610 1980/3277/2608
f 1976/3280/2611 1991/3282/2612 1974/3283/2613
f 1974/1719/2613 1989/3284/2614 1975/1723/2614
f 1974/1719/2613 1973/3285/2615 1989/3284/2614
f 1974/3283/2613 1987/3276/2607 1973/3286/2615
f 1974/3283/2613 1991/3282/2612 1987/3276/2607
f 1980/3277/2608 1979/3287/487 1976/3280/2611
f 1980/1726/2608 1985/3288/2605 1978/1724/2616
f 1980/3277/2608 1977/3281/2610 1970/3274/2606
f 1979/3287/487 1991/3282/2612 1976/3280/2611
f 1985/3288/2605 1984/3289/2617 1978/1724/2616
f 1984/3290/2617 1981/3291/2618 1978/3292/2616
f 1973/3286/2615 1987/3276/2607 1972/3272/2604
f 1988/3293/2619 1991/1729/2612 1982/1728/2620
f 1982/3294/2620 1986/3295/2621 1988/3296/2619
f 1982/3294/2620 1981/3291/2618 1986/3295/2621
f 1986/3295/2621 1981/3291/2618 1984/3290/2617
f 1987/3297/2607 1991/1729/2612 1988/3293/2619
f 2770/3298/2622 2777/2620/2622 2773/3299/2623
f 2773/3300/2623 2000/3301/2624 2774/3302/2625
f 2773/3300/2623 2776/3303/2626 1997/3304/2627
f 2775/2619/2628 2772/3305/2628 2778/2617/2629
f 2778/3306/2629 1994/3307/2630 2779/3308/2631
f 2778/3306/2629 2003/3309/2632 1994/3307/2630
f 2778/3306/2629 2771/3310/2633 2003/3309/2632
f 1994/3307/2630 1993/3311/1142 2779/3308/2631
f 1994/1734/2630 2002/3312/2634 1992/1732/2635
f 1993/3311/1142 1997/3304/2627 2779/3308/2631
f 1997/3304/2627 2000/3301/2624 2773/3300/2623
f 1997/3304/2627 2776/3303/2626 2779/3308/2631
f 1996/1736/2636 2000/3313/2624 1997/1737/2627
f 1996/1736/2636 1998/3314/2637 2000/3313/2624
f 1996/3315/2636 1995/3316/2638 1998/3317/2637
f 2000/3301/2624 1999/3318/1142 2774/3302/2625
f 1998/3317/2637 1995/3316/2638 2001/3319/2639
f 1999/3318/1142 2003/3309/2632 2774/3302/2625
f 2003/3320/2632 2002/3312/2634 1994/1734/2630
f 2003/3309/2632 2771/3310/2633 2774/3302/2625
f 2002/3321/2634 2001/3319/2639 1992/3322/2635
f 2772/3305/2628 2771/3323/2633 2778/2617/2629
f 2777/2620/2622 2776/2615/2626 2773/3299/2623
f 2001/3319/2639 1995/3316/2638 1992/3322/2635
f 2006/1740/2640 2007/1741/2641 2781/2623/2642
f 2781/2623/2642 2012/1746/2643 2008/1742/2644
f 2781/2623/2642 3356/3324/2645 2012/1746/2643
f 2781/2623/2642 2007/1741/2641 3356/3324/2645
f 2011/1745/2646 2783/2627/2647 2016/1750/2648
f 2012/1746/2643 3357/3325/2649 2011/1745/2646
f 2012/1746/2643 3356/3324/2645 3357/3325/2649
f 3357/3325/2649 2783/2627/2647 2011/1745/2646
f 3356/3324/2645 2007/1741/2641 3357/3325/2649
f 2007/1741/2641 2013/1747/2650 3357/3325/2649
f 2013/1747/2650 2783/2627/2647 3357/3325/2649
f 2013/1747/2650 2015/1749/2651 2783/2627/2647
f 2022/3326/2652 3358/3327/2653 2020/3328/2652
f 2022/3326/2652 2784/3329/2653 3358/3327/2653
f 3358/3327/2653 2024/3330/2654 2026/3331/2654
f 2784/3329/2653 2024/3330/2654 3358/3327/2653
f 2032/3332/2655 3359/3333/2656 2034/3334/2655
f 2786/3335/2656 3359/3333/2656 2032/3332/2655
f 2031/3336/2657 3359/3333/2656 2786/3335/2656
f 2031/3336/2657 2035/3337/2657 3359/3333/2656
f 3360/3338/2658 3361/3339/2659 3362/3340/2660
f 3362/3340/2660 3363/3341/2661 3360/3338/2658
f 3362/3340/2660 3364/3342/2662 3363/3341/2661
f 3362/3340/2660 3365/3343/2663 3364/3342/2664
f 3362/3340/2660 3366/3344/2665 3365/3343/2663
f 3362/3340/2660 3361/3339/2659 3366/3344/2665
f 3363/3341/2661 3367/3345/2666 3360/3338/2658
f 3363/3341/2661 3368/3346/2667 3367/3345/2666
f 3367/3345/2666 3361/3339/2659 3360/3338/2658
f 3368/3346/2668 3369/3347/2669 3367/3345/2666
f 3369/3347/2669 3370/3348/2670 3367/3345/2666
f 3370/3348/2670 3361/3339/2659 3367/3345/2666
f 2827/3349/2671 3371/3350/2672 2825/3351/2673
f 2827/3349/2671 2830/3352/2674 3371/3350/2672
f 3372/3353/2675 2831/3354/2676 2829/3355/2677
f 3372/3353/2675 3373/3356/2678 2831/3354/2676
f 2829/3355/2677 2828/3357/2679 3372/3353/2675
f 2830/3352/2674 3374/3358/2680 3371/3350/2672
f 2830/3352/2674 3375/3359/2681 3374/3358/2680
f 2831/3354/2676 3373/3356/2678 2832/3360/2682
f 2832/3360/2682 3375/3359/2681 2830/3352/2674
f 2832/3360/2682 3373/3356/2678 3375/3359/2681
f 3376/3361/2683 2833/3362/2684 2835/3363/2685
f 3376/3361/2683 2836/3364/2686 2833/3362/2684
f 3376/3361/2683 3377/3365/2687 2836/3364/2686
f 2837/3366/2688 2838/3367/2689 3378/3368/2690
f 2838/3367/2689 2839/3369/2691 3378/3368/2690
f 2839/3369/2691 3379/3370/2692 3378/3368/2690
f 2840/3371/2693 3379/3370/2692 2839/3369/2691
f 2836/3364/2686 3380/3372/2694 2840/3371/2693
f 3377/3365/2687 3380/3372/2694 2836/3364/2686
f 3380/3372/2694 3379/3370/2692 2840/3371/2693
f 3381/3373/2695 2048/3374/2696 3382/3375/2696
f 2048/3374/2696 2050/3376/2697 3382/3375/2696
f 3383/3375/2698 2051/3374/2698 3384/3373/2699
f 3383/3375/2698 2053/3376/2700 2051/3374/2698
f 2841/3377/487 2844/3378/487 2054/1796/487
f 2056/1798/1142 2055/1797/1142 2842/3379/1142
f 2054/1796/487 2844/3378/487 2057/1799/487
f 2055/1797/1142 2843/3380/1142 2842/3379/1142
f 2845/3381/410 2060/1802/410 2847/3382/410
f 2845/3381/410 2058/1800/410 2060/1802/410
f 2061/1803/409 2848/3383/409 2059/1801/409
f 2061/1803/409 2846/3384/409 2848/3383/409
f 3385/3385/2701 3386/3386/2702 3387/3387/2703
f 3385/3385/2701 3388/3388/2704 3386/3386/2702
f 3385/3385/2701 3389/3389/2705 3388/3388/2704
f 3386/3386/2702 2084/3390/2706 3387/3387/2703
f 3386/3386/2702 2087/3391/2706 2084/3390/2706
f 3389/3389/2705 3390/3392/2707 3388/3388/2704
f 3389/3389/2705 2946/2754/2708 3390/3392/2707
f 3389/3389/2705 2944/2752/2709 2946/2754/2708
f 2954/2763/2710 3391/3393/2711 2955/2764/2712
f 3392/3394/2713 3391/3393/2711 2954/2763/2710
f 2970/3395/2714 2961/3396/2715 2969/3397/2714
f 2970/3395/2714 2972/3398/2715 2961/3396/2715
f 1617/1356/2716 1471/1210/2717 1435/1174/2718
f 1435/1174/2718 1439/1178/2719 1617/1356/2716
f 1435/1174/2718 1437/1176/2720 1439/1178/2719
f 1439/1178/2719 1614/1353/2721 1617/1356/2716
f 1439/1178/2719 1441/1180/2722 1614/1353/2721
f 1608/1347/2723 1474/1213/2724 1443/1182/2725
f 1443/1182/2725 2418/2165/2726 1608/1347/2723
f 1443/1182/2725 1445/1184/2727 2418/2165/2726
f 2418/2165/2726 1605/1344/2728 1608/1347/2723
f 2418/2165/2726 2420/2167/2729 1605/1344/2728
f 1560/1299/2730 1477/1216/2731 1447/1186/2732
f 1447/1186/2732 3280/3069/2733 1560/1299/2730
f 1447/1186/2732 1449/1188/2734 3280/3069/2733
f 3280/3069/2733 1557/1296/2735 1560/1299/2730
f 3280/3069/2733 2441/2188/2736 1557/1296/2735
f 1551/1290/2737 1480/1219/2738 1451/1190/2739
f 1451/1190/2739 2422/2169/2740 1551/1290/2737
f 1451/1190/2739 1453/1192/2741 2422/2169/2740
f 2422/2169/2740 1548/1287/2742 1551/1290/2737
f 2422/2169/2740 2424/2171/2743 1548/1287/2742
f 1587/1326/2744 1483/1222/2745 1455/1194/2746
f 1455/1194/2746 2426/2173/2747 1587/1326/2744
f 1455/1194/2746 1457/1196/2748 2426/2173/2747
f 2426/2173/2747 1584/1323/2749 1587/1326/2744
f 2426/2173/2747 2428/2175/2750 1584/1323/2749
f 1569/1308/2751 1486/1225/2752 1459/1198/2753
f 1459/1198/2753 2430/2177/2754 1569/1308/2751
f 1459/1198/2753 1461/1200/2755 2430/2177/2754
f 2430/2177/2754 1566/1305/2756 1569/1308/2751
f 2430/2177/2754 2432/2179/2757 1566/1305/2756
f 1596/1335/2758 1489/1228/2759 1463/1202/2760
f 1463/1202/2760 2434/2181/2761 1596/1335/2758
f 1463/1202/2760 1465/1204/2762 2434/2181/2761
f 2434/2181/2761 1593/1332/2763 1596/1335/2758
f 2434/2181/2761 2436/2183/2764 1593/1332/2763
f 1578/1317/2765 1492/1231/2766 1467/1206/2767
f 1578/1317/2768 3283/3072/2769 1575/1314/2770
f 1467/1206/2771 3393/3399/2772 1578/1317/2773
f 1467/1206/2771 1469/1208/2774 3393/3399/2772
f 1471/1210/2717 2460/2207/2775 1435/1174/2718
f 1471/1210/2717 1473/1212/2776 2460/2207/2775
f 1474/1213/2724 1602/1341/2777 1443/1182/2725
f 1474/1213/2724 1476/1215/2778 1602/1341/2777
f 1477/1216/2731 2440/2187/2779 1447/1186/2732
f 1477/1216/2731 1479/1218/2780 2440/2187/2779
f 1480/1219/2738 3282/3071/2781 1451/1190/2739
f 1480/1219/2738 1482/1221/2782 3282/3071/2781
f 1483/1222/2745 3284/3073/2783 1455/1194/2746
f 1483/1222/2745 1485/1224/2784 3284/3073/2783
f 1486/1225/2752 2447/2194/2785 1459/1198/2753
f 1486/1225/2752 1488/1227/2786 2447/2194/2785
f 1489/1228/2759 2457/2204/2787 1463/1202/2760
f 1489/1228/2759 1491/1230/2788 2457/2204/2787
f 1492/1231/2766 2450/2197/2789 1467/1206/2767
f 1492/1231/2766 1494/1233/2790 2450/2197/2789
f 3284/3073/2783 1618/1357/2791 1455/1194/2746
f 3284/3073/2783 3394/3400/2792 1618/1357/2791
f 3284/3073/2783 3395/3401/2793 3394/3400/2792
f 3284/3073/2783 3286/3075/2794 3395/3401/2793
f 2450/2197/2789 1622/1361/2795 1467/1206/2767
f 2450/2197/2789 3396/3402/2796 1622/1361/2795
f 2450/2197/2789 3397/3403/2797 3396/3402/2796
f 2450/2197/2789 2536/2259/2798 3397/3403/2797
f 2457/2204/2787 1624/1363/2799 1463/1202/2760
f 2457/2204/2787 3398/3404/2800 1624/1363/2799
f 2457/2204/2787 3399/3405/2801 3398/3404/2800
f 2457/2204/2787 2535/2258/2802 3399/3405/2801
f 1602/1341/2777 1626/1365/2803 1443/1182/2725
f 1602/1341/2777 3400/3406/2804 1626/1365/2803
f 1602/1341/2777 3401/3407/2805 3400/3406/2804
f 1602/1341/2777 1634/1373/2806 3401/3407/2805
f 2460/2207/2775 1628/1367/2807 1435/1174/2718
f 2460/2207/2775 3402/3408/2808 1628/1367/2807
f 2460/2207/2775 3403/3409/2809 3402/3408/2808
f 2460/2207/2775 2534/2257/2810 3403/3409/2809
f 3282/3071/2781 1630/1369/2811 1451/1190/2739
f 3282/3071/2781 3404/3410/2812 1630/1369/2811
f 3282/3071/2781 3405/3411/2813 3404/3410/2812
f 3282/3071/2781 3285/3074/2814 3405/3411/2813
f 2440/2187/2779 1632/1371/2815 1447/1186/2732
f 2440/2187/2779 3406/3412/2816 1632/1371/2815
f 2440/2187/2779 3407/3413/2817 3406/3412/2816
f 2440/2187/2779 2533/2256/2818 3407/3413/2817
f 2447/2194/2785 1621/1360/2819 1459/1198/2753
f 2447/2194/2785 3408/3414/2820 1621/1360/2819
f 2447/2194/2785 3409/3415/2821 3408/3414/2820
f 2447/2194/2785 2537/2260/2822 3409/3415/2821
f 1497/1236/2823 1603/1342/2824 1495/1234/2825
f 1497/1236/2823 3410/3416/2826 1603/1342/2824
f 1497/1236/2823 2546/2269/2827 3410/3416/2826
f 1497/1236/2823 2548/2271/2828 2546/2269/2827
f 1495/1234/2825 1500/1239/2829 1496/1235/2830
f 1495/1234/2825 2420/2167/2729 1500/1239/2829
f 1496/1235/2831 1498/1237/2832 1497/1236/2823
f 1496/1235/2831 1499/1238/2833 1498/1237/2832
f 1500/1239/2829 1499/1238/2834 1496/1235/2830
f 1500/1239/2829 1589/1328/2835 1498/1237/2832
f 1500/1239/2829 2455/2202/2836 1589/1328/2835
f 1500/1239/2829 2420/2167/2729 2455/2202/2836
f 1498/1237/2832 2548/2271/2828 1497/1236/2823
f 1503/1242/2837 1505/1244/2838 1504/1243/2839
f 1503/1242/2837 3411/3417/2840 1501/1240/2841
f 1503/1242/2837 2544/2267/2842 3411/3417/2840
f 1503/1242/2837 2546/2269/2827 2544/2267/2842
f 1501/1240/2841 1506/1245/2843 1502/1241/2844
f 1501/1240/2841 1441/1180/2722 1506/1245/2843
f 1501/1240/2841 3411/3417/2840 1612/1351/2845
f 1502/1241/2846 1505/1244/2838 1503/1242/2837
f 1506/1245/2843 1505/1244/2847 1502/1241/2844
f 1506/1245/2843 1600/1339/2848 1598/1337/2849
f 1506/1245/2843 3410/3416/2826 1504/1243/2839
f 1506/1245/2843 1441/1180/2722 1600/1339/2848
f 1504/1243/2839 2546/2269/2827 1503/1242/2837
f 1509/1248/2850 1511/1250/2851 1510/1249/2852
f 1509/1248/2850 3412/3418/2853 1507/1246/2854
f 1509/1248/2850 2541/2264/2855 3412/3418/2853
f 1509/1248/2850 2544/2267/2842 2541/2264/2855
f 1507/1246/2854 1512/1251/2856 1508/1247/2857
f 1507/1246/2854 3412/3418/2853 1546/1285/2858
f 1507/1246/2854 2458/2205/2859 1512/1251/2856
f 1508/1247/2860 1511/1250/2851 1509/1248/2850
f 1512/1251/2856 1511/1250/2861 1508/1247/2857
f 1512/1251/2856 1610/1349/2862 1510/1249/2852
f 1512/1251/2856 2458/2205/2859 1610/1349/2862
f 1510/1249/2852 2544/2267/2842 1509/1248/2850
f 1515/1254/2863 1517/1256/2864 1516/1255/2865
f 1515/1254/2863 1555/1294/2866 1513/1252/2867
f 1515/1254/2863 3413/3419/2868 1555/1294/2866
f 1515/1254/2863 2538/2261/2869 3413/3419/2868
f 1515/1254/2863 2541/2264/2855 2538/2261/2869
f 1513/1252/2867 1518/1257/2870 1514/1253/2871
f 1513/1252/2867 2441/2188/2736 1518/1257/2870
f 1514/1253/2872 1517/1256/2864 1515/1254/2863
f 1518/1257/2870 1517/1256/2871 1514/1253/2871
f 1518/1257/2870 1544/1283/2873 1516/1255/2865
f 1518/1257/2870 2443/2190/2874 1544/1283/2873
f 1518/1257/2870 2441/2188/2736 2443/2190/2874
f 1516/1255/2865 2541/2264/2855 1515/1254/2863
f 1521/1260/2875 1564/1303/2876 1519/1258/2877
f 1521/1260/2875 3414/3420/2878 1564/1303/2876
f 1521/1260/2875 2540/2263/2879 3414/3420/2878
f 1519/1258/2877 1523/1262/2880 1520/1259/2881
f 1519/1258/2877 2432/2179/2757 1524/1263/2882
f 1520/1259/2883 1522/1261/2884 1521/1260/2875
f 1520/1259/2883 1523/1262/2885 1522/1261/2884
f 1524/1263/2882 1523/1262/2880 1519/1258/2877
f 1524/1263/2882 1553/1292/2886 1522/1261/2884
f 1524/1263/2882 2438/2185/2887 1553/1292/2886
f 1524/1263/2882 2432/2179/2757 2438/2185/2887
f 1522/1261/2884 2538/2261/2869 1521/1260/2875
f 1527/1266/2888 1529/1268/2889 1528/1267/2890
f 1527/1266/2888 3415/3421/2891 1525/1264/2892
f 1527/1266/2888 2552/2275/2893 3415/3421/2891
f 1527/1266/2888 2540/2263/2879 2552/2275/2893
f 1525/1264/2892 1530/1269/2894 1526/1265/2895
f 1525/1264/2892 2428/2175/2750 1530/1269/2894
f 1525/1264/2892 3415/3421/2891 1582/1321/2896
f 1526/1265/2897 1529/1268/2889 1527/1266/2888
f 1530/1269/2894 1529/1268/2898 1526/1265/2895
f 1530/1269/2894 1562/1301/2899 1528/1267/2890
f 1530/1269/2894 2445/2192/2900 1562/1301/2899
f 1530/1269/2894 2428/2175/2750 2445/2192/2900
f 1528/1267/2890 2540/2263/2879 1527/1266/2888
f 1533/1272/2901 1535/1274/2902 1534/1273/2903
f 1533/1272/2901 1573/1312/2904 1531/1270/2905
f 1533/1272/2901 3416/3422/2906 1573/1312/2904
f 1533/1272/2901 2550/2273/2907 3416/3422/2906
f 1533/1272/2901 2552/2275/2893 2550/2273/2907
f 1531/1270/2905 1536/1275/2908 1532/1271/2909
f 1531/1270/2905 2451/2198/2910 1536/1275/2908
f 1532/1271/2911 1535/1274/2902 1533/1272/2901
f 1536/1275/2908 1535/1274/2912 1532/1271/2909
f 1536/1275/2908 1580/1319/2913 1534/1273/2903
f 1536/1275/2908 2453/2200/2914 1580/1319/2913
f 1534/1273/2903 2552/2275/2893 1533/1272/2901
f 1539/1278/2915 1541/1280/2916 1540/1279/2917
f 1539/1278/2915 3417/3423/2918 1537/1276/2919
f 1539/1278/2915 2548/2271/2828 3417/3423/2918
f 1539/1278/2915 2550/2273/2907 2548/2271/2828
f 1537/1276/2919 1542/1281/2920 1538/1277/2921
f 1537/1276/2919 2436/2183/2764 1542/1281/2920
f 1537/1276/2919 3417/3423/2918 1591/1330/2922
f 1538/1277/2916 1541/1280/2916 1539/1278/2915
f 1542/1281/2920 1541/1280/2923 1538/1277/2921
f 1542/1281/2920 1571/1310/2924 1540/1279/2917
f 1542/1281/2920 2448/2195/2925 1571/1310/2924
f 1542/1281/2920 2436/2183/2764 2448/2195/2925
f 1540/1279/2917 2550/2273/2907 1539/1278/2915
f 1482/1221/2782 2443/2190/2874 3282/3071/2781
f 1544/1283/2873 2443/2190/2874 1482/1221/2782
f 1544/1283/2873 3412/3418/2853 1516/1255/2865
f 1544/1283/2873 1547/1286/2926 1546/1285/2858
f 1546/1285/2858 2424/2171/2743 1507/1246/2854
f 1546/1285/2858 3412/3418/2853 1544/1283/2873
f 1548/1287/2742 2424/2171/2743 1546/1285/2858
f 2424/2171/2743 2458/2205/2859 1507/1246/2854
f 3412/3418/2853 2541/2264/2855 1516/1255/2865
f 1479/1218/2780 2438/2185/2887 2440/2187/2779
f 1553/1292/2886 2438/2185/2887 1479/1218/2780
f 1553/1292/2886 3413/3419/2868 1522/1261/2884
f 1553/1292/2886 1556/1295/2927 1555/1294/2866
f 1555/1294/2866 2441/2188/2736 1513/1252/2867
f 1555/1294/2866 3413/3419/2868 1553/1292/2886
f 1557/1296/2735 2441/2188/2736 1555/1294/2866
f 3413/3419/2868 2538/2261/2869 1522/1261/2884
f 1488/1227/2786 2445/2192/2900 2447/2194/2785
f 1562/1301/2899 2445/2192/2900 1488/1227/2786
f 1562/1301/2899 3414/3420/2878 1528/1267/2890
f 1562/1301/2899 1565/1304/2928 1564/1303/2876
f 1564/1303/2876 2432/2179/2757 1519/1258/2877
f 1564/1303/2876 3414/3420/2878 1562/1301/2899
f 1566/1305/2756 2432/2179/2757 1564/1303/2876
f 3414/3420/2878 2540/2263/2879 1528/1267/2890
f 1494/1233/2790 2448/2195/2925 2450/2197/2789
f 1571/1310/2924 2448/2195/2925 1494/1233/2790
f 1571/1310/2924 3416/3422/2906 1540/1279/2917
f 1571/1310/2924 1574/1313/2929 1573/1312/2904
f 1573/1312/2904 2451/2198/2910 1531/1270/2905
f 1573/1312/2904 3416/3422/2906 1571/1310/2924
f 1575/1314/2770 2451/2198/2910 1573/1312/2904
f 1575/1314/2770 3283/3072/2769 2451/2198/2910
f 2451/2198/2910 2453/2200/2914 1536/1275/2908
f 3416/3422/2906 2550/2273/2907 1540/1279/2917
f 1485/1224/2784 2453/2200/2914 3284/3073/2783
f 1580/1319/2913 2453/2200/2914 1485/1224/2784
f 1580/1319/2913 3415/3421/2891 1534/1273/2903
f 1580/1319/2913 1579/1318/2930 1582/1321/2896
f 1582/1321/2896 2428/2175/2750 1525/1264/2892
f 1582/1321/2896 3415/3421/2891 1580/1319/2913
f 1584/1323/2749 2428/2175/2750 1582/1321/2896
f 3415/3421/2891 2552/2275/2893 1534/1273/2903
f 1491/1230/2788 2455/2202/2836 2457/2204/2787
f 1589/1328/2835 2455/2202/2836 1491/1230/2788
f 1589/1328/2835 3417/3423/2918 1498/1237/2832
f 1589/1328/2835 1588/1327/2931 1591/1330/2922
f 1591/1330/2922 2436/2183/2764 1537/1276/2919
f 1591/1330/2922 3417/3423/2918 1589/1328/2835
f 1593/1332/2763 2436/2183/2764 1591/1330/2922
f 3417/3423/2918 2548/2271/2828 1498/1237/2832
f 1476/1215/2778 1600/1339/2848 1602/1341/2777
f 1598/1337/2849 1600/1339/2848 1476/1215/2778
f 1598/1337/2849 3410/3416/2826 1506/1245/2843
f 1598/1337/2849 1604/1343/2932 1603/1342/2824
f 1603/1342/2824 2420/2167/2729 1495/1234/2825
f 1603/1342/2824 3410/3416/2826 1598/1337/2849
f 1605/1344/2728 2420/2167/2729 1603/1342/2824
f 3410/3416/2826 2546/2269/2827 1504/1243/2839
f 1473/1212/2776 2458/2205/2859 2460/2207/2775
f 1610/1349/2862 2458/2205/2859 1473/1212/2776
f 1610/1349/2862 3411/3417/2840 1510/1249/2852
f 1610/1349/2862 1609/1348/2933 1612/1351/2845
f 1612/1351/2845 1441/1180/2722 1501/1240/2841
f 1612/1351/2845 3411/3417/2840 1610/1349/2862
f 1614/1353/2721 1441/1180/2722 1612/1351/2845
f 3411/3417/2840 2544/2267/2842 1510/1249/2852
f 3394/3400/2792 1469/1208/2774 1618/1357/2791
f 3394/3400/2792 3418/3424/2934 1469/1208/2774
f 3394/3400/2792 3419/3425/2935 3418/3424/2934
f 1457/1196/2748 3420/3426/2936 2426/2173/2747
f 1457/1196/2748 1621/1360/2819 3420/3426/2936
f 3420/3426/2936 3421/3427/2937 2426/2173/2747
f 1621/1360/2819 3408/3414/2820 3420/3426/2936
f 3408/3414/2820 3421/3427/2937 3420/3426/2936
f 3408/3414/2820 3409/3415/2821 3421/3427/2937
f 1469/1208/2774 3418/3424/2934 3393/3399/2772
f 3418/3424/2934 3287/3076/2938 3393/3399/2772
f 3396/3402/2796 1465/1204/2762 1622/1361/2795
f 3396/3402/2796 3422/3428/2939 1465/1204/2762
f 3396/3402/2796 3423/3429/2940 3422/3428/2939
f 1465/1204/2762 3422/3428/2939 2434/2181/2761
f 3422/3428/2939 3423/3429/2940 2434/2181/2761
f 3398/3404/2800 1445/1184/2727 1624/1363/2799
f 3398/3404/2800 3424/3430/2941 1445/1184/2727
f 3398/3404/2800 3425/3431/2942 3424/3430/2941
f 1445/1184/2727 3424/3430/2941 2418/2165/2726
f 3424/3430/2941 3425/3431/2942 2418/2165/2726
f 3400/3406/2804 1437/1176/2720 1626/1365/2803
f 3400/3406/2804 3426/3432/2943 1437/1176/2720
f 3400/3406/2804 3427/3433/2944 3426/3432/2943
f 1437/1176/2720 3426/3432/2943 1439/1178/2719
f 3426/3432/2943 3427/3433/2944 1439/1178/2719
f 3402/3408/2808 1453/1192/2741 1628/1367/2807
f 3402/3408/2808 3428/3434/2945 1453/1192/2741
f 3402/3408/2808 3429/3435/2946 3428/3434/2945
f 1453/1192/2741 3428/3434/2945 2422/2169/2740
f 3428/3434/2945 3429/3435/2946 2422/2169/2740
f 3404/3410/2812 1449/1188/2734 1630/1369/2811
f 3404/3410/2812 3430/3436/2947 1449/1188/2734
f 3404/3410/2812 3431/3437/2948 3430/3436/2947
f 1449/1188/2734 3430/3436/2947 3280/3069/2733
f 3430/3436/2947 3431/3437/2948 3280/3069/2733
f 3406/3412/2816 1461/1200/2755 1632/1371/2815
f 3406/3412/2816 3432/3438/2949 1461/1200/2755
f 3406/3412/2816 3433/3439/2950 3432/3438/2949
f 1461/1200/2755 3432/3438/2949 2430/2177/2754
f 3432/3438/2949 3433/3439/2950 2430/2177/2754
f 3407/3413/2817 3433/3439/2950 3406/3412/2816
f 3433/3439/2950 2433/2180/2951 2430/2177/2754
f 3405/3411/2813 3431/3437/2948 3404/3410/2812
f 3431/3437/2948 3281/3070/2952 3280/3069/2733
f 3403/3409/2809 3429/3435/2946 3402/3408/2808
f 3429/3435/2946 2425/2172/2953 2422/2169/2740
f 3401/3407/2805 3427/3433/2944 3400/3406/2804
f 3427/3433/2944 1442/1181/2954 1439/1178/2719
f 3399/3405/2801 3425/3431/2942 3398/3404/2800
f 3425/3431/2942 2421/2168/2955 2418/2165/2726
f 3397/3403/2797 3423/3429/2940 3396/3402/2796
f 3423/3429/2940 2437/2184/2956 2434/2181/2761
f 3395/3401/2793 3419/3425/2935 3394/3400/2792
f 3419/3425/2935 3287/3076/2938 3418/3424/2934
f 3421/3427/2937 2429/2176/2957 2426/2173/2747
f 2538/2261/2869 2540/2263/2879 1521/1260/2875
f 1543/1282/2926 1547/1286/2926 1544/1283/2873
f 1552/1291/2958 1556/1295/2927 1553/1292/2886
f 1561/1300/2928 1565/1304/2928 1562/1301/2899
f 1570/1309/2929 1574/1313/2929 1571/1310/2924
f 1579/1318/2930 1583/1322/2959 1582/1321/2896
f 1588/1327/2931 1592/1331/2931 1591/1330/2922
f 1597/1336/2932 1604/1343/2932 1598/1337/2849
f 1609/1348/2933 1613/1352/2960 1612/1351/2845
f 3434/3440/2961 3300/3441/2962 3435/3442/2963
f 3436/3443/2964 3299/3444/2965 3434/3440/2961
f 3436/3443/2964 3297/3445/2964 3299/3444/2965
f 3436/3446/2964 3298/3085/2966 3297/3447/2964
f 3437/3083/2967 3298/3085/2966 3436/3446/2964
f 3437/3083/2967 1678/3084/487 3298/3085/2966
f 2582/3448/2968 3296/3449/2968 2581/2305/2969
f 2581/2305/2969 3438/2308/2970 2583/2309/2971
f 3299/3444/2965 3300/3441/2962 3434/3440/2961
f 2586/3450/2972 2585/3451/2973 3300/3441/2962
f 3300/3441/2962 2585/3451/2973 3435/3442/2963
f 3296/3449/2968 3438/2308/2970 2581/2305/2969
f 1656/3452/487 1678/3084/487 3437/3083/2967
f 2583/2309/2971 3439/2319/2974 1652/2320/2975
f 1652/2320/2975 3439/2319/2974 1653/2321/2975
f 3438/2308/2970 3439/2319/2974 2583/2309/2971
f 1681/2322/2976 1740/3453/2977 2591/3454/2978
f 1680/3455/2979 1740/3453/2977 1681/2322/2976
f 1685/3456/2980 1729/3453/2981 1731/3457/2980
f 1688/2322/2982 1729/3453/2983 1685/3456/2984
f 1693/3458/2985 3440/3459/2986 1696/3460/2985
f 1694/3461/2987 2592/3462/2988 1695/3463/2989
f 1694/3461/2987 3441/3464/2990 2592/3462/2988
f 2591/3465/2978 3440/3459/2986 1693/3458/2985
f 2591/3465/2978 1699/3466/2991 3440/3459/2986
f 2591/3465/2978 1697/3467/2992 1699/3466/2991
f 2591/3454/2978 1740/3453/2977 1697/3468/2992
f 2592/3454/2988 1729/3453/2983 1688/2322/2982
f 3441/3464/2990 1701/3469/2993 2592/3462/2988
f 1701/3469/2993 1703/3470/2994 2592/3462/2988
f 1703/3471/2994 1729/3453/2983 2592/3454/2988
f 1703/3471/2994 2595/3472/2995 1729/3453/2983
f 1718/3473/2996 2598/3132/2996 2596/3474/728
f 1719/3133/2996 2598/3132/2996 1718/3473/2996
f 1739/3457/2997 1740/3453/2977 1680/3455/2979
f 1740/3453/2977 2593/3472/2998 1697/3468/2992
f 1862/1611/2999 2665/2472/3000 1858/1607/3001
f 1867/1616/3002 2667/2474/2539 1864/1613/3003
f 2668/2475/3004 2667/2474/2539 1867/1616/3002
f 2667/2474/2539 1879/1628/2544 1864/1613/3003
f 2666/2473/3005 2665/2472/3000 1862/1611/2999
f 2665/2472/3000 1861/1610/3006 1858/1607/3001
f 2665/2472/3000 2670/2480/3007 1861/1610/3006
f 2669/2479/2545 1879/1628/2544 2667/2474/2539
f 3322/3209/863 1898/3475/864 2671/3208/865
f 3322/3209/863 1901/3476/3008 1898/3475/864
f 2671/3208/865 1898/3475/864 1897/3477/867
f 1887/1636/2999 3323/3210/3000 1883/1632/3009
f 2672/3211/3010 3323/3210/3000 1887/1636/2999
f 3323/3210/3000 1886/1635/3006 1883/1632/3009
f 3323/3210/3000 3325/3213/3007 1886/1635/3006
f 3324/3212/3011 1901/3476/3008 3322/3209/863
f 2740/3478/3012 2747/3479/3013 2738/3480/3014
f 2740/3478/3012 2752/3481/3015 2747/3479/3013
f 2740/3478/3012 2754/3482/3015 2752/3481/3015
f 2738/3480/3014 2749/3483/3016 2742/3484/3017
f 2742/3484/3017 2755/2595/3018 1935/3485/3019
f 1935/3485/3019 2755/2595/3018 1936/2583/3020
f 2747/3479/3013 2749/3483/3016 2738/3480/3014
f 2749/3483/3016 2753/3486/3021 2742/3484/3017
f 2753/3486/3021 2755/2595/3018 2742/3484/3017
f 1939/3487/3022 2755/2595/3018 2753/3486/3021
f 1939/3487/3022 1941/2596/3023 2755/2595/3018
f 1946/3488/3024 3351/3489/3025 1944/3490/3026
f 1946/3488/3024 3353/3491/3027 3351/3489/3025
f 1950/3492/3028 3353/3491/3027 1946/3488/3024
f 1950/3492/3028 3355/3493/3029 3353/3491/3027
f 1950/3492/3028 3349/3261/3030 3355/3493/3029
f 1951/3494/3031 3349/3261/3030 1950/3492/3028
f 3348/3260/3032 3349/3261/3030 1951/3494/3031
f 3351/3489/3025 2756/3495/3033 1944/3490/3026
f 3355/3493/3029 3349/3261/3030 1953/3496/3034
f 2756/3495/3033 1949/3497/3033 1944/3490/3026
f 3349/3261/3030 1956/3270/3035 1953/3496/3034
f 3381/3498/3036 3442/3499/3037 2048/3500/3038
f 2051/3501/3039 3442/3499/3037 3384/3502/3040
f 2051/3501/3039 2052/3503/3041 3442/3499/3037
f 3442/3499/3037 2052/3503/3041 2048/3500/3038
f 3388/3504/3042 2949/3505/3043 3386/3506/3044
f 3388/3504/3042 2951/3507/3045 2949/3505/3043
f 3390/3508/3046 2951/3507/3045 3388/3504/3042
f 3390/3508/3046 2953/3509/3047 2951/3507/3045
f 3390/3508/3046 3443/3510/3048 2953/3509/3047
f 2946/3511/3049 3443/3510/3048 3390/3508/3046
f 2947/3512/3050 3443/3510/3048 2946/3511/3049
f 2949/3505/3043 2085/3513/3051 3386/3506/3044
f 2953/3509/3047 3443/3510/3048 2954/3514/3052
f 2085/3513/3051 2087/3515/3051 3386/3506/3044
f 3443/3510/3048 3392/3516/3053 2954/3514/3052
f 2958/3517/3054 2965/3518/3055 2956/3519/3056
f 2958/3517/3054 2970/3520/3057 2965/3518/3055
f 2958/3517/3054 2972/3521/3057 2970/3520/3057
f 2956/3519/3056 2967/3522/3058 2960/3523/3059
f 2960/3523/3059 2973/2785/3060 2088/3524/3061
f 2088/3524/3061 2973/2785/3060 2089/2773/3062
f 2965/3518/3055 2967/3522/3058 2956/3519/3056
f 2967/3522/3058 2971/3525/3063 2960/3523/3059
f 2971/3525/3063 2973/2785/3060 2960/3523/3059
f 2092/3526/3064 2973/2785/3060 2971/3525/3063
f 2092/3526/3064 2094/2786/3065 2973/2785/3060
f 3444/3527/3066 3445/3528/3067 1649/3529/3068
f 1649/3529/3068 3446/3530/3069 3444/3527/3066
f 1649/3529/3068 3445/3528/3067 1647/3531/3070
f 1649/3529/3068 3447/3532/3071 3446/3530/3069
f 1649/3529/3068 3448/3533/3072 3447/3532/3071
f 1649/3534/3068 2567/2284/3073 3448/3535/3072
f 3449/3536/3074 3447/3532/3071 1643/3537/3075
f 1643/3537/3075 3450/3538/3076 3449/3536/3074
f 1643/3537/3075 3451/3539/3077 3450/3538/3076
f 1643/3540/3075 2567/2284/3073 1644/1379/3078
f 3450/3538/3076 3451/3539/3077 3452/3541/3079
f 1646/3542/3080 3451/3539/3077 1645/3543/3081
f 1646/3542/3080 3453/3544/3082 3451/3539/3077
f 1646/3545/3080 2566/3546/3083 3454/3547/3084
f 1645/3543/3081 3451/3539/3077 1643/3537/3075
f 1647/3531/3070 3445/3528/3067 1650/3548/3085
f 1650/3549/3085 3455/3550/3086 3456/3551/3087
f 1648/1383/3088 2567/2284/3073 1649/3534/3068
f 3435/3552/3089 2585/3553/3090 3457/3554/3091
f 3457/3554/3091 3458/3555/3092 3435/3552/3089
f 3457/3554/3091 3459/3556/3093 3458/3555/3092
f 3457/3554/3091 2585/3553/3090 3460/3557/3094
f 3457/3554/3091 3461/3558/3095 3462/3559/3096
f 3458/3555/3092 3434/3560/3097 3435/3552/3089
f 3458/3555/3092 3459/3556/3093 3434/3560/3097
f 3434/3560/3097 3459/3556/3093 3436/3561/3098
f 3436/3561/3098 3462/3559/3096 3463/3562/3099
f 3436/3561/3098 3459/3556/3093 3462/3559/3096
f 3463/3562/3099 3437/3563/3100 3436/3561/3098
f 3463/3562/3099 3464/3564/3101 3437/3563/3100
f 3437/3563/3100 3464/3564/3101 1656/3565/3102
f 1651/3566/3103 3465/3567/3104 3466/3568/3105
f 1653/3569/3106 3467/3570/3107 1651/3566/3103
f 1653/3569/3106 3468/3571/3108 3467/3570/3107
f 1653/3569/3106 3469/3572/3109 3468/3571/3108
f 1653/3569/3106 3289/3573/3110 1671/3574/3111
f 1653/3569/3106 3439/3575/3112 3289/3573/3110
f 3467/3570/3107 3470/3576/3113 3471/3577/3114
f 3467/3570/3107 3468/3571/3108 3470/3576/3113
f 3467/3570/3107 3465/3567/3104 1651/3566/3103
f 3472/3578/3115 3473/3579/3116 3474/3580/3117
f 3472/3578/3115 3475/3581/3118 3476/3582/3119
f 3474/3580/3117 3477/3583/3120 3472/3578/3115
f 3474/3580/3117 3478/3584/3121 3477/3583/3120
f 3474/3580/3117 3479/3585/3122 3480/3586/3123
f 3477/3583/3120 3481/3587/3124 3482/3588/3125
f 3477/3583/3120 3475/3581/3118 3472/3578/3115
f 3456/3551/3087 3454/3547/3084 1650/3549/3085
f 3456/3551/3087 3483/3589/3126 3484/3590/3127
f 3456/3551/3087 3455/3550/3086 3485/3591/3128
f 3484/3590/3127 3454/3547/3084 3456/3551/3087
f 3484/3590/3127 3486/3592/3129 3454/3547/3084
f 3484/3590/3127 3487/3593/3130 3486/3592/3129
f 3484/3590/3127 3488/3594/3131 3487/3593/3130
f 3454/3547/3084 3486/3592/3129 1646/3545/3080
f 3454/3547/3084 2566/3546/3083 1650/3549/3085
f 3486/3592/3129 3453/3595/3082 1646/3545/3080
f 3487/3593/3130 3489/3596/3132 3486/3592/3129
f 3487/3593/3130 3482/3588/3125 3489/3596/3132
f 3487/3593/3130 3475/3581/3118 3482/3588/3125
f 3489/3596/3132 3453/3595/3082 3486/3592/3129
f 3482/3588/3125 3453/3595/3082 3489/3596/3132
f 3482/3588/3125 3475/3581/3118 3477/3583/3120
f 3490/3597/3133 3296/3598/3134 3491/3599/3135
f 3490/3597/3133 1657/3600/1571 3296/3598/3134
f 3490/3597/3133 3492/3601/3136 3493/3602/3137
f 3490/3597/3133 1658/3603/3138 1657/3600/1571
f 3493/3602/3137 3494/3604/3139 3490/3597/3133
f 3493/3602/3137 3495/3605/3140 3494/3604/3139
f 3493/3602/3137 3496/3606/3141 3495/3605/3140
f 3493/3602/3137 3497/3607/3142 3496/3606/3141
f 3494/3604/3139 1658/3603/3138 3490/3597/3133
f 3495/3605/3140 1665/3608/3143 3494/3604/3139
f 3496/3606/3141 3498/3609/3144 3495/3605/3140
f 3496/3606/3141 3499/3610/3145 3498/3609/3144
f 3496/3606/3141 3500/3611/3146 3499/3610/3145
f 3496/3606/3141 3501/3612/3147 3500/3611/3146
f 3498/3609/3144 1665/3608/3143 3495/3605/3140
f 3499/3610/3145 1668/3613/3148 3498/3609/3144
f 3500/3611/3146 3502/3614/3149 3499/3610/3145
f 3500/3611/3146 3460/3557/3094 3502/3614/3149
f 3500/3611/3146 3503/3615/3150 3460/3557/3094
f 3502/3614/3149 1668/3613/3148 3499/3610/3145
f 3460/3557/3094 3504/3616/3151 3457/3554/3091
f 3460/3557/3094 1662/3617/3152 3502/3614/3149
f 3505/3618/3153 3506/3619/3154 3491/3599/3135
f 3505/3618/3153 3291/3620/3155 3506/3619/3154
f 3491/3599/3135 3507/3621/3156 3505/3618/3153
f 3491/3599/3135 3295/3622/3157 3507/3621/3156
f 3491/3599/3135 3296/3598/3134 3295/3622/3157
f 3491/3599/3135 3508/3623/3158 3490/3597/3133
f 3507/3621/3156 3292/3624/3159 3505/3618/3153
f 3462/3559/3096 3459/3556/3093 3457/3554/3091
f 3462/3559/3096 3509/3625/3160 3463/3562/3099
f 3510/3626/3161 3511/3627/3162 3471/3577/3114
f 3510/3626/3161 3512/3628/3163 3511/3627/3162
f 3510/3626/3161 3513/3629/3164 3514/3630/3165
f 3471/3577/3114 3470/3576/3113 3510/3626/3161
f 3471/3577/3114 3511/3627/3162 3515/3631/3166
f 3471/3577/3114 3465/3567/3104 3467/3570/3107
f 3470/3576/3113 3513/3629/3164 3510/3626/3161
f 3485/3591/3128 3483/3589/3126 3456/3551/3087
f 3485/3591/3128 3516/3632/3167 3514/3630/3165
f 3485/3591/3128 3455/3550/3086 3516/3632/3167
f 3514/3630/3165 3483/3589/3126 3485/3591/3128
f 3514/3630/3165 3512/3628/3163 3510/3626/3161
f 3514/3630/3165 3516/3632/3167 3512/3628/3163
f 3514/3630/3165 3513/3629/3164 3483/3589/3126
f 3483/3589/3126 3488/3594/3131 3484/3590/3127
f 3476/3582/3119 3473/3579/3116 3472/3578/3115
f 3476/3582/3119 3517/3633/3168 1654/3634/3169
f 3476/3582/3119 3518/3635/3170 3519/3636/3171
f 3476/3582/3119 3475/3581/3118 3518/3635/3170
f 1654/3634/3169 3473/3579/3116 3476/3582/3119
f 1654/3634/3169 1656/3565/3102 3473/3579/3116
f 1654/3634/3169 3294/3637/3172 2590/3638/3173
f 1654/3634/3169 1674/3639/3174 3294/3637/3172
f 1654/3634/3169 3517/3633/3168 1674/3639/3174
f 3473/3579/3116 3479/3585/3122 3474/3580/3117
f 3506/3619/3154 3520/3640/3175 3491/3599/3135
f 3506/3619/3154 3521/3641/3176 3522/3642/3177
f 3506/3619/3154 3291/3620/3155 3521/3641/3176
f 3295/3622/3157 3292/3624/3159 3507/3621/3156
f 3292/3624/3159 3291/3620/3155 3505/3618/3153
f 1657/3600/1571 3288/3643/3178 3296/3598/3134
f 2585/3553/3090 1660/3644/3179 3460/3557/3094
f 2585/3553/3090 3293/3645/3180 1660/3644/3179
f 2585/3553/3090 2587/3646/3181 3293/3645/3180
f 1660/3644/3179 1662/3617/3152 3460/3557/3094
f 1656/3565/3102 3479/3585/3122 3473/3579/3116
f 3468/3571/3108 3469/3572/3109 3523/3647/3182
f 3468/3571/3108 3513/3629/3164 3470/3576/3113
f 3468/3571/3108 3518/3635/3170 3513/3629/3164
f 3524/3648/3183 3525/3649/3184 3526/3650/3185
f 3524/3648/3183 3527/3651/3186 3525/3649/3184
f 3524/3648/3183 3528/3652/3187 3527/3651/3186
f 3526/3650/3185 3529/3653/3188 3524/3648/3183
f 3526/3650/3185 3530/3654/3189 3529/3653/3188
f 3526/3650/3185 3531/3655/3190 3532/3656/3191
f 3526/3650/3185 3525/3649/3184 3531/3655/3190
f 3529/3653/3188 3533/3657/3192 3534/3658/3193
f 3529/3653/3188 3528/3652/3187 3524/3648/3183
f 3535/3659/3194 3536/3660/3195 3537/3661/3196
f 3535/3659/3194 3538/3662/3197 3536/3660/3195
f 3537/3661/3196 3539/3663/3198 3535/3659/3194
f 3537/3661/3196 3540/3664/3199 3539/3663/3198
f 3537/3661/3196 3541/3665/3200 3542/3666/3201
f 3539/3663/3198 3543/3667/3202 3544/3668/3203
f 3539/3663/3198 3538/3662/3197 3535/3659/3194
f 3545/3669/3204 3546/3670/3205 3547/3671/3206
f 3545/3669/3204 3548/3672/3207 3546/3670/3205
f 3545/3669/3204 3549/3673/3208 3550/3674/3209
f 3547/3671/3206 3551/3675/3210 3545/3669/3204
f 3547/3671/3206 3525/3649/3184 3551/3675/3210
f 3551/3675/3210 3549/3673/3208 3545/3669/3204
f 3551/3675/3210 3527/3651/3186 3549/3673/3208
f 3552/3676/3211 3553/3677/3212 3550/3674/3209
f 3552/3676/3211 3554/3678/3213 3553/3677/3212
f 3552/3676/3211 3555/3679/3214 3554/3678/3213
f 3550/3674/3209 3556/3680/3215 3552/3676/3211
f 3550/3674/3209 3548/3672/3207 3545/3669/3204
f 3550/3674/3209 3553/3677/3212 3548/3672/3207
f 3550/3674/3209 3549/3673/3208 3556/3680/3215
f 3556/3680/3215 3557/3681/3216 3552/3676/3211
f 3534/3658/3193 3558/3682/3217 3559/3683/3218
f 3534/3658/3193 3528/3652/3187 3529/3653/3188
f 3559/3683/3218 3560/3684/3219 3534/3658/3193
f 3559/3683/3218 3536/3660/3195 3560/3684/3219
f 3559/3683/3218 3541/3665/3200 3536/3660/3195
f 3560/3684/3219 3528/3652/3187 3534/3658/3193
f 3560/3684/3219 3536/3660/3195 3528/3652/3187
f 3561/3685/3220 3562/3686/3221 3563/3687/3222
f 3561/3685/3220 3564/3688/3223 3562/3686/3221
f 3561/3685/3220 3565/3689/3224 3566/3690/3225
f 3563/3687/3222 3567/3691/3226 3561/3685/3220
f 3563/3687/3222 3562/3686/3221 3568/3692/3227
f 3563/3687/3222 3557/3681/3216 3567/3691/3226
f 3563/3687/3222 3555/3679/3214 3557/3681/3216
f 3567/3691/3226 3557/3681/3216 3569/3693/3228
f 3567/3691/3226 3565/3689/3224 3561/3685/3220
f 3570/3694/3229 3571/3695/3230 3566/3690/3225
f 3570/3694/3229 3572/3696/3231 3571/3695/3230
f 3570/3694/3229 3573/3697/3232 3572/3696/3231
f 3566/3690/3225 3574/3698/3233 3570/3694/3229
f 3566/3690/3225 3564/3688/3223 3561/3685/3220
f 3566/3690/3225 3571/3695/3230 3564/3688/3223
f 3566/3690/3225 3565/3689/3224 3574/3698/3233
f 3574/3698/3233 3575/3699/3234 3570/3694/3229
f 3544/3668/3203 3576/3700/3235 3577/3701/3236
f 3544/3668/3203 3543/3667/3202 3576/3700/3235
f 3544/3668/3203 3538/3662/3197 3539/3663/3198
f 3577/3701/3236 3578/3702/3237 3544/3668/3203
f 3577/3701/3236 3576/3700/3235 3579/3703/3238
f 3577/3701/3236 3575/3699/3234 3578/3702/3237
f 3577/3701/3236 3573/3697/3232 3575/3699/3234
f 3578/3702/3237 3538/3662/3197 3544/3668/3203
f 3578/3702/3237 3575/3699/3234 3538/3662/3197
f 3580/3704/3239 3581/3705/3240 3582/3706/3241
f 3580/3704/3239 3583/3707/3242 3584/3708/3243
f 3582/3709/3241 3585/3710/409 3580/3711/3239
f 3582/3709/3241 3586/3712/3244 3585/3710/409
f 3582/3706/3241 3581/3705/3240 3586/3713/3244
f 3585/3710/409 3587/3714/3245 3580/3711/3239
f 3585/3710/409 3588/3715/3246 3587/3714/3245
f 3585/3710/409 3589/3716/3247 3588/3715/3246
f 3585/3710/409 3590/3717/3248 3589/3716/3247
f 3585/3710/409 3591/3718/3249 3590/3717/3248
f 3585/3710/409 3592/3719/3250 3591/3718/3249
f 3585/3710/409 3593/3720/3251 3592/3719/3250
f 3585/3710/409 3594/3721/3252 3593/3720/3251
f 3585/3710/409 3595/3722/3253 3594/3721/3252
f 3585/3710/409 3596/3723/3254 3595/3722/3253
f 3585/3710/409 3597/3724/3255 3596/3723/3254
f 3585/3710/409 3598/3725/3256 3597/3724/3255
f 3585/3710/409 3599/3726/3257 3598/3725/3256
f 3585/3710/409 3600/3727/3258 3599/3726/3257
f 3585/3710/409 3601/3728/3259 3600/3727/3258
f 3585/3710/409 3602/3729/3260 3601/3728/3259
f 3585/3710/409 3603/3730/3261 3602/3729/3260
f 3585/3710/409 3604/3731/3262 3603/3730/3261
f 3585/3710/409 3605/3732/3263 3604/3731/3262
f 3585/3710/409 3606/3733/3264 3605/3732/3263
f 3585/3710/409 3607/3734/3265 3606/3733/3264
f 3585/3710/409 3586/3712/3244 3607/3734/3265
f 3587/3735/3245 3583/3707/3242 3580/3704/3239
f 3588/3736/3246 3583/3707/3242 3587/3735/3245
f 3588/3736/3246 3608/3737/3266 3583/3707/3242
f 3589/3738/3247 3608/3737/3266 3588/3736/3246
f 3589/3738/3247 3609/3739/3267 3608/3737/3266
f 3590/3740/3248 3609/3739/3267 3589/3738/3247
f 3590/3740/3248 3610/3741/3268 3609/3739/3267
f 3591/3742/3249 3610/3741/3268 3590/3740/3248
f 3591/3742/3249 3611/3743/3269 3610/3741/3268
f 3592/3744/3250 3611/3743/3269 3591/3742/3249
f 3592/3744/3250 3612/3745/3270 3611/3743/3269
f 3592/3744/3250 3613/3746/3271 3612/3745/3270
f 3593/3747/3251 3613/3746/3271 3592/3744/3250
f 3594/3748/3252 3613/3746/3271 3593/3747/3251
f 3594/3748/3252 3614/3749/3272 3613/3746/3271
f 3594/3748/3252 3615/3750/3273 3614/3749/3272
f 3595/3751/3253 3615/3750/3273 3594/3748/3252
f 3596/3752/3254 3615/3750/3273 3595/3751/3253
f 3596/3752/3254 3616/3753/3274 3615/3750/3273
f 3596/3752/3254 3617/3754/3275 3616/3753/3274
f 3597/3755/3255 3617/3754/3275 3596/3752/3254
f 3598/3756/3256 3617/3754/3275 3597/3755/3255
f 3598/3756/3256 3618/3757/3276 3617/3754/3275
f 3598/3756/3256 3619/3758/3277 3618/3757/3276
f 3599/3759/3257 3619/3758/3277 3598/3756/3256
f 3600/3760/3258 3619/3758/3277 3599/3759/3257
f 3600/3760/3258 3620/3761/3278 3619/3758/3277
f 3600/3760/3258 3621/3762/3279 3620/3761/3278
f 3601/3763/3259 3621/3762/3279 3600/3760/3258
f 3602/3764/3260 3621/3762/3279 3601/3763/3259
f 3602/3764/3260 3622/3765/3280 3621/3762/3279
f 3602/3766/3260 3623/3767/3281 3622/3768/3280
f 3603/3769/3261 3623/3767/3281 3602/3766/3260
f 3604/3770/3262 3623/3767/3281 3603/3769/3261
f 3604/3770/3262 3624/3771/3282 3623/3767/3281
f 3604/3770/3262 3625/3772/3283 3624/3771/3282
f 3605/3773/3263 3625/3772/3283 3604/3770/3262
f 3606/3774/3264 3625/3772/3283 3605/3773/3263
f 3606/3774/3264 3626/3775/3284 3625/3772/3283
f 3606/3774/3264 3627/3776/3285 3626/3775/3284
f 3607/3777/3265 3627/3776/3285 3606/3774/3264
f 3586/3713/3244 3627/3776/3285 3607/3777/3265
f 3586/3713/3244 3628/3778/3286 3627/3776/3285
f 3629/3779/3287 3630/3780/3288 3631/3781/3289
f 3629/3779/3287 3632/3782/3290 3633/3783/3291
f 3631/3784/3289 3634/3785/3292 3629/3786/3287
f 3631/3784/3289 3635/3787/3293 3634/3785/3292
f 3631/3784/3289 3636/3788/3294 3635/3787/3293
f 3631/3784/3289 3637/3789/3295 3636/3788/3294
f 3631/3781/3289 3638/3790/3296 3639/3791/3297
f 3634/3785/3292 3640/3792/3298 3629/3786/3287
f 3634/3785/3292 3641/3793/3299 3640/3792/3298
f 3634/3785/3292 3642/3794/3300 3641/3793/3299
f 3635/3787/3293 3643/3795/3301 3634/3785/3292
f 3636/3788/3294 3639/3796/3297 3644/3797/3302
f 3636/3788/3294 3643/3795/3301 3635/3787/3293
f 3637/3789/3295 3639/3796/3297 3636/3788/3294
f 3645/3798/3303 3646/3799/3304 3644/3797/3302
f 3645/3800/3303 3647/3801/3305 3646/3802/3304
f 3644/3803/3302 3648/3804/3306 3645/3800/3303
f 3644/3803/3302 3639/3805/3297 3648/3804/3306
f 3644/3797/3302 3649/3806/3307 3636/3788/3294
f 3648/3804/3306 3647/3801/3305 3645/3800/3303
f 3648/3804/3306 3650/3807/3308 3647/3801/3305
f 3648/3808/3306 3651/3809/3309 3650/3810/3308
f 3639/3791/3297 3652/3811/3310 3648/3808/3306
f 3653/3812/3311 3654/3813/3312 3655/3814/3313
f 3653/3815/3311 3656/3816/3314 3657/3817/3315
f 3655/3818/3313 3658/3819/3316 3653/3820/3311
f 3655/3818/3313 3659/3821/3317 3658/3819/3316
f 3655/3814/3313 3660/3822/3318 3659/3823/3317
f 3655/3814/3313 3661/3824/3319 3660/3822/3318
f 3658/3825/3316 3662/3826/3320 3653/3815/3311
f 3659/3821/3317 3663/3827/3321 3658/3819/3316
f 3659/3821/3317 3660/3828/3318 3663/3827/3321
f 3663/3827/3321 3664/3829/3322 3658/3819/3316
f 3663/3827/3321 3665/3830/3323 3664/3829/3322
f 3663/3827/3321 3501/3831/3147 3665/3830/3323
f 3663/3827/3321 3503/3832/3150 3501/3831/3147
f 3660/3828/3318 3503/3832/3150 3663/3827/3321
f 3660/3828/3318 3504/3833/3151 3503/3832/3150
f 3666/3834/3324 3654/3813/3312 3653/3812/3311
f 3666/3834/3324 3657/3835/3315 3654/3813/3312
f 3654/3813/3312 3667/3836/3325 3655/3814/3313
f 3654/3813/3312 3668/3837/3326 3667/3836/3325
f 3667/3836/3325 3661/3824/3319 3655/3814/3313
f 3667/3836/3325 3669/3838/3327 3661/3824/3319
f 3667/3836/3325 3668/3837/3326 3669/3838/3327
f 3661/3824/3319 3670/3839/3328 3660/3822/3318
f 3661/3824/3319 3671/3840/3329 3670/3839/3328
f 3669/3838/3327 3672/3841/3330 3661/3824/3319
f 3669/3838/3327 3673/3842/1822 3672/3841/3330
f 3669/3838/3327 3674/3843/3331 3673/3842/1822
f 3669/3838/3327 3675/3844/3332 3674/3843/3331
f 3669/3838/3327 3668/3837/3326 3675/3844/3332
f 3672/3841/3330 3671/3840/3329 3661/3824/3319
f 3672/3841/3330 3676/3845/3333 3671/3840/3329
f 3673/3842/1822 3677/3846/3334 3672/3841/3330
f 3673/3842/1822 3678/3847/3335 3677/3846/3334
f 3673/3842/1822 3679/3848/3336 3678/3847/3335
f 3673/3842/1822 3674/3843/3331 3679/3848/3336
f 3677/3846/3334 3676/3845/3333 3672/3841/3330
f 3678/3847/3335 3676/3845/3333 3677/3846/3334
f 3678/3847/3335 3680/3849/3337 3676/3845/3333
f 3679/3848/3336 3681/3850/3338 3678/3847/3335
f 3679/3848/3336 3682/3851/3339 3681/3850/3338
f 3679/3848/3336 3683/3852/3340 3682/3851/3339
f 3679/3848/3336 3684/3853/3341 3683/3852/3340
f 3679/3848/3336 3674/3843/3331 3684/3853/3341
f 3681/3850/3338 3680/3849/3337 3678/3847/3335
f 3681/3850/3338 3685/3854/3342 3680/3849/3337
f 3681/3850/3338 3686/3855/3343 3685/3854/3342
f 3682/3851/3339 3687/3856/3344 3681/3850/3338
f 3682/3851/3339 3688/3857/3345 3687/3856/3344
f 3682/3851/3339 3689/3858/3346 3688/3857/3345
f 3682/3851/3339 3683/3852/3340 3689/3858/3346
f 3687/3856/3344 3686/3855/3343 3681/3850/3338
f 3687/3856/3344 3690/3859/3347 3686/3855/3343
f 3687/3860/3344 3452/3541/3079 3690/3861/3347
f 3688/3857/3345 3691/3862/3348 3687/3856/3344
f 3688/3857/3345 3692/3863/3349 3691/3862/3348
f 3688/3857/3345 3693/3864/3350 3692/3863/3349
f 3688/3857/3345 3689/3858/3346 3693/3864/3350
f 3691/3865/3348 3452/3541/3079 3687/3860/3344
f 3694/3866/3351 3695/3867/3352 3696/3868/3353
f 3696/3868/3353 3657/3835/3315 3694/3866/3351
f 3696/3868/3353 3697/3869/3354 3657/3835/3315
f 3696/3868/3353 3668/3837/3326 3697/3869/3354
f 3696/3868/3353 3698/3870/3355 3699/3871/3356
f 3657/3835/3315 3697/3869/3354 3654/3813/3312
f 3657/3817/3315 3700/3872/3357 3694/3873/3351
f 3697/3869/3354 3668/3837/3326 3654/3813/3312
f 3695/3867/3352 3701/3874/3358 3696/3868/3353
f 3695/3867/3352 3702/3875/3359 3701/3874/3358
f 3695/3867/3352 3703/3876/3360 3702/3875/3359
f 3701/3874/3358 3698/3870/3355 3696/3868/3353
f 3702/3875/3359 3698/3870/3355 3701/3874/3358
f 3702/3875/3359 3704/3877/3361 3705/3878/3362
f 3703/3876/3360 3706/3879/3363 3702/3875/3359
f 3703/3880/3360 3707/3881/3364 3706/3882/3363
f 3703/3880/3360 3708/3883/3365 3709/3884/3366
f 3706/3879/3363 3710/3885/3367 3702/3875/3359
f 3706/3879/3363 3711/3886/3368 3710/3885/3367
f 3706/3879/3363 3712/3887/3369 3711/3886/3368
f 3706/3882/3363 3713/3888/3370 3714/3889/3371
f 3710/3885/3367 3704/3877/3361 3702/3875/3359
f 3711/3886/3368 3714/3890/3371 3715/3891/3372
f 3711/3886/3368 3704/3877/3361 3710/3885/3367
f 3712/3887/3369 3714/3890/3371 3711/3886/3368
f 3716/3892/3373 3717/3893/3374 3715/3891/3372
f 3715/3894/3372 3718/3895/3375 3716/3896/3373
f 3715/3894/3372 3714/3897/3371 3718/3895/3375
f 3715/3891/3372 3719/3898/3376 3711/3886/3368
f 3718/3895/3375 3720/3899/3377 3716/3896/3373
f 3718/3900/3375 3721/3901/3378 3722/3902/3379
f 3714/3889/3371 3721/3901/3378 3718/3900/3375
f 3722/3903/3379 3720/3899/3377 3718/3895/3375
f 3722/3903/3379 3723/3904/3380 3720/3899/3377
f 3722/3902/3379 3724/3905/3381 3723/3906/3380
f 3720/3899/3377 3546/3907/3205 3716/3896/3373
f 3720/3899/3377 3725/3908/3382 3546/3907/3205
f 3546/3907/3205 3548/3909/3207 3716/3896/3373
f 3546/3670/3205 3726/3910/3383 3547/3671/3206
f 3548/3909/3207 3717/3911/3374 3716/3896/3373
f 3548/3909/3207 3553/3912/3212 3717/3911/3374
f 3723/3904/3380 3725/3908/3382 3720/3899/3377
f 3723/3904/3380 3727/3913/3384 3725/3908/3382
f 3723/3904/3380 3728/3914/3385 3727/3913/3384
f 3723/3906/3380 3729/3915/3386 3728/3916/3385
f 3725/3908/3382 3726/3917/3383 3546/3907/3205
f 3725/3908/3382 3727/3913/3384 3726/3917/3383
f 3726/3910/3383 3531/3655/3190 3547/3671/3206
f 3727/3913/3384 3532/3918/3191 3726/3917/3383
f 3727/3913/3384 3730/3919/3387 3532/3918/3191
f 3532/3656/3191 3530/3654/3189 3526/3650/3185
f 3532/3656/3191 3531/3655/3190 3726/3910/3383
f 3728/3914/3385 3731/3920/3388 3727/3913/3384
f 3728/3916/3385 3732/3921/3389 3731/3922/3388
f 3731/3920/3388 3730/3919/3387 3727/3913/3384
f 3731/3920/3388 3733/3923/3390 3730/3919/3387
f 3731/3922/3388 3732/3921/3389 3734/3924/3391
f 3730/3919/3387 3530/3925/3189 3532/3918/3191
f 3730/3919/3387 3735/3926/3392 3530/3925/3189
f 3730/3927/3387 3733/3928/3390 3735/3929/3392
f 3530/3654/3189 3533/3657/3192 3529/3653/3188
f 3735/3926/3392 3533/3930/3192 3530/3925/3189
f 3735/3929/3392 3736/3931/3393 3533/3932/3192
f 3533/3657/3192 3558/3682/3217 3534/3658/3193
f 3734/3933/3391 3733/3923/3390 3731/3920/3388
f 3734/3934/3391 3737/3935/3394 3733/3928/3390
f 3734/3924/3391 3738/3936/3395 3739/3937/3396
f 3733/3928/3390 3736/3931/3393 3735/3929/3392
f 3740/3938/3397 3737/3935/3394 3734/3934/3391
f 3740/3938/3397 3739/3939/3396 3737/3935/3394
f 3737/3935/3394 3741/3940/3398 3733/3928/3390
f 3737/3935/3394 3742/3941/3399 3741/3940/3398
f 3741/3940/3398 3736/3931/3393 3733/3928/3390
f 3741/3940/3398 3743/3942/3400 3736/3931/3393
f 3741/3940/3398 3742/3941/3399 3743/3942/3400
f 3736/3931/3393 3744/3943/3401 3533/3932/3192
f 3743/3942/3400 3744/3943/3401 3736/3931/3393
f 3743/3942/3400 3745/3944/3402 3744/3943/3401
f 3743/3942/3400 3746/3945/3403 3745/3944/3402
f 3743/3942/3400 3747/3946/3404 3746/3945/3403
f 3743/3942/3400 3742/3941/3399 3747/3946/3404
f 3744/3943/3401 3558/3947/3217 3533/3932/3192
f 3744/3943/3401 3748/3948/3405 3558/3947/3217
f 3745/3944/3402 3749/3949/981 3744/3943/3401
f 3745/3944/3402 3750/3950/3406 3749/3949/981
f 3745/3944/3402 3751/3951/3407 3750/3950/3406
f 3745/3944/3402 3746/3945/3403 3751/3951/3407
f 3749/3949/981 3748/3948/3405 3744/3943/3401
f 3750/3950/3406 3748/3948/3405 3749/3949/981
f 3750/3950/3406 3542/3952/3201 3748/3948/3405
f 3750/3950/3406 3540/3953/3199 3542/3952/3201
f 3751/3951/3407 3752/3954/3408 3750/3950/3406
f 3751/3951/3407 3753/3955/3409 3752/3954/3408
f 3751/3951/3407 3754/3956/3410 3753/3955/3409
f 3751/3951/3407 3755/3957/3411 3754/3956/3410
f 3751/3951/3407 3746/3945/3403 3755/3957/3411
f 3752/3954/3408 3540/3953/3199 3750/3950/3406
f 3752/3954/3408 3756/3958/3412 3540/3953/3199
f 3752/3954/3408 3757/3959/3413 3756/3958/3412
f 3753/3955/3409 3758/3960/3414 3752/3954/3408
f 3753/3955/3409 3759/3961/3415 3758/3960/3414
f 3753/3955/3409 3760/3962/3416 3759/3961/3415
f 3753/3955/3409 3754/3956/3410 3760/3962/3416
f 3758/3960/3414 3757/3959/3413 3752/3954/3408
f 3758/3963/3414 3761/3964/3417 3757/3965/3413
f 3759/3961/3415 3762/3966/3418 3758/3960/3414
f 3759/3961/3415 3763/3967/3419 3762/3966/3418
f 3759/3961/3415 3764/3968/3420 3763/3967/3419
f 3759/3961/3415 3760/3962/3416 3764/3968/3420
f 3762/3969/3418 3761/3964/3417 3758/3963/3414
f 3765/3970/3421 3640/3792/3298 3766/3971/3422
f 3765/3972/3421 3632/3782/3290 3640/3973/3298
f 3766/3971/3422 3739/3939/3396 3765/3970/3421
f 3766/3971/3422 3767/3974/3423 3739/3939/3396
f 3766/3971/3422 3742/3941/3399 3767/3974/3423
f 3766/3971/3422 3642/3794/3300 3768/3975/3424
f 3739/3939/3396 3767/3974/3423 3737/3935/3394
f 3739/3937/3396 3738/3936/3395 3765/3972/3421
f 3767/3974/3423 3742/3941/3399 3737/3935/3394
f 3640/3792/3298 3641/3793/3299 3766/3971/3422
f 3640/3973/3298 3632/3782/3290 3629/3779/3287
f 3641/3793/3299 3642/3794/3300 3766/3971/3422
f 3646/3799/3304 3769/3976/3425 3644/3797/3302
f 3646/3799/3304 3770/3977/3426 3769/3976/3425
f 3646/3802/3304 3522/3978/3177 3770/3979/3426
f 3646/3802/3304 3520/3980/3175 3522/3978/3177
f 3646/3802/3304 3508/3981/3158 3520/3980/3175
f 3769/3976/3425 3649/3806/3307 3644/3797/3302
f 3769/3976/3425 3771/3982/3427 3649/3806/3307
f 3770/3977/3426 3772/3983/3428 3769/3976/3425
f 3770/3979/3426 3773/3984/3429 3772/3985/3428
f 3772/3983/3428 3774/3986/3430 3769/3976/3425
f 3772/3983/3428 3775/3987/3431 3774/3986/3430
f 3772/3983/3428 3776/3988/3432 3775/3987/3431
f 3774/3986/3430 3771/3982/3427 3769/3976/3425
f 3774/3986/3430 3777/3989/3433 3771/3982/3427
f 3775/3987/3431 3778/3990/3434 3774/3986/3430
f 3775/3987/3431 3779/3991/3435 3778/3990/3434
f 3775/3987/3431 3780/3992/3436 3779/3991/3435
f 3775/3987/3431 3515/3993/3166 3780/3992/3436
f 3778/3990/3434 3777/3989/3433 3774/3986/3430
f 3779/3991/3435 3777/3989/3433 3778/3990/3434
f 3779/3991/3435 3781/3994/3437 3777/3989/3433
f 3780/3992/3436 3782/3995/3438 3779/3991/3435
f 3780/3992/3436 3783/3996/3439 3782/3995/3438
f 3780/3997/3436 3511/3998/3162 3783/3999/3439
f 3782/3995/3438 3781/3994/3437 3779/3991/3435
f 3782/3995/3438 3784/4000/3440 3781/3994/3437
f 3783/3996/3439 3785/4001/3441 3782/3995/3438
f 3783/3999/3439 3512/4002/3163 3785/4003/3441
f 3785/4001/3441 3786/4004/3442 3782/3995/3438
f 3785/4001/3441 3787/4005/3443 3786/4004/3442
f 3785/4003/3441 3788/4006/3444 3787/4007/3443
f 3785/4003/3441 3512/4002/3163 3788/4006/3444
f 3786/4004/3442 3789/4008/3445 3790/4009/3446
f 3786/4010/3442 3791/4011/3447 3789/4012/3445
f 3786/4004/3442 3784/4000/3440 3782/3995/3438
f 3787/4007/3443 3791/4011/3447 3786/4010/3442
f 3787/4007/3443 3788/4006/3444 3791/4011/3447
f 3647/3801/3305 3508/3981/3158 3646/3802/3304
f 3647/3801/3305 3492/4013/3136 3508/3981/3158
f 3650/3807/3308 3792/4014/3448 3647/3801/3305
f 3650/3807/3308 3793/4015/3449 3792/4014/3448
f 3650/3807/3308 3794/4016/3450 3793/4015/3449
f 3792/4014/3448 3492/4013/3136 3647/3801/3305
f 3793/4015/3449 3492/4013/3136 3792/4014/3448
f 3793/4015/3449 3497/4017/3142 3492/4013/3136
f 3793/4015/3449 3501/3831/3147 3497/4017/3142
f 3794/4016/3450 3664/3829/3322 3793/4015/3449
f 3664/3829/3322 3665/3830/3323 3793/4015/3449
f 3664/4018/3322 3795/4019/3451 3658/3825/3316
f 3664/4018/3322 3796/4020/3452 3797/4021/3453
f 3665/3830/3323 3501/3831/3147 3793/4015/3449
f 3670/4022/3328 3504/3833/3151 3660/3828/3318
f 3670/4022/3328 3461/4023/3095 3504/3833/3151
f 3671/4024/3329 3461/4023/3095 3670/4022/3328
f 3671/4024/3329 3509/4025/3160 3461/4023/3095
f 3676/3845/3333 3509/4026/3160 3671/3840/3329
f 3676/3845/3333 3798/4027/3454 3509/4026/3160
f 3680/3849/3337 3798/4027/3454 3676/3845/3333
f 3680/3849/3337 3799/4028/3455 3798/4027/3454
f 3685/4029/3342 3799/4030/3455 3680/4031/3337
f 3685/4029/3342 3480/4032/3123 3799/4030/3455
f 3685/4029/3342 3478/4033/3121 3480/4032/3123
f 3686/4034/3343 3478/4033/3121 3685/4029/3342
f 3690/3861/3347 3800/4035/3456 3686/4034/3343
f 3717/3893/3374 3801/4036/3457 3715/3891/3372
f 3717/3893/3374 3553/4037/3212 3801/4036/3457
f 3801/4036/3457 3719/3898/3376 3715/3891/3372
f 3801/4036/3457 3802/4038/3458 3719/3898/3376
f 3553/4037/3212 3803/4039/3459 3801/4036/3457
f 3553/4037/3212 3554/4040/3213 3803/4039/3459
f 3803/4039/3459 3802/4038/3458 3801/4036/3457
f 3803/4039/3459 3804/4041/3460 3802/4038/3458
f 3554/4040/3213 3568/4042/3227 3803/4039/3459
f 3554/3678/3213 3555/3679/3214 3568/3692/3227
f 3568/4042/3227 3805/4043/1929 3803/4039/3459
f 3568/4042/3227 3806/4044/3461 3805/4043/1929
f 3568/4042/3227 3562/4045/3221 3806/4044/3461
f 3568/3692/3227 3555/3679/3214 3563/3687/3222
f 3805/4043/1929 3804/4041/3460 3803/4039/3459
f 3806/4044/3461 3804/4041/3460 3805/4043/1929
f 3806/4044/3461 3807/4046/3462 3804/4041/3460
f 3562/4045/3221 3564/4047/3223 3806/4044/3461
f 3564/4047/3223 3808/4048/3463 3806/4044/3461
f 3564/4047/3223 3809/4049/3464 3808/4048/3463
f 3564/4050/3223 3571/4051/3230 3809/4052/3464
f 3808/4048/3463 3807/4046/3462 3806/4044/3461
f 3808/4048/3463 3810/4053/3465 3807/4046/3462
f 3809/4049/3464 3811/4054/3466 3808/4048/3463
f 3809/4049/3464 3812/4055/3467 3811/4054/3466
f 3809/4052/3464 3571/4051/3230 3812/4056/3467
f 3811/4054/3466 3813/4057/3468 3814/4058/3469
f 3811/4054/3466 3810/4053/3465 3808/4048/3463
f 3812/4056/3467 3815/4059/3470 3811/4060/3466
f 3558/3682/3217 3748/4061/3405 3559/3683/3218
f 3748/4061/3405 3541/3665/3200 3559/3683/3218
f 3542/3666/3201 3540/3664/3199 3537/3661/3196
f 3542/3666/3201 3541/3665/3200 3748/4061/3405
f 3540/3664/3199 3543/3667/3202 3539/3663/3198
f 3756/4062/3412 3543/4063/3202 3540/4064/3199
f 3757/3965/3413 3816/4065/3471 3576/4066/3235
f 3757/3965/3413 3761/3964/3417 3816/4065/3471
f 3757/3965/3413 3543/4063/3202 3756/4062/3412
f 3571/4051/3230 3572/4067/3231 3812/4056/3467
f 3572/4067/3231 3817/4068/3472 3812/4056/3467
f 3572/4067/3231 3818/4069/3473 3817/4068/3472
f 3572/4067/3231 3579/4070/3238 3818/4069/3473
f 3572/3696/3231 3573/3697/3232 3579/3703/3238
f 3817/4068/3472 3815/4059/3470 3812/4056/3467
f 3817/4068/3472 3819/4071/3474 3815/4059/3470
f 3817/4068/3472 3820/4072/3475 3819/4071/3474
f 3817/4068/3472 3818/4069/3473 3820/4072/3475
f 3815/4059/3470 3813/4073/3468 3811/4060/3466
f 3821/4074/3476 3822/4075/3477 3823/4076/3478
f 3823/4076/3478 3824/4077/3479 3821/4074/3476
f 3823/4076/3478 3825/4078/3480 3824/4077/3479
f 3823/4076/3478 3826/4079/3481 3825/4078/3480
f 3823/4076/3478 3827/4080/3482 3826/4079/3481
f 3825/4078/3480 3790/4009/3446 3824/4077/3479
f 3825/4078/3480 3784/4000/3440 3790/4009/3446
f 3825/4078/3480 3826/4079/3481 3784/4000/3440
f 3790/4009/3446 3828/4081/3483 3824/4077/3479
f 3790/4009/3446 3789/4008/3445 3828/4081/3483
f 3790/4009/3446 3784/4000/3440 3786/4004/3442
f 3791/4011/3447 3788/4006/3444 3444/3527/3066
f 3788/4006/3444 3445/3528/3067 3444/3527/3066
f 3788/4006/3444 3516/4082/3167 3445/3528/3067
f 3445/3528/3067 3455/4083/3086 1650/3548/3085
f 3452/3541/3079 3800/4035/3456 3690/3861/3347
f 3452/3541/3079 3451/3539/3077 3800/4035/3456
f 3800/4035/3456 3478/4033/3121 3686/4034/3343
f 3800/4035/3456 3481/4084/3124 3478/4033/3121
f 3800/4035/3456 3451/3539/3077 3481/4084/3124
f 3693/3864/3350 3829/4085/3484 3830/4086/3485
f 3693/3864/3350 3689/3858/3346 3829/4085/3484
f 3829/4085/3484 3831/4087/3486 3830/4086/3485
f 3829/4085/3484 3832/4088/3487 3831/4087/3486
f 3829/4085/3484 3833/4089/3488 3832/4088/3487
f 3689/3858/3346 3834/4090/3489 3829/4085/3484
f 3689/3858/3346 3683/3852/3340 3834/4090/3489
f 3834/4090/3489 3833/4089/3488 3829/4085/3484
f 3834/4090/3489 3835/4091/3490 3833/4089/3488
f 3683/3852/3340 3836/4092/3491 3834/4090/3489
f 3683/3852/3340 3684/3853/3341 3836/4092/3491
f 3836/4092/3491 3835/4091/3490 3834/4090/3489
f 3836/4092/3491 3837/4093/3492 3835/4091/3490
f 3684/3853/3341 3838/4094/3493 3836/4092/3491
f 3684/3853/3341 3674/3843/3331 3838/4094/3493
f 3838/4094/3493 3837/4093/3492 3836/4092/3491
f 3674/3843/3331 3839/4095/3494 3838/4094/3493
f 3674/3843/3331 3675/3844/3332 3839/4095/3494
f 3839/4095/3494 3837/4093/3492 3838/4094/3493
f 3839/4095/3494 3840/4096/3495 3837/4093/3492
f 3675/3844/3332 3699/3871/3356 3839/4095/3494
f 3675/3844/3332 3668/3837/3326 3699/3871/3356
f 3699/3871/3356 3668/3837/3326 3696/3868/3353
f 3699/3871/3356 3840/4096/3495 3839/4095/3494
f 3699/3871/3356 3698/3870/3355 3840/4096/3495
f 3832/4088/3487 3841/4097/3496 3831/4087/3486
f 3832/4088/3487 3842/4098/3497 3841/4097/3496
f 3832/4088/3487 3833/4089/3488 3842/4098/3497
f 3841/4097/3496 3843/4099/3498 3831/4087/3486
f 3841/4097/3496 3844/4100/3499 3843/4099/3498
f 3841/4097/3496 3845/4101/3500 3844/4100/3499
f 3841/4097/3496 3846/4102/3501 3845/4101/3500
f 3845/4101/3500 3814/4058/3469 3844/4100/3499
f 3845/4101/3500 3810/4053/3465 3814/4058/3469
f 3845/4101/3500 3846/4102/3501 3810/4053/3465
f 3814/4058/3469 3847/4103/3502 3844/4100/3499
f 3814/4058/3469 3813/4057/3468 3847/4103/3502
f 3814/4058/3469 3810/4053/3465 3811/4054/3466
f 3818/4069/3473 3816/4065/3471 3820/4072/3475
f 3579/4070/3238 3576/4066/3235 3818/4069/3473
f 3579/3703/3238 3573/3697/3232 3577/3701/3236
f 3576/4066/3235 3816/4065/3471 3818/4069/3473
f 3576/4066/3235 3543/4063/3202 3757/3965/3413
f 3816/4065/3471 3848/4104/3503 3820/4072/3475
f 3816/4065/3471 3761/3964/3417 3848/4104/3503
f 3764/3968/3420 3849/4105/3504 3850/4106/3505
f 3764/3968/3420 3760/3962/3416 3849/4105/3504
f 3849/4105/3504 3822/4075/3477 3850/4106/3505
f 3849/4105/3504 3851/4107/3506 3822/4075/3477
f 3849/4105/3504 3852/4108/3507 3851/4107/3506
f 3760/3962/3416 3853/4109/3508 3849/4105/3504
f 3760/3962/3416 3754/3956/3410 3853/4109/3508
f 3853/4109/3508 3852/4108/3507 3849/4105/3504
f 3853/4109/3508 3854/4110/3509 3852/4108/3507
f 3754/3956/3410 3855/4111/3510 3853/4109/3508
f 3754/3956/3410 3755/3957/3411 3855/4111/3510
f 3855/4111/3510 3854/4110/3509 3853/4109/3508
f 3855/4111/3510 3856/4112/3511 3854/4110/3509
f 3755/3957/3411 3857/4113/3512 3855/4111/3510
f 3755/3957/3411 3746/3945/3403 3857/4113/3512
f 3857/4113/3512 3856/4112/3511 3855/4111/3510
f 3746/3945/3403 3858/4114/3513 3857/4113/3512
f 3746/3945/3403 3747/3946/3404 3858/4114/3513
f 3858/4114/3513 3856/4112/3511 3857/4113/3512
f 3858/4114/3513 3859/4115/3514 3856/4112/3511
f 3747/3946/3404 3768/3975/3424 3858/4114/3513
f 3747/3946/3404 3742/3941/3399 3768/3975/3424
f 3768/3975/3424 3742/3941/3399 3766/3971/3422
f 3768/3975/3424 3859/4115/3514 3858/4114/3513
f 3768/3975/3424 3642/3794/3300 3859/4115/3514
f 3822/4075/3477 3851/4107/3506 3823/4076/3478
f 3851/4107/3506 3827/4080/3482 3823/4076/3478
f 3851/4107/3506 3852/4108/3507 3827/4080/3482
f 3447/3532/3071 3448/3533/3072 1643/3537/3075
f 3448/3535/3072 2567/2284/3073 1643/3540/3075
f 3522/3978/3177 3773/3984/3429 3770/3979/3426
f 3522/3642/3177 3520/3640/3175 3506/3619/3154
f 3522/3642/3177 3521/3641/3176 3773/4116/3429
f 3773/4117/3429 3776/3988/3432 3772/3983/3428
f 3773/4116/3429 3466/3568/3105 3776/4118/3432
f 3773/4116/3429 3521/3641/3176 3466/3568/3105
f 3520/3640/3175 3508/3623/3158 3491/3599/3135
f 3508/3623/3158 3492/3601/3136 3490/3597/3133
f 3492/3601/3136 3497/3607/3142 3493/3602/3137
f 3497/3607/3142 3501/3612/3147 3496/3606/3141
f 3501/3612/3147 3503/3615/3150 3500/3611/3146
f 3503/3615/3150 3504/3616/3151 3460/3557/3094
f 3504/3616/3151 3461/3558/3095 3457/3554/3091
f 3461/3558/3095 3509/3625/3160 3462/3559/3096
f 3509/3625/3160 3798/4119/3454 3463/3562/3099
f 3776/3988/3432 3515/3993/3166 3775/3987/3431
f 3776/4118/3432 3465/3567/3104 3515/3631/3166
f 3515/4120/3166 3511/3998/3162 3780/3997/3436
f 3515/3631/3166 3465/3567/3104 3471/3577/3114
f 3798/4119/3454 3464/3564/3101 3463/3562/3099
f 3799/4121/3455 3464/3564/3101 3798/4119/3454
f 3799/4121/3455 3479/3585/3122 3464/3564/3101
f 3511/3998/3162 3512/4002/3163 3783/3999/3439
f 3512/4002/3163 3516/4082/3167 3788/4006/3444
f 3480/3586/3123 3478/3584/3121 3474/3580/3117
f 3480/3586/3123 3479/3585/3122 3799/4121/3455
f 3478/3584/3121 3481/3587/3124 3477/3583/3120
f 3481/3587/3124 3453/3595/3082 3482/3588/3125
f 3451/3539/3077 3453/3544/3082 3481/4084/3124
f 3516/4082/3167 3455/4083/3086 3445/3528/3067
f 3649/3806/3307 3643/3795/3301 3636/3788/3294
f 3771/3982/3427 3643/3795/3301 3649/3806/3307
f 3777/3989/3433 3860/4122/3515 3771/3982/3427
f 3781/3994/3437 3861/4123/3516 3777/3989/3433
f 3784/4000/3440 3826/4079/3481 3781/3994/3437
f 3719/3898/3376 3704/3877/3361 3711/3886/3368
f 3802/4038/3458 3704/3877/3361 3719/3898/3376
f 3804/4041/3460 3862/4124/3517 3802/4038/3458
f 3807/4046/3462 3863/4125/3518 3804/4041/3460
f 3810/4053/3465 3846/4102/3501 3807/4046/3462
f 1662/3617/3152 1668/3613/3148 3502/3614/3149
f 1668/3613/3148 3864/4126/3519 3498/3609/3144
f 3294/3637/3172 3293/3645/3180 2590/3638/3173
f 1674/3639/3174 3519/3636/3171 1676/4127/3520
f 1674/3639/3174 3517/3633/3168 3519/3636/3171
f 3464/3564/3101 3479/3585/3122 1656/3565/3102
f 1677/4128/3521 3865/4129/3522 3523/3647/3182
f 1677/4128/3521 3866/4130/160 3865/4129/3522
f 1677/4128/3521 3867/4131/3523 3866/4130/160
f 1677/4128/3521 3302/4132/3524 3867/4131/3523
f 3523/3647/3182 1671/3574/3111 1677/4128/3521
f 3523/3647/3182 3469/3572/3109 1671/3574/3111
f 3523/3647/3182 3518/3635/3170 3468/3571/3108
f 3523/3647/3182 3865/4129/3522 3518/3635/3170
f 1671/3574/3111 3469/3572/3109 1653/3569/3106
f 1676/4127/3520 3867/4131/3523 3304/4133/3525
f 3519/3636/3171 3517/3633/3168 3476/3582/3119
f 3519/3636/3171 3865/4129/3522 1676/4127/3520
f 3513/3629/3164 3488/3594/3131 3483/3589/3126
f 3518/3635/3170 3488/3594/3131 3513/3629/3164
f 3518/3635/3170 3475/3581/3118 3488/3594/3131
f 3518/3635/3170 3865/4129/3522 3519/3636/3171
f 3488/3594/3131 3475/3581/3118 3487/3593/3130
f 3466/3568/3105 3521/3641/3176 1651/3566/3103
f 3466/3568/3105 3465/3567/3104 3776/4118/3432
f 3521/3641/3176 3290/4134/3526 1651/3566/3103
f 3521/3641/3176 3291/3620/3155 3290/4134/3526
f 3865/4129/3522 3866/4130/160 1676/4127/3520
f 3866/4130/160 3867/4131/3523 1676/4127/3520
f 3304/4133/3525 3864/4126/3519 3303/4135/3527
f 3867/4131/3523 3864/4126/3519 3304/4133/3525
f 3867/4131/3523 3302/4132/3524 3864/4126/3519
f 3303/4135/3527 3864/4126/3519 1668/3613/3148
f 3864/4126/3519 1665/3608/3143 3498/3609/3144
f 3864/4126/3519 3301/4136/3528 1665/3608/3143
f 3864/4126/3519 3302/4132/3524 3301/4136/3528
f 1665/3608/3143 1658/3603/3138 3494/3604/3139
f 3293/3645/3180 2587/3646/3181 2590/3638/3173
f 3288/3643/3178 3438/4137/3529 3296/3598/3134
f 3288/3643/3178 3439/3575/3112 3438/4137/3529
f 3289/3573/3110 3439/3575/3112 3288/3643/3178
f 3531/3655/3190 3525/3649/3184 3547/3671/3206
f 3525/3649/3184 3527/3651/3186 3551/3675/3210
f 3549/3673/3208 3557/3681/3216 3556/3680/3215
f 3549/3673/3208 3868/4138/3530 3569/3693/3228
f 3527/3651/3186 3868/4138/3530 3549/3673/3208
f 3528/3652/3187 3868/4138/3530 3527/3651/3186
f 3528/3652/3187 3869/4139/3531 3868/4138/3530
f 3528/3652/3187 3536/3660/3195 3869/4139/3531
f 3569/3693/3228 3557/3681/3216 3549/3673/3208
f 3569/3693/3228 3565/3689/3224 3567/3691/3226
f 3557/3681/3216 3555/3679/3214 3552/3676/3211
f 3868/4138/3530 3565/3689/3224 3569/3693/3228
f 3868/4138/3530 3870/4140/3532 3565/3689/3224
f 3869/4139/3531 3870/4140/3532 3868/4138/3530
f 3869/4139/3531 3538/3662/3197 3870/4140/3532
f 3536/3660/3195 3541/3665/3200 3537/3661/3196
f 3536/3660/3195 3538/3662/3197 3869/4139/3531
f 3565/3689/3224 3870/4140/3532 3574/3698/3233
f 3870/4140/3532 3575/3699/3234 3574/3698/3233
f 3538/3662/3197 3575/3699/3234 3870/4140/3532
f 3575/3699/3234 3573/3697/3232 3570/3694/3229
f 3584/3708/3243 3581/3705/3240 3580/3704/3239
f 3584/4141/3243 3871/4142/3533 3581/4143/3240
f 3584/4141/3243 3872/4144/3534 3871/4142/3533
f 3581/3705/3240 3628/3778/3286 3586/3713/3244
f 3581/4143/3240 3873/4145/3535 3628/4146/3286
f 3581/4143/3240 3871/4142/3533 3873/4145/3535
f 3583/4147/3242 3872/4144/3534 3584/4141/3243
f 3583/4147/3242 3874/4148/3536 3872/4144/3534
f 3608/4149/3266 3874/4148/3536 3583/4147/3242
f 3609/4150/3267 3874/4148/3536 3608/4149/3266
f 3609/4150/3267 3875/4151/3537 3874/4148/3536
f 3610/4152/3268 3875/4151/3537 3609/4150/3267
f 3610/4152/3268 3876/4153/3538 3875/4151/3537
f 3611/4154/3269 3876/4153/3538 3610/4152/3268
f 3611/4154/3269 3877/4155/3539 3876/4153/3538
f 3612/4156/3270 3877/4155/3539 3611/4154/3269
f 3612/4156/3270 3878/4157/3540 3877/4155/3539
f 3613/4158/3271 3878/4157/3540 3612/4156/3270
f 3613/4158/3271 3879/4159/3541 3878/4157/3540
f 3614/4160/3272 3879/4159/3541 3613/4158/3271
f 3614/4160/3272 3880/4161/3542 3879/4159/3541
f 3615/4162/3273 3880/4161/3542 3614/4160/3272
f 3615/4162/3273 3881/4163/3543 3880/4161/3542
f 3616/4164/3274 3881/4163/3543 3615/4162/3273
f 3616/4164/3274 3882/4165/3544 3881/4163/3543
f 3616/4164/3274 3883/4166/3545 3882/4165/3544
f 3617/4167/3275 3883/4166/3545 3616/4164/3274
f 3618/4168/3276 3883/4166/3545 3617/4167/3275
f 3618/4168/3276 3884/4169/3546 3883/4166/3545
f 3618/4168/3276 3885/4170/3547 3884/4169/3546
f 3619/4171/3277 3885/4170/3547 3618/4168/3276
f 3620/4172/3278 3885/4170/3547 3619/4171/3277
f 3620/4172/3278 3886/4173/3548 3885/4170/3547
f 3620/4172/3278 3887/4174/3549 3886/4173/3548
f 3621/4175/3279 3887/4174/3549 3620/4172/3278
f 3622/4176/3280 3887/4174/3549 3621/4175/3279
f 3622/4176/3280 3888/4177/3550 3887/4174/3549
f 3622/4176/3280 3889/4178/3551 3888/4177/3550
f 3623/4179/3281 3889/4178/3551 3622/4176/3280
f 3624/4180/3282 3889/4178/3551 3623/4179/3281
f 3624/4180/3282 3890/4181/3552 3889/4178/3551
f 3624/4180/3282 3891/4182/3553 3890/4181/3552
f 3625/4183/3283 3891/4182/3553 3624/4180/3282
f 3626/4184/3284 3891/4182/3553 3625/4183/3283
f 3626/4184/3284 3892/4185/3554 3891/4182/3553
f 3626/4184/3284 3893/4186/3555 3892/4185/3554
f 3627/4187/3285 3893/4186/3555 3626/4184/3284
f 3628/4146/3286 3873/4145/3535 3894/4188/3556
f 3628/4146/3286 3893/4186/3555 3627/4187/3285
f 3633/3783/3291 3630/3780/3288 3629/3779/3287
f 3633/4189/3291 3632/4190/3290 3895/4191/3557
f 3895/4191/3557 3630/4192/3288 3633/4189/3291
f 3895/4191/3557 3896/4193/3558 3630/4192/3288
f 3895/4194/3557 3871/4142/3533 3896/4195/3558
f 3630/3780/3288 3638/3790/3296 3631/3781/3289
f 3630/4192/3288 3897/4196/3559 3638/4197/3296
f 3896/4193/3558 3897/4196/3559 3630/4192/3288
f 3896/4195/3558 3872/4144/3534 3897/4198/3559
f 3638/3790/3296 3652/3811/3310 3639/3791/3297
f 3897/4196/3559 3652/4199/3310 3638/4197/3296
f 3897/4196/3559 3898/4200/3560 3652/4199/3310
f 3897/4198/3559 3874/4148/3536 3898/4201/3560
f 3652/3811/3310 3651/3809/3309 3648/3808/3306
f 3652/4199/3310 3899/4202/3561 3651/4203/3309
f 3898/4200/3560 3899/4202/3561 3652/4199/3310
f 3898/4201/3560 3875/4151/3537 3899/4204/3561
f 3651/3809/3309 3900/4205/3562 3650/3810/3308
f 3651/4203/3309 3901/4206/3563 3900/4207/3562
f 3899/4202/3561 3901/4206/3563 3651/4203/3309
f 3899/4204/3561 3876/4153/3538 3901/4208/3563
f 3900/4209/3562 3902/4210/3564 3797/4211/3453
f 3900/4205/3562 3796/4020/3452 3650/3810/3308
f 3901/4212/3563 3902/4210/3564 3900/4209/3562
f 3901/4208/3563 3877/4155/3539 3902/4213/3564
f 3797/4021/3453 3795/4019/3451 3664/4018/3322
f 3797/4214/3453 3903/4215/3565 3795/4216/3451
f 3797/4021/3453 3796/4020/3452 3900/4205/3562
f 3902/4217/3564 3903/4215/3565 3797/4214/3453
f 3902/4213/3564 3878/4157/3540 3903/4218/3565
f 3795/4019/3451 3662/3826/3320 3658/3825/3316
f 3795/4216/3451 3904/4219/3566 3662/4220/3320
f 3903/4215/3565 3904/4219/3566 3795/4216/3451
f 3903/4218/3565 3879/4159/3541 3904/4221/3566
f 3662/3826/3320 3656/3816/3314 3653/3815/3311
f 3904/4219/3566 3656/4222/3314 3662/4220/3320
f 3904/4219/3566 3905/4223/3567 3656/4222/3314
f 3904/4221/3566 3880/4161/3542 3905/4224/3567
f 3656/3816/3314 3700/3872/3357 3657/3817/3315
f 3656/4222/3314 3906/4225/3568 3700/4226/3357
f 3905/4223/3567 3906/4225/3568 3656/4222/3314
f 3905/4224/3567 3881/4163/3543 3906/4227/3568
f 3700/3872/3357 3708/3883/3365 3694/3873/3351
f 3906/4225/3568 3709/4228/3366 3700/4226/3357
f 3906/4225/3568 3907/4229/3569 3709/4228/3366
f 3906/4227/3568 3882/4165/3544 3907/4230/3569
f 3709/3884/3366 3908/4231/3570 3703/3880/3360
f 3709/4228/3366 3909/4232/3571 3908/4233/3570
f 3709/3884/3366 3708/3883/3365 3700/3872/3357
f 3907/4229/3569 3909/4232/3571 3709/4228/3366
f 3907/4230/3569 3883/4166/3545 3909/4234/3571
f 3908/4231/3570 3707/3881/3364 3703/3880/3360
f 3909/4232/3571 3707/4235/3364 3908/4233/3570
f 3909/4232/3571 3910/4236/3572 3707/4235/3364
f 3909/4234/3571 3884/4169/3546 3910/4237/3572
f 3707/3881/3364 3713/3888/3370 3706/3882/3363
f 3707/4235/3364 3911/4238/3573 3713/4239/3370
f 3910/4236/3572 3911/4238/3573 3707/4235/3364
f 3910/4237/3572 3885/4170/3547 3911/4240/3573
f 3713/3888/3370 3721/3901/3378 3714/3889/3371
f 3911/4238/3573 3721/4241/3378 3713/4239/3370
f 3911/4238/3573 3912/4242/3574 3721/4241/3378
f 3911/4240/3573 3886/4173/3548 3912/4243/3574
f 3721/3901/3378 3913/4244/3575 3722/3902/3379
f 3721/4241/3378 3914/4245/3576 3913/4246/3575
f 3912/4242/3574 3914/4245/3576 3721/4241/3378
f 3912/4243/3574 3887/4174/3549 3914/4247/3576
f 3913/4244/3575 3724/3905/3381 3722/3902/3379
f 3914/4248/3576 3724/4249/3381 3913/4250/3575
f 3914/4248/3576 3915/4251/3577 3724/4249/3381
f 3914/4247/3576 3888/4177/3550 3915/4252/3577
f 3724/3905/3381 3729/3915/3386 3723/3906/3380
f 3724/4249/3381 3916/4253/3578 3729/4254/3386
f 3915/4251/3577 3916/4253/3578 3724/4249/3381
f 3915/4252/3577 3889/4178/3551 3916/4255/3578
f 3729/3915/3386 3732/3921/3389 3728/3916/3385
f 3916/4253/3578 3732/4256/3389 3729/4254/3386
f 3916/4253/3578 3917/4257/3579 3732/4256/3389
f 3916/4255/3578 3890/4181/3552 3917/4258/3579
f 3732/3921/3389 3918/4259/3580 3734/3924/3391
f 3732/4256/3389 3919/4260/3581 3918/4261/3580
f 3917/4257/3579 3919/4260/3581 3732/4256/3389
f 3917/4258/3579 3891/4182/3553 3919/4262/3581
f 3918/4259/3580 3738/3936/3395 3734/3924/3391
f 3919/4260/3581 3738/4263/3395 3918/4261/3580
f 3919/4260/3581 3920/4264/3582 3738/4263/3395
f 3919/4262/3581 3892/4185/3554 3920/4265/3582
f 3738/3936/3395 3921/4266/3583 3765/3972/3421
f 3738/4263/3395 3922/4267/3584 3921/4268/3583
f 3920/4264/3582 3922/4267/3584 3738/4263/3395
f 3920/4265/3582 3893/4186/3555 3922/4269/3584
f 3921/4266/3583 3632/3782/3290 3765/3972/3421
f 3922/4267/3584 3632/4190/3290 3921/4268/3583
f 3922/4267/3584 3923/4270/3585 3632/4190/3290
f 3922/4269/3584 3894/4188/3556 3923/4271/3585
f 3922/4269/3584 3893/4186/3555 3894/4188/3556
f 3632/4190/3290 3923/4270/3585 3895/4191/3557
f 3923/4271/3585 3894/4188/3556 3895/4194/3557
f 3894/4188/3556 3873/4145/3535 3895/4194/3557
f 3894/4188/3556 3893/4186/3555 3628/4146/3286
f 3873/4145/3535 3871/4142/3533 3895/4194/3557
f 3871/4142/3533 3872/4144/3534 3896/4195/3558
f 3872/4144/3534 3874/4148/3536 3897/4198/3559
f 3874/4148/3536 3875/4151/3537 3898/4201/3560
f 3875/4151/3537 3876/4153/3538 3899/4204/3561
f 3876/4153/3538 3877/4155/3539 3901/4208/3563
f 3877/4155/3539 3878/4157/3540 3902/4213/3564
f 3878/4157/3540 3879/4159/3541 3903/4218/3565
f 3879/4159/3541 3880/4161/3542 3904/4221/3566
f 3880/4161/3542 3881/4163/3543 3905/4224/3567
f 3881/4163/3543 3882/4165/3544 3906/4227/3568
f 3882/4165/3544 3883/4166/3545 3907/4230/3569
f 3883/4166/3545 3884/4169/3546 3909/4234/3571
f 3884/4169/3546 3885/4170/3547 3910/4237/3572
f 3885/4170/3547 3886/4173/3548 3911/4240/3573
f 3886/4173/3548 3887/4174/3549 3912/4243/3574
f 3887/4174/3549 3888/4177/3550 3914/4247/3576
f 3888/4177/3550 3889/4178/3551 3915/4252/3577
f 3889/4178/3551 3890/4181/3552 3916/4255/3578
f 3890/4181/3552 3891/4182/3553 3917/4258/3579
f 3891/4182/3553 3892/4185/3554 3919/4262/3581
f 3892/4185/3554 3893/4186/3555 3920/4265/3582
f 3826/4079/3481 3861/4123/3516 3781/3994/3437
f 3826/4079/3481 3827/4080/3482 3861/4123/3516
f 3861/4123/3516 3860/4122/3515 3777/3989/3433
f 3861/4123/3516 3924/4272/3586 3860/4122/3515
f 3861/4123/3516 3827/4080/3482 3924/4272/3586
f 3860/4122/3515 3925/4273/3587 3771/3982/3427
f 3860/4122/3515 3926/4274/3588 3925/4273/3587
f 3860/4122/3515 3927/4275/3589 3926/4274/3588
f 3860/4122/3515 3924/4272/3586 3927/4275/3589
f 3925/4273/3587 3643/3795/3301 3771/3982/3427
f 3925/4273/3587 3928/4276/3590 3643/3795/3301
f 3925/4273/3587 3926/4274/3588 3928/4276/3590
f 3643/3795/3301 3928/4276/3590 3634/3785/3292
f 3928/4276/3590 3642/3794/3300 3634/3785/3292
f 3926/4274/3588 3859/4115/3514 3928/4276/3590
f 3927/4275/3589 3856/4112/3511 3926/4274/3588
f 3924/4272/3586 3854/4110/3509 3927/4275/3589
f 3827/4080/3482 3852/4108/3507 3924/4272/3586
f 3842/4098/3497 3846/4102/3501 3841/4097/3496
f 3842/4098/3497 3863/4125/3518 3846/4102/3501
f 3833/4089/3488 3929/4277/3591 3842/4098/3497
f 3833/4089/3488 3835/4091/3490 3929/4277/3591
f 3929/4277/3591 3863/4125/3518 3842/4098/3497
f 3929/4277/3591 3862/4124/3517 3863/4125/3518
f 3835/4091/3490 3930/4278/3592 3929/4277/3591
f 3835/4091/3490 3837/4093/3492 3930/4278/3592
f 3930/4278/3592 3862/4124/3517 3929/4277/3591
f 3837/4093/3492 3931/4279/3593 3930/4278/3592
f 3837/4093/3492 3840/4096/3495 3931/4279/3593
f 3931/4279/3593 3862/4124/3517 3930/4278/3592
f 3931/4279/3593 3932/4280/3594 3862/4124/3517
f 3840/4096/3495 3705/3878/3362 3931/4279/3593
f 3840/4096/3495 3698/3870/3355 3705/3878/3362
f 3705/3878/3362 3698/3870/3355 3702/3875/3359
f 3705/3878/3362 3932/4280/3594 3931/4279/3593
f 3705/3878/3362 3704/3877/3361 3932/4280/3594
f 3846/4102/3501 3863/4125/3518 3807/4046/3462
f 3863/4125/3518 3862/4124/3517 3804/4041/3460
f 3862/4124/3517 3932/4280/3594 3802/4038/3458
f 3932/4280/3594 3704/3877/3361 3802/4038/3458
f 3852/4108/3507 3854/4110/3509 3924/4272/3586
f 3854/4110/3509 3856/4112/3511 3927/4275/3589
f 3856/4112/3511 3859/4115/3514 3926/4274/3588
f 3859/4115/3514 3642/3794/3300 3928/4276/3590
f 1696/1431/3595 3441/4281/3596 1694/1429/3595
f 3440/4282/3597 3441/4281/3596 1696/1431/3595
f 3440/4282/3597 1701/1436/3598 3441/4281/3596
f 1699/1434/3599 1701/1436/3598 3440/4282/3597
f 1699/1434/3599 3933/4283/3600 1701/1436/3598
f 1699/1434/3599 3934/4284/3601 3933/4283/3600
f 1699/1434/3599 3935/4285/3602 3934/4284/3601
f 1699/1434/3599 1698/1433/3603 3935/4285/3602
f 1701/1436/3598 3936/4286/3604 1702/1437/3605
f 3933/4283/3600 3936/4286/3604 1701/1436/3598
f 3934/4284/3601 3937/4287/3606 3933/4283/3600
f 3934/4284/3601 3938/4288/3607 3937/4287/3606
f 3934/4284/3601 3939/4289/3608 3938/4288/3607
f 3934/4284/3601 3935/4285/3602 3939/4289/3608
f 3937/4287/3606 3936/4286/3604 3933/4283/3600
f 3935/4285/3602 1704/4290/3609 3939/4289/3608
f 3935/4285/3602 1707/4291/3610 1704/4290/3609
f 3935/4285/3602 1698/1433/3603 1707/4291/3610
f 1698/1433/3603 1709/4292/3611 1707/4291/3610
f 1698/4293/3603 2597/4294/3612 1709/4295/3611
f 1709/4295/3611 2597/4294/3612 1710/4296/3613
f 1715/4297/3614 3940/4298/3615 1713/4299/3616
f 1715/4297/3614 3936/4286/3604 3940/4298/3615
f 1717/4300/3617 1702/1437/3605 1715/4297/3614
f 1717/4301/3617 2596/4302/3618 1702/4303/3605
f 1718/4304/3618 2596/4302/3618 1717/4301/3617
f 1722/2330/3619 1700/4305/3620 2593/2331/3621
f 1721/4306/3622 1705/4307/3623 1722/2330/3619
f 1706/4308/3624 1705/4307/3623 1721/4306/3622
f 1705/4307/3623 1708/4309/3625 1722/2330/3619
f 1708/4309/3625 1700/4305/3620 1722/2330/3619
f 1708/4309/3625 2594/2335/3626 1700/4305/3620
f 1728/2336/3626 2594/2335/3626 1708/4309/3625
f 2593/2331/3621 1700/4305/3620 1697/4310/3627
f 1702/1437/3605 3936/4286/3604 1715/4297/3614
f 3940/4298/3615 3936/4286/3604 3937/4287/3606
f 1952/1701/3628 3346/4311/3629 1951/1700/3629
f 3346/4311/3629 3348/4312/3630 1951/1700/3629
f 2945/4313/3631 3941/4314/3632 2947/3512/3633
f 2947/3512/3633 3941/4314/3632 3443/3510/3634
f 3443/3510/3634 3941/4314/3632 3392/3516/3635
f 3392/3516/3635 3941/4314/3632 3391/4315/3636
