# Blender 4.2.3 LTS
# www.blender.org
o Base_-_Squad_-__Mode.001_Plane.010
v 0.764264 0.076250 -0.103690
v 0.779237 0.076250 0.000000
v 0.432921 0.076250 -0.294177
v 0.432921 0.165082 -0.294177
v 0.432920 0.165082 0.294177
v 0.779237 0.165083 0.000000
v -0.551004 0.165083 0.294177
v -0.647912 0.076250 0.295283
v -0.551004 0.076250 0.294177
v -0.298202 0.165083 0.294177
v -0.432921 0.076250 0.294177
v -0.298202 0.076250 0.294177
v -0.000001 0.165083 0.294177
v -0.152022 0.076250 0.294177
v -0.000001 0.076250 0.294177
v 0.298200 0.076250 0.294177
v 0.152021 0.165083 0.294177
v 0.152021 0.076250 0.294177
v 0.432920 0.076250 0.294177
v 0.298200 0.165083 0.294177
v 0.719921 0.076250 0.203395
v 0.647912 0.165082 0.295284
v 0.647912 0.076250 0.295284
v 0.764264 0.165083 0.103690
v 0.764264 0.076250 0.103690
v 0.719921 0.165083 -0.203395
v 0.719921 0.076250 -0.203395
v 0.647912 0.165082 -0.295284
v 0.647912 0.076250 -0.295284
v 0.551004 0.076250 -0.294177
v 0.152022 0.165083 -0.294177
v 0.298201 0.076250 -0.294177
v 0.152022 0.076250 -0.294177
v -0.152022 0.076250 -0.294177
v 0.000000 0.165083 -0.294177
v 0.000000 0.076250 -0.294177
v -0.551003 0.165083 -0.294177
v -0.432921 0.076250 -0.294177
v -0.551003 0.076250 -0.294177
v -0.719921 0.165083 -0.203395
v -0.647912 0.076250 -0.295284
v -0.719921 0.076250 -0.203395
v -0.779237 0.165083 0.000000
v -0.764264 0.076250 -0.103690
v -0.779237 0.076250 0.000000
v -0.719921 0.165083 0.203394
v -0.764264 0.076250 0.103689
v -0.719921 0.076250 0.203394
v 0.551003 0.165083 0.294177
v 0.551003 0.076250 0.294177
v 0.764264 0.165083 -0.103690
v 0.298201 0.165083 -0.294177
v -0.298201 0.165083 -0.294177
v -0.298201 0.076250 -0.294177
v -0.647912 0.165083 -0.295284
v -0.764264 0.165083 0.103689
v -0.647912 0.165083 0.295283
v -0.152022 0.165083 0.294177
v 0.551004 0.165083 -0.294177
v -0.764264 0.165083 -0.103690
v -0.432921 0.165083 0.294177
v -0.432921 0.165083 -0.294177
v -0.152022 0.165083 -0.294177
v 0.719921 0.165083 0.203395
vn -0.0000 -1.0000 -0.0000
vn -0.0000 1.0000 -0.0000
vn 0.0114 -0.0000 0.9999
vn -0.0000 -0.0000 1.0000
vn 0.7871 -0.0000 0.6168
vn 0.9137 -0.0000 0.4064
vn 0.9137 -0.0000 -0.4064
vn 0.7871 -0.0000 -0.6168
vn -0.0000 -0.0000 -1.0000
vn -0.7871 -0.0000 -0.6168
vn -0.9897 -0.0000 -0.1429
vn -0.9137 -0.0000 0.4064
vn -0.0114 -0.0000 0.9999
vn 0.9897 -0.0000 -0.1429
vn 0.0114 -0.0000 -0.9999
vn -0.9897 -0.0000 0.1429
vn -0.7871 -0.0000 0.6168
vn 0.9897 -0.0000 0.1429
vn -0.0114 -0.0000 -0.9999
vn -0.9137 -0.0000 -0.4064
vt 0.924600 0.087300
vt 0.921300 0.087800
vt 0.930800 0.076600
vt 0.949700 0.076600
vt 0.940300 0.087800
vt 0.949700 0.040900
vt 0.952600 0.037800
vt 0.952600 0.040900
vt 0.949700 0.049000
vt 0.952600 0.044700
vt 0.952600 0.049000
vt 0.949700 0.058500
vt 0.952600 0.053700
vt 0.952600 0.058500
vt 0.952600 0.068100
vt 0.949700 0.063400
vt 0.952600 0.063400
vt 0.952600 0.072400
vt 0.949700 0.068100
vt 0.955400 0.053900
vt 0.958300 0.056500
vt 0.955400 0.056500
vt 0.958300 0.050900
vt 0.955400 0.050900
vt 0.958300 0.041000
vt 0.955400 0.044300
vt 0.955400 0.041000
vt 0.958300 0.037800
vt 0.955400 0.037800
vt 0.955400 0.040900
vt 0.955400 0.044700
vt 0.955400 0.049000
vt 0.955400 0.053700
vt 0.955400 0.063400
vt 0.955400 0.058500
vt 0.952600 0.076200
vt 0.955400 0.072400
vt 0.955400 0.076200
vt 0.955400 0.059100
vt 0.958300 0.059100
vt 0.955400 0.065400
vt 0.958300 0.062100
vt 0.958300 0.065400
vt 0.955400 0.072100
vt 0.958300 0.068700
vt 0.958300 0.072100
vt 0.952600 0.079300
vt 0.949700 0.076200
vt 0.958300 0.044300
vt 0.955400 0.047700
vt 0.955400 0.068100
vt 0.955400 0.079300
vt 0.955400 0.068700
vt 0.955400 0.075300
vt 0.958300 0.075300
vt 0.949700 0.053700
vt 0.949700 0.072400
vt 0.958300 0.047700
vt 0.955400 0.062100
vt 0.918000 0.038200
vt 0.911900 0.048900
vt 0.911900 0.045100
vt 0.924600 0.038200
vt 0.927800 0.039700
vt 0.930800 0.045100
vt 0.930800 0.042000
vt 0.914800 0.039700
vt 0.911800 0.042000
vt 0.911900 0.053200
vt 0.930800 0.048900
vt 0.921300 0.037800
vt 0.930800 0.053200
vt 0.930800 0.057900
vt 0.911900 0.057900
vt 0.930800 0.067600
vt 0.930800 0.072300
vt 0.911900 0.072300
vt 0.930800 0.062800
vt 0.911900 0.062800
vt 0.911900 0.076600
vt 0.911900 0.067600
vt 0.930800 0.080400
vt 0.930800 0.083500
vt 0.927800 0.085900
vt 0.914800 0.085900
vt 0.911800 0.083500
vt 0.911900 0.080400
vt 0.918000 0.087300
vt 0.933700 0.039700
vt 0.936900 0.038200
vt 0.940300 0.037800
vt 0.943600 0.038200
vt 0.949700 0.048900
vt 0.946800 0.039700
vt 0.949700 0.042000
vt 0.949700 0.045100
vt 0.949700 0.057900
vt 0.949700 0.062800
vt 0.949700 0.067600
vt 0.949700 0.053200
vt 0.949700 0.072300
vt 0.949700 0.080400
vt 0.949700 0.083500
vt 0.946800 0.085900
vt 0.943600 0.087300
vt 0.936900 0.087300
vt 0.933700 0.085900
vt 0.949700 0.037800
vt 0.949700 0.044700
vt 0.958300 0.053900
vt 0.949700 0.079300
s 0
f 1/1/1 2/2/1 3/3/1
f 4/3/2 5/4/2 6/5/2
f 7/6/3 8/7/3 9/8/3
f 10/9/4 11/10/4 12/11/4
f 13/12/4 14/13/4 15/14/4
f 16/15/4 17/16/4 18/17/4
f 19/18/4 20/19/4 16/15/4
f 21/20/5 22/21/5 23/22/5
f 24/23/6 21/20/6 25/24/6
f 26/25/7 1/26/7 27/27/7
f 28/28/8 27/27/8 29/29/8
f 4/10/9 30/30/9 3/31/9
f 31/13/9 32/32/9 33/33/9
f 34/34/9 35/14/9 36/35/9
f 37/36/9 38/37/9 39/38/9
f 40/39/10 41/21/10 42/40/10
f 43/41/11 44/42/11 45/43/11
f 46/44/12 47/45/12 48/46/12
f 11/10/4 7/6/4 9/8/4
f 17/16/4 15/14/4 18/17/4
f 23/47/13 49/48/13 50/36/13
f 51/49/14 2/50/14 1/26/14
f 52/11/9 3/31/9 32/32/9
f 53/15/9 34/34/9 54/51/9
f 55/47/15 39/38/15 41/52/15
f 56/53/16 45/43/16 47/45/16
f 57/54/17 48/46/17 8/55/17
f 58/56/4 12/11/4 14/13/4
f 50/36/4 5/57/4 19/18/4
f 6/58/18 25/24/18 2/50/18
f 59/8/19 29/29/19 30/30/19
f 35/14/9 33/33/9 36/35/9
f 38/37/9 53/15/9 54/51/9
f 60/59/20 42/40/20 44/42/20
f 47/60/1 11/61/1 9/62/1
f 44/63/1 42/64/1 39/65/1
f 42/64/1 41/66/1 39/65/1
f 48/67/1 47/60/1 9/62/1
f 9/62/1 8/68/1 48/67/1
f 12/69/1 11/61/1 38/70/1
f 47/60/1 45/71/1 11/61/1
f 44/63/1 39/65/1 38/70/1
f 54/72/1 34/73/1 14/74/1
f 44/63/1 38/70/1 45/71/1
f 11/61/1 45/71/1 38/70/1
f 14/74/1 12/69/1 54/72/1
f 38/70/1 54/72/1 12/69/1
f 33/75/1 32/76/1 16/77/1
f 34/73/1 36/78/1 15/79/1
f 15/79/1 14/74/1 34/73/1
f 19/80/1 16/77/1 32/76/1
f 18/81/1 15/79/1 36/78/1
f 36/78/1 33/75/1 18/81/1
f 30/82/1 29/83/1 27/84/1
f 32/76/1 3/3/1 19/80/1
f 16/77/1 18/81/1 33/75/1
f 21/85/1 23/86/1 50/87/1
f 50/87/1 19/80/1 25/88/1
f 3/3/1 2/2/1 19/80/1
f 27/84/1 1/1/1 30/82/1
f 2/2/1 25/88/1 19/80/1
f 21/85/1 50/87/1 25/88/1
f 30/82/1 1/1/1 3/3/1
f 40/89/2 60/90/2 37/65/2
f 43/91/2 56/92/2 61/93/2
f 46/94/2 57/95/2 7/96/2
f 7/96/2 61/93/2 56/92/2
f 58/97/2 13/98/2 35/78/2
f 46/94/2 7/96/2 56/92/2
f 13/98/2 17/99/2 31/75/2
f 61/93/2 62/70/2 43/91/2
f 60/90/2 43/91/2 62/70/2
f 37/65/2 55/66/2 40/89/2
f 63/73/2 53/72/2 58/97/2
f 62/70/2 37/65/2 60/90/2
f 61/93/2 10/100/2 62/70/2
f 17/99/2 20/101/2 31/75/2
f 49/102/2 22/103/2 64/104/2
f 10/100/2 53/72/2 62/70/2
f 5/4/2 49/102/2 24/105/2
f 64/104/2 24/105/2 49/102/2
f 6/5/2 51/106/2 4/3/2
f 26/107/2 28/83/2 59/82/2
f 4/3/2 52/76/2 5/4/2
f 26/107/2 59/82/2 51/106/2
f 24/105/2 6/5/2 5/4/2
f 20/101/2 52/76/2 31/75/2
f 53/72/2 10/100/2 58/97/2
f 31/75/2 35/78/2 13/98/2
f 59/82/2 4/3/2 51/106/2
f 5/4/2 52/76/2 20/101/2
f 35/78/2 63/73/2 58/97/2
f 7/6/3 57/108/3 8/7/3
f 10/9/4 61/109/4 11/10/4
f 13/12/4 58/56/4 14/13/4
f 16/15/4 20/19/4 17/16/4
f 19/18/4 5/57/4 20/19/4
f 21/20/5 64/110/5 22/21/5
f 24/23/6 64/110/6 21/20/6
f 26/25/7 51/49/7 1/26/7
f 28/28/8 26/25/8 27/27/8
f 4/10/9 59/8/9 30/30/9
f 31/13/9 52/11/9 32/32/9
f 34/34/9 63/17/9 35/14/9
f 37/36/9 62/18/9 38/37/9
f 40/39/10 55/22/10 41/21/10
f 43/41/11 60/59/11 44/42/11
f 46/44/12 56/53/12 47/45/12
f 11/10/4 61/109/4 7/6/4
f 17/16/4 13/12/4 15/14/4
f 23/47/13 22/111/13 49/48/13
f 51/49/14 6/58/14 2/50/14
f 52/11/9 4/10/9 3/31/9
f 53/15/9 63/17/9 34/34/9
f 55/47/15 37/36/15 39/38/15
f 56/53/16 43/41/16 45/43/16
f 57/54/17 46/44/17 48/46/17
f 58/56/4 10/9/4 12/11/4
f 50/36/4 49/48/4 5/57/4
f 6/58/18 24/23/18 25/24/18
f 59/8/19 28/7/19 29/29/19
f 35/14/9 31/13/9 33/33/9
f 38/37/9 62/18/9 53/15/9
f 60/59/20 40/39/20 42/40/20
o Base_-Squad_-_Unique_Ring_Flat_Torus.008
v 0.544822 0.256345 0.000155
v 0.534364 0.256345 -0.106024
v 0.510100 0.273986 -0.101198
v 0.520083 0.273986 0.000155
v 0.520083 0.273986 0.000155
v 0.510100 0.273986 -0.101198
v 0.461573 0.273986 -0.091545
v 0.470605 0.273986 0.000155
v 0.470605 0.273986 0.000155
v 0.461573 0.273986 -0.091545
v 0.437310 0.256345 -0.086719
v 0.445866 0.256345 0.000155
v 0.445866 0.256345 0.000155
v 0.437310 0.256345 -0.086719
v 0.461573 0.213115 -0.091545
v 0.470605 0.213115 0.000155
v 0.470605 0.213115 0.000155
v 0.461573 0.213115 -0.091545
v 0.510100 0.213115 -0.101198
v 0.520083 0.213115 0.000155
v 0.544822 0.256345 0.000155
v 0.520083 0.213115 0.000155
v 0.510100 0.213115 -0.101198
v 0.534364 0.256345 -0.106024
v 0.503393 0.256345 -0.208122
v 0.480537 0.273986 -0.198655
v 0.480537 0.273986 -0.198655
v 0.434825 0.273986 -0.179721
v 0.434825 0.273986 -0.179721
v 0.411970 0.256345 -0.170254
v 0.411970 0.256345 -0.170254
v 0.434825 0.213115 -0.179721
v 0.434825 0.213115 -0.179721
v 0.480537 0.213115 -0.198655
v 0.480537 0.213115 -0.198655
v 0.503393 0.256345 -0.208122
v 0.453098 0.256345 -0.302217
v 0.432528 0.273986 -0.288473
v 0.432528 0.273986 -0.288473
v 0.391389 0.273986 -0.260984
v 0.391389 0.273986 -0.260984
v 0.370820 0.256345 -0.247240
v 0.370820 0.256345 -0.247240
v 0.391389 0.213115 -0.260984
v 0.391389 0.213115 -0.260984
v 0.432528 0.213115 -0.288473
v 0.432528 0.213115 -0.288473
v 0.453098 0.256345 -0.302217
v 0.385413 0.256345 -0.384692
v 0.367920 0.273986 -0.367199
v 0.367920 0.273986 -0.367199
v 0.332934 0.273986 -0.332212
v 0.332934 0.273986 -0.332212
v 0.315441 0.256345 -0.314719
v 0.315441 0.256345 -0.314719
v 0.332934 0.213115 -0.332212
v 0.332934 0.213115 -0.332212
v 0.367920 0.213115 -0.367199
v 0.367920 0.213115 -0.367199
v 0.385413 0.256345 -0.384692
v 0.302938 0.256345 -0.452377
v 0.289194 0.273986 -0.431807
v 0.289194 0.273986 -0.431807
v 0.261706 0.273986 -0.390668
v 0.261706 0.273986 -0.390668
v 0.247962 0.256345 -0.370098
v 0.247962 0.256345 -0.370098
v 0.261706 0.213115 -0.390668
v 0.261706 0.213115 -0.390668
v 0.289194 0.213115 -0.431807
v 0.289194 0.213115 -0.431807
v 0.302938 0.256345 -0.452377
v 0.208844 0.256345 -0.502671
v 0.199377 0.273986 -0.479815
v 0.199377 0.273986 -0.479815
v 0.180442 0.273986 -0.434104
v 0.180442 0.273986 -0.434104
v 0.170975 0.256345 -0.411248
v 0.170975 0.256345 -0.411248
v 0.180442 0.213115 -0.434104
v 0.180442 0.213115 -0.434104
v 0.199377 0.213115 -0.479815
v 0.199377 0.213115 -0.479815
v 0.208844 0.256345 -0.502671
v 0.106745 0.256345 -0.533642
v 0.101919 0.273986 -0.509379
v 0.101919 0.273986 -0.509379
v 0.092266 0.273986 -0.460852
v 0.092266 0.273986 -0.460852
v 0.087440 0.256345 -0.436588
v 0.087440 0.256345 -0.436588
v 0.092266 0.213115 -0.460852
v 0.092266 0.213115 -0.460852
v 0.101919 0.213115 -0.509379
v 0.101919 0.213115 -0.509379
v 0.106745 0.256345 -0.533642
v 0.000566 0.256345 -0.544100
v 0.000566 0.273986 -0.519361
v 0.000566 0.273986 -0.519361
v 0.000566 0.273986 -0.469884
v 0.000566 0.273986 -0.469884
v 0.000566 0.256345 -0.445145
v 0.000566 0.256345 -0.445145
v 0.000566 0.213115 -0.469884
v 0.000566 0.213115 -0.469884
v 0.000566 0.213115 -0.519361
v 0.000566 0.213115 -0.519361
v 0.000566 0.256345 -0.544100
v -0.105613 0.256345 -0.533642
v -0.100786 0.273986 -0.509379
v -0.100786 0.273986 -0.509379
v -0.091134 0.273986 -0.460852
v -0.091134 0.273986 -0.460852
v -0.086307 0.256345 -0.436588
v -0.086307 0.256345 -0.436588
v -0.091134 0.213115 -0.460852
v -0.091134 0.213115 -0.460852
v -0.100786 0.213115 -0.509379
v -0.100786 0.213115 -0.509379
v -0.105613 0.256345 -0.533642
v -0.207711 0.256345 -0.502671
v -0.198244 0.273986 -0.479815
v -0.198244 0.273986 -0.479815
v -0.179310 0.273986 -0.434104
v -0.179310 0.273986 -0.434104
v -0.169842 0.256345 -0.411248
v -0.169842 0.256345 -0.411248
v -0.179310 0.213115 -0.434104
v -0.179310 0.213115 -0.434104
v -0.198244 0.213115 -0.479815
v -0.198244 0.213115 -0.479815
v -0.207711 0.256345 -0.502671
v -0.301805 0.256345 -0.452377
v -0.288061 0.273986 -0.431807
v -0.288061 0.273986 -0.431807
v -0.260573 0.273986 -0.390668
v -0.260573 0.273986 -0.390668
v -0.246829 0.256345 -0.370098
v -0.246829 0.256345 -0.370098
v -0.260573 0.213115 -0.390668
v -0.260573 0.213115 -0.390668
v -0.288061 0.213115 -0.431807
v -0.288061 0.213115 -0.431807
v -0.301805 0.256345 -0.452377
v -0.384280 0.256345 -0.384691
v -0.366787 0.273986 -0.367198
v -0.366787 0.273986 -0.367198
v -0.331801 0.273986 -0.332212
v -0.331801 0.273986 -0.332212
v -0.314308 0.256345 -0.314719
v -0.314308 0.256345 -0.314719
v -0.331801 0.213115 -0.332212
v -0.331801 0.213115 -0.332212
v -0.366787 0.213115 -0.367198
v -0.366787 0.213115 -0.367198
v -0.384280 0.256345 -0.384691
v -0.451965 0.256345 -0.302217
v -0.431396 0.273986 -0.288473
v -0.431396 0.273986 -0.288473
v -0.390256 0.273986 -0.260985
v -0.390256 0.273986 -0.260985
v -0.369687 0.256345 -0.247240
v -0.369687 0.256345 -0.247240
v -0.390256 0.213115 -0.260985
v -0.390256 0.213115 -0.260985
v -0.431396 0.213115 -0.288473
v -0.431396 0.213115 -0.288473
v -0.451965 0.256345 -0.302217
v -0.502260 0.256345 -0.208122
v -0.479404 0.273986 -0.198655
v -0.479404 0.273986 -0.198655
v -0.433693 0.273986 -0.179721
v -0.433693 0.273986 -0.179721
v -0.410837 0.256345 -0.170254
v -0.410837 0.256345 -0.170254
v -0.433693 0.213115 -0.179721
v -0.433693 0.213115 -0.179721
v -0.479404 0.213115 -0.198655
v -0.479404 0.213115 -0.198655
v -0.502260 0.256345 -0.208122
v -0.533231 0.256345 -0.106024
v -0.508968 0.273986 -0.101198
v -0.508968 0.273986 -0.101198
v -0.460441 0.273986 -0.091545
v -0.460441 0.273986 -0.091545
v -0.436177 0.256345 -0.086719
v -0.436177 0.256345 -0.086719
v -0.460441 0.213115 -0.091545
v -0.460441 0.213115 -0.091545
v -0.508968 0.213115 -0.101198
v -0.508968 0.213115 -0.101198
v -0.533231 0.256345 -0.106024
v -0.543689 0.256345 0.000155
v -0.518950 0.273986 0.000155
v -0.518950 0.273986 0.000155
v -0.469472 0.273986 0.000155
v -0.469472 0.273986 0.000155
v -0.444733 0.256345 0.000155
v -0.444733 0.256345 0.000155
v -0.469472 0.213115 0.000155
v -0.469472 0.213115 0.000155
v -0.518950 0.213115 0.000155
v -0.518950 0.213115 0.000155
v -0.543689 0.256345 0.000155
v -0.533231 0.256345 0.106334
v -0.508968 0.273986 0.101508
v -0.508968 0.273986 0.101508
v -0.460441 0.273986 0.091855
v -0.460441 0.273986 0.091855
v -0.436177 0.256345 0.087029
v -0.436177 0.256345 0.087029
v -0.460441 0.213115 0.091855
v -0.460441 0.213115 0.091855
v -0.508968 0.213115 0.101508
v -0.508968 0.213115 0.101508
v -0.533231 0.256345 0.106334
v -0.502260 0.256345 0.208432
v -0.479404 0.273986 0.198965
v -0.479404 0.273986 0.198965
v -0.433693 0.273986 0.180031
v -0.433693 0.273986 0.180031
v -0.410837 0.256345 0.170564
v -0.410837 0.256345 0.170564
v -0.433693 0.213115 0.180031
v -0.433693 0.213115 0.180031
v -0.479404 0.213115 0.198965
v -0.479404 0.213115 0.198965
v -0.502260 0.256345 0.208432
v -0.451965 0.256345 0.302527
v -0.431396 0.273986 0.288783
v -0.431396 0.273986 0.288783
v -0.390256 0.273986 0.261295
v -0.390256 0.273986 0.261295
v -0.369687 0.256345 0.247550
v -0.369687 0.256345 0.247550
v -0.390256 0.213115 0.261295
v -0.390256 0.213115 0.261295
v -0.431396 0.213115 0.288783
v -0.431396 0.213115 0.288783
v -0.451965 0.256345 0.302527
v -0.384280 0.256345 0.385001
v -0.366787 0.273986 0.367508
v -0.366787 0.273986 0.367508
v -0.331801 0.273986 0.332522
v -0.331801 0.273986 0.332522
v -0.314308 0.256345 0.315029
v -0.314308 0.256345 0.315029
v -0.331801 0.213115 0.332522
v -0.331801 0.213115 0.332522
v -0.366787 0.213115 0.367508
v -0.366787 0.213115 0.367508
v -0.384280 0.256345 0.385001
v -0.301806 0.256345 0.452686
v -0.288062 0.273986 0.432117
v -0.288062 0.273986 0.432117
v -0.260573 0.273986 0.390978
v -0.260573 0.273986 0.390978
v -0.246829 0.256345 0.370408
v -0.246829 0.256345 0.370408
v -0.260573 0.213115 0.390978
v -0.260573 0.213115 0.390978
v -0.288062 0.213115 0.432117
v -0.288062 0.213115 0.432117
v -0.301806 0.256345 0.452686
v -0.207711 0.256345 0.502981
v -0.198244 0.273986 0.480125
v -0.198244 0.273986 0.480125
v -0.179310 0.273986 0.434414
v -0.179310 0.273986 0.434414
v -0.169842 0.256345 0.411558
v -0.169842 0.256345 0.411558
v -0.179310 0.213115 0.434414
v -0.179310 0.213115 0.434414
v -0.198244 0.213115 0.480125
v -0.198244 0.213115 0.480125
v -0.207711 0.256345 0.502981
v -0.105613 0.256345 0.533952
v -0.100787 0.273986 0.509689
v -0.100787 0.273986 0.509689
v -0.091134 0.273986 0.461162
v -0.091134 0.273986 0.461162
v -0.086307 0.256345 0.436898
v -0.086307 0.256345 0.436898
v -0.091134 0.213115 0.461162
v -0.091134 0.213115 0.461162
v -0.100787 0.213115 0.509689
v -0.100787 0.213115 0.509689
v -0.105613 0.256345 0.533952
v 0.000566 0.256345 0.544410
v 0.000566 0.273986 0.519671
v 0.000566 0.273986 0.519671
v 0.000566 0.273986 0.470194
v 0.000566 0.273986 0.470194
v 0.000566 0.256345 0.445455
v 0.000566 0.256345 0.445455
v 0.000566 0.213115 0.470194
v 0.000566 0.213115 0.470194
v 0.000566 0.213115 0.519671
v 0.000566 0.213115 0.519671
v 0.000566 0.256345 0.544410
v 0.106745 0.256345 0.533953
v 0.101919 0.273986 0.509689
v 0.101919 0.273986 0.509689
v 0.092266 0.273986 0.461162
v 0.092266 0.273986 0.461162
v 0.087440 0.256345 0.436898
v 0.087440 0.256345 0.436898
v 0.092266 0.213115 0.461162
v 0.092266 0.213115 0.461162
v 0.101919 0.213115 0.509689
v 0.101919 0.213115 0.509689
v 0.106745 0.256345 0.533953
v 0.208844 0.256345 0.502981
v 0.199377 0.273986 0.480125
v 0.199377 0.273986 0.480125
v 0.180442 0.273986 0.434414
v 0.180442 0.273986 0.434414
v 0.170975 0.256345 0.411558
v 0.170975 0.256345 0.411558
v 0.180442 0.213115 0.434414
v 0.180442 0.213115 0.434414
v 0.199377 0.213115 0.480125
v 0.199377 0.213115 0.480125
v 0.208844 0.256345 0.502981
v 0.302938 0.256345 0.452687
v 0.289194 0.273986 0.432117
v 0.289194 0.273986 0.432117
v 0.261706 0.273986 0.390978
v 0.261706 0.273986 0.390978
v 0.247962 0.256345 0.370408
v 0.247962 0.256345 0.370408
v 0.261706 0.213115 0.390978
v 0.261706 0.213115 0.390978
v 0.289194 0.213115 0.432117
v 0.289194 0.213115 0.432117
v 0.302938 0.256345 0.452687
v 0.385413 0.256345 0.385002
v 0.367920 0.273986 0.367509
v 0.367920 0.273986 0.367509
v 0.332934 0.273986 0.332523
v 0.332934 0.273986 0.332523
v 0.315441 0.256345 0.315030
v 0.315441 0.256345 0.315030
v 0.332934 0.213115 0.332523
v 0.332934 0.213115 0.332523
v 0.367920 0.213115 0.367509
v 0.367920 0.213115 0.367509
v 0.385413 0.256345 0.385002
v 0.453098 0.256345 0.302527
v 0.432528 0.273986 0.288783
v 0.432528 0.273986 0.288783
v 0.391389 0.273986 0.261294
v 0.391389 0.273986 0.261294
v 0.370820 0.256345 0.247550
v 0.370820 0.256345 0.247550
v 0.391389 0.213115 0.261294
v 0.391389 0.213115 0.261294
v 0.432528 0.213115 0.288783
v 0.432528 0.213115 0.288783
v 0.453098 0.256345 0.302527
v 0.503393 0.256345 0.208433
v 0.480537 0.273986 0.198965
v 0.480537 0.273986 0.198965
v 0.434825 0.273986 0.180031
v 0.434825 0.273986 0.180031
v 0.411970 0.256345 0.170564
v 0.411970 0.256345 0.170564
v 0.434825 0.213115 0.180031
v 0.434825 0.213115 0.180031
v 0.480537 0.213115 0.198965
v 0.480537 0.213115 0.198965
v 0.503393 0.256345 0.208433
v 0.534364 0.256345 0.106334
v 0.510100 0.273986 0.101508
v 0.510100 0.273986 0.101508
v 0.461573 0.273986 0.091855
v 0.461573 0.273986 0.091855
v 0.437310 0.256345 0.087029
v 0.437310 0.256345 0.087029
v 0.461573 0.213115 0.091855
v 0.461573 0.213115 0.091855
v 0.510100 0.213115 0.101508
v 0.510100 0.213115 0.101508
v 0.534364 0.256345 0.106334
vn 0.5796 0.8129 -0.0571
vn -0.0000 1.0000 -0.0000
vn -0.5796 0.8129 0.0571
vn -0.8648 -0.4949 0.0852
vn -0.0000 -1.0000 -0.0000
vn 0.8648 -0.4949 -0.0852
vn 0.5574 0.8129 -0.1691
vn -0.5574 0.8129 0.1691
vn -0.8316 -0.4949 0.2522
vn 0.8315 -0.4949 -0.2522
vn 0.5137 0.8129 -0.2746
vn -0.5137 0.8129 0.2746
vn -0.7664 -0.4949 0.4096
vn 0.7664 -0.4949 -0.4096
vn 0.4502 0.8129 -0.3695
vn -0.4502 0.8129 0.3695
vn -0.6717 -0.4949 0.5513
vn 0.6717 -0.4949 -0.5513
vn 0.3695 0.8129 -0.4502
vn -0.3695 0.8129 0.4502
vn -0.5513 -0.4949 0.6717
vn 0.5513 -0.4949 -0.6717
vn 0.2746 0.8129 -0.5137
vn -0.2746 0.8129 0.5137
vn -0.4096 -0.4949 0.7664
vn 0.4096 -0.4949 -0.7664
vn 0.1691 0.8129 -0.5574
vn -0.1691 0.8129 0.5574
vn -0.2522 -0.4949 0.8315
vn 0.2522 -0.4949 -0.8315
vn 0.0571 0.8129 -0.5796
vn -0.0571 0.8129 0.5796
vn -0.0852 -0.4949 0.8648
vn 0.0852 -0.4949 -0.8648
vn -0.0571 0.8129 -0.5796
vn 0.0571 0.8129 0.5796
vn 0.0852 -0.4949 0.8648
vn -0.0852 -0.4949 -0.8648
vn -0.1691 0.8129 -0.5574
vn 0.1691 0.8129 0.5574
vn 0.2522 -0.4949 0.8315
vn -0.2522 -0.4949 -0.8315
vn -0.2746 0.8129 -0.5137
vn 0.2746 0.8129 0.5137
vn 0.4096 -0.4949 0.7664
vn -0.4096 -0.4949 -0.7664
vn -0.3695 0.8129 -0.4502
vn 0.3695 0.8129 0.4502
vn 0.5513 -0.4949 0.6717
vn -0.5513 -0.4949 -0.6717
vn -0.4502 0.8129 -0.3695
vn 0.4502 0.8129 0.3695
vn 0.6717 -0.4949 0.5513
vn -0.6717 -0.4949 -0.5513
vn -0.5137 0.8129 -0.2746
vn 0.5137 0.8129 0.2746
vn 0.7664 -0.4949 0.4096
vn -0.7664 -0.4949 -0.4096
vn -0.5574 0.8129 -0.1691
vn 0.5574 0.8129 0.1691
vn 0.8315 -0.4949 0.2522
vn -0.8315 -0.4949 -0.2522
vn -0.5796 0.8129 -0.0571
vn 0.5796 0.8129 0.0571
vn 0.8648 -0.4949 0.0852
vn -0.8648 -0.4949 -0.0852
vn -0.8315 -0.4949 0.2522
vt 0.006000 0.190300
vt 0.005400 0.194700
vt 0.003100 0.195700
vt 0.003700 0.191400
vt 0.059500 0.174400
vt 0.056200 0.179300
vt 0.053900 0.177500
vt 0.056900 0.173000
vt 0.109700 0.190300
vt 0.109200 0.194100
vt 0.106900 0.195100
vt 0.107400 0.191400
vt 0.097100 0.194300
vt 0.097600 0.190500
vt 0.068900 0.173000
vt 0.071900 0.177500
vt 0.069700 0.179300
vt 0.066400 0.174400
vt 0.015800 0.191300
vt 0.015300 0.195500
vt 0.005000 0.199900
vt 0.002700 0.200600
vt 0.051900 0.183500
vt 0.050100 0.181300
vt 0.108800 0.198600
vt 0.106500 0.199300
vt 0.096700 0.198800
vt 0.075700 0.181300
vt 0.073900 0.183500
vt 0.014800 0.200500
vt 0.004700 0.205700
vt 0.002500 0.206100
vt 0.047000 0.186800
vt 0.045600 0.184300
vt 0.108600 0.203600
vt 0.106300 0.204000
vt 0.096500 0.203800
vt 0.080200 0.184300
vt 0.078800 0.186800
vt 0.014600 0.206000
vt 0.004600 0.211800
vt 0.002400 0.212000
vt 0.041500 0.189100
vt 0.040600 0.186400
vt 0.108500 0.208900
vt 0.106200 0.209100
vt 0.096400 0.209100
vt 0.085200 0.186400
vt 0.084400 0.189100
vt 0.014500 0.211800
vt 0.004700 0.218100
vt 0.002500 0.218000
vt 0.035600 0.190300
vt 0.035300 0.187400
vt 0.108600 0.214300
vt 0.106300 0.214200
vt 0.096500 0.214500
vt 0.090500 0.187400
vt 0.090200 0.190300
vt 0.014600 0.217800
vt 0.005000 0.224200
vt 0.002700 0.223800
vt 0.029700 0.190300
vt 0.029900 0.187400
vt 0.108800 0.219600
vt 0.106500 0.219200
vt 0.096700 0.219800
vt 0.095900 0.187400
vt 0.096200 0.190300
vt 0.014800 0.223600
vt 0.005400 0.230000
vt 0.003100 0.229300
vt 0.023800 0.189100
vt 0.024600 0.186400
vt 0.109200 0.224500
vt 0.106900 0.223900
vt 0.097100 0.224700
vt 0.101200 0.186400
vt 0.102000 0.189100
vt 0.015300 0.229100
vt 0.006000 0.235100
vt 0.003700 0.234300
vt 0.018300 0.186800
vt 0.019700 0.184300
vt 0.109700 0.229000
vt 0.107400 0.228100
vt 0.097600 0.229200
vt 0.106200 0.184300
vt 0.107500 0.186800
vt 0.015800 0.234100
vt 0.033000 0.190300
vt 0.032400 0.194700
vt 0.030100 0.195700
vt 0.030700 0.191400
vt 0.013300 0.183500
vt 0.015200 0.181300
vt 0.069700 0.190300
vt 0.069100 0.194100
vt 0.066800 0.195100
vt 0.067300 0.191400
vt 0.057000 0.194300
vt 0.057500 0.190500
vt 0.110600 0.181300
vt 0.112500 0.183500
vt 0.042800 0.191300
vt 0.042200 0.195500
vt 0.032000 0.199900
vt 0.029700 0.200600
vt 0.009100 0.179300
vt 0.011400 0.177500
vt 0.068800 0.198600
vt 0.066500 0.199300
vt 0.056600 0.198800
vt 0.114500 0.177500
vt 0.116700 0.179300
vt 0.041800 0.200500
vt 0.031700 0.205700
vt 0.029400 0.206100
vt 0.005800 0.174400
vt 0.008400 0.173000
vt 0.068500 0.203600
vt 0.066300 0.204000
vt 0.056400 0.203800
vt 0.117500 0.173000
vt 0.120000 0.174400
vt 0.041600 0.206000
vt 0.031600 0.211800
vt 0.029300 0.212000
vt 0.003500 0.168800
vt 0.006300 0.168000
vt 0.068400 0.208900
vt 0.066200 0.209100
vt 0.056300 0.209100
vt 0.119500 0.168000
vt 0.122300 0.168800
vt 0.041500 0.211800
vt 0.031700 0.218100
vt 0.029400 0.218000
vt 0.002400 0.163000
vt 0.005200 0.162700
vt 0.068500 0.214300
vt 0.066300 0.214200
vt 0.056400 0.214500
vt 0.120600 0.162700
vt 0.123500 0.163000
vt 0.041600 0.217800
vt 0.032000 0.224200
vt 0.029700 0.223800
vt 0.002400 0.157000
vt 0.005200 0.157300
vt 0.068800 0.219600
vt 0.066500 0.219200
vt 0.056600 0.219800
vt 0.120600 0.157300
vt 0.123500 0.157000
vt 0.041800 0.223600
vt 0.032400 0.230000
vt 0.030100 0.229300
vt 0.003500 0.151200
vt 0.006300 0.152000
vt 0.069100 0.224500
vt 0.066800 0.223900
vt 0.057000 0.224700
vt 0.119500 0.152000
vt 0.122300 0.151200
vt 0.042200 0.229100
vt 0.033000 0.235100
vt 0.030700 0.234300
vt 0.005800 0.145700
vt 0.008400 0.147000
vt 0.069700 0.229000
vt 0.067300 0.228100
vt 0.057500 0.229200
vt 0.117500 0.147000
vt 0.120000 0.145700
vt 0.042800 0.234100
vt 0.046500 0.190300
vt 0.045900 0.194700
vt 0.043600 0.195700
vt 0.044200 0.191400
vt 0.009100 0.140700
vt 0.011400 0.142500
vt 0.083000 0.190300
vt 0.082500 0.194100
vt 0.080200 0.195100
vt 0.080700 0.191400
vt 0.070400 0.194300
vt 0.070900 0.190500
vt 0.114500 0.142500
vt 0.116700 0.140700
vt 0.056300 0.191300
vt 0.055700 0.195500
vt 0.045400 0.199900
vt 0.043200 0.200600
vt 0.013300 0.136500
vt 0.015200 0.138700
vt 0.082100 0.198600
vt 0.079800 0.199300
vt 0.070000 0.198800
vt 0.110600 0.138700
vt 0.112500 0.136500
vt 0.055300 0.200500
vt 0.045200 0.205700
vt 0.042900 0.206100
vt 0.018300 0.133200
vt 0.019700 0.135700
vt 0.081900 0.203600
vt 0.079600 0.204000
vt 0.069700 0.203800
vt 0.106200 0.135700
vt 0.107500 0.133200
vt 0.055000 0.206000
vt 0.045100 0.211800
vt 0.042800 0.212000
vt 0.023800 0.130900
vt 0.024600 0.133700
vt 0.081800 0.208900
vt 0.079500 0.209100
vt 0.069700 0.209100
vt 0.101200 0.133700
vt 0.102000 0.130900
vt 0.054900 0.211800
vt 0.045200 0.218100
vt 0.042900 0.218000
vt 0.029700 0.129700
vt 0.029900 0.132600
vt 0.081900 0.214300
vt 0.079600 0.214200
vt 0.069700 0.214500
vt 0.095900 0.132600
vt 0.096200 0.129700
vt 0.055000 0.217800
vt 0.045400 0.224200
vt 0.043200 0.223800
vt 0.035600 0.129700
vt 0.035300 0.132600
vt 0.082100 0.219600
vt 0.079800 0.219200
vt 0.070000 0.219800
vt 0.090500 0.132600
vt 0.090200 0.129700
vt 0.055300 0.223600
vt 0.045900 0.230000
vt 0.043600 0.229300
vt 0.041500 0.130900
vt 0.040600 0.133700
vt 0.082500 0.224500
vt 0.080200 0.223900
vt 0.070400 0.224700
vt 0.085200 0.133700
vt 0.084400 0.130900
vt 0.055700 0.229100
vt 0.046500 0.235100
vt 0.044200 0.234300
vt 0.047000 0.133200
vt 0.045600 0.135700
vt 0.083000 0.229000
vt 0.080700 0.228100
vt 0.070900 0.229200
vt 0.080200 0.135700
vt 0.078800 0.133200
vt 0.056300 0.234100
vt 0.019500 0.190300
vt 0.018900 0.194700
vt 0.016600 0.195700
vt 0.017200 0.191400
vt 0.051900 0.136500
vt 0.050100 0.138700
vt 0.096400 0.190300
vt 0.095900 0.194100
vt 0.093600 0.195100
vt 0.094100 0.191400
vt 0.083700 0.194300
vt 0.084300 0.190500
vt 0.075700 0.138700
vt 0.073900 0.136500
vt 0.029300 0.191300
vt 0.028800 0.195500
vt 0.018500 0.199900
vt 0.016200 0.200600
vt 0.056200 0.140700
vt 0.053900 0.142500
vt 0.095500 0.198600
vt 0.093200 0.199300
vt 0.083300 0.198800
vt 0.071900 0.142500
vt 0.069700 0.140700
vt 0.028300 0.200500
vt 0.018200 0.205700
vt 0.015900 0.206100
vt 0.059500 0.145700
vt 0.056900 0.147000
vt 0.095200 0.203600
vt 0.093000 0.204000
vt 0.083100 0.203800
vt 0.068900 0.147000
vt 0.066400 0.145700
vt 0.028100 0.206000
vt 0.018100 0.211800
vt 0.015800 0.212000
vt 0.061700 0.151200
vt 0.059000 0.152000
vt 0.095100 0.208900
vt 0.092900 0.209100
vt 0.083000 0.209100
vt 0.066800 0.152000
vt 0.064100 0.151200
vt 0.028000 0.211800
vt 0.018200 0.218100
vt 0.015900 0.218000
vt 0.062900 0.157000
vt 0.060000 0.157300
vt 0.095200 0.214300
vt 0.093000 0.214200
vt 0.083100 0.214500
vt 0.065800 0.157300
vt 0.028100 0.217800
vt 0.018500 0.224200
vt 0.016200 0.223800
vt 0.062900 0.163000
vt 0.060000 0.162700
vt 0.095500 0.219600
vt 0.093200 0.219200
vt 0.083300 0.219800
vt 0.065800 0.162700
vt 0.028300 0.223600
vt 0.018900 0.230000
vt 0.016600 0.229300
vt 0.061700 0.168800
vt 0.059000 0.168000
vt 0.095900 0.224500
vt 0.093600 0.223900
vt 0.083700 0.224700
vt 0.066800 0.168000
vt 0.064100 0.168800
vt 0.028800 0.229100
vt 0.019500 0.235100
vt 0.017200 0.234300
vt 0.096400 0.229000
vt 0.094100 0.228100
vt 0.084300 0.229200
vt 0.029300 0.234100
s 0
f 65/112/21 66/113/21 67/114/21 68/115/21
f 69/116/22 70/117/22 71/118/22 72/119/22
f 73/120/23 74/121/23 75/122/23 76/123/23
f 77/123/24 78/122/24 79/124/24 80/125/24
f 81/126/25 82/127/25 83/128/25 84/129/25
f 85/112/26 86/130/26 87/131/26 88/113/26
f 66/113/27 89/132/27 90/133/27 67/114/27
f 70/117/22 91/134/22 92/135/22 71/118/22
f 74/121/28 93/136/28 94/137/28 75/122/28
f 78/122/29 95/137/29 96/138/29 79/124/29
f 82/127/25 97/139/25 98/140/25 83/128/25
f 87/131/30 99/141/30 100/132/30 88/113/30
f 89/132/31 101/142/31 102/143/31 90/133/31
f 91/134/22 103/144/22 104/145/22 92/135/22
f 93/136/32 105/146/32 106/147/32 94/137/32
f 95/137/33 107/147/33 108/148/33 96/138/33
f 97/139/25 109/149/25 110/150/25 98/140/25
f 99/141/34 111/151/34 112/142/34 100/132/34
f 101/142/35 113/152/35 114/153/35 102/143/35
f 103/144/22 115/154/22 116/155/22 104/145/22
f 105/146/36 117/156/36 118/157/36 106/147/36
f 107/147/37 119/157/37 120/158/37 108/148/37
f 109/149/25 121/159/25 122/160/25 110/150/25
f 111/151/38 123/161/38 124/152/38 112/142/38
f 113/152/39 125/162/39 126/163/39 114/153/39
f 115/154/22 127/164/22 128/165/22 116/155/22
f 117/156/40 129/166/40 130/167/40 118/157/40
f 119/157/41 131/167/41 132/168/41 120/158/41
f 121/159/25 133/169/25 134/170/25 122/160/25
f 123/161/42 135/171/42 136/162/42 124/152/42
f 125/162/43 137/172/43 138/173/43 126/163/43
f 127/164/22 139/174/22 140/175/22 128/165/22
f 129/166/44 141/176/44 142/177/44 130/167/44
f 131/167/45 143/177/45 144/178/45 132/168/45
f 133/169/25 145/179/25 146/180/25 134/170/25
f 135/171/46 147/181/46 148/172/46 136/162/46
f 137/172/47 149/182/47 150/183/47 138/173/47
f 139/174/22 151/184/22 152/185/22 140/175/22
f 141/176/48 153/186/48 154/187/48 142/177/48
f 143/177/49 155/187/49 156/188/49 144/178/49
f 145/179/25 157/189/25 158/190/25 146/180/25
f 147/181/50 159/191/50 160/182/50 148/172/50
f 149/182/51 161/192/51 162/193/51 150/183/51
f 151/184/22 163/194/22 164/195/22 152/185/22
f 153/186/52 165/196/52 166/197/52 154/187/52
f 155/187/53 167/197/53 168/198/53 156/188/53
f 157/189/25 169/199/25 170/200/25 158/190/25
f 159/191/54 171/201/54 172/192/54 160/182/54
f 161/202/55 173/203/55 174/204/55 162/205/55
f 163/194/22 175/206/22 176/207/22 164/195/22
f 165/208/56 177/209/56 178/210/56 166/211/56
f 167/211/57 179/210/57 180/212/57 168/213/57
f 169/199/25 181/214/25 182/215/25 170/200/25
f 171/216/58 183/217/58 184/203/58 172/202/58
f 173/203/59 185/218/59 186/219/59 174/204/59
f 175/206/22 187/220/22 188/221/22 176/207/22
f 177/209/60 189/222/60 190/223/60 178/210/60
f 179/210/61 191/223/61 192/224/61 180/212/61
f 181/214/25 193/225/25 194/226/25 182/215/25
f 183/217/62 195/227/62 196/218/62 184/203/62
f 185/218/63 197/228/63 198/229/63 186/219/63
f 187/220/22 199/230/22 200/231/22 188/221/22
f 189/222/64 201/232/64 202/233/64 190/223/64
f 191/223/65 203/233/65 204/234/65 192/224/65
f 193/225/25 205/235/25 206/236/25 194/226/25
f 195/227/66 207/237/66 208/228/66 196/218/66
f 197/228/67 209/238/67 210/239/67 198/229/67
f 199/230/22 211/240/22 212/241/22 200/231/22
f 201/232/68 213/242/68 214/243/68 202/233/68
f 203/233/69 215/243/69 216/244/69 204/234/69
f 205/235/25 217/245/25 218/246/25 206/236/25
f 207/237/70 219/247/70 220/238/70 208/228/70
f 209/238/71 221/248/71 222/249/71 210/239/71
f 211/240/22 223/250/22 224/251/22 212/241/22
f 213/242/72 225/252/72 226/253/72 214/243/72
f 215/243/73 227/253/73 228/254/73 216/244/73
f 217/245/25 229/255/25 230/256/25 218/246/25
f 219/247/74 231/257/74 232/248/74 220/238/74
f 221/248/75 233/258/75 234/259/75 222/249/75
f 223/250/22 235/260/22 236/261/22 224/251/22
f 225/252/76 237/262/76 238/263/76 226/253/76
f 227/253/77 239/263/77 240/264/77 228/254/77
f 229/255/25 241/265/25 242/266/25 230/256/25
f 231/257/78 243/267/78 244/258/78 232/248/78
f 233/258/79 245/268/79 246/269/79 234/259/79
f 235/260/22 247/270/22 248/271/22 236/261/22
f 237/262/80 249/272/80 250/273/80 238/263/80
f 239/263/81 251/273/81 252/274/81 240/264/81
f 241/265/25 253/275/25 254/276/25 242/266/25
f 243/267/82 255/277/82 256/268/82 244/258/82
f 245/268/83 257/278/83 258/279/83 246/269/83
f 247/270/22 259/280/22 260/281/22 248/271/22
f 249/272/84 261/282/84 262/283/84 250/273/84
f 251/273/85 263/283/85 264/284/85 252/274/85
f 253/275/25 265/285/25 266/286/25 254/276/25
f 255/277/86 267/287/86 268/278/86 256/268/86
f 257/288/23 269/289/23 270/290/23 258/291/23
f 259/280/22 271/292/22 272/293/22 260/281/22
f 261/294/21 273/295/21 274/296/21 262/297/21
f 263/297/26 275/296/26 276/298/26 264/299/26
f 265/285/25 277/300/25 278/301/25 266/286/25
f 267/302/24 279/303/24 280/289/24 268/288/24
f 269/289/28 281/304/28 282/305/28 270/290/28
f 271/292/22 283/306/22 284/307/22 272/293/22
f 273/295/27 285/308/27 286/309/27 274/296/27
f 275/296/30 287/309/30 288/310/30 276/298/30
f 277/300/25 289/311/25 290/312/25 278/301/25
f 279/303/87 291/313/87 292/304/87 280/289/87
f 281/304/32 293/314/32 294/315/32 282/305/32
f 283/306/22 295/316/22 296/317/22 284/307/22
f 285/308/31 297/318/31 298/319/31 286/309/31
f 287/309/34 299/319/34 300/320/34 288/310/34
f 289/311/25 301/321/25 302/322/25 290/312/25
f 291/313/33 303/323/33 304/314/33 292/304/33
f 293/314/36 305/324/36 306/325/36 294/315/36
f 295/316/22 307/326/22 308/327/22 296/317/22
f 297/318/35 309/328/35 310/329/35 298/319/35
f 299/319/38 311/329/38 312/330/38 300/320/38
f 301/321/25 313/331/25 314/332/25 302/322/25
f 303/323/37 315/333/37 316/324/37 304/314/37
f 305/324/40 317/334/40 318/335/40 306/325/40
f 307/326/22 319/336/22 320/337/22 308/327/22
f 309/328/39 321/338/39 322/339/39 310/329/39
f 311/329/42 323/339/42 324/340/42 312/330/42
f 313/331/25 325/341/25 326/342/25 314/332/25
f 315/333/41 327/343/41 328/334/41 316/324/41
f 317/334/44 329/344/44 330/345/44 318/335/44
f 319/336/22 331/346/22 332/347/22 320/337/22
f 321/338/43 333/348/43 334/349/43 322/339/43
f 323/339/46 335/349/46 336/350/46 324/340/46
f 325/341/25 337/351/25 338/352/25 326/342/25
f 327/343/45 339/353/45 340/344/45 328/334/45
f 329/344/48 341/354/48 342/355/48 330/345/48
f 331/346/22 343/356/22 344/357/22 332/347/22
f 333/348/47 345/358/47 346/359/47 334/349/47
f 335/349/50 347/359/50 348/360/50 336/350/50
f 337/351/25 349/361/25 350/362/25 338/352/25
f 339/353/49 351/363/49 352/354/49 340/344/49
f 341/354/52 353/364/52 354/365/52 342/355/52
f 343/356/22 355/366/22 356/367/22 344/357/22
f 345/358/51 357/368/51 358/369/51 346/359/51
f 347/359/54 359/369/54 360/370/54 348/360/54
f 349/361/25 361/371/25 362/372/25 350/362/25
f 351/363/53 363/373/53 364/364/53 352/354/53
f 353/374/56 365/375/56 366/376/56 354/377/56
f 355/366/22 367/378/22 368/379/22 356/367/22
f 357/380/55 369/381/55 370/382/55 358/383/55
f 359/383/58 371/382/58 372/384/58 360/385/58
f 361/371/25 373/386/25 374/387/25 362/372/25
f 363/388/57 375/389/57 376/375/57 364/374/57
f 365/375/60 377/390/60 378/391/60 366/376/60
f 367/378/22 379/392/22 380/393/22 368/379/22
f 369/381/59 381/394/59 382/395/59 370/382/59
f 371/382/62 383/395/62 384/396/62 372/384/62
f 373/386/25 385/397/25 386/398/25 374/387/25
f 375/389/61 387/399/61 388/390/61 376/375/61
f 377/390/64 389/400/64 390/401/64 378/391/64
f 379/392/22 391/402/22 392/403/22 380/393/22
f 381/394/63 393/404/63 394/405/63 382/395/63
f 383/395/66 395/405/66 396/406/66 384/396/66
f 385/397/25 397/407/25 398/408/25 386/398/25
f 387/399/65 399/409/65 400/400/65 388/390/65
f 389/400/68 401/410/68 402/411/68 390/401/68
f 391/402/22 403/412/22 404/413/22 392/403/22
f 393/404/67 405/414/67 406/415/67 394/405/67
f 395/405/70 407/415/70 408/416/70 396/406/70
f 397/407/25 409/417/25 410/418/25 398/408/25
f 399/409/69 411/419/69 412/410/69 400/400/69
f 401/410/72 413/420/72 414/421/72 402/411/72
f 403/412/22 415/422/22 416/423/22 404/413/22
f 405/414/71 417/424/71 418/425/71 406/415/71
f 407/415/74 419/425/74 420/426/74 408/416/74
f 409/417/25 421/427/25 422/422/25 410/418/25
f 411/419/73 423/428/73 424/420/73 412/410/73
f 413/420/76 425/429/76 426/430/76 414/421/76
f 415/422/22 427/431/22 428/432/22 416/423/22
f 417/424/75 429/433/75 430/434/75 418/425/75
f 419/425/78 431/434/78 432/435/78 420/426/78
f 421/427/25 433/436/25 434/431/25 422/422/25
f 423/428/77 435/437/77 436/429/77 424/420/77
f 425/429/80 437/438/80 438/439/80 426/430/80
f 427/431/22 439/440/22 440/441/22 428/432/22
f 429/433/79 441/442/79 442/443/79 430/434/79
f 431/434/82 443/443/82 444/444/82 432/435/82
f 433/436/25 445/445/25 446/446/25 434/431/25
f 435/437/81 447/447/81 448/438/81 436/429/81
f 437/438/84 65/448/84 68/449/84 438/439/84
f 439/440/22 69/116/22 72/119/22 440/441/22
f 441/442/83 73/450/83 76/451/83 442/443/83
f 443/443/86 77/451/86 80/452/86 444/444/86
f 445/445/25 81/126/25 84/129/25 446/446/25
f 447/447/85 86/453/85 85/448/85 448/438/85
o Base_-_Squad_-_Center_Sphere
v -0.019269 0.256663 0.000000
v -0.020000 0.312587 0.000000
v -0.014142 0.312587 -0.014142
v -0.013625 0.256663 -0.013625
v -0.014142 0.326729 0.000000
v 0.000000 0.332587 0.000000
v -0.010000 0.326729 -0.010000
v 0.000000 0.248681 0.000000
v 0.000000 0.256663 -0.019269
v 0.000000 0.326729 -0.014142
v 0.000000 0.312587 -0.020000
v 0.010000 0.326729 -0.010000
v 0.013625 0.256663 -0.013625
v 0.014142 0.312587 -0.014142
v 0.020000 0.312587 0.000000
v 0.019269 0.256663 0.000000
v 0.014142 0.326729 0.000000
v 0.014142 0.312587 0.014142
v 0.013625 0.256663 0.013625
v 0.010000 0.326729 0.010000
v 0.000000 0.312587 0.020000
v 0.000000 0.256663 0.019269
v 0.000000 0.326729 0.014142
v -0.014142 0.312587 0.014142
v -0.013625 0.256663 0.013625
v -0.010000 0.326729 0.010000
vn -0.9238 -0.0121 -0.3827
vn -0.3780 0.9125 -0.1566
vn -0.3780 -0.9125 -0.1566
vn -0.8629 0.3574 -0.3574
vn -0.1566 -0.9125 -0.3780
vn -0.3574 0.3574 -0.8629
vn -0.3827 -0.0121 -0.9238
vn -0.1566 0.9125 -0.3780
vn 0.1566 0.9125 -0.3780
vn 0.1566 -0.9125 -0.3780
vn 0.3574 0.3574 -0.8629
vn 0.3827 -0.0121 -0.9238
vn 0.9238 -0.0121 -0.3827
vn 0.3780 0.9125 -0.1566
vn 0.3780 -0.9125 -0.1566
vn 0.8629 0.3574 -0.3574
vn 0.9238 -0.0121 0.3827
vn 0.3780 0.9125 0.1566
vn 0.3780 -0.9125 0.1566
vn 0.8629 0.3574 0.3574
vn 0.3827 -0.0121 0.9238
vn 0.1566 0.9125 0.3780
vn 0.1566 -0.9125 0.3780
vn 0.3574 0.3574 0.8629
vn -0.3827 -0.0121 0.9238
vn -0.1566 0.9125 0.3780
vn -0.1566 -0.9125 0.3780
vn -0.3574 0.3574 0.8629
vn -0.9238 -0.0121 0.3827
vn -0.3780 0.9125 0.1566
vn -0.3780 -0.9125 0.1566
vn -0.8629 0.3574 0.3574
vt 0.677000 0.069600
vt 0.676800 0.042400
vt 0.684400 0.042400
vt 0.684300 0.069600
vt 0.677900 0.035000
vt 0.680600 0.031000
vt 0.683300 0.035000
vt 0.699400 0.078400
vt 0.694600 0.069600
vt 0.701500 0.069600
vt 0.706300 0.074700
vt 0.687100 0.034400
vt 0.689700 0.041400
vt 0.689400 0.068600
vt 0.703800 0.035000
vt 0.706500 0.031000
vt 0.709100 0.035000
vt 0.706300 0.082000
vt 0.702700 0.042400
vt 0.710200 0.042400
vt 0.702800 0.069600
vt 0.710100 0.069600
vt 0.715600 0.041400
vt 0.715300 0.068600
vt 0.712900 0.034400
vt 0.701500 0.087200
vt 0.689900 0.069600
vt 0.689700 0.042400
vt 0.697300 0.042400
vt 0.697200 0.069600
vt 0.690900 0.035000
vt 0.693500 0.031000
vt 0.696200 0.035000
vt 0.694600 0.087200
vt 0.702700 0.041400
vt 0.702300 0.068600
vt 0.700000 0.034400
vt 0.689700 0.082000
vt 0.676800 0.061200
vt 0.672800 0.067600
vt 0.669300 0.066200
vt 0.671800 0.059200
vt 0.676800 0.032500
vt 0.664300 0.057800
vt 0.669700 0.031100
vt 0.665900 0.069600
vt 0.664000 0.065200
vt 0.689700 0.074700
vt 0.658900 0.057700
vt 0.664400 0.031000
vt 0.660200 0.065100
s 0
f 449/454/88 450/455/88 451/456/88 452/457/88
f 453/458/89 454/459/89 455/460/89
f 456/461/90 449/462/90 452/463/90
f 450/455/91 453/458/91 455/460/91 451/456/91
f 456/461/92 452/463/92 457/464/92
f 451/456/93 455/460/93 458/465/93 459/466/93
f 452/457/94 451/456/94 459/466/94 457/467/94
f 455/460/95 454/459/95 458/465/95
f 458/468/96 454/469/96 460/470/96
f 456/461/97 457/464/97 461/471/97
f 459/472/98 458/468/98 460/470/98 462/473/98
f 457/474/99 459/472/99 462/473/99 461/475/99
f 461/475/100 462/473/100 463/476/100 464/477/100
f 460/470/101 454/469/101 465/478/101
f 456/461/102 461/471/102 464/479/102
f 462/473/103 460/470/103 465/478/103 463/476/103
f 464/480/104 463/481/104 466/482/104 467/483/104
f 465/484/105 454/485/105 468/486/105
f 456/461/106 464/479/106 467/487/106
f 463/481/107 465/484/107 468/486/107 466/482/107
f 467/483/108 466/482/108 469/488/108 470/489/108
f 468/486/109 454/485/109 471/490/109
f 456/461/110 467/487/110 470/491/110
f 466/492/111 468/493/111 471/494/111 469/495/111
f 470/496/112 469/495/112 472/497/112 473/498/112
f 471/494/113 454/499/113 474/500/113
f 456/461/114 470/491/114 473/501/114
f 469/495/115 471/494/115 474/500/115 472/497/115
f 473/498/116 472/497/116 450/502/116 449/503/116
f 474/500/117 454/499/117 453/504/117
f 456/461/118 473/501/118 449/462/118
f 472/497/119 474/500/119 453/504/119 450/502/119
o Base_-_Squad_-_Base_pCylinder2_0.002
v 0.103690 0.063530 0.521284
v -0.521284 0.063530 0.103689
v -0.103689 0.063530 -0.521284
v -0.203395 0.263701 0.491039
v 0.491039 0.263701 -0.203395
v 0.203395 0.263701 -0.491039
v -0.375824 0.263701 -0.375825
v -0.295283 0.063530 -0.441924
v -0.375824 0.063530 -0.375825
v -0.491039 0.263701 -0.203396
v -0.441923 0.063530 -0.295284
v -0.491039 0.063530 -0.203396
v -0.531497 0.263701 -0.000001
v -0.521284 0.063530 -0.103690
v -0.531497 0.063530 -0.000001
v -0.491039 0.263701 0.203395
v -0.521284 0.063530 0.103689
v -0.491039 0.063530 0.203395
v -0.441924 0.263701 0.295283
v -0.491039 0.063530 0.203395
v -0.441924 0.063530 0.295283
v -0.203395 0.063530 0.491039
v -0.295284 0.263701 0.441923
v -0.295284 0.063530 0.441923
v -0.103690 0.063530 0.521284
v -0.203395 0.263701 0.491039
v -0.203395 0.063530 0.491039
v 0.203395 0.263701 0.491039
v 0.103690 0.063530 0.521284
v 0.203395 0.063530 0.491039
v 0.295284 0.263701 0.441923
v 0.203395 0.063530 0.491039
v 0.295284 0.063530 0.441923
v 0.441923 0.263701 0.295284
v 0.375825 0.063530 0.375825
v 0.441923 0.063530 0.295284
v 0.521284 0.263701 0.103690
v 0.491039 0.063530 0.203395
v 0.521284 0.063530 0.103690
v 0.521284 0.263701 -0.103690
v 0.531497 0.063530 0.000000
v 0.521284 0.063530 -0.103690
v 0.375825 0.263701 -0.375825
v 0.441923 0.063530 -0.295284
v 0.375825 0.063530 -0.375825
v 0.203395 0.263701 -0.491039
v 0.295284 0.063530 -0.441923
v 0.203395 0.063530 -0.491039
v 0.000000 0.263701 -0.531497
v 0.103690 0.063530 -0.521284
v 0.000000 0.063530 -0.531497
v -0.203394 0.263701 -0.491039
v -0.103689 0.063530 -0.521284
v -0.203394 0.063530 -0.491039
v -0.441923 0.063530 -0.295284
v -0.375824 0.263701 -0.375825
v -0.375824 0.063530 -0.375825
v -0.521284 0.263701 0.103689
v -0.531497 0.063530 -0.000001
v -0.521284 0.063530 0.103689
v -0.295284 0.263701 0.441923
v -0.375825 0.063530 0.375825
v -0.295284 0.063530 0.441923
v 0.103690 0.263701 0.521284
v 0.000000 0.063530 0.531497
v 0.103690 0.063530 0.521284
v 0.491039 0.263701 0.203395
v 0.441923 0.063530 0.295284
v 0.491039 0.063530 0.203395
v 0.491039 0.263701 -0.203395
v 0.521284 0.063530 -0.103690
v 0.491039 0.063530 -0.203395
v 0.295284 0.263701 -0.441923
v 0.375825 0.063530 -0.375825
v 0.295284 0.063530 -0.441923
v -0.103689 0.063530 -0.521284
v 0.000000 0.263701 -0.531497
v 0.000000 0.063530 -0.531497
v -0.295283 0.263701 -0.441924
v -0.203394 0.063530 -0.491039
v -0.295283 0.063530 -0.441924
v -0.521284 0.263701 -0.103690
v -0.491039 0.063530 -0.203396
v -0.521284 0.063530 -0.103690
v -0.375825 0.063530 0.375825
v -0.441924 0.263701 0.295283
v -0.441924 0.063530 0.295283
v 0.000000 0.263701 0.531497
v -0.103690 0.063530 0.521284
v 0.000000 0.063530 0.531497
v 0.375825 0.263701 0.375825
v 0.295284 0.063530 0.441923
v 0.375825 0.063530 0.375825
v 0.531497 0.263701 0.000000
v 0.521284 0.063530 0.103690
v 0.531497 0.063530 0.000000
v 0.441923 0.063530 -0.295284
v 0.491039 0.263701 -0.203395
v 0.491039 0.063530 -0.203395
v 0.103690 0.263701 -0.521284
v 0.203395 0.063530 -0.491039
v 0.103690 0.063530 -0.521284
v 0.000000 0.066819 -0.590552
v 0.115211 -0.033181 -0.579205
v 0.000000 -0.033181 -0.590552
v 0.225994 0.066819 -0.545599
v 0.225994 -0.033181 -0.545599
v 0.328093 -0.033181 -0.491026
v 0.328093 0.066819 -0.491026
v 0.417583 -0.033181 -0.417583
v 0.417583 0.066819 -0.417583
v 0.491026 -0.033181 -0.328093
v 0.491026 0.066819 -0.328093
v 0.545599 -0.033181 -0.225994
v 0.545599 0.066819 -0.225994
v 0.579205 -0.033181 -0.115211
v 0.579205 0.066819 -0.115211
v 0.590552 -0.033181 -0.000000
v 0.590552 0.066819 0.000000
v 0.579205 -0.033181 0.115211
v 0.579205 0.066819 0.115211
v 0.545599 -0.033181 0.225994
v 0.545599 0.066819 0.225994
v 0.491026 -0.033181 0.328093
v 0.491026 0.066819 0.328093
v 0.417583 -0.033181 0.417583
v 0.328093 0.066819 0.491026
v 0.328093 -0.033181 0.491026
v 0.225994 -0.033181 0.545599
v 0.115211 0.066819 0.579205
v 0.115211 -0.033181 0.579205
v 0.000000 -0.033181 0.590552
v 0.000000 0.066819 0.590552
v -0.115211 -0.033181 0.579205
v -0.115211 0.066819 0.579205
v -0.225995 -0.033181 0.545599
v -0.225995 0.066819 0.545599
v -0.328093 -0.033181 0.491026
v -0.328093 0.066819 0.491026
v -0.417584 -0.033181 0.417583
v -0.417584 0.066819 0.417583
v -0.491026 -0.033181 0.328093
v -0.491026 0.066819 0.328093
v -0.545599 -0.033181 0.225994
v -0.545599 0.066819 0.225994
v -0.579205 -0.033181 0.115210
v -0.579205 0.066819 0.115210
v -0.590552 -0.033181 -0.000001
v -0.590552 0.066819 -0.000001
v -0.579205 -0.033181 -0.115212
v -0.579205 0.066819 -0.115212
v -0.545599 -0.033181 -0.225995
v -0.545599 0.066819 -0.225995
v -0.491026 -0.033181 -0.328094
v -0.491026 0.066819 -0.328094
v -0.417583 -0.033181 -0.417584
v -0.417583 0.066819 -0.417584
v -0.328092 -0.033181 -0.491026
v -0.328092 0.066819 -0.491026
v -0.225994 -0.033181 -0.545599
v 0.225994 0.066819 0.545599
v 0.545599 0.066819 0.225994
v 0.225994 0.066819 -0.545599
v -0.225994 0.066819 -0.545599
v -0.115210 -0.033181 -0.579205
v -0.115210 0.066819 -0.579205
v 0.115211 -0.033181 0.579205
v -0.579205 -0.033181 0.115210
v -0.115210 -0.033181 -0.579205
v -0.103689 0.063530 -0.521284
v 0.000000 0.063530 -0.531497
v 0.295284 0.063530 -0.441923
v 0.103690 0.063530 -0.521284
v 0.203395 0.063530 -0.491039
v 0.295284 0.063530 -0.441923
v 0.295284 0.063530 -0.441923
v 0.375825 0.063530 -0.375825
v 0.441923 0.063530 -0.295284
v 0.441923 0.063530 -0.295284
v 0.491039 0.063530 -0.203395
v 0.295284 0.063530 -0.441923
v 0.521284 0.063530 -0.103690
v 0.531497 0.063530 0.000000
v 0.521284 0.063530 0.103690
v 0.521284 0.063530 0.103690
v 0.491039 0.063530 0.203395
v 0.441923 0.063530 0.295284
v 0.441923 0.063530 0.295284
v 0.375825 0.063530 0.375825
v 0.103690 0.063530 0.521284
v 0.295284 0.063530 0.441923
v 0.203395 0.063530 0.491039
v 0.103690 0.063530 0.521284
v 0.103690 0.063530 0.521284
v 0.000000 0.063530 0.531497
v -0.103690 0.063530 0.521284
v -0.103690 0.063530 0.521284
v -0.203395 0.063530 0.491039
v -0.295284 0.063530 0.441923
v -0.295284 0.063530 0.441923
v -0.375825 0.063530 0.375825
v -0.441924 0.063530 0.295283
v -0.441924 0.063530 0.295283
v -0.491039 0.063530 0.203395
v -0.521284 0.063530 0.103689
v -0.521284 0.063530 0.103689
v -0.531497 0.063530 -0.000001
v -0.521284 0.063530 -0.103690
v -0.521284 0.063530 -0.103690
v -0.491039 0.063530 -0.203396
v -0.521284 0.063530 0.103689
v -0.441923 0.063530 -0.295284
v -0.375824 0.063530 -0.375825
v -0.103689 0.063530 -0.521284
v -0.295283 0.063530 -0.441924
v -0.203394 0.063530 -0.491039
v -0.103689 0.063530 -0.521284
v 0.000000 0.063530 -0.531497
v 0.103690 0.063530 -0.521284
v 0.295284 0.063530 -0.441923
v 0.295284 0.063530 -0.441923
v 0.491039 0.063530 -0.203395
v 0.521284 0.063530 -0.103690
v 0.521284 0.063530 -0.103690
v 0.521284 0.063530 0.103690
v 0.103690 0.063530 0.521284
v 0.375825 0.063530 0.375825
v 0.295284 0.063530 0.441923
v 0.103690 0.063530 0.521284
v 0.103690 0.063530 0.521284
v -0.103690 0.063530 0.521284
v -0.521284 0.063530 0.103689
v -0.295284 0.063530 0.441923
v -0.441924 0.063530 0.295283
v -0.521284 0.063530 0.103689
v -0.521284 0.063530 0.103689
v -0.491039 0.063530 -0.203396
v -0.441923 0.063530 -0.295284
v -0.375824 0.063530 -0.375825
v -0.295283 0.063530 -0.441924
v -0.103689 0.063530 -0.521284
v -0.103689 0.063530 -0.521284
v 0.295284 0.063530 -0.441923
v 0.521284 0.063530 -0.103690
v 0.521284 0.063530 0.103690
v 0.441923 0.063530 0.295284
v 0.103690 0.063530 0.521284
v -0.103690 0.063530 0.521284
v -0.295284 0.063530 0.441923
v -0.521284 0.063530 0.103689
v -0.521284 0.063530 0.103689
v -0.441923 0.063530 -0.295284
v -0.103689 0.063530 -0.521284
v -0.103689 0.063530 -0.521284
v 0.521284 0.063530 -0.103690
v 0.103690 0.063530 0.521284
v 0.203395 0.263701 -0.491039
v 0.103690 0.263701 -0.521284
v 0.000000 0.263701 -0.531497
v 0.000000 0.263701 -0.531497
v -0.103689 0.263701 -0.521284
v -0.203394 0.263701 -0.491039
v -0.203394 0.263701 -0.491039
v -0.295283 0.263701 -0.441924
v -0.375824 0.263701 -0.375825
v -0.375824 0.263701 -0.375825
v -0.441923 0.263701 -0.295284
v -0.491039 0.263701 -0.203396
v -0.491039 0.263701 -0.203396
v -0.521284 0.263701 -0.103690
v -0.531497 0.263701 -0.000001
v -0.531497 0.263701 -0.000001
v -0.521284 0.263701 0.103689
v -0.491039 0.263701 0.203395
v -0.491039 0.263701 0.203395
v -0.441924 0.263701 0.295283
v -0.203395 0.263701 0.491039
v -0.375825 0.263701 0.375825
v -0.295284 0.263701 0.441923
v -0.203395 0.263701 0.491039
v -0.203395 0.263701 0.491039
v -0.103690 0.263701 0.521284
v 0.000000 0.263701 0.531497
v 0.000000 0.263701 0.531497
v 0.103690 0.263701 0.521284
v -0.203395 0.263701 0.491039
v 0.203395 0.263701 0.491039
v 0.295284 0.263701 0.441923
v 0.375825 0.263701 0.375825
v 0.375825 0.263701 0.375825
v 0.441923 0.263701 0.295284
v 0.491039 0.263701 0.203395
v 0.491039 0.263701 0.203395
v 0.521284 0.263701 0.103690
v 0.531497 0.263701 0.000000
v 0.531497 0.263701 0.000000
v 0.521284 0.263701 -0.103690
v 0.491039 0.263701 -0.203395
v 0.491039 0.263701 -0.203395
v 0.441923 0.263701 -0.295284
v 0.375825 0.263701 -0.375825
v 0.375825 0.263701 -0.375825
v 0.295284 0.263701 -0.441923
v 0.203395 0.263701 -0.491039
v 0.203395 0.263701 -0.491039
v 0.000000 0.263701 -0.531497
v -0.203394 0.263701 -0.491039
v -0.203394 0.263701 -0.491039
v -0.375824 0.263701 -0.375825
v -0.491039 0.263701 -0.203396
v -0.491039 0.263701 -0.203396
v -0.531497 0.263701 -0.000001
v -0.203395 0.263701 0.491039
v -0.441924 0.263701 0.295283
v -0.375825 0.263701 0.375825
v -0.203395 0.263701 0.491039
v -0.203395 0.263701 0.491039
v 0.103690 0.263701 0.521284
v 0.203395 0.263701 0.491039
v 0.203395 0.263701 0.491039
v 0.375825 0.263701 0.375825
v 0.491039 0.263701 0.203395
v 0.491039 0.263701 0.203395
v 0.531497 0.263701 0.000000
v 0.491039 0.263701 -0.203395
v 0.491039 0.263701 -0.203395
v 0.375825 0.263701 -0.375825
v 0.203395 0.263701 -0.491039
v 0.203395 0.263701 -0.491039
v -0.203394 0.263701 -0.491039
v -0.203395 0.263701 0.491039
v -0.531497 0.263701 -0.000001
v -0.491039 0.263701 0.203395
v -0.203395 0.263701 0.491039
v -0.203395 0.263701 0.491039
v 0.203395 0.263701 0.491039
v 0.491039 0.263701 0.203395
v 0.491039 0.263701 0.203395
v 0.491039 0.263701 -0.203395
v -0.203395 0.263701 0.491039
v -0.203394 0.263701 -0.491039
v -0.491039 0.263701 -0.203396
v -0.203395 0.263701 0.491039
v -0.375824 0.263701 -0.375825
v -0.295283 0.263701 -0.441924
v -0.295283 0.063530 -0.441924
v -0.491039 0.263701 -0.203396
v -0.441923 0.263701 -0.295284
v -0.441923 0.063530 -0.295284
v -0.531497 0.263701 -0.000001
v -0.521284 0.263701 -0.103690
v -0.521284 0.063530 -0.103690
v -0.491039 0.263701 0.203395
v -0.521284 0.263701 0.103689
v -0.521284 0.063530 0.103689
v -0.441924 0.263701 0.295283
v -0.491039 0.263701 0.203395
v -0.491039 0.063530 0.203395
v -0.203395 0.063530 0.491039
v -0.203395 0.263701 0.491039
v -0.295284 0.263701 0.441923
v -0.103690 0.063530 0.521284
v -0.103690 0.263701 0.521284
v -0.203395 0.263701 0.491039
v 0.203395 0.263701 0.491039
v 0.103690 0.263701 0.521284
v 0.103690 0.063530 0.521284
v 0.295284 0.263701 0.441923
v 0.203395 0.263701 0.491039
v 0.203395 0.063530 0.491039
v 0.441923 0.263701 0.295284
v 0.375825 0.263701 0.375825
v 0.375825 0.063530 0.375825
v 0.521284 0.263701 0.103690
v 0.491039 0.263701 0.203395
v 0.491039 0.063530 0.203395
v 0.521284 0.263701 -0.103690
v 0.531497 0.263701 0.000000
v 0.531497 0.063530 0.000000
v 0.375825 0.263701 -0.375825
v 0.441923 0.263701 -0.295284
v 0.441923 0.063530 -0.295284
v 0.203395 0.263701 -0.491039
v 0.295284 0.263701 -0.441923
v 0.295284 0.063530 -0.441923
v 0.000000 0.263701 -0.531497
v 0.103690 0.263701 -0.521284
v 0.103690 0.063530 -0.521284
v -0.203394 0.263701 -0.491039
v -0.103689 0.263701 -0.521284
v -0.103689 0.063530 -0.521284
v -0.441923 0.063530 -0.295284
v -0.441923 0.263701 -0.295284
v -0.375824 0.263701 -0.375825
v -0.521284 0.263701 0.103689
v -0.531497 0.263701 -0.000001
v -0.531497 0.063530 -0.000001
v -0.295284 0.263701 0.441923
v -0.375825 0.263701 0.375825
v -0.375825 0.063530 0.375825
v 0.103690 0.263701 0.521284
v 0.000000 0.263701 0.531497
v 0.000000 0.063530 0.531497
v 0.491039 0.263701 0.203395
v 0.441923 0.263701 0.295284
v 0.441923 0.063530 0.295284
v 0.491039 0.263701 -0.203395
v 0.521284 0.263701 -0.103690
v 0.521284 0.063530 -0.103690
v 0.295284 0.263701 -0.441923
v 0.375825 0.263701 -0.375825
v 0.375825 0.063530 -0.375825
v -0.103689 0.063530 -0.521284
v -0.103689 0.263701 -0.521284
v 0.000000 0.263701 -0.531497
v -0.295283 0.263701 -0.441924
v -0.203394 0.263701 -0.491039
v -0.203394 0.063530 -0.491039
v -0.521284 0.263701 -0.103690
v -0.491039 0.263701 -0.203396
v -0.491039 0.063530 -0.203396
v -0.375825 0.063530 0.375825
v -0.375825 0.263701 0.375825
v -0.441924 0.263701 0.295283
v 0.000000 0.263701 0.531497
v -0.103690 0.263701 0.521284
v -0.103690 0.063530 0.521284
v 0.375825 0.263701 0.375825
v 0.295284 0.263701 0.441923
v 0.295284 0.063530 0.441923
v 0.531497 0.263701 0.000000
v 0.521284 0.263701 0.103690
v 0.521284 0.063530 0.103690
v 0.441923 0.063530 -0.295284
v 0.441923 0.263701 -0.295284
v 0.491039 0.263701 -0.203395
v 0.103690 0.263701 -0.521284
v 0.203395 0.263701 -0.491039
v 0.203395 0.063530 -0.491039
v 0.115211 0.066819 -0.579205
v 0.417583 0.066819 0.417583
v 0.225994 0.066819 0.545599
v 0.115211 0.066819 -0.579205
v 0.000000 0.066819 -0.590552
v -0.115210 0.066819 -0.579205
v -0.225994 0.066819 -0.545599
v -0.328092 0.066819 -0.491026
v -0.545599 0.066819 -0.225995
v -0.417583 0.066819 -0.417584
v -0.491026 0.066819 -0.328094
v -0.579205 0.066819 -0.115212
v -0.590552 0.066819 -0.000001
v -0.579205 0.066819 0.115210
v -0.545599 0.066819 0.225994
v -0.491026 0.066819 0.328093
v -0.225995 0.066819 0.545599
v -0.417584 0.066819 0.417583
v -0.328093 0.066819 0.491026
v -0.115211 0.066819 0.579205
v 0.000000 0.066819 0.590552
v 0.115211 0.066819 0.579205
v 0.328093 0.066819 0.491026
v 0.417583 0.066819 0.417583
v 0.491026 0.066819 0.328093
v 0.579205 0.066819 0.115211
v 0.545599 0.066819 -0.225994
v 0.590552 0.066819 0.000000
v 0.579205 0.066819 -0.115211
v 0.491026 0.066819 -0.328093
v 0.417583 0.066819 -0.417583
v 0.328093 0.066819 -0.491026
v 0.000000 -0.033181 -0.590552
v 0.115211 -0.033181 -0.579205
v 0.225994 -0.033181 -0.545599
v 0.328093 -0.033181 -0.491026
v 0.417583 -0.033181 -0.417583
v 0.491026 -0.033181 -0.328093
v 0.545599 -0.033181 -0.225994
v 0.579205 -0.033181 -0.115211
v 0.590552 -0.033181 -0.000000
v 0.579205 -0.033181 0.115211
v 0.545599 -0.033181 0.225994
v 0.491026 -0.033181 0.328093
v 0.417583 -0.033181 0.417583
v 0.328093 -0.033181 0.491026
v 0.225994 -0.033181 0.545599
v 0.000000 -0.033181 0.590552
v -0.115211 -0.033181 0.579205
v -0.225995 -0.033181 0.545599
v -0.328093 -0.033181 0.491026
v -0.417584 -0.033181 0.417583
v -0.491026 -0.033181 0.328093
v -0.545599 -0.033181 0.225994
v -0.590552 -0.033181 -0.000001
v -0.579205 -0.033181 -0.115212
v -0.545599 -0.033181 -0.225995
v -0.491026 -0.033181 -0.328094
v -0.417583 -0.033181 -0.417584
v -0.328092 -0.033181 -0.491026
v -0.225994 -0.033181 -0.545599
vn -0.0000 -1.0000 -0.0000
vn -0.0000 1.0000 -0.0000
vn -0.6344 -0.0000 -0.7730
vn -0.8819 -0.0000 -0.4714
vn -0.9952 -0.0000 -0.0980
vn -0.9569 -0.0000 0.2903
vn -0.8819 -0.0000 0.4714
vn -0.4714 -0.0000 0.8819
vn -0.2903 -0.0000 0.9569
vn 0.2903 -0.0000 0.9569
vn 0.4714 -0.0000 0.8819
vn 0.7730 -0.0000 0.6344
vn 0.9569 -0.0000 0.2903
vn 0.9952 -0.0000 -0.0980
vn 0.7730 -0.0000 -0.6344
vn 0.4714 -0.0000 -0.8819
vn 0.0980 -0.0000 -0.9952
vn -0.2903 -0.0000 -0.9569
vn -0.7730 -0.0000 -0.6344
vn -0.9952 -0.0000 0.0980
vn -0.6344 -0.0000 0.7730
vn 0.0980 -0.0000 0.9952
vn 0.8819 -0.0000 0.4714
vn 0.9569 -0.0000 -0.2903
vn 0.6344 -0.0000 -0.7730
vn -0.0980 -0.0000 -0.9952
vn -0.4714 -0.0000 -0.8819
vn -0.9569 -0.0000 -0.2903
vn -0.7730 -0.0000 0.6344
vn -0.0980 -0.0000 0.9952
vn 0.6344 -0.0000 0.7730
vn 0.9952 -0.0000 0.0980
vn 0.8819 -0.0000 -0.4714
vn 0.2903 -0.0000 -0.9569
vt 0.067700 0.036200
vt 0.084400 0.004900
vt 0.115700 0.021600
vt 0.071100 0.110300
vt 0.085500 0.062900
vt 0.105100 0.068800
vt 0.035000 0.090400
vt 0.044500 0.085800
vt 0.044500 0.090400
vt 0.044500 0.064400
vt 0.054000 0.059900
vt 0.054000 0.064400
vt 0.044500 0.074200
vt 0.054000 0.069300
vt 0.054000 0.074200
vt 0.044500 0.083600
vt 0.054000 0.079000
vt 0.054000 0.083600
vt 0.044500 0.087700
vt 0.054000 0.087700
vt 0.044500 0.027300
vt 0.035000 0.024500
vt 0.044500 0.024500
vt 0.044500 0.030700
vt 0.035000 0.027300
vt 0.035000 0.044200
vt 0.044500 0.039400
vt 0.044500 0.044200
vt 0.035000 0.049100
vt 0.044500 0.049100
vt 0.035000 0.058500
vt 0.044500 0.054000
vt 0.044500 0.058500
vt 0.044500 0.028000
vt 0.054000 0.024500
vt 0.054000 0.028000
vt 0.044500 0.036600
vt 0.054000 0.032100
vt 0.054000 0.036600
vt 0.044500 0.051200
vt 0.054000 0.046400
vt 0.054000 0.051200
vt 0.044500 0.059900
vt 0.054000 0.055800
vt 0.035000 0.071300
vt 0.044500 0.066700
vt 0.044500 0.071300
vt 0.035000 0.081000
vt 0.044500 0.076100
vt 0.044500 0.081000
vt 0.044500 0.094500
vt 0.044500 0.079000
vt 0.044500 0.093900
vt 0.054000 0.091100
vt 0.054000 0.093900
vt 0.035000 0.039400
vt 0.044500 0.034800
vt 0.035000 0.062600
vt 0.044500 0.062600
vt 0.044500 0.041500
vt 0.054000 0.041500
vt 0.044500 0.055800
vt 0.035000 0.085800
vt 0.044500 0.069300
vt 0.035000 0.034800
vt 0.035000 0.054000
vt 0.044500 0.032100
vt 0.035000 0.066700
vt 0.199900 0.085800
vt 0.197600 0.093100
vt 0.197600 0.085800
vt 0.199900 0.100200
vt 0.197600 0.100200
vt 0.197600 0.107000
vt 0.199900 0.107000
vt 0.197600 0.113000
vt 0.199900 0.113000
vt 0.197600 0.118200
vt 0.202200 0.060700
vt 0.199900 0.066800
vt 0.199900 0.060700
vt 0.202200 0.066800
vt 0.199900 0.073500
vt 0.202200 0.073500
vt 0.199900 0.080700
vt 0.202200 0.080700
vt 0.199900 0.087900
vt 0.202200 0.087900
vt 0.199900 0.095100
vt 0.202200 0.095100
vt 0.199900 0.101800
vt 0.202200 0.101800
vt 0.199900 0.107900
vt 0.202200 0.113000
vt 0.200100 0.053800
vt 0.202400 0.047800
vt 0.202400 0.053800
vt 0.200100 0.041000
vt 0.202400 0.041000
vt 0.202400 0.033900
vt 0.200100 0.033900
vt 0.202400 0.026600
vt 0.200100 0.026600
vt 0.202400 0.019400
vt 0.200100 0.019400
vt 0.202400 0.012700
vt 0.200100 0.012700
vt 0.202400 0.006600
vt 0.200100 0.006600
vt 0.197800 0.012700
vt 0.197800 0.006600
vt 0.197800 0.019400
vt 0.197800 0.026600
vt 0.197800 0.033900
vt 0.197800 0.041000
vt 0.197800 0.047800
vt 0.200100 0.047800
vt 0.197800 0.053800
vt 0.197800 0.059000
vt 0.197600 0.065900
vt 0.197600 0.060700
vt 0.199900 0.065900
vt 0.197600 0.071900
vt 0.132000 0.026500
vt 0.148300 0.013700
vt 0.182700 0.031300
vt 0.199900 0.071900
vt 0.197600 0.078700
vt 0.199900 0.078700
vt 0.003400 0.049100
vt 0.011800 0.033400
vt 0.027400 0.041800
vt 0.116700 0.026500
vt 0.113900 0.040800
vt 0.116700 0.031400
vt 0.115700 0.036200
vt 0.111100 0.044900
vt 0.107600 0.048300
vt 0.103500 0.051100
vt 0.099000 0.053000
vt 0.094200 0.053900
vt 0.089200 0.053900
vt 0.084400 0.053000
vt 0.079900 0.051100
vt 0.075800 0.048300
vt 0.072300 0.044900
vt 0.069500 0.040800
vt 0.066700 0.031400
vt 0.066700 0.026500
vt 0.067700 0.021600
vt 0.069500 0.017100
vt 0.072300 0.013000
vt 0.075800 0.009500
vt 0.079900 0.006800
vt 0.089200 0.003900
vt 0.094200 0.003900
vt 0.099000 0.004900
vt 0.103500 0.006800
vt 0.107600 0.009500
vt 0.111100 0.013000
vt 0.113900 0.017100
vt 0.108900 0.072500
vt 0.111800 0.076900
vt 0.113800 0.081800
vt 0.114800 0.086900
vt 0.114800 0.092200
vt 0.113800 0.097400
vt 0.111800 0.102200
vt 0.108900 0.106600
vt 0.105100 0.110300
vt 0.100800 0.113300
vt 0.095900 0.115300
vt 0.090700 0.116300
vt 0.085500 0.116300
vt 0.080300 0.115300
vt 0.075400 0.113300
vt 0.067300 0.106600
vt 0.064400 0.102200
vt 0.062400 0.097400
vt 0.061400 0.092200
vt 0.061400 0.086900
vt 0.062400 0.081800
vt 0.064400 0.076900
vt 0.067300 0.072500
vt 0.071100 0.068800
vt 0.075400 0.065900
vt 0.080300 0.063900
vt 0.090700 0.062900
vt 0.095900 0.063900
vt 0.100800 0.065900
vt 0.035000 0.030700
vt 0.044500 0.046400
vt 0.035000 0.076100
vt 0.035000 0.094500
vt 0.044500 0.091100
vt 0.199900 0.093100
vt 0.199900 0.118200
vt 0.202200 0.107900
vt 0.200100 0.059000
vt 0.183800 0.036400
vt 0.183800 0.041600
vt 0.182700 0.046700
vt 0.180700 0.051500
vt 0.177700 0.055800
vt 0.164300 0.064300
vt 0.173800 0.059500
vt 0.169300 0.062300
vt 0.159000 0.065300
vt 0.153600 0.065300
vt 0.148300 0.064300
vt 0.143300 0.062300
vt 0.138800 0.059500
vt 0.129900 0.046700
vt 0.135000 0.055800
vt 0.132000 0.051500
vt 0.128900 0.041600
vt 0.128900 0.036400
vt 0.129900 0.031300
vt 0.135000 0.022200
vt 0.138800 0.018500
vt 0.143300 0.015600
vt 0.153600 0.012600
vt 0.169300 0.015600
vt 0.159000 0.012600
vt 0.164300 0.013700
vt 0.173800 0.018500
vt 0.177700 0.022200
vt 0.180700 0.026500
vt 0.027900 0.044200
vt 0.027900 0.046700
vt 0.027400 0.049100
vt 0.026500 0.051400
vt 0.025100 0.053400
vt 0.023400 0.055200
vt 0.021300 0.056500
vt 0.019100 0.057500
vt 0.016600 0.057900
vt 0.014200 0.057900
vt 0.011800 0.057500
vt 0.009500 0.056500
vt 0.007400 0.055200
vt 0.005700 0.053400
vt 0.004300 0.051400
vt 0.002900 0.046700
vt 0.002900 0.044200
vt 0.003400 0.041800
vt 0.004300 0.039500
vt 0.005700 0.037500
vt 0.007400 0.035700
vt 0.009500 0.034400
vt 0.014200 0.032900
vt 0.016600 0.032900
vt 0.019100 0.033400
vt 0.021300 0.034400
vt 0.023400 0.035700
vt 0.025100 0.037500
vt 0.026500 0.039500
s 0
f 475/505/120 476/506/120 477/507/120
f 478/508/121 479/509/121 480/510/121
f 481/511/122 482/512/122 483/513/122
f 484/514/123 485/515/123 486/516/123
f 487/517/124 488/518/124 489/519/124
f 490/520/125 491/521/125 492/522/125
f 493/523/126 494/522/126 495/524/126
f 496/525/127 497/526/127 498/527/127
f 499/528/128 500/529/128 501/525/128
f 502/530/129 503/531/129 504/532/129
f 505/533/130 506/532/130 507/534/130
f 508/535/131 509/536/131 510/537/131
f 511/538/132 512/539/132 513/540/132
f 514/541/133 515/542/133 516/543/133
f 517/544/134 518/545/134 519/546/134
f 520/547/135 521/548/135 522/515/135
f 523/549/136 524/550/136 525/551/136
f 526/552/137 527/553/137 528/554/137
f 529/555/138 530/511/138 531/513/138
f 532/556/139 533/519/139 534/521/139
f 535/557/140 536/558/140 537/559/140
f 538/560/141 539/561/141 540/531/141
f 541/562/142 542/537/142 543/563/142
f 544/564/143 545/543/143 546/565/143
f 547/566/144 548/546/144 549/548/144
f 550/553/145 551/549/145 552/551/145
f 553/567/146 554/554/146 555/512/146
f 556/568/147 557/516/147 558/518/147
f 559/558/148 560/523/148 561/524/148
f 562/569/149 563/528/149 564/561/149
f 565/570/150 566/534/150 567/536/150
f 568/571/151 569/540/151 570/542/151
f 571/545/152 572/564/152 573/565/152
f 574/572/153 575/563/153 576/550/153
f 577/573/136 578/574/136 579/575/136
f 578/574/153 580/576/153 581/577/153
f 580/576/135 582/578/135 581/577/135
f 583/579/144 584/580/144 582/578/144
f 585/581/134 586/582/134 584/580/134
f 587/583/152 588/584/152 586/585/152
f 589/586/143 590/587/143 588/584/143
f 591/588/133 592/589/133 590/587/133
f 593/590/151 594/591/151 592/589/151
f 595/592/132 596/593/132 594/591/132
f 597/594/142 598/595/142 596/593/142
f 599/596/131 600/597/131 598/595/131
f 600/597/150 601/598/150 602/581/150
f 601/599/130 603/600/130 602/601/130
f 603/600/129 604/602/129 605/603/129
f 604/602/141 606/604/141 605/603/141
f 607/605/149 608/606/149 606/604/149
f 609/607/128 610/608/128 608/606/128
f 611/609/127 612/610/127 610/608/127
f 613/611/140 614/612/140 612/610/140
f 615/613/148 616/614/148 614/615/148
f 617/611/126 618/616/126 616/614/126
f 619/609/125 620/617/125 618/616/125
f 621/607/139 622/618/139 620/617/139
f 623/605/124 624/619/124 622/618/124
f 625/602/147 626/620/147 624/619/147
f 627/621/123 628/622/123 626/620/123
f 629/599/138 630/623/138 628/622/138
f 631/585/122 632/624/122 630/625/122
f 633/626/146 634/627/146 632/624/146
f 635/628/121 636/629/121 637/630/121
f 638/631/137 639/632/137 634/627/137
f 640/633/145 579/575/145 639/632/145
f 641/634/120 642/635/120 643/636/120
f 644/507/120 645/637/120 646/638/120
f 647/639/120 648/640/120 649/638/120
f 650/638/120 651/641/120 652/642/120
f 653/642/120 654/643/120 655/638/120
f 656/644/120 657/645/120 658/646/120
f 659/646/120 660/647/120 661/648/120
f 662/648/120 663/649/120 664/505/120
f 665/650/120 666/651/120 667/505/120
f 668/505/120 669/652/120 670/653/120
f 671/653/120 672/654/120 673/655/120
f 674/655/120 675/656/120 676/657/120
f 677/657/120 678/658/120 679/506/120
f 680/506/120 681/659/120 682/660/120
f 683/660/120 684/661/120 685/506/120
f 686/662/120 687/663/120 688/507/120
f 689/664/120 690/665/120 691/507/120
f 692/637/120 693/639/120 694/638/120
f 695/638/120 696/643/120 697/644/120
f 698/644/120 699/646/120 700/505/120
f 701/649/120 702/650/120 703/505/120
f 704/505/120 705/653/120 706/506/120
f 707/655/120 708/657/120 709/506/120
f 710/506/120 711/661/120 712/662/120
f 713/663/120 714/664/120 715/507/120
f 716/507/120 717/638/120 718/644/120
f 719/646/120 720/648/120 721/505/120
f 722/653/120 723/655/120 724/506/120
f 725/506/120 726/662/120 727/507/120
f 728/507/120 729/644/120 730/505/120
f 731/510/121 732/666/121 733/667/121
f 734/667/121 735/668/121 736/669/121
f 737/669/121 738/670/121 739/671/121
f 740/671/121 741/672/121 742/673/121
f 743/673/121 744/674/121 745/675/121
f 746/675/121 747/676/121 748/677/121
f 749/677/121 750/678/121 751/508/121
f 752/679/121 753/680/121 754/508/121
f 755/508/121 756/681/121 757/682/121
f 758/682/121 759/683/121 760/508/121
f 761/684/121 762/685/121 763/686/121
f 764/686/121 765/687/121 766/688/121
f 767/688/121 768/689/121 769/690/121
f 770/690/121 771/691/121 772/509/121
f 773/509/121 774/692/121 775/693/121
f 776/693/121 777/694/121 778/510/121
f 779/510/121 780/667/121 781/669/121
f 782/669/121 783/671/121 784/673/121
f 785/673/121 786/675/121 787/508/121
f 788/678/121 789/679/121 790/508/121
f 791/508/121 792/683/121 793/684/121
f 794/684/121 795/686/121 796/688/121
f 797/688/121 798/690/121 799/509/121
f 800/509/121 801/693/121 802/510/121
f 803/510/121 804/669/121 805/508/121
f 806/675/121 807/677/121 808/508/121
f 809/508/121 810/684/121 811/688/121
f 812/688/121 813/509/121 814/508/121
f 815/669/121 816/673/121 817/508/121
f 818/511/122 819/567/122 820/512/122
f 821/514/123 822/547/123 823/515/123
f 824/517/124 825/568/124 826/518/124
f 827/520/125 828/556/125 829/521/125
f 830/523/126 831/520/126 832/522/126
f 833/525/127 834/529/127 835/526/127
f 836/528/128 837/695/128 838/529/128
f 839/530/129 840/560/129 841/531/129
f 842/533/130 843/530/130 844/532/130
f 845/535/131 846/570/131 847/536/131
f 848/538/132 849/527/132 850/539/132
f 851/541/133 852/571/133 853/542/133
f 854/544/134 855/696/134 856/545/134
f 857/547/135 858/566/135 859/548/135
f 860/549/136 861/572/136 862/550/136
f 863/552/137 864/697/137 865/553/137
f 866/555/138 867/698/138 868/511/138
f 869/556/139 870/517/139 871/519/139
f 872/557/140 873/699/140 874/558/140
f 875/560/141 876/569/141 877/561/141
f 878/562/142 879/535/142 880/537/142
f 881/564/143 882/541/143 883/543/143
f 884/566/144 885/544/144 886/546/144
f 887/553/145 888/697/145 889/549/145
f 890/567/146 891/552/146 892/554/146
f 893/568/147 894/514/147 895/516/147
f 896/558/148 897/699/148 898/523/148
f 899/569/149 900/695/149 901/528/149
f 902/570/150 903/533/150 904/534/150
f 905/571/151 906/538/151 907/540/151
f 908/545/152 909/696/152 910/564/152
f 911/572/153 912/562/153 913/563/153
f 577/573/136 914/700/136 578/574/136
f 578/574/153 914/700/153 580/576/153
f 580/576/135 583/579/135 582/578/135
f 583/579/144 585/581/144 584/580/144
f 585/581/134 587/701/134 586/582/134
f 587/583/152 589/586/152 588/584/152
f 589/586/143 591/588/143 590/587/143
f 591/588/133 593/590/133 592/589/133
f 593/590/151 595/592/151 594/591/151
f 595/592/132 597/594/132 596/593/132
f 597/594/142 599/596/142 598/595/142
f 599/596/131 915/702/131 600/597/131
f 600/597/150 915/702/150 601/598/150
f 601/599/130 916/621/130 603/600/130
f 603/600/129 916/621/129 604/602/129
f 604/602/141 607/605/141 606/604/141
f 607/605/149 609/607/149 608/606/149
f 609/607/128 611/609/128 610/608/128
f 611/609/127 613/611/127 612/610/127
f 613/611/140 615/613/140 614/612/140
f 615/613/148 617/611/148 616/614/148
f 617/611/126 619/609/126 618/616/126
f 619/609/125 621/607/125 620/617/125
f 621/607/139 623/605/139 622/618/139
f 623/605/124 625/602/124 624/619/124
f 625/602/147 627/621/147 626/620/147
f 627/621/123 629/599/123 628/622/123
f 629/599/138 631/703/138 630/623/138
f 631/585/122 633/626/122 632/624/122
f 633/626/146 638/631/146 634/627/146
f 637/630/121 917/704/121 918/705/121
f 918/705/121 919/706/121 920/707/121
f 920/707/121 921/708/121 922/709/121
f 923/710/121 924/711/121 922/709/121
f 922/709/121 925/712/121 926/713/121
f 926/713/121 927/714/121 928/715/121
f 928/715/121 929/716/121 930/717/121
f 931/718/121 932/719/121 930/717/121
f 930/717/121 933/720/121 934/721/121
f 934/721/121 935/722/121 930/717/121
f 635/628/121 936/723/121 937/724/121
f 937/724/121 938/725/121 636/629/121
f 636/629/121 939/726/121 940/727/121
f 941/728/121 942/729/121 940/727/121
f 940/727/121 943/730/121 944/731/121
f 944/731/121 945/732/121 637/630/121
f 637/630/121 918/705/121 922/709/121
f 921/708/121 923/710/121 922/709/121
f 922/709/121 926/713/121 930/717/121
f 929/716/121 931/718/121 930/717/121
f 930/717/121 935/722/121 635/628/121
f 635/628/121 937/724/121 636/629/121
f 939/726/121 941/728/121 940/727/121
f 940/727/121 944/731/121 636/629/121
f 918/705/121 920/707/121 922/709/121
f 926/713/121 928/715/121 930/717/121
f 930/717/121 635/628/121 637/630/121
f 636/629/121 944/731/121 637/630/121
f 637/630/121 922/709/121 930/717/121
f 638/631/137 640/633/137 639/632/137
f 640/633/145 577/573/145 579/575/145
f 643/636/120 946/733/120 947/734/120
f 947/734/120 948/735/120 949/736/120
f 949/736/120 950/737/120 951/738/120
f 951/738/120 952/739/120 949/736/120
f 953/740/120 954/741/120 955/742/120
f 955/742/120 956/743/120 957/744/120
f 957/744/120 958/745/120 641/634/120
f 959/746/120 960/747/120 641/634/120
f 641/634/120 961/748/120 962/749/120
f 962/749/120 963/750/120 641/634/120
f 964/751/120 965/752/120 966/753/120
f 966/753/120 967/754/120 642/635/120
f 642/635/120 968/755/120 969/756/120
f 969/756/120 970/757/120 642/635/120
f 971/758/120 972/759/120 973/760/120
f 973/760/120 974/761/120 643/636/120
f 643/636/120 947/734/120 953/740/120
f 949/736/120 952/739/120 953/740/120
f 953/740/120 955/742/120 957/744/120
f 958/745/120 959/746/120 641/634/120
f 641/634/120 963/750/120 964/751/120
f 964/751/120 966/753/120 641/634/120
f 642/635/120 970/757/120 971/758/120
f 971/758/120 973/760/120 643/636/120
f 947/734/120 949/736/120 953/740/120
f 953/740/120 957/744/120 643/636/120
f 641/634/120 966/753/120 642/635/120
f 642/635/120 971/758/120 643/636/120
f 643/636/120 957/744/120 641/634/120
o RV_Defender_Fighter.002
v 0.433242 1.279621 0.264347
v 0.441333 1.279622 0.264414
v 0.439025 1.279622 0.264414
v 0.366745 1.279622 0.264414
v 0.359765 1.279622 0.264414
v 0.357598 1.279622 0.264414
v 0.507869 1.162536 0.206382
v 0.507944 1.162536 0.144849
v 0.507794 1.162536 0.139931
v 0.483027 1.162536 0.206382
v 0.483049 1.162536 0.127636
v 0.483005 1.162536 0.123275
v 0.530749 1.198861 0.206382
v 0.530852 1.198861 0.184271
v 0.530646 1.198861 0.188698
v 0.507869 1.198861 0.206382
v 0.507794 1.198861 0.167530
v 0.507944 1.198861 0.172448
v 0.483027 1.198861 0.206382
v 0.483005 1.198861 0.150874
v 0.483049 1.198861 0.155235
v 0.534100 1.180698 0.264616
v 0.522538 1.164878 0.264616
v 0.454719 1.162536 0.264616
v 0.291015 1.162536 0.206382
v 0.291089 1.162536 0.139931
v 0.290940 1.162536 0.144849
v 0.315857 1.162536 0.206382
v 0.315879 1.162536 0.123275
v 0.315835 1.162536 0.127636
v 0.268135 1.198861 0.206382
v 0.268238 1.198861 0.188698
v 0.268032 1.198861 0.184271
v 0.291015 1.198861 0.206382
v 0.290940 1.198861 0.172448
v 0.291089 1.198861 0.167530
v 0.315857 1.198861 0.206382
v 0.315835 1.198861 0.155235
v 0.315879 1.198861 0.150874
v 0.454718 1.075088 0.103809
v 0.547003 1.075088 0.079438
v 0.547003 1.075088 0.103817
v 0.547003 1.158799 0.103817
v 0.547003 1.158799 0.079438
v 0.454718 1.158799 0.103809
v 0.344166 1.075088 0.103809
v 0.251881 1.075088 0.103817
v 0.251881 1.075088 0.079438
v 0.251881 1.158799 0.103817
v 0.344166 1.158799 0.103809
v 0.251881 1.158799 0.079438
v 0.439186 1.075325 -0.228009
v 0.359986 1.075325 -0.228009
v 0.353394 1.105583 -0.241581
v 0.445778 1.105583 -0.241581
v 0.353394 1.158118 -0.265143
v 0.445778 1.158118 -0.265143
v 0.360427 1.069310 -0.258441
v 0.354807 1.071346 -0.259354
v 0.353263 1.075413 -0.261178
v 0.359986 1.075413 -0.261178
v 0.438745 1.069310 -0.258441
v 0.439186 1.075413 -0.261178
v 0.444365 1.071346 -0.259354
v 0.445909 1.075413 -0.261178
v 0.445778 1.105672 -0.274749
v 0.452518 1.105672 -0.274749
v 0.346654 1.105672 -0.274749
v 0.353394 1.105672 -0.274749
v 0.346654 1.158207 -0.298312
v 0.353394 1.158207 -0.298312
v 0.348449 1.162255 -0.300128
v 0.353394 1.164291 -0.301041
v 0.445778 1.158207 -0.298312
v 0.445778 1.164291 -0.301041
v 0.452518 1.158207 -0.298312
v 0.450723 1.162255 -0.300128
v 0.359986 1.075325 -0.228009
v 0.439186 1.075325 -0.228009
v 0.439186 1.075413 -0.261178
v 0.359986 1.075413 -0.261178
v 0.353394 1.105583 -0.241581
v 0.359986 1.075325 -0.228009
v 0.359986 1.075413 -0.261178
v 0.353394 1.105672 -0.274749
v 0.353394 1.158118 -0.265143
v 0.353394 1.158207 -0.298312
v 0.445778 1.158118 -0.265143
v 0.353394 1.158118 -0.265143
v 0.353394 1.158207 -0.298312
v 0.445778 1.158207 -0.298312
v 0.445778 1.105583 -0.241581
v 0.445778 1.158118 -0.265143
v 0.445778 1.158207 -0.298312
v 0.445778 1.105672 -0.274749
v 0.439186 1.075325 -0.228009
v 0.439186 1.075413 -0.261178
v 0.630995 1.162331 0.115139
v 0.631001 1.158293 0.115139
v 0.631000 1.158293 0.115136
v 0.631004 1.162331 0.115136
v 0.168159 1.158137 0.115136
v 0.168150 1.162175 0.115136
v 0.168168 1.162175 0.115133
v 0.168156 1.158137 0.115133
v 0.472611 1.105695 0.175987
v 0.463493 1.075514 0.175987
v 0.463493 1.075514 0.103421
v 0.472611 1.105695 0.103421
v 0.472611 1.158094 0.175987
v 0.472611 1.158094 0.103421
v 0.326561 1.105695 0.175987
v 0.326561 1.158094 0.175987
v 0.326561 1.158094 0.103421
v 0.326561 1.105695 0.103421
v 0.335679 1.075514 0.175987
v 0.335679 1.075514 0.103421
v 0.631001 1.158293 0.115139
v 0.630995 1.162331 0.115139
v 0.630995 1.162331 0.175163
v 0.631001 1.158293 0.175163
v 0.630995 1.162331 0.264652
v 0.631001 1.158293 0.264652
v 0.456054 1.162132 -0.235780
v 0.450723 1.162255 -0.300128
v 0.445778 1.164291 -0.301041
v 0.450593 1.164162 -0.235780
v 0.455072 1.164162 -0.169856
v 0.461013 1.162132 -0.169856
v 0.458794 1.164162 -0.100109
v 0.465133 1.162132 -0.100109
v 0.460120 1.164162 -0.065720
v 0.466601 1.162132 -0.065720
v 0.353394 1.164291 -0.301041
v 0.348579 1.164162 -0.235780
v 0.344100 1.164162 -0.169856
v 0.340378 1.164162 -0.100109
v 0.339052 1.164162 -0.065720
v 0.335860 1.164162 0.103421
v 0.463312 1.164162 0.103421
v 0.348449 1.162255 -0.300128
v 0.343118 1.162132 -0.235780
v 0.338159 1.162132 -0.169856
v 0.334039 1.162132 -0.100109
v 0.332571 1.162132 -0.065720
v 0.329037 1.162132 0.103421
v 0.329037 1.162132 0.175987
v 0.335860 1.164162 0.175987
v 0.463312 1.164162 0.175987
v 0.470135 1.162132 0.103421
v 0.256791 1.162256 0.018132
v 0.256774 1.162256 0.103341
v 0.256774 1.162256 0.175162
v 0.329037 1.162132 0.264610
v 0.335860 1.164162 0.264610
v 0.463312 1.164162 0.264610
v 0.470135 1.162132 0.175987
v 0.168150 1.162175 0.115136
v 0.168150 1.162175 0.175160
v 0.256774 1.162256 0.264630
v 0.168168 1.162175 0.115133
v 0.168150 1.162175 0.264630
v 0.470135 1.162132 0.264610
v 0.542372 1.162256 0.264619
v 0.542372 1.162256 0.175162
v 0.542372 1.162256 0.103340
v 0.542381 1.162256 0.018132
v 0.631004 1.162331 0.115136
v 0.630995 1.162331 0.115139
v 0.630995 1.162331 0.264652
v 0.630995 1.162331 0.175163
v 0.168150 1.162175 0.115136
v 0.168159 1.158137 0.115136
v 0.168159 1.158137 0.175160
v 0.168150 1.162175 0.175160
v 0.168159 1.158137 0.263783
v 0.168150 1.162175 0.264630
v 0.326561 1.158094 0.175987
v 0.326561 1.158094 0.264610
v 0.256782 1.158218 0.264630
v 0.256782 1.158218 0.175162
v 0.326561 1.158094 0.103421
v 0.256782 1.158218 0.103341
v 0.330218 1.158094 -0.065720
v 0.256779 1.158218 0.018132
v 0.168156 1.158137 0.115133
v 0.168159 1.158137 0.115136
v 0.168159 1.158137 0.263783
v 0.168159 1.158137 0.175160
v 0.631004 1.162331 0.115136
v 0.631000 1.158293 0.115136
v 0.542377 1.158218 0.018132
v 0.542381 1.162256 0.018132
v 0.468954 1.158094 -0.065720
v 0.466601 1.162132 -0.065720
v 0.467434 1.158094 -0.100109
v 0.465133 1.162132 -0.100109
v 0.463169 1.158094 -0.169856
v 0.461013 1.162132 -0.169856
v 0.458037 1.158094 -0.235780
v 0.456054 1.162132 -0.235780
v 0.450723 1.162255 -0.300128
v 0.467434 1.105695 -0.100109
v 0.463169 1.105695 -0.169856
v 0.458037 1.105695 -0.235780
v 0.452518 1.158207 -0.298312
v 0.468954 1.105695 -0.065720
v 0.458962 1.075514 -0.100109
v 0.455230 1.075514 -0.169856
v 0.450738 1.075514 -0.235780
v 0.452518 1.105672 -0.274749
v 0.472611 1.158094 0.103421
v 0.472611 1.105695 0.103421
v 0.460292 1.075514 -0.065720
v 0.456983 1.071458 -0.100109
v 0.453375 1.071458 -0.169856
v 0.449033 1.071458 -0.235780
v 0.445909 1.075413 -0.261178
v 0.460814 1.075514 -0.033333
v 0.458268 1.071458 -0.065720
v 0.463493 1.075514 0.103421
v 0.444365 1.071346 -0.259354
v 0.458781 1.071458 -0.033331
v 0.547318 1.075527 0.061951
v 0.547315 1.071471 0.061953
v 0.550399 1.075449 0.065169
v 0.549651 1.072898 0.064512
v 0.550387 1.075428 0.103280
v 0.549642 1.072898 0.103280
v 0.550356 1.075427 0.104623
v 0.549611 1.072897 0.104622
v 0.547283 1.105583 0.061956
v 0.550364 1.105505 0.065174
v 0.550352 1.105484 0.103285
v 0.550321 1.105483 0.104627
v 0.547320 1.158319 0.061961
v 0.550401 1.158242 0.065179
v 0.550389 1.158220 0.103290
v 0.550358 1.158219 0.104632
v 0.631001 1.158293 0.264652
v 0.630995 1.162331 0.264652
v 0.542372 1.162256 0.264619
v 0.542378 1.158218 0.264619
v 0.470135 1.162132 0.264610
v 0.472611 1.158094 0.264610
v 0.463312 1.158094 0.264610
v 0.463312 1.105695 0.264610
v 0.509291 1.105871 0.264610
v 0.509291 1.158271 0.264610
v 0.513191 1.105859 0.264610
v 0.513191 1.158258 0.264610
v 0.463312 1.164162 0.264610
v 0.335860 1.158094 0.264610
v 0.335860 1.105695 0.264610
v 0.344953 1.075514 0.264610
v 0.454218 1.075514 0.264610
v 0.335860 1.164162 0.264610
v 0.326561 1.158094 0.264610
v 0.326561 1.105695 0.264610
v 0.335679 1.075514 0.264610
v 0.337809 1.071458 0.264610
v 0.345562 1.071453 0.264610
v 0.329037 1.162132 0.264610
v 0.256774 1.162256 0.264630
v 0.256782 1.158218 0.264630
v 0.168150 1.162175 0.264630
v 0.168159 1.158137 0.263783
v 0.453610 1.071453 0.264610
v 0.463493 1.075514 0.264610
v 0.499757 1.075691 0.264610
v 0.503326 1.075678 0.264610
v 0.461362 1.071458 0.264610
v 0.499736 1.071635 0.264610
v 0.502348 1.072734 0.264610
v 0.289880 1.158271 0.264610
v 0.289880 1.105871 0.264610
v 0.299414 1.075691 0.264610
v 0.299436 1.071635 0.264610
v 0.295846 1.075678 0.264610
v 0.296823 1.072734 0.264610
v 0.285981 1.158258 0.264610
v 0.285981 1.105859 0.264610
v 0.631001 1.158293 0.175163
v 0.631001 1.158293 0.264652
v 0.542378 1.158218 0.264619
v 0.542378 1.158218 0.175162
v 0.631001 1.158293 0.115139
v 0.542378 1.158218 0.103340
v 0.542377 1.158218 0.018132
v 0.631000 1.158293 0.115136
v 0.472611 1.158094 0.264610
v 0.472611 1.158094 0.175987
v 0.472611 1.158094 0.103421
v 0.468954 1.158094 -0.065720
v 0.168156 1.158137 0.115133
v 0.168168 1.162175 0.115133
v 0.256791 1.162256 0.018132
v 0.256779 1.158218 0.018132
v 0.332571 1.162132 -0.065720
v 0.330218 1.158094 -0.065720
v 0.334039 1.162132 -0.100109
v 0.331738 1.158094 -0.100109
v 0.330218 1.105695 -0.065720
v 0.326561 1.105695 0.103421
v 0.326561 1.158094 0.103421
v 0.338159 1.162132 -0.169856
v 0.336003 1.158094 -0.169856
v 0.331738 1.105695 -0.100109
v 0.338880 1.075514 -0.065720
v 0.338337 1.075514 -0.033335
v 0.335679 1.075514 0.103421
v 0.343118 1.162132 -0.235780
v 0.341136 1.158094 -0.235780
v 0.336003 1.105695 -0.169856
v 0.340210 1.075514 -0.100109
v 0.340903 1.071458 -0.065720
v 0.340365 1.071458 -0.033333
v 0.251813 1.071474 0.061953
v 0.251828 1.075530 0.061951
v 0.346654 1.158207 -0.298312
v 0.346654 1.105672 -0.274749
v 0.341136 1.105695 -0.235780
v 0.343942 1.075514 -0.169856
v 0.342189 1.071458 -0.100109
v 0.348449 1.162255 -0.300128
v 0.345797 1.071458 -0.169856
v 0.348434 1.075514 -0.235780
v 0.350139 1.071458 -0.235780
v 0.354807 1.071346 -0.259354
v 0.353263 1.075413 -0.261178
v 0.249351 1.072776 0.064510
v 0.248746 1.075442 0.065167
v 0.248766 1.105497 0.065167
v 0.251847 1.105585 0.061950
v 0.248788 1.158232 0.065167
v 0.251870 1.158321 0.061950
v 0.249374 1.072776 0.103265
v 0.248729 1.075442 0.103265
v 0.248749 1.105497 0.103265
v 0.248771 1.158232 0.103264
v 0.249357 1.072776 0.104607
v 0.248712 1.075442 0.104607
v 0.248732 1.105497 0.104607
v 0.248754 1.158232 0.104607
v 0.499757 1.075691 0.175987
v 0.499757 1.075691 0.103421
v 0.463493 1.075514 0.103421
v 0.463493 1.075514 0.175987
v 0.299414 1.075691 0.103421
v 0.299414 1.075691 0.175987
v 0.335679 1.075514 0.175987
v 0.335679 1.075514 0.103421
v 0.513167 1.158253 0.175987
v 0.513167 1.158253 0.103421
v 0.509263 1.158266 0.103421
v 0.509263 1.158266 0.175987
v 0.472611 1.105695 0.175987
v 0.472611 1.158094 0.175987
v 0.509291 1.158271 0.175987
v 0.509291 1.105871 0.175987
v 0.463493 1.075514 0.175987
v 0.499757 1.075691 0.175987
v 0.513191 1.105859 0.175987
v 0.503326 1.075678 0.175987
v 0.513191 1.158258 0.175987
v 0.472611 1.158094 0.175987
v 0.472611 1.158094 0.264610
v 0.509291 1.158271 0.264610
v 0.509291 1.158271 0.175987
v 0.513191 1.158258 0.264610
v 0.513191 1.158258 0.175987
v 0.326561 1.158094 0.264610
v 0.326561 1.158094 0.175987
v 0.289881 1.158271 0.175987
v 0.289880 1.158271 0.264610
v 0.285981 1.158258 0.175987
v 0.285981 1.158258 0.264610
v 0.326561 1.105695 0.175987
v 0.335679 1.075514 0.175987
v 0.299414 1.075691 0.175987
v 0.289881 1.105871 0.175987
v 0.326561 1.158094 0.175987
v 0.289881 1.158271 0.175987
v 0.285981 1.105859 0.175987
v 0.285981 1.158258 0.175987
v 0.295846 1.075678 0.175987
v 0.286005 1.158253 0.103421
v 0.286005 1.158253 0.175987
v 0.289909 1.158265 0.175987
v 0.289909 1.158265 0.103421
v 0.499757 1.075691 0.103421
v 0.499757 1.075691 0.175987
v 0.509226 1.105888 0.175987
v 0.509226 1.105888 0.103421
v 0.509263 1.158266 0.175987
v 0.509263 1.158266 0.103421
v 0.499757 1.075691 0.175987
v 0.503326 1.075678 0.175987
v 0.513131 1.105876 0.175987
v 0.509226 1.105888 0.175987
v 0.513167 1.158253 0.175987
v 0.509263 1.158266 0.175987
v 0.513191 1.105859 0.175987
v 0.513191 1.158258 0.175987
v 0.513191 1.158258 0.264610
v 0.513191 1.105859 0.264610
v 0.503326 1.075678 0.175987
v 0.503326 1.075678 0.264610
v 0.502349 1.072734 0.175987
v 0.502349 1.072734 0.103421
v 0.503326 1.075678 0.103421
v 0.513131 1.105876 0.103421
v 0.513131 1.105876 0.175987
v 0.513167 1.158253 0.103421
v 0.513167 1.158253 0.175987
v 0.502348 1.072734 0.264610
v 0.503326 1.075678 0.103421
v 0.502349 1.072734 0.103421
v 0.499736 1.071635 0.103421
v 0.499757 1.075691 0.103421
v 0.509226 1.105888 0.103421
v 0.513131 1.105876 0.103421
v 0.509263 1.158266 0.103421
v 0.513167 1.158253 0.103421
v 0.461363 1.071458 0.103421
v 0.463493 1.075514 0.103421
v 0.299414 1.075691 0.175987
v 0.299414 1.075691 0.103421
v 0.289946 1.105888 0.103421
v 0.289946 1.105888 0.175987
v 0.289909 1.158265 0.103421
v 0.289909 1.158265 0.175987
v 0.335679 1.075514 0.103421
v 0.337809 1.071458 0.103421
v 0.299436 1.071635 0.103421
v 0.299414 1.075691 0.103421
v 0.296823 1.072734 0.103421
v 0.295846 1.075678 0.103421
v 0.286041 1.105876 0.103421
v 0.289946 1.105888 0.103421
v 0.286005 1.158253 0.103421
v 0.289909 1.158265 0.103421
v 0.295846 1.075678 0.103421
v 0.296823 1.072734 0.103421
v 0.296823 1.072734 0.175987
v 0.295846 1.075678 0.175987
v 0.286041 1.105876 0.175987
v 0.286041 1.105876 0.103421
v 0.286005 1.158253 0.175987
v 0.286005 1.158253 0.103421
v 0.296823 1.072734 0.264610
v 0.295846 1.075678 0.264610
v 0.285981 1.105859 0.175987
v 0.285981 1.105859 0.264610
v 0.285981 1.158258 0.175987
v 0.285981 1.158258 0.264610
v 0.295846 1.075678 0.175987
v 0.299414 1.075691 0.175987
v 0.289946 1.105888 0.175987
v 0.286041 1.105876 0.175987
v 0.289909 1.158265 0.175987
v 0.286005 1.158253 0.175987
v 0.547306 1.071471 0.103269
v 0.547306 1.075505 0.103269
v 0.463493 1.075514 0.103421
v 0.461363 1.071458 0.103421
v 0.547306 1.075505 0.103269
v 0.547318 1.075527 0.061951
v 0.460814 1.075514 -0.033333
v 0.463493 1.075514 0.103421
v 0.251810 1.075530 0.103271
v 0.251837 1.071474 0.103271
v 0.337809 1.071458 0.103421
v 0.335679 1.075514 0.103421
v 0.251828 1.075530 0.061951
v 0.251810 1.075530 0.103271
v 0.335679 1.075514 0.103421
v 0.338337 1.075514 -0.033335
v 0.502349 1.072734 0.175987
v 0.502348 1.072734 0.264610
v 0.499736 1.071635 0.264610
v 0.499736 1.071635 0.175987
v 0.502349 1.072734 0.103421
v 0.499736 1.071635 0.103421
v 0.461362 1.071458 0.175987
v 0.461363 1.071458 0.103421
v 0.461362 1.071458 0.264610
v 0.453610 1.071453 0.175987
v 0.453610 1.071453 0.103421
v 0.451359 1.069780 -0.033326
v 0.458781 1.071458 -0.033331
v 0.547315 1.071471 0.061953
v 0.547306 1.071471 0.103269
v 0.453610 1.071453 0.264610
v 0.345562 1.071453 0.175987
v 0.345562 1.071453 0.103421
v 0.347793 1.069778 -0.033328
v 0.348268 1.069427 -0.065720
v 0.450904 1.069427 -0.065720
v 0.458268 1.071458 -0.065720
v 0.345562 1.071453 0.264610
v 0.337809 1.071458 0.175987
v 0.337809 1.071458 0.103421
v 0.340365 1.071458 -0.033333
v 0.340903 1.071458 -0.065720
v 0.342189 1.071458 -0.100109
v 0.349392 1.069427 -0.100109
v 0.337809 1.071458 0.264610
v 0.299436 1.071635 0.264610
v 0.299436 1.071635 0.175987
v 0.299436 1.071635 0.103421
v 0.296823 1.072734 0.175987
v 0.296823 1.072734 0.103421
v 0.296823 1.072734 0.264610
v 0.345797 1.071458 -0.169856
v 0.352547 1.069427 -0.169856
v 0.449780 1.069427 -0.100109
v 0.456983 1.071458 -0.100109
v 0.446625 1.069427 -0.169856
v 0.453375 1.071458 -0.169856
v 0.350139 1.071458 -0.235780
v 0.356344 1.069427 -0.235780
v 0.354807 1.071346 -0.259354
v 0.360427 1.069310 -0.258441
v 0.442828 1.069427 -0.235780
v 0.449033 1.071458 -0.235780
v 0.438745 1.069310 -0.258441
v 0.444365 1.071346 -0.259354
v 0.251837 1.071474 0.103271
v 0.251813 1.071474 0.061953
v 0.547318 1.075527 0.061951
v 0.547306 1.075505 0.103269
v 0.547270 1.105561 0.103274
v 0.547283 1.105583 0.061956
v 0.547308 1.158297 0.103279
v 0.547320 1.158319 0.061961
v 0.251810 1.075530 0.103271
v 0.251828 1.075530 0.061951
v 0.251847 1.105585 0.061950
v 0.251830 1.105585 0.103270
v 0.251870 1.158321 0.061950
v 0.251852 1.158321 0.103270
v 0.499755 1.075505 0.103260
v 0.499755 1.071471 0.103260
v 0.499731 1.071470 0.104603
v 0.499731 1.075505 0.104603
v 0.509158 1.105561 0.103265
v 0.509167 1.105560 0.104607
v 0.509190 1.158298 0.103270
v 0.509163 1.158297 0.104612
v 0.299386 1.075527 0.104596
v 0.299407 1.071471 0.104596
v 0.299420 1.071471 0.103254
v 0.299399 1.075527 0.103254
v 0.289967 1.105582 0.104596
v 0.289982 1.105582 0.103254
v 0.289986 1.158318 0.104596
v 0.290001 1.158318 0.103254
v 0.547306 1.071471 0.103269
v 0.547315 1.071471 0.061953
v 0.549651 1.072898 0.064512
v 0.549642 1.072898 0.103280
v 0.549611 1.072897 0.104622
v 0.547275 1.071470 0.104612
v 0.538415 1.071470 0.104603
v 0.538446 1.071471 0.103261
v 0.499731 1.071470 0.104603
v 0.499755 1.071471 0.103260
v 0.499731 1.075505 0.104603
v 0.499731 1.071470 0.104603
v 0.538415 1.071470 0.104603
v 0.538414 1.075504 0.104603
v 0.509167 1.105560 0.104607
v 0.538379 1.105560 0.104608
v 0.509163 1.158297 0.104612
v 0.538417 1.158297 0.104613
v 0.547239 1.105560 0.104617
v 0.547277 1.158296 0.104621
v 0.547275 1.071470 0.104612
v 0.547274 1.075504 0.104612
v 0.550321 1.105483 0.104627
v 0.550358 1.158219 0.104632
v 0.549611 1.072897 0.104622
v 0.550356 1.075427 0.104623
v 0.547277 1.158296 0.104621
v 0.550358 1.158219 0.104632
v 0.550389 1.158220 0.103290
v 0.547308 1.158297 0.103279
v 0.538448 1.158297 0.103271
v 0.538417 1.158297 0.104613
v 0.509190 1.158298 0.103270
v 0.509163 1.158297 0.104612
v 0.547320 1.158319 0.061961
v 0.550401 1.158242 0.065179
v 0.547306 1.075505 0.103269
v 0.547306 1.071471 0.103269
v 0.538446 1.071471 0.103261
v 0.538446 1.075505 0.103261
v 0.547270 1.105561 0.103274
v 0.538410 1.105561 0.103266
v 0.547308 1.158297 0.103279
v 0.538448 1.158297 0.103271
v 0.509158 1.105561 0.103265
v 0.509190 1.158298 0.103270
v 0.499755 1.071471 0.103260
v 0.499755 1.075505 0.103260
v 0.251830 1.105585 0.103270
v 0.251852 1.158321 0.103270
v 0.260714 1.158319 0.103264
v 0.260691 1.105584 0.103265
v 0.251810 1.075530 0.103271
v 0.260672 1.075529 0.103265
v 0.251837 1.071474 0.103271
v 0.260699 1.071472 0.103265
v 0.299399 1.075527 0.103254
v 0.299420 1.071471 0.103254
v 0.290001 1.158318 0.103254
v 0.289982 1.105582 0.103254
v 0.251852 1.158321 0.103270
v 0.251870 1.158321 0.061950
v 0.248788 1.158232 0.065167
v 0.248771 1.158232 0.103264
v 0.248754 1.158232 0.104607
v 0.251835 1.158321 0.104613
v 0.260697 1.158319 0.104607
v 0.260714 1.158319 0.103264
v 0.289986 1.158318 0.104596
v 0.290001 1.158318 0.103254
v 0.251835 1.158321 0.104613
v 0.248754 1.158232 0.104607
v 0.248732 1.105497 0.104607
v 0.251813 1.105585 0.104613
v 0.260674 1.105584 0.104607
v 0.260697 1.158319 0.104607
v 0.289967 1.105582 0.104596
v 0.289986 1.158318 0.104596
v 0.248712 1.075442 0.104607
v 0.251793 1.075530 0.104613
v 0.260655 1.075529 0.104607
v 0.299386 1.075527 0.104596
v 0.251820 1.071474 0.104613
v 0.260682 1.071472 0.104607
v 0.299407 1.071471 0.104596
v 0.249357 1.072776 0.104607
v 0.251820 1.071474 0.104613
v 0.249357 1.072776 0.104607
v 0.249374 1.072776 0.103265
v 0.251837 1.071474 0.103271
v 0.260699 1.071472 0.103265
v 0.260682 1.071472 0.104607
v 0.299420 1.071471 0.103254
v 0.299407 1.071471 0.104596
v 0.251813 1.071474 0.061953
v 0.249351 1.072776 0.064510
v 0.462551 1.162497 0.221221
v 0.464158 1.162497 0.264414
v 0.460099 1.162497 0.264414
v 0.458593 1.162497 0.221221
v 0.461843 1.162497 0.204454
v 0.457929 1.162497 0.204454
v 0.459547 1.162497 0.159438
v 0.455778 1.162497 0.159438
v 0.456456 1.162497 0.104317
v 0.441333 1.162497 0.264414
v 0.440657 1.162497 0.221221
v 0.357598 1.162497 0.264414
v 0.358275 1.162497 0.221221
v 0.338792 1.162497 0.264414
v 0.340298 1.162497 0.221221
v 0.334733 1.162497 0.264414
v 0.336340 1.162497 0.221221
v 0.340962 1.162497 0.204454
v 0.337048 1.162497 0.204454
v 0.343113 1.162497 0.159438
v 0.339344 1.162497 0.159438
v 0.346011 1.162497 0.104317
v 0.342435 1.162497 0.104317
v 0.347417 1.162497 0.085399
v 0.343935 1.162497 0.085399
v 0.350026 1.162497 0.041849
v 0.346719 1.162497 0.041849
v 0.352965 1.162497 -0.010763
v 0.349854 1.162497 -0.010763
v 0.355062 1.162497 -0.062075
v 0.352091 1.162497 -0.062075
v 0.356964 1.162497 -0.118291
v 0.354121 1.162497 -0.118291
v 0.363086 1.162497 -0.168967
v 0.355989 1.162497 -0.168967
v 0.366181 1.156605 -0.228077
v 0.374383 1.156605 -0.236648
v 0.370745 1.162497 -0.168967
v 0.379327 1.156605 -0.236648
v 0.419515 1.156605 -0.236648
v 0.428186 1.162497 -0.168967
v 0.363955 1.156605 -0.228077
v 0.424295 1.156605 -0.236648
v 0.432710 1.156605 -0.228077
v 0.435805 1.162497 -0.168967
v 0.434936 1.156605 -0.228077
v 0.442902 1.162497 -0.168967
v 0.441927 1.162497 -0.118291
v 0.444770 1.162497 -0.118291
v 0.443829 1.162497 -0.062075
v 0.446799 1.162497 -0.062075
v 0.445926 1.162497 -0.010763
v 0.449037 1.162497 -0.010763
v 0.448865 1.162497 0.041849
v 0.452172 1.162497 0.041849
v 0.451474 1.162497 0.085399
v 0.454955 1.162497 0.085399
v 0.452880 1.162497 0.104317
v 0.453591 1.279623 0.264414
v 0.456001 1.278402 0.264414
v 0.454596 1.278402 0.221221
v 0.452246 1.279623 0.221221
v 0.441333 1.279622 0.264414
v 0.440657 1.279629 0.221193
v 0.438385 1.279589 0.221204
v 0.439025 1.279622 0.264414
v 0.433242 1.279621 0.264347
v 0.453977 1.278402 0.204454
v 0.451654 1.279623 0.204454
v 0.440319 1.279629 0.204461
v 0.438065 1.279589 0.204505
v 0.433283 1.279629 0.221204
v 0.366745 1.279622 0.264414
v 0.410130 1.279629 0.221204
v 0.389082 1.279629 0.221204
v 0.366751 1.279629 0.221204
v 0.360405 1.279589 0.221204
v 0.359765 1.279622 0.264414
v 0.432936 1.279629 0.204505
v 0.410130 1.279629 0.204505
v 0.389082 1.279629 0.204505
v 0.366922 1.279629 0.204505
v 0.360725 1.279589 0.204505
v 0.358613 1.279629 0.204460
v 0.358275 1.279629 0.221193
v 0.357598 1.279622 0.264414
v 0.410130 1.279779 0.131304
v 0.389082 1.279779 0.131304
v 0.429847 1.279959 0.104313
v 0.369384 1.279959 0.104313
v 0.429129 1.279533 0.085395
v 0.370115 1.279533 0.085395
v 0.363905 1.277595 0.085395
v 0.363266 1.278034 0.104313
v 0.434885 1.277595 0.085395
v 0.435525 1.278034 0.104313
v 0.345300 1.279623 0.264414
v 0.346645 1.279623 0.221221
v 0.342890 1.278402 0.264414
v 0.344295 1.278402 0.221221
v 0.347237 1.279623 0.204453
v 0.344914 1.278402 0.204454
v 0.352934 1.274839 0.104399
v 0.350811 1.273617 0.104399
v 0.348109 1.275792 0.159520
v 0.350347 1.277013 0.159520
v 0.362486 1.274839 0.104399
v 0.360795 1.277014 0.159520
v 0.362855 1.277828 0.159520
v 0.364455 1.276722 0.104395
v 0.368822 1.278467 0.159638
v 0.370573 1.278647 0.104395
v 0.346103 1.277090 0.204535
v 0.348426 1.278311 0.204535
v 0.359802 1.278318 0.204542
v 0.361915 1.278278 0.204587
v 0.368111 1.278317 0.204587
v 0.390271 1.278317 0.204587
v 0.390271 1.278467 0.131386
v 0.450460 1.278316 0.204536
v 0.452784 1.277094 0.204536
v 0.450777 1.275796 0.159520
v 0.448539 1.277017 0.159520
v 0.439125 1.278322 0.204543
v 0.438132 1.277018 0.159520
v 0.435931 1.277832 0.159520
v 0.436871 1.278282 0.204587
v 0.431742 1.278321 0.204587
v 0.448076 1.273621 0.104399
v 0.445953 1.274843 0.104399
v 0.436441 1.274843 0.104399
v 0.434331 1.276726 0.104395
v 0.430344 1.278471 0.159639
v 0.408936 1.278321 0.204587
v 0.408936 1.278471 0.131387
v 0.428653 1.278651 0.104395
v 0.353000 1.274760 0.085399
v 0.350933 1.273538 0.085399
v 0.349621 1.274929 0.104317
v 0.351745 1.276151 0.104317
v 0.361972 1.274949 0.085368
v 0.361296 1.276151 0.104317
v 0.445891 1.274760 0.085399
v 0.436959 1.274949 0.085368
v 0.437635 1.276151 0.104317
v 0.447146 1.276151 0.104317
v 0.447958 1.273538 0.085399
v 0.449269 1.274929 0.104317
v 0.353000 1.273041 0.085833
v 0.361972 1.273231 0.085802
v 0.364000 1.266853 0.042282
v 0.355329 1.266853 0.042282
v 0.350933 1.271819 0.085833
v 0.353365 1.265632 0.042282
v 0.357952 1.253720 -0.010329
v 0.356106 1.252499 -0.010329
v 0.359824 1.237660 -0.063599
v 0.358061 1.236246 -0.062795
v 0.365691 1.253720 -0.010329
v 0.367376 1.237660 -0.063599
v 0.445891 1.273041 0.085833
v 0.447958 1.271819 0.085833
v 0.445526 1.265632 0.042282
v 0.443562 1.266853 0.042282
v 0.436959 1.273231 0.085802
v 0.434931 1.266853 0.042282
v 0.440939 1.253720 -0.010329
v 0.433241 1.253720 -0.010329
v 0.439067 1.237660 -0.063599
v 0.431556 1.237660 -0.063599
v 0.442785 1.252499 -0.010329
v 0.440830 1.236246 -0.062795
v 0.370290 1.232888 -0.118263
v 0.369020 1.249179 -0.068895
v 0.373549 1.251181 -0.069694
v 0.374776 1.235348 -0.118263
v 0.372210 1.211526 -0.168940
v 0.376173 1.214195 -0.168940
v 0.375653 1.162500 -0.269600
v 0.377336 1.201283 -0.194474
v 0.379327 1.162515 -0.272588
v 0.419515 1.162515 -0.272588
v 0.377180 1.250082 -0.073064
v 0.378319 1.235379 -0.118181
v 0.379716 1.214245 -0.168834
v 0.380740 1.202883 -0.191311
v 0.421359 1.201283 -0.194474
v 0.422898 1.162500 -0.269600
v 0.422035 1.250082 -0.073064
v 0.425653 1.251181 -0.069694
v 0.421075 1.235386 -0.118163
v 0.424619 1.235348 -0.118263
v 0.418877 1.214252 -0.168816
v 0.422419 1.214195 -0.168940
v 0.417943 1.202883 -0.191311
v 0.428501 1.232888 -0.118263
v 0.426581 1.211526 -0.168940
v 0.429770 1.249179 -0.068895
v 0.359824 1.239379 -0.064032
v 0.367376 1.239379 -0.064032
v 0.368717 1.220190 -0.118291
v 0.361522 1.219086 -0.118291
v 0.358061 1.237965 -0.063229
v 0.359834 1.217865 -0.118291
v 0.363086 1.196843 -0.168967
v 0.361467 1.195622 -0.168967
v 0.366181 1.162534 -0.228077
v 0.364701 1.161313 -0.228077
v 0.370745 1.198740 -0.168967
v 0.374383 1.162534 -0.236648
v 0.439067 1.239379 -0.064032
v 0.440830 1.237965 -0.063229
v 0.439056 1.217865 -0.118291
v 0.437369 1.219086 -0.118291
v 0.431556 1.239379 -0.064032
v 0.430214 1.220190 -0.118291
v 0.435805 1.196843 -0.168967
v 0.428186 1.198740 -0.168967
v 0.432710 1.162534 -0.228077
v 0.424295 1.162534 -0.236648
v 0.437424 1.195622 -0.168967
v 0.434190 1.161313 -0.228077
v 0.334733 1.162497 0.264414
v 0.338792 1.162497 0.264414
v 0.338792 1.221400 0.264414
v 0.334733 1.221400 0.264414
v 0.345300 1.275979 0.264414
v 0.341677 1.275979 0.264414
v 0.345300 1.279623 0.264414
v 0.342890 1.278402 0.264414
v 0.441333 1.162497 0.264414
v 0.460099 1.162497 0.264414
v 0.460099 1.221400 0.264414
v 0.441333 1.221400 0.264414
v 0.357598 1.162497 0.264414
v 0.357598 1.221400 0.264414
v 0.338792 1.162497 0.264414
v 0.338792 1.221400 0.264414
v 0.357598 1.275979 0.264414
v 0.345300 1.275979 0.264414
v 0.453591 1.275979 0.264414
v 0.441333 1.275979 0.264414
v 0.433242 1.279621 0.264347
v 0.366745 1.279622 0.264414
v 0.357598 1.279622 0.264414
v 0.345300 1.279623 0.264414
v 0.453591 1.279623 0.264414
v 0.441333 1.279622 0.264414
v 0.460099 1.162497 0.264414
v 0.464158 1.162497 0.264414
v 0.464158 1.221400 0.264414
v 0.460099 1.221400 0.264414
v 0.457214 1.275979 0.264414
v 0.453591 1.275979 0.264414
v 0.456001 1.278402 0.264414
v 0.453591 1.279623 0.264414
v 0.434936 1.156605 -0.228077
v 0.432710 1.156605 -0.228077
v 0.432710 1.157764 -0.228077
v 0.434936 1.157764 -0.228077
v 0.432710 1.158890 -0.228077
v 0.434936 1.158890 -0.228077
v 0.432710 1.162534 -0.228077
v 0.434190 1.161313 -0.228077
v 0.432710 1.156605 -0.228077
v 0.424295 1.156605 -0.236648
v 0.424295 1.157764 -0.236648
v 0.432710 1.157764 -0.228077
v 0.424295 1.158890 -0.236648
v 0.432710 1.158890 -0.228077
v 0.424295 1.162534 -0.236648
v 0.432710 1.162534 -0.228077
v 0.374383 1.156605 -0.236648
v 0.366181 1.156605 -0.228077
v 0.366181 1.157764 -0.228077
v 0.374383 1.157764 -0.236648
v 0.366181 1.158890 -0.228077
v 0.374383 1.158890 -0.236648
v 0.366181 1.162534 -0.228077
v 0.374383 1.162534 -0.236648
v 0.366181 1.156605 -0.228077
v 0.363955 1.156605 -0.228077
v 0.363955 1.157764 -0.228077
v 0.366181 1.157764 -0.228077
v 0.363955 1.158890 -0.228077
v 0.366181 1.158890 -0.228077
v 0.364701 1.161313 -0.228077
v 0.366181 1.162534 -0.228077
v 0.454596 1.278402 0.221221
v 0.456001 1.278402 0.264414
v 0.457214 1.275979 0.264414
v 0.455779 1.275979 0.221221
v 0.453977 1.278402 0.204454
v 0.455147 1.275979 0.204454
v 0.462551 1.221400 0.221221
v 0.461843 1.238661 0.189138
v 0.464158 1.221400 0.264414
v 0.464158 1.162497 0.264414
v 0.462551 1.162497 0.221221
v 0.461843 1.162497 0.204454
v 0.459547 1.237093 0.159438
v 0.459547 1.162497 0.159438
v 0.456456 1.233500 0.091208
v 0.456456 1.162497 0.104317
v 0.454955 1.214290 0.063093
v 0.448999 1.271115 0.085399
v 0.450338 1.272506 0.104317
v 0.449145 1.271199 0.104399
v 0.455262 1.232193 0.091290
v 0.454955 1.162497 0.085399
v 0.452172 1.211361 0.041849
v 0.452172 1.162497 0.041849
v 0.449037 1.204196 -0.010763
v 0.449037 1.162497 -0.010763
v 0.446799 1.199850 -0.039300
v 0.446799 1.162497 -0.062075
v 0.444770 1.186274 -0.118291
v 0.439906 1.215442 -0.118291
v 0.441718 1.236047 -0.062075
v 0.439056 1.217865 -0.118291
v 0.440830 1.237965 -0.063229
v 0.444770 1.162497 -0.118291
v 0.442902 1.170676 -0.168967
v 0.438239 1.193199 -0.168967
v 0.437424 1.195622 -0.168967
v 0.442902 1.162497 -0.168967
v 0.434936 1.157764 -0.228077
v 0.434936 1.158890 -0.228077
v 0.434190 1.161313 -0.228077
v 0.434936 1.156605 -0.228077
v 0.448076 1.273621 0.104399
v 0.449269 1.274929 0.104317
v 0.445953 1.274843 0.104399
v 0.447146 1.276151 0.104317
v 0.436441 1.274843 0.104399
v 0.437635 1.276151 0.104317
v 0.434331 1.276726 0.104395
v 0.447958 1.273538 0.085399
v 0.458354 1.235785 0.159520
v 0.455262 1.232193 0.091290
v 0.449145 1.271199 0.104399
v 0.451904 1.273373 0.159520
v 0.460649 1.237354 0.189221
v 0.453954 1.274672 0.204536
v 0.450777 1.275796 0.159520
v 0.452784 1.277094 0.204536
v 0.448076 1.273621 0.104399
v 0.449037 1.202478 -0.010329
v 0.446799 1.198131 -0.038866
v 0.441718 1.234328 -0.061641
v 0.443715 1.250076 -0.010329
v 0.452172 1.209642 0.042282
v 0.446514 1.263209 0.042282
v 0.454955 1.212572 0.063526
v 0.448999 1.269397 0.085833
v 0.445526 1.265632 0.042282
v 0.447958 1.271819 0.085833
v 0.440830 1.236246 -0.062795
v 0.442785 1.252499 -0.010329
v 0.419515 1.162534 -0.236648
v 0.424295 1.162534 -0.236648
v 0.424295 1.158890 -0.236648
v 0.419515 1.158890 -0.236648
v 0.379327 1.158890 -0.236648
v 0.379327 1.162534 -0.236648
v 0.374383 1.158890 -0.236648
v 0.374383 1.162534 -0.236648
v 0.424295 1.157764 -0.236648
v 0.419515 1.157764 -0.236648
v 0.379327 1.157764 -0.236648
v 0.374383 1.157764 -0.236648
v 0.424295 1.156605 -0.236648
v 0.419515 1.156605 -0.236648
v 0.379327 1.156605 -0.236648
v 0.374383 1.156605 -0.236648
v 0.346719 1.209642 0.042282
v 0.343935 1.212572 0.063526
v 0.349892 1.269397 0.085833
v 0.352376 1.263209 0.042282
v 0.349854 1.202478 -0.010329
v 0.355176 1.250076 -0.010329
v 0.352091 1.198131 -0.038866
v 0.357173 1.234328 -0.061641
v 0.356106 1.252499 -0.010329
v 0.358061 1.236246 -0.062795
v 0.350933 1.271819 0.085833
v 0.353365 1.265632 0.042282
v 0.340533 1.235781 0.159520
v 0.338237 1.237350 0.189220
v 0.344933 1.274668 0.204535
v 0.346982 1.273369 0.159520
v 0.343624 1.232189 0.091290
v 0.349742 1.271195 0.104399
v 0.348109 1.275792 0.159520
v 0.350811 1.273617 0.104399
v 0.346103 1.277090 0.204535
v 0.361467 1.195622 -0.168967
v 0.364701 1.161313 -0.228077
v 0.363955 1.158890 -0.228077
v 0.360652 1.193199 -0.168967
v 0.359834 1.217865 -0.118291
v 0.358985 1.215442 -0.118291
v 0.358061 1.237965 -0.063229
v 0.357173 1.236047 -0.062075
v 0.354121 1.186274 -0.118291
v 0.352091 1.199850 -0.039300
v 0.363955 1.157764 -0.228077
v 0.355989 1.170676 -0.168967
v 0.355989 1.162497 -0.168967
v 0.354121 1.162497 -0.118291
v 0.352091 1.162497 -0.062075
v 0.349854 1.204196 -0.010763
v 0.349854 1.162497 -0.010763
v 0.346719 1.211361 0.041848
v 0.363955 1.156605 -0.228077
v 0.346719 1.162497 0.041849
v 0.343935 1.214290 0.063093
v 0.343935 1.162497 0.085399
v 0.342435 1.233500 0.091208
v 0.348552 1.272506 0.104317
v 0.349892 1.271115 0.085399
v 0.349621 1.274929 0.104317
v 0.350933 1.273538 0.085399
v 0.342435 1.162497 0.104317
v 0.339344 1.237093 0.159438
v 0.339344 1.162497 0.159438
v 0.337048 1.238661 0.189138
v 0.337048 1.162497 0.204454
v 0.336340 1.221400 0.221221
v 0.343112 1.275979 0.221221
v 0.343744 1.275979 0.204454
v 0.344295 1.278402 0.221221
v 0.344914 1.278402 0.204454
v 0.336340 1.162497 0.221221
v 0.334733 1.221400 0.264414
v 0.341677 1.275979 0.264414
v 0.342890 1.278402 0.264414
v 0.334733 1.162497 0.264414
v 0.343624 1.232189 0.091290
v 0.349742 1.271195 0.104399
v 0.350811 1.273617 0.104399
v 0.351745 1.276151 0.104317
v 0.352934 1.274839 0.104399
v 0.361296 1.276151 0.104317
v 0.362486 1.274839 0.104399
v 0.363266 1.278034 0.104313
v 0.361972 1.274949 0.085368
v 0.363905 1.277595 0.085395
v 0.364455 1.276722 0.104395
v 0.369384 1.279959 0.104313
v 0.370573 1.278647 0.104395
v 0.389082 1.279779 0.131304
v 0.390271 1.278467 0.131386
v 0.389082 1.279629 0.204505
v 0.390271 1.278317 0.204587
v 0.366922 1.279629 0.204505
v 0.368111 1.278317 0.204587
v 0.436959 1.274949 0.085368
v 0.434885 1.277595 0.085395
v 0.435525 1.278034 0.104313
v 0.428653 1.278651 0.104395
v 0.429847 1.279959 0.104313
v 0.408936 1.278471 0.131387
v 0.410130 1.279779 0.131304
v 0.408936 1.278321 0.204587
v 0.410130 1.279629 0.204505
v 0.431742 1.278321 0.204587
v 0.432936 1.279629 0.204505
v 0.433241 1.260067 -0.010416
v 0.431556 1.244683 -0.067072
v 0.429770 1.247460 -0.068462
v 0.431365 1.263276 -0.010357
v 0.434931 1.269173 0.042195
v 0.432965 1.271990 0.042254
v 0.434885 1.275877 0.085829
v 0.429129 1.277815 0.085829
v 0.426863 1.265395 -0.010357
v 0.428601 1.273985 0.042254
v 0.371455 1.273985 0.042254
v 0.370115 1.277815 0.085829
v 0.365825 1.271990 0.042254
v 0.363905 1.275877 0.085829
v 0.425653 1.249462 -0.069260
v 0.373549 1.249462 -0.069260
v 0.372673 1.265395 -0.010357
v 0.367425 1.263276 -0.010357
v 0.365691 1.260067 -0.010416
v 0.364000 1.269173 0.042195
v 0.369020 1.247460 -0.068462
v 0.367376 1.244683 -0.067072
v 0.428186 1.198740 -0.168967
v 0.424295 1.162534 -0.236648
v 0.424295 1.162508 -0.257494
v 0.428186 1.206404 -0.168891
v 0.430214 1.220190 -0.118291
v 0.430214 1.228500 -0.118215
v 0.431556 1.239379 -0.064032
v 0.431556 1.246401 -0.067506
v 0.428501 1.232888 -0.118263
v 0.429770 1.249179 -0.068895
v 0.422898 1.162500 -0.269600
v 0.426581 1.211526 -0.168940
v 0.419515 1.162515 -0.272588
v 0.422898 1.162500 -0.269600
v 0.424295 1.162508 -0.257494
v 0.419515 1.162508 -0.257494
v 0.379327 1.162508 -0.257494
v 0.379327 1.162515 -0.272588
v 0.374383 1.162508 -0.257494
v 0.375653 1.162500 -0.269600
v 0.424295 1.162534 -0.236648
v 0.419515 1.162534 -0.236648
v 0.379327 1.162534 -0.236648
v 0.374383 1.162534 -0.236648
v 0.368717 1.220190 -0.118291
v 0.367376 1.239379 -0.064032
v 0.367376 1.246401 -0.067506
v 0.368717 1.228500 -0.118215
v 0.370745 1.198740 -0.168967
v 0.370745 1.206404 -0.168891
v 0.374383 1.162534 -0.236648
v 0.374383 1.162508 -0.257494
v 0.372210 1.211526 -0.168940
v 0.375653 1.162500 -0.269600
v 0.369020 1.249179 -0.068895
v 0.370290 1.232888 -0.118263
v 0.422035 1.236360 -0.066090
v 0.377180 1.236360 -0.066090
v 0.377180 1.250082 -0.073064
v 0.422035 1.250082 -0.073064
v 0.421075 1.228493 -0.110500
v 0.422035 1.236360 -0.066090
v 0.422035 1.250082 -0.073064
v 0.421075 1.235386 -0.118163
v 0.418877 1.211236 -0.162948
v 0.418877 1.214252 -0.168816
v 0.418877 1.214252 -0.168816
v 0.417943 1.202883 -0.191311
v 0.417943 1.206022 -0.180853
v 0.418877 1.211236 -0.162948
v 0.378319 1.228485 -0.110518
v 0.377180 1.236360 -0.066090
v 0.422035 1.236360 -0.066090
v 0.421075 1.228493 -0.110500
v 0.379716 1.211229 -0.162966
v 0.418877 1.211236 -0.162948
v 0.380740 1.206022 -0.180853
v 0.417943 1.206022 -0.180853
v 0.417943 1.202883 -0.191311
v 0.380740 1.202883 -0.191311
v 0.379716 1.214245 -0.168834
v 0.379716 1.211229 -0.162966
v 0.380740 1.206022 -0.180853
v 0.380740 1.202883 -0.191311
v 0.378319 1.228485 -0.110518
v 0.379716 1.211229 -0.162966
v 0.379716 1.214245 -0.168834
v 0.378319 1.235379 -0.118181
v 0.377180 1.236360 -0.066090
v 0.377180 1.250082 -0.073064
v 0.360725 1.279589 0.204505
v 0.366922 1.279629 0.204505
v 0.368111 1.278317 0.204587
v 0.361915 1.278278 0.204587
v 0.358613 1.279629 0.204460
v 0.359802 1.278318 0.204542
v 0.347237 1.279623 0.204453
v 0.348426 1.278311 0.204535
v 0.344914 1.278402 0.204454
v 0.346103 1.277090 0.204535
v 0.343744 1.275979 0.204454
v 0.344933 1.274668 0.204535
v 0.337048 1.238661 0.189138
v 0.338237 1.237350 0.189220
v 0.339344 1.237093 0.159438
v 0.340533 1.235781 0.159520
v 0.342435 1.233500 0.091208
v 0.343624 1.232189 0.091290
v 0.436871 1.278282 0.204587
v 0.431742 1.278321 0.204587
v 0.432936 1.279629 0.204505
v 0.438065 1.279589 0.204505
v 0.439125 1.278322 0.204543
v 0.440319 1.279629 0.204461
v 0.450460 1.278316 0.204536
v 0.451654 1.279623 0.204454
v 0.452784 1.277094 0.204536
v 0.453977 1.278402 0.204454
v 0.453954 1.274672 0.204536
v 0.455147 1.275979 0.204454
v 0.460649 1.237354 0.189221
v 0.461843 1.238661 0.189138
v 0.458354 1.235785 0.159520
v 0.459547 1.237093 0.159438
v 0.455262 1.232193 0.091290
v 0.456456 1.233500 0.091208
v 0.429129 1.277815 0.085829
v 0.370115 1.277815 0.085829
v 0.370115 1.279533 0.085395
v 0.429129 1.279533 0.085395
v 0.434885 1.275877 0.085829
v 0.434885 1.277595 0.085395
v 0.436959 1.273231 0.085802
v 0.434885 1.275877 0.085829
v 0.434885 1.277595 0.085395
v 0.436959 1.274949 0.085368
v 0.445891 1.273041 0.085833
v 0.436959 1.273231 0.085802
v 0.436959 1.274949 0.085368
v 0.445891 1.274760 0.085399
v 0.447958 1.271819 0.085833
v 0.447958 1.273538 0.085399
v 0.448999 1.269397 0.085833
v 0.448999 1.271115 0.085399
v 0.454955 1.212572 0.063526
v 0.454955 1.214290 0.063093
v 0.452172 1.209642 0.042282
v 0.452172 1.211361 0.041849
v 0.449037 1.202478 -0.010329
v 0.449037 1.204196 -0.010763
v 0.446799 1.198131 -0.038866
v 0.446799 1.199850 -0.039300
v 0.441718 1.234328 -0.061641
v 0.441718 1.236047 -0.062075
v 0.440830 1.236246 -0.062795
v 0.440830 1.237965 -0.063229
v 0.439067 1.237660 -0.063599
v 0.439067 1.239379 -0.064032
v 0.431556 1.237660 -0.063599
v 0.431556 1.239379 -0.064032
v 0.431556 1.244683 -0.067072
v 0.431556 1.246401 -0.067506
v 0.429770 1.247460 -0.068462
v 0.429770 1.249179 -0.068895
v 0.425653 1.249462 -0.069260
v 0.425653 1.251181 -0.069694
v 0.373549 1.249462 -0.069260
v 0.373549 1.251181 -0.069694
v 0.369020 1.247460 -0.068462
v 0.373549 1.249462 -0.069260
v 0.373549 1.251181 -0.069694
v 0.369020 1.249179 -0.068895
v 0.367376 1.244683 -0.067072
v 0.367376 1.246401 -0.067506
v 0.367376 1.237660 -0.063599
v 0.367376 1.239379 -0.064032
v 0.359824 1.237660 -0.063599
v 0.367376 1.237660 -0.063599
v 0.359824 1.239379 -0.064032
v 0.363905 1.277595 0.085395
v 0.370115 1.279533 0.085395
v 0.370115 1.277815 0.085829
v 0.363905 1.275877 0.085829
v 0.361972 1.274949 0.085368
v 0.361972 1.273231 0.085802
v 0.353000 1.274760 0.085399
v 0.353000 1.273041 0.085833
v 0.350933 1.273538 0.085399
v 0.350933 1.271819 0.085833
v 0.349892 1.271115 0.085399
v 0.349892 1.269397 0.085833
v 0.343935 1.214290 0.063093
v 0.343935 1.212572 0.063526
v 0.346719 1.211361 0.041848
v 0.346719 1.209642 0.042282
v 0.349854 1.204196 -0.010763
v 0.349854 1.202478 -0.010329
v 0.352091 1.199850 -0.039300
v 0.352091 1.198131 -0.038866
v 0.357173 1.236047 -0.062075
v 0.357173 1.234328 -0.061641
v 0.358061 1.237965 -0.063229
v 0.358061 1.236246 -0.062795
v 0.359824 1.239379 -0.064032
v 0.359824 1.237660 -0.063599
v 0.451601 1.278937 0.230304
v 0.451601 1.278937 0.264616
v 0.456436 1.278937 0.264616
v 0.456436 1.278937 0.230304
v 0.491479 1.221392 0.264616
v 0.491479 1.221392 0.230304
v 0.530748 1.221392 0.264616
v 0.530748 1.221392 0.230304
v 0.544954 1.198861 0.264616
v 0.544955 1.198861 0.230304
v 0.566311 1.162536 0.230304
v 0.566311 1.162536 0.206382
v 0.544954 1.198861 0.206382
v 0.530749 1.198861 0.206382
v 0.454719 1.198861 0.230304
v 0.565737 1.162536 0.264616
v 0.530852 1.198861 0.184271
v 0.544954 1.198861 0.197865
v 0.566311 1.162536 0.197868
v 0.530646 1.198861 0.188698
v 0.507794 1.198861 0.167530
v 0.507869 1.198861 0.206382
v 0.483027 1.198861 0.206382
v 0.454719 1.198861 0.206382
v 0.454719 1.198861 0.132054
v 0.483049 1.198861 0.155235
v 0.483005 1.198861 0.150874
v 0.507944 1.198861 0.172448
v 0.480340 1.193864 0.265020
v 0.471797 1.180725 0.265020
v 0.480340 1.167925 0.265020
v 0.518152 1.167925 0.265020
v 0.518152 1.193864 0.265020
v 0.527507 1.180725 0.265020
v 0.483049 1.198861 0.155235
v 0.483049 1.162536 0.127636
v 0.454719 1.162536 0.104454
v 0.454719 1.198861 0.132054
v 0.483005 1.198861 0.150874
v 0.483005 1.162536 0.123275
v 0.483049 1.162536 0.127636
v 0.483049 1.198861 0.155235
v 0.507944 1.198861 0.172448
v 0.507944 1.162536 0.144849
v 0.483005 1.162536 0.123275
v 0.483005 1.198861 0.150874
v 0.507794 1.198861 0.167530
v 0.507794 1.162536 0.139931
v 0.507944 1.162536 0.144849
v 0.507944 1.198861 0.172448
v 0.530646 1.198861 0.188698
v 0.530646 1.162536 0.161098
v 0.507794 1.162536 0.139931
v 0.507794 1.198861 0.167530
v 0.530852 1.198861 0.184271
v 0.530852 1.162536 0.156672
v 0.530646 1.162536 0.161098
v 0.530646 1.198861 0.188698
v 0.544954 1.198861 0.197865
v 0.566311 1.162536 0.197868
v 0.530852 1.162536 0.156672
v 0.530852 1.198861 0.184271
v 0.530748 1.221392 0.230304
v 0.544955 1.198861 0.230304
v 0.454719 1.198861 0.230304
v 0.491479 1.221392 0.230304
v 0.451601 1.278937 0.230304
v 0.456436 1.278937 0.230304
v 0.454719 1.198861 0.132054
v 0.454719 1.162536 0.104454
v 0.454719 1.162536 0.206382
v 0.454719 1.198861 0.206382
v 0.454719 1.162536 0.230304
v 0.454719 1.198861 0.230304
v 0.454719 1.162536 0.264616
v 0.454719 1.198861 0.264616
v 0.451601 1.278937 0.264616
v 0.451601 1.278937 0.230304
v 0.527507 1.180725 0.265020
v 0.532354 1.180687 0.268161
v 0.534100 1.180698 0.264616
v 0.528990 1.180719 0.264616
v 0.532354 1.180724 0.268161
v 0.527507 1.180725 0.265020
v 0.528990 1.180719 0.264616
v 0.534100 1.180698 0.264616
v 0.491479 1.221392 0.264616
v 0.456436 1.278937 0.264616
v 0.451601 1.278937 0.264616
v 0.454719 1.198861 0.264616
v 0.530748 1.221392 0.264616
v 0.544954 1.198861 0.264616
v 0.475805 1.196937 0.264616
v 0.522538 1.196937 0.264616
v 0.454719 1.162536 0.264616
v 0.565737 1.162536 0.264616
v 0.465246 1.180698 0.264616
v 0.467043 1.180706 0.268161
v 0.477058 1.196109 0.268161
v 0.521387 1.196109 0.268161
v 0.534100 1.180698 0.264616
v 0.532354 1.180724 0.268161
v 0.475805 1.164878 0.264616
v 0.477058 1.165700 0.268161
v 0.480340 1.167925 0.265020
v 0.471797 1.180725 0.265020
v 0.480340 1.193864 0.265020
v 0.518152 1.193864 0.265020
v 0.527507 1.180725 0.265020
v 0.522538 1.164878 0.264616
v 0.521387 1.165700 0.268161
v 0.518152 1.167925 0.265020
v 0.532354 1.180687 0.268161
v 0.232573 1.162536 0.206382
v 0.232573 1.162536 0.197868
v 0.268032 1.162536 0.156672
v 0.253919 1.162536 0.206382
v 0.232573 1.162536 0.230304
v 0.233147 1.162536 0.264616
v 0.344165 1.162536 0.264616
v 0.268135 1.162536 0.206382
v 0.291015 1.162536 0.206382
v 0.315857 1.162536 0.206382
v 0.344165 1.162536 0.230304
v 0.344165 1.162536 0.206382
v 0.344165 1.162536 0.104454
v 0.315835 1.162536 0.127636
v 0.268238 1.162536 0.161098
v 0.291089 1.162536 0.139931
v 0.315879 1.162536 0.123275
v 0.290940 1.162536 0.144849
v 0.342448 1.278937 0.264616
v 0.347283 1.278937 0.264616
v 0.347283 1.278937 0.230304
v 0.342448 1.278937 0.230304
v 0.307405 1.221392 0.264616
v 0.307405 1.221392 0.230304
v 0.268136 1.221392 0.264616
v 0.268136 1.221392 0.230304
v 0.253929 1.198861 0.264616
v 0.253929 1.198861 0.230304
v 0.232573 1.162536 0.230304
v 0.233147 1.162536 0.264616
v 0.232573 1.162536 0.206382
v 0.253929 1.198861 0.206382
v 0.232573 1.162536 0.197868
v 0.253929 1.198861 0.197865
v 0.268032 1.198861 0.184271
v 0.268135 1.198861 0.206382
v 0.344165 1.198861 0.230304
v 0.291015 1.198861 0.206382
v 0.291089 1.198861 0.167530
v 0.268238 1.198861 0.188698
v 0.315857 1.198861 0.206382
v 0.315879 1.198861 0.150874
v 0.290940 1.198861 0.172448
v 0.344165 1.198861 0.206382
v 0.344165 1.198861 0.132054
v 0.315835 1.198861 0.155235
v 0.318544 1.167925 0.265020
v 0.327087 1.180725 0.265020
v 0.318544 1.193864 0.265020
v 0.280732 1.167925 0.265020
v 0.280732 1.193864 0.265020
v 0.271377 1.180725 0.265020
v 0.315835 1.198861 0.155235
v 0.344165 1.198861 0.132054
v 0.344165 1.162536 0.104454
v 0.315835 1.162536 0.127636
v 0.315879 1.198861 0.150874
v 0.315835 1.198861 0.155235
v 0.315835 1.162536 0.127636
v 0.315879 1.162536 0.123275
v 0.290940 1.198861 0.172448
v 0.315879 1.198861 0.150874
v 0.315879 1.162536 0.123275
v 0.290940 1.162536 0.144849
v 0.291089 1.198861 0.167530
v 0.290940 1.198861 0.172448
v 0.290940 1.162536 0.144849
v 0.291089 1.162536 0.139931
v 0.268238 1.198861 0.188698
v 0.291089 1.198861 0.167530
v 0.291089 1.162536 0.139931
v 0.268238 1.162536 0.161098
v 0.268032 1.198861 0.184271
v 0.268238 1.198861 0.188698
v 0.268238 1.162536 0.161098
v 0.268032 1.162536 0.156672
v 0.253929 1.198861 0.197865
v 0.268032 1.198861 0.184271
v 0.268032 1.162536 0.156672
v 0.232573 1.162536 0.197868
v 0.307405 1.221392 0.230304
v 0.342448 1.278937 0.230304
v 0.347283 1.278937 0.230304
v 0.344165 1.198861 0.230304
v 0.268136 1.221392 0.230304
v 0.253929 1.198861 0.230304
v 0.344165 1.162536 0.206382
v 0.344165 1.162536 0.104454
v 0.344165 1.198861 0.132054
v 0.344165 1.198861 0.206382
v 0.344165 1.162536 0.230304
v 0.344165 1.198861 0.230304
v 0.344165 1.162536 0.264616
v 0.344165 1.198861 0.264616
v 0.347283 1.278937 0.264616
v 0.347283 1.278937 0.230304
v 0.271377 1.180725 0.265020
v 0.269894 1.180719 0.264616
v 0.264784 1.180698 0.264616
v 0.266530 1.180687 0.268161
v 0.266530 1.180724 0.268161
v 0.264784 1.180698 0.264616
v 0.269894 1.180719 0.264616
v 0.271377 1.180725 0.265020
v 0.347283 1.278937 0.264616
v 0.342448 1.278937 0.264616
v 0.307405 1.221392 0.264616
v 0.344165 1.198861 0.264616
v 0.268136 1.221392 0.264616
v 0.253929 1.198861 0.264616
v 0.323079 1.196937 0.264616
v 0.333638 1.180698 0.264616
v 0.344165 1.162536 0.264616
v 0.323079 1.164878 0.264616
v 0.276346 1.164878 0.264616
v 0.233147 1.162536 0.264616
v 0.276346 1.196937 0.264616
v 0.321826 1.196109 0.268161
v 0.331841 1.180706 0.268161
v 0.321826 1.165700 0.268161
v 0.277497 1.165700 0.268161
v 0.264784 1.180698 0.264616
v 0.277497 1.196109 0.268161
v 0.318544 1.193864 0.265020
v 0.327087 1.180725 0.265020
v 0.318544 1.167925 0.265020
v 0.280732 1.167925 0.265020
v 0.266530 1.180687 0.268161
v 0.271377 1.180725 0.265020
v 0.280732 1.193864 0.265020
v 0.266530 1.180724 0.268161
v 0.403920 1.138646 -0.251109
v 0.421779 1.109181 -0.237819
v 0.421779 1.109122 -0.245229
v 0.403920 1.138633 -0.258519
v 0.399130 1.140687 -0.259452
v 0.399130 1.140700 -0.252042
v 0.394477 1.139000 -0.258686
v 0.394477 1.139013 -0.251276
v 0.375559 1.108751 -0.237609
v 0.375559 1.108691 -0.245019
v 0.421693 1.105387 -0.243408
v 0.375771 1.105387 -0.243408
v 0.418001 1.103476 -0.242477
v 0.378803 1.103386 -0.242433
v 0.375559 1.108751 -0.237609
v 0.375559 1.108691 -0.245019
v 0.375771 1.105387 -0.243408
v 0.375771 1.105446 -0.235998
v 0.378803 1.103386 -0.242433
v 0.378803 1.103446 -0.235023
v 0.418001 1.103536 -0.235067
v 0.418001 1.103476 -0.242477
v 0.421693 1.105387 -0.243408
v 0.421693 1.105446 -0.235998
v 0.421779 1.109122 -0.245229
v 0.421779 1.109181 -0.237819
v 0.471691 1.143431 -0.120768
v 0.471691 1.114553 -0.132730
v 0.455822 1.114553 -0.137884
v 0.455822 1.147076 -0.124413
v 0.471691 1.155393 -0.091889
v 0.455822 1.160548 -0.091889
v 0.471691 1.143431 -0.063011
v 0.455822 1.147076 -0.059366
v 0.471691 1.114553 -0.051049
v 0.455822 1.114553 -0.045895
v 0.455822 1.082029 -0.124413
v 0.455822 1.114553 -0.137884
v 0.471691 1.114553 -0.132730
v 0.471691 1.085675 -0.120768
v 0.455822 1.068558 -0.091889
v 0.471691 1.073713 -0.091889
v 0.455822 1.082029 -0.059366
v 0.471691 1.085675 -0.063011
v 0.455822 1.114553 -0.045895
v 0.471691 1.114553 -0.051049
v 0.343062 1.114553 -0.137884
v 0.327193 1.114553 -0.132729
v 0.327193 1.143431 -0.120768
v 0.343062 1.147076 -0.124413
v 0.327193 1.155393 -0.091889
v 0.343062 1.160548 -0.091889
v 0.327193 1.143431 -0.063011
v 0.343062 1.147076 -0.059366
v 0.327193 1.114553 -0.051049
v 0.343062 1.114553 -0.045895
v 0.327193 1.114553 -0.132729
v 0.343062 1.114553 -0.137884
v 0.343062 1.082029 -0.124413
v 0.327193 1.085675 -0.120768
v 0.343062 1.068558 -0.091889
v 0.327193 1.073713 -0.091889
v 0.343062 1.082029 -0.059366
v 0.327193 1.085675 -0.063011
v 0.343062 1.114553 -0.045895
v 0.327193 1.114553 -0.051049
v 0.547003 1.158799 0.103817
v 0.454718 1.158799 0.103809
v 0.454718 1.075088 0.103809
v 0.547003 1.075088 0.103817
v 0.547003 1.158799 0.079438
v 0.547003 1.158799 0.103817
v 0.547003 1.075088 0.103817
v 0.547003 1.075088 0.079438
v 0.454718 1.158799 0.103809
v 0.547003 1.158799 0.079438
v 0.547003 1.075088 0.079438
v 0.454718 1.075088 0.103809
v 0.251881 1.158799 0.103817
v 0.251881 1.075088 0.103817
v 0.344166 1.075088 0.103809
v 0.344166 1.158799 0.103809
v 0.251881 1.158799 0.079438
v 0.251881 1.075088 0.079438
v 0.251881 1.075088 0.103817
v 0.251881 1.158799 0.103817
v 0.344166 1.158799 0.103809
v 0.344166 1.075088 0.103809
v 0.251881 1.075088 0.079438
v 0.251881 1.158799 0.079438
v 0.433241 1.253720 -0.010329
v 0.431556 1.237660 -0.063599
v 0.431556 1.244683 -0.067072
v 0.433241 1.260067 -0.010416
v 0.434931 1.266853 0.042282
v 0.434931 1.269173 0.042195
v 0.436959 1.273231 0.085802
v 0.365691 1.260067 -0.010416
v 0.367376 1.244683 -0.067072
v 0.367376 1.237660 -0.063599
v 0.365691 1.253720 -0.010329
v 0.364000 1.269173 0.042195
v 0.364000 1.266853 0.042282
v 0.361972 1.273231 0.085802
v 0.454719 1.162536 0.104454
v 0.483049 1.162536 0.127636
v 0.483027 1.162536 0.206382
v 0.454719 1.162536 0.206382
v 0.454719 1.162536 0.230304
v 0.454719 1.162536 0.264616
v 0.507869 1.162536 0.206382
v 0.530749 1.162536 0.206382
v 0.544965 1.162536 0.206382
v 0.565737 1.162536 0.264616
v 0.566311 1.162536 0.230304
v 0.566311 1.162536 0.206382
v 0.483005 1.162536 0.123275
v 0.507944 1.162536 0.144849
v 0.507794 1.162536 0.139931
v 0.530646 1.162536 0.161098
v 0.530852 1.162536 0.156672
v 0.566311 1.162536 0.197868
v 0.421693 1.105446 -0.235998
v 0.421779 1.109181 -0.237819
v 0.403920 1.138646 -0.251109
v 0.399130 1.140700 -0.252042
v 0.375771 1.105446 -0.235998
v 0.418001 1.103536 -0.235067
v 0.378803 1.103446 -0.235023
v 0.394477 1.139013 -0.251276
v 0.375559 1.108751 -0.237609
v 0.455822 1.160548 -0.091889
v 0.455822 1.147076 -0.124413
v 0.455822 1.114553 -0.137884
v 0.455822 1.068558 -0.091889
v 0.455822 1.114553 -0.045895
v 0.455822 1.147076 -0.059366
v 0.455822 1.082029 -0.124413
v 0.455822 1.082029 -0.059366
v 0.471691 1.143431 -0.120768
v 0.471691 1.155393 -0.091889
v 0.471691 1.143431 -0.063011
v 0.471691 1.085675 -0.063011
v 0.471691 1.085675 -0.120768
v 0.471691 1.114553 -0.132730
v 0.471691 1.114553 -0.051049
v 0.471691 1.073713 -0.091889
v 0.343062 1.068558 -0.091889
v 0.343062 1.082029 -0.124413
v 0.343062 1.114553 -0.137884
v 0.343062 1.160548 -0.091889
v 0.343062 1.114553 -0.045895
v 0.343062 1.082029 -0.059366
v 0.343062 1.147076 -0.124413
v 0.343062 1.147076 -0.059366
v 0.327193 1.085675 -0.063011
v 0.327193 1.114553 -0.051049
v 0.327193 1.143431 -0.063011
v 0.327193 1.143431 -0.120768
v 0.327193 1.085675 -0.120768
v 0.327193 1.073713 -0.091889
v 0.327193 1.155393 -0.091889
v 0.327193 1.114553 -0.132729
v 0.514976 1.124643 0.088590
v 0.537826 1.124643 0.082637
v 0.514976 1.124643 0.082639
v 0.532217 1.124076 0.012782
v 0.531489 1.122320 0.012782
v 0.531489 1.122320 0.034083
v 0.532217 1.124076 0.034083
v 0.533974 1.124804 0.012782
v 0.533973 1.124804 0.034083
v 0.535730 1.124076 0.012782
v 0.535730 1.124076 0.034083
v 0.536458 1.122320 0.012782
v 0.536458 1.122320 0.034083
v 0.530124 1.122320 0.034107
v 0.531251 1.125042 0.034107
v 0.533973 1.126169 0.034107
v 0.536696 1.125042 0.034107
v 0.537823 1.122320 0.034107
v 0.536696 1.125042 0.049094
v 0.537823 1.122320 0.049094
v 0.530124 1.122320 0.049094
v 0.531251 1.125042 0.049094
v 0.533974 1.126169 0.049094
v 0.535730 1.120563 0.012782
v 0.536458 1.122320 0.012782
v 0.536458 1.122320 0.034083
v 0.535730 1.120563 0.034083
v 0.533974 1.119835 0.012782
v 0.533973 1.119835 0.034083
v 0.532217 1.120563 0.012782
v 0.532217 1.120563 0.034083
v 0.531489 1.122320 0.012782
v 0.531489 1.122320 0.034083
v 0.537823 1.122320 0.034107
v 0.536696 1.119598 0.034107
v 0.533973 1.118470 0.034107
v 0.531251 1.119598 0.034107
v 0.530124 1.122320 0.034107
v 0.531251 1.119598 0.049094
v 0.530124 1.122320 0.049094
v 0.531251 1.125042 0.049094
v 0.537823 1.122320 0.049094
v 0.536696 1.119598 0.049094
v 0.533974 1.118470 0.049094
v 0.536696 1.125042 0.049094
v 0.533974 1.126169 0.049094
v 0.531049 1.120446 0.055051
v 0.532079 1.119211 0.055051
v 0.532079 1.119211 0.036656
v 0.531049 1.120446 0.036656
v 0.529449 1.120590 0.055051
v 0.529449 1.120590 0.036656
v 0.528214 1.119561 0.055051
v 0.528214 1.119561 0.036656
v 0.528069 1.117960 0.055051
v 0.528069 1.117960 0.036656
v 0.528895 1.118282 0.065146
v 0.530291 1.114913 0.065146
v 0.530291 1.114913 0.035702
v 0.528895 1.118282 0.035702
v 0.525526 1.119677 0.065146
v 0.525526 1.119677 0.035702
v 0.522157 1.118282 0.065146
v 0.522157 1.118282 0.035702
v 0.520762 1.114913 0.065146
v 0.520762 1.114913 0.035702
v 0.528710 1.114913 0.035697
v 0.527778 1.117164 0.035697
v 0.525526 1.118097 0.035697
v 0.523275 1.117164 0.035697
v 0.522342 1.114913 0.035697
v 0.523275 1.117164 0.005830
v 0.522342 1.114913 0.005830
v 0.528710 1.114913 0.005830
v 0.527778 1.117164 0.005830
v 0.525526 1.118097 0.005830
v 0.522157 1.111544 0.065146
v 0.520762 1.114913 0.065146
v 0.520762 1.114913 0.035702
v 0.522157 1.111544 0.035702
v 0.525526 1.110148 0.065146
v 0.525526 1.110148 0.035702
v 0.528895 1.111544 0.065146
v 0.528895 1.111544 0.035702
v 0.530291 1.114913 0.065146
v 0.530291 1.114913 0.035702
v 0.522342 1.114913 0.035697
v 0.523275 1.112661 0.035697
v 0.525526 1.111729 0.035697
v 0.527778 1.112661 0.035697
v 0.528710 1.114913 0.035697
v 0.527778 1.112661 0.005830
v 0.528710 1.114913 0.005830
v 0.522342 1.114913 0.005830
v 0.523275 1.112661 0.005830
v 0.525526 1.111729 0.005830
v 0.530013 1.119399 0.065130
v 0.531871 1.114913 0.065130
v 0.528895 1.118282 0.065146
v 0.525526 1.121257 0.065130
v 0.525526 1.119677 0.065146
v 0.521040 1.119399 0.065130
v 0.522157 1.118282 0.065146
v 0.519182 1.114913 0.065130
v 0.521040 1.110427 0.065130
v 0.519182 1.114913 0.065130
v 0.522157 1.111544 0.065146
v 0.525526 1.108568 0.065130
v 0.525526 1.110148 0.065146
v 0.530013 1.110427 0.065130
v 0.528895 1.111544 0.065146
v 0.531871 1.114913 0.065130
v 0.530013 1.119399 0.083246
v 0.531871 1.114913 0.083246
v 0.530013 1.119399 0.065130
v 0.525526 1.121257 0.083246
v 0.525526 1.121257 0.065130
v 0.521040 1.119399 0.083246
v 0.521040 1.119399 0.065130
v 0.519182 1.114913 0.083246
v 0.530013 1.110427 0.065130
v 0.531871 1.114913 0.083246
v 0.530013 1.110427 0.083246
v 0.525526 1.108568 0.065130
v 0.525526 1.108568 0.083246
v 0.521040 1.110427 0.065130
v 0.521040 1.110427 0.083246
v 0.519182 1.114913 0.083246
v 0.525526 1.121257 0.083246
v 0.530013 1.119399 0.083246
v 0.521040 1.119399 0.083246
v 0.528411 1.112028 0.005848
v 0.529605 1.114913 0.005848
v 0.527778 1.112661 0.005830
v 0.525526 1.110834 0.005848
v 0.525526 1.111729 0.005830
v 0.522642 1.112028 0.005848
v 0.523275 1.112661 0.005830
v 0.521447 1.114913 0.005848
v 0.527778 1.117164 0.005830
v 0.529605 1.114913 0.005848
v 0.528411 1.117797 0.005848
v 0.525526 1.118097 0.005830
v 0.525526 1.118992 0.005848
v 0.523275 1.117164 0.005830
v 0.522642 1.117797 0.005848
v 0.521447 1.114913 0.005848
v 0.528411 1.112028 -0.015138
v 0.529605 1.114913 -0.015138
v 0.528411 1.112028 0.005848
v 0.525526 1.110834 -0.015138
v 0.525526 1.110834 0.005848
v 0.522642 1.112028 -0.015138
v 0.522642 1.112028 0.005848
v 0.521447 1.114913 -0.015138
v 0.528411 1.117797 0.005848
v 0.529605 1.114913 -0.015138
v 0.528411 1.117797 -0.015138
v 0.525526 1.118992 0.005848
v 0.525526 1.118992 -0.015138
v 0.522642 1.117797 0.005848
v 0.522642 1.117797 -0.015138
v 0.521447 1.114913 -0.015138
v 0.531489 1.122320 0.012782
v 0.532217 1.124076 0.012782
v 0.533974 1.124804 0.012782
v 0.536458 1.122320 0.012782
v 0.533974 1.119835 0.012782
v 0.532217 1.120563 0.012782
v 0.535730 1.124076 0.012782
v 0.535730 1.120563 0.012782
v 0.528069 1.117960 0.036656
v 0.528214 1.119561 0.036656
v 0.529449 1.120590 0.036656
v 0.532079 1.119211 0.036656
v 0.530700 1.116581 0.036656
v 0.529099 1.116726 0.036656
v 0.529099 1.116726 0.055051
v 0.528069 1.117960 0.055051
v 0.528214 1.119561 0.055051
v 0.531049 1.120446 0.036656
v 0.531049 1.120446 0.055051
v 0.529449 1.120590 0.055051
v 0.531934 1.117610 0.055051
v 0.532079 1.119211 0.055051
v 0.531934 1.117610 0.036656
v 0.530700 1.116581 0.055051
v 0.521447 1.114913 -0.015138
v 0.522642 1.117797 -0.015138
v 0.525526 1.118992 -0.015138
v 0.529605 1.114913 -0.015138
v 0.525526 1.110834 -0.015138
v 0.522642 1.112028 -0.015138
v 0.528411 1.117797 -0.015138
v 0.528411 1.112028 -0.015138
v 0.537826 1.124643 0.082637
v 0.514976 1.124643 0.088590
v 0.514976 1.105422 0.088590
v 0.514976 1.105422 0.082639
v 0.537826 1.105422 0.082637
v 0.514976 1.124643 0.082639
v 0.383381 1.107377 -0.243729
v 0.386103 1.106250 -0.243729
v 0.388825 1.107377 -0.243729
v 0.409104 1.111856 -0.288569
v 0.408376 1.110099 -0.288569
v 0.408376 1.110099 -0.264518
v 0.409104 1.111856 -0.264518
v 0.410861 1.112584 -0.288569
v 0.410861 1.112584 -0.264518
v 0.412617 1.111856 -0.288569
v 0.412617 1.111856 -0.264518
v 0.413345 1.110099 -0.288569
v 0.413345 1.110099 -0.264518
v 0.407011 1.110099 -0.264494
v 0.408139 1.112821 -0.264494
v 0.410861 1.113949 -0.264494
v 0.413583 1.112821 -0.264494
v 0.414710 1.110099 -0.264494
v 0.413583 1.112821 -0.243729
v 0.414710 1.110099 -0.243729
v 0.407011 1.110099 -0.243729
v 0.408139 1.112821 -0.243729
v 0.410861 1.113949 -0.243729
v 0.412617 1.108343 -0.288569
v 0.413345 1.110099 -0.288569
v 0.413345 1.110099 -0.264518
v 0.412617 1.108343 -0.264518
v 0.410861 1.107615 -0.288569
v 0.410861 1.107615 -0.264518
v 0.409104 1.108343 -0.288569
v 0.409104 1.108343 -0.264518
v 0.408376 1.110099 -0.288569
v 0.408376 1.110099 -0.264518
v 0.414710 1.110099 -0.264494
v 0.413583 1.107377 -0.264494
v 0.410861 1.106250 -0.264494
v 0.408139 1.107377 -0.264494
v 0.407011 1.110099 -0.264494
v 0.408139 1.107377 -0.243729
v 0.407011 1.110099 -0.243729
v 0.408139 1.112821 -0.243729
v 0.414710 1.110099 -0.243729
v 0.413583 1.107377 -0.243729
v 0.410861 1.106250 -0.243729
v 0.413583 1.112821 -0.243729
v 0.410861 1.113949 -0.243729
v 0.384347 1.111856 -0.288569
v 0.383619 1.110099 -0.288569
v 0.383619 1.110099 -0.264518
v 0.384347 1.111856 -0.264518
v 0.386103 1.112584 -0.288569
v 0.386103 1.112584 -0.264518
v 0.387860 1.111856 -0.288569
v 0.387860 1.111856 -0.264518
v 0.388588 1.110099 -0.288569
v 0.388588 1.110099 -0.264518
v 0.382254 1.110099 -0.264494
v 0.383381 1.112821 -0.264494
v 0.386103 1.113949 -0.264494
v 0.388825 1.112821 -0.264494
v 0.389953 1.110099 -0.264494
v 0.388825 1.112821 -0.243729
v 0.389953 1.110099 -0.243729
v 0.382254 1.110099 -0.243729
v 0.383381 1.112821 -0.243729
v 0.386103 1.113949 -0.243729
v 0.387860 1.108343 -0.288569
v 0.388588 1.110099 -0.288569
v 0.388588 1.110099 -0.264518
v 0.387860 1.108343 -0.264518
v 0.386103 1.107615 -0.288569
v 0.386103 1.107615 -0.264518
v 0.384347 1.108343 -0.288569
v 0.384347 1.108343 -0.264518
v 0.383619 1.110099 -0.288569
v 0.383619 1.110099 -0.264518
v 0.389953 1.110099 -0.264494
v 0.388825 1.107377 -0.264494
v 0.386103 1.106250 -0.264494
v 0.383381 1.107377 -0.264494
v 0.382254 1.110099 -0.264494
v 0.383381 1.107377 -0.243729
v 0.382254 1.110099 -0.243729
v 0.383381 1.112821 -0.243729
v 0.389953 1.110099 -0.243729
v 0.388825 1.107377 -0.243729
v 0.386103 1.106250 -0.243729
v 0.388825 1.112821 -0.243729
v 0.386103 1.113949 -0.243729
v 0.401109 1.126382 -0.267094
v 0.402504 1.123013 -0.267094
v 0.402504 1.123013 -0.296538
v 0.401109 1.126382 -0.296538
v 0.397740 1.127777 -0.267094
v 0.397740 1.127777 -0.296538
v 0.394371 1.126382 -0.267094
v 0.394371 1.126382 -0.296538
v 0.392975 1.123013 -0.267094
v 0.392975 1.123013 -0.296538
v 0.400924 1.123013 -0.296543
v 0.399991 1.125264 -0.296543
v 0.397740 1.126197 -0.296543
v 0.395488 1.125264 -0.296543
v 0.394556 1.123013 -0.296543
v 0.395488 1.125264 -0.326410
v 0.394556 1.123013 -0.326410
v 0.400924 1.123013 -0.326410
v 0.399991 1.125264 -0.326410
v 0.397740 1.126197 -0.326410
v 0.394371 1.119644 -0.267094
v 0.392975 1.123013 -0.267094
v 0.392975 1.123013 -0.296538
v 0.394371 1.119644 -0.296538
v 0.397740 1.118248 -0.267094
v 0.397740 1.118248 -0.296538
v 0.401109 1.119644 -0.267094
v 0.401109 1.119644 -0.296538
v 0.402504 1.123013 -0.267094
v 0.402504 1.123013 -0.296538
v 0.394556 1.123013 -0.296543
v 0.395488 1.120761 -0.296543
v 0.397740 1.119828 -0.296543
v 0.399991 1.120761 -0.296543
v 0.400924 1.123013 -0.296543
v 0.399991 1.120761 -0.326410
v 0.400924 1.123013 -0.326410
v 0.394556 1.123013 -0.326410
v 0.395488 1.120761 -0.326410
v 0.397740 1.119828 -0.326410
v 0.402226 1.127499 -0.267110
v 0.404084 1.123013 -0.267110
v 0.401109 1.126382 -0.267094
v 0.397740 1.129357 -0.267110
v 0.397740 1.127777 -0.267094
v 0.393254 1.127499 -0.267110
v 0.394371 1.126382 -0.267094
v 0.391395 1.123013 -0.267110
v 0.393254 1.118526 -0.267110
v 0.391395 1.123013 -0.267110
v 0.394371 1.119644 -0.267094
v 0.397740 1.116668 -0.267110
v 0.397740 1.118248 -0.267094
v 0.402226 1.118526 -0.267110
v 0.401109 1.119644 -0.267094
v 0.404084 1.123013 -0.267110
v 0.402226 1.127499 -0.248994
v 0.404084 1.123013 -0.248994
v 0.402226 1.127499 -0.267110
v 0.397740 1.129357 -0.248994
v 0.397740 1.129357 -0.267110
v 0.393254 1.127499 -0.248994
v 0.393254 1.127499 -0.267110
v 0.391395 1.123013 -0.248994
v 0.402226 1.118526 -0.267110
v 0.404084 1.123013 -0.248994
v 0.402226 1.118526 -0.248994
v 0.397740 1.116668 -0.267110
v 0.397740 1.116668 -0.248994
v 0.393254 1.118526 -0.267110
v 0.393254 1.118526 -0.248994
v 0.391395 1.123013 -0.248994
v 0.397740 1.129357 -0.248994
v 0.402226 1.127499 -0.248994
v 0.393254 1.127499 -0.248994
v 0.400624 1.120128 -0.326392
v 0.401819 1.123013 -0.326392
v 0.399991 1.120761 -0.326410
v 0.397740 1.118933 -0.326392
v 0.397740 1.119828 -0.326410
v 0.394855 1.120128 -0.326392
v 0.395488 1.120761 -0.326410
v 0.393661 1.123013 -0.326392
v 0.399991 1.125264 -0.326410
v 0.401819 1.123013 -0.326392
v 0.400624 1.125897 -0.326392
v 0.397740 1.126197 -0.326410
v 0.397740 1.127092 -0.326392
v 0.395488 1.125264 -0.326410
v 0.394855 1.125897 -0.326392
v 0.393661 1.123013 -0.326392
v 0.400624 1.120128 -0.347378
v 0.401819 1.123013 -0.347378
v 0.400624 1.120128 -0.326392
v 0.397740 1.118933 -0.347378
v 0.397740 1.118933 -0.326392
v 0.394855 1.120128 -0.347378
v 0.394855 1.120128 -0.326392
v 0.393661 1.123013 -0.347378
v 0.400624 1.125897 -0.326392
v 0.401819 1.123013 -0.347378
v 0.400624 1.125897 -0.347378
v 0.397740 1.127092 -0.326392
v 0.397740 1.127092 -0.347378
v 0.394855 1.125897 -0.326392
v 0.394855 1.125897 -0.347378
v 0.393661 1.123013 -0.347378
v 0.403204 1.128458 -0.277238
v 0.404234 1.127223 -0.277238
v 0.404234 1.127223 -0.295633
v 0.403204 1.128458 -0.295633
v 0.401604 1.128603 -0.277238
v 0.401604 1.128603 -0.295633
v 0.400369 1.127573 -0.277238
v 0.400369 1.127573 -0.295633
v 0.400224 1.125973 -0.277238
v 0.400224 1.125973 -0.295633
v 0.404372 1.132089 -0.319508
v 0.403644 1.130332 -0.319508
v 0.403644 1.130332 -0.298206
v 0.404372 1.132089 -0.298206
v 0.406128 1.132816 -0.319508
v 0.406128 1.132816 -0.298206
v 0.407885 1.132089 -0.319508
v 0.407885 1.132089 -0.298206
v 0.408613 1.130332 -0.319508
v 0.408613 1.130332 -0.298206
v 0.402279 1.130332 -0.298182
v 0.403406 1.133054 -0.298182
v 0.406128 1.134182 -0.298182
v 0.408851 1.133054 -0.298182
v 0.409978 1.130332 -0.298182
v 0.408851 1.133054 -0.283195
v 0.409978 1.130332 -0.283195
v 0.402279 1.130332 -0.283195
v 0.403406 1.133054 -0.283195
v 0.406128 1.134182 -0.283195
v 0.407885 1.128575 -0.319508
v 0.408613 1.130332 -0.319508
v 0.408613 1.130332 -0.298206
v 0.407885 1.128575 -0.298206
v 0.406128 1.127848 -0.319508
v 0.406128 1.127848 -0.298206
v 0.404372 1.128575 -0.319508
v 0.404372 1.128575 -0.298206
v 0.403644 1.130332 -0.319508
v 0.403644 1.130332 -0.298206
v 0.409978 1.130332 -0.298182
v 0.408851 1.127610 -0.298182
v 0.406128 1.126482 -0.298182
v 0.403406 1.127610 -0.298182
v 0.402279 1.130332 -0.298182
v 0.403406 1.127610 -0.283195
v 0.402279 1.130332 -0.283195
v 0.403406 1.133054 -0.283195
v 0.409978 1.130332 -0.283195
v 0.408851 1.127610 -0.283195
v 0.406128 1.126482 -0.283195
v 0.408851 1.133054 -0.283195
v 0.406128 1.134182 -0.283195
v 0.408376 1.110099 -0.288569
v 0.409104 1.111856 -0.288569
v 0.410861 1.112584 -0.288569
v 0.413345 1.110099 -0.288569
v 0.410861 1.107615 -0.288569
v 0.409104 1.108343 -0.288569
v 0.412617 1.111856 -0.288569
v 0.412617 1.108343 -0.288569
v 0.383619 1.110099 -0.288569
v 0.384347 1.111856 -0.288569
v 0.386103 1.112584 -0.288569
v 0.388588 1.110099 -0.288569
v 0.386103 1.107615 -0.288569
v 0.384347 1.108343 -0.288569
v 0.387860 1.111856 -0.288569
v 0.387860 1.108343 -0.288569
v 0.393661 1.123013 -0.347378
v 0.394855 1.125897 -0.347378
v 0.397740 1.127092 -0.347378
v 0.401819 1.123013 -0.347378
v 0.397740 1.118933 -0.347378
v 0.394855 1.120128 -0.347378
v 0.400624 1.125897 -0.347378
v 0.400624 1.120128 -0.347378
v 0.400224 1.125973 -0.295633
v 0.400369 1.127573 -0.295633
v 0.401604 1.128603 -0.295633
v 0.404234 1.127223 -0.295633
v 0.402855 1.124593 -0.295633
v 0.401254 1.124738 -0.295633
v 0.401254 1.124738 -0.277238
v 0.400224 1.125973 -0.277238
v 0.400369 1.127573 -0.277238
v 0.403204 1.128458 -0.295633
v 0.403204 1.128458 -0.277238
v 0.401604 1.128603 -0.277238
v 0.404089 1.125623 -0.277238
v 0.404234 1.127223 -0.277238
v 0.404089 1.125623 -0.295633
v 0.402855 1.124593 -0.277238
v 0.403644 1.130332 -0.319508
v 0.404372 1.132089 -0.319508
v 0.406128 1.132816 -0.319508
v 0.408613 1.130332 -0.319508
v 0.406128 1.127848 -0.319508
v 0.404372 1.128575 -0.319508
v 0.407885 1.132089 -0.319508
v 0.407885 1.128575 -0.319508
v 0.283129 1.124643 0.082281
v 0.260279 1.124643 0.082279
v 0.283129 1.124643 0.088233
v 0.261410 1.119598 0.048736
v 0.264132 1.118470 0.048736
v 0.266854 1.119598 0.048736
v 0.262375 1.124076 0.012424
v 0.261647 1.122320 0.012424
v 0.261647 1.122320 0.033726
v 0.262375 1.124076 0.033726
v 0.264132 1.124804 0.012424
v 0.264132 1.124804 0.033726
v 0.265889 1.124076 0.012424
v 0.265889 1.124076 0.033726
v 0.266616 1.122320 0.012424
v 0.266616 1.122320 0.033726
v 0.260282 1.122320 0.033750
v 0.261410 1.125042 0.033750
v 0.264132 1.126169 0.033750
v 0.266854 1.125042 0.033750
v 0.267981 1.122320 0.033750
v 0.266854 1.125042 0.048736
v 0.267981 1.122320 0.048736
v 0.260282 1.122320 0.048736
v 0.261410 1.125042 0.048736
v 0.264132 1.126169 0.048736
v 0.265889 1.120563 0.012424
v 0.266616 1.122320 0.012424
v 0.266616 1.122320 0.033726
v 0.265889 1.120563 0.033726
v 0.264132 1.119835 0.012424
v 0.264132 1.119835 0.033726
v 0.262375 1.120563 0.012424
v 0.262375 1.120563 0.033726
v 0.261647 1.122320 0.012424
v 0.261647 1.122320 0.033726
v 0.267981 1.122320 0.033750
v 0.266854 1.119598 0.033750
v 0.264132 1.118470 0.033750
v 0.261410 1.119598 0.033750
v 0.260282 1.122320 0.033750
v 0.261410 1.119598 0.048736
v 0.260282 1.122320 0.048736
v 0.261410 1.125042 0.048736
v 0.267981 1.122320 0.048736
v 0.266854 1.119598 0.048736
v 0.264132 1.118470 0.048736
v 0.266854 1.125042 0.048736
v 0.264132 1.126169 0.048736
v 0.267056 1.120446 0.036298
v 0.266026 1.119211 0.036298
v 0.266026 1.119211 0.054693
v 0.267056 1.120446 0.054693
v 0.268657 1.120590 0.036298
v 0.268657 1.120590 0.054693
v 0.269891 1.119561 0.036298
v 0.269891 1.119561 0.054693
v 0.270036 1.117960 0.036298
v 0.270036 1.117960 0.054693
v 0.275948 1.118282 0.064788
v 0.277344 1.114913 0.064788
v 0.277344 1.114913 0.035344
v 0.275948 1.118282 0.035344
v 0.272579 1.119677 0.064788
v 0.272579 1.119677 0.035344
v 0.269210 1.118282 0.064788
v 0.269210 1.118282 0.035344
v 0.267815 1.114913 0.064788
v 0.267815 1.114913 0.035344
v 0.275763 1.114913 0.035340
v 0.274831 1.117164 0.035340
v 0.272579 1.118097 0.035340
v 0.270327 1.117164 0.035340
v 0.269395 1.114913 0.035340
v 0.270327 1.117164 0.005472
v 0.269395 1.114913 0.005472
v 0.275763 1.114913 0.005472
v 0.274831 1.117164 0.005472
v 0.272579 1.118097 0.005472
v 0.269210 1.111544 0.064788
v 0.267815 1.114913 0.064788
v 0.267815 1.114913 0.035344
v 0.269210 1.111544 0.035344
v 0.272579 1.110148 0.064788
v 0.272579 1.110148 0.035344
v 0.275948 1.111544 0.064788
v 0.275948 1.111544 0.035344
v 0.277344 1.114913 0.064788
v 0.277344 1.114913 0.035344
v 0.269395 1.114913 0.035340
v 0.270327 1.112661 0.035340
v 0.272579 1.111729 0.035340
v 0.274831 1.112661 0.035340
v 0.275763 1.114913 0.035340
v 0.274831 1.112661 0.005472
v 0.275763 1.114913 0.005472
v 0.269395 1.114913 0.005472
v 0.270327 1.112661 0.005472
v 0.272579 1.111729 0.005472
v 0.269210 1.118282 0.064788
v 0.266235 1.114913 0.064773
v 0.268093 1.119399 0.064773
v 0.272579 1.119677 0.064788
v 0.272579 1.121257 0.064773
v 0.275948 1.118282 0.064788
v 0.277065 1.119399 0.064773
v 0.278924 1.114913 0.064773
v 0.275948 1.111544 0.064788
v 0.278924 1.114913 0.064773
v 0.277065 1.110427 0.064773
v 0.272579 1.110148 0.064788
v 0.272579 1.108568 0.064773
v 0.269210 1.111544 0.064788
v 0.268093 1.110427 0.064773
v 0.266235 1.114913 0.064773
v 0.268093 1.119399 0.064773
v 0.266235 1.114913 0.082888
v 0.268093 1.119399 0.082888
v 0.272579 1.121257 0.064773
v 0.272579 1.121257 0.082888
v 0.277065 1.119399 0.064773
v 0.277065 1.119399 0.082888
v 0.278924 1.114913 0.082888
v 0.277065 1.110427 0.064773
v 0.278924 1.114913 0.082888
v 0.277065 1.110427 0.082888
v 0.272579 1.108568 0.064773
v 0.272579 1.108568 0.082888
v 0.268093 1.110427 0.064773
v 0.268093 1.110427 0.082888
v 0.266235 1.114913 0.082888
v 0.277065 1.119399 0.082888
v 0.272579 1.121257 0.082888
v 0.268093 1.119399 0.082888
v 0.270327 1.112661 0.005472
v 0.268500 1.114913 0.005491
v 0.269695 1.112028 0.005491
v 0.272579 1.111729 0.005472
v 0.272579 1.110834 0.005491
v 0.274831 1.112661 0.005472
v 0.275464 1.112028 0.005491
v 0.276658 1.114913 0.005491
v 0.269695 1.117797 0.005491
v 0.268500 1.114913 0.005491
v 0.270327 1.117164 0.005472
v 0.272579 1.118992 0.005491
v 0.272579 1.118097 0.005472
v 0.275464 1.117797 0.005491
v 0.274831 1.117164 0.005472
v 0.276658 1.114913 0.005491
v 0.269695 1.112028 0.005491
v 0.268500 1.114913 -0.015495
v 0.269695 1.112028 -0.015495
v 0.272579 1.110834 0.005491
v 0.272579 1.110834 -0.015495
v 0.275464 1.112028 0.005491
v 0.275464 1.112028 -0.015495
v 0.276658 1.114913 -0.015495
v 0.269695 1.117797 -0.015495
v 0.268500 1.114913 -0.015495
v 0.269695 1.117797 0.005491
v 0.272579 1.118992 -0.015495
v 0.272579 1.118992 0.005491
v 0.275464 1.117797 -0.015495
v 0.275464 1.117797 0.005491
v 0.276658 1.114913 -0.015495
v 0.261647 1.122320 0.012424
v 0.262375 1.124076 0.012424
v 0.264132 1.124804 0.012424
v 0.265889 1.124076 0.012424
v 0.266616 1.122320 0.012424
v 0.265889 1.120563 0.012424
v 0.264132 1.119835 0.012424
v 0.262375 1.120563 0.012424
v 0.266026 1.119211 0.036298
v 0.267056 1.120446 0.036298
v 0.268657 1.120590 0.036298
v 0.269891 1.119561 0.036298
v 0.270036 1.117960 0.036298
v 0.269007 1.116726 0.036298
v 0.267406 1.116581 0.036298
v 0.266171 1.117610 0.036298
v 0.266171 1.117610 0.054693
v 0.266026 1.119211 0.054693
v 0.267056 1.120446 0.054693
v 0.268657 1.120590 0.054693
v 0.270036 1.117960 0.054693
v 0.269007 1.116726 0.054693
v 0.267406 1.116581 0.054693
v 0.269891 1.119561 0.054693
v 0.268500 1.114913 -0.015495
v 0.269695 1.117797 -0.015495
v 0.272579 1.118992 -0.015495
v 0.275464 1.117797 -0.015495
v 0.276658 1.114913 -0.015495
v 0.275464 1.112028 -0.015495
v 0.272579 1.110834 -0.015495
v 0.269695 1.112028 -0.015495
v 0.283129 1.124643 0.088233
v 0.260279 1.124643 0.082279
v 0.260279 1.105422 0.082279
v 0.283129 1.105422 0.082281
v 0.283129 1.105422 0.088233
v 0.283129 1.124643 0.082281
v 0.580824 0.904847 -0.059221
v 0.618780 0.904987 -0.059221
v 0.598883 0.927008 -0.059221
v 0.580824 0.904847 -0.132578
v 0.598883 0.927008 -0.132578
v 0.618780 0.904987 -0.132578
v 0.315170 1.061998 -0.142429
v 0.315000 1.124232 -0.142309
v 0.315080 1.104245 -0.142358
v 0.218059 0.904847 -0.059221
v 0.200001 0.927008 -0.059221
v 0.180104 0.904987 -0.059221
v 0.218059 0.904847 -0.132578
v 0.180104 0.904987 -0.132578
v 0.200001 0.927008 -0.132578
v 0.483357 1.125743 -0.105030
v 0.483357 1.143067 -0.122355
v 0.494300 1.125743 -0.105030
v 0.483357 1.128103 -0.102669
v 0.494300 1.128103 -0.102669
v 0.483357 1.145428 -0.119994
v 0.483357 1.128107 -0.080653
v 0.483357 1.145432 -0.063328
v 0.494300 1.128107 -0.080653
v 0.483357 1.125746 -0.078292
v 0.494300 1.125746 -0.078292
v 0.483357 1.143071 -0.060967
v 0.315527 1.128107 -0.080653
v 0.304584 1.128107 -0.080653
v 0.315527 1.145432 -0.063328
v 0.315527 1.125746 -0.078292
v 0.315527 1.143071 -0.060967
v 0.304584 1.125746 -0.078292
v 0.315527 1.125743 -0.105030
v 0.304584 1.125743 -0.105030
v 0.315527 1.143067 -0.122355
v 0.315527 1.128103 -0.102669
v 0.315527 1.145428 -0.119994
v 0.304584 1.128103 -0.102669
v 0.546309 0.868145 -0.136638
v 0.546309 0.873519 -0.134407
v 0.546309 0.875462 -0.129895
v 0.546309 0.868145 -0.057130
v 0.546309 0.826102 -0.136638
v 0.546309 0.826102 -0.057130
v 0.546300 0.808783 -0.136641
v 0.546300 0.808783 -0.057130
v 0.546309 0.875462 -0.063352
v 0.546309 0.872708 -0.058968
v 0.625389 0.905839 -0.107867
v 0.625389 0.905839 -0.142429
v 0.571918 0.964983 -0.142429
v 0.571918 0.964983 -0.107867
v 0.625389 0.905839 -0.050090
v 0.483714 1.061998 -0.050090
v 0.533598 1.007089 -0.107867
v 0.483714 1.061998 -0.107867
v 0.483714 1.061998 -0.142429
v 0.533598 1.007089 -0.142429
v 0.566087 0.965247 -0.142430
v 0.566087 0.965247 -0.115359
v 0.533764 1.000806 -0.115359
v 0.533763 1.000806 -0.142430
v 0.616045 0.905838 -0.107867
v 0.616045 0.905838 -0.050090
v 0.475819 1.059915 -0.050090
v 0.569597 0.957113 -0.107867
v 0.569597 0.957113 -0.142429
v 0.616045 0.905838 -0.142429
v 0.525664 1.005332 -0.107867
v 0.525335 0.998612 -0.115359
v 0.562758 0.957410 -0.115359
v 0.562758 0.957410 -0.142429
v 0.525335 0.998612 -0.142429
v 0.525664 1.005332 -0.142429
v 0.475819 1.059915 -0.107867
v 0.475819 1.059915 -0.142429
v 0.468990 1.062021 -0.107867
v 0.468990 1.062021 -0.142429
v 0.468990 1.062021 -0.050090
v 0.468964 1.164577 -0.102053
v 0.468964 1.164600 -0.082040
v 0.483884 1.164600 -0.082040
v 0.483884 1.164577 -0.102053
v 0.468964 1.156898 -0.120535
v 0.483884 1.156898 -0.120535
v 0.468964 1.142730 -0.134671
v 0.483884 1.142730 -0.134671
v 0.468964 1.124232 -0.142309
v 0.483884 1.124232 -0.142309
v 0.468982 1.104256 -0.142358
v 0.483804 1.104244 -0.142358
v 0.483714 1.061998 -0.142429
v 0.468990 1.062021 -0.142429
v 0.475819 1.059915 -0.142429
v 0.525664 1.005332 -0.142429
v 0.533598 1.007089 -0.142429
v 0.533763 1.000806 -0.142430
v 0.525335 0.998612 -0.142429
v 0.566087 0.965247 -0.142430
v 0.569597 0.957113 -0.142429
v 0.562758 0.957410 -0.142429
v 0.571918 0.964983 -0.142429
v 0.616045 0.905838 -0.142429
v 0.625389 0.905839 -0.142429
v 0.625391 0.866670 -0.142429
v 0.616046 0.896976 -0.142429
v 0.553349 0.896973 -0.142429
v 0.553348 0.905836 -0.142429
v 0.544487 0.896972 -0.142429
v 0.546550 0.902995 -0.142429
v 0.616047 0.866669 -0.142429
v 0.614704 0.865743 -0.137714
v 0.614703 0.894743 -0.137714
v 0.554710 0.894740 -0.137714
v 0.553352 0.791351 -0.142429
v 0.544490 0.791350 -0.142429
v 0.625392 0.824683 -0.142429
v 0.616047 0.824682 -0.142429
v 0.614705 0.825565 -0.137714
v 0.596291 0.865742 -0.137714
v 0.573722 0.865741 -0.137714
v 0.554711 0.865740 -0.137714
v 0.625392 0.791355 -0.142429
v 0.616048 0.791354 -0.142429
v 0.614706 0.793674 -0.137714
v 0.596292 0.825564 -0.137714
v 0.595336 0.827265 -0.143963
v 0.595336 0.864041 -0.143963
v 0.623343 0.785429 -0.142429
v 0.616049 0.782492 -0.142429
v 0.554712 0.793671 -0.137714
v 0.573723 0.825563 -0.137714
v 0.574678 0.827264 -0.143963
v 0.574678 0.864040 -0.143963
v 0.553353 0.782489 -0.142429
v 0.546541 0.785425 -0.142429
v 0.554711 0.825562 -0.137714
v 0.616045 0.905838 -0.050090
v 0.625389 0.905839 -0.050090
v 0.483714 1.061998 -0.050090
v 0.475819 1.059915 -0.050090
v 0.468990 1.062021 -0.050090
v 0.483804 1.085739 -0.049948
v 0.468982 1.085751 -0.049948
v 0.468964 1.104331 -0.041672
v 0.483884 1.104331 -0.041672
v 0.468964 1.124344 -0.041695
v 0.483884 1.124344 -0.041695
v 0.468964 1.142826 -0.049374
v 0.483884 1.142826 -0.049374
v 0.468964 1.156961 -0.063542
v 0.483884 1.156961 -0.063542
v 0.468964 1.164600 -0.082040
v 0.483884 1.164600 -0.082040
v 0.616049 0.784428 -0.083358
v 0.616049 0.784427 -0.053060
v 0.553353 0.784425 -0.053060
v 0.553353 0.784425 -0.083358
v 0.616045 0.905838 -0.107867
v 0.616045 0.905838 -0.142429
v 0.553348 0.905836 -0.142429
v 0.616045 0.905838 -0.050090
v 0.553348 0.905836 -0.050090
v 0.546550 0.902995 -0.142429
v 0.546550 0.902995 -0.050090
v 0.623343 0.785429 -0.107867
v 0.623343 0.785429 -0.050091
v 0.616049 0.782492 -0.050091
v 0.616049 0.782492 -0.083367
v 0.623343 0.785429 -0.142429
v 0.616049 0.782492 -0.142429
v 0.553353 0.782489 -0.083367
v 0.553353 0.782489 -0.142429
v 0.546541 0.785425 -0.142429
v 0.546541 0.785425 -0.050091
v 0.553353 0.782489 -0.050091
v 0.620960 0.866670 -0.142429
v 0.620959 0.883928 -0.107838
v 0.620960 0.807476 -0.107895
v 0.620960 0.824682 -0.142429
v 0.625392 0.791355 -0.050091
v 0.616048 0.791354 -0.050091
v 0.616049 0.782492 -0.050091
v 0.623343 0.785429 -0.050091
v 0.553353 0.784425 -0.053060
v 0.616049 0.784427 -0.053060
v 0.616048 0.791381 -0.053060
v 0.553352 0.791378 -0.053060
v 0.553352 0.791351 -0.050091
v 0.553353 0.782489 -0.050091
v 0.546541 0.785425 -0.050091
v 0.544490 0.791350 -0.050091
v 0.553351 0.833538 -0.050091
v 0.553350 0.853761 -0.050091
v 0.553349 0.896973 -0.050090
v 0.544487 0.896972 -0.050090
v 0.546550 0.902995 -0.050090
v 0.553348 0.905836 -0.050090
v 0.616046 0.896976 -0.050090
v 0.616045 0.905838 -0.050090
v 0.625389 0.905839 -0.050090
v 0.625389 0.896910 -0.050035
v 0.544487 0.896972 -0.050090
v 0.546550 0.902995 -0.050090
v 0.546550 0.902995 -0.142429
v 0.544487 0.896972 -0.142429
v 0.544490 0.791350 -0.142429
v 0.544490 0.791350 -0.050091
v 0.546541 0.785425 -0.142429
v 0.546541 0.785425 -0.050091
v 0.625392 0.824683 -0.142429
v 0.625392 0.807476 -0.107895
v 0.625392 0.791355 -0.107867
v 0.625392 0.791355 -0.142429
v 0.623343 0.785429 -0.107867
v 0.623343 0.785429 -0.142429
v 0.623343 0.785429 -0.050091
v 0.625392 0.791355 -0.050091
v 0.616049 0.782492 -0.050091
v 0.616048 0.791354 -0.050091
v 0.616048 0.791381 -0.053060
v 0.616049 0.784427 -0.053060
v 0.553353 0.782489 -0.050091
v 0.553353 0.782489 -0.083367
v 0.553353 0.784425 -0.083358
v 0.553353 0.784425 -0.053060
v 0.616049 0.782492 -0.083367
v 0.616049 0.784428 -0.083358
v 0.553353 0.782489 -0.083367
v 0.553353 0.784425 -0.083358
v 0.553351 0.833538 -0.050091
v 0.553352 0.791351 -0.050091
v 0.553352 0.791353 -0.107804
v 0.553350 0.853761 -0.050091
v 0.553347 0.896975 -0.107804
v 0.553349 0.896973 -0.050090
v 0.625392 0.791355 -0.107867
v 0.553352 0.791353 -0.107804
v 0.553352 0.791378 -0.053060
v 0.616048 0.791381 -0.053060
v 0.616048 0.791354 -0.050091
v 0.625392 0.791355 -0.050091
v 0.620959 0.883928 -0.107838
v 0.620960 0.866670 -0.142429
v 0.625391 0.866670 -0.142429
v 0.625391 0.883928 -0.107838
v 0.625390 0.896977 -0.107867
v 0.553352 0.791353 -0.107804
v 0.620960 0.807476 -0.107895
v 0.625392 0.807476 -0.107895
v 0.620960 0.824682 -0.142429
v 0.625392 0.824683 -0.142429
v 0.553347 0.896975 -0.107804
v 0.625392 0.791355 -0.107867
v 0.625391 0.866670 -0.142429
v 0.620960 0.866670 -0.142429
v 0.620959 0.883985 -0.107673
v 0.625391 0.883985 -0.107673
v 0.620960 0.824682 -0.142429
v 0.625392 0.824683 -0.142429
v 0.625391 0.807368 -0.107673
v 0.620960 0.807367 -0.107673
v 0.625391 0.883985 -0.107673
v 0.620959 0.883985 -0.107673
v 0.620959 0.853763 -0.083937
v 0.625391 0.853763 -0.083937
v 0.620960 0.807367 -0.107673
v 0.625391 0.807368 -0.107673
v 0.625391 0.835412 -0.083937
v 0.620960 0.835412 -0.083937
v 0.625391 0.866670 -0.142429
v 0.625391 0.883985 -0.107673
v 0.625391 0.807368 -0.107673
v 0.625391 0.853763 -0.083937
v 0.625391 0.835412 -0.083937
v 0.625391 0.853763 -0.050087
v 0.625391 0.835412 -0.050087
v 0.553563 0.853762 -0.083937
v 0.553564 0.835410 -0.083937
v 0.553564 0.835410 -0.050087
v 0.553563 0.853762 -0.050087
v 0.620960 0.866670 -0.142429
v 0.620960 0.824682 -0.142429
v 0.620960 0.807367 -0.107673
v 0.620959 0.883985 -0.107673
v 0.620960 0.835412 -0.083937
v 0.620959 0.853763 -0.083937
v 0.553564 0.835410 -0.083937
v 0.553563 0.853762 -0.083937
v 0.625391 0.835412 -0.050087
v 0.625391 0.853763 -0.050087
v 0.553563 0.853762 -0.050087
v 0.553564 0.835410 -0.050087
v 0.580824 0.904847 -0.059221
v 0.580824 0.904847 -0.132578
v 0.618780 0.904987 -0.132578
v 0.618780 0.904987 -0.059221
v 0.618780 0.904987 -0.059221
v 0.618780 0.904987 -0.132578
v 0.598883 0.927008 -0.132578
v 0.598883 0.927008 -0.059221
v 0.598883 0.927008 -0.059221
v 0.598883 0.927008 -0.132578
v 0.580824 0.904847 -0.132578
v 0.580824 0.904847 -0.059221
v 0.252584 0.808783 -0.136641
v 0.252584 0.808783 -0.057130
v 0.252574 0.826102 -0.057130
v 0.252574 0.826102 -0.136638
v 0.252574 0.868145 -0.057130
v 0.252574 0.868145 -0.136638
v 0.252574 0.875462 -0.129895
v 0.252574 0.873519 -0.134407
v 0.252574 0.875462 -0.063352
v 0.252574 0.872708 -0.058968
v 0.315170 1.061998 -0.050090
v 0.173495 0.905839 -0.050090
v 0.182839 0.905838 -0.050090
v 0.323065 1.059915 -0.050090
v 0.329894 1.062021 -0.050090
v 0.315080 1.085739 -0.049948
v 0.329902 1.085751 -0.049948
v 0.329920 1.104331 -0.041672
v 0.315000 1.104331 -0.041672
v 0.329920 1.124344 -0.041695
v 0.315000 1.124344 -0.041695
v 0.329920 1.142826 -0.049374
v 0.315000 1.142826 -0.049374
v 0.329920 1.156961 -0.063542
v 0.315000 1.156961 -0.063542
v 0.329920 1.164600 -0.082040
v 0.315000 1.164600 -0.082040
v 0.226966 0.964983 -0.142429
v 0.173495 0.905839 -0.142429
v 0.173495 0.905839 -0.107867
v 0.226966 0.964983 -0.107867
v 0.232796 0.965247 -0.142430
v 0.232796 0.965247 -0.115359
v 0.265120 1.000806 -0.142430
v 0.265120 1.000806 -0.115359
v 0.265286 1.007089 -0.142429
v 0.173495 0.905839 -0.050090
v 0.315170 1.061998 -0.050090
v 0.265286 1.007089 -0.107867
v 0.315170 1.061998 -0.142429
v 0.315170 1.061998 -0.107867
v 0.323065 1.059915 -0.050090
v 0.182839 0.905838 -0.050090
v 0.182839 0.905838 -0.107867
v 0.229287 0.957113 -0.107867
v 0.273220 1.005332 -0.107867
v 0.323065 1.059915 -0.107867
v 0.329894 1.062021 -0.050090
v 0.329894 1.062021 -0.107867
v 0.323065 1.059915 -0.142429
v 0.329894 1.062021 -0.142429
v 0.229287 0.957113 -0.142429
v 0.236126 0.957410 -0.115359
v 0.273549 0.998612 -0.115359
v 0.273549 0.998612 -0.142429
v 0.273220 1.005332 -0.142429
v 0.182839 0.905838 -0.142429
v 0.236126 0.957410 -0.142429
v 0.315000 1.164600 -0.082040
v 0.329920 1.164600 -0.082040
v 0.329920 1.164577 -0.102054
v 0.315000 1.164577 -0.102053
v 0.329920 1.156898 -0.120535
v 0.315000 1.156898 -0.120535
v 0.329920 1.142730 -0.134671
v 0.315000 1.142730 -0.134671
v 0.329920 1.124232 -0.142309
v 0.315000 1.124232 -0.142309
v 0.329902 1.104256 -0.142358
v 0.315080 1.104245 -0.142358
v 0.315170 1.061998 -0.142429
v 0.329894 1.062021 -0.142429
v 0.323065 1.059915 -0.142429
v 0.273220 1.005332 -0.142429
v 0.265286 1.007089 -0.142429
v 0.265120 1.000806 -0.142430
v 0.273549 0.998612 -0.142429
v 0.232796 0.965247 -0.142430
v 0.229287 0.957113 -0.142429
v 0.226966 0.964983 -0.142429
v 0.182839 0.905838 -0.142429
v 0.173495 0.905839 -0.142429
v 0.173493 0.866670 -0.142429
v 0.236126 0.957410 -0.142429
v 0.182835 0.784428 -0.083358
v 0.245531 0.784425 -0.083358
v 0.245531 0.784425 -0.053060
v 0.182835 0.784427 -0.053060
v 0.245535 0.905836 -0.142429
v 0.182839 0.905838 -0.142429
v 0.182839 0.905838 -0.107867
v 0.182839 0.905838 -0.050090
v 0.245535 0.905836 -0.050090
v 0.252334 0.902995 -0.142429
v 0.252334 0.902995 -0.050090
v 0.182835 0.782492 -0.050091
v 0.175541 0.785429 -0.050091
v 0.175541 0.785429 -0.107867
v 0.182835 0.782492 -0.083367
v 0.175541 0.785429 -0.142429
v 0.182835 0.782492 -0.142429
v 0.245531 0.782489 -0.083367
v 0.245531 0.782489 -0.142429
v 0.252343 0.785425 -0.142429
v 0.252343 0.785425 -0.050091
v 0.245531 0.782489 -0.050091
v 0.177924 0.866670 -0.142429
v 0.177923 0.824682 -0.142429
v 0.177923 0.807476 -0.107895
v 0.177924 0.883928 -0.107838
v 0.173491 0.791355 -0.050091
v 0.175541 0.785429 -0.050091
v 0.182835 0.782492 -0.050091
v 0.182836 0.791354 -0.050091
v 0.182836 0.791381 -0.053060
v 0.182835 0.784427 -0.053060
v 0.245531 0.784425 -0.053060
v 0.245532 0.791378 -0.053060
v 0.245532 0.791351 -0.050091
v 0.245531 0.782489 -0.050091
v 0.252343 0.785425 -0.050091
v 0.254394 0.791350 -0.050091
v 0.245533 0.833538 -0.050091
v 0.245534 0.853761 -0.050091
v 0.245535 0.896973 -0.050090
v 0.245531 0.784425 -0.083358
v 0.245531 0.782489 -0.083367
v 0.182835 0.784428 -0.083358
v 0.182835 0.782492 -0.083367
v 0.254397 0.896972 -0.050090
v 0.252334 0.902995 -0.050090
v 0.245535 0.905836 -0.050090
v 0.182838 0.896976 -0.050090
v 0.182839 0.905838 -0.050090
v 0.173495 0.905839 -0.050090
v 0.173495 0.896910 -0.050035
v 0.252334 0.902995 -0.142429
v 0.252334 0.902995 -0.050090
v 0.254397 0.896972 -0.050090
v 0.254397 0.896972 -0.142429
v 0.254394 0.791350 -0.142429
v 0.254394 0.791350 -0.050091
v 0.252343 0.785425 -0.142429
v 0.252343 0.785425 -0.050091
v 0.173491 0.791355 -0.107867
v 0.173492 0.807476 -0.107895
v 0.173492 0.824683 -0.142429
v 0.173491 0.791355 -0.142429
v 0.175541 0.785429 -0.107867
v 0.175541 0.785429 -0.050091
v 0.173491 0.791355 -0.050091
v 0.175541 0.785429 -0.142429
v 0.245534 0.853761 -0.050091
v 0.245535 0.896973 -0.050090
v 0.245537 0.896975 -0.107804
v 0.245532 0.791353 -0.107804
v 0.245533 0.833538 -0.050091
v 0.245532 0.791351 -0.050091
v 0.173491 0.791355 -0.107867
v 0.173491 0.791355 -0.050091
v 0.182836 0.791354 -0.050091
v 0.182836 0.791381 -0.053060
v 0.245532 0.791378 -0.053060
v 0.245532 0.791353 -0.107804
v 0.173493 0.866670 -0.142429
v 0.177924 0.866670 -0.142429
v 0.177924 0.883928 -0.107838
v 0.173493 0.883928 -0.107838
v 0.173494 0.896977 -0.107867
v 0.245532 0.791353 -0.107804
v 0.245537 0.896975 -0.107804
v 0.177923 0.807476 -0.107895
v 0.173492 0.807476 -0.107895
v 0.173491 0.791355 -0.107867
v 0.177923 0.824682 -0.142429
v 0.173492 0.824683 -0.142429
v 0.173493 0.866670 -0.142429
v 0.173493 0.883985 -0.107673
v 0.177924 0.883985 -0.107673
v 0.177924 0.866670 -0.142429
v 0.177923 0.824682 -0.142429
v 0.177924 0.807367 -0.107673
v 0.173492 0.807368 -0.107673
v 0.173492 0.824683 -0.142429
v 0.173493 0.883985 -0.107673
v 0.173493 0.866670 -0.142429
v 0.173492 0.807368 -0.107673
v 0.173493 0.853763 -0.083937
v 0.173492 0.835412 -0.083937
v 0.173493 0.853763 -0.050087
v 0.173492 0.835412 -0.050087
v 0.245321 0.853762 -0.083937
v 0.245321 0.853762 -0.050087
v 0.245320 0.835410 -0.050087
v 0.245320 0.835410 -0.083937
v 0.177924 0.807367 -0.107673
v 0.177923 0.824682 -0.142429
v 0.177924 0.866670 -0.142429
v 0.177924 0.883985 -0.107673
v 0.177924 0.835412 -0.083937
v 0.177924 0.853763 -0.083937
v 0.245320 0.835410 -0.083937
v 0.245321 0.853762 -0.083937
v 0.173492 0.835412 -0.050087
v 0.245320 0.835410 -0.050087
v 0.245321 0.853762 -0.050087
v 0.173493 0.853763 -0.050087
v 0.173493 0.883928 -0.107838
v 0.173494 0.896977 -0.107867
v 0.173495 0.905839 -0.142429
v 0.173495 0.905839 -0.107867
v 0.173495 0.905839 -0.050090
v 0.173495 0.896910 -0.050035
v 0.245537 0.896975 -0.107804
v 0.245535 0.896973 -0.050090
v 0.182838 0.896976 -0.050090
v 0.173495 0.896910 -0.050035
v 0.173494 0.896977 -0.107867
v 0.218059 0.904847 -0.059221
v 0.180104 0.904987 -0.059221
v 0.180104 0.904987 -0.132578
v 0.218059 0.904847 -0.132578
v 0.180104 0.904987 -0.059221
v 0.200001 0.927008 -0.059221
v 0.200001 0.927008 -0.132578
v 0.180104 0.904987 -0.132578
v 0.314715 1.061218 -0.106642
v 0.281445 1.024170 -0.106642
v 0.281445 1.063711 -0.106642
v 0.314715 1.063730 -0.106642
v 0.304819 1.096726 -0.106642
v 0.314715 1.096726 -0.106642
v 0.304819 1.108547 -0.106642
v 0.314715 1.108547 -0.106642
v 0.314715 1.063730 -0.090061
v 0.314715 1.096726 -0.090061
v 0.304819 1.096726 -0.090061
v 0.281445 1.063711 -0.090061
v 0.314715 1.061218 -0.090061
v 0.281445 1.024171 -0.090061
v 0.314715 1.096726 -0.090061
v 0.314715 1.108547 -0.090061
v 0.304819 1.108547 -0.090061
v 0.304819 1.096726 -0.090061
v 0.281445 1.024171 -0.090061
v 0.281445 1.024170 -0.106642
v 0.314715 1.061218 -0.106642
v 0.314715 1.061218 -0.090061
v 0.314715 1.063730 -0.106642
v 0.314715 1.063730 -0.090061
v 0.314715 1.096726 -0.106642
v 0.314715 1.096726 -0.090061
v 0.314715 1.108547 -0.106642
v 0.314715 1.108547 -0.090061
v 0.281445 1.024170 -0.106642
v 0.281445 1.024171 -0.090061
v 0.281445 1.063711 -0.090061
v 0.281445 1.063711 -0.106642
v 0.304819 1.096726 -0.090061
v 0.304819 1.096726 -0.106642
v 0.304819 1.108547 -0.090061
v 0.304819 1.108547 -0.106642
v 0.304819 1.108547 -0.106642
v 0.304819 1.108547 -0.090061
v 0.314715 1.108547 -0.090061
v 0.314715 1.108547 -0.106642
v 0.517439 1.063711 -0.106642
v 0.517439 1.024170 -0.106642
v 0.484169 1.061218 -0.106642
v 0.484169 1.063730 -0.106642
v 0.494065 1.096726 -0.106642
v 0.484169 1.096726 -0.106642
v 0.494065 1.108547 -0.106642
v 0.484169 1.108547 -0.106642
v 0.484169 1.061218 -0.090061
v 0.517439 1.024171 -0.090061
v 0.517439 1.063711 -0.090061
v 0.484169 1.063730 -0.090061
v 0.494065 1.096726 -0.090061
v 0.484169 1.096726 -0.090061
v 0.494065 1.108547 -0.090061
v 0.484169 1.108547 -0.090061
v 0.484169 1.061218 -0.106642
v 0.517439 1.024170 -0.106642
v 0.517439 1.024171 -0.090061
v 0.484169 1.061218 -0.090061
v 0.484169 1.063730 -0.106642
v 0.484169 1.063730 -0.090061
v 0.484169 1.096726 -0.106642
v 0.484169 1.096726 -0.090061
v 0.484169 1.108547 -0.106642
v 0.484169 1.108547 -0.090061
v 0.517439 1.063711 -0.090061
v 0.517439 1.024171 -0.090061
v 0.517439 1.024170 -0.106642
v 0.517439 1.063711 -0.106642
v 0.494065 1.096726 -0.090061
v 0.494065 1.096726 -0.106642
v 0.494065 1.108547 -0.090061
v 0.494065 1.108547 -0.106642
v 0.494065 1.108547 -0.106642
v 0.484169 1.108547 -0.106642
v 0.484169 1.108547 -0.090061
v 0.494065 1.108547 -0.090061
v 0.494461 1.127699 -0.078989
v 0.494461 1.132367 -0.087092
v 0.483344 1.132367 -0.087092
v 0.483344 1.127699 -0.078989
v 0.494461 1.119605 -0.074305
v 0.483344 1.119605 -0.074305
v 0.494461 1.110253 -0.074296
v 0.483344 1.110253 -0.074296
v 0.494461 1.102150 -0.078963
v 0.483344 1.102150 -0.078963
v 0.494461 1.097466 -0.087057
v 0.483344 1.097466 -0.087057
v 0.494461 1.097457 -0.096409
v 0.483344 1.097457 -0.096409
v 0.483344 1.132357 -0.096444
v 0.483344 1.132367 -0.087092
v 0.494461 1.132367 -0.087092
v 0.494461 1.132357 -0.096444
v 0.483344 1.127673 -0.104538
v 0.494461 1.127673 -0.104538
v 0.483344 1.119570 -0.109205
v 0.494461 1.119570 -0.109205
v 0.483344 1.110219 -0.109196
v 0.494461 1.110219 -0.109196
v 0.483344 1.102124 -0.104512
v 0.494461 1.102124 -0.104512
v 0.483344 1.097457 -0.096409
v 0.494461 1.097457 -0.096409
v 0.483357 1.125743 -0.105030
v 0.494300 1.125743 -0.105030
v 0.494300 1.128103 -0.102669
v 0.483357 1.128103 -0.102669
v 0.494300 1.125743 -0.105030
v 0.483357 1.143067 -0.122355
v 0.483357 1.145428 -0.119994
v 0.494300 1.128103 -0.102669
v 0.483357 1.143067 -0.122355
v 0.483357 1.125743 -0.105030
v 0.483357 1.128103 -0.102669
v 0.483357 1.145428 -0.119994
v 0.481979 1.121370 -0.100893
v 0.494291 1.121370 -0.100893
v 0.494291 1.121370 -0.082710
v 0.481979 1.121370 -0.082710
v 0.494291 1.133240 -0.082710
v 0.494291 1.121370 -0.082710
v 0.494291 1.121370 -0.100893
v 0.494291 1.133240 -0.100893
v 0.485525 1.166376 -0.082710
v 0.485525 1.166376 -0.100893
v 0.468209 1.166376 -0.100893
v 0.468209 1.133240 -0.100893
v 0.468209 1.133240 -0.082710
v 0.468209 1.166376 -0.082710
v 0.485525 1.166376 -0.082710
v 0.485525 1.166376 -0.100893
v 0.481979 1.133240 -0.100893
v 0.481979 1.121370 -0.100893
v 0.481979 1.121370 -0.082710
v 0.481979 1.133240 -0.082710
v 0.494291 1.133240 -0.100893
v 0.494291 1.121370 -0.100893
v 0.481979 1.121370 -0.100893
v 0.481979 1.133240 -0.100893
v 0.485525 1.166376 -0.100893
v 0.468209 1.133240 -0.100893
v 0.468209 1.166376 -0.100893
v 0.481979 1.133240 -0.100893
v 0.481979 1.133240 -0.082710
v 0.468209 1.133240 -0.082710
v 0.468209 1.133240 -0.100893
v 0.481979 1.121370 -0.082710
v 0.494291 1.121370 -0.082710
v 0.494291 1.133240 -0.082710
v 0.481979 1.133240 -0.082710
v 0.485525 1.166376 -0.082710
v 0.468209 1.166376 -0.082710
v 0.468209 1.133240 -0.082710
v 0.483357 1.128107 -0.080653
v 0.494300 1.128107 -0.080653
v 0.494300 1.125746 -0.078292
v 0.483357 1.125746 -0.078292
v 0.494300 1.128107 -0.080653
v 0.483357 1.145432 -0.063328
v 0.483357 1.143071 -0.060967
v 0.494300 1.125746 -0.078292
v 0.483357 1.145432 -0.063328
v 0.483357 1.128107 -0.080653
v 0.483357 1.125746 -0.078292
v 0.483357 1.143071 -0.060967
v 0.315540 1.132367 -0.087092
v 0.304422 1.132367 -0.087092
v 0.304422 1.127699 -0.078989
v 0.315540 1.127699 -0.078989
v 0.304422 1.119605 -0.074305
v 0.315540 1.119605 -0.074305
v 0.304422 1.110253 -0.074296
v 0.315540 1.110253 -0.074296
v 0.304422 1.102150 -0.078963
v 0.315540 1.102150 -0.078963
v 0.304422 1.097466 -0.087057
v 0.315540 1.097466 -0.087057
v 0.304422 1.097457 -0.096409
v 0.315540 1.097457 -0.096409
v 0.304422 1.132367 -0.087092
v 0.315540 1.132367 -0.087092
v 0.315540 1.132357 -0.096444
v 0.304422 1.132357 -0.096444
v 0.315540 1.127673 -0.104538
v 0.304422 1.127673 -0.104538
v 0.315540 1.119570 -0.109205
v 0.304422 1.119570 -0.109205
v 0.315540 1.110219 -0.109196
v 0.304422 1.110219 -0.109196
v 0.315540 1.102124 -0.104512
v 0.304422 1.102124 -0.104512
v 0.315540 1.097457 -0.096409
v 0.304422 1.097457 -0.096409
v 0.316905 1.121370 -0.100893
v 0.316905 1.121370 -0.082710
v 0.304593 1.121370 -0.082710
v 0.304593 1.121370 -0.100893
v 0.304593 1.121370 -0.100893
v 0.304593 1.121370 -0.082710
v 0.304593 1.133240 -0.082710
v 0.304593 1.133240 -0.100893
v 0.313359 1.166376 -0.082710
v 0.313359 1.166376 -0.100893
v 0.330675 1.166376 -0.100893
v 0.330675 1.166376 -0.082710
v 0.330675 1.166376 -0.100893
v 0.330675 1.166376 -0.082710
v 0.330675 1.133240 -0.082710
v 0.330675 1.133240 -0.100893
v 0.316905 1.133240 -0.100893
v 0.316905 1.133240 -0.082710
v 0.316905 1.121370 -0.082710
v 0.316905 1.121370 -0.100893
v 0.313359 1.166376 -0.100893
v 0.330675 1.166376 -0.100893
v 0.330675 1.133240 -0.100893
v 0.316905 1.133240 -0.100893
v 0.304593 1.133240 -0.100893
v 0.316905 1.121370 -0.100893
v 0.304593 1.121370 -0.100893
v 0.316905 1.133240 -0.100893
v 0.330675 1.133240 -0.100893
v 0.330675 1.133240 -0.082710
v 0.316905 1.133240 -0.082710
v 0.316905 1.133240 -0.082710
v 0.330675 1.133240 -0.082710
v 0.330675 1.166376 -0.082710
v 0.313359 1.166376 -0.082710
v 0.304593 1.133240 -0.082710
v 0.316905 1.121370 -0.082710
v 0.304593 1.121370 -0.082710
v 0.315527 1.128107 -0.080653
v 0.315527 1.125746 -0.078292
v 0.304584 1.125746 -0.078292
v 0.304584 1.128107 -0.080653
v 0.304584 1.128107 -0.080653
v 0.304584 1.125746 -0.078292
v 0.315527 1.143071 -0.060967
v 0.315527 1.145432 -0.063328
v 0.315527 1.145432 -0.063328
v 0.315527 1.143071 -0.060967
v 0.315527 1.125746 -0.078292
v 0.315527 1.128107 -0.080653
v 0.315527 1.125743 -0.105030
v 0.315527 1.128103 -0.102669
v 0.304584 1.128103 -0.102669
v 0.304584 1.125743 -0.105030
v 0.304584 1.125743 -0.105030
v 0.304584 1.128103 -0.102669
v 0.315527 1.145428 -0.119994
v 0.315527 1.143067 -0.122355
v 0.315527 1.143067 -0.122355
v 0.315527 1.145428 -0.119994
v 0.315527 1.128103 -0.102669
v 0.315527 1.125743 -0.105030
v 0.483804 1.104244 -0.142358
v 0.483884 1.124232 -0.142309
v 0.483884 1.156898 -0.120535
v 0.483884 1.142826 -0.049374
v 0.483884 1.104331 -0.041672
v 0.483804 1.085739 -0.049948
v 0.483884 1.142730 -0.134671
v 0.483884 1.124344 -0.041695
v 0.483884 1.164577 -0.102053
v 0.483884 1.164600 -0.082040
v 0.483884 1.156961 -0.063542
v 0.468982 1.085751 -0.049948
v 0.468964 1.104331 -0.041672
v 0.468964 1.124344 -0.041695
v 0.468964 1.156961 -0.063542
v 0.468964 1.142730 -0.134671
v 0.468982 1.104256 -0.142358
v 0.468964 1.142826 -0.049374
v 0.468964 1.124232 -0.142309
v 0.468964 1.164600 -0.082040
v 0.468964 1.164577 -0.102053
v 0.468964 1.156898 -0.120535
v 0.625389 0.905839 -0.050090
v 0.625389 0.896910 -0.050035
v 0.625390 0.896977 -0.107867
v 0.625389 0.905839 -0.107867
v 0.625389 0.905839 -0.142429
v 0.625391 0.883928 -0.107838
v 0.620960 0.835412 -0.083937
v 0.625391 0.835412 -0.083937
v 0.625391 0.835412 -0.050087
v 0.553564 0.835410 -0.050087
v 0.553564 0.835410 -0.083937
v 0.620959 0.853763 -0.083937
v 0.553563 0.853762 -0.083937
v 0.553563 0.853762 -0.050087
v 0.625391 0.853763 -0.083937
v 0.625391 0.853763 -0.050087
v 0.553347 0.896975 -0.107804
v 0.625390 0.896977 -0.107867
v 0.625389 0.896910 -0.050035
v 0.616046 0.896976 -0.050090
v 0.553349 0.896973 -0.050090
v 0.590349 0.916282 -0.067889
v 0.588176 0.913586 -0.068429
v 0.586595 0.911590 -0.071515
v 0.594138 0.920945 -0.071516
v 0.592522 0.918977 -0.068429
v 0.590884 0.919702 -0.068429
v 0.591294 0.922204 -0.071516
v 0.591294 0.922207 -0.119963
v 0.594138 0.920948 -0.119963
v 0.590884 0.919702 -0.123357
v 0.586595 0.911593 -0.119962
v 0.592522 0.918977 -0.123357
v 0.590349 0.916282 -0.123897
v 0.588176 0.913586 -0.123357
v 0.257823 0.826102 -0.136638
v 0.252584 0.808783 -0.136641
v 0.252574 0.826102 -0.136638
v 0.252574 0.868145 -0.136638
v 0.257823 0.868145 -0.136638
v 0.252574 0.873519 -0.134407
v 0.257823 0.873519 -0.134407
v 0.257823 0.875462 -0.129895
v 0.252574 0.875462 -0.129895
v 0.257823 0.875462 -0.063352
v 0.252574 0.875462 -0.063352
v 0.257823 0.872708 -0.058968
v 0.252574 0.872708 -0.058968
v 0.257823 0.868145 -0.057130
v 0.252574 0.868145 -0.057130
v 0.257823 0.826102 -0.057130
v 0.252574 0.826102 -0.057130
v 0.252584 0.808783 -0.057130
v 0.315000 1.142826 -0.049374
v 0.315000 1.156961 -0.063542
v 0.315000 1.164600 -0.082040
v 0.315000 1.156898 -0.120535
v 0.315000 1.104331 -0.041672
v 0.315000 1.124344 -0.041695
v 0.315000 1.164577 -0.102053
v 0.315080 1.085739 -0.049948
v 0.315000 1.124232 -0.142309
v 0.315000 1.142730 -0.134671
v 0.329920 1.142730 -0.134671
v 0.329920 1.156898 -0.120535
v 0.329920 1.164577 -0.102054
v 0.329920 1.156961 -0.063542
v 0.329902 1.085751 -0.049948
v 0.329902 1.104256 -0.142358
v 0.329920 1.124232 -0.142309
v 0.329920 1.164600 -0.082040
v 0.329920 1.142826 -0.049374
v 0.329920 1.124344 -0.041695
v 0.329920 1.104331 -0.041672
v 0.254394 0.791350 -0.142429
v 0.252343 0.785425 -0.142429
v 0.245531 0.782489 -0.142429
v 0.245532 0.791351 -0.142429
v 0.254397 0.896972 -0.142429
v 0.245534 0.896973 -0.142429
v 0.245535 0.905836 -0.142429
v 0.252334 0.902995 -0.142429
v 0.182835 0.782492 -0.142429
v 0.182836 0.791354 -0.142429
v 0.244172 0.793671 -0.137714
v 0.244172 0.825562 -0.137714
v 0.244173 0.865740 -0.137714
v 0.244174 0.894740 -0.137714
v 0.175541 0.785429 -0.142429
v 0.173491 0.791355 -0.142429
v 0.182837 0.824682 -0.142429
v 0.184178 0.793674 -0.137714
v 0.202592 0.825564 -0.137714
v 0.225161 0.825563 -0.137714
v 0.225162 0.865741 -0.137714
v 0.184181 0.894743 -0.137714
v 0.173492 0.824683 -0.142429
v 0.182837 0.866669 -0.142429
v 0.184179 0.825565 -0.137714
v 0.202593 0.865742 -0.137714
v 0.203548 0.827265 -0.143963
v 0.224205 0.827264 -0.143963
v 0.224206 0.864040 -0.143963
v 0.182838 0.896976 -0.142429
v 0.184180 0.865743 -0.137714
v 0.203548 0.864041 -0.143963
v 0.212289 0.911590 -0.071515
v 0.210708 0.913586 -0.068429
v 0.208534 0.916282 -0.067889
v 0.204746 0.920945 -0.071516
v 0.212289 0.911593 -0.119962
v 0.206361 0.918977 -0.123357
v 0.210708 0.913586 -0.123357
v 0.208534 0.916282 -0.123897
v 0.208000 0.919702 -0.123357
v 0.206361 0.918977 -0.068429
v 0.207590 0.922204 -0.071516
v 0.207590 0.922207 -0.119963
v 0.204746 0.920948 -0.119963
v 0.208000 0.919702 -0.068429
v 0.483344 1.097466 -0.087057
v 0.483344 1.102150 -0.078963
v 0.483344 1.110253 -0.074296
v 0.483344 1.127699 -0.078989
v 0.483344 1.119570 -0.109205
v 0.483344 1.102124 -0.104512
v 0.483344 1.097457 -0.096409
v 0.483344 1.119605 -0.074305
v 0.483344 1.110219 -0.109196
v 0.483344 1.132367 -0.087092
v 0.483344 1.132357 -0.096444
v 0.483344 1.127673 -0.104538
v 0.494461 1.132367 -0.087092
v 0.494461 1.127699 -0.078989
v 0.494461 1.119605 -0.074305
v 0.494461 1.102150 -0.078963
v 0.494461 1.110219 -0.109196
v 0.494461 1.127673 -0.104538
v 0.494461 1.132357 -0.096444
v 0.494461 1.110253 -0.074296
v 0.494461 1.119570 -0.109205
v 0.494461 1.097466 -0.087057
v 0.494461 1.097457 -0.096409
v 0.494461 1.102124 -0.104512
v 0.315540 1.127699 -0.078989
v 0.315540 1.119605 -0.074305
v 0.315540 1.110253 -0.074296
v 0.315540 1.097466 -0.087057
v 0.315540 1.119570 -0.109205
v 0.315540 1.132357 -0.096444
v 0.315540 1.132367 -0.087092
v 0.315540 1.102150 -0.078963
v 0.315540 1.127673 -0.104538
v 0.315540 1.097457 -0.096409
v 0.315540 1.102124 -0.104512
v 0.315540 1.110219 -0.109196
v 0.304422 1.102150 -0.078963
v 0.304422 1.110253 -0.074296
v 0.304422 1.119605 -0.074305
v 0.304422 1.132367 -0.087092
v 0.304422 1.110219 -0.109196
v 0.304422 1.097457 -0.096409
v 0.304422 1.097466 -0.087057
v 0.304422 1.127699 -0.078989
v 0.304422 1.102124 -0.104512
v 0.304422 1.132357 -0.096444
v 0.304422 1.127673 -0.104538
v 0.304422 1.119570 -0.109205
v 0.182648 0.824227 -0.081696
v 0.192251 0.828205 -0.081696
v 0.192251 0.828205 -0.108491
v 0.182648 0.824227 -0.108492
v 0.178670 0.814624 -0.081696
v 0.178670 0.814624 -0.108491
v 0.182648 0.805020 -0.081696
v 0.182648 0.805020 -0.108491
v 0.192251 0.801042 -0.081696
v 0.192251 0.801042 -0.108491
v 0.201855 0.824227 -0.108491
v 0.192251 0.828205 -0.108491
v 0.192251 0.828205 -0.081696
v 0.201855 0.824227 -0.081696
v 0.205833 0.814624 -0.108491
v 0.205833 0.814624 -0.081696
v 0.201855 0.805020 -0.108491
v 0.201855 0.805020 -0.081696
v 0.192251 0.801042 -0.108491
v 0.192251 0.801042 -0.081696
v 0.180111 0.826764 -0.047578
v 0.192251 0.831792 -0.047578
v 0.192251 0.831792 -0.081763
v 0.180111 0.826764 -0.081763
v 0.175083 0.814624 -0.047578
v 0.175083 0.814624 -0.081763
v 0.180111 0.802484 -0.047578
v 0.180111 0.802484 -0.081763
v 0.192251 0.797455 -0.047578
v 0.192251 0.797455 -0.081763
v 0.204391 0.826764 -0.081763
v 0.192251 0.831792 -0.081763
v 0.192251 0.831792 -0.047578
v 0.204391 0.826764 -0.047578
v 0.209420 0.814624 -0.081763
v 0.209420 0.814624 -0.047578
v 0.204391 0.802484 -0.081763
v 0.204391 0.802484 -0.047578
v 0.192251 0.797455 -0.081763
v 0.192251 0.797455 -0.047578
v 0.178670 0.814624 -0.108491
v 0.182648 0.824227 -0.108492
v 0.192251 0.828205 -0.108491
v 0.205833 0.814624 -0.108491
v 0.192251 0.801042 -0.108491
v 0.182648 0.805020 -0.108491
v 0.201855 0.824227 -0.108491
v 0.201855 0.805020 -0.108491
v 0.237345 0.824227 -0.108491
v 0.227741 0.828205 -0.108491
v 0.227741 0.828205 -0.081696
v 0.237345 0.824227 -0.081696
v 0.241323 0.814624 -0.108491
v 0.241323 0.814624 -0.081696
v 0.239881 0.826764 -0.081763
v 0.244910 0.814624 -0.081763
v 0.237345 0.805020 -0.081696
v 0.227741 0.831792 -0.081763
v 0.215601 0.826764 -0.081763
v 0.218138 0.824227 -0.081696
v 0.210573 0.814624 -0.081763
v 0.214160 0.814624 -0.081696
v 0.215601 0.802484 -0.081763
v 0.218138 0.805020 -0.081696
v 0.227741 0.797455 -0.081763
v 0.227741 0.801042 -0.081696
v 0.239881 0.802484 -0.081763
v 0.218138 0.824227 -0.081696
v 0.227741 0.828205 -0.081696
v 0.227741 0.828205 -0.108491
v 0.218138 0.824227 -0.108491
v 0.214160 0.814624 -0.081696
v 0.214160 0.814624 -0.108491
v 0.218138 0.805020 -0.081696
v 0.214160 0.814624 -0.081696
v 0.214160 0.814624 -0.108491
v 0.218138 0.805020 -0.108491
v 0.227741 0.801042 -0.081696
v 0.227741 0.801042 -0.108491
v 0.237345 0.805020 -0.081696
v 0.237345 0.805020 -0.108491
v 0.241323 0.814624 -0.081696
v 0.241323 0.814624 -0.108491
v 0.215601 0.826764 -0.047578
v 0.227741 0.831792 -0.047578
v 0.227741 0.831792 -0.081763
v 0.215601 0.826764 -0.081763
v 0.210573 0.814624 -0.047578
v 0.210573 0.814624 -0.081763
v 0.215601 0.802484 -0.047578
v 0.215601 0.802484 -0.081763
v 0.227741 0.797455 -0.047578
v 0.227741 0.797455 -0.081763
v 0.239881 0.826764 -0.081763
v 0.227741 0.831792 -0.081763
v 0.227741 0.831792 -0.047578
v 0.239881 0.826764 -0.047578
v 0.244910 0.814624 -0.081763
v 0.244910 0.814624 -0.047578
v 0.239881 0.802484 -0.081763
v 0.239881 0.802484 -0.047578
v 0.227741 0.797455 -0.081763
v 0.227741 0.797455 -0.047578
v 0.214160 0.814624 -0.108491
v 0.218138 0.824227 -0.108491
v 0.227741 0.828205 -0.108491
v 0.241323 0.814624 -0.108491
v 0.227741 0.801042 -0.108491
v 0.218138 0.805020 -0.108491
v 0.237345 0.824227 -0.108491
v 0.237345 0.805020 -0.108491
v 0.201855 0.884718 -0.108491
v 0.192251 0.888696 -0.108491
v 0.192251 0.888696 -0.081696
v 0.201855 0.884718 -0.081696
v 0.192251 0.892283 -0.081763
v 0.204391 0.887254 -0.081763
v 0.205833 0.875114 -0.081696
v 0.209420 0.875114 -0.081763
v 0.201855 0.865511 -0.081696
v 0.204391 0.862974 -0.081763
v 0.192251 0.861533 -0.081696
v 0.180111 0.887254 -0.081763
v 0.182648 0.884718 -0.081696
v 0.175083 0.875114 -0.081763
v 0.178670 0.875114 -0.081696
v 0.180111 0.862974 -0.081763
v 0.182648 0.865511 -0.081696
v 0.192251 0.857946 -0.081763
v 0.182648 0.884718 -0.081696
v 0.192251 0.888696 -0.081696
v 0.192251 0.888696 -0.108491
v 0.182648 0.884718 -0.108491
v 0.178670 0.875114 -0.081696
v 0.178670 0.875114 -0.108491
v 0.182648 0.865511 -0.081696
v 0.182648 0.865511 -0.108491
v 0.192251 0.861533 -0.081696
v 0.192251 0.861533 -0.108491
v 0.205833 0.875114 -0.108491
v 0.201855 0.884718 -0.108491
v 0.201855 0.884718 -0.081696
v 0.205833 0.875114 -0.081696
v 0.201855 0.865511 -0.108491
v 0.201855 0.865511 -0.081696
v 0.192251 0.861533 -0.108491
v 0.192251 0.861533 -0.081696
v 0.180111 0.887254 -0.047578
v 0.192251 0.892283 -0.047578
v 0.192251 0.892283 -0.081763
v 0.180111 0.887254 -0.081763
v 0.175083 0.875114 -0.047578
v 0.175083 0.875114 -0.081763
v 0.180111 0.862974 -0.047578
v 0.180111 0.862974 -0.081763
v 0.192251 0.857946 -0.047578
v 0.192251 0.857946 -0.081763
v 0.204391 0.887254 -0.081763
v 0.192251 0.892283 -0.081763
v 0.192251 0.892283 -0.047578
v 0.204391 0.887254 -0.047578
v 0.209420 0.875114 -0.081763
v 0.209420 0.875114 -0.047578
v 0.204391 0.862974 -0.081763
v 0.204391 0.862974 -0.047578
v 0.192251 0.857946 -0.081763
v 0.192251 0.857946 -0.047578
v 0.178670 0.875114 -0.108491
v 0.182648 0.884718 -0.108491
v 0.192251 0.888696 -0.108491
v 0.205833 0.875114 -0.108491
v 0.192251 0.861533 -0.108491
v 0.182648 0.865511 -0.108491
v 0.201855 0.884718 -0.108491
v 0.201855 0.865511 -0.108491
v 0.237345 0.884718 -0.108491
v 0.227741 0.888696 -0.108491
v 0.227741 0.888696 -0.081696
v 0.237345 0.884718 -0.081696
v 0.227741 0.892283 -0.081763
v 0.239881 0.887254 -0.081763
v 0.241323 0.875114 -0.081696
v 0.244910 0.875114 -0.081763
v 0.237345 0.865511 -0.081696
v 0.239881 0.862974 -0.081763
v 0.227741 0.861533 -0.081696
v 0.215601 0.887254 -0.081763
v 0.218138 0.884718 -0.081696
v 0.210573 0.875114 -0.081763
v 0.214160 0.875114 -0.081696
v 0.215601 0.862974 -0.081763
v 0.218138 0.865511 -0.081696
v 0.227741 0.857946 -0.081763
v 0.218138 0.884718 -0.081696
v 0.227741 0.888696 -0.081696
v 0.227741 0.888696 -0.108491
v 0.218138 0.884718 -0.108491
v 0.214160 0.875114 -0.081696
v 0.214160 0.875114 -0.108491
v 0.214160 0.875114 -0.108491
v 0.218138 0.865511 -0.108491
v 0.218138 0.865511 -0.081696
v 0.214160 0.875114 -0.081696
v 0.218138 0.865511 -0.108491
v 0.227741 0.861533 -0.108491
v 0.227741 0.861533 -0.081696
v 0.218138 0.865511 -0.081696
v 0.241323 0.875114 -0.108491
v 0.237345 0.884718 -0.108491
v 0.237345 0.884718 -0.081696
v 0.241323 0.875114 -0.081696
v 0.237345 0.865511 -0.108491
v 0.237345 0.865511 -0.081696
v 0.227741 0.861533 -0.108491
v 0.227741 0.861533 -0.081696
v 0.215601 0.887254 -0.047578
v 0.227741 0.892283 -0.047578
v 0.227741 0.892283 -0.081763
v 0.215601 0.887254 -0.081763
v 0.210573 0.875114 -0.047578
v 0.210573 0.875114 -0.081763
v 0.215601 0.862974 -0.047578
v 0.215601 0.862974 -0.081763
v 0.227741 0.857946 -0.047578
v 0.227741 0.857946 -0.081763
v 0.239881 0.887254 -0.081763
v 0.227741 0.892283 -0.081763
v 0.227741 0.892283 -0.047578
v 0.239881 0.887254 -0.047578
v 0.244910 0.875114 -0.081763
v 0.244910 0.875114 -0.047578
v 0.239881 0.862974 -0.081763
v 0.239881 0.862974 -0.047578
v 0.227741 0.857946 -0.081763
v 0.227741 0.857946 -0.047578
v 0.214160 0.875114 -0.108491
v 0.218138 0.884718 -0.108491
v 0.227741 0.888696 -0.108491
v 0.241323 0.875114 -0.108491
v 0.227741 0.861533 -0.108491
v 0.218138 0.865511 -0.108491
v 0.237345 0.884718 -0.108491
v 0.237345 0.865511 -0.108491
v 0.561610 0.824227 -0.108491
v 0.557632 0.814624 -0.108491
v 0.557632 0.814624 -0.081696
v 0.561610 0.824227 -0.081696
v 0.571214 0.828205 -0.108492
v 0.571214 0.828205 -0.081696
v 0.580817 0.824227 -0.108491
v 0.580817 0.824227 -0.081696
v 0.584795 0.814624 -0.108491
v 0.584795 0.814624 -0.081696
v 0.554045 0.814624 -0.081763
v 0.559074 0.826764 -0.081763
v 0.571214 0.831792 -0.081763
v 0.583354 0.826764 -0.081763
v 0.588382 0.814624 -0.081763
v 0.580817 0.805020 -0.081696
v 0.559074 0.802484 -0.081763
v 0.561610 0.805020 -0.081696
v 0.571214 0.797455 -0.081763
v 0.571214 0.801042 -0.081696
v 0.583354 0.802484 -0.081763
v 0.561610 0.805020 -0.081696
v 0.557632 0.814624 -0.081696
v 0.557632 0.814624 -0.108491
v 0.561610 0.805020 -0.108491
v 0.571214 0.801042 -0.081696
v 0.571214 0.801042 -0.108491
v 0.580817 0.805020 -0.081696
v 0.580817 0.805020 -0.108491
v 0.584795 0.814624 -0.081696
v 0.584795 0.814624 -0.108491
v 0.559074 0.826764 -0.047578
v 0.571214 0.831792 -0.047578
v 0.571214 0.831792 -0.081763
v 0.559074 0.826764 -0.081763
v 0.554045 0.814624 -0.047578
v 0.554045 0.814624 -0.081763
v 0.559074 0.802484 -0.047578
v 0.559074 0.802484 -0.081763
v 0.571214 0.797455 -0.047578
v 0.571214 0.797455 -0.081763
v 0.583354 0.826764 -0.081763
v 0.571214 0.831792 -0.081763
v 0.571214 0.831792 -0.047578
v 0.583354 0.826764 -0.047578
v 0.588382 0.814624 -0.081763
v 0.588382 0.814624 -0.047578
v 0.583354 0.802484 -0.081763
v 0.583354 0.802484 -0.047578
v 0.571214 0.797455 -0.081763
v 0.571214 0.797455 -0.047578
v 0.557632 0.814624 -0.108491
v 0.561610 0.824227 -0.108491
v 0.571214 0.828205 -0.108492
v 0.584795 0.814624 -0.108491
v 0.571214 0.801042 -0.108491
v 0.561610 0.805020 -0.108491
v 0.580817 0.824227 -0.108491
v 0.580817 0.805020 -0.108491
v 0.597100 0.824227 -0.108491
v 0.593122 0.814624 -0.108491
v 0.593122 0.814624 -0.081696
v 0.597100 0.824227 -0.081696
v 0.606704 0.828205 -0.108491
v 0.606704 0.828205 -0.081696
v 0.594564 0.826764 -0.081763
v 0.606704 0.831792 -0.081763
v 0.616307 0.824227 -0.081696
v 0.589535 0.814624 -0.081763
v 0.594564 0.802484 -0.081763
v 0.597100 0.805020 -0.081696
v 0.606704 0.797455 -0.081763
v 0.606704 0.801042 -0.081696
v 0.618844 0.802484 -0.081763
v 0.616307 0.805020 -0.081696
v 0.623872 0.814624 -0.081763
v 0.620285 0.814624 -0.081696
v 0.618844 0.826764 -0.081763
v 0.597100 0.805020 -0.081696
v 0.593122 0.814624 -0.081696
v 0.593122 0.814624 -0.108491
v 0.597100 0.805020 -0.108491
v 0.606704 0.801042 -0.081696
v 0.606704 0.801042 -0.108491
v 0.616307 0.824227 -0.108491
v 0.606704 0.828205 -0.108491
v 0.606704 0.828205 -0.081696
v 0.616307 0.824227 -0.081696
v 0.620285 0.814624 -0.108491
v 0.620285 0.814624 -0.081696
v 0.616307 0.805020 -0.108491
v 0.616307 0.805020 -0.081696
v 0.606704 0.801042 -0.108491
v 0.606704 0.801042 -0.081696
v 0.594564 0.826764 -0.047578
v 0.606704 0.831792 -0.047578
v 0.606704 0.831792 -0.081763
v 0.594564 0.826764 -0.081763
v 0.589535 0.814624 -0.047578
v 0.589535 0.814624 -0.081763
v 0.594564 0.802484 -0.047578
v 0.594564 0.802484 -0.081763
v 0.606704 0.797455 -0.047578
v 0.606704 0.797455 -0.081763
v 0.618844 0.826764 -0.081763
v 0.606704 0.831792 -0.081763
v 0.606704 0.831792 -0.047578
v 0.618844 0.826764 -0.047578
v 0.623872 0.814624 -0.081763
v 0.623872 0.814624 -0.047578
v 0.618844 0.802484 -0.081763
v 0.618844 0.802484 -0.047578
v 0.606704 0.797455 -0.081763
v 0.606704 0.797455 -0.047578
v 0.593122 0.814624 -0.108491
v 0.597100 0.824227 -0.108491
v 0.606704 0.828205 -0.108491
v 0.620285 0.814624 -0.108491
v 0.606704 0.801042 -0.108491
v 0.597100 0.805020 -0.108491
v 0.616307 0.824227 -0.108491
v 0.616307 0.805020 -0.108491
v 0.571214 0.888696 -0.108491
v 0.561610 0.884718 -0.108491
v 0.561610 0.884718 -0.081696
v 0.571214 0.888696 -0.081696
v 0.580817 0.884718 -0.108491
v 0.580817 0.884718 -0.081696
v 0.571214 0.892283 -0.081763
v 0.583354 0.887254 -0.081763
v 0.584795 0.875114 -0.081696
v 0.559074 0.887254 -0.081763
v 0.554045 0.875114 -0.081763
v 0.557632 0.875114 -0.081696
v 0.559074 0.862974 -0.081763
v 0.561610 0.865511 -0.081696
v 0.571214 0.857946 -0.081763
v 0.571214 0.861533 -0.081696
v 0.583354 0.862974 -0.081763
v 0.580817 0.865511 -0.081696
v 0.588382 0.875114 -0.081763
v 0.584795 0.875114 -0.108491
v 0.580817 0.884718 -0.108491
v 0.580817 0.884718 -0.081696
v 0.584795 0.875114 -0.081696
v 0.580817 0.865511 -0.108491
v 0.580817 0.865511 -0.081696
v 0.571214 0.861533 -0.108491
v 0.571214 0.861533 -0.081696
v 0.561610 0.865511 -0.108491
v 0.561610 0.865511 -0.081696
v 0.557632 0.875114 -0.108491
v 0.557632 0.875114 -0.081696
v 0.561610 0.884718 -0.108491
v 0.561610 0.884718 -0.081696
v 0.559074 0.887254 -0.047578
v 0.571214 0.892283 -0.047578
v 0.571214 0.892283 -0.081763
v 0.559074 0.887254 -0.081763
v 0.554045 0.875114 -0.047578
v 0.554045 0.875114 -0.081763
v 0.559074 0.862974 -0.047578
v 0.559074 0.862974 -0.081763
v 0.571214 0.857946 -0.047578
v 0.571214 0.857946 -0.081763
v 0.583354 0.887254 -0.081763
v 0.571214 0.892283 -0.081763
v 0.571214 0.892283 -0.047578
v 0.583354 0.887254 -0.047578
v 0.588382 0.875114 -0.081763
v 0.588382 0.875114 -0.047578
v 0.583354 0.862974 -0.081763
v 0.583354 0.862974 -0.047578
v 0.571214 0.857946 -0.081763
v 0.571214 0.857946 -0.047578
v 0.557632 0.875114 -0.108491
v 0.561610 0.884718 -0.108491
v 0.571214 0.888696 -0.108491
v 0.584795 0.875114 -0.108491
v 0.571214 0.861533 -0.108491
v 0.561610 0.865511 -0.108491
v 0.580817 0.884718 -0.108491
v 0.580817 0.865511 -0.108491
v 0.606704 0.888696 -0.108491
v 0.597100 0.884718 -0.108491
v 0.597100 0.884718 -0.081696
v 0.606704 0.888696 -0.081696
v 0.594564 0.887254 -0.081763
v 0.606704 0.892283 -0.081763
v 0.616307 0.884718 -0.081696
v 0.618844 0.887254 -0.081763
v 0.620285 0.875114 -0.081696
v 0.623872 0.875114 -0.081763
v 0.616307 0.865511 -0.081696
v 0.589535 0.875114 -0.081763
v 0.593122 0.875114 -0.081696
v 0.594564 0.862974 -0.081763
v 0.597100 0.865511 -0.081696
v 0.606704 0.857946 -0.081763
v 0.606704 0.861533 -0.081696
v 0.618844 0.862974 -0.081763
v 0.593122 0.875114 -0.081696
v 0.597100 0.884718 -0.081696
v 0.597100 0.884718 -0.108491
v 0.593122 0.875114 -0.108491
v 0.597100 0.865511 -0.081696
v 0.597100 0.865511 -0.108491
v 0.606704 0.861533 -0.081696
v 0.606704 0.861533 -0.108491
v 0.616307 0.884718 -0.108491
v 0.606704 0.888696 -0.108491
v 0.606704 0.888696 -0.081696
v 0.616307 0.884718 -0.081696
v 0.620285 0.875114 -0.108491
v 0.620285 0.875114 -0.081696
v 0.616307 0.865511 -0.108491
v 0.616307 0.865511 -0.081696
v 0.606704 0.861533 -0.108491
v 0.606704 0.861533 -0.081696
v 0.594564 0.887254 -0.047578
v 0.606704 0.892283 -0.047578
v 0.606704 0.892283 -0.081763
v 0.594564 0.887254 -0.081763
v 0.589535 0.875114 -0.047578
v 0.589535 0.875114 -0.081763
v 0.594564 0.862974 -0.047578
v 0.594564 0.862974 -0.081763
v 0.606704 0.857946 -0.047578
v 0.606704 0.857946 -0.081763
v 0.618844 0.887254 -0.081763
v 0.606704 0.892283 -0.081763
v 0.606704 0.892283 -0.047578
v 0.618844 0.887254 -0.047578
v 0.623872 0.875114 -0.081763
v 0.623872 0.875114 -0.047578
v 0.618844 0.862974 -0.081763
v 0.618844 0.862974 -0.047578
v 0.606704 0.857946 -0.081763
v 0.606704 0.857946 -0.047578
v 0.593122 0.875114 -0.108491
v 0.597100 0.884718 -0.108491
v 0.606704 0.888696 -0.108491
v 0.620285 0.875114 -0.108491
v 0.606704 0.861533 -0.108491
v 0.597100 0.865511 -0.108491
v 0.616307 0.884718 -0.108491
v 0.616307 0.865511 -0.108491
v 0.182835 0.782492 -0.083367
v 0.182835 0.784428 -0.083358
v 0.182835 0.784427 -0.053060
v 0.182835 0.782492 -0.050091
v 0.182836 0.791381 -0.053060
v 0.182836 0.791354 -0.050091
v 0.173493 0.883985 -0.107673
v 0.173493 0.853763 -0.083937
v 0.177924 0.853763 -0.083937
v 0.177924 0.883985 -0.107673
v 0.177924 0.807367 -0.107673
v 0.177924 0.835412 -0.083937
v 0.173492 0.835412 -0.083937
v 0.173492 0.807368 -0.107673
v 0.177924 0.835412 -0.083937
v 0.245320 0.835410 -0.083937
v 0.245320 0.835410 -0.050087
v 0.173492 0.835412 -0.050087
v 0.173492 0.835412 -0.083937
v 0.245321 0.853762 -0.050087
v 0.245321 0.853762 -0.083937
v 0.177924 0.853763 -0.083937
v 0.173493 0.853763 -0.083937
v 0.173493 0.853763 -0.050087
v 0.200001 0.927008 -0.059221
v 0.218059 0.904847 -0.059221
v 0.218059 0.904847 -0.132578
v 0.200001 0.927008 -0.132578
v 0.215601 0.887254 -0.047578
v 0.210573 0.875114 -0.047578
v 0.213515 0.875114 -0.047578
v 0.217682 0.885174 -0.047578
v 0.227741 0.892283 -0.047578
v 0.227741 0.889341 -0.047578
v 0.239881 0.887254 -0.047578
v 0.237801 0.885174 -0.047578
v 0.244910 0.875114 -0.047578
v 0.218876 0.875114 -0.055112
v 0.221473 0.881383 -0.055112
v 0.227741 0.883979 -0.055112
v 0.234009 0.881383 -0.055112
v 0.241967 0.875114 -0.047578
v 0.239881 0.862974 -0.047578
v 0.221473 0.868846 -0.055112
v 0.234009 0.868846 -0.055112
v 0.217682 0.865055 -0.047578
v 0.227741 0.866250 -0.055112
v 0.227741 0.860888 -0.047578
v 0.237801 0.865055 -0.047578
v 0.236606 0.875114 -0.055112
v 0.227741 0.857946 -0.047578
v 0.215601 0.862974 -0.047578
v 0.210573 0.875114 -0.047578
v 0.215601 0.862974 -0.047578
v 0.217682 0.865055 -0.047578
v 0.213515 0.875114 -0.047578
v 0.541061 0.826102 -0.136638
v 0.546309 0.826102 -0.136638
v 0.546300 0.808783 -0.136641
v 0.546309 0.868145 -0.136638
v 0.541061 0.868145 -0.136638
v 0.546309 0.873519 -0.134407
v 0.541061 0.873519 -0.134407
v 0.541061 0.875462 -0.129895
v 0.546309 0.875462 -0.129895
v 0.534847 0.826102 -0.135092
v 0.534847 0.868145 -0.135092
v 0.535729 0.871817 -0.133014
v 0.534756 0.873548 -0.129895
v 0.534756 0.873548 -0.063352
v 0.541061 0.875462 -0.063352
v 0.546309 0.875462 -0.063352
v 0.532113 0.826102 -0.129895
v 0.532113 0.868145 -0.129895
v 0.532113 0.868145 -0.063352
v 0.535729 0.871836 -0.060489
v 0.541061 0.872708 -0.058968
v 0.546309 0.872708 -0.058968
v 0.546300 0.808783 -0.057130
v 0.532113 0.826102 -0.063352
v 0.534753 0.826102 -0.058677
v 0.534753 0.868145 -0.058677
v 0.541061 0.868145 -0.057130
v 0.546309 0.868145 -0.057130
v 0.541061 0.826102 -0.057130
v 0.546309 0.826102 -0.057130
v 0.586595 0.911590 -0.071515
v 0.588176 0.913586 -0.068429
v 0.587120 0.915034 -0.068429
v 0.590349 0.916282 -0.067889
v 0.586929 0.916816 -0.068429
v 0.584762 0.914102 -0.071515
v 0.586595 0.911593 -0.119962
v 0.584762 0.914105 -0.119962
v 0.588176 0.913586 -0.123357
v 0.587120 0.915034 -0.123357
v 0.590349 0.916282 -0.123897
v 0.587654 0.918455 -0.068429
v 0.584430 0.917195 -0.071516
v 0.584430 0.917197 -0.119962
v 0.586929 0.916816 -0.123357
v 0.587654 0.918455 -0.123357
v 0.589102 0.919511 -0.123357
v 0.590884 0.919702 -0.123357
v 0.589102 0.919511 -0.068429
v 0.585689 0.920039 -0.071516
v 0.585689 0.920042 -0.119963
v 0.588201 0.921875 -0.119963
v 0.591294 0.922207 -0.119963
v 0.590884 0.919702 -0.068429
v 0.588201 0.921872 -0.071516
v 0.591294 0.922204 -0.071516
v 0.208534 0.916282 -0.067889
v 0.210708 0.913586 -0.068429
v 0.211764 0.915034 -0.068429
v 0.212289 0.911590 -0.071515
v 0.214122 0.914102 -0.071515
v 0.211955 0.916816 -0.068429
v 0.211230 0.918455 -0.068429
v 0.209782 0.919511 -0.068429
v 0.208000 0.919702 -0.068429
v 0.210683 0.921872 -0.071516
v 0.207590 0.922204 -0.071516
v 0.212289 0.911593 -0.119962
v 0.214122 0.914105 -0.119962
v 0.214454 0.917197 -0.119962
v 0.214454 0.917195 -0.071516
v 0.213195 0.920039 -0.071516
v 0.210683 0.921875 -0.119963
v 0.207590 0.922207 -0.119963
v 0.210708 0.913586 -0.123357
v 0.211764 0.915034 -0.123357
v 0.211955 0.916816 -0.123357
v 0.213195 0.920042 -0.119963
v 0.208534 0.916282 -0.123897
v 0.211230 0.918455 -0.123357
v 0.209782 0.919511 -0.123357
v 0.208000 0.919702 -0.123357
v 0.201855 0.805020 -0.081696
v 0.205833 0.814624 -0.081696
v 0.209420 0.814624 -0.081763
v 0.204391 0.826764 -0.081763
v 0.201855 0.824227 -0.081696
v 0.192251 0.831792 -0.081763
v 0.192251 0.828205 -0.081696
v 0.180111 0.826764 -0.081763
v 0.182648 0.824227 -0.081696
v 0.175083 0.814624 -0.081763
v 0.178670 0.814624 -0.081696
v 0.180111 0.802484 -0.081763
v 0.182648 0.805020 -0.081696
v 0.192251 0.797455 -0.081763
v 0.192251 0.801042 -0.081696
v 0.204391 0.802484 -0.081763
v 0.252584 0.808783 -0.057130
v 0.252584 0.808783 -0.136641
v 0.266771 0.826102 -0.129895
v 0.264037 0.826102 -0.135092
v 0.264037 0.868145 -0.135092
v 0.266771 0.868145 -0.129895
v 0.266771 0.826102 -0.063352
v 0.264131 0.826102 -0.058677
v 0.257823 0.826102 -0.057130
v 0.257823 0.868145 -0.057130
v 0.257823 0.826102 -0.136638
v 0.257823 0.868145 -0.136638
v 0.257823 0.873519 -0.134407
v 0.263155 0.871817 -0.133014
v 0.264128 0.873548 -0.129895
v 0.266771 0.868145 -0.063352
v 0.264131 0.868145 -0.058677
v 0.257823 0.872708 -0.058968
v 0.263155 0.871836 -0.060489
v 0.257823 0.875462 -0.063352
v 0.257823 0.875462 -0.129895
v 0.264128 0.873548 -0.063352
v 0.209420 0.814624 -0.047578
v 0.204391 0.826764 -0.047578
v 0.202311 0.824684 -0.047578
v 0.192251 0.828850 -0.047578
v 0.192251 0.823489 -0.055112
v 0.198519 0.820892 -0.055112
v 0.206478 0.814624 -0.047578
v 0.204391 0.802484 -0.047578
v 0.202311 0.804564 -0.047578
v 0.192251 0.797455 -0.047578
v 0.192251 0.831792 -0.047578
v 0.182192 0.824684 -0.047578
v 0.185983 0.820892 -0.055112
v 0.198519 0.808356 -0.055112
v 0.201116 0.814624 -0.055112
v 0.192251 0.800398 -0.047578
v 0.180111 0.802484 -0.047578
v 0.180111 0.826764 -0.047578
v 0.178025 0.814624 -0.047578
v 0.183387 0.814624 -0.055112
v 0.185983 0.808356 -0.055112
v 0.192251 0.805759 -0.055112
v 0.182192 0.804564 -0.047578
v 0.175083 0.814624 -0.047578
v 0.244910 0.814624 -0.047578
v 0.239881 0.826764 -0.047578
v 0.237801 0.824684 -0.047578
v 0.227741 0.828850 -0.047578
v 0.227741 0.823489 -0.055112
v 0.234009 0.820892 -0.055112
v 0.241967 0.814624 -0.047578
v 0.239881 0.802484 -0.047578
v 0.237801 0.804564 -0.047578
v 0.227741 0.797455 -0.047578
v 0.227741 0.831792 -0.047578
v 0.217682 0.824684 -0.047578
v 0.221473 0.820892 -0.055112
v 0.234009 0.808356 -0.055112
v 0.236606 0.814624 -0.055112
v 0.227741 0.800398 -0.047578
v 0.215601 0.802484 -0.047578
v 0.215601 0.826764 -0.047578
v 0.213515 0.814624 -0.047578
v 0.218876 0.814624 -0.055112
v 0.221473 0.808356 -0.055112
v 0.227741 0.805759 -0.055112
v 0.217682 0.804564 -0.047578
v 0.210573 0.814624 -0.047578
v 0.209420 0.875114 -0.047578
v 0.204391 0.887254 -0.047578
v 0.202311 0.885174 -0.047578
v 0.192251 0.889341 -0.047578
v 0.192251 0.883979 -0.055112
v 0.198519 0.881383 -0.055112
v 0.206478 0.875114 -0.047578
v 0.204391 0.862974 -0.047578
v 0.202311 0.865055 -0.047578
v 0.192251 0.857946 -0.047578
v 0.192251 0.892283 -0.047578
v 0.182192 0.885174 -0.047578
v 0.185983 0.881383 -0.055112
v 0.198519 0.868846 -0.055112
v 0.201116 0.875114 -0.055112
v 0.192251 0.860888 -0.047578
v 0.180111 0.862974 -0.047578
v 0.180111 0.887254 -0.047578
v 0.178025 0.875114 -0.047578
v 0.183387 0.875114 -0.055112
v 0.185983 0.868846 -0.055112
v 0.192251 0.866250 -0.055112
v 0.182192 0.865055 -0.047578
v 0.175083 0.875114 -0.047578
v 0.588382 0.814624 -0.047578
v 0.583354 0.826764 -0.047578
v 0.581273 0.824684 -0.047578
v 0.571214 0.828850 -0.047578
v 0.571214 0.823489 -0.055112
v 0.577482 0.820892 -0.055112
v 0.585440 0.814624 -0.047578
v 0.583354 0.802484 -0.047578
v 0.581273 0.804564 -0.047578
v 0.571214 0.797455 -0.047578
v 0.571214 0.831792 -0.047578
v 0.561154 0.824684 -0.047578
v 0.564946 0.820892 -0.055112
v 0.577482 0.808356 -0.055112
v 0.580078 0.814624 -0.055112
v 0.571214 0.800398 -0.047578
v 0.559074 0.802484 -0.047578
v 0.559074 0.826764 -0.047578
v 0.556988 0.814624 -0.047578
v 0.562349 0.814624 -0.055112
v 0.564946 0.808356 -0.055112
v 0.571214 0.805759 -0.055112
v 0.561154 0.804564 -0.047578
v 0.554045 0.814624 -0.047578
v 0.623872 0.814624 -0.047578
v 0.618844 0.826764 -0.047578
v 0.616763 0.824684 -0.047578
v 0.606704 0.828850 -0.047578
v 0.606704 0.823489 -0.055112
v 0.612972 0.820892 -0.055112
v 0.620930 0.814624 -0.047578
v 0.618844 0.802484 -0.047578
v 0.616763 0.804564 -0.047578
v 0.606704 0.797455 -0.047578
v 0.606704 0.831792 -0.047578
v 0.596644 0.824684 -0.047578
v 0.600435 0.820892 -0.055112
v 0.612972 0.808356 -0.055112
v 0.615568 0.814624 -0.055112
v 0.606704 0.800398 -0.047578
v 0.594564 0.802484 -0.047578
v 0.594564 0.826764 -0.047578
v 0.592477 0.814624 -0.047578
v 0.597839 0.814624 -0.055112
v 0.600435 0.808356 -0.055112
v 0.606704 0.805759 -0.055112
v 0.596644 0.804564 -0.047578
v 0.589535 0.814624 -0.047578
v 0.588382 0.875114 -0.047578
v 0.583354 0.887254 -0.047578
v 0.581273 0.885174 -0.047578
v 0.571214 0.889341 -0.047578
v 0.571214 0.883979 -0.055112
v 0.577482 0.881383 -0.055112
v 0.585440 0.875114 -0.047578
v 0.583354 0.862974 -0.047578
v 0.581273 0.865055 -0.047578
v 0.571214 0.857946 -0.047578
v 0.571214 0.892283 -0.047578
v 0.561154 0.885174 -0.047578
v 0.564946 0.881383 -0.055112
v 0.577482 0.868846 -0.055112
v 0.580078 0.875114 -0.055112
v 0.571214 0.860888 -0.047578
v 0.559074 0.862974 -0.047578
v 0.559074 0.887254 -0.047578
v 0.556988 0.875114 -0.047578
v 0.562349 0.875114 -0.055112
v 0.564946 0.868846 -0.055112
v 0.571214 0.866250 -0.055112
v 0.561154 0.865055 -0.047578
v 0.554045 0.875114 -0.047578
v 0.623872 0.875114 -0.047578
v 0.618844 0.887254 -0.047578
v 0.616763 0.885174 -0.047578
v 0.606704 0.889341 -0.047578
v 0.606704 0.883979 -0.055112
v 0.612972 0.881383 -0.055112
v 0.620930 0.875114 -0.047578
v 0.618844 0.862974 -0.047578
v 0.616763 0.865055 -0.047578
v 0.606704 0.857946 -0.047578
v 0.606704 0.892283 -0.047578
v 0.596644 0.885174 -0.047578
v 0.600435 0.881383 -0.055112
v 0.612972 0.868846 -0.055112
v 0.615568 0.875114 -0.055112
v 0.606704 0.860888 -0.047578
v 0.594564 0.862974 -0.047578
v 0.594564 0.887254 -0.047578
v 0.592477 0.875114 -0.047578
v 0.597839 0.875114 -0.055112
v 0.600435 0.868846 -0.055112
v 0.606704 0.866250 -0.055112
v 0.596644 0.865055 -0.047578
v 0.589535 0.875114 -0.047578
v -0.365923 1.564813 0.264347
v -0.357832 1.564813 0.264414
v -0.360140 1.564813 0.264414
v -0.432420 1.564813 0.264414
v -0.439400 1.564813 0.264414
v -0.441567 1.564813 0.264414
v -0.291296 1.447727 0.206382
v -0.291221 1.447727 0.144849
v -0.291371 1.447727 0.139931
v -0.316138 1.447727 0.206382
v -0.316116 1.447727 0.127636
v -0.316160 1.447727 0.123275
v -0.268416 1.484052 0.206382
v -0.268313 1.484052 0.184271
v -0.268520 1.484052 0.188697
v -0.291296 1.484052 0.206382
v -0.291371 1.484052 0.167530
v -0.291221 1.484052 0.172448
v -0.316138 1.484052 0.206382
v -0.316160 1.484052 0.150874
v -0.316116 1.484052 0.155235
v -0.265065 1.465890 0.264616
v -0.276628 1.450070 0.264616
v -0.344446 1.447727 0.264616
v -0.508150 1.447727 0.206382
v -0.508076 1.447727 0.139931
v -0.508225 1.447727 0.144849
v -0.483308 1.447727 0.206382
v -0.483287 1.447727 0.123275
v -0.483330 1.447727 0.127636
v -0.531030 1.484052 0.206382
v -0.530927 1.484052 0.188697
v -0.531133 1.484052 0.184271
v -0.508150 1.484052 0.206382
v -0.508225 1.484052 0.172448
v -0.508076 1.484052 0.167530
v -0.483308 1.484052 0.206382
v -0.483330 1.484052 0.155235
v -0.483287 1.484052 0.150874
v -0.344447 1.360279 0.103809
v -0.252162 1.360279 0.079438
v -0.252162 1.360279 0.103816
v -0.252162 1.443990 0.103816
v -0.252162 1.443990 0.079438
v -0.344447 1.443990 0.103809
v -0.454999 1.360279 0.103809
v -0.547284 1.360279 0.103817
v -0.547284 1.360279 0.079438
v -0.547284 1.443990 0.103817
v -0.454999 1.443990 0.103809
v -0.547284 1.443990 0.079438
v -0.359979 1.360516 -0.228009
v -0.439180 1.360516 -0.228009
v -0.445771 1.390774 -0.241581
v -0.353387 1.390774 -0.241581
v -0.445771 1.443309 -0.265143
v -0.353387 1.443309 -0.265143
v -0.438738 1.354502 -0.258441
v -0.444358 1.356538 -0.259354
v -0.445902 1.360605 -0.261178
v -0.439180 1.360605 -0.261178
v -0.360420 1.354502 -0.258441
v -0.359979 1.360605 -0.261178
v -0.354800 1.356538 -0.259354
v -0.353256 1.360605 -0.261178
v -0.353387 1.390863 -0.274749
v -0.346647 1.390863 -0.274749
v -0.452512 1.390863 -0.274749
v -0.445771 1.390863 -0.274749
v -0.452512 1.443398 -0.298312
v -0.445771 1.443398 -0.298312
v -0.450716 1.447446 -0.300128
v -0.445771 1.449482 -0.301041
v -0.353387 1.443398 -0.298312
v -0.353387 1.449482 -0.301041
v -0.346647 1.443398 -0.298312
v -0.348442 1.447446 -0.300128
v -0.439180 1.360516 -0.228009
v -0.359979 1.360516 -0.228009
v -0.359979 1.360605 -0.261178
v -0.439180 1.360605 -0.261178
v -0.445771 1.390774 -0.241581
v -0.439180 1.360516 -0.228009
v -0.439180 1.360605 -0.261178
v -0.445771 1.390863 -0.274749
v -0.445771 1.443309 -0.265143
v -0.445771 1.443398 -0.298312
v -0.353387 1.443309 -0.265143
v -0.445771 1.443309 -0.265143
v -0.445771 1.443398 -0.298312
v -0.353387 1.443398 -0.298312
v -0.353387 1.390774 -0.241581
v -0.353387 1.443309 -0.265143
v -0.353387 1.443398 -0.298312
v -0.353387 1.390863 -0.274749
v -0.359979 1.360516 -0.228009
v -0.359979 1.360605 -0.261178
v -0.168170 1.447522 0.115139
v -0.168164 1.443484 0.115139
v -0.168165 1.443484 0.115136
v -0.168161 1.447522 0.115136
v -0.631006 1.443328 0.115136
v -0.631015 1.447366 0.115136
v -0.630997 1.447366 0.115133
v -0.631009 1.443328 0.115133
v -0.326554 1.390886 0.175987
v -0.335672 1.360706 0.175987
v -0.335672 1.360706 0.103421
v -0.326554 1.390886 0.103421
v -0.326554 1.443285 0.175987
v -0.326554 1.443285 0.103421
v -0.472605 1.390886 0.175987
v -0.472605 1.443285 0.175987
v -0.472605 1.443285 0.103421
v -0.472605 1.390886 0.103421
v -0.463486 1.360706 0.175987
v -0.463486 1.360706 0.103421
v -0.168164 1.443484 0.115139
v -0.168170 1.447522 0.115139
v -0.168170 1.447522 0.175163
v -0.168164 1.443484 0.175163
v -0.168170 1.447522 0.264652
v -0.168164 1.443484 0.264652
v -0.343111 1.447323 -0.235780
v -0.348442 1.447446 -0.300128
v -0.353387 1.449482 -0.301041
v -0.348572 1.449354 -0.235780
v -0.344093 1.449354 -0.169856
v -0.338152 1.447323 -0.169856
v -0.340371 1.449354 -0.100109
v -0.334032 1.447323 -0.100109
v -0.339045 1.449354 -0.065720
v -0.332564 1.447323 -0.065720
v -0.445771 1.449482 -0.301041
v -0.450586 1.449354 -0.235780
v -0.455065 1.449354 -0.169856
v -0.458787 1.449354 -0.100109
v -0.460113 1.449354 -0.065720
v -0.463305 1.449354 0.103421
v -0.335853 1.449354 0.103421
v -0.450716 1.447446 -0.300128
v -0.456047 1.447323 -0.235780
v -0.461006 1.447323 -0.169856
v -0.465126 1.447323 -0.100109
v -0.466594 1.447323 -0.065720
v -0.470128 1.447323 0.103421
v -0.470128 1.447323 0.175987
v -0.463305 1.449354 0.175987
v -0.335853 1.449354 0.175987
v -0.329031 1.447323 0.103421
v -0.542374 1.447447 0.018132
v -0.542391 1.447447 0.103340
v -0.542392 1.447447 0.175162
v -0.470128 1.447323 0.264610
v -0.463305 1.449354 0.264610
v -0.335853 1.449354 0.264610
v -0.329031 1.447323 0.175987
v -0.631015 1.447366 0.115136
v -0.631015 1.447366 0.175160
v -0.542392 1.447447 0.264630
v -0.630997 1.447366 0.115133
v -0.631015 1.447366 0.264630
v -0.329031 1.447323 0.264610
v -0.256793 1.447447 0.264619
v -0.256793 1.447447 0.175162
v -0.256793 1.447447 0.103340
v -0.256785 1.447447 0.018132
v -0.168161 1.447522 0.115136
v -0.168170 1.447522 0.115139
v -0.168170 1.447522 0.264652
v -0.168170 1.447522 0.175163
v -0.631015 1.447366 0.115136
v -0.631006 1.443328 0.115136
v -0.631006 1.443328 0.175160
v -0.631015 1.447366 0.175160
v -0.631006 1.443328 0.263783
v -0.631015 1.447366 0.264630
v -0.472605 1.443285 0.175987
v -0.472605 1.443285 0.264610
v -0.542383 1.443409 0.264630
v -0.542383 1.443409 0.175162
v -0.472605 1.443285 0.103421
v -0.542383 1.443409 0.103340
v -0.468947 1.443285 -0.065720
v -0.542386 1.443409 0.018132
v -0.631009 1.443328 0.115133
v -0.631006 1.443328 0.115136
v -0.631006 1.443328 0.263783
v -0.631006 1.443328 0.175160
v -0.168161 1.447522 0.115136
v -0.168165 1.443484 0.115136
v -0.256788 1.443409 0.018132
v -0.256785 1.447447 0.018132
v -0.330211 1.443285 -0.065720
v -0.332564 1.447323 -0.065720
v -0.331731 1.443285 -0.100109
v -0.334032 1.447323 -0.100109
v -0.335996 1.443285 -0.169856
v -0.338152 1.447323 -0.169856
v -0.341129 1.443285 -0.235780
v -0.343111 1.447323 -0.235780
v -0.348442 1.447446 -0.300128
v -0.331731 1.390886 -0.100109
v -0.335996 1.390886 -0.169856
v -0.341129 1.390886 -0.235780
v -0.346647 1.443398 -0.298312
v -0.330211 1.390886 -0.065720
v -0.340203 1.360706 -0.100109
v -0.343936 1.360706 -0.169856
v -0.348427 1.360706 -0.235780
v -0.346647 1.390863 -0.274749
v -0.326554 1.443285 0.103421
v -0.326554 1.390886 0.103421
v -0.338873 1.360706 -0.065720
v -0.342182 1.356649 -0.100109
v -0.345790 1.356649 -0.169856
v -0.350132 1.356649 -0.235780
v -0.353256 1.360605 -0.261178
v -0.338351 1.360706 -0.033333
v -0.340897 1.356649 -0.065720
v -0.335672 1.360706 0.103421
v -0.354800 1.356538 -0.259354
v -0.340384 1.356649 -0.033331
v -0.251847 1.360718 0.061951
v -0.251850 1.356662 0.061953
v -0.248766 1.360641 0.065169
v -0.249514 1.358089 0.064512
v -0.248778 1.360619 0.103280
v -0.249523 1.358089 0.103280
v -0.248809 1.360619 0.104623
v -0.249554 1.358088 0.104622
v -0.251882 1.390774 0.061956
v -0.248801 1.390696 0.065174
v -0.248813 1.390675 0.103285
v -0.248844 1.390674 0.104627
v -0.251845 1.443511 0.061961
v -0.248764 1.443433 0.065179
v -0.248776 1.443412 0.103290
v -0.248807 1.443411 0.104632
v -0.168164 1.443484 0.264652
v -0.168170 1.447522 0.264652
v -0.256793 1.447447 0.264619
v -0.256787 1.443409 0.264619
v -0.329031 1.447323 0.264610
v -0.326554 1.443285 0.264610
v -0.335853 1.443285 0.264610
v -0.335853 1.390886 0.264610
v -0.289874 1.391063 0.264610
v -0.289874 1.443462 0.264610
v -0.285975 1.391050 0.264610
v -0.285975 1.443449 0.264610
v -0.335853 1.449354 0.264610
v -0.463305 1.443285 0.264610
v -0.463305 1.390886 0.264610
v -0.454212 1.360706 0.264610
v -0.344947 1.360706 0.264610
v -0.463305 1.449354 0.264610
v -0.472605 1.443285 0.264610
v -0.472605 1.390886 0.264610
v -0.463486 1.360706 0.264610
v -0.461356 1.356649 0.264610
v -0.453603 1.356644 0.264610
v -0.470128 1.447323 0.264610
v -0.542392 1.447447 0.264630
v -0.542383 1.443409 0.264630
v -0.631015 1.447366 0.264630
v -0.631006 1.443328 0.263783
v -0.345555 1.356644 0.264610
v -0.335672 1.360706 0.264610
v -0.299408 1.360882 0.264610
v -0.295840 1.360870 0.264610
v -0.337803 1.356649 0.264610
v -0.299429 1.356826 0.264610
v -0.296817 1.357925 0.264610
v -0.509285 1.443462 0.264610
v -0.509285 1.391063 0.264610
v -0.499751 1.360882 0.264610
v -0.499729 1.356826 0.264610
v -0.503319 1.360870 0.264610
v -0.502342 1.357925 0.264610
v -0.513184 1.443449 0.264610
v -0.513184 1.391050 0.264610
v -0.168164 1.443484 0.175163
v -0.168164 1.443484 0.264652
v -0.256787 1.443409 0.264619
v -0.256787 1.443409 0.175162
v -0.168164 1.443484 0.115139
v -0.256787 1.443409 0.103340
v -0.256788 1.443409 0.018132
v -0.168165 1.443484 0.115136
v -0.326554 1.443285 0.264610
v -0.326554 1.443285 0.175987
v -0.326554 1.443285 0.103421
v -0.330211 1.443285 -0.065720
v -0.631009 1.443328 0.115133
v -0.630997 1.447366 0.115133
v -0.542374 1.447447 0.018132
v -0.542386 1.443409 0.018132
v -0.466594 1.447323 -0.065720
v -0.468947 1.443285 -0.065720
v -0.465126 1.447323 -0.100109
v -0.467428 1.443285 -0.100109
v -0.468947 1.390886 -0.065720
v -0.472605 1.390886 0.103421
v -0.472605 1.443285 0.103421
v -0.461006 1.447323 -0.169856
v -0.463162 1.443285 -0.169856
v -0.467428 1.390886 -0.100109
v -0.460285 1.360706 -0.065720
v -0.460828 1.360706 -0.033335
v -0.463486 1.360706 0.103421
v -0.456047 1.447323 -0.235780
v -0.458030 1.443285 -0.235780
v -0.463162 1.390886 -0.169856
v -0.458955 1.360706 -0.100109
v -0.458262 1.356649 -0.065720
v -0.458800 1.356649 -0.033333
v -0.547352 1.356665 0.061953
v -0.547337 1.360721 0.061951
v -0.452512 1.443398 -0.298312
v -0.452512 1.390863 -0.274749
v -0.458030 1.390886 -0.235780
v -0.455223 1.360706 -0.169856
v -0.456976 1.356649 -0.100109
v -0.450716 1.447446 -0.300128
v -0.453368 1.356649 -0.169856
v -0.450731 1.360706 -0.235780
v -0.449026 1.356649 -0.235780
v -0.444358 1.356538 -0.259354
v -0.445902 1.360605 -0.261178
v -0.549814 1.357967 0.064510
v -0.550419 1.360633 0.065167
v -0.550399 1.390688 0.065167
v -0.547318 1.390776 0.061950
v -0.550377 1.443424 0.065167
v -0.547295 1.443512 0.061950
v -0.549791 1.357967 0.103265
v -0.550436 1.360633 0.103265
v -0.550416 1.390688 0.103265
v -0.550394 1.443424 0.103264
v -0.549808 1.357967 0.104607
v -0.550453 1.360633 0.104607
v -0.550433 1.390688 0.104607
v -0.550411 1.443424 0.104607
v -0.299408 1.360882 0.175987
v -0.299408 1.360882 0.103421
v -0.335672 1.360706 0.103421
v -0.335672 1.360706 0.175987
v -0.499751 1.360882 0.103421
v -0.499751 1.360882 0.175987
v -0.463486 1.360706 0.175987
v -0.463486 1.360706 0.103421
v -0.285998 1.443444 0.175987
v -0.285998 1.443444 0.103421
v -0.289902 1.443457 0.103421
v -0.289902 1.443457 0.175987
v -0.326554 1.390886 0.175987
v -0.326554 1.443285 0.175987
v -0.289874 1.443462 0.175987
v -0.289874 1.391063 0.175987
v -0.335672 1.360706 0.175987
v -0.299408 1.360882 0.175987
v -0.285975 1.391050 0.175987
v -0.295839 1.360870 0.175987
v -0.285975 1.443449 0.175987
v -0.326554 1.443285 0.175987
v -0.326554 1.443285 0.264610
v -0.289874 1.443462 0.264610
v -0.289874 1.443462 0.175987
v -0.285975 1.443449 0.264610
v -0.285975 1.443449 0.175987
v -0.472605 1.443285 0.264610
v -0.472605 1.443285 0.175987
v -0.509285 1.443462 0.175987
v -0.509285 1.443462 0.264610
v -0.513184 1.443449 0.175987
v -0.513184 1.443449 0.264610
v -0.472605 1.390886 0.175987
v -0.463486 1.360706 0.175987
v -0.499751 1.360882 0.175987
v -0.509285 1.391063 0.175987
v -0.472605 1.443285 0.175987
v -0.509285 1.443462 0.175987
v -0.513184 1.391050 0.175987
v -0.513184 1.443449 0.175987
v -0.503319 1.360870 0.175987
v -0.513160 1.443444 0.103421
v -0.513160 1.443444 0.175987
v -0.509256 1.443457 0.175987
v -0.509256 1.443457 0.103421
v -0.299408 1.360882 0.103421
v -0.299408 1.360882 0.175987
v -0.289939 1.391080 0.175987
v -0.289939 1.391080 0.103421
v -0.289902 1.443457 0.175987
v -0.289902 1.443457 0.103421
v -0.299408 1.360882 0.175987
v -0.295839 1.360870 0.175987
v -0.286034 1.391067 0.175987
v -0.289939 1.391080 0.175987
v -0.285998 1.443444 0.175987
v -0.289902 1.443457 0.175987
v -0.285975 1.391050 0.175987
v -0.285975 1.443449 0.175987
v -0.285975 1.443449 0.264610
v -0.285975 1.391050 0.264610
v -0.295839 1.360870 0.175987
v -0.295840 1.360870 0.264610
v -0.296817 1.357925 0.175987
v -0.296817 1.357925 0.103421
v -0.295839 1.360870 0.103421
v -0.286034 1.391067 0.103421
v -0.286034 1.391067 0.175987
v -0.285998 1.443444 0.103421
v -0.285998 1.443444 0.175987
v -0.296817 1.357925 0.264610
v -0.295839 1.360870 0.103421
v -0.296817 1.357925 0.103421
v -0.299429 1.356826 0.103421
v -0.299408 1.360882 0.103421
v -0.289939 1.391080 0.103421
v -0.286034 1.391067 0.103421
v -0.289902 1.443457 0.103421
v -0.285998 1.443444 0.103421
v -0.337803 1.356649 0.103421
v -0.335672 1.360706 0.103421
v -0.499751 1.360882 0.175987
v -0.499751 1.360882 0.103421
v -0.509220 1.391080 0.103421
v -0.509220 1.391080 0.175987
v -0.509256 1.443457 0.103421
v -0.509256 1.443457 0.175987
v -0.463486 1.360706 0.103421
v -0.461356 1.356649 0.103421
v -0.499729 1.356826 0.103421
v -0.499751 1.360882 0.103421
v -0.502342 1.357925 0.103421
v -0.503319 1.360870 0.103421
v -0.513124 1.391067 0.103421
v -0.509220 1.391080 0.103421
v -0.513160 1.443444 0.103421
v -0.509256 1.443457 0.103421
v -0.503319 1.360870 0.103421
v -0.502342 1.357925 0.103421
v -0.502342 1.357925 0.175987
v -0.503319 1.360870 0.175987
v -0.513124 1.391067 0.175987
v -0.513124 1.391067 0.103421
v -0.513160 1.443444 0.175987
v -0.513160 1.443444 0.103421
v -0.502342 1.357925 0.264610
v -0.503319 1.360870 0.264610
v -0.513184 1.391050 0.175987
v -0.513184 1.391050 0.264610
v -0.513184 1.443449 0.175987
v -0.513184 1.443449 0.264610
v -0.503319 1.360870 0.175987
v -0.499751 1.360882 0.175987
v -0.509220 1.391080 0.175987
v -0.513124 1.391067 0.175987
v -0.509256 1.443457 0.175987
v -0.513160 1.443444 0.175987
v -0.251859 1.356662 0.103269
v -0.251860 1.360696 0.103269
v -0.335672 1.360706 0.103421
v -0.337803 1.356649 0.103421
v -0.251860 1.360696 0.103269
v -0.251847 1.360718 0.061951
v -0.338351 1.360706 -0.033333
v -0.335672 1.360706 0.103421
v -0.547355 1.360721 0.103271
v -0.547328 1.356665 0.103271
v -0.461356 1.356649 0.103421
v -0.463486 1.360706 0.103421
v -0.547337 1.360721 0.061951
v -0.547355 1.360721 0.103271
v -0.463486 1.360706 0.103421
v -0.460828 1.360706 -0.033335
v -0.296817 1.357925 0.175987
v -0.296817 1.357925 0.264610
v -0.299429 1.356826 0.264610
v -0.299429 1.356826 0.175987
v -0.296817 1.357925 0.103421
v -0.299429 1.356826 0.103421
v -0.337803 1.356649 0.175987
v -0.337803 1.356649 0.103421
v -0.337803 1.356649 0.264610
v -0.345555 1.356644 0.175987
v -0.345555 1.356644 0.103421
v -0.347806 1.354971 -0.033326
v -0.340384 1.356649 -0.033331
v -0.251850 1.356662 0.061953
v -0.251859 1.356662 0.103269
v -0.345555 1.356644 0.264610
v -0.453603 1.356644 0.175987
v -0.453603 1.356644 0.103421
v -0.451372 1.354969 -0.033328
v -0.450897 1.354619 -0.065720
v -0.348261 1.354619 -0.065720
v -0.340897 1.356649 -0.065720
v -0.453603 1.356644 0.264610
v -0.461356 1.356649 0.175987
v -0.461356 1.356649 0.103421
v -0.458800 1.356649 -0.033333
v -0.458262 1.356649 -0.065720
v -0.456976 1.356649 -0.100109
v -0.449773 1.354619 -0.100109
v -0.461356 1.356649 0.264610
v -0.499729 1.356826 0.264610
v -0.499729 1.356826 0.175987
v -0.499729 1.356826 0.103421
v -0.502342 1.357925 0.175987
v -0.502342 1.357925 0.103421
v -0.502342 1.357925 0.264610
v -0.453368 1.356649 -0.169856
v -0.446618 1.354619 -0.169856
v -0.349385 1.354619 -0.100109
v -0.342182 1.356649 -0.100109
v -0.352540 1.354619 -0.169856
v -0.345790 1.356649 -0.169856
v -0.449026 1.356649 -0.235780
v -0.442821 1.354619 -0.235780
v -0.444358 1.356538 -0.259354
v -0.438738 1.354502 -0.258441
v -0.356338 1.354619 -0.235780
v -0.350132 1.356649 -0.235780
v -0.360420 1.354502 -0.258441
v -0.354800 1.356538 -0.259354
v -0.547328 1.356665 0.103271
v -0.547352 1.356665 0.061953
v -0.251847 1.360718 0.061951
v -0.251860 1.360696 0.103269
v -0.251895 1.390752 0.103274
v -0.251882 1.390774 0.061956
v -0.251857 1.443488 0.103279
v -0.251845 1.443511 0.061961
v -0.547355 1.360721 0.103271
v -0.547337 1.360721 0.061951
v -0.547318 1.390776 0.061950
v -0.547336 1.390777 0.103270
v -0.547295 1.443512 0.061950
v -0.547313 1.443512 0.103270
v -0.299410 1.360697 0.103260
v -0.299410 1.356662 0.103260
v -0.299434 1.356661 0.104603
v -0.299434 1.360696 0.104603
v -0.290007 1.390752 0.103265
v -0.289998 1.390752 0.104607
v -0.289975 1.443489 0.103270
v -0.290002 1.443488 0.104612
v -0.499779 1.360718 0.104596
v -0.499759 1.356662 0.104596
v -0.499745 1.356662 0.103254
v -0.499766 1.360718 0.103254
v -0.509198 1.390773 0.104596
v -0.509183 1.390773 0.103254
v -0.509179 1.443509 0.104596
v -0.509164 1.443509 0.103254
v -0.251859 1.356662 0.103269
v -0.251850 1.356662 0.061953
v -0.249514 1.358089 0.064512
v -0.249523 1.358089 0.103280
v -0.249554 1.358088 0.104622
v -0.251890 1.356661 0.104612
v -0.260750 1.356661 0.104603
v -0.260719 1.356662 0.103261
v -0.299434 1.356661 0.104603
v -0.299410 1.356662 0.103260
v -0.299434 1.360696 0.104603
v -0.299434 1.356661 0.104603
v -0.260750 1.356661 0.104603
v -0.260751 1.360696 0.104603
v -0.289998 1.390752 0.104607
v -0.260786 1.390751 0.104608
v -0.290002 1.443488 0.104612
v -0.260748 1.443488 0.104613
v -0.251926 1.390751 0.104617
v -0.251888 1.443488 0.104621
v -0.251890 1.356661 0.104612
v -0.251891 1.360695 0.104612
v -0.248844 1.390674 0.104627
v -0.248807 1.443411 0.104632
v -0.249554 1.358088 0.104622
v -0.248809 1.360619 0.104623
v -0.251888 1.443488 0.104621
v -0.248807 1.443411 0.104632
v -0.248776 1.443412 0.103290
v -0.251857 1.443488 0.103279
v -0.260717 1.443489 0.103271
v -0.260748 1.443488 0.104613
v -0.289975 1.443489 0.103270
v -0.290002 1.443488 0.104612
v -0.251845 1.443511 0.061961
v -0.248764 1.443433 0.065179
v -0.251860 1.360696 0.103269
v -0.251859 1.356662 0.103269
v -0.260719 1.356662 0.103261
v -0.260720 1.360696 0.103261
v -0.251895 1.390752 0.103274
v -0.260755 1.390752 0.103266
v -0.251857 1.443488 0.103279
v -0.260717 1.443489 0.103271
v -0.290007 1.390752 0.103265
v -0.289975 1.443489 0.103270
v -0.299410 1.356662 0.103260
v -0.299410 1.360697 0.103260
v -0.547336 1.390777 0.103270
v -0.547313 1.443512 0.103270
v -0.538451 1.443511 0.103264
v -0.538474 1.390775 0.103265
v -0.547355 1.360721 0.103271
v -0.538493 1.360720 0.103265
v -0.547328 1.356665 0.103271
v -0.538466 1.356664 0.103265
v -0.499766 1.360718 0.103254
v -0.499745 1.356662 0.103254
v -0.509164 1.443509 0.103254
v -0.509183 1.390773 0.103254
v -0.547313 1.443512 0.103270
v -0.547295 1.443512 0.061950
v -0.550377 1.443424 0.065167
v -0.550394 1.443424 0.103264
v -0.550411 1.443424 0.104607
v -0.547330 1.443512 0.104613
v -0.538468 1.443510 0.104607
v -0.538451 1.443511 0.103264
v -0.509179 1.443509 0.104596
v -0.509164 1.443509 0.103254
v -0.547330 1.443512 0.104613
v -0.550411 1.443424 0.104607
v -0.550433 1.390688 0.104607
v -0.547352 1.390776 0.104613
v -0.538491 1.390775 0.104607
v -0.538468 1.443510 0.104607
v -0.509198 1.390773 0.104596
v -0.509179 1.443509 0.104596
v -0.550453 1.360633 0.104607
v -0.547372 1.360721 0.104613
v -0.538510 1.360720 0.104607
v -0.499779 1.360718 0.104596
v -0.547345 1.356665 0.104613
v -0.538483 1.356663 0.104607
v -0.499759 1.356662 0.104596
v -0.549808 1.357967 0.104607
v -0.547345 1.356665 0.104613
v -0.549808 1.357967 0.104607
v -0.549791 1.357967 0.103265
v -0.547328 1.356665 0.103271
v -0.538466 1.356664 0.103265
v -0.538483 1.356663 0.104607
v -0.499745 1.356662 0.103254
v -0.499759 1.356662 0.104596
v -0.547352 1.356665 0.061953
v -0.549814 1.357967 0.064510
v -0.336614 1.447688 0.221221
v -0.335007 1.447688 0.264414
v -0.339066 1.447688 0.264414
v -0.340573 1.447688 0.221221
v -0.337322 1.447688 0.204454
v -0.341236 1.447688 0.204454
v -0.339618 1.447688 0.159438
v -0.343387 1.447688 0.159438
v -0.342709 1.447688 0.104317
v -0.357832 1.447688 0.264414
v -0.358509 1.447688 0.221221
v -0.441567 1.447688 0.264414
v -0.440890 1.447688 0.221221
v -0.460374 1.447688 0.264414
v -0.458867 1.447688 0.221221
v -0.464432 1.447688 0.264414
v -0.462825 1.447688 0.221221
v -0.458203 1.447688 0.204454
v -0.462117 1.447688 0.204454
v -0.456052 1.447688 0.159438
v -0.459821 1.447688 0.159438
v -0.453154 1.447688 0.104317
v -0.456730 1.447688 0.104317
v -0.451748 1.447688 0.085399
v -0.455230 1.447688 0.085399
v -0.449139 1.447688 0.041849
v -0.452446 1.447688 0.041849
v -0.446200 1.447688 -0.010763
v -0.449311 1.447688 -0.010763
v -0.444104 1.447688 -0.062075
v -0.447074 1.447688 -0.062075
v -0.442201 1.447688 -0.118291
v -0.445044 1.447688 -0.118291
v -0.436080 1.447688 -0.168967
v -0.443176 1.447688 -0.168967
v -0.432984 1.441796 -0.228077
v -0.424782 1.441796 -0.236648
v -0.428420 1.447688 -0.168967
v -0.419838 1.441796 -0.236648
v -0.379650 1.441796 -0.236648
v -0.370979 1.447688 -0.168967
v -0.435210 1.441796 -0.228077
v -0.374870 1.441796 -0.236648
v -0.366455 1.441796 -0.228077
v -0.363360 1.447688 -0.168967
v -0.364229 1.441796 -0.228077
v -0.356264 1.447688 -0.168967
v -0.357238 1.447688 -0.118291
v -0.354395 1.447688 -0.118291
v -0.355336 1.447688 -0.062075
v -0.352366 1.447688 -0.062075
v -0.353239 1.447688 -0.010763
v -0.350129 1.447688 -0.010763
v -0.350300 1.447688 0.041849
v -0.346993 1.447688 0.041849
v -0.347691 1.447688 0.085399
v -0.344210 1.447688 0.085399
v -0.346285 1.447688 0.104317
v -0.345574 1.564815 0.264414
v -0.343164 1.563593 0.264414
v -0.344569 1.563593 0.221221
v -0.346919 1.564815 0.221221
v -0.357832 1.564813 0.264414
v -0.358509 1.564821 0.221193
v -0.360780 1.564781 0.221204
v -0.360140 1.564813 0.264414
v -0.365923 1.564813 0.264347
v -0.345188 1.563593 0.204454
v -0.347511 1.564815 0.204454
v -0.358847 1.564821 0.204461
v -0.361100 1.564781 0.204505
v -0.365882 1.564820 0.221204
v -0.432420 1.564813 0.264414
v -0.389035 1.564820 0.221204
v -0.410083 1.564820 0.221204
v -0.432414 1.564820 0.221204
v -0.438760 1.564781 0.221204
v -0.439400 1.564813 0.264414
v -0.366229 1.564820 0.204505
v -0.389035 1.564820 0.204505
v -0.410083 1.564820 0.204505
v -0.432243 1.564820 0.204505
v -0.438440 1.564781 0.204505
v -0.440552 1.564821 0.204460
v -0.440890 1.564821 0.221193
v -0.441567 1.564813 0.264414
v -0.389035 1.564970 0.131304
v -0.410083 1.564970 0.131304
v -0.369318 1.565150 0.104313
v -0.429782 1.565150 0.104313
v -0.370036 1.564724 0.085395
v -0.429050 1.564724 0.085395
v -0.435260 1.562787 0.085395
v -0.435900 1.563225 0.104313
v -0.364280 1.562787 0.085395
v -0.363640 1.563225 0.104313
v -0.453865 1.564815 0.264414
v -0.452520 1.564815 0.221221
v -0.456275 1.563593 0.264414
v -0.454870 1.563593 0.221221
v -0.451928 1.564815 0.204453
v -0.454252 1.563593 0.204454
v -0.446231 1.560030 0.104399
v -0.448354 1.558808 0.104399
v -0.451056 1.560983 0.159520
v -0.448818 1.562205 0.159520
v -0.436680 1.560030 0.104399
v -0.438370 1.562205 0.159520
v -0.436310 1.563019 0.159520
v -0.434710 1.561913 0.104395
v -0.430343 1.563658 0.159638
v -0.428592 1.563838 0.104395
v -0.453062 1.562281 0.204535
v -0.450739 1.563503 0.204535
v -0.439363 1.563509 0.204542
v -0.437251 1.563469 0.204587
v -0.431054 1.563508 0.204587
v -0.408894 1.563508 0.204587
v -0.408894 1.563658 0.131386
v -0.348705 1.563507 0.204536
v -0.346381 1.562285 0.204536
v -0.348388 1.560987 0.159520
v -0.350626 1.562209 0.159520
v -0.360040 1.563513 0.204543
v -0.361034 1.562209 0.159520
v -0.363234 1.563023 0.159520
v -0.362294 1.563473 0.204587
v -0.367423 1.563512 0.204587
v -0.351089 1.558813 0.104399
v -0.353212 1.560034 0.104399
v -0.362724 1.560034 0.104399
v -0.364834 1.561918 0.104395
v -0.368821 1.563663 0.159639
v -0.390229 1.563512 0.204587
v -0.390229 1.563663 0.131387
v -0.370512 1.563842 0.104395
v -0.446165 1.559951 0.085399
v -0.448232 1.558729 0.085399
v -0.449544 1.560120 0.104317
v -0.447421 1.561342 0.104317
v -0.437193 1.560140 0.085368
v -0.437869 1.561342 0.104317
v -0.353274 1.559951 0.085399
v -0.362206 1.560140 0.085368
v -0.361530 1.561342 0.104317
v -0.352019 1.561342 0.104317
v -0.351207 1.558729 0.085399
v -0.349896 1.560120 0.104317
v -0.446165 1.558232 0.085833
v -0.437193 1.558422 0.085802
v -0.435165 1.552045 0.042282
v -0.443836 1.552045 0.042282
v -0.448232 1.557011 0.085833
v -0.445800 1.550823 0.042282
v -0.441213 1.538911 -0.010329
v -0.443060 1.537690 -0.010329
v -0.439341 1.522851 -0.063599
v -0.441104 1.521437 -0.062795
v -0.433475 1.538911 -0.010329
v -0.431789 1.522851 -0.063599
v -0.353274 1.558232 0.085833
v -0.351207 1.557011 0.085833
v -0.353639 1.550823 0.042282
v -0.355603 1.552045 0.042282
v -0.362206 1.558422 0.085802
v -0.364234 1.552045 0.042282
v -0.358227 1.538911 -0.010329
v -0.365924 1.538911 -0.010329
v -0.360098 1.522851 -0.063599
v -0.367610 1.522851 -0.063599
v -0.356380 1.537690 -0.010329
v -0.358335 1.521437 -0.062795
v -0.428875 1.518079 -0.118263
v -0.430145 1.534370 -0.068895
v -0.425616 1.536372 -0.069694
v -0.424390 1.520539 -0.118263
v -0.426956 1.496718 -0.168940
v -0.422992 1.499386 -0.168940
v -0.423512 1.447691 -0.269600
v -0.421829 1.486474 -0.194474
v -0.419838 1.447707 -0.272588
v -0.379650 1.447707 -0.272588
v -0.421985 1.535273 -0.073064
v -0.420846 1.520570 -0.118181
v -0.419449 1.499436 -0.168834
v -0.418425 1.488074 -0.191311
v -0.377806 1.486474 -0.194474
v -0.376267 1.447691 -0.269600
v -0.377130 1.535274 -0.073064
v -0.373512 1.536372 -0.069694
v -0.378090 1.520578 -0.118163
v -0.374546 1.520539 -0.118263
v -0.380288 1.499443 -0.168816
v -0.376746 1.499386 -0.168940
v -0.381222 1.488074 -0.191311
v -0.370664 1.518079 -0.118263
v -0.372584 1.496718 -0.168940
v -0.369395 1.534370 -0.068895
v -0.439341 1.524570 -0.064032
v -0.431789 1.524570 -0.064032
v -0.430448 1.505381 -0.118291
v -0.437643 1.504278 -0.118291
v -0.441104 1.523156 -0.063229
v -0.439331 1.503056 -0.118291
v -0.436080 1.482034 -0.168967
v -0.437698 1.480813 -0.168967
v -0.432984 1.447726 -0.228077
v -0.434464 1.446504 -0.228077
v -0.428420 1.483931 -0.168967
v -0.424782 1.447726 -0.236648
v -0.360098 1.524570 -0.064032
v -0.358335 1.523156 -0.063229
v -0.360109 1.503056 -0.118291
v -0.361797 1.504278 -0.118291
v -0.367610 1.524570 -0.064032
v -0.368951 1.505381 -0.118291
v -0.363360 1.482034 -0.168967
v -0.370979 1.483931 -0.168967
v -0.366455 1.447726 -0.228077
v -0.374870 1.447726 -0.236648
v -0.361741 1.480813 -0.168967
v -0.364975 1.446504 -0.228077
v -0.464432 1.447688 0.264414
v -0.460374 1.447688 0.264414
v -0.460374 1.506592 0.264414
v -0.464432 1.506592 0.264414
v -0.453865 1.561170 0.264414
v -0.457488 1.561170 0.264414
v -0.453865 1.564815 0.264414
v -0.456275 1.563593 0.264414
v -0.357832 1.447688 0.264414
v -0.339066 1.447688 0.264414
v -0.339066 1.506592 0.264414
v -0.357832 1.506592 0.264414
v -0.441567 1.447688 0.264414
v -0.441567 1.506592 0.264414
v -0.460374 1.447688 0.264414
v -0.460374 1.506592 0.264414
v -0.441567 1.561170 0.264414
v -0.453865 1.561170 0.264414
v -0.345574 1.561170 0.264414
v -0.357832 1.561170 0.264414
v -0.365923 1.564813 0.264347
v -0.432420 1.564813 0.264414
v -0.441567 1.564813 0.264414
v -0.453865 1.564815 0.264414
v -0.345574 1.564815 0.264414
v -0.357832 1.564813 0.264414
v -0.339066 1.447688 0.264414
v -0.335007 1.447688 0.264414
v -0.335007 1.506592 0.264414
v -0.339066 1.506592 0.264414
v -0.341951 1.561170 0.264414
v -0.345574 1.561170 0.264414
v -0.343164 1.563593 0.264414
v -0.345574 1.564815 0.264414
v -0.364229 1.441796 -0.228077
v -0.366455 1.441796 -0.228077
v -0.366455 1.442955 -0.228077
v -0.364229 1.442955 -0.228077
v -0.366455 1.444081 -0.228077
v -0.364229 1.444081 -0.228077
v -0.366455 1.447726 -0.228077
v -0.364975 1.446504 -0.228077
v -0.366455 1.441796 -0.228077
v -0.374870 1.441796 -0.236648
v -0.374870 1.442955 -0.236648
v -0.366455 1.442955 -0.228077
v -0.374870 1.444081 -0.236648
v -0.366455 1.444081 -0.228077
v -0.374870 1.447726 -0.236648
v -0.366455 1.447726 -0.228077
v -0.424782 1.441796 -0.236648
v -0.432984 1.441796 -0.228077
v -0.432984 1.442955 -0.228077
v -0.424782 1.442955 -0.236648
v -0.432984 1.444081 -0.228077
v -0.424782 1.444081 -0.236648
v -0.432984 1.447726 -0.228077
v -0.424782 1.447726 -0.236648
v -0.432984 1.441796 -0.228077
v -0.435210 1.441796 -0.228077
v -0.435210 1.442955 -0.228077
v -0.432984 1.442955 -0.228077
v -0.435210 1.444081 -0.228077
v -0.432984 1.444081 -0.228077
v -0.434464 1.446504 -0.228077
v -0.432984 1.447726 -0.228077
v -0.344569 1.563593 0.221221
v -0.343164 1.563593 0.264414
v -0.341951 1.561170 0.264414
v -0.343386 1.561170 0.221221
v -0.345188 1.563593 0.204454
v -0.344018 1.561170 0.204454
v -0.336614 1.506592 0.221221
v -0.337322 1.523852 0.189138
v -0.335007 1.506592 0.264414
v -0.335007 1.447688 0.264414
v -0.336614 1.447688 0.221221
v -0.337322 1.447688 0.204454
v -0.339618 1.522284 0.159438
v -0.339618 1.447688 0.159438
v -0.342709 1.518692 0.091208
v -0.342709 1.447688 0.104317
v -0.344210 1.499481 0.063093
v -0.350166 1.556307 0.085399
v -0.348827 1.557698 0.104317
v -0.350020 1.556390 0.104399
v -0.343903 1.517384 0.091290
v -0.344210 1.447688 0.085399
v -0.346993 1.496552 0.041849
v -0.346993 1.447688 0.041849
v -0.350129 1.489388 -0.010763
v -0.350129 1.447688 -0.010763
v -0.352366 1.485041 -0.039300
v -0.352366 1.447688 -0.062075
v -0.354395 1.471465 -0.118291
v -0.359259 1.500633 -0.118291
v -0.357447 1.521238 -0.062075
v -0.360109 1.503056 -0.118291
v -0.358335 1.523156 -0.063229
v -0.354395 1.447688 -0.118291
v -0.356264 1.455868 -0.168967
v -0.360927 1.478390 -0.168967
v -0.361741 1.480813 -0.168967
v -0.356264 1.447688 -0.168967
v -0.364229 1.442955 -0.228077
v -0.364229 1.444081 -0.228077
v -0.364975 1.446504 -0.228077
v -0.364229 1.441796 -0.228077
v -0.351089 1.558813 0.104399
v -0.349896 1.560120 0.104317
v -0.353212 1.560034 0.104399
v -0.352019 1.561342 0.104317
v -0.362724 1.560034 0.104399
v -0.361530 1.561342 0.104317
v -0.364834 1.561918 0.104395
v -0.351207 1.558729 0.085399
v -0.340812 1.520977 0.159520
v -0.343903 1.517384 0.091290
v -0.350020 1.556390 0.104399
v -0.347261 1.558565 0.159520
v -0.338516 1.522545 0.189221
v -0.345212 1.559863 0.204536
v -0.348388 1.560987 0.159520
v -0.346381 1.562285 0.204536
v -0.351089 1.558813 0.104399
v -0.350129 1.487669 -0.010329
v -0.352366 1.483322 -0.038866
v -0.357447 1.519519 -0.061641
v -0.355450 1.535267 -0.010329
v -0.346993 1.494834 0.042282
v -0.352651 1.548401 0.042282
v -0.344210 1.497763 0.063526
v -0.350166 1.554588 0.085833
v -0.353639 1.550823 0.042282
v -0.351207 1.557011 0.085833
v -0.358335 1.521437 -0.062795
v -0.356380 1.537690 -0.010329
v -0.379650 1.447726 -0.236648
v -0.374870 1.447726 -0.236648
v -0.374870 1.444081 -0.236648
v -0.379650 1.444081 -0.236648
v -0.419838 1.444081 -0.236648
v -0.419838 1.447726 -0.236648
v -0.424782 1.444081 -0.236648
v -0.424782 1.447726 -0.236648
v -0.374870 1.442955 -0.236648
v -0.379650 1.442955 -0.236648
v -0.419838 1.442955 -0.236648
v -0.424782 1.442955 -0.236648
v -0.374870 1.441796 -0.236648
v -0.379650 1.441796 -0.236648
v -0.419838 1.441796 -0.236648
v -0.424782 1.441796 -0.236648
v -0.452446 1.494834 0.042282
v -0.455230 1.497763 0.063526
v -0.449273 1.554588 0.085833
v -0.446789 1.548401 0.042282
v -0.449311 1.487669 -0.010329
v -0.443989 1.535267 -0.010329
v -0.447074 1.483322 -0.038866
v -0.441992 1.519519 -0.061641
v -0.443060 1.537690 -0.010329
v -0.441104 1.521437 -0.062795
v -0.448232 1.557011 0.085833
v -0.445800 1.550823 0.042282
v -0.458632 1.520972 0.159520
v -0.460928 1.522541 0.189220
v -0.454232 1.559859 0.204535
v -0.452183 1.558560 0.159520
v -0.455541 1.517380 0.091290
v -0.449423 1.556386 0.104399
v -0.451056 1.560983 0.159520
v -0.448354 1.558808 0.104399
v -0.453062 1.562281 0.204535
v -0.437698 1.480813 -0.168967
v -0.434464 1.446504 -0.228077
v -0.435210 1.444081 -0.228077
v -0.438513 1.478390 -0.168967
v -0.439331 1.503056 -0.118291
v -0.440180 1.500633 -0.118291
v -0.441104 1.523156 -0.063229
v -0.441992 1.521238 -0.062075
v -0.445044 1.471465 -0.118291
v -0.447074 1.485041 -0.039300
v -0.435210 1.442955 -0.228077
v -0.443176 1.455868 -0.168967
v -0.443176 1.447688 -0.168967
v -0.445044 1.447688 -0.118291
v -0.447074 1.447688 -0.062075
v -0.449311 1.489388 -0.010763
v -0.449311 1.447688 -0.010763
v -0.452446 1.496552 0.041848
v -0.435210 1.441796 -0.228077
v -0.452446 1.447688 0.041849
v -0.455230 1.499481 0.063093
v -0.455230 1.447688 0.085399
v -0.456730 1.518692 0.091208
v -0.450613 1.557698 0.104317
v -0.449273 1.556307 0.085399
v -0.449544 1.560120 0.104317
v -0.448232 1.558729 0.085399
v -0.456730 1.447688 0.104317
v -0.459821 1.522284 0.159438
v -0.459821 1.447688 0.159438
v -0.462117 1.523852 0.189138
v -0.462117 1.447688 0.204454
v -0.462825 1.506592 0.221221
v -0.456053 1.561170 0.221221
v -0.455421 1.561170 0.204454
v -0.454870 1.563593 0.221221
v -0.454252 1.563593 0.204454
v -0.462825 1.447688 0.221221
v -0.464432 1.506592 0.264414
v -0.457488 1.561170 0.264414
v -0.456275 1.563593 0.264414
v -0.464432 1.447688 0.264414
v -0.455541 1.517380 0.091290
v -0.449423 1.556386 0.104399
v -0.448354 1.558808 0.104399
v -0.447421 1.561342 0.104317
v -0.446231 1.560030 0.104399
v -0.437869 1.561342 0.104317
v -0.436680 1.560030 0.104399
v -0.435900 1.563225 0.104313
v -0.437193 1.560140 0.085368
v -0.435260 1.562787 0.085395
v -0.434710 1.561913 0.104395
v -0.429782 1.565150 0.104313
v -0.428592 1.563838 0.104395
v -0.410083 1.564970 0.131304
v -0.408894 1.563658 0.131386
v -0.410083 1.564820 0.204505
v -0.408894 1.563508 0.204587
v -0.432243 1.564820 0.204505
v -0.431054 1.563508 0.204587
v -0.362206 1.560140 0.085368
v -0.364280 1.562787 0.085395
v -0.363640 1.563225 0.104313
v -0.370512 1.563842 0.104395
v -0.369318 1.565150 0.104313
v -0.390229 1.563663 0.131387
v -0.389035 1.564970 0.131304
v -0.390229 1.563512 0.204587
v -0.389035 1.564820 0.204505
v -0.367423 1.563512 0.204587
v -0.366229 1.564820 0.204505
v -0.365924 1.545258 -0.010416
v -0.367610 1.529874 -0.067072
v -0.369395 1.532651 -0.068462
v -0.367800 1.548467 -0.010357
v -0.364234 1.554364 0.042195
v -0.366200 1.557181 0.042254
v -0.364280 1.561068 0.085829
v -0.370036 1.563006 0.085829
v -0.372302 1.550586 -0.010357
v -0.370564 1.559177 0.042254
v -0.427710 1.559177 0.042254
v -0.429050 1.563006 0.085829
v -0.433340 1.557181 0.042254
v -0.435260 1.561068 0.085829
v -0.373512 1.534654 -0.069260
v -0.425616 1.534654 -0.069260
v -0.426492 1.550586 -0.010357
v -0.431740 1.548467 -0.010357
v -0.433475 1.545258 -0.010416
v -0.435165 1.554364 0.042195
v -0.430145 1.532651 -0.068462
v -0.431789 1.529874 -0.067072
v -0.370979 1.483931 -0.168967
v -0.374870 1.447726 -0.236648
v -0.374870 1.447700 -0.257494
v -0.370979 1.491595 -0.168891
v -0.368951 1.505381 -0.118291
v -0.368951 1.513691 -0.118215
v -0.367610 1.524570 -0.064032
v -0.367610 1.531592 -0.067506
v -0.370664 1.518079 -0.118263
v -0.369395 1.534370 -0.068895
v -0.376267 1.447691 -0.269600
v -0.372584 1.496718 -0.168940
v -0.379650 1.447707 -0.272588
v -0.376267 1.447691 -0.269600
v -0.374870 1.447700 -0.257494
v -0.379650 1.447700 -0.257494
v -0.419838 1.447700 -0.257494
v -0.419838 1.447707 -0.272588
v -0.424782 1.447700 -0.257494
v -0.423512 1.447691 -0.269600
v -0.374870 1.447726 -0.236648
v -0.379650 1.447726 -0.236648
v -0.419838 1.447726 -0.236648
v -0.424782 1.447726 -0.236648
v -0.430448 1.505381 -0.118291
v -0.431789 1.524570 -0.064032
v -0.431789 1.531592 -0.067506
v -0.430448 1.513691 -0.118215
v -0.428420 1.483931 -0.168967
v -0.428420 1.491595 -0.168891
v -0.424782 1.447726 -0.236648
v -0.424782 1.447700 -0.257494
v -0.426956 1.496718 -0.168940
v -0.423512 1.447691 -0.269600
v -0.430145 1.534370 -0.068895
v -0.428875 1.518079 -0.118263
v -0.377130 1.521551 -0.066090
v -0.421985 1.521551 -0.066090
v -0.421985 1.535273 -0.073064
v -0.377130 1.535274 -0.073064
v -0.378090 1.513684 -0.110500
v -0.377130 1.521551 -0.066090
v -0.377130 1.535274 -0.073064
v -0.378090 1.520578 -0.118163
v -0.380288 1.496427 -0.162948
v -0.380288 1.499443 -0.168816
v -0.380288 1.499443 -0.168816
v -0.381222 1.488074 -0.191311
v -0.381222 1.491213 -0.180853
v -0.380288 1.496427 -0.162948
v -0.420846 1.513676 -0.110518
v -0.421985 1.521551 -0.066090
v -0.377130 1.521551 -0.066090
v -0.378090 1.513684 -0.110500
v -0.419449 1.496420 -0.162966
v -0.380288 1.496427 -0.162948
v -0.418425 1.491213 -0.180853
v -0.381222 1.491213 -0.180853
v -0.381222 1.488074 -0.191311
v -0.418425 1.488074 -0.191311
v -0.419449 1.499436 -0.168834
v -0.419449 1.496420 -0.162966
v -0.418425 1.491213 -0.180853
v -0.418425 1.488074 -0.191311
v -0.420846 1.513676 -0.110518
v -0.419449 1.496420 -0.162966
v -0.419449 1.499436 -0.168834
v -0.420846 1.520570 -0.118181
v -0.421985 1.521551 -0.066090
v -0.421985 1.535273 -0.073064
v -0.438440 1.564781 0.204505
v -0.432243 1.564820 0.204505
v -0.431054 1.563508 0.204587
v -0.437251 1.563469 0.204587
v -0.440552 1.564821 0.204460
v -0.439363 1.563509 0.204542
v -0.451928 1.564815 0.204453
v -0.450739 1.563503 0.204535
v -0.454252 1.563593 0.204454
v -0.453062 1.562281 0.204535
v -0.455421 1.561170 0.204454
v -0.454232 1.559859 0.204535
v -0.462117 1.523852 0.189138
v -0.460928 1.522541 0.189220
v -0.459821 1.522284 0.159438
v -0.458632 1.520972 0.159520
v -0.456730 1.518692 0.091208
v -0.455541 1.517380 0.091290
v -0.362294 1.563473 0.204587
v -0.367423 1.563512 0.204587
v -0.366229 1.564820 0.204505
v -0.361100 1.564781 0.204505
v -0.360040 1.563513 0.204543
v -0.358847 1.564821 0.204461
v -0.348705 1.563507 0.204536
v -0.347511 1.564815 0.204454
v -0.346381 1.562285 0.204536
v -0.345188 1.563593 0.204454
v -0.345212 1.559863 0.204536
v -0.344018 1.561170 0.204454
v -0.338516 1.522545 0.189221
v -0.337322 1.523852 0.189138
v -0.340812 1.520977 0.159520
v -0.339618 1.522284 0.159438
v -0.343903 1.517384 0.091290
v -0.342709 1.518692 0.091208
v -0.370036 1.563006 0.085829
v -0.429050 1.563006 0.085829
v -0.429050 1.564724 0.085395
v -0.370036 1.564724 0.085395
v -0.364280 1.561068 0.085829
v -0.364280 1.562787 0.085395
v -0.362206 1.558422 0.085802
v -0.364280 1.561068 0.085829
v -0.364280 1.562787 0.085395
v -0.362206 1.560140 0.085368
v -0.353274 1.558232 0.085833
v -0.362206 1.558422 0.085802
v -0.362206 1.560140 0.085368
v -0.353274 1.559951 0.085399
v -0.351207 1.557011 0.085833
v -0.351207 1.558729 0.085399
v -0.350166 1.554588 0.085833
v -0.350166 1.556307 0.085399
v -0.344210 1.497763 0.063526
v -0.344210 1.499481 0.063093
v -0.346993 1.494834 0.042282
v -0.346993 1.496552 0.041849
v -0.350129 1.487669 -0.010329
v -0.350129 1.489388 -0.010763
v -0.352366 1.483322 -0.038866
v -0.352366 1.485041 -0.039300
v -0.357447 1.519519 -0.061641
v -0.357447 1.521238 -0.062075
v -0.358335 1.521437 -0.062795
v -0.358335 1.523156 -0.063229
v -0.360098 1.522851 -0.063599
v -0.360098 1.524570 -0.064032
v -0.367610 1.522851 -0.063599
v -0.367610 1.524570 -0.064032
v -0.367610 1.529874 -0.067072
v -0.367610 1.531592 -0.067506
v -0.369395 1.532651 -0.068462
v -0.369395 1.534370 -0.068895
v -0.373512 1.534654 -0.069260
v -0.373512 1.536372 -0.069694
v -0.425616 1.534654 -0.069260
v -0.425616 1.536372 -0.069694
v -0.430145 1.532651 -0.068462
v -0.425616 1.534654 -0.069260
v -0.425616 1.536372 -0.069694
v -0.430145 1.534370 -0.068895
v -0.431789 1.529874 -0.067072
v -0.431789 1.531592 -0.067506
v -0.431789 1.522851 -0.063599
v -0.431789 1.524570 -0.064032
v -0.439341 1.522851 -0.063599
v -0.431789 1.522851 -0.063599
v -0.439341 1.524570 -0.064032
v -0.435260 1.562787 0.085395
v -0.429050 1.564724 0.085395
v -0.429050 1.563006 0.085829
v -0.435260 1.561068 0.085829
v -0.437193 1.560140 0.085368
v -0.437193 1.558422 0.085802
v -0.446165 1.559951 0.085399
v -0.446165 1.558232 0.085833
v -0.448232 1.558729 0.085399
v -0.448232 1.557011 0.085833
v -0.449273 1.556307 0.085399
v -0.449273 1.554588 0.085833
v -0.455230 1.499481 0.063093
v -0.455230 1.497763 0.063526
v -0.452446 1.496552 0.041848
v -0.452446 1.494834 0.042282
v -0.449311 1.489388 -0.010763
v -0.449311 1.487669 -0.010329
v -0.447074 1.485041 -0.039300
v -0.447074 1.483322 -0.038866
v -0.441992 1.521238 -0.062075
v -0.441992 1.519519 -0.061641
v -0.441104 1.523156 -0.063229
v -0.441104 1.521437 -0.062795
v -0.439341 1.524570 -0.064032
v -0.439341 1.522851 -0.063599
v -0.347564 1.564128 0.230304
v -0.347564 1.564128 0.264616
v -0.342729 1.564128 0.264616
v -0.342729 1.564128 0.230304
v -0.307686 1.506583 0.264616
v -0.307686 1.506583 0.230304
v -0.268417 1.506583 0.264616
v -0.268417 1.506583 0.230304
v -0.254211 1.484052 0.264616
v -0.254211 1.484052 0.230304
v -0.232854 1.447727 0.230304
v -0.232854 1.447727 0.206382
v -0.254211 1.484052 0.206382
v -0.268416 1.484052 0.206382
v -0.344446 1.484052 0.230304
v -0.233428 1.447727 0.264616
v -0.268313 1.484052 0.184271
v -0.254211 1.484052 0.197865
v -0.232854 1.447727 0.197868
v -0.268520 1.484052 0.188697
v -0.291371 1.484052 0.167530
v -0.291296 1.484052 0.206382
v -0.316138 1.484052 0.206382
v -0.344446 1.484052 0.206382
v -0.344446 1.484052 0.132054
v -0.316116 1.484052 0.155235
v -0.316160 1.484052 0.150874
v -0.291221 1.484052 0.172448
v -0.318825 1.479055 0.265020
v -0.327368 1.465916 0.265020
v -0.318825 1.453116 0.265020
v -0.281013 1.453116 0.265020
v -0.281013 1.479055 0.265020
v -0.271658 1.465916 0.265020
v -0.316116 1.484052 0.155235
v -0.316116 1.447727 0.127636
v -0.344446 1.447727 0.104454
v -0.344446 1.484052 0.132054
v -0.316160 1.484052 0.150874
v -0.316160 1.447727 0.123275
v -0.316116 1.447727 0.127636
v -0.316116 1.484052 0.155235
v -0.291221 1.484052 0.172448
v -0.291221 1.447727 0.144849
v -0.316160 1.447727 0.123275
v -0.316160 1.484052 0.150874
v -0.291371 1.484052 0.167530
v -0.291371 1.447727 0.139931
v -0.291221 1.447727 0.144849
v -0.291221 1.484052 0.172448
v -0.268520 1.484052 0.188697
v -0.268520 1.447727 0.161098
v -0.291371 1.447727 0.139931
v -0.291371 1.484052 0.167530
v -0.268313 1.484052 0.184271
v -0.268313 1.447727 0.156671
v -0.268520 1.447727 0.161098
v -0.268520 1.484052 0.188697
v -0.254211 1.484052 0.197865
v -0.232854 1.447727 0.197868
v -0.268313 1.447727 0.156671
v -0.268313 1.484052 0.184271
v -0.268417 1.506583 0.230304
v -0.254211 1.484052 0.230304
v -0.344446 1.484052 0.230304
v -0.307686 1.506583 0.230304
v -0.347564 1.564128 0.230304
v -0.342729 1.564128 0.230304
v -0.344446 1.484052 0.132054
v -0.344446 1.447727 0.104454
v -0.344446 1.447727 0.206382
v -0.344446 1.484052 0.206382
v -0.344446 1.447727 0.230304
v -0.344446 1.484052 0.230304
v -0.344446 1.447727 0.264616
v -0.344446 1.484052 0.264616
v -0.347564 1.564128 0.264616
v -0.347564 1.564128 0.230304
v -0.271658 1.465916 0.265020
v -0.266811 1.465878 0.268161
v -0.265065 1.465890 0.264616
v -0.270175 1.465910 0.264616
v -0.266811 1.465916 0.268161
v -0.271658 1.465916 0.265020
v -0.270175 1.465910 0.264616
v -0.265065 1.465890 0.264616
v -0.307686 1.506583 0.264616
v -0.342729 1.564128 0.264616
v -0.347564 1.564128 0.264616
v -0.344446 1.484052 0.264616
v -0.268417 1.506583 0.264616
v -0.254211 1.484052 0.264616
v -0.323361 1.482128 0.264616
v -0.276628 1.482128 0.264616
v -0.344446 1.447727 0.264616
v -0.233428 1.447727 0.264616
v -0.333919 1.465890 0.264616
v -0.332122 1.465897 0.268161
v -0.322107 1.481300 0.268161
v -0.277778 1.481300 0.268161
v -0.265065 1.465890 0.264616
v -0.266811 1.465916 0.268161
v -0.323361 1.450070 0.264616
v -0.322107 1.450891 0.268161
v -0.318825 1.453116 0.265020
v -0.327368 1.465916 0.265020
v -0.318825 1.479055 0.265020
v -0.281013 1.479055 0.265020
v -0.271658 1.465916 0.265020
v -0.276628 1.450070 0.264616
v -0.277778 1.450891 0.268161
v -0.281013 1.453116 0.265020
v -0.266811 1.465878 0.268161
v -0.566592 1.447727 0.206382
v -0.566592 1.447727 0.197868
v -0.531133 1.447727 0.156671
v -0.545246 1.447727 0.206382
v -0.566593 1.447727 0.230304
v -0.566018 1.447727 0.264616
v -0.455000 1.447727 0.264616
v -0.531030 1.447727 0.206382
v -0.508150 1.447727 0.206382
v -0.483308 1.447727 0.206382
v -0.455000 1.447727 0.230304
v -0.455000 1.447727 0.206382
v -0.455000 1.447727 0.104454
v -0.483330 1.447727 0.127636
v -0.530927 1.447727 0.161098
v -0.508076 1.447727 0.139931
v -0.483287 1.447727 0.123275
v -0.508225 1.447727 0.144849
v -0.456717 1.564128 0.264616
v -0.451882 1.564128 0.264616
v -0.451882 1.564128 0.230304
v -0.456717 1.564128 0.230304
v -0.491760 1.506583 0.264616
v -0.491760 1.506583 0.230304
v -0.531029 1.506583 0.264616
v -0.531029 1.506583 0.230304
v -0.545236 1.484052 0.264616
v -0.545236 1.484052 0.230304
v -0.566593 1.447727 0.230304
v -0.566018 1.447727 0.264616
v -0.566592 1.447727 0.206382
v -0.545236 1.484052 0.206382
v -0.566592 1.447727 0.197868
v -0.545236 1.484052 0.197865
v -0.531133 1.484052 0.184271
v -0.531030 1.484052 0.206382
v -0.455000 1.484052 0.230304
v -0.508150 1.484052 0.206382
v -0.508076 1.484052 0.167530
v -0.530927 1.484052 0.188697
v -0.483308 1.484052 0.206382
v -0.483287 1.484052 0.150874
v -0.508225 1.484052 0.172448
v -0.455000 1.484052 0.206382
v -0.455000 1.484052 0.132054
v -0.483330 1.484052 0.155235
v -0.480621 1.453116 0.265020
v -0.472078 1.465916 0.265020
v -0.480621 1.479055 0.265020
v -0.518433 1.453116 0.265020
v -0.518433 1.479055 0.265020
v -0.527788 1.465916 0.265020
v -0.483330 1.484052 0.155235
v -0.455000 1.484052 0.132054
v -0.455000 1.447727 0.104454
v -0.483330 1.447727 0.127636
v -0.483287 1.484052 0.150874
v -0.483330 1.484052 0.155235
v -0.483330 1.447727 0.127636
v -0.483287 1.447727 0.123275
v -0.508225 1.484052 0.172448
v -0.483287 1.484052 0.150874
v -0.483287 1.447727 0.123275
v -0.508225 1.447727 0.144849
v -0.508076 1.484052 0.167530
v -0.508225 1.484052 0.172448
v -0.508225 1.447727 0.144849
v -0.508076 1.447727 0.139931
v -0.530927 1.484052 0.188697
v -0.508076 1.484052 0.167530
v -0.508076 1.447727 0.139931
v -0.530927 1.447727 0.161098
v -0.531133 1.484052 0.184271
v -0.530927 1.484052 0.188697
v -0.530927 1.447727 0.161098
v -0.531133 1.447727 0.156671
v -0.545236 1.484052 0.197865
v -0.531133 1.484052 0.184271
v -0.531133 1.447727 0.156671
v -0.566592 1.447727 0.197868
v -0.491760 1.506583 0.230304
v -0.456717 1.564128 0.230304
v -0.451882 1.564128 0.230304
v -0.455000 1.484052 0.230304
v -0.531029 1.506583 0.230304
v -0.545236 1.484052 0.230304
v -0.455000 1.447727 0.206382
v -0.455000 1.447727 0.104454
v -0.455000 1.484052 0.132054
v -0.455000 1.484052 0.206382
v -0.455000 1.447727 0.230304
v -0.455000 1.484052 0.230304
v -0.455000 1.447727 0.264616
v -0.455000 1.484052 0.264616
v -0.451882 1.564128 0.264616
v -0.451882 1.564128 0.230304
v -0.527788 1.465916 0.265020
v -0.529271 1.465910 0.264616
v -0.534381 1.465890 0.264616
v -0.532635 1.465878 0.268161
v -0.532635 1.465916 0.268161
v -0.534381 1.465890 0.264616
v -0.529271 1.465910 0.264616
v -0.527788 1.465916 0.265020
v -0.451882 1.564128 0.264616
v -0.456717 1.564128 0.264616
v -0.491760 1.506583 0.264616
v -0.455000 1.484052 0.264616
v -0.531029 1.506583 0.264616
v -0.545236 1.484052 0.264616
v -0.476086 1.482128 0.264616
v -0.465527 1.465890 0.264616
v -0.455000 1.447727 0.264616
v -0.476086 1.450070 0.264616
v -0.522819 1.450070 0.264616
v -0.566018 1.447727 0.264616
v -0.522819 1.482128 0.264616
v -0.477339 1.481300 0.268161
v -0.467324 1.465897 0.268161
v -0.477339 1.450891 0.268161
v -0.521668 1.450891 0.268161
v -0.534381 1.465890 0.264616
v -0.521668 1.481300 0.268161
v -0.480621 1.479055 0.265020
v -0.472078 1.465916 0.265020
v -0.480621 1.453116 0.265020
v -0.518433 1.453116 0.265020
v -0.532635 1.465878 0.268161
v -0.527788 1.465916 0.265020
v -0.518433 1.479055 0.265020
v -0.532635 1.465916 0.268161
v -0.395245 1.423838 -0.251109
v -0.377386 1.394372 -0.237819
v -0.377386 1.394313 -0.245229
v -0.395245 1.423825 -0.258519
v -0.400035 1.425879 -0.259452
v -0.400035 1.425892 -0.252042
v -0.404688 1.424192 -0.258686
v -0.404688 1.424205 -0.251276
v -0.423606 1.393942 -0.237609
v -0.423606 1.393883 -0.245019
v -0.377472 1.390578 -0.243408
v -0.423395 1.390578 -0.243408
v -0.381164 1.388668 -0.242477
v -0.420362 1.388577 -0.242433
v -0.423606 1.393942 -0.237609
v -0.423606 1.393883 -0.245019
v -0.423395 1.390578 -0.243408
v -0.423395 1.390638 -0.235998
v -0.420362 1.388577 -0.242433
v -0.420362 1.388637 -0.235023
v -0.381164 1.388727 -0.235067
v -0.381164 1.388668 -0.242477
v -0.377472 1.390578 -0.243408
v -0.377473 1.390638 -0.235998
v -0.377386 1.394313 -0.245229
v -0.377386 1.394372 -0.237819
v -0.327474 1.428622 -0.120768
v -0.327474 1.399744 -0.132730
v -0.343343 1.399744 -0.137884
v -0.343343 1.432267 -0.124413
v -0.327474 1.440584 -0.091889
v -0.343343 1.445739 -0.091889
v -0.327474 1.428622 -0.063011
v -0.343343 1.432267 -0.059366
v -0.327474 1.399744 -0.051049
v -0.343343 1.399744 -0.045895
v -0.343343 1.367221 -0.124413
v -0.343343 1.399744 -0.137884
v -0.327474 1.399744 -0.132730
v -0.327474 1.370866 -0.120768
v -0.343343 1.353749 -0.091889
v -0.327474 1.358904 -0.091889
v -0.343343 1.367221 -0.059366
v -0.327474 1.370866 -0.063011
v -0.343343 1.399744 -0.045895
v -0.327474 1.399744 -0.051049
v -0.456103 1.399744 -0.137884
v -0.471972 1.399744 -0.132729
v -0.471972 1.428622 -0.120768
v -0.456103 1.432267 -0.124413
v -0.471972 1.440584 -0.091889
v -0.456103 1.445739 -0.091889
v -0.471972 1.428622 -0.063011
v -0.456103 1.432267 -0.059366
v -0.471972 1.399744 -0.051049
v -0.456103 1.399744 -0.045895
v -0.471972 1.399744 -0.132729
v -0.456103 1.399744 -0.137884
v -0.456103 1.367221 -0.124413
v -0.471972 1.370866 -0.120768
v -0.456103 1.353749 -0.091889
v -0.471972 1.358904 -0.091889
v -0.456103 1.367221 -0.059366
v -0.471972 1.370866 -0.063011
v -0.456103 1.399744 -0.045895
v -0.471972 1.399744 -0.051049
v -0.252162 1.443990 0.103816
v -0.344447 1.443990 0.103809
v -0.344447 1.360279 0.103809
v -0.252162 1.360279 0.103816
v -0.252162 1.443990 0.079438
v -0.252162 1.443990 0.103816
v -0.252162 1.360279 0.103816
v -0.252162 1.360279 0.079438
v -0.344447 1.443990 0.103809
v -0.252162 1.443990 0.079438
v -0.252162 1.360279 0.079438
v -0.344447 1.360279 0.103809
v -0.547284 1.443990 0.103817
v -0.547284 1.360279 0.103817
v -0.454999 1.360279 0.103809
v -0.454999 1.443990 0.103809
v -0.547284 1.443990 0.079438
v -0.547284 1.360279 0.079438
v -0.547284 1.360279 0.103817
v -0.547284 1.443990 0.103817
v -0.454999 1.443990 0.103809
v -0.454999 1.360279 0.103809
v -0.547284 1.360279 0.079438
v -0.547284 1.443990 0.079438
v -0.365924 1.538911 -0.010329
v -0.367610 1.522851 -0.063599
v -0.367610 1.529874 -0.067072
v -0.365924 1.545258 -0.010416
v -0.364234 1.552045 0.042282
v -0.364234 1.554364 0.042195
v -0.362206 1.558422 0.085802
v -0.433475 1.545258 -0.010416
v -0.431789 1.529874 -0.067072
v -0.431789 1.522851 -0.063599
v -0.433475 1.538911 -0.010329
v -0.435165 1.554364 0.042195
v -0.435165 1.552045 0.042282
v -0.437193 1.558422 0.085802
v -0.344446 1.447727 0.104454
v -0.316116 1.447727 0.127636
v -0.316138 1.447727 0.206382
v -0.344446 1.447727 0.206382
v -0.344446 1.447727 0.230304
v -0.344446 1.447727 0.264616
v -0.291296 1.447727 0.206382
v -0.268416 1.447727 0.206382
v -0.254200 1.447727 0.206382
v -0.233428 1.447727 0.264616
v -0.232854 1.447727 0.230304
v -0.232854 1.447727 0.206382
v -0.316160 1.447727 0.123275
v -0.291221 1.447727 0.144849
v -0.291371 1.447727 0.139931
v -0.268520 1.447727 0.161098
v -0.268313 1.447727 0.156671
v -0.232854 1.447727 0.197868
v -0.377473 1.390638 -0.235998
v -0.377386 1.394372 -0.237819
v -0.395245 1.423838 -0.251109
v -0.400035 1.425892 -0.252042
v -0.423395 1.390638 -0.235998
v -0.381164 1.388727 -0.235067
v -0.420362 1.388637 -0.235023
v -0.404688 1.424205 -0.251276
v -0.423606 1.393942 -0.237609
v -0.343343 1.445739 -0.091889
v -0.343343 1.432267 -0.124413
v -0.343343 1.399744 -0.137884
v -0.343343 1.353749 -0.091889
v -0.343343 1.399744 -0.045895
v -0.343343 1.432267 -0.059366
v -0.343343 1.367221 -0.124413
v -0.343343 1.367221 -0.059366
v -0.327474 1.428622 -0.120768
v -0.327474 1.440584 -0.091889
v -0.327474 1.428622 -0.063011
v -0.327474 1.370866 -0.063011
v -0.327474 1.370866 -0.120768
v -0.327474 1.399744 -0.132730
v -0.327474 1.399744 -0.051049
v -0.327474 1.358904 -0.091889
v -0.456103 1.353749 -0.091889
v -0.456103 1.367221 -0.124413
v -0.456103 1.399744 -0.137884
v -0.456103 1.445739 -0.091889
v -0.456103 1.399744 -0.045895
v -0.456103 1.367221 -0.059366
v -0.456103 1.432267 -0.124413
v -0.456103 1.432267 -0.059366
v -0.471972 1.370866 -0.063011
v -0.471972 1.399744 -0.051049
v -0.471972 1.428622 -0.063011
v -0.471972 1.428622 -0.120768
v -0.471972 1.370866 -0.120768
v -0.471972 1.358904 -0.091889
v -0.471972 1.440584 -0.091889
v -0.471972 1.399744 -0.132729
v -0.284189 1.409835 0.088590
v -0.261339 1.409835 0.082637
v -0.284189 1.409835 0.082639
v -0.266948 1.409268 0.012782
v -0.267676 1.407511 0.012782
v -0.267676 1.407511 0.034083
v -0.266948 1.409268 0.034083
v -0.265192 1.409995 0.012782
v -0.265192 1.409995 0.034083
v -0.263435 1.409268 0.012782
v -0.263435 1.409268 0.034083
v -0.262707 1.407511 0.012782
v -0.262707 1.407511 0.034083
v -0.269041 1.407511 0.034107
v -0.267914 1.410233 0.034107
v -0.265192 1.411361 0.034107
v -0.262470 1.410233 0.034107
v -0.261342 1.407511 0.034107
v -0.262470 1.410233 0.049094
v -0.261342 1.407511 0.049094
v -0.269041 1.407511 0.049094
v -0.267914 1.410233 0.049094
v -0.265192 1.411361 0.049094
v -0.263435 1.405754 0.012782
v -0.262707 1.407511 0.012782
v -0.262707 1.407511 0.034083
v -0.263435 1.405754 0.034083
v -0.265192 1.405027 0.012782
v -0.265192 1.405027 0.034083
v -0.266948 1.405754 0.012782
v -0.266948 1.405754 0.034083
v -0.267676 1.407511 0.012782
v -0.267676 1.407511 0.034083
v -0.261342 1.407511 0.034107
v -0.262470 1.404789 0.034107
v -0.265192 1.403661 0.034107
v -0.267914 1.404789 0.034107
v -0.269041 1.407511 0.034107
v -0.267914 1.404789 0.049094
v -0.269041 1.407511 0.049094
v -0.267914 1.410233 0.049094
v -0.261342 1.407511 0.049094
v -0.262470 1.404789 0.049094
v -0.265192 1.403661 0.049094
v -0.262470 1.410233 0.049094
v -0.265192 1.411361 0.049094
v -0.268116 1.405637 0.055051
v -0.267086 1.404402 0.055051
v -0.267086 1.404402 0.036656
v -0.268116 1.405637 0.036656
v -0.269717 1.405782 0.055051
v -0.269717 1.405782 0.036656
v -0.270951 1.404752 0.055051
v -0.270951 1.404752 0.036656
v -0.271096 1.403151 0.055051
v -0.271096 1.403151 0.036656
v -0.270270 1.403473 0.065146
v -0.268874 1.400104 0.065146
v -0.268874 1.400104 0.035702
v -0.270270 1.403473 0.035702
v -0.273639 1.404869 0.065146
v -0.273639 1.404869 0.035702
v -0.277008 1.403473 0.065146
v -0.277008 1.403473 0.035702
v -0.278403 1.400104 0.065146
v -0.278403 1.400104 0.035702
v -0.270455 1.400104 0.035697
v -0.271387 1.402356 0.035697
v -0.273639 1.403288 0.035697
v -0.275890 1.402356 0.035697
v -0.276823 1.400104 0.035697
v -0.275890 1.402356 0.005830
v -0.276823 1.400104 0.005830
v -0.270455 1.400104 0.005830
v -0.271387 1.402356 0.005830
v -0.273639 1.403288 0.005830
v -0.277008 1.396735 0.065146
v -0.278403 1.400104 0.065146
v -0.278403 1.400104 0.035702
v -0.277008 1.396735 0.035702
v -0.273639 1.395340 0.065146
v -0.273639 1.395340 0.035702
v -0.270270 1.396735 0.065146
v -0.270270 1.396735 0.035702
v -0.268874 1.400104 0.065146
v -0.268874 1.400104 0.035702
v -0.276823 1.400104 0.035697
v -0.275890 1.397853 0.035697
v -0.273639 1.396920 0.035697
v -0.271387 1.397853 0.035697
v -0.270455 1.400104 0.035697
v -0.271387 1.397853 0.005830
v -0.270455 1.400104 0.005830
v -0.276823 1.400104 0.005830
v -0.275890 1.397853 0.005830
v -0.273639 1.396920 0.005830
v -0.269153 1.404590 0.065130
v -0.267294 1.400104 0.065130
v -0.270270 1.403473 0.065146
v -0.273639 1.406449 0.065130
v -0.273639 1.404869 0.065146
v -0.278125 1.404590 0.065130
v -0.277008 1.403473 0.065146
v -0.279983 1.400104 0.065130
v -0.278125 1.395618 0.065130
v -0.279983 1.400104 0.065130
v -0.277008 1.396735 0.065146
v -0.273639 1.393760 0.065130
v -0.273639 1.395340 0.065146
v -0.269153 1.395618 0.065130
v -0.270270 1.396735 0.065146
v -0.267294 1.400104 0.065130
v -0.269153 1.404590 0.083246
v -0.267294 1.400104 0.083246
v -0.269153 1.404590 0.065130
v -0.273639 1.406449 0.083246
v -0.273639 1.406449 0.065130
v -0.278125 1.404590 0.083246
v -0.278125 1.404590 0.065130
v -0.279983 1.400104 0.083246
v -0.269153 1.395618 0.065130
v -0.267294 1.400104 0.083246
v -0.269153 1.395618 0.083246
v -0.273639 1.393760 0.065130
v -0.273639 1.393760 0.083246
v -0.278125 1.395618 0.065130
v -0.278125 1.395618 0.083246
v -0.279983 1.400104 0.083246
v -0.273639 1.406449 0.083246
v -0.269153 1.404590 0.083246
v -0.278125 1.404590 0.083246
v -0.270754 1.397220 0.005848
v -0.269560 1.400104 0.005848
v -0.271387 1.397853 0.005830
v -0.273639 1.396025 0.005848
v -0.273639 1.396920 0.005830
v -0.276523 1.397220 0.005848
v -0.275890 1.397853 0.005830
v -0.277718 1.400104 0.005848
v -0.271387 1.402356 0.005830
v -0.269560 1.400104 0.005848
v -0.270754 1.402989 0.005848
v -0.273639 1.403288 0.005830
v -0.273639 1.404183 0.005848
v -0.275890 1.402356 0.005830
v -0.276523 1.402989 0.005848
v -0.277718 1.400104 0.005848
v -0.270754 1.397220 -0.015138
v -0.269560 1.400104 -0.015138
v -0.270754 1.397220 0.005848
v -0.273639 1.396025 -0.015138
v -0.273639 1.396025 0.005848
v -0.276523 1.397220 -0.015138
v -0.276523 1.397220 0.005848
v -0.277718 1.400104 -0.015138
v -0.270754 1.402989 0.005848
v -0.269560 1.400104 -0.015138
v -0.270754 1.402989 -0.015138
v -0.273639 1.404183 0.005848
v -0.273639 1.404183 -0.015138
v -0.276523 1.402989 0.005848
v -0.276523 1.402989 -0.015138
v -0.277718 1.400104 -0.015138
v -0.267676 1.407511 0.012782
v -0.266948 1.409268 0.012782
v -0.265192 1.409995 0.012782
v -0.262707 1.407511 0.012782
v -0.265192 1.405027 0.012782
v -0.266948 1.405754 0.012782
v -0.263435 1.409268 0.012782
v -0.263435 1.405754 0.012782
v -0.271096 1.403151 0.036656
v -0.270951 1.404752 0.036656
v -0.269717 1.405782 0.036656
v -0.267086 1.404402 0.036656
v -0.268466 1.401772 0.036656
v -0.270066 1.401917 0.036656
v -0.270066 1.401917 0.055051
v -0.271096 1.403151 0.055051
v -0.270951 1.404752 0.055051
v -0.268116 1.405637 0.036656
v -0.268116 1.405637 0.055051
v -0.269717 1.405782 0.055051
v -0.267231 1.402802 0.055051
v -0.267086 1.404402 0.055051
v -0.267231 1.402802 0.036656
v -0.268466 1.401772 0.055051
v -0.277718 1.400104 -0.015138
v -0.276523 1.402989 -0.015138
v -0.273639 1.404183 -0.015138
v -0.269560 1.400104 -0.015138
v -0.273639 1.396025 -0.015138
v -0.276523 1.397220 -0.015138
v -0.270754 1.402989 -0.015138
v -0.270754 1.397220 -0.015138
v -0.261339 1.409835 0.082637
v -0.284189 1.409835 0.088590
v -0.284189 1.390613 0.088590
v -0.284189 1.390613 0.082639
v -0.261339 1.390613 0.082637
v -0.284189 1.409835 0.082639
v -0.415784 1.392568 -0.243729
v -0.413062 1.391441 -0.243729
v -0.410340 1.392568 -0.243729
v -0.390061 1.397047 -0.288569
v -0.390789 1.395291 -0.288569
v -0.390789 1.395291 -0.264518
v -0.390061 1.397047 -0.264518
v -0.388304 1.397775 -0.288569
v -0.388304 1.397775 -0.264518
v -0.386548 1.397047 -0.288569
v -0.386548 1.397047 -0.264518
v -0.385820 1.395291 -0.288569
v -0.385820 1.395291 -0.264518
v -0.392154 1.395291 -0.264494
v -0.391026 1.398013 -0.264494
v -0.388304 1.399140 -0.264494
v -0.385582 1.398013 -0.264494
v -0.384455 1.395291 -0.264494
v -0.385582 1.398013 -0.243729
v -0.384455 1.395291 -0.243729
v -0.392154 1.395291 -0.243729
v -0.391027 1.398013 -0.243729
v -0.388304 1.399140 -0.243729
v -0.386548 1.393534 -0.288569
v -0.385820 1.395291 -0.288569
v -0.385820 1.395291 -0.264518
v -0.386548 1.393534 -0.264518
v -0.388304 1.392806 -0.288569
v -0.388304 1.392806 -0.264518
v -0.390061 1.393534 -0.288569
v -0.390061 1.393534 -0.264518
v -0.390789 1.395291 -0.288569
v -0.390789 1.395291 -0.264518
v -0.384455 1.395291 -0.264494
v -0.385582 1.392568 -0.264494
v -0.388304 1.391441 -0.264494
v -0.391026 1.392568 -0.264494
v -0.392154 1.395291 -0.264494
v -0.391027 1.392568 -0.243729
v -0.392154 1.395291 -0.243729
v -0.391027 1.398013 -0.243729
v -0.384455 1.395291 -0.243729
v -0.385582 1.392568 -0.243729
v -0.388304 1.391441 -0.243729
v -0.385582 1.398013 -0.243729
v -0.388304 1.399140 -0.243729
v -0.414819 1.397047 -0.288569
v -0.415546 1.395291 -0.288569
v -0.415546 1.395291 -0.264518
v -0.414819 1.397047 -0.264518
v -0.413062 1.397775 -0.288569
v -0.413062 1.397775 -0.264518
v -0.411305 1.397047 -0.288569
v -0.411305 1.397047 -0.264518
v -0.410577 1.395291 -0.288569
v -0.410577 1.395291 -0.264518
v -0.416911 1.395291 -0.264494
v -0.415784 1.398013 -0.264494
v -0.413062 1.399140 -0.264494
v -0.410340 1.398013 -0.264494
v -0.409212 1.395291 -0.264494
v -0.410340 1.398013 -0.243729
v -0.409212 1.395291 -0.243729
v -0.416911 1.395291 -0.243729
v -0.415784 1.398013 -0.243729
v -0.413062 1.399140 -0.243729
v -0.411305 1.393534 -0.288569
v -0.410577 1.395291 -0.288569
v -0.410577 1.395291 -0.264518
v -0.411305 1.393534 -0.264518
v -0.413062 1.392806 -0.288569
v -0.413062 1.392806 -0.264518
v -0.414819 1.393534 -0.288569
v -0.414819 1.393534 -0.264518
v -0.415546 1.395291 -0.288569
v -0.415546 1.395291 -0.264518
v -0.409212 1.395291 -0.264494
v -0.410340 1.392568 -0.264494
v -0.413062 1.391441 -0.264494
v -0.415784 1.392568 -0.264494
v -0.416911 1.395291 -0.264494
v -0.415784 1.392568 -0.243729
v -0.416911 1.395291 -0.243729
v -0.415784 1.398013 -0.243729
v -0.409212 1.395291 -0.243729
v -0.410340 1.392568 -0.243729
v -0.413062 1.391441 -0.243729
v -0.410340 1.398013 -0.243729
v -0.413062 1.399140 -0.243729
v -0.398056 1.411573 -0.267094
v -0.396661 1.408204 -0.267094
v -0.396661 1.408204 -0.296538
v -0.398056 1.411573 -0.296538
v -0.401425 1.412968 -0.267094
v -0.401425 1.412968 -0.296538
v -0.404794 1.411573 -0.267094
v -0.404794 1.411573 -0.296538
v -0.406190 1.408204 -0.267094
v -0.406190 1.408204 -0.296538
v -0.398241 1.408204 -0.296543
v -0.399174 1.410455 -0.296543
v -0.401425 1.411388 -0.296543
v -0.403677 1.410455 -0.296543
v -0.404610 1.408204 -0.296543
v -0.403677 1.410455 -0.326410
v -0.404610 1.408204 -0.326410
v -0.398241 1.408204 -0.326410
v -0.399174 1.410455 -0.326410
v -0.401425 1.411388 -0.326410
v -0.404794 1.404835 -0.267094
v -0.406190 1.408204 -0.267094
v -0.406190 1.408204 -0.296538
v -0.404794 1.404835 -0.296538
v -0.401425 1.403439 -0.267094
v -0.401425 1.403439 -0.296538
v -0.398056 1.404835 -0.267094
v -0.398056 1.404835 -0.296538
v -0.396661 1.408204 -0.267094
v -0.396661 1.408204 -0.296538
v -0.404610 1.408204 -0.296543
v -0.403677 1.405952 -0.296543
v -0.401425 1.405020 -0.296543
v -0.399174 1.405952 -0.296543
v -0.398241 1.408204 -0.296543
v -0.399174 1.405952 -0.326410
v -0.398241 1.408204 -0.326410
v -0.404610 1.408204 -0.326410
v -0.403677 1.405952 -0.326410
v -0.401425 1.405020 -0.326410
v -0.396939 1.412690 -0.267110
v -0.395081 1.408204 -0.267110
v -0.398056 1.411573 -0.267094
v -0.401425 1.414548 -0.267110
v -0.401425 1.412968 -0.267094
v -0.405912 1.412690 -0.267110
v -0.404794 1.411573 -0.267094
v -0.407770 1.408204 -0.267110
v -0.405912 1.403718 -0.267110
v -0.407770 1.408204 -0.267110
v -0.404794 1.404835 -0.267094
v -0.401425 1.401859 -0.267110
v -0.401425 1.403439 -0.267094
v -0.396939 1.403718 -0.267110
v -0.398056 1.404835 -0.267094
v -0.395081 1.408204 -0.267110
v -0.396939 1.412690 -0.248994
v -0.395081 1.408204 -0.248994
v -0.396939 1.412690 -0.267110
v -0.401425 1.414548 -0.248994
v -0.401425 1.414548 -0.267110
v -0.405912 1.412690 -0.248994
v -0.405912 1.412690 -0.267110
v -0.407770 1.408204 -0.248994
v -0.396939 1.403718 -0.267110
v -0.395081 1.408204 -0.248994
v -0.396939 1.403718 -0.248994
v -0.401425 1.401859 -0.267110
v -0.401425 1.401859 -0.248994
v -0.405912 1.403718 -0.267110
v -0.405912 1.403718 -0.248994
v -0.407770 1.408204 -0.248994
v -0.401425 1.414548 -0.248994
v -0.396939 1.412690 -0.248994
v -0.405912 1.412690 -0.248994
v -0.398541 1.405319 -0.326392
v -0.397346 1.408204 -0.326392
v -0.399174 1.405952 -0.326410
v -0.401425 1.404125 -0.326392
v -0.401425 1.405020 -0.326410
v -0.404310 1.405319 -0.326392
v -0.403677 1.405952 -0.326410
v -0.405504 1.408204 -0.326392
v -0.399174 1.410455 -0.326410
v -0.397346 1.408204 -0.326392
v -0.398541 1.411088 -0.326392
v -0.401425 1.411388 -0.326410
v -0.401425 1.412283 -0.326392
v -0.403677 1.410455 -0.326410
v -0.404310 1.411088 -0.326392
v -0.405504 1.408204 -0.326392
v -0.398541 1.405319 -0.347378
v -0.397346 1.408204 -0.347378
v -0.398541 1.405319 -0.326392
v -0.401425 1.404125 -0.347378
v -0.401425 1.404125 -0.326392
v -0.404310 1.405319 -0.347378
v -0.404310 1.405319 -0.326392
v -0.405504 1.408204 -0.347378
v -0.398541 1.411088 -0.326392
v -0.397346 1.408204 -0.347378
v -0.398541 1.411088 -0.347378
v -0.401425 1.412283 -0.326392
v -0.401425 1.412283 -0.347378
v -0.404310 1.411088 -0.326392
v -0.404310 1.411088 -0.347378
v -0.405504 1.408204 -0.347378
v -0.395961 1.413649 -0.277238
v -0.394931 1.412415 -0.277238
v -0.394931 1.412415 -0.295633
v -0.395961 1.413649 -0.295633
v -0.397562 1.413794 -0.277238
v -0.397562 1.413794 -0.295633
v -0.398796 1.412765 -0.277238
v -0.398796 1.412765 -0.295633
v -0.398941 1.411164 -0.277238
v -0.398941 1.411164 -0.295633
v -0.394793 1.417280 -0.319508
v -0.395521 1.415523 -0.319508
v -0.395521 1.415523 -0.298206
v -0.394793 1.417280 -0.298206
v -0.393037 1.418008 -0.319508
v -0.393037 1.418008 -0.298206
v -0.391280 1.417280 -0.319508
v -0.391280 1.417280 -0.298206
v -0.390552 1.415523 -0.319508
v -0.390552 1.415523 -0.298206
v -0.396886 1.415523 -0.298182
v -0.395759 1.418245 -0.298182
v -0.393037 1.419373 -0.298182
v -0.390315 1.418245 -0.298182
v -0.389187 1.415523 -0.298182
v -0.390315 1.418245 -0.283195
v -0.389187 1.415523 -0.283195
v -0.396886 1.415523 -0.283195
v -0.395759 1.418245 -0.283195
v -0.393037 1.419373 -0.283195
v -0.391280 1.413767 -0.319508
v -0.390552 1.415523 -0.319508
v -0.390552 1.415523 -0.298206
v -0.391280 1.413767 -0.298206
v -0.393037 1.413039 -0.319508
v -0.393037 1.413039 -0.298206
v -0.394793 1.413767 -0.319508
v -0.394793 1.413767 -0.298206
v -0.395521 1.415523 -0.319508
v -0.395521 1.415523 -0.298206
v -0.389187 1.415523 -0.298182
v -0.390315 1.412801 -0.298182
v -0.393037 1.411674 -0.298182
v -0.395759 1.412801 -0.298182
v -0.396886 1.415523 -0.298182
v -0.395759 1.412801 -0.283195
v -0.396886 1.415523 -0.283195
v -0.395759 1.418245 -0.283195
v -0.389187 1.415523 -0.283195
v -0.390315 1.412801 -0.283195
v -0.393037 1.411674 -0.283195
v -0.390315 1.418245 -0.283195
v -0.393037 1.419373 -0.283195
v -0.390789 1.395291 -0.288569
v -0.390061 1.397047 -0.288569
v -0.388304 1.397775 -0.288569
v -0.385820 1.395291 -0.288569
v -0.388304 1.392806 -0.288569
v -0.390061 1.393534 -0.288569
v -0.386548 1.397047 -0.288569
v -0.386548 1.393534 -0.288569
v -0.415546 1.395291 -0.288569
v -0.414819 1.397047 -0.288569
v -0.413062 1.397775 -0.288569
v -0.410577 1.395291 -0.288569
v -0.413062 1.392806 -0.288569
v -0.414819 1.393534 -0.288569
v -0.411305 1.397047 -0.288569
v -0.411305 1.393534 -0.288569
v -0.405504 1.408204 -0.347378
v -0.404310 1.411088 -0.347378
v -0.401425 1.412283 -0.347378
v -0.397346 1.408204 -0.347378
v -0.401425 1.404125 -0.347378
v -0.404310 1.405319 -0.347378
v -0.398541 1.411088 -0.347378
v -0.398541 1.405319 -0.347378
v -0.398941 1.411164 -0.295633
v -0.398796 1.412765 -0.295633
v -0.397562 1.413794 -0.295633
v -0.394931 1.412415 -0.295633
v -0.396311 1.409784 -0.295633
v -0.397911 1.409929 -0.295633
v -0.397911 1.409929 -0.277238
v -0.398941 1.411164 -0.277238
v -0.398796 1.412765 -0.277238
v -0.395961 1.413649 -0.295633
v -0.395961 1.413649 -0.277238
v -0.397562 1.413794 -0.277238
v -0.395076 1.410814 -0.277238
v -0.394931 1.412415 -0.277238
v -0.395076 1.410814 -0.295633
v -0.396311 1.409784 -0.277238
v -0.395521 1.415523 -0.319508
v -0.394793 1.417280 -0.319508
v -0.393037 1.418008 -0.319508
v -0.390552 1.415523 -0.319508
v -0.393037 1.413039 -0.319508
v -0.394793 1.413767 -0.319508
v -0.391280 1.417280 -0.319508
v -0.391280 1.413767 -0.319508
v -0.516036 1.409835 0.082281
v -0.538886 1.409835 0.082279
v -0.516036 1.409835 0.088233
v -0.537755 1.404789 0.048736
v -0.535033 1.403661 0.048736
v -0.532311 1.404789 0.048736
v -0.536790 1.409268 0.012424
v -0.537518 1.407511 0.012424
v -0.537518 1.407511 0.033726
v -0.536790 1.409268 0.033726
v -0.535033 1.409995 0.012424
v -0.535033 1.409995 0.033726
v -0.533277 1.409268 0.012424
v -0.533277 1.409268 0.033726
v -0.532549 1.407511 0.012424
v -0.532549 1.407511 0.033726
v -0.538883 1.407511 0.033750
v -0.537755 1.410233 0.033750
v -0.535033 1.411361 0.033750
v -0.532311 1.410233 0.033750
v -0.531184 1.407511 0.033750
v -0.532311 1.410233 0.048736
v -0.531184 1.407511 0.048736
v -0.538883 1.407511 0.048736
v -0.537755 1.410233 0.048736
v -0.535033 1.411361 0.048736
v -0.533277 1.405754 0.012424
v -0.532549 1.407511 0.012424
v -0.532549 1.407511 0.033726
v -0.533277 1.405754 0.033726
v -0.535033 1.405027 0.012424
v -0.535033 1.405027 0.033726
v -0.536790 1.405754 0.012424
v -0.536790 1.405754 0.033726
v -0.537518 1.407511 0.012424
v -0.537518 1.407511 0.033726
v -0.531184 1.407511 0.033750
v -0.532311 1.404789 0.033750
v -0.535033 1.403661 0.033750
v -0.537755 1.404789 0.033750
v -0.538883 1.407511 0.033750
v -0.537755 1.404789 0.048736
v -0.538883 1.407511 0.048736
v -0.537755 1.410233 0.048736
v -0.531184 1.407511 0.048736
v -0.532311 1.404789 0.048736
v -0.535033 1.403661 0.048736
v -0.532311 1.410233 0.048736
v -0.535033 1.411361 0.048736
v -0.532109 1.405637 0.036298
v -0.533139 1.404402 0.036298
v -0.533139 1.404402 0.054693
v -0.532109 1.405637 0.054693
v -0.530508 1.405782 0.036298
v -0.530508 1.405782 0.054693
v -0.529274 1.404752 0.036298
v -0.529274 1.404752 0.054693
v -0.529129 1.403151 0.036298
v -0.529129 1.403151 0.054693
v -0.523217 1.403473 0.064788
v -0.521821 1.400104 0.064788
v -0.521821 1.400104 0.035344
v -0.523217 1.403473 0.035344
v -0.526586 1.404869 0.064788
v -0.526586 1.404869 0.035344
v -0.529955 1.403473 0.064788
v -0.529955 1.403473 0.035344
v -0.531350 1.400104 0.064788
v -0.531350 1.400104 0.035344
v -0.523402 1.400104 0.035340
v -0.524334 1.402356 0.035340
v -0.526586 1.403288 0.035340
v -0.528838 1.402356 0.035340
v -0.529770 1.400104 0.035340
v -0.528838 1.402356 0.005472
v -0.529770 1.400104 0.005472
v -0.523402 1.400104 0.005472
v -0.524334 1.402356 0.005472
v -0.526586 1.403288 0.005472
v -0.529955 1.396735 0.064788
v -0.531350 1.400104 0.064788
v -0.531350 1.400104 0.035344
v -0.529955 1.396735 0.035344
v -0.526586 1.395340 0.064788
v -0.526586 1.395340 0.035344
v -0.523217 1.396735 0.064788
v -0.523217 1.396735 0.035344
v -0.521821 1.400104 0.064788
v -0.521821 1.400104 0.035344
v -0.529770 1.400104 0.035340
v -0.528838 1.397853 0.035340
v -0.526586 1.396920 0.035340
v -0.524334 1.397853 0.035340
v -0.523402 1.400104 0.035340
v -0.524334 1.397853 0.005472
v -0.523402 1.400104 0.005472
v -0.529770 1.400104 0.005472
v -0.528838 1.397853 0.005472
v -0.526586 1.396920 0.005472
v -0.529955 1.403473 0.064788
v -0.532931 1.400104 0.064773
v -0.531072 1.404590 0.064773
v -0.526586 1.404869 0.064788
v -0.526586 1.406449 0.064773
v -0.523217 1.403473 0.064788
v -0.522100 1.404590 0.064773
v -0.520241 1.400104 0.064773
v -0.523217 1.396735 0.064788
v -0.520241 1.400104 0.064773
v -0.522100 1.395618 0.064773
v -0.526586 1.395340 0.064788
v -0.526586 1.393760 0.064773
v -0.529955 1.396735 0.064788
v -0.531072 1.395618 0.064773
v -0.532931 1.400104 0.064773
v -0.531072 1.404590 0.064773
v -0.532931 1.400104 0.082888
v -0.531072 1.404590 0.082888
v -0.526586 1.406449 0.064773
v -0.526586 1.406449 0.082888
v -0.522100 1.404590 0.064773
v -0.522100 1.404590 0.082888
v -0.520241 1.400104 0.082888
v -0.522100 1.395618 0.064773
v -0.520241 1.400104 0.082888
v -0.522100 1.395618 0.082888
v -0.526586 1.393760 0.064773
v -0.526586 1.393760 0.082888
v -0.531072 1.395618 0.064773
v -0.531072 1.395618 0.082888
v -0.532931 1.400104 0.082888
v -0.522100 1.404590 0.082888
v -0.526586 1.406449 0.082888
v -0.531072 1.404590 0.082888
v -0.528838 1.397853 0.005472
v -0.530665 1.400104 0.005491
v -0.529470 1.397220 0.005491
v -0.526586 1.396920 0.005472
v -0.526586 1.396025 0.005491
v -0.524334 1.397853 0.005472
v -0.523702 1.397220 0.005491
v -0.522507 1.400104 0.005491
v -0.529470 1.402989 0.005491
v -0.530665 1.400104 0.005491
v -0.528838 1.402356 0.005472
v -0.526586 1.404183 0.005491
v -0.526586 1.403288 0.005472
v -0.523702 1.402989 0.005491
v -0.524334 1.402356 0.005472
v -0.522507 1.400104 0.005491
v -0.529470 1.397220 0.005491
v -0.530665 1.400104 -0.015495
v -0.529470 1.397220 -0.015495
v -0.526586 1.396025 0.005491
v -0.526586 1.396025 -0.015495
v -0.523702 1.397220 0.005491
v -0.523702 1.397220 -0.015495
v -0.522507 1.400104 -0.015495
v -0.529470 1.402989 -0.015495
v -0.530665 1.400104 -0.015495
v -0.529470 1.402989 0.005491
v -0.526586 1.404183 -0.015495
v -0.526586 1.404183 0.005491
v -0.523702 1.402989 -0.015495
v -0.523702 1.402989 0.005491
v -0.522507 1.400104 -0.015495
v -0.537518 1.407511 0.012424
v -0.536790 1.409268 0.012424
v -0.535033 1.409995 0.012424
v -0.533277 1.409268 0.012424
v -0.532549 1.407511 0.012424
v -0.533277 1.405754 0.012424
v -0.535033 1.405027 0.012424
v -0.536790 1.405754 0.012424
v -0.533139 1.404402 0.036298
v -0.532109 1.405637 0.036298
v -0.530508 1.405782 0.036298
v -0.529274 1.404752 0.036298
v -0.529129 1.403151 0.036298
v -0.530159 1.401917 0.036298
v -0.531759 1.401772 0.036298
v -0.532994 1.402802 0.036298
v -0.532994 1.402802 0.054693
v -0.533139 1.404402 0.054693
v -0.532109 1.405637 0.054693
v -0.530508 1.405782 0.054693
v -0.529129 1.403151 0.054693
v -0.530159 1.401917 0.054693
v -0.531759 1.401772 0.054693
v -0.529274 1.404752 0.054693
v -0.530665 1.400104 -0.015495
v -0.529470 1.402989 -0.015495
v -0.526586 1.404183 -0.015495
v -0.523702 1.402989 -0.015495
v -0.522507 1.400104 -0.015495
v -0.523702 1.397220 -0.015495
v -0.526586 1.396025 -0.015495
v -0.529470 1.397220 -0.015495
v -0.516036 1.409835 0.088233
v -0.538886 1.409835 0.082279
v -0.538886 1.390613 0.082279
v -0.516036 1.390613 0.082281
v -0.516036 1.390613 0.088233
v -0.516036 1.409835 0.082281
v -0.218341 1.190038 -0.059221
v -0.180386 1.190178 -0.059221
v -0.200282 1.212199 -0.059221
v -0.218341 1.190038 -0.132578
v -0.200282 1.212199 -0.132578
v -0.180386 1.190178 -0.132578
v -0.483996 1.347189 -0.142429
v -0.484165 1.409423 -0.142309
v -0.484085 1.389436 -0.142358
v -0.581106 1.190038 -0.059221
v -0.599164 1.212199 -0.059221
v -0.619061 1.190178 -0.059221
v -0.581106 1.190038 -0.132578
v -0.619061 1.190178 -0.132578
v -0.599164 1.212199 -0.132578
v -0.315808 1.410934 -0.105030
v -0.315808 1.428259 -0.122355
v -0.304865 1.410934 -0.105030
v -0.315808 1.413295 -0.102669
v -0.304865 1.413295 -0.102669
v -0.315808 1.430619 -0.119994
v -0.315808 1.413298 -0.080653
v -0.315808 1.430623 -0.063328
v -0.304865 1.413298 -0.080653
v -0.315808 1.410937 -0.078292
v -0.304865 1.410937 -0.078292
v -0.315808 1.428262 -0.060967
v -0.483638 1.413298 -0.080653
v -0.494581 1.413298 -0.080653
v -0.483638 1.430623 -0.063328
v -0.483638 1.410937 -0.078292
v -0.483638 1.428262 -0.060967
v -0.494581 1.410937 -0.078292
v -0.483638 1.410934 -0.105030
v -0.494581 1.410934 -0.105030
v -0.483638 1.428259 -0.122355
v -0.483638 1.413295 -0.102669
v -0.483638 1.430619 -0.119994
v -0.494581 1.413295 -0.102669
v -0.252856 1.153336 -0.136638
v -0.252856 1.158710 -0.134407
v -0.252856 1.160654 -0.129895
v -0.252856 1.153336 -0.057130
v -0.252856 1.111293 -0.136638
v -0.252856 1.111293 -0.057130
v -0.252865 1.093974 -0.136641
v -0.252865 1.093974 -0.057130
v -0.252856 1.160654 -0.063352
v -0.252856 1.157899 -0.058968
v -0.173776 1.191031 -0.107867
v -0.173776 1.191031 -0.142429
v -0.227247 1.250174 -0.142429
v -0.227247 1.250174 -0.107867
v -0.173776 1.191031 -0.050090
v -0.315451 1.347189 -0.050090
v -0.265567 1.292280 -0.107867
v -0.315451 1.347189 -0.107867
v -0.315451 1.347189 -0.142429
v -0.265567 1.292280 -0.142429
v -0.233078 1.250438 -0.142430
v -0.233078 1.250438 -0.115359
v -0.265402 1.285997 -0.115359
v -0.265402 1.285997 -0.142430
v -0.183120 1.191030 -0.107867
v -0.183120 1.191030 -0.050090
v -0.323346 1.345106 -0.050090
v -0.229568 1.242305 -0.107867
v -0.229568 1.242305 -0.142429
v -0.183120 1.191030 -0.142429
v -0.273501 1.290523 -0.107867
v -0.273830 1.283803 -0.115359
v -0.236407 1.242601 -0.115359
v -0.236407 1.242601 -0.142429
v -0.273830 1.283803 -0.142429
v -0.273501 1.290523 -0.142429
v -0.323346 1.345106 -0.107867
v -0.323346 1.345106 -0.142429
v -0.330175 1.347213 -0.107867
v -0.330175 1.347213 -0.142429
v -0.330175 1.347213 -0.050090
v -0.330201 1.449768 -0.102053
v -0.330201 1.449791 -0.082040
v -0.315281 1.449791 -0.082040
v -0.315281 1.449768 -0.102053
v -0.330201 1.442089 -0.120535
v -0.315281 1.442089 -0.120535
v -0.330201 1.427922 -0.134671
v -0.315281 1.427922 -0.134671
v -0.330201 1.409423 -0.142309
v -0.315281 1.409423 -0.142309
v -0.330183 1.389447 -0.142358
v -0.315361 1.389436 -0.142358
v -0.315451 1.347189 -0.142429
v -0.330175 1.347213 -0.142429
v -0.323346 1.345106 -0.142429
v -0.273501 1.290523 -0.142429
v -0.265567 1.292280 -0.142429
v -0.265402 1.285997 -0.142430
v -0.273830 1.283803 -0.142429
v -0.233078 1.250438 -0.142430
v -0.229568 1.242305 -0.142429
v -0.236407 1.242601 -0.142429
v -0.227247 1.250174 -0.142429
v -0.183120 1.191030 -0.142429
v -0.173776 1.191031 -0.142429
v -0.173774 1.151862 -0.142429
v -0.183120 1.182167 -0.142429
v -0.245816 1.182165 -0.142429
v -0.245817 1.191027 -0.142429
v -0.254678 1.182164 -0.142429
v -0.252615 1.188186 -0.142429
v -0.183119 1.151861 -0.142429
v -0.184461 1.150934 -0.137714
v -0.184462 1.179934 -0.137714
v -0.244455 1.179932 -0.137714
v -0.245813 1.076543 -0.142429
v -0.254675 1.076542 -0.142429
v -0.173774 1.109874 -0.142429
v -0.183118 1.109873 -0.142429
v -0.184460 1.110756 -0.137714
v -0.202874 1.150933 -0.137714
v -0.225443 1.150932 -0.137714
v -0.244454 1.150931 -0.137714
v -0.173773 1.076546 -0.142429
v -0.183117 1.076545 -0.142429
v -0.184459 1.078865 -0.137714
v -0.202873 1.110755 -0.137714
v -0.203829 1.112456 -0.143963
v -0.203830 1.149232 -0.143963
v -0.175822 1.070620 -0.142429
v -0.183116 1.067683 -0.142429
v -0.244453 1.078863 -0.137714
v -0.225442 1.110754 -0.137714
v -0.224487 1.112455 -0.143963
v -0.224487 1.149231 -0.143963
v -0.245812 1.067680 -0.142429
v -0.252624 1.070616 -0.142429
v -0.244454 1.110754 -0.137714
v -0.183120 1.191030 -0.050090
v -0.173776 1.191031 -0.050090
v -0.315451 1.347189 -0.050090
v -0.323346 1.345106 -0.050090
v -0.330175 1.347213 -0.050090
v -0.315361 1.370930 -0.049948
v -0.330183 1.370942 -0.049948
v -0.330201 1.389522 -0.041672
v -0.315281 1.389522 -0.041672
v -0.330201 1.409535 -0.041695
v -0.315281 1.409535 -0.041695
v -0.330201 1.428017 -0.049374
v -0.315281 1.428017 -0.049374
v -0.330201 1.442153 -0.063541
v -0.315281 1.442153 -0.063541
v -0.330201 1.449791 -0.082040
v -0.315281 1.449791 -0.082040
v -0.183116 1.069619 -0.083358
v -0.183116 1.069619 -0.053060
v -0.245812 1.069616 -0.053060
v -0.245812 1.069616 -0.083358
v -0.183120 1.191030 -0.107867
v -0.183120 1.191030 -0.142429
v -0.245817 1.191027 -0.142429
v -0.183120 1.191030 -0.050090
v -0.245817 1.191027 -0.050090
v -0.252615 1.188186 -0.142429
v -0.252615 1.188186 -0.050090
v -0.175822 1.070620 -0.107867
v -0.175822 1.070620 -0.050091
v -0.183116 1.067683 -0.050091
v -0.183116 1.067683 -0.083367
v -0.175822 1.070620 -0.142429
v -0.183116 1.067683 -0.142429
v -0.245812 1.067680 -0.083367
v -0.245812 1.067680 -0.142429
v -0.252624 1.070616 -0.142429
v -0.252624 1.070616 -0.050091
v -0.245812 1.067680 -0.050091
v -0.178206 1.151861 -0.142429
v -0.178206 1.169119 -0.107838
v -0.178205 1.092667 -0.107895
v -0.178205 1.109874 -0.142429
v -0.173773 1.076546 -0.050091
v -0.183117 1.076545 -0.050091
v -0.183116 1.067683 -0.050091
v -0.175822 1.070620 -0.050091
v -0.245812 1.069616 -0.053060
v -0.183116 1.069619 -0.053060
v -0.183117 1.076572 -0.053060
v -0.245813 1.076569 -0.053060
v -0.245813 1.076543 -0.050091
v -0.245812 1.067680 -0.050091
v -0.252624 1.070616 -0.050091
v -0.254675 1.076542 -0.050091
v -0.245814 1.118730 -0.050091
v -0.245815 1.138952 -0.050091
v -0.245816 1.182164 -0.050090
v -0.254678 1.182164 -0.050090
v -0.252615 1.188186 -0.050090
v -0.245817 1.191027 -0.050090
v -0.183120 1.182167 -0.050090
v -0.183120 1.191030 -0.050090
v -0.173776 1.191031 -0.050090
v -0.173776 1.182101 -0.050035
v -0.254678 1.182164 -0.050090
v -0.252615 1.188186 -0.050090
v -0.252615 1.188186 -0.142429
v -0.254678 1.182164 -0.142429
v -0.254675 1.076542 -0.142429
v -0.254675 1.076542 -0.050091
v -0.252624 1.070616 -0.142429
v -0.252624 1.070616 -0.050091
v -0.173774 1.109874 -0.142429
v -0.173774 1.092667 -0.107895
v -0.173773 1.076546 -0.107867
v -0.173773 1.076546 -0.142429
v -0.175822 1.070620 -0.107867
v -0.175822 1.070620 -0.142429
v -0.175822 1.070620 -0.050091
v -0.173773 1.076546 -0.050091
v -0.183116 1.067683 -0.050091
v -0.183117 1.076545 -0.050091
v -0.183117 1.076572 -0.053060
v -0.183116 1.069619 -0.053060
v -0.245812 1.067680 -0.050091
v -0.245812 1.067680 -0.083367
v -0.245812 1.069616 -0.083358
v -0.245812 1.069616 -0.053060
v -0.183116 1.067683 -0.083367
v -0.183116 1.069619 -0.083358
v -0.245812 1.067680 -0.083367
v -0.245812 1.069616 -0.083358
v -0.245814 1.118730 -0.050091
v -0.245813 1.076543 -0.050091
v -0.245814 1.076545 -0.107804
v -0.245815 1.138952 -0.050091
v -0.245818 1.182167 -0.107804
v -0.245816 1.182164 -0.050090
v -0.173773 1.076546 -0.107867
v -0.245814 1.076545 -0.107804
v -0.245813 1.076569 -0.053060
v -0.183117 1.076572 -0.053060
v -0.183117 1.076545 -0.050091
v -0.173773 1.076546 -0.050091
v -0.178206 1.169119 -0.107838
v -0.178206 1.151861 -0.142429
v -0.173774 1.151862 -0.142429
v -0.173775 1.169119 -0.107838
v -0.173775 1.182168 -0.107867
v -0.245814 1.076545 -0.107804
v -0.178205 1.092667 -0.107895
v -0.173774 1.092667 -0.107895
v -0.178205 1.109874 -0.142429
v -0.173774 1.109874 -0.142429
v -0.245818 1.182167 -0.107804
v -0.173773 1.076546 -0.107867
v -0.173774 1.151862 -0.142429
v -0.178206 1.151861 -0.142429
v -0.178206 1.169177 -0.107673
v -0.173775 1.169177 -0.107673
v -0.178205 1.109874 -0.142429
v -0.173774 1.109874 -0.142429
v -0.173774 1.092559 -0.107673
v -0.178205 1.092559 -0.107673
v -0.173775 1.169177 -0.107673
v -0.178206 1.169177 -0.107673
v -0.178206 1.138954 -0.083937
v -0.173775 1.138955 -0.083937
v -0.178205 1.092559 -0.107673
v -0.173774 1.092559 -0.107673
v -0.173774 1.120603 -0.083937
v -0.178205 1.120603 -0.083937
v -0.173774 1.151862 -0.142429
v -0.173775 1.169177 -0.107673
v -0.173774 1.092559 -0.107673
v -0.173775 1.138955 -0.083937
v -0.173774 1.120603 -0.083937
v -0.173775 1.138955 -0.050087
v -0.173774 1.120603 -0.050087
v -0.245602 1.138953 -0.083937
v -0.245601 1.120602 -0.083937
v -0.245601 1.120602 -0.050087
v -0.245602 1.138953 -0.050087
v -0.178206 1.151861 -0.142429
v -0.178205 1.109874 -0.142429
v -0.178205 1.092559 -0.107673
v -0.178206 1.169177 -0.107673
v -0.178205 1.120603 -0.083937
v -0.178206 1.138954 -0.083937
v -0.245601 1.120602 -0.083937
v -0.245602 1.138953 -0.083937
v -0.173774 1.120603 -0.050087
v -0.173775 1.138955 -0.050087
v -0.245602 1.138953 -0.050087
v -0.245601 1.120602 -0.050087
v -0.218341 1.190038 -0.059221
v -0.218341 1.190038 -0.132578
v -0.180386 1.190178 -0.132578
v -0.180386 1.190178 -0.059221
v -0.180386 1.190178 -0.059221
v -0.180386 1.190178 -0.132578
v -0.200282 1.212199 -0.132578
v -0.200282 1.212199 -0.059221
v -0.200282 1.212199 -0.059221
v -0.200282 1.212199 -0.132578
v -0.218341 1.190038 -0.132578
v -0.218341 1.190038 -0.059221
v -0.546581 1.093974 -0.136641
v -0.546581 1.093974 -0.057130
v -0.546591 1.111293 -0.057130
v -0.546591 1.111293 -0.136638
v -0.546591 1.153336 -0.057130
v -0.546591 1.153336 -0.136638
v -0.546591 1.160654 -0.129895
v -0.546591 1.158710 -0.134407
v -0.546591 1.160654 -0.063352
v -0.546591 1.157899 -0.058968
v -0.483995 1.347189 -0.050090
v -0.625670 1.191031 -0.050090
v -0.616326 1.191030 -0.050090
v -0.476100 1.345106 -0.050090
v -0.469271 1.347213 -0.050090
v -0.484085 1.370930 -0.049948
v -0.469263 1.370942 -0.049948
v -0.469245 1.389522 -0.041672
v -0.484165 1.389522 -0.041672
v -0.469245 1.409535 -0.041695
v -0.484165 1.409535 -0.041695
v -0.469245 1.428017 -0.049374
v -0.484165 1.428017 -0.049374
v -0.469245 1.442153 -0.063541
v -0.484165 1.442153 -0.063541
v -0.469245 1.449791 -0.082040
v -0.484165 1.449791 -0.082040
v -0.572199 1.250174 -0.142429
v -0.625670 1.191031 -0.142429
v -0.625670 1.191031 -0.107867
v -0.572199 1.250174 -0.107867
v -0.566369 1.250438 -0.142430
v -0.566369 1.250438 -0.115359
v -0.534045 1.285997 -0.142430
v -0.534045 1.285997 -0.115359
v -0.533879 1.292280 -0.142429
v -0.625670 1.191031 -0.050090
v -0.483995 1.347189 -0.050090
v -0.533879 1.292280 -0.107867
v -0.483996 1.347189 -0.142429
v -0.483996 1.347189 -0.107867
v -0.476100 1.345106 -0.050090
v -0.616326 1.191030 -0.050090
v -0.616326 1.191030 -0.107867
v -0.569878 1.242304 -0.107867
v -0.525945 1.290523 -0.107867
v -0.476100 1.345106 -0.107867
v -0.469271 1.347213 -0.050090
v -0.469271 1.347213 -0.107867
v -0.476100 1.345106 -0.142429
v -0.469271 1.347213 -0.142429
v -0.569878 1.242305 -0.142429
v -0.563039 1.242601 -0.115359
v -0.525616 1.283803 -0.115359
v -0.525616 1.283803 -0.142429
v -0.525945 1.290523 -0.142429
v -0.616326 1.191030 -0.142429
v -0.563039 1.242601 -0.142429
v -0.484165 1.449791 -0.082040
v -0.469245 1.449791 -0.082040
v -0.469245 1.449768 -0.102054
v -0.484165 1.449768 -0.102053
v -0.469245 1.442089 -0.120535
v -0.484165 1.442089 -0.120535
v -0.469245 1.427921 -0.134671
v -0.484165 1.427922 -0.134671
v -0.469245 1.409423 -0.142309
v -0.484165 1.409423 -0.142309
v -0.469263 1.389447 -0.142358
v -0.484085 1.389436 -0.142358
v -0.483996 1.347189 -0.142429
v -0.469271 1.347213 -0.142429
v -0.476100 1.345106 -0.142429
v -0.525945 1.290523 -0.142429
v -0.533879 1.292280 -0.142429
v -0.534045 1.285997 -0.142430
v -0.525616 1.283803 -0.142429
v -0.566369 1.250438 -0.142430
v -0.569878 1.242305 -0.142429
v -0.572199 1.250174 -0.142429
v -0.616326 1.191030 -0.142429
v -0.625670 1.191031 -0.142429
v -0.625672 1.151862 -0.142429
v -0.563039 1.242601 -0.142429
v -0.616330 1.069619 -0.083358
v -0.553634 1.069616 -0.083358
v -0.553634 1.069616 -0.053060
v -0.616330 1.069619 -0.053060
v -0.553630 1.191027 -0.142429
v -0.616326 1.191030 -0.142429
v -0.616326 1.191030 -0.107867
v -0.616326 1.191030 -0.050090
v -0.553630 1.191027 -0.050090
v -0.546831 1.188186 -0.142429
v -0.546831 1.188186 -0.050090
v -0.616330 1.067683 -0.050091
v -0.623624 1.070620 -0.050091
v -0.623624 1.070620 -0.107867
v -0.616330 1.067683 -0.083367
v -0.623624 1.070620 -0.142429
v -0.616331 1.067683 -0.142429
v -0.553634 1.067680 -0.083367
v -0.553634 1.067680 -0.142429
v -0.546823 1.070616 -0.142429
v -0.546823 1.070616 -0.050091
v -0.553634 1.067680 -0.050091
v -0.621241 1.151861 -0.142429
v -0.621242 1.109874 -0.142429
v -0.621242 1.092667 -0.107895
v -0.621241 1.169119 -0.107838
v -0.625674 1.076546 -0.050091
v -0.623624 1.070620 -0.050091
v -0.616330 1.067683 -0.050091
v -0.616330 1.076545 -0.050091
v -0.616329 1.076572 -0.053060
v -0.616330 1.069619 -0.053060
v -0.553634 1.069616 -0.053060
v -0.553633 1.076569 -0.053060
v -0.553633 1.076543 -0.050091
v -0.553634 1.067680 -0.050091
v -0.546823 1.070616 -0.050091
v -0.544771 1.076542 -0.050091
v -0.553632 1.118730 -0.050091
v -0.553632 1.138952 -0.050091
v -0.553631 1.182164 -0.050090
v -0.553634 1.069616 -0.083358
v -0.553634 1.067680 -0.083367
v -0.616330 1.069619 -0.083358
v -0.616330 1.067683 -0.083367
v -0.544768 1.182164 -0.050090
v -0.546831 1.188186 -0.050090
v -0.553630 1.191027 -0.050090
v -0.616327 1.182167 -0.050090
v -0.616326 1.191030 -0.050090
v -0.625670 1.191031 -0.050090
v -0.625670 1.182101 -0.050035
v -0.546831 1.188186 -0.142429
v -0.546831 1.188186 -0.050090
v -0.544768 1.182164 -0.050090
v -0.544768 1.182164 -0.142429
v -0.544771 1.076542 -0.142429
v -0.544771 1.076542 -0.050091
v -0.546823 1.070616 -0.142429
v -0.546823 1.070616 -0.050091
v -0.625674 1.076546 -0.107867
v -0.625673 1.092667 -0.107895
v -0.625673 1.109874 -0.142429
v -0.625674 1.076546 -0.142429
v -0.623624 1.070620 -0.107867
v -0.623624 1.070620 -0.050091
v -0.625674 1.076546 -0.050091
v -0.623624 1.070620 -0.142429
v -0.553632 1.138952 -0.050091
v -0.553631 1.182164 -0.050090
v -0.553629 1.182167 -0.107804
v -0.553633 1.076545 -0.107804
v -0.553632 1.118730 -0.050091
v -0.553633 1.076543 -0.050091
v -0.625674 1.076546 -0.107867
v -0.625674 1.076546 -0.050091
v -0.616330 1.076545 -0.050091
v -0.616329 1.076572 -0.053060
v -0.553633 1.076569 -0.053060
v -0.553633 1.076545 -0.107804
v -0.625672 1.151862 -0.142429
v -0.621241 1.151861 -0.142429
v -0.621241 1.169119 -0.107838
v -0.625672 1.169119 -0.107838
v -0.625671 1.182168 -0.107867
v -0.553633 1.076545 -0.107804
v -0.553629 1.182167 -0.107804
v -0.621242 1.092667 -0.107895
v -0.625673 1.092667 -0.107895
v -0.625674 1.076546 -0.107867
v -0.621242 1.109874 -0.142429
v -0.625673 1.109874 -0.142429
v -0.625672 1.151862 -0.142429
v -0.625672 1.169177 -0.107673
v -0.621241 1.169177 -0.107673
v -0.621241 1.151861 -0.142429
v -0.621242 1.109874 -0.142429
v -0.621242 1.092559 -0.107673
v -0.625673 1.092559 -0.107673
v -0.625673 1.109874 -0.142429
v -0.625672 1.169177 -0.107673
v -0.625672 1.151862 -0.142429
v -0.625673 1.092559 -0.107673
v -0.625672 1.138955 -0.083937
v -0.625673 1.120603 -0.083937
v -0.625672 1.138955 -0.050087
v -0.625673 1.120603 -0.050087
v -0.553844 1.138953 -0.083937
v -0.553844 1.138953 -0.050087
v -0.553845 1.120602 -0.050087
v -0.553845 1.120602 -0.083937
v -0.621242 1.092559 -0.107673
v -0.621242 1.109874 -0.142429
v -0.621241 1.151861 -0.142429
v -0.621241 1.169177 -0.107673
v -0.621242 1.120603 -0.083937
v -0.621241 1.138955 -0.083937
v -0.553845 1.120602 -0.083937
v -0.553844 1.138953 -0.083937
v -0.625673 1.120603 -0.050087
v -0.553845 1.120602 -0.050087
v -0.553844 1.138953 -0.050087
v -0.625672 1.138955 -0.050087
v -0.625672 1.169119 -0.107838
v -0.625671 1.182168 -0.107867
v -0.625670 1.191031 -0.142429
v -0.625670 1.191031 -0.107867
v -0.625670 1.191031 -0.050090
v -0.625670 1.182101 -0.050035
v -0.553629 1.182167 -0.107804
v -0.553631 1.182164 -0.050090
v -0.616327 1.182167 -0.050090
v -0.625670 1.182101 -0.050035
v -0.625671 1.182168 -0.107867
v -0.581106 1.190038 -0.059221
v -0.619061 1.190178 -0.059221
v -0.619061 1.190178 -0.132578
v -0.581106 1.190038 -0.132578
v -0.619061 1.190178 -0.059221
v -0.599164 1.212199 -0.059221
v -0.599164 1.212199 -0.132578
v -0.619061 1.190178 -0.132578
v -0.484450 1.346409 -0.106642
v -0.517720 1.309362 -0.106642
v -0.517720 1.348902 -0.106642
v -0.484450 1.348921 -0.106642
v -0.494347 1.381917 -0.106642
v -0.484450 1.381917 -0.106642
v -0.494347 1.393738 -0.106642
v -0.484450 1.393738 -0.106642
v -0.484450 1.348921 -0.090061
v -0.484450 1.381917 -0.090061
v -0.494347 1.381917 -0.090061
v -0.517720 1.348902 -0.090061
v -0.484450 1.346409 -0.090061
v -0.517720 1.309362 -0.090061
v -0.484450 1.381917 -0.090061
v -0.484450 1.393738 -0.090061
v -0.494347 1.393738 -0.090061
v -0.494347 1.381917 -0.090061
v -0.517720 1.309362 -0.090061
v -0.517720 1.309362 -0.106642
v -0.484450 1.346409 -0.106642
v -0.484450 1.346409 -0.090061
v -0.484450 1.348921 -0.106642
v -0.484450 1.348921 -0.090061
v -0.484450 1.381917 -0.106642
v -0.484450 1.381917 -0.090061
v -0.484450 1.393738 -0.106642
v -0.484450 1.393738 -0.090061
v -0.517720 1.309362 -0.106642
v -0.517720 1.309362 -0.090061
v -0.517720 1.348902 -0.090061
v -0.517720 1.348902 -0.106642
v -0.494347 1.381917 -0.090061
v -0.494347 1.381917 -0.106642
v -0.494347 1.393738 -0.090061
v -0.494347 1.393738 -0.106642
v -0.494347 1.393738 -0.106642
v -0.494347 1.393738 -0.090061
v -0.484450 1.393738 -0.090061
v -0.484450 1.393738 -0.106642
v -0.281726 1.348902 -0.106642
v -0.281726 1.309362 -0.106642
v -0.314996 1.346409 -0.106642
v -0.314996 1.348921 -0.106642
v -0.305100 1.381917 -0.106642
v -0.314996 1.381917 -0.106642
v -0.305100 1.393738 -0.106642
v -0.314996 1.393738 -0.106642
v -0.314996 1.346409 -0.090061
v -0.281726 1.309362 -0.090061
v -0.281726 1.348902 -0.090061
v -0.314996 1.348921 -0.090061
v -0.305100 1.381917 -0.090061
v -0.314996 1.381917 -0.090061
v -0.305100 1.393738 -0.090061
v -0.314996 1.393738 -0.090061
v -0.314996 1.346409 -0.106642
v -0.281726 1.309362 -0.106642
v -0.281726 1.309362 -0.090061
v -0.314996 1.346409 -0.090061
v -0.314996 1.348921 -0.106642
v -0.314996 1.348921 -0.090061
v -0.314996 1.381917 -0.106642
v -0.314996 1.381917 -0.090061
v -0.314996 1.393738 -0.106642
v -0.314996 1.393738 -0.090061
v -0.281726 1.348902 -0.090061
v -0.281726 1.309362 -0.090061
v -0.281726 1.309362 -0.106642
v -0.281726 1.348902 -0.106642
v -0.305100 1.381917 -0.090061
v -0.305100 1.381917 -0.106642
v -0.305100 1.393738 -0.090061
v -0.305100 1.393738 -0.106642
v -0.305100 1.393738 -0.106642
v -0.314996 1.393738 -0.106642
v -0.314996 1.393738 -0.090061
v -0.305100 1.393738 -0.090061
v -0.304704 1.412890 -0.078989
v -0.304704 1.417558 -0.087092
v -0.315821 1.417558 -0.087092
v -0.315821 1.412890 -0.078989
v -0.304704 1.404796 -0.074305
v -0.315821 1.404796 -0.074305
v -0.304704 1.395445 -0.074296
v -0.315821 1.395445 -0.074296
v -0.304704 1.387341 -0.078963
v -0.315821 1.387341 -0.078963
v -0.304704 1.382657 -0.087057
v -0.315821 1.382657 -0.087057
v -0.304704 1.382648 -0.096409
v -0.315821 1.382648 -0.096409
v -0.315821 1.417549 -0.096444
v -0.315821 1.417558 -0.087092
v -0.304704 1.417558 -0.087092
v -0.304704 1.417549 -0.096444
v -0.315821 1.412865 -0.104538
v -0.304704 1.412865 -0.104538
v -0.315821 1.404761 -0.109205
v -0.304704 1.404761 -0.109205
v -0.315821 1.395410 -0.109196
v -0.304704 1.395410 -0.109196
v -0.315821 1.387316 -0.104512
v -0.304704 1.387316 -0.104512
v -0.315821 1.382648 -0.096409
v -0.304704 1.382648 -0.096409
v -0.315808 1.410934 -0.105030
v -0.304865 1.410934 -0.105030
v -0.304865 1.413295 -0.102669
v -0.315808 1.413295 -0.102669
v -0.304865 1.410934 -0.105030
v -0.315808 1.428259 -0.122355
v -0.315808 1.430619 -0.119994
v -0.304865 1.413295 -0.102669
v -0.315808 1.428259 -0.122355
v -0.315808 1.410934 -0.105030
v -0.315808 1.413295 -0.102669
v -0.315808 1.430619 -0.119994
v -0.317186 1.406562 -0.100893
v -0.304874 1.406562 -0.100893
v -0.304874 1.406562 -0.082710
v -0.317186 1.406562 -0.082710
v -0.304874 1.418431 -0.082710
v -0.304874 1.406562 -0.082710
v -0.304874 1.406562 -0.100893
v -0.304874 1.418431 -0.100893
v -0.313640 1.451567 -0.082710
v -0.313640 1.451567 -0.100893
v -0.330956 1.451567 -0.100893
v -0.330956 1.418431 -0.100893
v -0.330956 1.418431 -0.082710
v -0.330956 1.451567 -0.082710
v -0.313640 1.451567 -0.082710
v -0.313640 1.451567 -0.100893
v -0.317186 1.418431 -0.100893
v -0.317186 1.406562 -0.100893
v -0.317186 1.406562 -0.082710
v -0.317186 1.418431 -0.082710
v -0.304874 1.418431 -0.100893
v -0.304874 1.406562 -0.100893
v -0.317186 1.406562 -0.100893
v -0.317186 1.418431 -0.100893
v -0.313640 1.451567 -0.100893
v -0.330956 1.418431 -0.100893
v -0.330956 1.451567 -0.100893
v -0.317186 1.418431 -0.100893
v -0.317186 1.418431 -0.082710
v -0.330956 1.418431 -0.082710
v -0.330956 1.418431 -0.100893
v -0.317186 1.406562 -0.082710
v -0.304874 1.406562 -0.082710
v -0.304874 1.418431 -0.082710
v -0.317186 1.418431 -0.082710
v -0.313640 1.451567 -0.082710
v -0.330956 1.451567 -0.082710
v -0.330956 1.418431 -0.082710
v -0.315808 1.413298 -0.080653
v -0.304865 1.413298 -0.080653
v -0.304865 1.410937 -0.078292
v -0.315808 1.410937 -0.078292
v -0.304865 1.413298 -0.080653
v -0.315808 1.430623 -0.063328
v -0.315808 1.428262 -0.060967
v -0.304865 1.410937 -0.078292
v -0.315808 1.430623 -0.063328
v -0.315808 1.413298 -0.080653
v -0.315808 1.410937 -0.078292
v -0.315808 1.428262 -0.060967
v -0.483625 1.417558 -0.087092
v -0.494743 1.417558 -0.087092
v -0.494743 1.412890 -0.078989
v -0.483625 1.412890 -0.078989
v -0.494743 1.404796 -0.074305
v -0.483625 1.404796 -0.074305
v -0.494743 1.395445 -0.074296
v -0.483625 1.395445 -0.074296
v -0.494743 1.387341 -0.078963
v -0.483625 1.387341 -0.078963
v -0.494743 1.382657 -0.087057
v -0.483625 1.382657 -0.087057
v -0.494743 1.382648 -0.096409
v -0.483625 1.382648 -0.096409
v -0.494743 1.417558 -0.087092
v -0.483625 1.417558 -0.087092
v -0.483625 1.417549 -0.096444
v -0.494743 1.417549 -0.096444
v -0.483625 1.412865 -0.104538
v -0.494743 1.412865 -0.104538
v -0.483625 1.404761 -0.109205
v -0.494743 1.404761 -0.109205
v -0.483625 1.395410 -0.109196
v -0.494743 1.395410 -0.109196
v -0.483625 1.387316 -0.104512
v -0.494743 1.387316 -0.104512
v -0.483625 1.382648 -0.096409
v -0.494743 1.382648 -0.096409
v -0.482260 1.406562 -0.100893
v -0.482260 1.406562 -0.082710
v -0.494572 1.406562 -0.082710
v -0.494572 1.406562 -0.100893
v -0.494572 1.406562 -0.100893
v -0.494572 1.406562 -0.082710
v -0.494572 1.418431 -0.082710
v -0.494572 1.418431 -0.100893
v -0.485806 1.451567 -0.082710
v -0.485807 1.451567 -0.100893
v -0.468490 1.451567 -0.100893
v -0.468490 1.451567 -0.082710
v -0.468490 1.451567 -0.100893
v -0.468490 1.451567 -0.082710
v -0.468490 1.418431 -0.082710
v -0.468490 1.418431 -0.100893
v -0.482260 1.418431 -0.100893
v -0.482260 1.418431 -0.082710
v -0.482260 1.406562 -0.082710
v -0.482260 1.406562 -0.100893
v -0.485807 1.451567 -0.100893
v -0.468490 1.451567 -0.100893
v -0.468490 1.418431 -0.100893
v -0.482260 1.418431 -0.100893
v -0.494572 1.418431 -0.100893
v -0.482260 1.406562 -0.100893
v -0.494572 1.406562 -0.100893
v -0.482260 1.418431 -0.100893
v -0.468490 1.418431 -0.100893
v -0.468490 1.418431 -0.082710
v -0.482260 1.418431 -0.082710
v -0.482260 1.418431 -0.082710
v -0.468490 1.418431 -0.082710
v -0.468490 1.451567 -0.082710
v -0.485806 1.451567 -0.082710
v -0.494572 1.418431 -0.082710
v -0.482260 1.406562 -0.082710
v -0.494572 1.406562 -0.082710
v -0.483638 1.413298 -0.080653
v -0.483638 1.410937 -0.078292
v -0.494581 1.410937 -0.078292
v -0.494581 1.413298 -0.080653
v -0.494581 1.413298 -0.080653
v -0.494581 1.410937 -0.078292
v -0.483638 1.428262 -0.060967
v -0.483638 1.430623 -0.063328
v -0.483638 1.430623 -0.063328
v -0.483638 1.428262 -0.060967
v -0.483638 1.410937 -0.078292
v -0.483638 1.413298 -0.080653
v -0.483638 1.410934 -0.105030
v -0.483638 1.413295 -0.102669
v -0.494581 1.413295 -0.102669
v -0.494581 1.410934 -0.105030
v -0.494581 1.410934 -0.105030
v -0.494581 1.413295 -0.102669
v -0.483638 1.430619 -0.119994
v -0.483638 1.428259 -0.122355
v -0.483638 1.428259 -0.122355
v -0.483638 1.430619 -0.119994
v -0.483638 1.413295 -0.102669
v -0.483638 1.410934 -0.105030
v -0.315361 1.389436 -0.142358
v -0.315281 1.409423 -0.142309
v -0.315281 1.442089 -0.120535
v -0.315281 1.428017 -0.049374
v -0.315281 1.389522 -0.041672
v -0.315361 1.370930 -0.049948
v -0.315281 1.427922 -0.134671
v -0.315281 1.409535 -0.041695
v -0.315281 1.449768 -0.102053
v -0.315281 1.449791 -0.082040
v -0.315281 1.442153 -0.063541
v -0.330183 1.370942 -0.049948
v -0.330201 1.389522 -0.041672
v -0.330201 1.409535 -0.041695
v -0.330201 1.442153 -0.063541
v -0.330201 1.427922 -0.134671
v -0.330183 1.389447 -0.142358
v -0.330201 1.428017 -0.049374
v -0.330201 1.409423 -0.142309
v -0.330201 1.449791 -0.082040
v -0.330201 1.449768 -0.102053
v -0.330201 1.442089 -0.120535
v -0.173776 1.191031 -0.050090
v -0.173776 1.182101 -0.050035
v -0.173775 1.182168 -0.107867
v -0.173776 1.191031 -0.107867
v -0.173776 1.191031 -0.142429
v -0.173775 1.169119 -0.107838
v -0.178205 1.120603 -0.083937
v -0.173774 1.120603 -0.083937
v -0.173774 1.120603 -0.050087
v -0.245601 1.120602 -0.050087
v -0.245601 1.120602 -0.083937
v -0.178206 1.138954 -0.083937
v -0.245602 1.138953 -0.083937
v -0.245602 1.138953 -0.050087
v -0.173775 1.138955 -0.083937
v -0.173775 1.138955 -0.050087
v -0.245818 1.182167 -0.107804
v -0.173775 1.182168 -0.107867
v -0.173776 1.182101 -0.050035
v -0.183120 1.182167 -0.050090
v -0.245816 1.182164 -0.050090
v -0.208816 1.201473 -0.067889
v -0.210989 1.198778 -0.068429
v -0.212570 1.196781 -0.071515
v -0.205027 1.206136 -0.071516
v -0.206643 1.204168 -0.068429
v -0.208281 1.204894 -0.068429
v -0.207871 1.207395 -0.071516
v -0.207871 1.207398 -0.119963
v -0.205027 1.206139 -0.119963
v -0.208281 1.204894 -0.123357
v -0.212570 1.196784 -0.119962
v -0.206643 1.204168 -0.123357
v -0.208816 1.201473 -0.123897
v -0.210989 1.198778 -0.123357
v -0.541342 1.111293 -0.136638
v -0.546581 1.093974 -0.136641
v -0.546591 1.111293 -0.136638
v -0.546591 1.153336 -0.136638
v -0.541342 1.153336 -0.136638
v -0.546591 1.158710 -0.134407
v -0.541342 1.158710 -0.134407
v -0.541342 1.160654 -0.129895
v -0.546591 1.160654 -0.129895
v -0.541342 1.160654 -0.063352
v -0.546591 1.160654 -0.063352
v -0.541342 1.157899 -0.058968
v -0.546591 1.157899 -0.058968
v -0.541342 1.153336 -0.057130
v -0.546591 1.153336 -0.057130
v -0.541342 1.111293 -0.057130
v -0.546591 1.111293 -0.057130
v -0.546581 1.093974 -0.057130
v -0.484165 1.428017 -0.049374
v -0.484165 1.442153 -0.063541
v -0.484165 1.449791 -0.082040
v -0.484165 1.442089 -0.120535
v -0.484165 1.389522 -0.041672
v -0.484165 1.409535 -0.041695
v -0.484165 1.449768 -0.102053
v -0.484085 1.370930 -0.049948
v -0.484165 1.409423 -0.142309
v -0.484165 1.427922 -0.134671
v -0.469245 1.427921 -0.134671
v -0.469245 1.442089 -0.120535
v -0.469245 1.449768 -0.102054
v -0.469245 1.442153 -0.063541
v -0.469263 1.370942 -0.049948
v -0.469263 1.389447 -0.142358
v -0.469245 1.409423 -0.142309
v -0.469245 1.449791 -0.082040
v -0.469245 1.428017 -0.049374
v -0.469245 1.409535 -0.041695
v -0.469245 1.389522 -0.041672
v -0.544771 1.076542 -0.142429
v -0.546823 1.070616 -0.142429
v -0.553634 1.067680 -0.142429
v -0.553633 1.076543 -0.142429
v -0.544768 1.182164 -0.142429
v -0.553631 1.182165 -0.142429
v -0.553630 1.191027 -0.142429
v -0.546831 1.188186 -0.142429
v -0.616331 1.067683 -0.142429
v -0.616330 1.076545 -0.142429
v -0.554994 1.078863 -0.137714
v -0.554993 1.110754 -0.137714
v -0.554992 1.150931 -0.137714
v -0.554991 1.179932 -0.137714
v -0.623624 1.070620 -0.142429
v -0.625674 1.076546 -0.142429
v -0.616329 1.109873 -0.142429
v -0.614987 1.078865 -0.137714
v -0.596573 1.110755 -0.137714
v -0.574004 1.110754 -0.137714
v -0.574003 1.150932 -0.137714
v -0.614985 1.179934 -0.137714
v -0.625673 1.109874 -0.142429
v -0.616328 1.151861 -0.142429
v -0.614986 1.110756 -0.137714
v -0.596572 1.150933 -0.137714
v -0.595618 1.112456 -0.143963
v -0.574960 1.112455 -0.143963
v -0.574959 1.149231 -0.143963
v -0.616327 1.182167 -0.142429
v -0.614985 1.150934 -0.137714
v -0.595617 1.149232 -0.143963
v -0.586877 1.196781 -0.071515
v -0.588458 1.198778 -0.068429
v -0.590631 1.201473 -0.067889
v -0.594419 1.206136 -0.071516
v -0.586877 1.196784 -0.119962
v -0.592804 1.204168 -0.123357
v -0.588458 1.198778 -0.123357
v -0.590631 1.201473 -0.123897
v -0.591165 1.204894 -0.123357
v -0.592804 1.204168 -0.068429
v -0.591575 1.207395 -0.071516
v -0.591575 1.207398 -0.119963
v -0.594419 1.206139 -0.119963
v -0.591165 1.204894 -0.068429
v -0.315821 1.382657 -0.087057
v -0.315821 1.387341 -0.078963
v -0.315821 1.395445 -0.074296
v -0.315821 1.412890 -0.078989
v -0.315821 1.404761 -0.109205
v -0.315821 1.387316 -0.104512
v -0.315821 1.382648 -0.096409
v -0.315821 1.404796 -0.074305
v -0.315821 1.395410 -0.109196
v -0.315821 1.417558 -0.087092
v -0.315821 1.417549 -0.096444
v -0.315821 1.412865 -0.104538
v -0.304704 1.417558 -0.087092
v -0.304704 1.412890 -0.078989
v -0.304704 1.404796 -0.074305
v -0.304704 1.387341 -0.078963
v -0.304704 1.395410 -0.109196
v -0.304704 1.412865 -0.104538
v -0.304704 1.417549 -0.096444
v -0.304704 1.395445 -0.074296
v -0.304704 1.404761 -0.109205
v -0.304704 1.382657 -0.087057
v -0.304704 1.382648 -0.096409
v -0.304704 1.387316 -0.104512
v -0.483625 1.412890 -0.078989
v -0.483625 1.404796 -0.074305
v -0.483625 1.395445 -0.074296
v -0.483625 1.382657 -0.087057
v -0.483625 1.404761 -0.109205
v -0.483625 1.417549 -0.096444
v -0.483625 1.417558 -0.087092
v -0.483625 1.387341 -0.078963
v -0.483625 1.412865 -0.104538
v -0.483625 1.382648 -0.096409
v -0.483625 1.387316 -0.104512
v -0.483625 1.395410 -0.109196
v -0.494743 1.387341 -0.078963
v -0.494743 1.395445 -0.074296
v -0.494743 1.404796 -0.074305
v -0.494743 1.417558 -0.087092
v -0.494743 1.395410 -0.109196
v -0.494743 1.382648 -0.096409
v -0.494743 1.382657 -0.087057
v -0.494743 1.412890 -0.078989
v -0.494743 1.387316 -0.104512
v -0.494743 1.417549 -0.096444
v -0.494743 1.412865 -0.104538
v -0.494743 1.404761 -0.109205
v -0.616518 1.109419 -0.081695
v -0.606914 1.113397 -0.081695
v -0.606914 1.113397 -0.108491
v -0.616518 1.109419 -0.108492
v -0.620495 1.099815 -0.081695
v -0.620495 1.099815 -0.108491
v -0.616518 1.090212 -0.081695
v -0.616518 1.090212 -0.108491
v -0.606914 1.086234 -0.081695
v -0.606914 1.086234 -0.108491
v -0.597310 1.109419 -0.108491
v -0.606914 1.113397 -0.108491
v -0.606914 1.113397 -0.081695
v -0.597310 1.109419 -0.081695
v -0.593332 1.099815 -0.108491
v -0.593332 1.099815 -0.081695
v -0.597310 1.090212 -0.108491
v -0.597310 1.090212 -0.081695
v -0.606914 1.086234 -0.108491
v -0.606914 1.086234 -0.081695
v -0.619054 1.111955 -0.047578
v -0.606914 1.116984 -0.047578
v -0.606914 1.116984 -0.081763
v -0.619054 1.111955 -0.081763
v -0.624082 1.099815 -0.047578
v -0.624082 1.099815 -0.081763
v -0.619054 1.087675 -0.047578
v -0.619054 1.087675 -0.081763
v -0.606914 1.082647 -0.047578
v -0.606914 1.082647 -0.081763
v -0.594774 1.111955 -0.081763
v -0.606914 1.116984 -0.081763
v -0.606914 1.116984 -0.047578
v -0.594774 1.111955 -0.047578
v -0.589745 1.099815 -0.081763
v -0.589745 1.099815 -0.047578
v -0.594774 1.087675 -0.081763
v -0.594774 1.087675 -0.047578
v -0.606914 1.082647 -0.081763
v -0.606914 1.082647 -0.047578
v -0.620495 1.099815 -0.108491
v -0.616518 1.109419 -0.108492
v -0.606914 1.113397 -0.108491
v -0.593332 1.099815 -0.108491
v -0.606914 1.086234 -0.108491
v -0.616518 1.090212 -0.108491
v -0.597310 1.109419 -0.108491
v -0.597310 1.090212 -0.108491
v -0.561821 1.109419 -0.108491
v -0.571424 1.113397 -0.108491
v -0.571424 1.113397 -0.081695
v -0.561821 1.109419 -0.081695
v -0.557843 1.099815 -0.108491
v -0.557843 1.099815 -0.081695
v -0.559284 1.111955 -0.081763
v -0.554256 1.099815 -0.081763
v -0.561821 1.090212 -0.081695
v -0.571424 1.116984 -0.081763
v -0.583564 1.111955 -0.081763
v -0.581028 1.109419 -0.081695
v -0.588593 1.099815 -0.081763
v -0.585005 1.099815 -0.081695
v -0.583564 1.087675 -0.081763
v -0.581028 1.090212 -0.081695
v -0.571424 1.082647 -0.081763
v -0.571424 1.086234 -0.081695
v -0.559284 1.087675 -0.081763
v -0.581028 1.109419 -0.081695
v -0.571424 1.113397 -0.081695
v -0.571424 1.113397 -0.108491
v -0.581028 1.109419 -0.108491
v -0.585005 1.099815 -0.081695
v -0.585005 1.099815 -0.108491
v -0.581028 1.090212 -0.081695
v -0.585005 1.099815 -0.081695
v -0.585005 1.099815 -0.108491
v -0.581028 1.090212 -0.108491
v -0.571424 1.086234 -0.081695
v -0.571424 1.086234 -0.108491
v -0.561821 1.090212 -0.081695
v -0.561821 1.090212 -0.108491
v -0.557843 1.099815 -0.081695
v -0.557843 1.099815 -0.108491
v -0.583564 1.111955 -0.047578
v -0.571424 1.116984 -0.047578
v -0.571424 1.116984 -0.081763
v -0.583564 1.111955 -0.081763
v -0.588593 1.099815 -0.047578
v -0.588593 1.099815 -0.081763
v -0.583564 1.087675 -0.047578
v -0.583564 1.087675 -0.081763
v -0.571424 1.082647 -0.047578
v -0.571424 1.082647 -0.081763
v -0.559284 1.111955 -0.081763
v -0.571424 1.116984 -0.081763
v -0.571424 1.116984 -0.047578
v -0.559284 1.111955 -0.047578
v -0.554256 1.099815 -0.081763
v -0.554256 1.099815 -0.047578
v -0.559284 1.087675 -0.081763
v -0.559284 1.087675 -0.047578
v -0.571424 1.082647 -0.081763
v -0.571424 1.082647 -0.047578
v -0.585005 1.099815 -0.108491
v -0.581028 1.109419 -0.108491
v -0.571424 1.113397 -0.108491
v -0.557843 1.099815 -0.108491
v -0.571424 1.086234 -0.108491
v -0.581028 1.090212 -0.108491
v -0.561821 1.109419 -0.108491
v -0.561821 1.090212 -0.108491
v -0.597310 1.169909 -0.108491
v -0.606914 1.173887 -0.108491
v -0.606914 1.173887 -0.081695
v -0.597310 1.169909 -0.081695
v -0.606914 1.177474 -0.081763
v -0.594774 1.172446 -0.081763
v -0.593332 1.160306 -0.081695
v -0.589745 1.160306 -0.081763
v -0.597310 1.150702 -0.081695
v -0.594774 1.148166 -0.081763
v -0.606914 1.146724 -0.081695
v -0.619054 1.172446 -0.081763
v -0.616518 1.169909 -0.081695
v -0.624082 1.160306 -0.081763
v -0.620495 1.160306 -0.081695
v -0.619054 1.148166 -0.081763
v -0.616518 1.150702 -0.081695
v -0.606914 1.143137 -0.081763
v -0.616518 1.169909 -0.081695
v -0.606914 1.173887 -0.081695
v -0.606914 1.173887 -0.108491
v -0.616518 1.169909 -0.108491
v -0.620495 1.160306 -0.081695
v -0.620495 1.160306 -0.108491
v -0.616518 1.150702 -0.081695
v -0.616518 1.150702 -0.108491
v -0.606914 1.146724 -0.081695
v -0.606914 1.146724 -0.108491
v -0.593332 1.160306 -0.108491
v -0.597310 1.169909 -0.108491
v -0.597310 1.169909 -0.081695
v -0.593332 1.160306 -0.081695
v -0.597310 1.150702 -0.108491
v -0.597310 1.150702 -0.081695
v -0.606914 1.146724 -0.108491
v -0.606914 1.146724 -0.081695
v -0.619054 1.172446 -0.047578
v -0.606914 1.177474 -0.047578
v -0.606914 1.177474 -0.081763
v -0.619054 1.172446 -0.081763
v -0.624082 1.160306 -0.047578
v -0.624082 1.160306 -0.081763
v -0.619054 1.148166 -0.047578
v -0.619054 1.148166 -0.081763
v -0.606914 1.143137 -0.047578
v -0.606914 1.143137 -0.081763
v -0.594774 1.172446 -0.081763
v -0.606914 1.177474 -0.081763
v -0.606914 1.177474 -0.047578
v -0.594774 1.172446 -0.047578
v -0.589745 1.160306 -0.081763
v -0.589745 1.160306 -0.047578
v -0.594774 1.148166 -0.081763
v -0.594774 1.148166 -0.047578
v -0.606914 1.143137 -0.081763
v -0.606914 1.143137 -0.047578
v -0.620495 1.160306 -0.108491
v -0.616518 1.169909 -0.108491
v -0.606914 1.173887 -0.108491
v -0.593332 1.160306 -0.108491
v -0.606914 1.146724 -0.108491
v -0.616518 1.150702 -0.108491
v -0.597310 1.169909 -0.108491
v -0.597310 1.150702 -0.108491
v -0.561821 1.169909 -0.108491
v -0.571424 1.173887 -0.108491
v -0.571424 1.173887 -0.081695
v -0.561821 1.169909 -0.081695
v -0.571424 1.177474 -0.081763
v -0.559284 1.172446 -0.081763
v -0.557843 1.160306 -0.081695
v -0.554256 1.160306 -0.081763
v -0.561821 1.150702 -0.081695
v -0.559284 1.148166 -0.081763
v -0.571424 1.146724 -0.081695
v -0.583564 1.172446 -0.081763
v -0.581028 1.169909 -0.081695
v -0.588593 1.160306 -0.081763
v -0.585005 1.160306 -0.081695
v -0.583564 1.148166 -0.081763
v -0.581028 1.150702 -0.081695
v -0.571424 1.143137 -0.081763
v -0.581028 1.169909 -0.081695
v -0.571424 1.173887 -0.081695
v -0.571424 1.173887 -0.108491
v -0.581028 1.169909 -0.108491
v -0.585005 1.160306 -0.081695
v -0.585005 1.160306 -0.108491
v -0.585005 1.160306 -0.108491
v -0.581028 1.150702 -0.108491
v -0.581028 1.150702 -0.081695
v -0.585005 1.160306 -0.081695
v -0.581028 1.150702 -0.108491
v -0.571424 1.146724 -0.108491
v -0.571424 1.146724 -0.081695
v -0.581028 1.150702 -0.081695
v -0.557843 1.160306 -0.108491
v -0.561821 1.169909 -0.108491
v -0.561821 1.169909 -0.081695
v -0.557843 1.160306 -0.081695
v -0.561821 1.150702 -0.108491
v -0.561821 1.150702 -0.081695
v -0.571424 1.146724 -0.108491
v -0.571424 1.146724 -0.081695
v -0.583564 1.172446 -0.047578
v -0.571424 1.177474 -0.047578
v -0.571424 1.177474 -0.081763
v -0.583564 1.172446 -0.081763
v -0.588593 1.160306 -0.047578
v -0.588593 1.160306 -0.081763
v -0.583564 1.148166 -0.047578
v -0.583564 1.148166 -0.081763
v -0.571424 1.143137 -0.047578
v -0.571424 1.143137 -0.081763
v -0.559284 1.172446 -0.081763
v -0.571424 1.177474 -0.081763
v -0.571424 1.177474 -0.047578
v -0.559284 1.172446 -0.047578
v -0.554256 1.160306 -0.081763
v -0.554256 1.160306 -0.047578
v -0.559284 1.148166 -0.081763
v -0.559284 1.148166 -0.047578
v -0.571424 1.143137 -0.081763
v -0.571424 1.143137 -0.047578
v -0.585005 1.160306 -0.108491
v -0.581028 1.169909 -0.108491
v -0.571424 1.173887 -0.108491
v -0.557843 1.160306 -0.108491
v -0.571424 1.146724 -0.108491
v -0.581028 1.150702 -0.108491
v -0.561821 1.169909 -0.108491
v -0.561821 1.150702 -0.108491
v -0.237555 1.109419 -0.108491
v -0.241533 1.099815 -0.108491
v -0.241533 1.099815 -0.081695
v -0.237555 1.109419 -0.081695
v -0.227951 1.113397 -0.108492
v -0.227951 1.113397 -0.081695
v -0.218348 1.109419 -0.108491
v -0.218348 1.109419 -0.081695
v -0.214370 1.099815 -0.108491
v -0.214370 1.099815 -0.081695
v -0.245120 1.099815 -0.081763
v -0.240091 1.111955 -0.081763
v -0.227951 1.116984 -0.081763
v -0.215811 1.111955 -0.081763
v -0.210783 1.099815 -0.081763
v -0.218348 1.090212 -0.081695
v -0.240091 1.087675 -0.081763
v -0.237555 1.090212 -0.081695
v -0.227951 1.082647 -0.081763
v -0.227951 1.086234 -0.081695
v -0.215811 1.087675 -0.081763
v -0.237555 1.090212 -0.081695
v -0.241533 1.099815 -0.081695
v -0.241533 1.099815 -0.108491
v -0.237555 1.090212 -0.108491
v -0.227951 1.086234 -0.081695
v -0.227951 1.086234 -0.108491
v -0.218348 1.090212 -0.081695
v -0.218348 1.090212 -0.108491
v -0.214370 1.099815 -0.081695
v -0.214370 1.099815 -0.108491
v -0.240091 1.111955 -0.047578
v -0.227951 1.116984 -0.047578
v -0.227951 1.116984 -0.081763
v -0.240091 1.111955 -0.081763
v -0.245120 1.099815 -0.047578
v -0.245120 1.099815 -0.081763
v -0.240091 1.087675 -0.047578
v -0.240091 1.087675 -0.081763
v -0.227951 1.082647 -0.047578
v -0.227951 1.082647 -0.081763
v -0.215811 1.111955 -0.081763
v -0.227951 1.116984 -0.081763
v -0.227951 1.116984 -0.047578
v -0.215811 1.111955 -0.047578
v -0.210783 1.099815 -0.081763
v -0.210783 1.099815 -0.047578
v -0.215811 1.087675 -0.081763
v -0.215811 1.087675 -0.047578
v -0.227951 1.082647 -0.081763
v -0.227951 1.082647 -0.047578
v -0.241533 1.099815 -0.108491
v -0.237555 1.109419 -0.108491
v -0.227951 1.113397 -0.108492
v -0.214370 1.099815 -0.108491
v -0.227951 1.086234 -0.108491
v -0.237555 1.090212 -0.108491
v -0.218348 1.109419 -0.108491
v -0.218348 1.090212 -0.108491
v -0.202065 1.109419 -0.108491
v -0.206043 1.099815 -0.108491
v -0.206043 1.099815 -0.081695
v -0.202065 1.109419 -0.081695
v -0.192461 1.113397 -0.108491
v -0.192461 1.113397 -0.081695
v -0.204601 1.111955 -0.081763
v -0.192461 1.116984 -0.081763
v -0.182858 1.109419 -0.081695
v -0.209630 1.099815 -0.081763
v -0.204601 1.087675 -0.081763
v -0.202065 1.090212 -0.081695
v -0.192461 1.082647 -0.081763
v -0.192461 1.086234 -0.081695
v -0.180322 1.087675 -0.081763
v -0.182858 1.090212 -0.081695
v -0.175293 1.099815 -0.081763
v -0.178880 1.099815 -0.081695
v -0.180322 1.111955 -0.081763
v -0.202065 1.090212 -0.081695
v -0.206043 1.099815 -0.081695
v -0.206043 1.099815 -0.108491
v -0.202065 1.090212 -0.108491
v -0.192461 1.086234 -0.081695
v -0.192461 1.086234 -0.108491
v -0.182858 1.109419 -0.108491
v -0.192461 1.113397 -0.108491
v -0.192461 1.113397 -0.081695
v -0.182858 1.109419 -0.081695
v -0.178880 1.099815 -0.108491
v -0.178880 1.099815 -0.081695
v -0.182858 1.090212 -0.108491
v -0.182858 1.090212 -0.081695
v -0.192461 1.086234 -0.108491
v -0.192461 1.086234 -0.081695
v -0.204601 1.111955 -0.047578
v -0.192461 1.116984 -0.047578
v -0.192461 1.116984 -0.081763
v -0.204601 1.111955 -0.081763
v -0.209630 1.099815 -0.047578
v -0.209630 1.099815 -0.081763
v -0.204601 1.087675 -0.047578
v -0.204601 1.087675 -0.081763
v -0.192461 1.082647 -0.047578
v -0.192461 1.082647 -0.081763
v -0.180322 1.111955 -0.081763
v -0.192461 1.116984 -0.081763
v -0.192461 1.116984 -0.047578
v -0.180322 1.111955 -0.047578
v -0.175293 1.099815 -0.081763
v -0.175293 1.099815 -0.047578
v -0.180322 1.087675 -0.081763
v -0.180322 1.087675 -0.047578
v -0.192461 1.082647 -0.081763
v -0.192461 1.082647 -0.047578
v -0.206043 1.099815 -0.108491
v -0.202065 1.109419 -0.108491
v -0.192461 1.113397 -0.108491
v -0.178880 1.099815 -0.108491
v -0.192461 1.086234 -0.108491
v -0.202065 1.090212 -0.108491
v -0.182858 1.109419 -0.108491
v -0.182858 1.090212 -0.108491
v -0.227951 1.173887 -0.108491
v -0.237555 1.169909 -0.108491
v -0.237555 1.169909 -0.081695
v -0.227951 1.173887 -0.081695
v -0.218348 1.169909 -0.108491
v -0.218348 1.169909 -0.081695
v -0.227951 1.177474 -0.081763
v -0.215811 1.172446 -0.081763
v -0.214370 1.160306 -0.081695
v -0.240091 1.172446 -0.081763
v -0.245120 1.160306 -0.081763
v -0.241533 1.160306 -0.081695
v -0.240091 1.148166 -0.081763
v -0.237555 1.150702 -0.081695
v -0.227951 1.143137 -0.081763
v -0.227951 1.146724 -0.081695
v -0.215811 1.148166 -0.081763
v -0.218348 1.150702 -0.081695
v -0.210783 1.160306 -0.081763
v -0.214370 1.160306 -0.108491
v -0.218348 1.169909 -0.108491
v -0.218348 1.169909 -0.081695
v -0.214370 1.160306 -0.081695
v -0.218348 1.150702 -0.108491
v -0.218348 1.150702 -0.081695
v -0.227951 1.146724 -0.108491
v -0.227951 1.146724 -0.081695
v -0.237555 1.150702 -0.108491
v -0.237555 1.150702 -0.081695
v -0.241533 1.160306 -0.108491
v -0.241533 1.160306 -0.081695
v -0.237555 1.169909 -0.108491
v -0.237555 1.169909 -0.081695
v -0.240091 1.172446 -0.047578
v -0.227951 1.177474 -0.047578
v -0.227951 1.177474 -0.081763
v -0.240091 1.172446 -0.081763
v -0.245120 1.160306 -0.047578
v -0.245120 1.160306 -0.081763
v -0.240091 1.148166 -0.047578
v -0.240091 1.148166 -0.081763
v -0.227951 1.143137 -0.047578
v -0.227951 1.143137 -0.081763
v -0.215811 1.172446 -0.081763
v -0.227951 1.177474 -0.081763
v -0.227951 1.177474 -0.047578
v -0.215811 1.172446 -0.047578
v -0.210783 1.160306 -0.081763
v -0.210783 1.160306 -0.047578
v -0.215811 1.148166 -0.081763
v -0.215811 1.148166 -0.047578
v -0.227951 1.143137 -0.081763
v -0.227951 1.143137 -0.047578
v -0.241533 1.160306 -0.108491
v -0.237555 1.169909 -0.108491
v -0.227951 1.173887 -0.108491
v -0.214370 1.160306 -0.108491
v -0.227951 1.146724 -0.108491
v -0.237555 1.150702 -0.108491
v -0.218348 1.169909 -0.108491
v -0.218348 1.150702 -0.108491
v -0.192461 1.173887 -0.108491
v -0.202065 1.169909 -0.108491
v -0.202065 1.169909 -0.081695
v -0.192461 1.173887 -0.081695
v -0.204601 1.172446 -0.081763
v -0.192461 1.177474 -0.081763
v -0.182858 1.169909 -0.081695
v -0.180322 1.172446 -0.081763
v -0.178880 1.160306 -0.081695
v -0.175293 1.160306 -0.081763
v -0.182858 1.150702 -0.081695
v -0.209630 1.160306 -0.081763
v -0.206043 1.160306 -0.081695
v -0.204601 1.148166 -0.081763
v -0.202065 1.150702 -0.081695
v -0.192461 1.143137 -0.081763
v -0.192461 1.146724 -0.081695
v -0.180322 1.148166 -0.081763
v -0.206043 1.160306 -0.081695
v -0.202065 1.169909 -0.081695
v -0.202065 1.169909 -0.108491
v -0.206043 1.160306 -0.108491
v -0.202065 1.150702 -0.081695
v -0.202065 1.150702 -0.108491
v -0.192461 1.146724 -0.081695
v -0.192461 1.146724 -0.108491
v -0.182858 1.169909 -0.108491
v -0.192461 1.173887 -0.108491
v -0.192461 1.173887 -0.081695
v -0.182858 1.169909 -0.081695
v -0.178880 1.160306 -0.108491
v -0.178880 1.160306 -0.081695
v -0.182858 1.150702 -0.108491
v -0.182858 1.150702 -0.081695
v -0.192461 1.146724 -0.108491
v -0.192461 1.146724 -0.081695
v -0.204601 1.172446 -0.047578
v -0.192461 1.177474 -0.047578
v -0.192461 1.177474 -0.081763
v -0.204601 1.172446 -0.081763
v -0.209630 1.160306 -0.047578
v -0.209630 1.160306 -0.081763
v -0.204601 1.148166 -0.047578
v -0.204601 1.148166 -0.081763
v -0.192461 1.143137 -0.047578
v -0.192461 1.143137 -0.081763
v -0.180322 1.172446 -0.081763
v -0.192461 1.177474 -0.081763
v -0.192461 1.177474 -0.047578
v -0.180322 1.172446 -0.047578
v -0.175293 1.160306 -0.081763
v -0.175293 1.160306 -0.047578
v -0.180322 1.148166 -0.081763
v -0.180322 1.148166 -0.047578
v -0.192461 1.143137 -0.081763
v -0.192461 1.143137 -0.047578
v -0.206043 1.160306 -0.108491
v -0.202065 1.169909 -0.108491
v -0.192461 1.173887 -0.108491
v -0.178880 1.160306 -0.108491
v -0.192461 1.146724 -0.108491
v -0.202065 1.150702 -0.108491
v -0.182858 1.169909 -0.108491
v -0.182858 1.150702 -0.108491
v -0.616330 1.067683 -0.083367
v -0.616330 1.069619 -0.083358
v -0.616330 1.069619 -0.053060
v -0.616330 1.067683 -0.050091
v -0.616329 1.076572 -0.053060
v -0.616330 1.076545 -0.050091
v -0.625672 1.169177 -0.107673
v -0.625672 1.138955 -0.083937
v -0.621241 1.138955 -0.083937
v -0.621241 1.169177 -0.107673
v -0.621242 1.092559 -0.107673
v -0.621242 1.120603 -0.083937
v -0.625673 1.120603 -0.083937
v -0.625673 1.092559 -0.107673
v -0.621242 1.120603 -0.083937
v -0.553845 1.120602 -0.083937
v -0.553845 1.120602 -0.050087
v -0.625673 1.120603 -0.050087
v -0.625673 1.120603 -0.083937
v -0.553844 1.138953 -0.050087
v -0.553844 1.138953 -0.083937
v -0.621241 1.138955 -0.083937
v -0.625672 1.138955 -0.083937
v -0.625672 1.138955 -0.050087
v -0.599164 1.212199 -0.059221
v -0.581106 1.190038 -0.059221
v -0.581106 1.190038 -0.132578
v -0.599164 1.212199 -0.132578
v -0.583564 1.172446 -0.047578
v -0.588593 1.160306 -0.047578
v -0.585650 1.160306 -0.047578
v -0.581484 1.170365 -0.047578
v -0.571424 1.177474 -0.047578
v -0.571424 1.174532 -0.047578
v -0.559284 1.172446 -0.047578
v -0.561365 1.170365 -0.047578
v -0.554256 1.160306 -0.047578
v -0.580289 1.160306 -0.055112
v -0.577692 1.166574 -0.055112
v -0.571424 1.169170 -0.055112
v -0.565156 1.166574 -0.055112
v -0.557198 1.160306 -0.047578
v -0.559284 1.148166 -0.047578
v -0.577692 1.154037 -0.055112
v -0.565156 1.154037 -0.055112
v -0.581484 1.150246 -0.047578
v -0.571424 1.151441 -0.055112
v -0.571424 1.146079 -0.047578
v -0.561365 1.150246 -0.047578
v -0.562559 1.160306 -0.055112
v -0.571424 1.143137 -0.047578
v -0.583564 1.148166 -0.047578
v -0.588593 1.160306 -0.047578
v -0.583564 1.148166 -0.047578
v -0.581484 1.150246 -0.047578
v -0.585650 1.160306 -0.047578
v -0.258104 1.111293 -0.136638
v -0.252856 1.111293 -0.136638
v -0.252865 1.093974 -0.136641
v -0.252856 1.153336 -0.136638
v -0.258104 1.153336 -0.136638
v -0.252856 1.158710 -0.134407
v -0.258104 1.158710 -0.134407
v -0.258104 1.160654 -0.129895
v -0.252856 1.160654 -0.129895
v -0.264318 1.111293 -0.135092
v -0.264318 1.153336 -0.135092
v -0.263436 1.157008 -0.133014
v -0.264409 1.158739 -0.129895
v -0.264409 1.158739 -0.063352
v -0.258104 1.160654 -0.063352
v -0.252856 1.160654 -0.063352
v -0.267052 1.111293 -0.129895
v -0.267052 1.153336 -0.129895
v -0.267052 1.153336 -0.063352
v -0.263436 1.157027 -0.060489
v -0.258104 1.157899 -0.058968
v -0.252856 1.157899 -0.058968
v -0.252865 1.093974 -0.057130
v -0.267052 1.111293 -0.063352
v -0.264412 1.111293 -0.058677
v -0.264412 1.153336 -0.058677
v -0.258104 1.153336 -0.057130
v -0.252856 1.153336 -0.057130
v -0.258104 1.111293 -0.057130
v -0.252856 1.111293 -0.057130
v -0.212570 1.196781 -0.071515
v -0.210989 1.198778 -0.068429
v -0.212045 1.200225 -0.068429
v -0.208816 1.201473 -0.067889
v -0.212236 1.202007 -0.068429
v -0.214403 1.199293 -0.071515
v -0.212570 1.196784 -0.119962
v -0.214403 1.199296 -0.119962
v -0.210989 1.198778 -0.123357
v -0.212045 1.200225 -0.123357
v -0.208816 1.201473 -0.123897
v -0.211511 1.203646 -0.068429
v -0.214735 1.202386 -0.071516
v -0.214735 1.202389 -0.119962
v -0.212236 1.202007 -0.123357
v -0.211511 1.203646 -0.123357
v -0.210063 1.204703 -0.123357
v -0.208281 1.204894 -0.123357
v -0.210063 1.204703 -0.068429
v -0.213476 1.205230 -0.071516
v -0.213476 1.205233 -0.119963
v -0.210964 1.207066 -0.119963
v -0.207871 1.207398 -0.119963
v -0.208281 1.204894 -0.068429
v -0.210964 1.207064 -0.071516
v -0.207871 1.207395 -0.071516
v -0.590631 1.201473 -0.067889
v -0.588458 1.198778 -0.068429
v -0.587401 1.200225 -0.068429
v -0.586877 1.196781 -0.071515
v -0.585043 1.199293 -0.071515
v -0.587210 1.202007 -0.068429
v -0.587935 1.203646 -0.068429
v -0.589383 1.204703 -0.068429
v -0.591165 1.204894 -0.068429
v -0.588482 1.207064 -0.071516
v -0.591575 1.207395 -0.071516
v -0.586877 1.196784 -0.119962
v -0.585043 1.199296 -0.119962
v -0.584711 1.202389 -0.119962
v -0.584711 1.202386 -0.071516
v -0.585970 1.205230 -0.071516
v -0.588482 1.207066 -0.119963
v -0.591575 1.207398 -0.119963
v -0.588458 1.198778 -0.123357
v -0.587401 1.200225 -0.123357
v -0.587210 1.202007 -0.123357
v -0.585970 1.205233 -0.119963
v -0.590631 1.201473 -0.123897
v -0.587935 1.203646 -0.123357
v -0.589383 1.204703 -0.123357
v -0.591165 1.204894 -0.123357
v -0.597310 1.090212 -0.081695
v -0.593332 1.099815 -0.081695
v -0.589745 1.099815 -0.081763
v -0.594774 1.111955 -0.081763
v -0.597310 1.109419 -0.081695
v -0.606914 1.116984 -0.081763
v -0.606914 1.113397 -0.081695
v -0.619054 1.111955 -0.081763
v -0.616518 1.109419 -0.081695
v -0.624082 1.099815 -0.081763
v -0.620495 1.099815 -0.081695
v -0.619054 1.087675 -0.081763
v -0.616518 1.090212 -0.081695
v -0.606914 1.082647 -0.081763
v -0.606914 1.086234 -0.081695
v -0.594774 1.087675 -0.081763
v -0.546581 1.093974 -0.057130
v -0.546581 1.093974 -0.136641
v -0.532394 1.111293 -0.129895
v -0.535128 1.111293 -0.135092
v -0.535128 1.153336 -0.135092
v -0.532394 1.153336 -0.129895
v -0.532394 1.111293 -0.063352
v -0.535034 1.111293 -0.058677
v -0.541342 1.111293 -0.057130
v -0.541342 1.153336 -0.057130
v -0.541342 1.111293 -0.136638
v -0.541342 1.153336 -0.136638
v -0.541342 1.158710 -0.134407
v -0.536010 1.157008 -0.133014
v -0.535037 1.158739 -0.129895
v -0.532394 1.153336 -0.063352
v -0.535034 1.153336 -0.058677
v -0.541342 1.157899 -0.058968
v -0.536010 1.157027 -0.060489
v -0.541342 1.160654 -0.063352
v -0.541342 1.160654 -0.129895
v -0.535037 1.158739 -0.063352
v -0.589745 1.099815 -0.047578
v -0.594774 1.111955 -0.047578
v -0.596854 1.109875 -0.047578
v -0.606914 1.114042 -0.047578
v -0.606914 1.108680 -0.055112
v -0.600646 1.106084 -0.055112
v -0.592687 1.099815 -0.047578
v -0.594774 1.087675 -0.047578
v -0.596854 1.089756 -0.047578
v -0.606914 1.082647 -0.047578
v -0.606914 1.116984 -0.047578
v -0.616974 1.109875 -0.047578
v -0.613182 1.106084 -0.055112
v -0.600646 1.093547 -0.055112
v -0.598049 1.099815 -0.055112
v -0.606914 1.085589 -0.047578
v -0.619054 1.087675 -0.047578
v -0.619054 1.111955 -0.047578
v -0.621140 1.099815 -0.047578
v -0.615779 1.099815 -0.055112
v -0.613182 1.093547 -0.055112
v -0.606914 1.090951 -0.055112
v -0.616973 1.089756 -0.047578
v -0.624082 1.099815 -0.047578
v -0.554256 1.099815 -0.047578
v -0.559284 1.111955 -0.047578
v -0.561365 1.109875 -0.047578
v -0.571424 1.114042 -0.047578
v -0.571424 1.108680 -0.055112
v -0.565156 1.106084 -0.055112
v -0.557198 1.099815 -0.047578
v -0.559284 1.087675 -0.047578
v -0.561365 1.089756 -0.047578
v -0.571424 1.082647 -0.047578
v -0.571424 1.116984 -0.047578
v -0.581484 1.109875 -0.047578
v -0.577692 1.106084 -0.055112
v -0.565156 1.093547 -0.055112
v -0.562559 1.099815 -0.055112
v -0.571424 1.085589 -0.047578
v -0.583564 1.087675 -0.047578
v -0.583564 1.111955 -0.047578
v -0.585650 1.099815 -0.047578
v -0.580289 1.099815 -0.055112
v -0.577692 1.093547 -0.055112
v -0.571424 1.090951 -0.055112
v -0.581484 1.089756 -0.047578
v -0.588593 1.099815 -0.047578
v -0.589745 1.160306 -0.047578
v -0.594774 1.172446 -0.047578
v -0.596854 1.170365 -0.047578
v -0.606914 1.174532 -0.047578
v -0.606914 1.169170 -0.055112
v -0.600646 1.166574 -0.055112
v -0.592687 1.160306 -0.047578
v -0.594774 1.148166 -0.047578
v -0.596854 1.150246 -0.047578
v -0.606914 1.143137 -0.047578
v -0.606914 1.177474 -0.047578
v -0.616974 1.170365 -0.047578
v -0.613182 1.166574 -0.055112
v -0.600646 1.154037 -0.055112
v -0.598049 1.160306 -0.055112
v -0.606914 1.146079 -0.047578
v -0.619054 1.148166 -0.047578
v -0.619054 1.172446 -0.047578
v -0.621140 1.160306 -0.047578
v -0.615779 1.160306 -0.055112
v -0.613182 1.154037 -0.055112
v -0.606914 1.151441 -0.055112
v -0.616973 1.150246 -0.047578
v -0.624082 1.160306 -0.047578
v -0.210783 1.099815 -0.047578
v -0.215811 1.111955 -0.047578
v -0.217892 1.109875 -0.047578
v -0.227951 1.114042 -0.047578
v -0.227951 1.108680 -0.055112
v -0.221683 1.106084 -0.055112
v -0.213725 1.099815 -0.047578
v -0.215811 1.087675 -0.047578
v -0.217892 1.089756 -0.047578
v -0.227951 1.082647 -0.047578
v -0.227951 1.116984 -0.047578
v -0.238011 1.109875 -0.047578
v -0.234219 1.106084 -0.055112
v -0.221683 1.093547 -0.055112
v -0.219087 1.099815 -0.055112
v -0.227951 1.085589 -0.047578
v -0.240091 1.087675 -0.047578
v -0.240091 1.111955 -0.047578
v -0.242178 1.099815 -0.047578
v -0.236816 1.099815 -0.055112
v -0.234219 1.093547 -0.055112
v -0.227951 1.090951 -0.055112
v -0.238011 1.089756 -0.047578
v -0.245120 1.099815 -0.047578
v -0.175293 1.099815 -0.047578
v -0.180322 1.111955 -0.047578
v -0.182402 1.109875 -0.047578
v -0.192461 1.114042 -0.047578
v -0.192461 1.108680 -0.055112
v -0.186193 1.106084 -0.055112
v -0.178235 1.099815 -0.047578
v -0.180322 1.087675 -0.047578
v -0.182402 1.089756 -0.047578
v -0.192461 1.082647 -0.047578
v -0.192461 1.116984 -0.047578
v -0.202521 1.109875 -0.047578
v -0.198730 1.106084 -0.055112
v -0.186193 1.093547 -0.055112
v -0.183597 1.099815 -0.055112
v -0.192461 1.085589 -0.047578
v -0.204601 1.087675 -0.047578
v -0.204601 1.111955 -0.047578
v -0.206688 1.099815 -0.047578
v -0.201326 1.099815 -0.055112
v -0.198730 1.093547 -0.055112
v -0.192461 1.090951 -0.055112
v -0.202521 1.089756 -0.047578
v -0.209630 1.099815 -0.047578
v -0.210783 1.160306 -0.047578
v -0.215811 1.172446 -0.047578
v -0.217892 1.170365 -0.047578
v -0.227951 1.174532 -0.047578
v -0.227951 1.169170 -0.055112
v -0.221683 1.166574 -0.055112
v -0.213725 1.160306 -0.047578
v -0.215811 1.148166 -0.047578
v -0.217892 1.150246 -0.047578
v -0.227951 1.143137 -0.047578
v -0.227951 1.177474 -0.047578
v -0.238011 1.170365 -0.047578
v -0.234219 1.166574 -0.055112
v -0.221683 1.154037 -0.055112
v -0.219087 1.160306 -0.055112
v -0.227951 1.146079 -0.047578
v -0.240091 1.148166 -0.047578
v -0.240091 1.172446 -0.047578
v -0.242178 1.160306 -0.047578
v -0.236816 1.160306 -0.055112
v -0.234219 1.154037 -0.055112
v -0.227951 1.151441 -0.055112
v -0.238011 1.150246 -0.047578
v -0.245120 1.160306 -0.047578
v -0.175293 1.160306 -0.047578
v -0.180322 1.172446 -0.047578
v -0.182402 1.170365 -0.047578
v -0.192461 1.174532 -0.047578
v -0.192461 1.169170 -0.055112
v -0.186193 1.166574 -0.055112
v -0.178235 1.160306 -0.047578
v -0.180322 1.148166 -0.047578
v -0.182402 1.150246 -0.047578
v -0.192461 1.143137 -0.047578
v -0.192461 1.177474 -0.047578
v -0.202521 1.170365 -0.047578
v -0.198730 1.166574 -0.055112
v -0.186193 1.154037 -0.055112
v -0.183597 1.160306 -0.055112
v -0.192461 1.146079 -0.047578
v -0.204601 1.148166 -0.047578
v -0.204601 1.172446 -0.047578
v -0.206688 1.160306 -0.047578
v -0.201326 1.160306 -0.055112
v -0.198730 1.154037 -0.055112
v -0.192461 1.151441 -0.055112
v -0.202521 1.150246 -0.047578
v -0.209630 1.160306 -0.047578
vn -0.0000 -1.0000 0.0058
vn -0.0000 -0.9988 0.0491
vn -0.0000 1.0000 -0.0000
vn -0.0001 1.0000 -0.0000
vn -0.0000 -1.0000 -0.0000
vn -0.0000 -0.0000 -1.0000
vn 0.0001 1.0000 -0.0000
vn -0.0000 -0.4092 -0.9124
vn -0.0000 1.0000 0.0027
vn 0.9898 0.1428 0.0004
vn 0.9770 0.2131 0.0006
vn 0.9974 0.0714 0.0002
vn 1.0000 -0.0000 -0.0000
vn -0.0000 -1.0000 -0.0027
vn -0.9974 0.0714 0.0002
vn -1.0000 -0.0000 -0.0000
vn -0.9898 0.1428 0.0004
vn -0.9770 0.2131 0.0006
vn 0.8657 0.0007 0.5005
vn 0.9833 0.0013 -0.1820
vn 0.8657 0.0008 0.5006
vn 0.3329 -0.0003 0.9429
vn 0.8657 0.0007 0.5006
vn -0.9505 0.0020 -0.3108
vn -0.1619 -0.0003 -0.9868
vn -0.9505 0.0019 -0.3108
vn -0.7134 0.0021 0.7007
vn 0.9809 -0.1947 -0.0000
vn 0.9573 -0.2892 -0.0000
vn 0.9953 -0.0973 -0.0000
vn 0.9952 -0.0974 -0.0000
vn 0.9952 -0.0974 -0.0001
vn -0.9953 -0.0974 0.0001
vn -0.9809 -0.1947 -0.0000
vn -0.9953 -0.0974 -0.0000
vn -0.9573 -0.2892 -0.0000
vn -0.9953 -0.0973 -0.0000
vn 1.0000 0.0014 -0.0000
vn 1.0000 0.0013 -0.0000
vn 0.3515 0.9358 -0.0255
vn 0.3853 0.9223 -0.0302
vn 0.2485 0.9685 -0.0176
vn 0.1178 0.9930 -0.0074
vn 0.3515 0.9359 -0.0255
vn 0.1683 0.9857 -0.0110
vn 0.3173 0.9481 -0.0199
vn 0.1576 0.9875 -0.0080
vn 0.1576 0.9875 -0.0079
vn 0.3030 0.9529 -0.0142
vn 0.1523 0.9883 -0.0051
vn 0.1779 0.9840 -0.0049
vn -0.1305 0.9914 -0.0077
vn -0.2376 0.9712 -0.0169
vn -0.1607 0.9869 -0.0097
vn -0.1533 0.9882 -0.0069
vn -0.1489 0.9888 -0.0039
vn -0.1441 0.9896 -0.0009
vn 0.1465 0.9892 -0.0020
vn 0.1779 0.9840 -0.0056
vn 0.1465 0.9892 -0.0019
vn -0.3666 0.9300 -0.0268
vn -0.3484 0.9370 -0.0266
vn -0.3484 0.9370 -0.0268
vn -0.3318 0.9431 -0.0224
vn -0.3317 0.9431 -0.0224
vn -0.1607 0.9870 -0.0097
vn -0.3112 0.9502 -0.0161
vn -0.1533 0.9881 -0.0069
vn -0.3111 0.9502 -0.0161
vn -0.2273 0.9738 -0.0078
vn -0.2274 0.9738 -0.0078
vn -0.1489 0.9889 -0.0039
vn -0.1456 0.9893 -0.0020
vn -0.1457 0.9893 -0.0020
vn -0.1488 0.9889 -0.0039
vn -0.1457 0.9893 -0.0019
vn -0.1433 0.9897 -0.0000
vn -0.1441 0.9896 -0.0000
vn 0.1441 0.9896 -0.0000
vn 0.1433 0.9897 -0.0000
vn 0.1433 0.9897 -0.0010
vn -0.2273 0.9738 -0.0077
vn 0.0017 1.0000 -0.0000
vn -0.1456 0.9893 -0.0019
vn -0.1457 0.9893 -0.0002
vn 0.0008 1.0000 -0.0000
vn 0.0005 1.0000 -0.0000
vn -0.1433 0.9897 -0.0017
vn -0.1441 0.9896 0.0001
vn -0.0960 0.9954 -0.0000
vn 0.1919 0.9814 -0.0000
vn 0.1920 0.9814 -0.0000
vn -0.0009 1.0000 -0.0000
vn 0.0004 1.0000 -0.0000
vn 0.0006 1.0000 -0.0003
vn 0.0003 1.0000 -0.0000
vn 0.0006 1.0000 -0.0000
vn -0.0013 1.0000 -0.0003
vn -0.0015 1.0000 -0.0005
vn 0.0012 1.0000 -0.0005
vn 0.0001 -1.0000 -0.0010
vn -0.0014 1.0000 -0.0004
vn -0.0014 1.0000 -0.0000
vn 0.1433 0.9897 -0.0017
vn -0.0017 1.0000 -0.0000
vn -0.0014 1.0000 -0.0001
vn 0.1433 0.9897 -0.0001
vn -0.0006 1.0000 -0.0006
vn -0.0005 1.0000 -0.0000
vn -0.0007 1.0000 -0.0009
vn -0.0012 1.0000 -0.0000
vn -0.0008 1.0000 -0.0000
vn -0.0012 1.0000 -0.0003
vn -0.0010 1.0000 -0.0017
vn -0.0023 1.0000 -0.0000
vn -1.0000 -0.0021 -0.0000
vn -0.0018 -1.0000 -0.0000
vn -0.0009 -1.0000 -0.0000
vn -0.0007 -1.0000 -0.0000
vn -0.0005 -1.0000 -0.0000
vn -0.0002 -1.0000 -0.0001
vn -0.0003 -1.0000 -0.0001
vn -0.0004 -1.0000 -0.0000
vn -0.0017 -1.0000 -0.0000
vn 0.0009 -1.0000 -0.0000
vn 0.0004 -1.0000 -0.0000
vn 0.0008 -1.0000 -0.0005
vn 0.0009 -1.0000 -0.0003
vn 0.7383 -0.0006 -0.6745
vn 0.7430 -0.0006 -0.6693
vn 0.7374 0.1343 -0.6619
vn 0.9530 0.1619 -0.2561
vn 0.9530 0.1618 -0.2561
vn 0.8403 0.4858 -0.2407
vn 0.9650 0.2574 -0.0508
vn 0.8723 0.4866 -0.0474
vn 0.9667 0.2468 -0.0670
vn 0.9667 0.2468 -0.0671
vn 0.8856 0.4602 -0.0626
vn 0.8856 0.4602 -0.0627
vn 0.9527 0.2937 -0.0777
vn 0.8954 0.4396 -0.0703
vn 0.8856 0.4601 -0.0627
vn 0.9103 0.4068 -0.0771
vn 0.8954 0.4396 -0.0704
vn 0.9897 -0.1335 -0.0508
vn 0.9899 -0.1247 -0.0672
vn 0.9910 -0.0889 -0.0997
vn 0.9888 0.1057 -0.1049
vn 0.9899 -0.1382 -0.0316
vn 0.9348 -0.3525 -0.0436
vn 0.9899 -0.1383 -0.0316
vn 0.9410 -0.3335 -0.0581
vn 0.9409 -0.3335 -0.0581
vn 0.9897 -0.1335 -0.0509
vn 0.9479 -0.2969 -0.1153
vn 0.9690 -0.1947 -0.1521
vn 0.9690 -0.1946 -0.1521
vn 0.9888 0.1057 -0.1050
vn 0.9998 -0.0000 -0.0216
vn 0.9756 -0.2187 -0.0193
vn 0.9304 -0.3655 -0.0261
vn 0.9756 -0.2188 -0.0193
vn 0.8968 -0.4408 -0.0382
vn 0.9047 -0.4229 -0.0516
vn 0.9047 -0.4228 -0.0516
vn 0.9086 -0.4008 -0.1173
vn 0.9156 -0.3621 -0.1749
vn 0.9132 -0.3813 -0.1440
vn 0.8944 -0.4468 -0.0207
vn 0.9131 -0.3813 -0.1440
vn 0.9571 -0.2892 -0.0187
vn 0.8920 -0.4170 -0.1747
vn 0.8322 -0.2857 -0.4752
vn 0.8322 -0.2857 -0.4751
vn 0.7265 -0.0882 -0.6815
vn 0.7264 -0.0882 -0.6815
vn 0.7358 -0.0174 -0.6770
vn 0.8710 -0.0589 -0.4878
vn 0.8710 -0.0588 -0.4878
vn 0.9477 -0.2179 -0.2333
vn 0.9477 -0.2180 -0.2333
vn 0.9926 -0.1214 0.0100
vn 0.9592 -0.2823 0.0148
vn 0.9816 -0.1895 0.0226
vn 0.9591 -0.2822 0.0220
vn 0.7223 0.0010 -0.6915
vn 0.9281 0.0003 -0.3724
vn 0.9280 0.0003 -0.3725
vn 0.9999 -0.0001 0.0117
vn 0.9997 0.0008 0.0232
vn 0.9997 0.0012 0.0232
vn 0.7223 -0.0005 -0.6916
vn 0.9693 -0.0006 -0.2460
vn 0.9999 -0.0001 0.0118
vn 0.9999 -0.0007 0.0117
vn 0.9999 -0.0007 0.0118
vn 0.9997 -0.0007 0.0232
vn 0.9997 0.0005 0.0232
vn -0.0004 -0.0000 1.0000
vn -0.0001 -0.0000 1.0000
vn -0.0001 -0.0001 1.0000
vn -0.0000 -0.0000 1.0000
vn 0.0001 0.0001 1.0000
vn 0.0003 -0.0000 1.0000
vn -0.0030 -0.0688 0.9976
vn -0.0046 -0.1032 0.9946
vn -0.0046 -0.1032 0.9947
vn -0.0092 -0.2053 0.9787
vn 0.0008 -1.0000 -0.0000
vn 0.0023 -1.0000 -0.0000
vn 0.0012 -1.0000 -0.0000
vn 0.0013 -1.0000 -0.0001
vn 0.0014 -1.0000 -0.0001
vn 0.0011 -1.0000 -0.0002
vn 0.0018 -1.0000 -0.0000
vn 0.0017 -1.0000 -0.0000
vn -0.7383 0.0022 -0.6745
vn -0.7393 0.0022 -0.6734
vn -0.7395 0.0022 -0.6732
vn -0.7367 0.1378 -0.6620
vn -0.7367 0.1379 -0.6620
vn -0.8212 0.3245 -0.4693
vn -0.9593 0.2477 -0.1357
vn -0.7368 0.1378 -0.6620
vn -0.8212 0.3245 -0.4694
vn -0.8664 0.4975 -0.0422
vn -0.9666 0.2514 -0.0504
vn -0.9864 -0.1615 -0.0300
vn -0.9950 -0.0973 -0.0215
vn -0.9998 -0.0000 -0.0216
vn -0.8665 0.4975 -0.0422
vn -0.8763 0.4784 -0.0571
vn -0.9693 0.2368 -0.0668
vn -0.9892 -0.1372 -0.0513
vn -0.9384 -0.3442 -0.0292
vn -0.9155 -0.3189 -0.2452
vn -0.9156 -0.3188 -0.2452
vn -0.9587 -0.2838 -0.0197
vn -0.9587 -0.2837 -0.0197
vn -0.8992 0.4315 -0.0725
vn -0.9855 0.1434 -0.0907
vn -0.9891 -0.1307 -0.0676
vn -0.9855 0.1434 -0.0908
vn -0.9341 -0.3543 -0.0442
vn -0.8954 -0.4445 -0.0245
vn -0.9384 -0.3443 -0.0292
vn -0.8389 -0.4196 -0.3468
vn -0.9155 -0.3189 -0.2451
vn -0.9156 -0.3188 -0.2451
vn -0.8389 -0.4196 -0.3467
vn -0.7261 -0.1149 -0.6779
vn -0.7261 -0.1148 -0.6779
vn -0.7254 0.0023 -0.6883
vn -0.9608 0.2648 -0.0826
vn -0.9871 -0.1035 -0.1219
vn -0.9796 -0.1660 -0.1134
vn -0.9796 -0.1660 -0.1133
vn -0.9398 -0.3366 -0.0585
vn -0.9398 -0.3366 -0.0586
vn -0.9015 -0.4306 -0.0429
vn -0.9237 0.3756 -0.0758
vn -0.9122 -0.4058 -0.0565
vn -0.9306 -0.3457 -0.1199
vn -0.9153 -0.3847 -0.1194
vn -0.9008 -0.3982 -0.1731
vn -0.9381 -0.3061 -0.1620
vn -0.9306 -0.3458 -0.1199
vn -0.7254 0.0024 -0.6883
vn -0.8651 -0.0760 -0.4958
vn -0.9655 -0.0802 -0.2479
vn -0.7253 0.0025 -0.6884
vn -0.7254 0.0024 -0.6884
vn -0.9655 -0.0802 -0.2478
vn -0.9279 0.0005 -0.3730
vn -0.9278 0.0005 -0.3730
vn -0.7221 0.0005 -0.6918
vn -0.7254 0.0025 -0.6883
vn -0.7221 0.0003 -0.6918
vn -0.8702 0.0004 -0.4927
vn -0.9731 -0.2305 -0.0041
vn -0.9731 -0.2304 -0.0041
vn -0.9899 -0.1417 -0.0077
vn -1.0000 0.0006 -0.0065
vn -0.9279 0.0005 -0.3729
vn -0.9279 0.0004 -0.3729
vn -1.0000 0.0006 -0.0066
vn -1.0000 0.0004 -0.0065
vn -0.8702 0.0003 -0.4927
vn -0.9731 -0.2305 -0.0040
vn -0.9719 -0.2350 -0.0123
vn -0.9968 -0.0784 -0.0126
vn -0.9999 0.0006 -0.0127
vn -1.0000 0.0004 -0.0066
vn -0.9999 0.0004 -0.0127
vn -0.0049 1.0000 -0.0000
vn 0.0049 1.0000 -0.0000
vn 0.0033 1.0000 -0.0000
vn 0.0032 1.0000 -0.0000
vn -0.0048 1.0000 -0.0000
vn -0.0021 1.0000 -0.0000
vn 0.0010 1.0000 -0.0000
vn 0.0048 1.0000 -0.0000
vn 0.0021 1.0000 -0.0000
vn -0.0010 1.0000 -0.0000
vn -0.0033 1.0000 -0.0000
vn -0.0032 1.0000 -0.0000
vn -0.9542 0.2992 -0.0000
vn -0.9794 0.2017 -0.0000
vn -0.9949 0.1012 -0.0000
vn -1.0000 0.0007 -0.0000
vn 0.9945 -0.1047 -0.0001
vn 0.9778 -0.2095 -0.0000
vn 0.9945 -0.1047 -0.0000
vn 0.9501 -0.3119 -0.0000
vn 0.9778 -0.2094 -0.0000
vn 0.9496 -0.3135 -0.0000
vn 0.9491 -0.3149 -0.0000
vn 0.9501 -0.3120 -0.0000
vn 0.9780 -0.2084 -0.0000
vn 0.9945 -0.1046 -0.0001
vn 0.9945 -0.1045 -0.0000
vn 1.0000 -0.0007 -0.0000
vn 0.9542 0.2992 -0.0000
vn 0.9794 0.2017 -0.0000
vn 0.9949 0.1012 -0.0000
vn 1.0000 0.0007 -0.0000
vn -0.9501 -0.3119 -0.0000
vn -0.9491 -0.3149 -0.0000
vn -0.9498 -0.3129 -0.0000
vn -0.9780 -0.2084 -0.0000
vn -0.9945 -0.1045 -0.0000
vn -0.9781 -0.2084 -0.0000
vn -1.0000 -0.0007 -0.0000
vn -0.9500 -0.3121 -0.0000
vn -0.9778 -0.2095 -0.0000
vn -0.9501 -0.3120 -0.0000
vn -0.9501 -0.3121 -0.0000
vn -0.9945 -0.1047 -0.0000
vn -0.9778 -0.2094 -0.0000
vn 0.0018 -0.0005 1.0000
vn 0.0018 -0.0000 1.0000
vn 0.0018 -0.0003 1.0000
vn 0.0018 -0.0009 1.0000
vn -0.0007 1.0000 0.0005
vn -0.0017 -0.0000 1.0000
vn -0.0018 -0.0005 1.0000
vn -0.0018 -0.0009 1.0000
vn 0.0002 1.0000 -0.0000
vn 0.3877 -0.9218 -0.0000
vn 0.2646 -0.9644 -0.0000
vn 0.2000 -0.9798 -0.0000
vn 0.1346 -0.9909 -0.0000
vn 0.0026 -1.0000 -0.0000
vn 0.0379 -0.9993 0.0013
vn 0.2646 -0.9644 -0.0001
vn 0.0006 -1.0000 -0.0000
vn 0.0003 -1.0000 0.0061
vn 0.0740 -0.9972 0.0083
vn 0.0741 -0.9972 0.0083
vn 0.1777 -0.9841 -0.0002
vn 0.0379 -0.9993 0.0014
vn 0.0001 -1.0000 -0.0000
vn -0.0371 -0.9993 0.0034
vn -0.1187 -0.9929 0.0078
vn 0.0003 -1.0000 0.0062
vn -0.1351 -0.9908 0.0016
vn 0.1264 -0.9920 0.0009
vn 0.2677 -0.9635 -0.0077
vn -0.0026 -1.0000 -0.0000
vn -0.0006 -1.0000 -0.0000
vn -0.0002 -1.0000 -0.0000
vn -0.0011 -1.0000 -0.0000
vn -0.0890 -0.9960 0.0009
vn -0.2508 -0.9680 -0.0024
vn -0.2508 -0.9680 -0.0023
vn -0.2695 -0.9629 -0.0110
vn -0.1398 -0.9902 -0.0060
vn 0.0005 -1.0000 -0.0000
vn -0.1346 -0.9909 -0.0000
vn -0.2000 -0.9798 0.0001
vn -0.0019 -1.0000 -0.0000
vn -0.2000 -0.9798 -0.0000
vn -0.2646 -0.9644 -0.0000
vn -0.3877 -0.9218 -0.0000
vn -0.1399 -0.9902 -0.0060
vn -0.2695 -0.9629 -0.0109
vn -0.2825 -0.9592 -0.0153
vn -0.2825 -0.9592 -0.0154
vn -0.1495 -0.9887 -0.0084
vn -0.1399 -0.9902 -0.0061
vn 0.1360 -0.9907 -0.0052
vn -0.1398 -0.9902 -0.0061
vn 0.2769 -0.9608 -0.0125
vn 0.2676 -0.9635 -0.0077
vn 0.2769 -0.9608 -0.0124
vn 0.1427 -0.9897 -0.0074
vn 0.2957 -0.9551 -0.0173
vn -0.3033 -0.9524 -0.0313
vn -0.3032 -0.9524 -0.0313
vn -0.1611 -0.9867 -0.0211
vn -0.3214 -0.9453 -0.0560
vn -0.1122 -0.9936 -0.0151
vn 0.1535 -0.9881 -0.0131
vn 0.3177 -0.9472 -0.0442
vn 0.1534 -0.9881 -0.0131
vn 0.2166 -0.9756 -0.0361
vn 0.3312 -0.9416 -0.0611
vn 0.3176 -0.9472 -0.0442
vn -1.0000 -0.0012 -0.0003
vn -1.0000 -0.0005 -0.0003
vn -1.0000 -0.0008 -0.0003
vn -1.0000 0.0001 -0.0003
vn -1.0000 -0.0002 -0.0003
vn -1.0000 -0.0007 -0.0003
vn -1.0000 0.0007 -0.0003
vn 1.0000 -0.0006 0.0004
vn 1.0000 -0.0003 0.0004
vn 1.0000 -0.0004 0.0004
vn -0.9948 0.1005 -0.0177
vn -0.9998 -0.0001 -0.0179
vn -0.9795 0.2014 -0.0095
vn -0.9795 0.2016 -0.0014
vn -0.9949 0.1010 -0.0022
vn -0.9795 0.2016 -0.0013
vn -1.0000 0.0003 -0.0065
vn -0.9949 0.1011 -0.0023
vn -0.9949 0.1010 -0.0023
vn -0.9998 -0.0001 -0.0195
vn 0.9945 0.1041 0.0097
vn 0.9999 0.0051 0.0098
vn 0.9791 0.2031 0.0099
vn 0.9795 0.2013 0.0093
vn 0.9791 0.2030 0.0099
vn 0.9949 0.1004 0.0106
vn 0.9795 0.2013 0.0102
vn 0.9999 -0.0004 0.0107
vn 0.3594 -0.9332 0.0038
vn 0.5213 -0.8534 0.0001
vn 0.5213 -0.8534 0.0058
vn 0.5213 -0.8534 0.0059
vn 0.5213 -0.8533 0.0115
vn 0.5212 -0.8533 0.0115
vn 0.2707 -0.9626 0.0056
vn -0.0000 -1.0000 -0.0006
vn -0.0006 -0.0001 1.0000
vn -0.0000 -0.0002 1.0000
vn -0.0005 -0.0001 1.0000
vn -0.0000 -0.0001 1.0000
vn -0.0004 -0.0001 1.0000
vn -0.0009 -0.0001 1.0000
vn -0.0026 -0.0001 1.0000
vn -0.0003 -0.0000 1.0000
vn -0.0022 -0.0000 1.0000
vn -0.0021 -0.0000 1.0000
vn -0.0024 -0.0000 1.0000
vn -0.0009 -0.0002 1.0000
vn -0.0025 -0.0000 1.0000
vn -0.0021 -0.0001 1.0000
vn -0.0035 -0.0002 1.0000
vn -0.0022 -0.0001 1.0000
vn -0.0026 -0.0000 1.0000
vn -0.0029 -0.0001 1.0000
vn -0.0035 -0.0001 1.0000
vn -0.0017 -0.0001 1.0000
vn -0.0026 0.0001 1.0000
vn -0.0046 -0.0000 1.0000
vn -0.0043 0.0002 1.0000
vn -0.0035 0.0004 1.0000
vn 0.0125 0.9999 0.0009
vn 0.0249 0.9997 0.0012
vn 0.0248 0.9997 0.0009
vn 0.0166 0.9999 0.0008
vn -0.0000 1.0000 0.0006
vn 0.0249 0.9997 0.0005
vn 0.0248 0.9997 0.0010
vn 0.0246 0.9997 0.0006
vn 0.0009 -0.0000 -1.0000
vn 0.0009 0.0002 -1.0000
vn 0.0006 0.0001 -1.0000
vn 0.0009 0.0001 -1.0000
vn -0.0000 0.0001 -1.0000
vn 0.0005 0.0001 -1.0000
vn 0.0005 -0.0000 -1.0000
vn -0.0000 0.0002 -1.0000
vn -0.0007 -0.0000 -1.0000
vn -0.0003 -0.0000 -1.0000
vn -0.0004 -0.0000 -1.0000
vn -0.0003 -0.0001 -1.0000
vn -0.0191 0.9998 -0.0001
vn -0.0287 0.9996 -0.0000
vn -0.0287 0.9996 -0.0004
vn -0.0287 0.9996 -0.0003
vn -0.0142 0.9999 -0.0002
vn -0.0190 0.9998 -0.0001
vn -0.0143 0.9999 -0.0002
vn -0.0006 -0.0000 1.0000
vn -0.0019 -0.0000 1.0000
vn 0.0002 -0.0000 1.0000
vn 0.0007 -0.0000 1.0000
vn 0.0004 -0.0000 1.0000
vn 0.0007 0.0001 1.0000
vn -0.0022 -0.0002 1.0000
vn -0.0007 -0.0000 1.0000
vn -0.0002 -0.0000 1.0000
vn 0.0004 0.0001 1.0000
vn -0.0013 -0.0002 1.0000
vn -0.0028 -0.0007 1.0000
vn -0.0022 -0.0005 1.0000
vn -0.2409 -0.9706 -0.0031
vn -0.4674 -0.8840 -0.0059
vn -0.4674 -0.8840 -0.0029
vn -0.4674 -0.8840 -0.0028
vn -0.3200 -0.9474 -0.0019
vn -0.2409 -0.9705 -0.0031
vn -0.4674 -0.8840 0.0003
vn -0.4673 -0.8841 0.0003
vn 0.0218 -0.9981 0.0582
vn -0.0000 -0.9978 0.0662
vn 0.0364 -0.9942 0.1010
vn 0.0218 -0.9981 0.0581
vn 0.0363 -0.9942 0.1010
vn 0.0364 -0.9950 0.0927
vn -0.0000 -0.9962 0.0867
vn -0.0234 -0.9956 0.0912
vn -0.0000 -0.9951 0.0992
vn -0.0467 -0.9949 0.0893
vn -0.0233 -0.9956 0.0912
vn -0.0311 -0.9948 0.0968
vn -0.0312 -0.9948 0.0968
vn -0.0000 -0.9972 0.0745
vn -0.0000 -0.9995 0.0331
vn 0.3122 0.9500 -0.0099
vn 0.4521 0.8919 -0.0147
vn 0.4581 0.8887 -0.0154
vn 0.2383 0.9712 -0.0082
vn -0.0042 1.0000 -0.0000
vn -0.0085 1.0000 0.0002
vn -0.0043 1.0000 -0.0000
vn -0.0086 1.0000 0.0002
vn -0.0033 1.0000 -0.0001
vn -0.0000 1.0000 -0.0008
vn 0.0020 1.0000 -0.0003
vn -0.0001 1.0000 -0.0008
vn -0.0028 1.0000 -0.0002
vn 0.4581 0.8888 -0.0154
vn 0.4632 0.8861 -0.0167
vn 0.1595 0.9872 -0.0056
vn 0.1596 0.9872 -0.0056
vn -0.0050 1.0000 0.0001
vn 0.0038 1.0000 -0.0000
vn 0.0026 1.0000 -0.0001
vn 0.0022 1.0000 -0.0001
vn -0.0000 1.0000 0.0002
vn -0.0031 1.0000 -0.0000
vn 0.0063 1.0000 -0.0000
vn -0.0011 1.0000 -0.0000
vn 0.0025 1.0000 -0.0001
vn -0.0000 1.0000 0.0003
vn -0.0000 1.0000 0.0008
vn 0.0022 1.0000 0.0001
vn 0.0063 1.0000 -0.0001
vn 0.0092 1.0000 0.0002
vn 0.0073 1.0000 0.0002
vn -0.0000 1.0000 0.0014
vn -0.0000 1.0000 0.0011
vn -0.0000 1.0000 0.0035
vn -0.0000 1.0000 0.0030
vn -0.0000 1.0000 0.0051
vn -0.0000 1.0000 0.0016
vn -0.0000 1.0000 0.0052
vn -0.0000 1.0000 0.0036
vn 0.1296 0.9914 -0.0153
vn -0.1209 0.9924 -0.0209
vn -0.1209 0.9924 -0.0210
vn 0.1076 0.9938 -0.0264
vn -0.1506 0.9882 -0.0281
vn -0.2977 0.9541 -0.0330
vn -0.2999 0.9534 -0.0322
vn 0.3200 0.9469 -0.0331
vn 0.3209 0.9466 -0.0328
vn 0.3201 0.9468 -0.0330
vn -0.1546 0.9880 -0.0048
vn -0.2360 0.9717 -0.0078
vn -0.4566 0.8895 -0.0145
vn -0.4625 0.8865 -0.0161
vn -0.4567 0.8895 -0.0145
vn -0.4625 0.8865 -0.0162
vn -0.3171 0.9483 -0.0115
vn -0.3171 0.9483 -0.0114
vn -0.4652 0.8850 -0.0172
vn -0.3350 0.9407 -0.0532
vn -0.4979 0.8653 -0.0585
vn -0.4849 0.8729 -0.0541
vn -0.2444 0.9687 -0.0441
vn -0.3351 0.9407 -0.0532
vn -0.2782 0.9596 -0.0424
vn -0.1213 0.9921 -0.0323
vn -0.2831 0.9588 -0.0225
vn -0.2832 0.9588 -0.0225
vn -0.3799 0.9248 -0.0221
vn -0.3799 0.9248 -0.0222
vn -0.0848 0.9964 -0.0032
vn -0.1496 0.9887 -0.0015
vn -0.4849 0.8729 -0.0540
vn -0.4717 0.8806 -0.0460
vn -0.1592 0.9866 -0.0353
vn 0.0095 0.9995 -0.0287
vn -0.1201 0.9926 -0.0188
vn -0.0377 0.9993 -0.0017
vn 0.0013 1.0000 0.0027
vn 0.0024 1.0000 0.0022
vn 0.0027 1.0000 0.0021
vn 0.0036 1.0000 0.0028
vn 0.3233 0.9454 -0.0414
vn 0.4648 0.8842 -0.0462
vn 0.4739 0.8792 -0.0500
vn 0.4739 0.8791 -0.0500
vn 0.2506 0.9671 -0.0445
vn 0.0834 0.9962 -0.0259
vn 0.3232 0.9454 -0.0414
vn 0.2349 0.9713 -0.0383
vn 0.2349 0.9713 -0.0382
vn 0.1534 0.9880 -0.0180
vn -0.0052 0.9999 -0.0098
vn 0.0405 0.9992 -0.0023
vn -0.0052 0.9999 -0.0099
vn 0.1535 0.9880 -0.0180
vn 0.4881 0.8709 -0.0578
vn 0.1711 0.9841 -0.0469
vn 0.1711 0.9841 -0.0468
vn 0.3559 0.9333 -0.0478
vn 0.3559 0.9333 -0.0471
vn 0.3706 0.9284 -0.0279
vn 0.3706 0.9284 -0.0278
vn 0.0907 0.9959 -0.0036
vn 0.0908 0.9959 -0.0036
vn -0.0013 1.0000 0.0027
vn -0.0027 1.0000 0.0021
vn -0.0036 1.0000 0.0027
vn 0.1605 0.9870 -0.0017
vn -0.3512 0.9317 -0.0923
vn -0.5063 0.8568 -0.0981
vn -0.5013 0.8598 -0.0972
vn -0.1777 0.9808 -0.0804
vn -0.0107 0.9976 -0.0690
vn -0.1777 0.9808 -0.0805
vn -0.0000 0.9980 -0.0633
vn 0.1814 0.9801 -0.0804
vn 0.0214 0.9977 -0.0640
vn 0.0107 0.9976 -0.0687
vn 0.3448 0.9342 -0.0921
vn 0.5014 0.8598 -0.0972
vn 0.4963 0.8626 -0.0978
vn 0.5013 0.8598 -0.0972
vn -0.1802 0.9722 -0.1492
vn -0.4595 0.8782 -0.1326
vn -0.0072 0.9843 -0.1765
vn -0.0071 0.9843 -0.1765
vn -0.2664 0.9430 -0.1996
vn -0.5128 0.8456 -0.1482
vn -0.5248 0.8265 -0.2038
vn -0.2745 0.9236 -0.2675
vn -0.5824 0.7750 -0.2455
vn -0.2744 0.9236 -0.2676
vn -0.4220 0.8631 -0.2776
vn -0.4220 0.8631 -0.2775
vn -0.6717 0.7002 -0.2419
vn -0.2665 0.9430 -0.1996
vn -0.0000 0.9662 -0.2577
vn -0.2744 0.9236 -0.2675
vn -0.2665 0.9429 -0.1996
vn -0.0000 0.9662 -0.2578
vn -0.0000 0.9574 -0.2887
vn -0.4220 0.8630 -0.2776
vn -0.2745 0.9236 -0.2676
vn 0.3597 0.9209 -0.1505
vn 0.5031 0.8513 -0.1490
vn 0.5135 0.8397 -0.1766
vn 0.2764 0.9406 -0.1973
vn 0.4519 0.8831 -0.1263
vn -0.0000 0.9777 -0.2100
vn 0.4519 0.8825 -0.1303
vn 0.3051 0.9149 -0.2643
vn -0.0000 0.9619 -0.2732
vn 0.2378 0.9276 -0.2880
vn 0.5275 0.8139 -0.2437
vn 0.5275 0.8138 -0.2437
vn 0.6035 0.7561 -0.2531
vn 0.6036 0.7561 -0.2531
vn -0.4465 0.8380 -0.3136
vn -0.4293 0.8543 -0.2929
vn -0.1827 0.9332 -0.3096
vn -0.2470 0.9062 -0.3431
vn -0.4964 0.7880 -0.3642
vn -0.2470 0.9063 -0.3431
vn -0.2023 0.8879 -0.4132
vn -0.3377 0.8385 -0.4276
vn -0.0698 0.8908 -0.4490
vn -0.0698 0.8908 -0.4491
vn -0.1768 0.8798 -0.4412
vn -0.3378 0.8385 -0.4276
vn 0.1267 0.8873 -0.4434
vn -0.1827 0.9332 -0.3095
vn -0.0005 0.9508 -0.3099
vn -0.0004 0.9508 -0.3099
vn -0.0005 0.9328 -0.3603
vn -0.0002 0.9031 -0.4294
vn -0.0001 0.8925 -0.4511
vn 0.0882 0.8890 -0.4493
vn -0.0000 0.8924 -0.4512
vn -0.0697 0.8908 -0.4490
vn 0.3440 0.8364 -0.4267
vn 0.0883 0.8890 -0.4494
vn -0.0000 0.9508 -0.3099
vn -0.0003 0.9508 -0.3099
vn 0.2022 0.9295 -0.3084
vn 0.0002 0.9422 -0.3352
vn -0.0001 0.9508 -0.3098
vn 0.2632 0.8967 -0.3559
vn 0.0002 0.9421 -0.3352
vn -0.0003 0.9133 -0.4074
vn 0.2633 0.8967 -0.3559
vn 0.1974 0.8829 -0.4260
vn -0.0003 0.9133 -0.4073
vn -0.0004 0.8924 -0.4512
vn -0.0003 0.8924 -0.4512
vn 0.4934 0.8143 -0.3057
vn 0.5009 0.7843 -0.3661
vn 0.3439 0.8364 -0.4267
vn 0.4634 0.8379 -0.2884
vn -0.2869 0.8965 -0.3375
vn -0.0000 0.9428 -0.3334
vn -0.0941 0.9285 -0.3592
vn -0.3924 0.8486 -0.3548
vn -0.2869 0.8965 -0.3376
vn -0.6187 0.7304 -0.2893
vn -0.3925 0.8486 -0.3548
vn -0.5580 0.7603 -0.3324
vn -0.4343 0.7982 -0.4174
vn -0.5601 0.7205 -0.4088
vn -0.4343 0.7983 -0.4174
vn -0.5316 0.7200 -0.4462
vn -0.5315 0.7200 -0.4462
vn -0.5732 0.6947 -0.4346
vn -0.1911 0.8872 -0.4200
vn -0.1911 0.8872 -0.4201
vn -0.1911 0.8871 -0.4201
vn -0.3497 0.8108 -0.4694
vn 0.4327 0.8405 -0.3260
vn 0.6744 0.6863 -0.2723
vn 0.5956 0.7409 -0.3105
vn 0.3368 0.8702 -0.3596
vn 0.0721 0.9367 -0.3426
vn 0.3369 0.8702 -0.3596
vn 0.1689 0.9117 -0.3746
vn 0.3836 0.8182 -0.4283
vn 0.2963 0.8444 -0.4463
vn 0.4165 0.7816 -0.4643
vn 0.4495 0.7766 -0.4413
vn 0.5520 0.7418 -0.3809
vn 0.5567 0.7052 -0.4391
vn -0.0000 0.0001 1.0000
vn 0.0001 0.0022 1.0000
vn -0.0012 0.0027 1.0000
vn -0.0012 0.0026 1.0000
vn -0.0024 0.0054 1.0000
vn 0.0001 0.0023 1.0000
vn 0.0002 0.0023 1.0000
vn -0.0024 0.0053 1.0000
vn 0.0005 -0.0013 1.0000
vn 0.0005 -0.0012 1.0000
vn -0.0041 0.0001 1.0000
vn -0.0042 0.0001 1.0000
vn -0.0025 0.0054 1.0000
vn 0.7136 -0.0001 -0.7005
vn 0.7136 -0.0000 -0.7005
vn 0.7136 0.0001 -0.7005
vn -0.7225 -0.0000 -0.6914
vn -0.7225 -0.0001 -0.6913
vn -0.7225 -0.0000 -0.6913
vn 0.8967 0.4417 -0.0307
vn 0.8937 0.4476 -0.0291
vn 0.9393 0.3417 -0.0310
vn 0.9580 0.2845 -0.0345
vn 0.8967 0.4416 -0.0307
vn 0.8990 0.4367 -0.0335
vn 0.9581 0.2845 -0.0345
vn 0.9709 0.2395 -0.0037
vn 0.8990 0.4366 -0.0335
vn 0.9709 0.2395 -0.0038
vn 0.9976 0.0666 -0.0185
vn 0.9993 0.0322 -0.0202
vn 0.9959 0.0832 -0.0357
vn 0.9993 -0.0000 -0.0372
vn 0.9994 -0.0028 -0.0338
vn 0.9993 0.0322 -0.0201
vn 0.9984 -0.0079 -0.0564
vn 0.9983 -0.0051 -0.0575
vn 0.9984 -0.0079 -0.0565
vn 0.9987 -0.0034 -0.0507
vn 0.9693 -0.0300 0.2441
vn 0.9980 -0.0177 -0.0608
vn 0.9944 0.0180 -0.1043
vn 0.9944 0.0180 -0.1042
vn 0.9617 0.2488 -0.1149
vn 0.7628 0.1804 0.6210
vn 0.9693 -0.0301 0.2441
vn 0.7628 0.1805 0.6210
vn 0.2456 -0.1641 0.9554
vn 0.2455 -0.1641 0.9554
vn 0.3382 -0.2517 0.9068
vn 0.9957 -0.0289 -0.0885
vn 0.9944 0.0179 -0.1042
vn 0.9965 -0.0176 -0.0820
vn 0.9957 -0.0290 -0.0885
vn 0.9981 -0.0000 -0.0610
vn 0.9978 -0.0000 -0.0657
vn 0.9981 -0.0000 -0.0609
vn 0.9982 -0.0000 -0.0595
vn 0.9981 0.0089 -0.0604
vn 0.9966 0.0612 -0.0544
vn 0.9981 0.0088 -0.0604
vn 0.9992 0.0147 -0.0361
vn 0.9940 0.0916 -0.0598
vn 0.9649 0.2334 -0.1202
vn 0.9587 0.2559 -0.1245
vn 0.9304 0.3304 -0.1588
vn 0.9287 0.3377 -0.1532
vn 0.9993 -0.0000 -0.0361
vn 0.9925 0.0673 -0.1020
vn 0.9993 -0.0000 -0.0368
vn 0.9548 0.2469 -0.1655
vn 0.9290 0.3170 -0.1908
vn 0.9948 -0.0000 -0.1014
vn 0.9925 0.0673 -0.1021
vn 0.9910 -0.0000 -0.1336
vn 0.9708 0.1636 -0.1755
vn 0.9276 0.2986 -0.2246
vn 0.0388 0.0274 0.9989
vn 0.7627 0.1804 0.6210
vn 0.3227 0.1621 0.9325
vn 0.0158 0.0484 0.9987
vn 0.3226 0.1621 0.9325
vn 0.0079 0.0556 0.9984
vn 0.0158 0.0483 0.9987
vn 0.0099 0.0537 0.9985
vn 0.4210 0.4169 0.8055
vn 0.0100 0.0537 0.9985
vn 0.0253 0.0398 0.9989
vn 0.0099 0.0538 0.9985
vn 0.4210 0.4170 0.8055
vn 0.9128 0.3975 -0.0932
vn 0.7627 0.1805 0.6210
vn 0.9129 0.3975 -0.0932
vn 0.9833 0.1699 -0.0648
vn 0.9836 0.1723 -0.0536
vn 0.9666 0.2497 -0.0574
vn 0.9666 0.2496 -0.0574
vn 0.9523 0.2988 -0.0616
vn 0.9809 0.1825 -0.0675
vn 0.9342 0.3529 -0.0524
vn 0.9809 0.1824 -0.0675
vn 0.9032 0.4255 -0.0557
vn 0.9032 0.4255 -0.0556
vn 0.8992 0.4343 -0.0526
vn 0.9091 0.4120 -0.0613
vn 0.9033 0.4255 -0.0556
vn 0.9917 0.1014 -0.0790
vn 0.9925 0.0825 -0.0904
vn 0.9782 0.1806 -0.1024
vn 0.9666 0.2320 -0.1092
vn 0.9894 0.1065 -0.0988
vn 0.9631 0.2433 -0.1148
vn 0.9869 0.1186 -0.1094
vn 0.9481 0.3028 -0.0967
vn 0.9171 0.3808 -0.1180
vn 0.9135 0.3925 -0.1068
vn 0.9260 0.3494 -0.1430
vn 0.9260 0.3495 -0.1430
vn 0.9218 0.3612 -0.1411
vn -0.0000 -0.0001 -1.0000
vn -0.9874 0.1237 -0.0984
vn -0.9755 0.1611 -0.1500
vn -0.9689 0.2214 -0.1108
vn -0.9642 0.2463 -0.0977
vn -0.9906 0.1087 -0.0827
vn -0.9643 0.2463 -0.0977
vn -0.9653 0.2358 -0.1122
vn -0.9906 0.1088 -0.0826
vn -0.9913 0.1035 -0.0813
vn -0.9653 0.2358 -0.1121
vn -0.9562 0.2674 -0.1191
vn -0.9913 0.1036 -0.0814
vn -0.9256 0.3514 -0.1410
vn -0.9280 0.3446 -0.1413
vn -0.9171 0.3841 -0.1063
vn -0.9209 0.3683 -0.1279
vn -0.9653 0.2357 -0.1122
vn -0.9811 0.1827 -0.0632
vn -0.9738 0.2102 -0.0864
vn -0.9598 0.2732 -0.0637
vn -0.9599 0.2732 -0.0637
vn -0.9522 0.3006 -0.0550
vn -0.9838 0.1710 -0.0548
vn -0.9404 0.3347 -0.0600
vn -0.9079 0.4151 -0.0584
vn -0.9132 0.4029 -0.0607
vn -0.9023 0.4278 -0.0530
vn -0.9024 0.4277 -0.0530
vn -0.9079 0.4151 -0.0583
vn -0.9302 0.3040 -0.2058
vn -0.9329 0.2870 -0.2176
vn -0.9644 0.2018 -0.1707
vn -0.9614 0.2271 -0.1551
vn -0.9302 0.3039 -0.2058
vn -0.9323 0.3225 -0.1638
vn -0.9584 0.2543 -0.1298
vn -0.9323 0.3225 -0.1637
vn -0.9309 0.3324 -0.1516
vn -0.9738 0.2054 -0.0972
vn -0.9958 0.0734 -0.0539
vn -0.9978 0.0465 -0.0481
vn -0.9738 0.2055 -0.0973
vn -0.9644 0.2019 -0.1707
vn -0.9903 0.0669 -0.1217
vn -0.9903 0.0670 -0.1217
vn -0.9889 0.0947 -0.1147
vn -0.9976 -0.0000 -0.0692
vn -0.9994 0.0073 -0.0329
vn -0.9978 0.0465 -0.0482
vn -0.9982 0.0248 -0.0552
vn -0.9979 0.0175 -0.0630
vn -0.9985 -0.0000 -0.0542
vn -0.9979 0.0175 -0.0631
vn -0.9965 -0.0000 -0.0830
vn -0.9889 0.0946 -0.1147
vn -0.9910 -0.0000 -0.1336
vn -0.9976 -0.0000 -0.0691
vn -0.9964 -0.0092 -0.0845
vn -0.9927 0.0617 -0.1034
vn -0.9964 -0.0092 -0.0844
vn -0.9964 -0.0091 -0.0844
vn -0.9979 -0.0199 -0.0613
vn -0.9920 -0.0174 0.1253
vn -0.8249 0.0625 0.5619
vn -0.8249 0.0625 0.5618
vn -0.9457 0.3125 -0.0895
vn -0.5507 0.2487 0.7968
vn -0.5506 0.2487 0.7968
vn -0.9149 0.3931 -0.0923
vn -0.9982 -0.0076 -0.0600
vn -0.9982 -0.0028 -0.0593
vn -0.9982 -0.0076 -0.0599
vn -0.9981 -0.0034 -0.0613
vn -0.9978 0.0600 -0.0292
vn -0.9981 -0.0034 -0.0614
vn -0.9992 -0.0051 -0.0393
vn -0.9979 0.0614 -0.0217
vn -0.9979 0.0613 -0.0217
vn -0.9545 0.2975 -0.0200
vn -0.9333 0.3575 -0.0349
vn -0.9978 0.0601 -0.0292
vn -0.8987 0.4373 -0.0321
vn -0.8988 0.4373 -0.0321
vn -0.9000 0.4346 -0.0332
vn -0.9992 -0.0050 -0.0393
vn -0.9992 -0.0000 -0.0389
vn -0.9984 0.0421 -0.0372
vn -0.9713 0.2353 -0.0336
vn -0.8960 0.4432 -0.0295
vn -0.8960 0.4431 -0.0295
vn -0.9993 -0.0000 -0.0387
vn -0.9993 -0.0000 -0.0372
vn -0.3397 -0.2513 0.9063
vn -0.1469 -0.0715 0.9866
vn -0.0312 0.0341 0.9989
vn -0.5507 0.2486 0.7968
vn -0.0157 0.0481 0.9987
vn -0.0312 0.0342 0.9989
vn -0.0079 0.0552 0.9984
vn -0.2296 0.2804 0.9320
vn -0.0206 0.0438 0.9988
vn -0.4390 0.3986 0.8052
vn -0.0205 0.0438 0.9988
vn -0.7511 0.6579 -0.0559
vn -0.4390 0.3985 0.8052
vn -0.8066 0.5897 -0.0410
vn -0.7511 0.6578 -0.0558
vn -0.4390 0.3985 0.8053
vn -0.2655 -0.1815 0.9469
vn -0.4390 0.3986 0.8053
vn -0.0205 0.0439 0.9988
vn -0.5134 -0.4187 0.7491
vn -0.7097 -0.6227 0.3294
vn -0.2654 -0.1815 0.9469
vn -0.5134 -0.4186 0.7491
vn -0.7359 -0.6569 0.1640
vn -0.7097 -0.6228 0.3294
vn -0.6514 -0.6181 -0.4400
vn -0.3257 -0.3502 -0.8782
vn -0.0000 -0.0624 -0.9981
vn -0.3257 -0.3501 -0.8782
vn -0.0000 -0.0623 -0.9981
vn 0.7850 0.6159 -0.0671
vn 0.7281 0.6834 -0.0536
vn 0.2296 0.2768 0.9331
vn 0.4211 0.4169 0.8055
vn 0.2297 0.2768 0.9331
vn 0.2656 -0.1829 0.9466
vn 0.5126 -0.4208 0.7485
vn 0.7077 -0.6253 0.3289
vn 0.5125 -0.4208 0.7485
vn 0.7337 -0.6595 0.1637
vn 0.6493 -0.6204 -0.4400
vn 0.3246 -0.3516 -0.8781
vn -0.0000 -0.0628 -0.9980
vn 0.3247 -0.3516 -0.8781
vn 0.8577 0.4938 -0.1432
vn 0.8645 0.4779 -0.1555
vn 0.6757 0.7066 -0.2101
vn 0.6545 0.7372 -0.1676
vn 0.8292 0.5484 -0.1083
vn 0.6545 0.7373 -0.1676
vn 0.6158 0.7800 -0.1114
vn 0.8292 0.5483 -0.1083
vn 0.6157 0.7800 -0.1114
vn 0.6158 0.7800 -0.1115
vn 0.5743 0.8128 -0.0978
vn 0.4519 0.8825 -0.1302
vn 0.1864 0.9782 -0.0911
vn 0.2215 0.9481 -0.2281
vn 0.2125 0.9672 -0.1392
vn 0.6157 0.7800 -0.1115
vn -0.1748 0.9763 -0.1272
vn -0.2122 0.9727 -0.0938
vn -0.6202 0.7755 -0.1179
vn -0.6779 0.7288 -0.0964
vn -0.2121 0.9727 -0.0938
vn 0.2377 0.9364 -0.2582
vn 0.2215 0.9481 -0.2282
vn -0.1457 0.9545 -0.2603
vn -0.1974 0.9574 -0.2107
vn 0.2125 0.9672 -0.1391
vn -0.1975 0.9574 -0.2107
vn -0.1749 0.9763 -0.1272
vn -0.6549 0.7353 -0.1745
vn -0.6549 0.7353 -0.1744
vn -0.8588 0.4964 -0.1266
vn -0.8588 0.4963 -0.1266
vn -0.8241 0.5577 -0.0993
vn -0.4594 0.8783 -0.1326
vn -0.1457 0.9544 -0.2604
vn -0.5866 0.7779 -0.2254
vn -0.6550 0.7353 -0.1744
vn -0.8749 0.4604 -0.1502
vn 0.9990 -0.0355 -0.0281
vn 0.9942 -0.1071 0.0001
vn 0.9985 0.0119 -0.0528
vn 0.9876 0.1229 -0.0978
vn 0.9994 0.0003 -0.0350
vn 0.9805 0.1692 -0.0999
vn 0.9997 -0.0055 -0.0237
vn 0.9529 0.2787 -0.1197
vn 0.9997 -0.0055 -0.0236
vn 0.9027 0.3947 -0.1710
vn 0.9028 0.3947 -0.1710
vn 0.8658 0.4681 -0.1767
vn 0.9649 0.2182 -0.1458
vn 0.9649 0.2183 -0.1458
vn 0.9329 0.3142 -0.1759
vn -0.0014 -1.0000 -0.0000
vn -0.0057 -1.0000 0.0013
vn -0.0020 -1.0000 0.0007
vn -0.0018 -1.0000 0.0007
vn -0.0000 -1.0000 0.0006
vn -0.0000 -1.0000 0.0002
vn -0.0000 -1.0000 0.0003
vn 0.0017 -1.0000 0.0001
vn 0.0016 -1.0000 0.0001
vn -0.0000 -1.0000 -0.0005
vn 0.0016 -1.0000 0.0006
vn 0.0017 -1.0000 0.0007
vn 0.0051 -1.0000 0.0012
vn -0.0000 -1.0000 0.0009
vn -0.0019 -1.0000 0.0007
vn -0.0000 -1.0000 0.0012
vn -0.0000 -1.0000 0.0008
vn -0.0000 -1.0000 0.0005
vn -0.9996 -0.0033 -0.0292
vn -0.4513 0.2161 0.8658
vn -0.9864 0.1452 -0.0768
vn -0.9864 0.1452 -0.0767
vn -0.9771 0.1870 -0.1019
vn -0.9996 -0.0032 -0.0292
vn -0.9990 0.0004 -0.0446
vn -0.9771 0.1869 -0.1018
vn -0.9859 0.1335 -0.1012
vn -0.9990 0.0004 -0.0447
vn -0.9988 -0.0412 -0.0269
vn -0.9990 0.0004 -0.0448
vn -0.9894 0.1113 -0.0931
vn -0.9988 -0.0412 -0.0270
vn -0.9632 0.2281 -0.1422
vn -0.9843 0.1431 -0.1033
vn -0.9771 0.1870 -0.1018
vn -0.9099 0.3844 -0.1556
vn -0.9099 0.3845 -0.1556
vn -0.9376 0.3114 -0.1551
vn -0.9375 0.3114 -0.1551
vn -0.0000 -0.4531 -0.8915
vn -0.9995 0.0205 0.0220
vn -0.9998 0.0101 0.0198
vn -0.9997 0.0137 0.0177
vn -0.9992 0.0327 0.0234
vn -0.9988 0.0403 0.0273
vn -0.9986 0.0466 0.0239
vn -0.9912 0.1317 -0.0132
vn -0.9784 0.1979 -0.0594
vn -0.9912 0.1317 -0.0131
vn -0.9974 0.0646 0.0332
vn -0.0001 0.9753 -0.2210
vn -0.0000 0.9847 -0.1745
vn -0.0001 0.9847 -0.1744
vn -0.0001 0.9637 -0.2671
vn -0.0000 0.9534 -0.3016
vn -0.0000 0.9753 -0.2210
vn -0.0000 0.9568 -0.2906
vn -0.0000 0.9590 -0.2835
vn -0.0000 0.9578 -0.2875
vn 0.9895 0.1441 -0.0143
vn 0.9968 0.0709 0.0364
vn 0.9742 0.2161 -0.0649
vn 0.9995 0.0254 0.0188
vn 0.9994 0.0316 0.0162
vn 0.9995 0.0263 0.0175
vn 0.9995 0.0262 0.0175
vn 0.9996 0.0186 0.0206
vn 0.9996 0.0174 0.0215
vn 0.9995 0.0254 0.0189
vn 0.9997 0.0110 0.0217
vn 0.0070 -0.0561 -0.9984
vn 0.0004 -0.0620 -0.9981
vn 0.0135 -0.0501 -0.9987
vn 0.0136 -0.0500 -0.9987
vn 0.0070 -0.0560 -0.9984
vn 0.0136 -0.0501 -0.9987
vn 0.0071 -0.0560 -0.9984
vn 0.0137 -0.0500 -0.9987
vn 0.0078 -0.0553 -0.9984
vn 0.0150 -0.0488 -0.9987
vn 0.0298 -0.0354 -0.9989
vn 0.0373 -0.0285 -0.9989
vn 0.1614 0.0849 -0.9832
vn 0.2766 0.1920 -0.9416
vn 0.1613 0.0848 -0.9832
vn 0.5751 0.4799 -0.6625
vn 0.1614 0.0848 -0.9832
vn 0.2766 0.1919 -0.9416
vn 0.7120 0.6256 -0.3188
vn 0.5751 0.4800 -0.6625
vn 0.7404 0.6720 0.0139
vn 0.7121 0.6256 -0.3188
vn 0.7407 0.6718 0.0060
vn 0.7409 0.6716 -0.0018
vn 0.7407 0.6718 0.0061
vn -0.0066 -0.0568 -0.9984
vn -0.0005 -0.0623 -0.9981
vn -0.0127 -0.0512 -0.9986
vn -0.0128 -0.0511 -0.9986
vn -0.0067 -0.0566 -0.9984
vn -0.0079 -0.0556 -0.9984
vn -0.0127 -0.0511 -0.9986
vn -0.0151 -0.0490 -0.9987
vn -0.0299 -0.0355 -0.9989
vn -0.0374 -0.0286 -0.9989
vn -0.1608 0.0850 -0.9833
vn -0.2755 0.1923 -0.9419
vn -0.5731 0.4814 -0.6632
vn -0.2755 0.1922 -0.9419
vn -0.7098 0.6279 -0.3193
vn -0.7381 0.6746 0.0136
vn -0.5731 0.4815 -0.6632
vn -0.7098 0.6278 -0.3193
vn -0.7384 0.6744 0.0058
vn -0.7386 0.6741 -0.0020
vn -0.0274 -0.2445 -0.9693
vn -0.0000 -0.2446 -0.9696
vn -0.0548 -0.2443 -0.9682
vn -0.0821 -0.2438 -0.9663
vn -0.3090 -0.2327 -0.9222
vn -0.3089 -0.2326 -0.9222
vn -0.0490 -0.2443 -0.9685
vn -0.0018 -0.2446 -0.9696
vn -0.0962 -0.2435 -0.9651
vn -0.2644 -0.2359 -0.9351
vn -0.3835 -0.2259 -0.8955
vn -0.7202 -0.1697 -0.6727
vn -0.8993 -0.1070 -0.4240
vn -0.9977 -0.0166 -0.0657
vn -0.9995 0.0077 0.0305
vn -0.9944 0.0260 0.1029
vn -0.9995 0.0077 0.0306
vn -0.9966 0.0202 0.0802
vn -0.9979 0.0160 0.0634
vn -0.9974 0.0175 0.0693
vn -0.9849 0.0423 0.1676
vn -0.9974 0.0175 0.0694
vn -0.9636 0.0654 0.2593
vn -0.8498 0.1289 0.5110
vn -0.7313 0.1668 0.6614
vn -0.4814 0.2144 0.8499
vn -0.7312 0.1669 0.6614
vn -0.7313 0.1669 0.6614
vn -0.3620 0.2280 0.9039
vn -0.1600 0.2415 0.9571
vn -0.0800 0.2439 0.9665
vn -0.1601 0.2415 0.9571
vn -0.4472 0.2188 0.8672
vn -0.0800 0.2438 0.9665
vn -0.8944 0.1094 0.4336
vn -0.9289 0.0906 0.3590
vn -0.6722 0.1811 0.7179
vn -0.2589 0.2363 0.9366
vn -0.6721 0.1812 0.7179
vn -0.1642 0.2413 0.9565
vn -0.0459 0.2444 0.9686
vn -0.1642 0.2413 0.9564
vn -0.0230 0.2446 0.9694
vn -0.0460 0.2444 0.9686
vn -0.0000 0.2446 0.9696
vn 0.1691 0.2411 0.9556
vn 0.0627 0.2442 0.9677
vn 0.0627 0.2441 0.9677
vn 0.2749 0.2352 0.9323
vn 0.1692 0.2411 0.9556
vn 0.6871 0.1777 0.7045
vn 0.9317 0.0889 0.3522
vn 0.9317 0.0889 0.3523
vn -0.4512 0.2162 0.8658
vn -0.4513 0.2183 0.8653
vn 0.1617 -0.2414 -0.9569
vn 0.0761 -0.2439 -0.9668
vn 0.2466 -0.2371 -0.9397
vn 0.2228 -0.2385 -0.9453
vn 0.1123 -0.2431 -0.9635
vn 0.2227 -0.2385 -0.9453
vn 0.0490 -0.2443 -0.9685
vn 0.0962 -0.2435 -0.9651
vn 0.2644 -0.2359 -0.9351
vn 0.3835 -0.2259 -0.8955
vn 0.7202 -0.1697 -0.6727
vn 0.8993 -0.1070 -0.4240
vn 0.9977 -0.0166 -0.0657
vn 0.9995 0.0077 0.0305
vn 0.9944 0.0260 0.1029
vn 0.9995 0.0077 0.0306
vn 0.9966 0.0202 0.0802
vn 0.9979 0.0160 0.0634
vn 0.9974 0.0175 0.0693
vn 0.9849 0.0423 0.1676
vn 0.9974 0.0175 0.0694
vn 0.9636 0.0654 0.2593
vn 0.8498 0.1289 0.5110
vn 0.7313 0.1668 0.6614
vn 0.4814 0.2144 0.8499
vn 0.3620 0.2280 0.9039
vn 0.2385 0.2376 0.9416
vn 0.3210 0.9471 -0.0000
vn 0.6420 0.7667 -0.0000
vn 0.3167 0.9485 -0.0000
vn 0.6334 0.7738 -0.0000
vn 0.8556 0.5176 0.0036
vn 0.6461 0.7632 -0.0000
vn 0.8640 0.5034 0.0048
vn 0.8620 0.5068 -0.0000
vn 0.4966 0.8680 -0.0000
vn 0.6462 0.7632 -0.0000
vn 0.4966 0.8680 0.0002
vn 0.8679 0.4965 0.0145
vn 0.5459 0.5069 -0.6671
vn -0.9999 -0.0076 0.0099
vn 0.5673 0.4982 -0.6557
vn -0.9993 -0.0231 0.0304
vn 0.5936 0.4869 -0.6408
vn -0.9983 0.0353 -0.0465
vn 0.6517 0.4442 -0.6148
vn 0.6923 0.4070 -0.5959
vn 0.6088 0.4799 -0.6316
vn -0.9999 -0.0156 -0.0000
vn -0.9998 -0.0195 -0.0000
vn -0.9992 -0.0389 -0.0000
vn 0.0042 1.0000 0.0023
vn 0.0044 1.0000 0.0053
vn 0.0042 1.0000 0.0022
vn 0.0040 1.0000 -0.0009
vn -0.0035 -1.0000 0.0048
vn -0.0030 -1.0000 0.0044
vn -0.0039 -1.0000 0.0052
vn -0.0040 -1.0000 0.0054
vn -0.3265 0.4182 0.8476
vn -0.3265 0.4183 0.8476
vn 0.1970 0.6475 0.7361
vn 0.1970 0.6475 0.7362
vn -0.4809 -0.1086 0.8700
vn -0.4809 -0.1087 0.8700
vn -0.2046 0.2281 0.9519
vn 0.0848 0.3040 0.9489
vn 0.1969 0.6475 0.7362
vn 0.3263 0.0203 0.9450
vn 0.8790 0.2056 0.4303
vn 0.3263 0.0203 0.9451
vn 0.3262 0.0204 0.9451
vn -0.1318 -0.0938 0.9868
vn -0.1998 -0.6414 0.7408
vn -0.4808 -0.1087 0.8700
vn -0.3260 -0.0065 0.9453
vn -0.3261 -0.0065 0.9453
vn -0.4808 -0.1087 0.8701
vn -0.2046 0.2282 0.9519
vn -0.3261 -0.0064 0.9453
vn 0.3667 0.5343 0.7616
vn 0.3676 0.5350 0.7607
vn 0.5479 -0.1166 0.8284
vn 0.1847 -0.6981 0.6918
vn 0.0849 0.3040 0.9489
vn 0.3262 0.0203 0.9451
vn 0.0847 0.3040 0.9489
vn 0.1846 -0.6981 0.6918
vn -0.3590 -0.5435 0.7588
vn -0.1318 -0.0937 0.9868
vn -0.3570 -0.5421 0.7607
vn -0.5379 0.1335 0.8323
vn 0.4652 -0.6423 0.6091
vn -0.0828 -0.3025 0.9495
vn -0.1998 -0.6414 0.7407
vn -0.1783 0.7070 0.6844
vn 0.3667 0.5344 0.7616
vn 0.5090 -0.3721 0.7762
vn -0.0829 -0.3026 0.9495
vn -0.0829 -0.3025 0.9495
vn 0.5090 -0.3722 0.7762
vn -0.5379 0.1335 0.8324
vn 0.4653 -0.6423 0.6091
vn 0.8790 0.2056 0.4302
vn -0.3210 0.9471 -0.0000
vn -0.6420 0.7667 -0.0000
vn -0.3167 0.9485 -0.0001
vn -0.6334 0.7738 -0.0000
vn -0.3167 0.9485 -0.0000
vn -0.8556 0.5176 0.0036
vn -0.6461 0.7632 -0.0000
vn -0.8640 0.5034 0.0048
vn -0.8679 0.4965 0.0145
vn -0.8620 0.5068 -0.0000
vn -0.4966 0.8680 -0.0000
vn -0.4966 0.8680 -0.0001
vn -0.4966 0.8680 -0.0002
vn -0.6462 0.7632 0.0001
vn -0.6462 0.7632 -0.0000
vn -0.5459 0.5069 -0.6671
vn 0.9999 -0.0076 0.0099
vn -0.5673 0.4982 -0.6557
vn 0.9993 -0.0231 0.0304
vn -0.5936 0.4869 -0.6408
vn 0.9983 0.0353 -0.0465
vn -0.6517 0.4442 -0.6148
vn -0.6088 0.4799 -0.6316
vn -0.6923 0.4070 -0.5959
vn 0.9999 -0.0156 -0.0000
vn 0.9998 -0.0195 -0.0000
vn 0.9992 -0.0389 -0.0000
vn -0.0042 1.0000 0.0022
vn -0.0040 1.0000 -0.0009
vn -0.0042 1.0000 0.0023
vn -0.0044 1.0000 0.0053
vn 0.0038 -1.0000 0.0051
vn 0.0040 -1.0000 0.0054
vn 0.0037 -1.0000 0.0051
vn 0.0030 -1.0000 0.0044
vn 0.3265 0.4182 0.8476
vn 0.4808 -0.1086 0.8701
vn 0.4808 -0.1087 0.8701
vn 0.1998 -0.6414 0.7408
vn -0.3180 -0.4391 0.8403
vn -0.1970 0.6475 0.7362
vn 0.3265 0.4183 0.8476
vn -0.0848 0.3040 0.9489
vn 0.2046 0.2282 0.9519
vn 0.4809 -0.1087 0.8700
vn 0.2046 0.2281 0.9519
vn 0.3261 -0.0065 0.9453
vn 0.3260 -0.0065 0.9453
vn 0.1998 -0.6414 0.7407
vn 0.0828 -0.3025 0.9495
vn -0.4796 0.1122 0.8703
vn -0.3263 0.0203 0.9451
vn -0.1970 0.6475 0.7361
vn -0.1846 -0.6981 0.6918
vn -0.3262 0.0203 0.9451
vn -0.1847 -0.6981 0.6918
vn -0.5479 -0.1166 0.8284
vn -0.3667 0.5343 0.7616
vn 0.3261 -0.0064 0.9453
vn -0.3667 0.5344 0.7616
vn 0.1783 0.7070 0.6844
vn -0.4796 0.1121 0.8703
vn -0.5090 -0.3721 0.7762
vn 0.0829 -0.3026 0.9495
vn 0.5379 0.1335 0.8324
vn 0.0829 -0.3025 0.9495
vn 0.3590 -0.5435 0.7588
vn 0.1318 -0.0937 0.9868
vn 0.1318 -0.0938 0.9868
vn 0.6566 0.7542 -0.0022
vn 0.8560 0.5169 -0.0042
vn 0.8373 0.3018 -0.4559
vn 0.5323 0.2606 -0.8055
vn 0.5322 0.2606 -0.8055
vn 0.1270 0.2882 -0.9491
vn -0.1023 0.9948 -0.0017
vn 0.1271 0.2882 -0.9491
vn -0.6628 0.7036 -0.2562
vn -0.6290 0.7774 -0.0014
vn -0.8486 0.5290 -0.0025
vn -0.4022 -0.1580 -0.9018
vn -0.8487 0.5289 -0.0026
vn -0.0134 -0.4258 -0.9047
vn 0.8373 0.3017 -0.4559
vn 0.1272 0.2882 -0.9491
vn -0.0133 -0.4257 -0.9047
vn 0.0102 -0.4316 -0.9020
vn -0.0000 -0.4382 -0.8989
vn -0.9980 -0.0638 0.0005
vn -0.9356 -0.3529 0.0028
vn -0.7720 -0.6356 0.0051
vn -0.2873 -0.9578 0.0077
vn 0.2384 -0.9711 0.0078
vn 0.2385 -0.9711 0.0078
vn 0.7303 -0.6831 0.0055
vn 0.9350 -0.3546 0.0029
vn 0.9350 -0.3546 0.0028
vn 0.7303 -0.6831 0.0054
vn 0.9997 -0.0230 0.0002
vn 0.9350 -0.3547 0.0029
vn 0.3063 0.5747 -0.7588
vn 0.2874 0.3665 -0.8849
vn 0.3063 0.7588 -0.5747
vn 0.3063 0.5747 -0.7589
vn 0.3063 0.9430 -0.1302
vn 0.3064 0.9430 0.1302
vn 0.3063 0.7588 0.5747
vn 0.3063 0.9430 0.1302
vn 0.3064 0.5747 0.7588
vn 0.2874 0.3665 0.8849
vn 0.3063 0.7589 0.5747
vn 0.3063 0.5747 0.7588
vn 0.3063 -0.5747 -0.7588
vn 0.2874 -0.3665 -0.8849
vn 0.3063 -0.7589 -0.5747
vn 0.3063 -0.9430 -0.1302
vn 0.3064 -0.5747 -0.7588
vn 0.3063 -0.7588 -0.5747
vn 0.3063 -0.9430 0.1302
vn 0.3063 -0.7588 0.5747
vn 0.3064 -0.9430 -0.1302
vn 0.3063 -0.5747 0.7589
vn 0.2874 -0.3665 0.8849
vn 0.3063 -0.5747 0.7588
vn -0.2874 0.3665 -0.8849
vn -0.3063 0.5747 -0.7588
vn -0.3063 0.7588 -0.5747
vn -0.3063 0.5747 -0.7589
vn -0.3063 0.9430 -0.1302
vn -0.3063 0.9430 0.1302
vn -0.3063 0.7588 0.5747
vn -0.3063 0.5747 0.7588
vn -0.3063 0.7589 0.5747
vn -0.2874 0.3665 0.8849
vn -0.2874 -0.3665 -0.8849
vn -0.3063 -0.5747 -0.7589
vn -0.3063 -0.5747 -0.7588
vn -0.3063 -0.7589 -0.5747
vn -0.3063 -0.7588 -0.5747
vn -0.3063 -0.9430 -0.1302
vn -0.3063 -0.9430 0.1302
vn -0.3063 -0.7589 0.5747
vn -0.3063 -0.7588 0.5747
vn -0.3063 -0.5747 0.7589
vn -0.3063 -0.5747 0.7588
vn -0.2874 -0.3665 0.8849
vn -0.2553 -0.0000 -0.9669
vn 0.0001 -0.0000 1.0000
vn 0.2553 -0.0000 -0.9669
vn 0.9995 -0.0048 -0.0297
vn 0.9995 -0.0136 -0.0275
vn 0.9996 -0.0070 -0.0286
vn 0.9995 -0.0007 -0.0310
vn 0.9993 -0.0011 -0.0367
vn 0.9995 -0.0007 -0.0311
vn 0.9995 -0.0008 -0.0313
vn 0.9992 -0.0015 -0.0391
vn 0.9989 -0.0017 -0.0463
vn -0.9995 -0.0046 -0.0299
vn -0.9996 -0.0130 -0.0262
vn -0.9996 -0.0067 -0.0289
vn -0.9996 -0.0067 -0.0288
vn -0.9995 -0.0004 -0.0315
vn -0.9993 -0.0011 -0.0367
vn -0.9995 -0.0011 -0.0314
vn -0.9995 -0.0012 -0.0318
vn -0.9992 -0.0015 -0.0390
vn -0.9993 -0.0011 -0.0366
vn -0.9992 -0.0015 -0.0391
vn -0.9989 -0.0017 -0.0463
vn 0.0132 0.4260 0.9046
vn 0.0521 0.4367 0.8981
vn 0.0264 0.4258 0.9044
vn 0.0001 0.4144 0.9101
vn -0.0000 0.4142 0.9102
vn -0.0095 0.4282 0.9036
vn -0.0000 0.4382 0.8989
vn -0.0000 0.4144 0.9101
vn -0.0237 0.4250 0.9049
vn -0.0469 0.4353 0.8991
vn -0.7972 0.6038 -0.0000
vn -0.9239 0.3827 -0.0000
vn -0.8279 0.3430 -0.4437
vn -0.8280 0.3429 -0.4437
vn -0.4186 0.5469 -0.7250
vn -0.7972 0.6037 -0.0000
vn -0.1368 0.9906 -0.0000
vn -0.4187 0.5469 -0.7250
vn 0.0907 0.6827 -0.7250
vn 0.6038 0.7972 -0.0000
vn 0.0907 0.6828 -0.7250
vn 0.5469 0.4186 -0.7250
vn 0.9239 0.3827 -0.0000
vn 0.6037 0.7972 -0.0000
vn 0.5469 0.4187 -0.7250
vn 0.4257 0.1763 -0.8875
vn -0.8279 0.3429 -0.4438
vn -0.4257 0.1764 -0.8875
vn -0.5469 0.4186 -0.7250
vn -0.0907 0.6827 -0.7250
vn 0.0908 0.6827 -0.7250
vn -0.0907 0.6828 -0.7250
vn -0.0908 0.6827 -0.7250
vn 0.4186 0.5469 -0.7250
vn 0.8279 0.3430 -0.4438
vn 0.8279 0.3430 -0.4437
vn 0.7972 0.6038 -0.0000
vn -0.4255 0.1768 -0.8875
vn -0.6037 0.7972 -0.0000
vn -0.6038 0.7972 -0.0000
vn -0.6038 0.7972 0.0001
vn 0.1368 0.9906 -0.0000
vn 0.7972 0.6037 -0.0000
vn 0.7972 -0.6038 -0.0000
vn 0.9239 -0.3827 -0.0000
vn 0.8279 -0.3430 -0.4437
vn 0.8280 -0.3429 -0.4437
vn 0.4186 -0.5469 -0.7250
vn 0.1368 -0.9906 -0.0000
vn 0.7972 -0.6037 -0.0000
vn 0.4187 -0.5469 -0.7250
vn -0.0907 -0.6827 -0.7250
vn -0.6038 -0.7972 -0.0000
vn -0.0907 -0.6828 -0.7250
vn -0.5469 -0.4186 -0.7250
vn -0.6037 -0.7972 -0.0000
vn -0.9239 -0.3827 -0.0000
vn -0.5469 -0.4187 -0.7250
vn -0.4257 -0.1763 -0.8875
vn 0.8279 -0.3430 -0.4438
vn 0.4257 -0.1764 -0.8875
vn 0.4257 -0.1763 -0.8875
vn 0.5470 -0.4186 -0.7250
vn 0.5469 -0.4187 -0.7250
vn 0.0908 -0.6827 -0.7250
vn -0.0908 -0.6827 -0.7250
vn 0.0907 -0.6827 -0.7250
vn -0.4186 -0.5469 -0.7250
vn -0.4187 -0.5469 -0.7250
vn -0.4186 -0.5470 -0.7250
vn -0.8279 -0.3430 -0.4437
vn -0.5437 -0.4118 0.7313
vn -0.6534 -0.2703 0.7071
vn -0.8279 -0.3429 -0.4437
vn -0.6533 -0.2706 0.7071
vn 0.5469 -0.4186 -0.7250
vn 0.4255 -0.1768 -0.8875
vn 0.8263 -0.3423 0.4472
vn 0.3461 -0.4569 0.8194
vn -0.1288 -0.9328 0.3366
vn -0.5438 -0.4117 0.7313
vn -0.1288 -0.9328 0.3365
vn 0.3460 -0.4570 0.8194
vn 0.5812 0.8138 -0.0000
vn 0.7680 0.6405 -0.0000
vn 0.3389 0.9408 -0.0000
vn -0.1645 0.9864 -0.0000
vn -0.4256 0.9049 -0.0000
vn -0.8138 0.5812 -0.0000
vn -0.9408 0.3389 -0.0000
vn -0.9959 0.0902 -0.0000
vn 0.6508 0.2696 -0.7098
vn 0.8266 0.3424 -0.4466
vn 0.4130 0.5443 -0.7302
vn 0.4130 0.5442 -0.7302
vn 0.4129 0.5443 -0.7303
vn -0.0929 0.6769 -0.7302
vn -0.0928 0.6769 -0.7302
vn -0.0929 0.6768 -0.7303
vn -0.5443 0.4130 -0.7302
vn -0.6488 0.2745 -0.7098
vn -0.5442 0.4130 -0.7302
vn -0.5443 0.4129 -0.7303
vn -0.4153 0.1721 -0.8933
vn -0.6487 0.2745 -0.7098
vn 0.4153 0.1720 -0.8933
vn 0.4153 0.1721 -0.8933
vn 0.5443 0.4129 -0.7302
vn 0.4129 0.5443 -0.7302
vn 0.5443 0.4130 -0.7302
vn 0.0928 0.6769 -0.7302
vn -0.0929 0.6768 -0.7302
vn 0.0929 0.6769 -0.7302
vn 0.0929 0.6768 -0.7303
vn -0.4130 0.5443 -0.7302
vn -0.5443 0.4129 -0.7302
vn -0.4153 0.1720 -0.8933
vn -0.4129 0.5443 -0.7302
vn -0.8266 0.3424 -0.4466
vn -0.4130 0.5442 -0.7303
vn -0.6438 0.2788 0.7126
vn 0.5442 0.4130 -0.7302
vn 0.6438 0.2789 0.7126
vn 0.6438 0.2788 0.7126
vn 0.5442 0.4130 -0.7303
vn -0.4130 0.5442 -0.7302
vn 0.0928 0.6768 -0.7303
vn -0.7972 -0.6038 -0.0000
vn -0.6508 -0.2696 -0.7098
vn -0.8266 -0.3424 -0.4466
vn -0.4130 -0.5443 -0.7302
vn -0.1368 -0.9906 -0.0000
vn -0.7972 -0.6037 -0.0000
vn -0.4130 -0.5442 -0.7302
vn -0.4129 -0.5443 -0.7303
vn 0.0929 -0.6769 -0.7302
vn 0.6038 -0.7972 -0.0000
vn 0.0928 -0.6769 -0.7302
vn 0.0929 -0.6768 -0.7303
vn 0.5443 -0.4130 -0.7302
vn 0.6488 -0.2745 -0.7098
vn 0.6037 -0.7972 -0.0000
vn 0.5442 -0.4130 -0.7302
vn 0.5443 -0.4129 -0.7303
vn 0.4153 -0.1721 -0.8933
vn 0.6487 -0.2746 -0.7098
vn -0.4153 -0.1720 -0.8933
vn -0.4153 -0.1721 -0.8933
vn -0.5443 -0.4130 -0.7302
vn -0.4129 -0.5443 -0.7302
vn 0.0928 -0.6768 -0.7302
vn -0.5443 -0.4129 -0.7302
vn -0.0929 -0.6769 -0.7302
vn 0.0929 -0.6768 -0.7302
vn -0.0929 -0.6768 -0.7302
vn 0.4130 -0.5443 -0.7302
vn 0.5443 -0.4129 -0.7302
vn 0.4153 -0.1720 -0.8933
vn 0.4129 -0.5443 -0.7302
vn 0.8266 -0.3424 -0.4466
vn 0.4130 -0.5442 -0.7303
vn 0.7972 -0.6038 0.0001
vn 0.6438 -0.2789 0.7126
vn -0.5442 -0.4130 -0.7302
vn -0.6438 -0.2789 0.7126
vn -0.6438 -0.2788 0.7126
vn -0.0928 -0.6769 -0.7302
vn -0.5442 -0.4130 -0.7303
vn 0.4130 -0.5442 -0.7302
vn -0.0928 -0.6768 -0.7303
vn 0.1367 -0.9906 -0.0000
vn 0.1367 -0.9906 0.0001
vn -0.0080 -0.0060 -1.0000
vn 0.6487 -0.2746 -0.7097
vn 0.6488 -0.2745 -0.7097
vn -0.0060 -0.0080 -1.0000
vn -0.0014 -0.0099 -1.0000
vn 0.0014 -0.0099 -1.0000
vn 0.0060 -0.0080 -1.0000
vn 0.0079 -0.0061 -1.0000
vn 0.0060 -0.0080 -0.9999
vn -0.6487 -0.2746 -0.7098
vn 0.0061 -0.0079 -1.0000
vn 0.0082 -0.0058 -0.9999
vn 0.0083 -0.0057 -0.9999
vn -0.6487 -0.2745 -0.7098
vn 0.0080 0.0060 -1.0000
vn 0.0061 0.0079 -1.0000
vn 0.0014 0.0099 -1.0000
vn 0.0060 0.0080 -1.0000
vn 0.0060 0.0080 -0.9999
vn -0.0013 0.0099 -1.0000
vn -0.0060 0.0080 -1.0000
vn -0.0014 0.0099 -1.0000
vn -0.0080 0.0060 -1.0000
vn 0.6487 0.2746 -0.7097
vn 0.6487 0.2745 -0.7098
vn 0.6488 0.2745 -0.7098
vn 0.6487 0.2746 -0.7098
vn 0.1368 0.9906 -0.0001
vn 0.6038 0.7972 0.0001
vn -0.1368 0.9906 0.0001
vn 0.6487 -0.2745 -0.7098
vn 0.5125 -0.2122 0.8320
vn 0.5125 -0.2123 0.8320
vn 0.5685 -0.7507 0.3366
vn 0.1368 -0.9906 0.0001
vn 0.5686 -0.7507 0.3366
vn -0.0784 -0.5678 0.8194
vn -0.7507 -0.5685 0.3366
vn -0.7507 -0.5686 0.3366
vn -0.2921 -0.1211 0.9487
vn -0.6488 -0.2745 -0.7098
vn 0.5685 -0.7507 0.3365
vn -0.0785 -0.5678 0.8194
vn -0.2922 -0.1210 0.9487
vn -0.7507 -0.5685 0.3365
vn -0.0166 0.0125 0.9998
vn -0.0126 0.0166 0.9998
vn -0.0028 0.0206 0.9998
vn -0.0166 0.0126 0.9998
vn 0.0028 0.0206 0.9998
vn 0.0126 0.0166 0.9998
vn 0.0029 0.0206 0.9998
vn 0.0166 0.0126 0.9998
vn -0.0166 -0.0125 0.9998
vn 0.6438 -0.2788 0.7126
vn -0.0126 -0.0166 0.9998
vn -0.0166 -0.0126 0.9998
vn -0.0029 -0.0206 0.9998
vn -0.0125 -0.0166 0.9998
vn 0.0028 -0.0206 0.9998
vn 0.0126 -0.0166 0.9998
vn -0.0028 -0.0206 0.9998
vn 0.0029 -0.0206 0.9998
vn 0.0166 -0.0126 0.9998
vn -0.1368 -0.9906 -0.0001
vn -0.6438 0.2789 0.7126
vn -0.3434 -0.2865 -0.8944
vn 0.2415 -0.0219 -0.9701
vn 0.2415 -0.0218 -0.9701
vn 0.2903 -0.6172 -0.7313
vn -0.3192 -0.8859 -0.3365
vn -0.3435 -0.2864 -0.8944
vn -0.3434 -0.2864 -0.8944
vn -0.3191 -0.8859 -0.3366
vn -0.3964 -0.5550 0.7313
vn -0.5428 -0.4532 0.7071
vn -0.5431 -0.4529 0.7071
vn 0.4664 -0.3331 0.8194
vn 0.8908 -0.0806 0.4472
vn 0.4664 -0.3332 0.8194
vn 0.4665 -0.3331 0.8194
vn 0.8859 -0.3192 -0.3366
vn 0.8859 -0.3192 -0.3365
vn 0.8859 -0.3191 -0.3366
vn 0.1549 -0.9288 0.3366
vn -0.3192 -0.8859 -0.3366
vn 0.2902 -0.6172 -0.7313
vn -0.3964 -0.5551 0.7313
vn 0.1549 -0.9288 0.3365
vn 0.4745 -0.0000 0.8803
vn -0.8749 -0.0000 0.4844
vn -0.2218 -0.4476 0.8663
vn -0.8165 -0.4082 -0.4082
vn -0.2219 -0.4475 0.8663
vn 0.1727 -0.6853 -0.7074
vn -0.2219 -0.4476 0.8663
vn 0.1727 -0.6853 -0.7075
vn -0.4473 -0.0000 -0.8944
vn 0.4744 -0.0000 0.8803
vn 0.1726 -0.6853 -0.7075
vn -0.8165 -0.4082 -0.4083
vn -0.4257 0.1763 -0.8875
vn -0.4186 0.5470 -0.7250
vn 0.8279 0.3429 -0.4437
vn 0.8279 -0.3429 -0.4438
vn 0.4186 -0.5470 -0.7250
vn -0.8279 -0.3430 -0.4438
vn -0.5437 -0.4117 0.7313
vn -0.6532 -0.2708 0.7071
vn -0.5470 0.4186 -0.7250
vn 0.4186 0.5470 -0.7250
vn 0.8280 0.3429 -0.4437
vn -0.5470 -0.4186 -0.7250
vn -0.6485 -0.4911 0.5815
vn -0.6485 -0.4912 0.5815
vn -0.6532 -0.2709 0.7071
vn -0.8280 -0.3429 -0.4437
vn 0.8264 -0.3422 0.4472
vn 0.4118 -0.5437 0.7313
vn 0.4117 -0.5437 0.7313
vn 0.4117 -0.5438 0.7313
vn -0.6486 -0.4911 0.5815
vn 0.1367 0.9906 0.0001
vn -0.6488 0.2745 -0.7097
vn -0.4152 0.1723 -0.8933
vn -0.6488 0.2746 -0.7097
vn -0.0928 0.6768 -0.7302
vn -0.5442 0.4130 -0.7303
vn 0.0929 0.6768 -0.7302
vn -0.4129 0.5443 -0.7303
vn -0.4129 0.5442 -0.7303
vn 0.6488 -0.2746 -0.7097
vn 0.5442 -0.4130 -0.7303
vn -0.0929 -0.6768 -0.7303
vn -0.6038 -0.7972 0.0001
vn -0.0079 -0.0060 -1.0000
vn 0.0080 -0.0060 -1.0000
vn -0.6487 -0.2746 -0.7097
vn -0.6488 -0.2745 -0.7097
vn -0.6487 0.2746 -0.7097
vn -0.6487 0.2746 -0.7098
vn -0.0079 0.0061 -1.0000
vn -0.0056 0.0083 -0.9999
vn -0.0081 0.0059 -1.0000
vn 0.6488 0.2745 -0.7097
vn 0.7972 0.6038 -0.0001
vn -0.6038 0.7972 -0.0001
vn -0.0029 0.0207 0.9998
vn 0.0029 0.0207 0.9998
vn -0.0029 -0.0207 0.9998
vn 0.0029 -0.0207 0.9998
vn 0.7972 -0.6037 0.0001
vn 0.3389 0.9408 0.0001
vn 0.0908 0.6828 -0.7250
vn 0.5470 0.4186 -0.7250
vn 0.4187 0.5469 -0.7250
vn 0.7972 0.6038 0.0001
vn -0.4256 0.1766 -0.8875
vn -0.0908 -0.6828 -0.7250
vn 0.4256 -0.1766 -0.8875
vn -0.5433 -0.4526 0.7071
vn -0.5430 -0.4529 0.7071
vn 0.8908 -0.0807 0.4472
vn -0.3963 -0.5551 0.7313
vn -0.8279 0.3429 -0.4437
vn 0.4257 0.1764 -0.8875
vn -0.5469 0.4187 -0.7250
vn 0.8279 0.3429 -0.4438
vn -0.4259 0.1759 -0.8875
vn 0.8279 -0.3429 -0.4437
vn -0.3893 -0.2948 0.8727
vn 0.6533 -0.2706 0.7071
vn -0.5812 0.8138 -0.0000
vn -0.7680 0.6405 -0.0000
vn -0.3389 0.9408 -0.0000
vn 0.1645 0.9864 0.0001
vn 0.4256 0.9049 -0.0000
vn 0.1645 0.9864 -0.0000
vn 0.8138 0.5812 0.0001
vn 0.4256 0.9049 -0.0001
vn 0.9408 0.3389 -0.0000
vn 0.8138 0.5812 -0.0000
vn 0.9959 0.0902 -0.0000
vn 0.1368 0.9906 0.0001
vn 0.4129 0.5442 -0.7303
vn 0.5443 0.4129 -0.7303
vn -0.0928 0.6768 -0.7303
vn -0.8266 0.3423 -0.4466
vn -0.4130 -0.5442 -0.7303
vn -0.5443 -0.4129 -0.7303
vn 0.0928 -0.6768 -0.7303
vn 0.5442 -0.4129 -0.7303
vn 0.4129 -0.5443 -0.7303
vn 0.4129 -0.5442 -0.7303
vn -0.5442 -0.4129 -0.7303
vn -0.0079 -0.0061 -1.0000
vn -0.0082 0.0058 -0.9999
vn -0.0061 0.0079 -1.0000
vn 0.0059 0.0081 -1.0000
vn -0.1368 0.9906 0.0002
vn -0.0578 -0.4187 0.9063
vn -0.0578 -0.4186 0.9063
vn -0.4134 -0.1707 0.8944
vn -0.4132 -0.1712 0.8944
vn -0.4132 -0.1711 0.8944
vn 0.0166 0.0125 0.9998
vn -0.0029 0.0206 0.9998
vn 0.0166 -0.0125 0.9998
vn -0.0030 -0.0206 0.9998
vn -0.3149 -0.0285 -0.9487
vn -0.3150 -0.0285 -0.9487
vn 0.3435 -0.2864 -0.8944
vn 0.4728 -0.6620 -0.5815
vn -0.1338 -0.8024 -0.5815
vn -0.1337 -0.8025 -0.5815
vn -0.7663 -0.5473 -0.3365
vn -0.7663 -0.5473 -0.3366
vn -0.3976 -0.1432 0.9063
vn -0.7043 -0.0634 0.7071
vn -0.7042 -0.0637 0.7071
vn -0.3976 -0.1433 0.9063
vn 0.3431 -0.2869 -0.8944
vn 0.5430 -0.4529 0.7071
vn 0.2757 -0.7654 0.5815
vn -0.1338 -0.8025 -0.5815
vn -0.4008 -0.8521 0.3366
vn -0.4008 -0.8521 0.3365
vn 0.5431 -0.4529 0.7071
vn 0.2481 -0.0000 0.9687
vn -0.2370 -0.0000 -0.9715
vn -0.3455 -0.6853 0.6411
vn 0.4083 -0.4082 -0.8165
vn -0.2371 -0.0000 -0.9715
vn -0.3455 -0.6853 0.6410
vn 0.7824 -0.4476 0.4331
vn 0.7824 -0.4475 0.4331
vn 0.8944 -0.0000 -0.4472
vn 0.7823 -0.4476 0.4332
vn -0.2371 -0.0001 -0.9715
vn -0.3716 0.0008 -0.9284
vn -0.0000 -0.7071 -0.7071
vn -0.0000 0.7071 0.7071
vn -0.0000 0.7071 -0.7071
vn -0.0000 -0.7071 0.7071
vn 1.0000 -0.0003 -0.0000
vn 1.0000 -0.0005 -0.0000
vn 0.7418 0.6706 -0.0000
vn 0.5469 0.8372 -0.0000
vn 0.5729 0.8162 -0.0746
vn 0.7411 0.6714 0.0015
vn 0.8479 0.5302 0.0024
vn 0.7411 0.6714 0.0014
vn 0.8479 0.5302 0.0003
vn 0.5730 0.8162 -0.0746
vn 0.7948 0.5891 -0.1459
vn 0.7402 0.6724 -0.0000
vn 0.9731 0.1893 -0.1315
vn 0.9667 0.2558 0.0002
vn 0.9731 0.1893 -0.1316
vn 0.2969 0.9549 -0.0000
vn 0.6113 0.7634 -0.2087
vn 0.9242 0.3587 -0.1310
vn 0.9667 0.2558 -0.0000
vn 0.7948 0.5891 -0.1458
vn 0.9242 0.3587 -0.1311
vn 0.8750 0.4840 0.0001
vn 0.8750 0.4841 -0.0000
vn 0.2970 0.9549 -0.0000
vn -0.7407 -0.6719 -0.0020
vn -0.7396 -0.6731 -0.0000
vn -0.6656 -0.7463 -0.0020
vn -0.6337 -0.7490 0.1935
vn -0.7407 -0.6718 -0.0021
vn -0.4251 -0.9052 -0.0000
vn -0.7411 -0.6714 -0.0000
vn -0.7408 -0.6718 -0.0020
vn -0.8847 -0.4558 0.0979
vn -0.8847 -0.4558 0.0980
vn -0.8139 -0.5307 0.2364
vn -0.4038 -0.9022 0.1519
vn -0.4251 -0.9051 -0.0000
vn -0.4038 -0.9021 0.1518
vn -0.4038 -0.9021 0.1519
vn -0.5451 -0.8384 0.0002
vn -0.5451 -0.8384 -0.0000
vn -0.9787 -0.2054 -0.0000
vn -0.8140 -0.5307 0.2364
vn -0.8854 -0.4648 -0.0000
vn -0.5354 -0.8446 -0.0000
vn -0.4569 -0.8895 -0.0000
vn -0.2948 -0.9556 -0.0000
vn -0.8045 -0.5939 -0.0000
vn -0.6656 -0.7463 -0.0000
vn -0.0000 0.9914 -0.1309
vn -0.0000 1.0000 -0.0011
vn -0.0000 0.9654 -0.2606
vn -0.0000 0.8658 -0.5003
vn -0.0000 0.7922 -0.6102
vn -0.0000 0.6085 -0.7936
vn -0.0001 0.7922 -0.6102
vn -0.0000 0.4984 -0.8670
vn 0.0001 0.2596 -0.9657
vn -0.0001 0.4984 -0.8670
vn -0.0000 0.1310 -0.9914
vn -0.0000 0.2596 -0.9657
vn -0.0000 0.0020 -1.0000
vn -0.0000 0.0024 -1.0000
vn -0.0000 0.0008 -1.0000
vn -0.0000 0.0006 -1.0000
vn -0.0000 0.0009 -1.0000
vn -0.0000 0.0023 -1.0000
vn -0.0001 -0.0000 -1.0000
vn -0.0001 -0.0001 -1.0000
vn 0.0001 -0.0000 -1.0000
vn -0.4267 -0.2005 -0.8819
vn 0.1739 -0.3270 -0.9289
vn 0.1738 -0.3271 -0.9289
vn 0.1739 -0.3271 -0.9289
vn -0.6026 -0.0000 -0.7981
vn -0.7150 -0.0000 -0.6991
vn -0.2086 -0.3922 -0.8959
vn -0.2087 -0.3921 -0.8959
vn -0.2086 -0.3921 -0.8959
vn 0.5249 -0.2468 -0.8146
vn 0.5026 0.1173 -0.8565
vn 0.1739 -0.3271 -0.9288
vn 0.5248 -0.2468 -0.8146
vn 0.5025 0.1174 -0.8566
vn 0.5025 0.1173 -0.8566
vn -0.6026 -0.0001 -0.7981
vn -0.6025 -0.0000 -0.7981
vn 0.3902 0.1904 -0.9008
vn 0.3901 0.1904 -0.9008
vn -0.1918 0.3744 -0.9072
vn 0.4755 -0.0000 -0.8797
vn 0.5249 -0.2469 -0.8146
vn 0.4756 -0.0000 -0.8797
vn -0.1735 0.3237 -0.9301
vn -0.6025 -0.0001 -0.7981
vn -0.1735 0.3238 -0.9301
vn -0.5247 0.2447 -0.8154
vn 0.1918 -0.3744 -0.9072
vn -0.5247 0.2448 -0.8154
vn 0.3901 0.1904 -0.9009
vn 0.5851 -0.2855 -0.7590
vn 0.5851 -0.2855 -0.7591
vn 0.3607 0.7042 -0.6116
vn 0.3901 0.1905 -0.9008
vn 0.3606 0.7042 -0.6116
vn -0.1734 0.3237 -0.9301
vn 0.2074 0.3875 -0.8982
vn 0.2075 0.3874 -0.8982
vn -0.5247 0.2447 -0.8153
vn -0.3902 -0.1904 -0.9008
vn -0.3901 -0.1904 -0.9008
vn -0.3606 -0.7041 -0.6117
vn -0.3607 -0.7042 -0.6116
vn 0.5851 -0.2856 -0.7590
vn 0.1917 -0.3744 -0.9072
vn -0.3607 -0.7041 -0.6117
vn -0.5851 0.2855 -0.7590
vn 0.3607 0.7041 -0.6116
vn -0.5851 0.2856 -0.7590
vn -0.1917 0.3744 -0.9072
vn -0.3606 -0.7042 -0.6116
vn -0.3901 -0.1905 -0.9008
vn -0.3901 -0.1904 -0.9009
vn 0.6012 -0.0000 -0.7991
vn 0.5026 0.1174 -0.8565
vn 0.4756 -0.0001 -0.8797
vn 0.2075 0.3875 -0.8982
vn -0.0000 -0.0014 1.0000
vn -0.0000 -0.0015 1.0000
vn -0.0000 -0.0039 1.0000
vn -0.0000 -0.0040 1.0000
vn -0.0001 -0.2108 0.9775
vn 0.0001 -0.2109 0.9775
vn -0.0000 -0.0041 1.0000
vn -0.0001 -0.2762 0.9611
vn -0.0002 -0.2109 0.9775
vn -0.0001 -0.2109 0.9775
vn 0.0008 -0.2109 0.9775
vn -0.0000 -0.1375 0.9905
vn -0.0000 0.1309 0.9914
vn -0.0000 0.2606 0.9654
vn -0.0000 0.5003 0.8658
vn -0.0000 0.6102 0.7922
vn -0.0000 0.7936 0.6085
vn -0.0000 0.8670 0.4984
vn -0.0000 0.9243 0.3817
vn -0.0978 0.9952 -0.0000
vn -0.2616 0.9652 -0.0000
vn -0.3855 0.9227 -0.0000
vn 0.3736 -0.9276 -0.0000
vn 0.2841 -0.9588 -0.0000
vn 0.1266 -0.9919 -0.0000
vn 0.1266 -0.9920 -0.0000
vn -0.2422 -0.9702 -0.0000
vn -0.2020 -0.9794 0.0001
vn -0.2020 -0.9794 -0.0000
vn -0.2423 -0.9702 -0.0000
vn -0.3958 -0.9183 -0.0000
vn -0.4472 -0.0000 0.8944
vn 0.7071 -0.0000 0.7071
vn -0.8944 -0.0000 0.4472
vn 0.7071 0.0001 0.7071
vn 0.7071 -0.0062 0.7071
vn 0.5547 -0.0000 0.8321
vn 0.5547 -0.0000 0.8320
vn 0.5547 0.0001 0.8320
vn -0.0015 0.0015 1.0000
vn -0.0029 0.0031 1.0000
vn -0.0015 0.0016 1.0000
vn -0.0059 0.0062 1.0000
vn -0.0030 0.0031 1.0000
vn -0.9864 0.1642 -0.0000
vn -0.9460 0.3240 -0.0000
vn -0.9864 0.1642 0.0001
vn -0.9939 -0.1104 -0.0000
vn -0.9753 -0.2208 -0.0000
vn -0.9450 -0.3271 -0.0000
vn -0.9450 -0.3272 -0.0000
vn 1.0000 0.0001 -0.0000
vn 0.9800 -0.1988 -0.0000
vn 0.9801 -0.1987 -0.0000
vn 0.9754 -0.2206 -0.0000
vn 0.9451 -0.3269 -0.0000
vn -1.0000 -0.0001 0.0001
vn -1.0000 -0.0001 -0.0001
vn -0.4472 -0.0001 0.8944
vn -0.8944 -0.0001 0.4472
vn -0.4472 -0.0042 0.8944
vn -0.8944 -0.0021 0.4472
vn -0.0000 -0.0047 1.0000
vn 0.0138 0.9999 0.0020
vn -0.0000 1.0000 -0.0004
vn -0.0000 1.0000 -0.0005
vn 0.0276 0.9996 0.0042
vn 0.0137 0.9999 0.0020
vn 0.0275 0.9996 0.0045
vn -0.0006 -0.4167 0.9091
vn -0.0000 -0.8948 0.4464
vn -0.0000 -0.5251 0.8510
vn -0.0007 -0.4167 0.9091
vn -0.0015 0.0020 1.0000
vn -0.0002 -0.5252 0.8510
vn -0.0003 0.0021 1.0000
vn -0.0013 0.0020 1.0000
vn -0.0002 0.0020 1.0000
vn 0.0014 0.3453 0.9385
vn 0.0003 0.5279 0.8493
vn 0.0006 0.3453 0.9385
vn -0.0003 0.0022 1.0000
vn -0.0000 0.8951 0.4460
vn -0.0000 0.5279 0.8493
vn -0.0000 0.8950 0.4460
vn 0.0009 -0.0000 1.0000
vn -0.0002 0.0021 1.0000
vn 0.0009 0.0018 1.0000
vn 0.0002 0.5279 0.8493
vn -0.0000 0.8951 -0.4459
vn -0.0000 -0.8951 -0.4459
vn -0.0000 0.6176 0.7865
vn -0.0000 0.6177 0.7865
vn -0.0000 -0.6460 0.7633
vn 1.0000 0.0001 -0.0001
vn -1.0000 -0.0001 -0.0000
vn -0.8944 -0.0000 -0.4472
vn -0.4472 -0.0000 -0.8944
vn -1.0000 -0.0000 -0.0001
vn 0.0037 -1.0000 -0.0000
vn 0.7420 0.6704 -0.0000
vn -0.7752 0.6317 -0.0000
vn -1.0000 -0.0005 -0.0000
vn -1.0000 -0.0003 -0.0000
vn 0.0008 -0.2108 0.9775
vn 0.0002 -0.2109 0.9775
vn 0.0001 -0.2108 0.9775
vn 0.0005 -0.2109 0.9775
vn 0.0001 -0.2762 0.9611
vn -0.0000 -0.2762 0.9611
vn -0.5469 0.8372 -0.0000
vn -0.7418 0.6706 -0.0000
vn -0.5729 0.8162 -0.0746
vn -0.2969 0.9549 -0.0000
vn -0.6113 0.7634 -0.2087
vn -0.8750 0.4841 -0.0000
vn -0.2970 0.9549 -0.0000
vn -0.6113 0.7633 -0.2087
vn -0.9242 0.3587 -0.1310
vn -0.9667 0.2558 0.0002
vn -0.8750 0.4840 -0.0000
vn -0.7411 0.6714 0.0014
vn -0.7412 0.6713 0.0012
vn -0.8479 0.5302 0.0003
vn -0.7948 0.5891 -0.1459
vn -0.5730 0.8162 -0.0746
vn -0.7948 0.5891 -0.1458
vn -0.9667 0.2558 -0.0000
vn -0.9795 0.2013 -0.0000
vn -0.7402 0.6724 -0.0000
vn -0.9795 0.2013 0.0004
vn 0.6656 -0.7463 -0.0020
vn 0.7396 -0.6731 -0.0000
vn 0.7407 -0.6718 -0.0020
vn 0.7407 -0.6718 -0.0021
vn 0.6337 -0.7490 0.1935
vn 0.8847 -0.4558 0.0979
vn 0.5354 -0.8446 -0.0000
vn 0.8045 -0.5939 -0.0000
vn 0.2948 -0.9556 -0.0000
vn 0.8045 -0.5939 -0.0001
vn 0.4569 -0.8895 -0.0000
vn 0.4251 -0.9052 -0.0000
vn 0.7408 -0.6718 -0.0020
vn 0.4038 -0.9022 0.1518
vn 0.4038 -0.9022 0.1519
vn 0.8139 -0.5307 0.2364
vn 0.8846 -0.4559 0.0979
vn 0.8140 -0.5307 0.2364
vn 0.9787 -0.2054 -0.0000
vn 0.9787 -0.2054 -0.0001
vn 0.8854 -0.4648 -0.0000
vn 0.8847 -0.4558 0.0980
vn 0.7411 -0.6714 -0.0000
vn 0.5451 -0.8384 -0.0001
vn 0.4038 -0.9021 0.1519
vn 0.5451 -0.8384 -0.0000
vn 0.0001 0.1310 -0.9914
vn -0.0000 0.0021 -1.0000
vn -0.0000 0.1311 -0.9914
vn -0.0000 0.0022 -1.0000
vn -0.0000 0.0007 -1.0000
vn 0.0001 -0.0001 -1.0000
vn 0.0002 -0.0002 -1.0000
vn 0.0978 0.9952 -0.0000
vn 0.2616 0.9652 -0.0000
vn 0.3855 0.9227 -0.0000
vn -0.3736 -0.9276 -0.0000
vn -0.2841 -0.9588 -0.0000
vn -0.1266 -0.9920 -0.0000
vn 0.2422 -0.9702 -0.0000
vn 0.2020 -0.9794 -0.0000
vn 0.3958 -0.9183 -0.0000
vn 0.2423 -0.9702 -0.0000
vn -0.8320 0.0001 0.5547
vn -0.7071 -0.0000 0.7071
vn -0.5547 -0.0000 0.8321
vn -0.7071 0.0001 0.7071
vn -0.8320 -0.0000 0.5547
vn -0.8321 0.0001 0.5547
vn -0.9487 0.0001 0.3163
vn -0.5547 0.0001 0.8320
vn -0.9487 0.0001 0.3162
vn -0.5547 -0.0000 0.8320
vn -0.8944 -0.0020 0.4472
vn -0.9487 -0.0000 0.3162
vn 0.0015 0.0015 1.0000
vn 0.0029 0.0031 1.0000
vn 0.0030 0.0031 1.0000
vn 0.0059 0.0062 1.0000
vn 0.9460 0.3240 -0.0000
vn 0.9864 0.1643 -0.0000
vn 0.9864 0.1642 -0.0000
vn 0.9939 -0.1104 -0.0000
vn 0.9864 0.1642 -0.0001
vn 0.9753 -0.2208 -0.0000
vn 0.9450 -0.3271 -0.0000
vn -0.9800 -0.1988 -0.0000
vn -1.0000 0.0001 -0.0000
vn -0.9754 -0.2206 -0.0000
vn -0.9801 -0.1987 -0.0000
vn -0.9451 -0.3269 -0.0000
vn -0.0137 0.9999 0.0020
vn -0.0276 0.9996 0.0045
vn -0.0276 0.9996 0.0042
vn -0.0138 0.9999 0.0020
vn 0.0008 -0.4167 0.9091
vn 0.0007 -0.4167 0.9091
vn 0.0015 0.0020 1.0000
vn -0.0000 -0.5252 0.8510
vn 0.0003 0.0021 1.0000
vn 0.0013 0.0020 1.0000
vn 0.0012 0.0020 1.0000
vn -0.0009 -0.0000 1.0000
vn -0.0014 -0.4167 0.9090
vn -0.0006 0.3453 0.9385
vn 0.0002 0.0020 1.0000
vn 0.0003 0.0022 1.0000
vn -0.0002 0.5279 0.8493
vn -0.0005 0.5279 0.8493
vn -0.0009 0.0018 1.0000
vn -0.0003 0.3453 0.9385
vn -0.0003 0.5279 0.8493
vn 1.0000 -0.0001 -0.0000
vn 1.0000 -0.0000 -0.0001
vn 0.4472 -0.0000 -0.8944
vn 0.0023 -1.0000 0.0022
vn 0.0035 -1.0000 0.0038
vn 0.0036 -1.0000 0.0039
vn 0.0036 -1.0000 0.0033
vn 0.0024 -1.0000 0.0022
vn 0.0035 -1.0000 0.0032
vn -0.0000 -1.0000 -0.0012
vn -0.0037 -1.0000 -0.0000
vn -0.7420 0.6704 -0.0000
vn 0.7440 -0.6682 -0.0000
vn 0.8810 -0.4732 -0.0000
vn 0.9716 -0.2366 -0.0000
vn 0.8810 -0.4731 0.0002
vn -0.9796 0.2010 -0.0000
vn -0.9157 0.4020 -0.0000
vn -0.9156 0.4020 -0.0000
vn -0.8810 -0.4732 -0.0000
vn -0.7440 -0.6681 -0.0000
vn -0.9716 -0.2366 -0.0000
vn -0.8810 -0.4731 -0.0000
vn 0.9796 0.2010 -0.0001
vn 0.9157 0.4020 -0.0000
vn 0.9796 0.2010 -0.0000
vn 0.9156 0.4020 -0.0000
vn 0.9156 0.4020 0.0001
vn -0.0000 0.7678 0.6406
vn -0.0000 0.8665 0.4991
vn -0.0000 0.6422 0.7666
vn -0.0000 0.3447 0.9387
vn -0.0000 0.1729 0.9849
vn -0.0000 -0.1709 0.9853
vn -0.0000 0.3446 0.9387
vn -0.0000 0.1728 0.9849
vn -0.0000 -0.3428 0.9394
vn -0.0000 -0.6406 0.7678
vn 0.0001 -0.3428 0.9394
vn -0.0000 -0.7666 0.6422
vn -0.0000 -0.9387 0.3447
vn -0.0000 -0.9849 0.1729
vn -0.0000 -1.0000 0.0010
vn -0.0000 -0.9387 0.3446
vn -0.0000 -0.9849 0.1728
vn -0.0000 0.9849 -0.1728
vn -0.0000 1.0000 -0.0010
vn -0.0000 0.9387 -0.3446
vn -0.0000 0.7666 -0.6422
vn -0.0000 0.9849 -0.1729
vn -0.0000 0.9387 -0.3447
vn -0.0000 0.6406 -0.7678
vn 0.0001 0.3428 -0.9394
vn -0.0000 0.1709 -0.9853
vn -0.0000 0.3428 -0.9394
vn -0.0000 -0.1728 -0.9849
vn -0.0000 -0.3446 -0.9387
vn -0.0000 -0.6422 -0.7666
vn -0.0000 -0.1729 -0.9849
vn -0.0000 -0.3447 -0.9387
vn -0.0000 -0.7678 -0.6406
vn -0.0000 -0.8665 -0.4991
vn 0.9131 0.2884 -0.2884
vn 0.9963 0.0859 -0.0000
vn 0.9851 0.1718 -0.0000
vn 0.9667 0.2557 -0.0000
vn -0.7071 0.7071 0.0004
vn -0.7071 0.7071 -0.0000
vn -0.7071 0.7071 -0.0002
vn -0.7071 0.7071 0.0001
vn 0.9131 0.2884 0.2884
vn -0.9963 0.0859 -0.0000
vn -0.9851 0.1718 -0.0000
vn -0.6100 0.7924 -0.0000
vn -0.6100 0.7924 0.0001
vn -0.6100 0.7924 0.0003
vn -0.9131 0.2884 0.2884
vn -0.9131 0.2884 -0.2884
vn 0.9731 0.1894 -0.1316
vn 0.3713 0.0008 -0.9285
vn 0.9317 -0.0008 -0.3633
vn 1.0000 -0.0009 0.0008
vn 1.0000 -0.0010 0.0007
vn 1.0000 -0.0006 -0.0004
vn 1.0000 -0.0004 -0.0005
vn 1.0000 -0.0015 -0.0005
vn 1.0000 -0.0016 -0.0005
vn 1.0000 -0.0044 0.0002
vn 1.0000 -0.0038 -0.0000
vn 0.9317 -0.0007 -0.3633
vn 1.0000 -0.0008 0.0007
vn 1.0000 -0.0002 -0.0002
vn 1.0000 -0.0014 -0.0004
vn -1.0000 -0.0003 -0.0006
vn -1.0000 -0.0000 -0.0022
vn -1.0000 -0.0001 -0.0009
vn -1.0000 -0.0004 -0.0005
vn -1.0000 -0.0002 -0.0002
vn -1.0000 -0.0002 -0.0000
vn -1.0000 -0.0004 -0.0001
vn -0.8045 -0.5939 -0.0001
vn -1.0000 -0.0004 0.0003
vn -0.8046 -0.5939 -0.0000
vn -1.0000 -0.0003 -0.0002
vn -1.0000 -0.0003 0.0005
vn -1.0000 -0.0009 0.0022
vn -1.0000 -0.0005 0.0006
vn -1.0000 -0.0002 0.0003
vn -0.0023 -1.0000 0.0022
vn -0.0035 -1.0000 0.0033
vn -0.0036 -1.0000 0.0033
vn -0.0035 -1.0000 0.0038
vn -0.0024 -1.0000 0.0022
vn 0.7667 -0.5550 0.3227
vn 0.7777 -0.6286 0.0083
vn 0.7782 -0.6280 0.0048
vn 0.9852 -0.1173 0.1250
vn 0.9852 -0.1173 0.1249
vn 0.5190 0.3341 0.7868
vn 0.7668 -0.5549 0.3227
vn 0.2045 0.4621 0.8629
vn 0.3642 0.8228 0.4363
vn 0.3642 0.8228 0.4364
vn 0.3962 0.8952 -0.2042
vn 0.6549 0.6292 -0.4186
vn 0.3963 0.8952 -0.2042
vn 0.2574 0.5815 -0.7717
vn 0.6549 0.6292 -0.4187
vn 0.7789 -0.6271 -0.0022
vn 0.8392 -0.3903 -0.3786
vn 0.8393 -0.3902 -0.3786
vn 0.6088 -0.3481 -0.7129
vn 0.7785 -0.6276 -0.0028
vn 0.6088 -0.3480 -0.7129
vn 0.7785 -0.6276 -0.0030
vn -0.0000 0.1301 -0.9915
vn -0.0000 0.2602 -0.9656
vn -0.0000 0.2601 -0.9656
vn -0.0000 0.7025 -0.7117
vn -0.0000 0.7024 -0.7118
vn -0.0000 0.9632 -0.2687
vn -0.0000 0.7024 -0.7117
vn -0.0000 0.9909 -0.1343
vn -0.0000 0.9830 0.1837
vn -0.0000 0.9301 0.3674
vn 0.0001 0.7201 0.6939
vn -0.0000 0.5553 0.8317
vn -0.0000 0.7201 0.6939
vn -0.0000 0.2531 0.9674
vn -0.0000 0.1266 0.9920
vn -0.0000 0.2532 0.9674
vn -1.0000 -0.0008 0.0007
vn -1.0000 -0.0005 -0.0004
vn -1.0000 -0.0010 0.0007
vn -1.0000 -0.0015 -0.0005
vn -1.0000 -0.0014 -0.0004
vn -1.0000 -0.0044 0.0002
vn -1.0000 -0.0016 -0.0005
vn -0.9795 0.2013 0.0003
vn -0.8479 0.5301 0.0032
vn -1.0000 -0.0038 -0.0000
vn -1.0000 -0.0009 0.0008
vn -1.0000 -0.0014 0.0021
vn -1.0000 -0.0013 0.0020
vn 1.0000 -0.0002 0.0003
vn 1.0000 -0.0002 -0.0000
vn 1.0000 -0.0003 0.0006
vn 1.0000 -0.0003 -0.0005
vn 1.0000 -0.0005 0.0004
vn 1.0000 -0.0005 0.0006
vn 1.0000 -0.0009 0.0022
vn 1.0000 -0.0003 0.0005
vn 1.0000 -0.0005 0.0005
vn 0.8046 -0.5939 -0.0000
vn 1.0000 -0.0001 -0.0008
vn 1.0000 -0.0001 -0.0009
vn 1.0000 -0.0000 -0.0022
vn -0.5025 0.1174 -0.8566
vn -0.5025 0.1173 -0.8566
vn -0.1739 -0.3271 -0.9289
vn 0.1735 0.3237 -0.9301
vn -0.2074 0.3875 -0.8982
vn -0.5026 0.1173 -0.8565
vn 0.1734 0.3237 -0.9301
vn -0.6012 0.0001 -0.7991
vn -0.6012 -0.0000 -0.7991
vn -0.4756 -0.0000 -0.8797
vn -0.5026 0.1174 -0.8565
vn -0.5248 -0.2468 -0.8146
vn -0.5248 -0.2469 -0.8146
vn 0.6026 -0.0000 -0.7981
vn 0.5247 0.2447 -0.8154
vn 0.6025 -0.0001 -0.7981
vn 0.5247 0.2447 -0.8153
vn -0.1918 -0.3744 -0.9072
vn -0.2075 0.3874 -0.8982
vn 0.3902 -0.1904 -0.9008
vn 0.1918 0.3744 -0.9072
vn -0.5249 -0.2468 -0.8146
vn 0.2086 -0.3921 -0.8959
vn -0.1739 -0.3270 -0.9289
vn 0.6026 -0.0001 -0.7981
vn 0.5247 0.2448 -0.8154
vn -0.3902 0.1904 -0.9008
vn -0.5851 -0.2855 -0.7591
vn -0.1918 -0.3743 -0.9072
vn -0.3901 0.1904 -0.9009
vn -0.5851 -0.2856 -0.7590
vn 0.3607 -0.7042 -0.6116
vn 0.3606 -0.7042 -0.6116
vn 0.3901 -0.1905 -0.9008
vn 0.3607 -0.7041 -0.6116
vn 0.5851 0.2855 -0.7591
vn 0.1918 0.3743 -0.9072
vn 0.3901 -0.1904 -0.9008
vn 0.4267 -0.2005 -0.8819
vn 0.7150 -0.0000 -0.6991
vn -0.3901 0.1904 -0.9008
vn -0.3606 0.7042 -0.6116
vn -0.3902 0.1905 -0.9008
vn -0.3607 0.7041 -0.6116
vn -0.5851 -0.2855 -0.7590
vn 0.5851 0.2855 -0.7590
vn 0.3607 -0.7041 -0.6117
vn -0.1738 -0.3271 -0.9289
vn 0.5851 0.2856 -0.7590
vn -0.3607 0.7042 -0.6116
vn -0.7782 -0.6280 0.0048
vn -0.7777 -0.6286 0.0083
vn -0.7667 -0.5550 0.3227
vn -0.9852 -0.1173 0.1250
vn -0.7789 -0.6271 -0.0022
vn -0.8393 -0.3903 -0.3786
vn -0.7792 -0.6268 -0.0017
vn -0.7785 -0.6276 -0.0030
vn -0.7789 -0.6271 -0.0023
vn -0.8393 -0.3902 -0.3786
vn -0.6088 -0.3481 -0.7129
vn -0.6088 -0.3480 -0.7129
vn -0.2574 0.5815 -0.7717
vn -0.5190 0.3340 0.7868
vn -0.9852 -0.1173 0.1249
vn -0.3642 0.8228 0.4363
vn -0.5190 0.3341 0.7868
vn -0.3963 0.8952 -0.2042
vn -0.6549 0.6292 -0.4186
vn -0.6549 0.6292 -0.4187
vn -0.8392 -0.3903 -0.3786
vn -0.3962 0.8952 -0.2042
vn -0.7668 -0.5550 0.3227
vn -0.2045 0.4620 0.8629
vn -0.2045 0.4620 0.8630
vn -0.3642 0.8228 0.4364
vn -0.3827 0.9239 -0.0000
vn -0.9906 0.1368 -0.0000
vn -0.9906 -0.1368 -0.0000
vn -0.3827 -0.9239 -0.0000
vn 0.3827 0.9239 -0.0000
vn 0.9906 0.1368 -0.0000
vn 0.9906 -0.1368 -0.0000
vn 0.3827 -0.9239 -0.0000
vn -0.7972 0.6038 -0.0001
vn -0.7972 -0.6038 -0.0001
vn 0.6038 -0.7972 0.0001
vn 0.2161 0.5006 -0.8383
vn 0.5403 0.4044 -0.7380
vn 0.5403 0.4043 -0.7380
vn 0.5403 0.4044 -0.7379
vn 0.2775 0.1150 -0.9538
vn 0.2758 0.1192 -0.9538
vn -0.0152 -0.0115 -0.9998
vn -0.0189 0.0026 -0.9998
vn -0.0152 0.0115 -0.9998
vn -0.0026 -0.0189 -0.9998
vn 0.5402 0.4044 -0.7379
vn 0.0114 -0.0152 -0.9998
vn 0.2160 0.5006 -0.8383
vn 0.0152 -0.0115 -0.9998
vn 0.0115 -0.0152 -0.9998
vn 0.0189 -0.0026 -0.9998
vn 0.0189 0.0026 -0.9998
vn 0.0152 0.0115 -0.9998
vn 0.0115 0.0152 -0.9998
vn 0.0026 0.0189 -0.9998
vn -0.0026 0.0189 -0.9998
vn -0.0115 0.0152 -0.9998
vn 0.6038 -0.7972 -0.0001
vn -0.6038 -0.7972 0.0002
vn 0.7972 0.6038 -0.0002
vn 0.1150 0.2775 -0.9538
vn 0.1107 0.2793 -0.9538
vn -0.0189 -0.0026 -0.9998
vn 0.7972 -0.6038 -0.0001
vn 0.9906 0.1368 -0.0001
vn -0.6038 -0.7972 -0.0001
vn 0.9906 0.1368 0.0001
vn 0.7972 -0.6038 0.0002
vn -0.5006 0.2161 -0.8383
vn -0.4044 0.5403 -0.7380
vn -0.4043 0.5403 -0.7380
vn -0.4044 0.5403 -0.7379
vn 0.0960 0.6680 -0.7379
vn 0.0961 0.6680 -0.7380
vn 0.0961 0.6680 -0.7379
vn -0.4044 0.5402 -0.7379
vn -0.5006 0.2160 -0.8383
vn -0.9906 0.1368 -0.0002
vn -0.1150 0.2775 -0.9538
vn -0.1192 0.2758 -0.9538
vn -0.0115 -0.0152 -0.9998
vn 0.0027 0.0189 -0.9998
vn 0.9906 0.1368 -0.0002
vn -0.9906 0.1368 -0.0001
vn -0.2012 0.5068 -0.8383
vn 0.1368 -0.9906 -0.0001
vn 0.9906 -0.1368 -0.0001
vn -0.0153 -0.0114 -0.9998
vn -0.0027 0.0189 -0.9998
vn -0.7972 -0.6038 0.0001
vn 1.0000 -0.0001 -0.0001
vn 0.7752 0.6317 -0.0000
vn 0.5345 0.0738 0.8420
vn 0.5345 0.0737 0.8420
vn 0.3582 -0.2713 0.8934
vn 0.0615 -0.4451 0.8934
vn 0.0614 -0.4451 0.8934
vn -0.2713 -0.3582 0.8934
vn 0.6556 -0.0905 0.7497
vn 0.2309 -0.3049 0.9240
vn 0.3582 -0.2712 0.8934
vn -0.0905 -0.6556 0.7497
vn -0.3582 -0.2713 0.8934
vn -0.4451 -0.0614 0.8934
vn -0.4451 -0.0615 0.8934
vn 0.3582 0.2713 0.8934
vn 0.5344 0.0738 0.8420
vn -0.2309 0.3049 0.9240
vn 0.3996 0.5275 0.7497
vn 0.0905 0.6556 0.7497
vn 0.3996 0.5276 0.7497
vn -0.0614 0.4451 0.8934
vn -0.3582 0.2713 0.8934
vn -0.6556 0.0905 0.7497
vn -0.0615 0.4451 0.8934
vn 0.3995 0.5276 0.7497
vn -0.0972 -0.0146 -0.9952
vn -0.5594 -0.3696 -0.7420
vn -0.1210 0.1952 -0.9733
vn -0.2210 0.6835 -0.6957
vn -0.2211 0.6835 -0.6957
vn -0.1461 0.9685 -0.2015
vn -0.5295 -0.1221 -0.8395
vn -0.6290 0.2453 -0.7377
vn -0.6116 0.5470 -0.5716
vn -0.6524 0.7136 -0.2552
vn -0.5619 0.7928 0.2361
vn -0.1422 0.9492 0.2807
vn -0.1460 0.9685 -0.2015
vn -0.5594 -0.3695 -0.7420
vn -0.9180 -0.3144 -0.2415
vn -0.5295 -0.1221 -0.8394
vn -0.9180 -0.3145 -0.2415
vn -0.9458 0.2214 -0.2375
vn -0.9458 0.2213 -0.2375
vn -0.6525 0.7136 -0.2552
vn -0.9223 0.2549 0.2903
vn -0.9223 0.2549 0.2904
vn -0.5101 0.6162 0.6001
vn -0.1428 0.6549 0.7421
vn -0.6468 -0.4593 0.6088
vn -0.9505 -0.2384 0.1993
vn -0.5942 -0.1004 0.7980
vn -0.5942 -0.1005 0.7980
vn -0.5341 0.2802 0.7976
vn -0.5341 0.2801 0.7976
vn -0.5341 0.2801 0.7977
vn -0.1193 0.1899 0.9745
vn -0.0001 0.1266 0.9920
vn -0.0958 -0.0145 0.9953
vn -0.0959 -0.0145 0.9953
vn -0.6469 -0.4592 0.6088
vn -0.7267 -0.5304 0.4365
vn -0.4080 -0.2978 0.8630
vn -0.5036 -0.2414 0.8295
vn -0.1094 0.0485 0.9928
vn -0.1094 0.0484 0.9928
vn -0.5577 0.0428 0.8289
vn -0.9035 -0.3151 0.2906
vn -0.9035 -0.3151 0.2905
vn -0.7268 -0.5304 0.4365
vn -0.7908 -0.5772 -0.2040
vn -0.8459 -0.3753 -0.3789
vn -0.7908 -0.5771 -0.2040
vn -0.5141 -0.3752 -0.7714
vn -0.5576 -0.1662 -0.8133
vn -0.5140 -0.3752 -0.7714
vn -0.1094 0.0485 -0.9928
vn -0.5141 -0.3752 -0.7713
vn -0.5575 -0.1663 -0.8133
vn -0.4620 0.3161 0.8286
vn -0.5578 0.0428 0.8289
vn -0.8959 0.1847 0.4041
vn -0.8959 0.1846 0.4042
vn -0.9555 0.1163 -0.2711
vn -0.5575 -0.1662 -0.8133
vn -0.5665 0.1349 -0.8129
vn -0.1094 0.0484 -0.9928
vn -0.5576 -0.1663 -0.8133
vn -0.4232 0.4001 -0.8129
vn -0.1664 0.5577 -0.8132
vn -0.0561 0.5224 -0.8509
vn -0.2420 0.5046 0.8287
vn -0.4620 0.3162 0.8286
vn -0.7248 0.6250 0.2898
vn -0.8959 0.1847 0.4042
vn -0.7248 0.6251 0.2897
vn -0.7484 0.5451 -0.3778
vn -0.4194 0.8512 -0.3154
vn -0.1015 0.9462 -0.3072
vn -0.0561 0.5224 -0.8508
vn -0.0654 0.6092 0.7903
vn -0.2421 0.5046 0.8287
vn -0.2598 0.9048 0.3375
vn -0.0653 0.6093 0.7903
vn -0.7248 0.6251 0.2898
vn -0.1007 0.9391 0.3285
vn -0.2598 0.9048 0.3374
vn -0.1009 0.9391 0.3285
vn 0.1094 0.0484 0.9928
vn 0.4080 -0.2978 0.8630
vn 0.5036 -0.2414 0.8295
vn 0.4081 -0.2978 0.8630
vn 0.7268 -0.5304 0.4365
vn 0.7267 -0.5304 0.4365
vn 0.9035 -0.3151 0.2906
vn 0.5577 0.0428 0.8289
vn 0.9035 -0.3151 0.2905
vn 0.5578 0.0428 0.8289
vn 0.4620 0.3161 0.8286
vn 0.2420 0.5046 0.8287
vn 0.0654 0.6092 0.7903
vn 0.0653 0.6092 0.7903
vn 0.2598 0.9048 0.3374
vn 0.2598 0.9048 0.3375
vn 0.1007 0.9391 0.3285
vn 0.7908 -0.5771 -0.2040
vn 0.8459 -0.3753 -0.3789
vn 0.9555 0.1163 -0.2711
vn 0.8959 0.1847 0.4042
vn 0.8959 0.1847 0.4041
vn 0.8959 0.1846 0.4042
vn 0.7248 0.6251 0.2897
vn 0.2421 0.5046 0.8287
vn 0.7248 0.6250 0.2898
vn 0.7248 0.6251 0.2898
vn 0.4194 0.8513 -0.3154
vn 0.4194 0.8512 -0.3154
vn 0.1015 0.9462 -0.3072
vn 0.1014 0.9462 -0.3072
vn 0.5140 -0.3752 -0.7714
vn 0.5576 -0.1662 -0.8133
vn 0.5576 -0.1663 -0.8133
vn 0.5665 0.1349 -0.8129
vn 0.7484 0.5451 -0.3778
vn 0.1094 0.0485 -0.9928
vn 0.5575 -0.1662 -0.8133
vn 0.5141 -0.3752 -0.7713
vn 0.1094 0.0484 -0.9928
vn 0.4232 0.4001 -0.8129
vn 0.4233 0.4001 -0.8129
vn 0.1664 0.5577 -0.8132
vn 0.0561 0.5224 -0.8509
vn -0.0114 -0.0152 -0.9998
vn 0.0026 -0.0189 -0.9998
vn 0.0027 -0.0189 -0.9998
vn 0.7441 -0.5284 0.4088
vn 0.7024 -0.4641 -0.5397
vn 0.9180 -0.3145 -0.2415
vn 0.5295 -0.1221 -0.8395
vn 0.9180 -0.3144 -0.2415
vn 0.5295 -0.1221 -0.8394
vn 0.6290 0.2453 -0.7377
vn 0.9458 0.2214 -0.2375
vn 0.9505 -0.2384 0.1993
vn 0.5942 -0.1004 0.7980
vn 0.5942 -0.1005 0.7980
vn 0.2380 -0.0360 0.9706
vn 0.2363 0.1233 0.9638
vn 0.2380 -0.0359 0.9706
vn 0.2414 -0.0364 -0.9697
vn 0.2396 0.1266 -0.9626
vn 0.6290 0.2452 -0.7377
vn 0.3242 0.6622 -0.6756
vn 0.6116 0.5470 -0.5716
vn 0.9458 0.2213 -0.2375
vn 0.6524 0.7136 -0.2553
vn 0.9458 0.2213 -0.2374
vn 0.9223 0.2549 0.2903
vn 0.6524 0.7136 -0.2552
vn 0.9223 0.2549 0.2904
vn 0.5341 0.2802 0.7976
vn 0.5341 0.2801 0.7977
vn 0.2804 0.5730 0.7701
vn 0.5101 0.6162 0.6001
vn 0.2801 0.8862 0.3691
vn 0.2803 0.5730 0.7701
vn 0.3242 0.6621 -0.6756
vn 0.2881 0.9488 -0.1292
vn 0.5619 0.7928 0.2361
vn 0.9224 0.2549 0.2903
vn 0.5341 0.2801 0.7976
vn 0.4451 0.0614 0.8934
vn 0.4451 0.0615 0.8934
vn 0.2713 0.3582 0.8934
vn -0.0000 -0.9988 0.0480
vn -0.0002 1.0000 -0.0000
vn -0.0000 -0.4093 -0.9124
vn 0.8562 0.0007 0.5166
vn 0.9865 0.0013 -0.1637
vn 0.8591 0.0006 0.5117
vn 0.8695 0.0008 0.4939
vn 0.3401 -0.0003 0.9404
vn 0.8688 0.0007 0.4951
vn -0.9502 0.0021 -0.3115
vn -0.1612 -0.0003 -0.9869
vn -0.9503 0.0020 -0.3112
vn -0.9509 0.0020 -0.3096
vn -0.1442 0.9896 -0.0000
vn -0.1442 0.9896 -0.0009
vn 0.0032 1.0000 -0.0010
vn -0.0015 -1.0000 -0.0010
vn 0.0008 1.0000 0.0002
vn -0.0015 1.0000 -0.0003
vn -0.0014 1.0000 -0.0017
vn 0.0009 -1.0000 -0.0001
vn 0.0019 -1.0000 -0.0005
vn 0.7374 0.1343 -0.6620
vn 0.9304 -0.3656 -0.0261
vn 0.9926 -0.1214 0.0101
vn 0.9816 -0.1895 0.0227
vn 0.9281 0.0003 -0.3725
vn 0.9997 -0.0007 0.0231
vn 0.9997 0.0005 0.0231
vn -0.0030 -0.0687 0.9976
vn -0.0187 -0.9998 -0.0001
vn -0.0190 -0.9998 -0.0003
vn -0.0191 -0.9998 -0.0001
vn -0.8212 0.3246 -0.4693
vn -0.8212 0.3246 -0.4694
vn -0.9155 -0.3188 -0.2452
vn -0.8388 -0.4196 -0.3468
vn -0.9381 -0.3061 -0.1619
vn -0.8651 -0.0760 -0.4957
vn -0.7254 0.0025 -0.6884
vn -0.9899 -0.1417 -0.0079
vn -0.9731 -0.2305 -0.0042
vn -0.9719 -0.2350 -0.0125
vn -0.9719 -0.2350 -0.0122
vn -0.9968 -0.0784 -0.0125
vn -0.9899 -0.1417 -0.0076
vn -0.9968 -0.0784 -0.0128
vn -0.9999 0.0006 -0.0128
vn -1.0000 0.0006 -0.0067
vn -1.0000 0.0004 -0.0067
vn -0.9999 0.0004 -0.0128
vn -0.9999 0.0004 -0.0126
vn 0.0009 1.0000 -0.0000
vn -0.0006 1.0000 -0.0000
vn -0.9498 -0.3128 -0.0000
vn 0.2645 -0.9644 -0.0000
vn 0.0007 -1.0000 -0.0000
vn -0.2645 -0.9644 -0.0000
vn -0.2825 -0.9591 -0.0153
vn -0.9998 -0.0001 -0.0178
vn -0.9948 0.1004 -0.0176
vn -0.9795 0.2014 -0.0096
vn -1.0000 0.0003 -0.0066
vn 0.9999 0.0051 0.0097
vn 0.9791 0.2031 0.0098
vn 0.9795 0.2013 0.0094
vn 0.9945 0.1041 0.0098
vn 0.9791 0.2031 0.0100
vn 0.9791 0.2030 0.0098
vn 0.9949 0.1004 0.0105
vn 0.9795 0.2013 0.0101
vn 0.9949 0.1004 0.0107
vn 0.5213 -0.8533 0.0116
vn 0.0124 0.9999 0.0009
vn -0.4674 -0.8840 -0.0060
vn 0.0219 -0.9981 0.0582
vn -0.0234 -0.9956 0.0911
vn -0.0034 1.0000 -0.0001
vn 0.2382 0.9712 -0.0082
vn -0.0051 1.0000 0.0001
vn 0.0064 1.0000 -0.0000
vn 0.0022 1.0000 -0.0000
vn 0.0074 1.0000 0.0002
vn -0.1208 0.9925 -0.0209
vn -0.2359 0.9717 -0.0078
vn 0.0091 1.0000 0.0002
vn -0.4978 0.8653 -0.0585
vn -0.4850 0.8729 -0.0541
vn -0.0847 0.9964 -0.0032
vn -0.1214 0.9921 -0.0323
vn -0.1202 0.9926 -0.0188
vn 0.2505 0.9671 -0.0445
vn 0.2350 0.9713 -0.0382
vn -0.0051 0.9999 -0.0099
vn 0.1813 0.9801 -0.0804
vn -0.5823 0.7750 -0.2455
vn -0.0000 0.9574 -0.2886
vn 0.3596 0.9209 -0.1505
vn 0.5135 0.8397 -0.1765
vn 0.2763 0.9406 -0.1973
vn -0.4293 0.8543 -0.2930
vn -0.4965 0.7880 -0.3641
vn -0.2022 0.8879 -0.4132
vn -0.0003 0.9031 -0.4294
vn -0.0697 0.8908 -0.4491
vn 0.0882 0.8890 -0.4494
vn -0.0000 0.8924 -0.4513
vn 0.4934 0.8143 -0.3058
vn 0.3439 0.8365 -0.4267
vn 0.1974 0.8829 -0.4259
vn -0.4343 0.7983 -0.4173
vn 0.4327 0.8405 -0.3259
vn 0.6744 0.6863 -0.2722
vn 0.2963 0.8444 -0.4464
vn 0.3369 0.8702 -0.3595
vn 0.5568 0.7051 -0.4391
vn 0.4166 0.7816 -0.4643
vn 0.0002 0.0022 1.0000
vn 0.7136 -0.0000 -0.7006
vn -0.7225 0.0001 -0.6913
vn 0.8937 0.4477 -0.0291
vn 0.3383 -0.2517 0.9068
vn 0.9693 -0.0300 0.2440
vn 0.9291 0.3169 -0.1908
vn 0.9910 -0.0000 -0.1335
vn 0.8993 0.4343 -0.0526
vn 0.9917 0.1014 -0.0791
vn 0.9171 0.3808 -0.1179
vn 0.9631 0.2434 -0.1148
vn 0.9217 0.3612 -0.1411
vn -0.9255 0.3514 -0.1410
vn -0.9642 0.2464 -0.0977
vn -0.9171 0.3842 -0.1064
vn -0.9132 0.4030 -0.0607
vn -0.9023 0.4277 -0.0530
vn -0.9522 0.3005 -0.0550
vn -0.9329 0.2870 -0.2177
vn -0.9644 0.2018 -0.1706
vn -0.9323 0.3226 -0.1637
vn -0.9738 0.2055 -0.0972
vn -0.9584 0.2542 -0.1298
vn -0.9910 -0.0000 -0.1335
vn -0.9920 -0.0174 0.1254
vn -0.9927 0.0617 -0.1035
vn -0.9333 0.3574 -0.0349
vn -0.9979 0.0614 -0.0216
vn -0.8249 0.0626 0.5618
vn -0.5506 0.2486 0.7969
vn -0.7511 0.6579 -0.0558
vn -0.2296 0.2805 0.9320
vn -0.8066 0.5896 -0.0410
vn -0.5135 -0.4186 0.7491
vn -0.3256 -0.3502 -0.8782
vn 0.7337 -0.6594 0.1637
vn 0.6493 -0.6203 -0.4400
vn -0.0000 -0.0627 -0.9980
vn 0.3247 -0.3515 -0.8781
vn 0.1863 0.9782 -0.0911
vn -0.6202 0.7756 -0.1179
vn -0.4595 0.8783 -0.1326
vn 0.9985 0.0119 -0.0529
vn 0.9742 0.2161 -0.0648
vn 0.0135 -0.0502 -0.9986
vn 0.0137 -0.0501 -0.9987
vn 0.0071 -0.0559 -0.9984
vn 0.0150 -0.0487 -0.9987
vn 0.0373 -0.0286 -0.9989
vn 0.7403 0.6721 0.0139
vn 0.7406 0.6719 0.0061
vn 0.7410 0.6716 -0.0018
vn -0.0066 -0.0567 -0.9984
vn -0.0079 -0.0557 -0.9984
vn -0.0067 -0.0567 -0.9984
vn -0.0374 -0.0287 -0.9989
vn -0.7380 0.6746 0.0136
vn -0.0274 -0.2446 -0.9693
vn -0.0274 -0.2446 -0.9692
vn -0.9977 -0.0166 -0.0656
vn -0.9979 0.0160 0.0635
vn -0.8498 0.1289 0.5111
vn -0.9849 0.0423 0.1677
vn -0.9636 0.0654 0.2594
vn -0.4813 0.2144 0.8499
vn -0.7313 0.1669 0.6613
vn -0.3620 0.2280 0.9038
vn -0.0801 0.2439 0.9665
vn -0.9290 0.0906 0.3588
vn -0.4474 0.2188 0.8672
vn -0.8945 0.1094 0.4335
vn -0.8943 0.1094 0.4338
vn -0.6721 0.1811 0.7180
vn -0.9289 0.0906 0.3591
vn -0.9289 0.0905 0.3590
vn -0.6721 0.1811 0.7179
vn 0.1691 0.2411 0.9557
vn 0.2748 0.2352 0.9323
vn 1.0000 -0.0000 0.0002
vn 0.6870 0.1777 0.7046
vn 0.9316 0.0889 0.3525
vn 0.9317 0.0889 0.3521
vn 1.0000 -0.0000 -0.0002
vn 0.2227 -0.2384 -0.9453
vn 0.2643 -0.2359 -0.9351
vn 0.3836 -0.2259 -0.8955
vn 0.8994 -0.1070 -0.4239
vn 0.9977 -0.0166 -0.0656
vn 0.9966 0.0202 0.0803
vn 0.8498 0.1289 0.5111
vn 0.9849 0.0423 0.1678
vn 0.9636 0.0654 0.2594
vn 0.9636 0.0654 0.2592
vn 0.7313 0.1668 0.6613
vn 0.8499 0.1289 0.5110
vn 0.4813 0.2144 0.8499
vn 0.7312 0.1668 0.6614
vn 0.7312 0.1669 0.6614
vn 0.3619 0.2280 0.9039
vn 0.3620 0.2281 0.9038
vn -0.9999 -0.0075 0.0099
vn 0.0044 1.0000 0.0054
vn -0.0034 -1.0000 0.0048
vn -0.1997 -0.6413 0.7408
vn 0.5090 -0.3722 0.7761
vn 0.9999 -0.0075 0.0099
vn 0.9993 -0.0231 0.0305
vn -0.0044 1.0000 0.0054
vn 0.2046 0.2280 0.9519
vn -0.3263 0.0203 0.9450
vn -0.5090 -0.3721 0.7761
vn -0.5090 -0.3722 0.7762
vn 0.8560 0.5169 -0.0041
vn -0.9980 -0.0637 0.0005
vn 0.3064 -0.7588 0.5747
vn -0.3063 0.5747 0.7589
vn 0.0002 -1.0000 -0.0000
vn 0.0132 0.4261 0.9046
vn -0.1287 -0.9328 0.3366
vn -0.8137 0.5812 -0.0000
vn -0.1644 0.9864 -0.0000
vn -0.9959 0.0901 -0.0000
vn -0.1367 0.9906 -0.0000
vn 0.1367 0.9906 -0.0000
vn 0.9239 0.3826 -0.0000
vn -0.5438 -0.4118 0.7313
vn -0.1367 -0.9906 -0.0000
vn -0.0060 -0.0079 -1.0000
vn -0.0014 -0.0099 -0.9999
vn -0.0060 -0.0080 -0.9999
vn 0.0014 -0.0099 -0.9999
vn 0.0060 -0.0079 -1.0000
vn 0.0060 0.0079 -1.0000
vn 0.0014 0.0099 -0.9999
vn 0.0080 0.0061 -0.9999
vn -0.0060 0.0080 -0.9999
vn 0.0014 0.0100 -0.9999
vn -0.0014 0.0100 -0.9999
vn -0.0079 0.0060 -1.0000
vn -0.0057 0.0083 -0.9999
vn -0.0081 0.0059 -0.9999
vn -0.1367 0.9906 0.0001
vn 0.5686 -0.7506 0.3366
vn -0.0783 -0.5678 0.8194
vn -0.6488 -0.2746 -0.7097
vn -0.2922 -0.1211 0.9487
vn -0.0126 0.0167 0.9998
vn 0.0166 0.0127 0.9998
vn 0.0126 0.0167 0.9998
vn -0.0029 -0.0208 0.9998
vn -0.0166 -0.0127 0.9998
vn -0.0126 -0.0167 0.9998
vn 0.6038 -0.7971 -0.0000
vn 0.3390 0.9408 0.0001
vn -0.9408 0.3390 -0.0000
vn -0.0907 0.6828 -0.7249
vn 0.7972 0.6037 0.0001
vn -0.5431 -0.4528 0.7071
vn -0.0908 0.6828 -0.7250
vn 0.6533 -0.2707 0.7071
vn 0.8138 0.5811 -0.0000
vn 0.9408 0.3390 -0.0000
vn -0.4129 -0.5442 -0.7303
vn -0.6037 -0.7972 0.0001
vn -0.1367 0.9906 0.0002
vn -0.7506 -0.5686 0.3366
vn 0.3434 -0.2864 -0.8944
vn 0.4728 -0.6621 -0.5815
vn -0.4007 -0.8521 0.3366
vn -0.3703 0.0008 -0.9289
vn -0.0000 0.7922 -0.6103
vn -0.7150 -0.0000 -0.6992
vn 0.1738 -0.3270 -0.9289
vn -0.6026 -0.0001 -0.7980
vn -0.6026 -0.0000 -0.7980
vn -0.1735 0.3236 -0.9301
vn -0.5851 0.2855 -0.7591
vn -0.0000 0.6103 0.7922
vn 0.9801 -0.1988 -0.0000
vn -0.4472 -0.0043 0.8944
vn 0.0275 0.9996 0.0042
vn -0.0000 0.6177 0.7864
vn -0.0000 0.9243 0.3816
vn 0.8139 -0.5307 0.2363
vn 0.3958 -0.9184 -0.0000
vn -0.5546 -0.0000 0.8321
vn 0.9450 -0.3272 -0.0000
vn -0.0277 0.9996 0.0042
vn -1.0000 0.0001 -0.0001
vn 0.7440 -0.6681 -0.0000
vn -0.7440 -0.6682 -0.0000
vn -0.0000 -0.6407 0.7678
vn -0.0000 0.6407 -0.7678
vn -0.0000 -0.7678 -0.6407
vn -0.9131 0.2884 0.2883
vn -0.9131 0.2884 -0.2883
vn 0.9729 0.1894 -0.1327
vn 0.3702 0.0008 -0.9290
vn 0.9312 -0.0008 -0.3644
vn -1.0000 -0.0003 -0.0005
vn -1.0000 -0.0001 -0.0008
vn 0.7667 -0.5549 0.3227
vn 0.5191 0.3341 0.7867
vn 0.3963 0.8951 -0.2042
vn 0.3962 0.8951 -0.2042
vn 0.6548 0.6292 -0.4187
vn 0.7785 -0.6277 -0.0029
vn 0.6088 -0.3480 -0.7130
vn 0.8392 -0.3903 -0.3787
vn -0.0000 0.1300 -0.9915
vn -0.0000 0.9909 -0.1344
vn 0.0001 0.7201 0.6938
vn -0.0000 0.9300 0.3674
vn -1.0000 -0.0014 0.0022
vn 0.8046 -0.5939 -0.0001
vn 1.0000 -0.0000 -0.0021
vn -0.2075 0.3875 -0.8982
vn -0.6011 -0.0000 -0.7991
vn -0.4755 -0.0000 -0.8797
vn 0.1735 0.3236 -0.9301
vn 0.6025 -0.0000 -0.7981
vn 0.7150 -0.0000 -0.6992
vn 0.4266 -0.2005 -0.8819
vn -0.7667 -0.5550 0.3226
vn -0.7785 -0.6276 -0.0031
vn -0.7785 -0.6276 -0.0029
vn -0.2574 0.5815 -0.7718
vn -0.7668 -0.5549 0.3227
vn -0.2045 0.4621 0.8629
vn -0.5191 0.3341 0.7868
vn 0.0026 0.0188 -0.9998
vn -0.0026 0.0188 -0.9998
vn -0.0026 -0.0188 -0.9998
vn 1.0000 -0.0001 0.0001
vn -0.2211 0.6834 -0.6957
vn -0.9458 0.2213 -0.2374
vn -0.4081 -0.2978 0.8630
vn -0.5037 -0.2414 0.8295
vn -0.7907 -0.5772 -0.2040
vn -0.5665 0.1349 -0.8130
vn -0.4233 0.4001 -0.8129
vn -0.5666 0.1349 -0.8129
vn -0.1016 0.9462 -0.3072
vn -0.2420 0.5047 0.8287
vn -0.1007 0.9391 0.3286
vn 0.5037 -0.2414 0.8295
vn 0.4621 0.3161 0.8286
vn 0.2420 0.5047 0.8287
vn 0.0654 0.6093 0.7903
vn 0.8958 0.1847 0.4042
vn 0.4620 0.3162 0.8286
vn 0.7248 0.6250 0.2897
vn 0.7908 -0.5771 -0.2039
vn 0.9555 0.1163 -0.2712
vn 0.8459 -0.3754 -0.3790
vn 0.5575 -0.1663 -0.8133
vn 0.5141 -0.3752 -0.7714
vn 0.4233 0.4002 -0.8129
vn 0.0561 0.5225 -0.8508
vn 0.1015 0.9462 -0.3071
vn 0.5296 -0.1221 -0.8394
vn 0.5942 -0.1005 0.7981
vn 0.5101 0.6162 0.6000
vn 0.0906 0.6556 0.7497
vn -0.0906 -0.6556 0.7497
vt -1.987049 -1.990194
vt -1.987100 -1.984220
vt -1.987100 -1.985924
vt -1.987100 -2.039288
vt -1.987100 -2.044442
vt -1.987100 -2.046041
vt -1.643784 -2.663494
vt -1.689214 -2.663440
vt -1.692844 -2.663550
vt -1.643784 -2.681836
vt -1.701922 -2.681819
vt -1.705142 -2.681851
vt -1.643784 -2.646604
vt -1.660108 -2.646527
vt -1.656840 -2.646679
vt -1.944255 -1.935097
vt -1.915571 -1.935152
vt -1.919202 -1.935042
vt -1.944255 -1.953438
vt -1.903273 -1.953453
vt -1.906493 -1.953421
vt -2.008661 -2.291274
vt -2.000124 -2.302954
vt -1.950054 -2.304683
vt -1.643784 -2.823598
vt -1.692844 -2.823543
vt -1.689214 -2.823652
vt -1.643784 -2.805257
vt -1.705142 -2.805241
vt -1.701922 -2.805273
vt -1.643784 -2.840490
vt -1.656840 -2.840414
vt -1.660108 -2.840566
vt -1.944255 -2.095200
vt -1.919202 -2.095255
vt -1.915571 -2.095144
vt -1.944255 -2.076859
vt -1.906493 -2.076874
vt -1.903273 -2.076843
vt -1.868526 -1.974338
vt -1.850532 -1.906204
vt -1.868531 -1.906204
vt -1.719508 -2.634603
vt -1.737507 -2.634603
vt -1.719513 -2.702736
vt -1.868526 -2.055959
vt -1.868531 -2.124092
vt -1.850533 -2.124092
vt -1.719508 -2.852490
vt -1.719513 -2.784357
vt -1.737506 -2.852490
vt 0.913074 0.612917
vt 0.980946 0.612917
vt 0.986595 0.638848
vt 0.907424 0.638848
vt 0.986595 0.683868
vt 0.907424 0.683868
vt 0.980568 0.607762
vt 0.985384 0.609508
vt 0.986707 0.612993
vt 0.980946 0.612993
vt 0.913451 0.607762
vt 0.913074 0.612993
vt 0.908636 0.609508
vt 0.907312 0.612993
vt 0.907424 0.638923
vt 0.901647 0.638923
vt 0.992371 0.638923
vt 0.986595 0.638923
vt 0.992371 0.683944
vt 0.986595 0.683944
vt 0.990833 0.687413
vt 0.986595 0.689158
vt 0.907424 0.683944
vt 0.907424 0.689158
vt 0.901647 0.683944
vt 0.903187 0.687413
vt 0.329707 0.197618
vt 0.306192 0.197618
vt 0.306192 0.187770
vt 0.329707 0.187770
vt 0.327346 0.166636
vt 0.337191 0.166641
vt 0.333133 0.175613
vt 0.323287 0.175609
vt 0.310251 0.166628
vt 0.306192 0.175600
vt 0.306192 0.176933
vt 0.333621 0.176933
vt 0.333621 0.186781
vt 0.306192 0.186781
vt 0.327666 0.164661
vt 0.310583 0.165308
vt 0.306192 0.156493
vt 0.323275 0.155846
vt 0.337504 0.164288
vt 0.333114 0.155473
vt -1.738265 -2.305310
vt -1.738262 -2.308290
vt -1.738259 -2.305310
vt -1.738488 -2.307931
vt -1.738481 -2.304950
vt -1.738495 -2.304950
vt -1.738486 -2.307931
vt -1.516461 -2.516502
vt -1.516461 -2.538785
vt -1.462886 -2.538785
vt -1.462886 -2.516502
vt -1.516461 -2.477816
vt -1.462886 -2.477816
vt -1.666899 -2.516502
vt -1.666899 -2.477816
vt -1.720474 -2.477816
vt -1.720474 -2.516502
vt -1.666899 -2.538785
vt -1.720474 -2.538785
vt 0.262701 0.883711
vt 0.262701 0.886678
vt 0.218586 0.886678
vt 0.218586 0.883711
vt 0.152817 0.886678
vt 0.152817 0.883711
vt 0.199006 0.636891
vt 0.153172 0.633094
vt 0.152521 0.629570
vt 0.199006 0.633001
vt 0.245964 0.636191
vt 0.245964 0.640423
vt 0.295644 0.638843
vt 0.295644 0.643358
vt 0.320139 0.639787
vt 0.320139 0.644404
vt 0.152521 0.563767
vt 0.199006 0.560337
vt 0.245964 0.557147
vt 0.295644 0.554495
vt 0.320139 0.553551
vt 0.440618 0.551277
vt 0.440618 0.642061
vt 0.153172 0.560244
vt 0.199006 0.556447
vt 0.245964 0.552915
vt 0.295644 0.549980
vt 0.320139 0.548934
vt 0.440618 0.546418
vt 0.492305 0.546418
vt 0.492305 0.551277
vt 0.492305 0.642061
vt 0.440618 0.646920
vt 0.379866 0.494957
vt 0.440559 0.494945
vt 0.491718 0.494945
vt 0.555431 0.546418
vt 0.555431 0.551277
vt 0.555431 0.642061
vt 0.492305 0.646920
vt 0.448962 0.431819
vt 0.491717 0.431819
vt 0.555446 0.494944
vt 0.448960 0.431832
vt 0.555446 0.431819
vt 0.555431 0.646920
vt 0.555438 0.698375
vt 0.491718 0.698375
vt 0.440559 0.698375
vt 0.379866 0.698381
vt 0.448962 0.761506
vt 0.448964 0.761500
vt 0.555461 0.761500
vt 0.491718 0.761500
vt 0.262813 0.886568
vt 0.262813 0.883601
vt 0.218699 0.883601
vt 0.218699 0.886568
vt 0.153566 0.883601
vt 0.152944 0.886568
vt 0.222241 0.306166
vt 0.160828 0.306166
vt 0.160814 0.257813
vt 0.222813 0.257813
vt 0.272528 0.306166
vt 0.272583 0.257813
vt 0.389737 0.308701
vt 0.331630 0.257810
vt 0.264411 0.196397
vt 0.264409 0.196399
vt 0.161402 0.196399
vt 0.222814 0.196399
vt 0.262703 0.886678
vt 0.262703 0.883711
vt 0.333996 0.883655
vt 0.333996 0.886623
vt 0.395623 0.883564
vt 0.395623 0.886532
vt 0.420897 0.883564
vt 0.420897 0.886532
vt 0.472158 0.883564
vt 0.472158 0.886532
vt 0.520608 0.883564
vt 0.520608 0.886532
vt 0.567900 0.886622
vt 0.420897 0.845053
vt 0.472158 0.845053
vt 0.520608 0.845053
vt 0.566566 0.883647
vt 0.395623 0.845053
vt 0.420897 0.822872
vt 0.472158 0.822872
vt 0.520608 0.822872
vt 0.549249 0.845037
vt 0.271313 0.883564
vt 0.271313 0.845053
vt 0.395623 0.822872
vt 0.420897 0.819891
vt 0.472158 0.819891
vt 0.520608 0.819891
vt 0.539274 0.822798
vt 0.371820 0.822872
vt 0.395623 0.819891
vt 0.271313 0.822872
vt 0.537934 0.819809
vt 0.371819 0.819891
vt 0.301792 0.822882
vt 0.301790 0.819900
vt 0.299426 0.822824
vt 0.299909 0.820950
vt 0.271417 0.822809
vt 0.271417 0.820950
vt 0.270430 0.822809
vt 0.270430 0.820949
vt 0.301787 0.844971
vt 0.299423 0.844914
vt 0.271414 0.844899
vt 0.270427 0.844898
vt 0.301784 0.883730
vt 0.299419 0.883673
vt 0.271410 0.883657
vt 0.270423 0.883656
vt 0.983577 0.880264
vt 0.983573 0.883725
vt 0.907630 0.883660
vt 0.907635 0.880200
vt 0.845729 0.883554
vt 0.847851 0.880093
vt 0.839882 0.880093
vt 0.839882 0.835191
vt 0.879282 0.835343
vt 0.879282 0.880245
vt 0.882623 0.835333
vt 0.882623 0.880234
vt 0.839882 0.885293
vt 0.730667 0.880093
vt 0.730667 0.835191
vt 0.738459 0.809330
vt 0.832090 0.809330
vt 0.730667 0.885293
vt 0.722698 0.880093
vt 0.722698 0.835191
vt 0.730511 0.809330
vt 0.732337 0.805854
vt 0.738980 0.805849
vt 0.724820 0.883554
vt 0.662895 0.883660
vt 0.662903 0.880200
vt 0.586953 0.883590
vt 0.586960 0.880130
vt 0.831568 0.805849
vt 0.840037 0.809330
vt 0.871112 0.809481
vt 0.874171 0.809471
vt 0.838212 0.805854
vt 0.871094 0.806005
vt 0.873333 0.806947
vt 0.691265 0.880245
vt 0.691265 0.835343
vt 0.699435 0.809481
vt 0.699453 0.806005
vt 0.696377 0.809471
vt 0.697214 0.806947
vt 0.687924 0.880234
vt 0.687924 0.835333
vt 0.222813 0.517135
vt 0.160799 0.517135
vt 0.160821 0.455721
vt 0.222813 0.455721
vt 0.264407 0.517135
vt 0.272583 0.455721
vt 0.331630 0.455721
vt 0.264409 0.517134
vt 0.160828 0.407375
vt 0.222241 0.407375
vt 0.272528 0.407375
vt 0.389737 0.404841
vt 0.262816 0.883601
vt 0.262816 0.886568
vt 0.334106 0.886628
vt 0.334106 0.883661
vt 0.395733 0.886537
vt 0.395733 0.883569
vt 0.421007 0.886537
vt 0.421007 0.883569
vt 0.395733 0.845058
vt 0.271424 0.845058
vt 0.271424 0.883569
vt 0.472268 0.886537
vt 0.472268 0.883569
vt 0.421007 0.845058
vt 0.395733 0.822877
vt 0.371932 0.822877
vt 0.271424 0.822877
vt 0.520719 0.886537
vt 0.520719 0.883569
vt 0.472268 0.845058
vt 0.421007 0.822877
vt 0.395733 0.819896
vt 0.371930 0.819896
vt 0.301900 0.819908
vt 0.301902 0.822889
vt 0.566677 0.883652
vt 0.549359 0.845042
vt 0.520719 0.845058
vt 0.472268 0.822877
vt 0.421007 0.819896
vt 0.568011 0.886627
vt 0.472268 0.819896
vt 0.520719 0.822877
vt 0.520719 0.819896
vt 0.538044 0.819815
vt 0.539384 0.822803
vt 0.300021 0.820866
vt 0.299538 0.822824
vt 0.299538 0.844913
vt 0.301902 0.844978
vt 0.299538 0.883671
vt 0.301902 0.883736
vt 0.271538 0.820866
vt 0.271538 0.822824
vt 0.271538 0.844913
vt 0.271538 0.883671
vt 0.270552 0.820866
vt 0.270552 0.822824
vt 0.270552 0.844913
vt 0.270552 0.883671
vt -1.666224 -2.669484
vt -1.719800 -2.669484
vt -1.719800 -2.696258
vt -1.666224 -2.696258
vt -1.719800 -2.817396
vt -1.666224 -2.817396
vt -1.666224 -2.790622
vt -1.719800 -2.790622
vt -1.666224 -2.659584
vt -1.719800 -2.659584
vt -1.719800 -2.662466
vt -1.666224 -2.662466
vt -1.963264 -2.346648
vt -1.963264 -2.307962
vt -1.990345 -2.307832
vt -1.990345 -2.346519
vt -1.956532 -2.368930
vt -1.983306 -2.368800
vt -1.993223 -2.346527
vt -1.985940 -2.368809
vt -1.993223 -2.307841
vt -1.666224 -2.689526
vt -1.600794 -2.689526
vt -1.600794 -2.662445
vt -1.666224 -2.662445
vt -1.600794 -2.659566
vt -1.666224 -2.659566
vt -1.600794 -2.797354
vt -1.666224 -2.797354
vt -1.666224 -2.824436
vt -1.600794 -2.824436
vt -1.666224 -2.827313
vt -1.600794 -2.827313
vt -1.855435 -2.346648
vt -1.862168 -2.368930
vt -1.835393 -2.368800
vt -1.828354 -2.346519
vt -1.855435 -2.307962
vt -1.828354 -2.307832
vt -1.825476 -2.346527
vt -1.825476 -2.307841
vt -1.832758 -2.368810
vt -1.719800 -2.827296
vt -1.666224 -2.827296
vt -1.666224 -2.824414
vt -1.719800 -2.824414
vt -1.720474 -2.538653
vt -1.666899 -2.538653
vt -1.666899 -2.516359
vt -1.720474 -2.516359
vt -1.666899 -2.477689
vt -1.720474 -2.477689
vt -1.835158 -2.369275
vt -1.832523 -2.369284
vt -1.825284 -2.346990
vt -1.828167 -2.346981
vt -1.825258 -2.308321
vt -1.828140 -2.308311
vt 0.217981 0.845174
vt 0.217981 0.883685
vt 0.152848 0.883685
vt 0.152848 0.845174
vt 0.217981 0.822993
vt 0.152848 0.822993
vt 0.217981 0.820829
vt 0.271313 0.820829
vt 0.271313 0.822993
vt 0.271313 0.845187
vt 0.217981 0.845187
vt 0.271313 0.883681
vt 0.217981 0.883681
vt 0.152848 0.820829
vt -1.985940 -2.368810
vt -1.985219 -2.370984
vt -1.983290 -2.371795
vt -1.990297 -2.346505
vt -1.993179 -2.346515
vt -1.990324 -2.307836
vt -1.993206 -2.307845
vt -1.954959 -2.371925
vt -1.516461 -2.538653
vt -1.462886 -2.538653
vt -1.462886 -2.516359
vt -1.516461 -2.516359
vt -1.462886 -2.477689
vt -1.516461 -2.477689
vt -1.863740 -2.371925
vt -1.835409 -2.371795
vt -1.833480 -2.370984
vt -1.825520 -2.346515
vt -1.828403 -2.346505
vt -1.825494 -2.307845
vt -1.828376 -2.307836
vt 0.271424 0.822998
vt 0.271424 0.820834
vt 0.218091 0.820834
vt 0.218091 0.822998
vt 0.218091 0.845191
vt 0.271424 0.845191
vt 0.218091 0.883686
vt 0.271424 0.883686
vt 0.152958 0.820834
vt 0.152958 0.822998
vt 0.218091 0.845179
vt 0.152958 0.845179
vt 0.218091 0.883690
vt 0.152958 0.883690
vt -1.985705 -2.369284
vt -1.983071 -2.369275
vt -1.990061 -2.346981
vt -1.992944 -2.346990
vt -1.990088 -2.308311
vt -1.992970 -2.308321
vt -1.800053 -2.372391
vt -1.800054 -2.369412
vt -1.861932 -2.369405
vt -1.863505 -2.372401
vt 0.750925 0.702929
vt 0.724222 0.702937
vt 0.662642 0.647031
vt 0.751023 0.648763
vt -2.018217 -2.369394
vt -2.018197 -2.372388
vt -1.954724 -2.372401
vt -1.956297 -2.369405
vt 0.724224 0.702918
vt 0.750928 0.702930
vt 0.751025 0.648726
vt 0.662643 0.647009
vt 0.222241 0.427983
vt 0.160828 0.427983
vt 0.160828 0.426172
vt 0.222241 0.426172
vt 0.272528 0.427983
vt 0.272528 0.426172
vt 0.222241 0.399581
vt 0.272528 0.399581
vt 0.160828 0.399581
vt 0.222241 0.394208
vt 0.272528 0.394208
vt 0.367289 0.392648
vt 0.367292 0.397792
vt 0.301264 0.459143
vt 0.272633 0.459137
vt 0.160828 0.394208
vt 0.222241 0.319334
vt 0.272528 0.319334
vt 0.367290 0.320880
vt 0.389737 0.321209
vt 0.389737 0.392333
vt 0.389737 0.397436
vt 0.160828 0.319334
vt 0.222241 0.313962
vt 0.272528 0.313962
vt 0.367294 0.315733
vt 0.389737 0.316105
vt 0.413567 0.316997
vt 0.413567 0.321988
vt 0.160828 0.313962
vt 0.160828 0.287370
vt 0.222241 0.287370
vt 0.272528 0.287370
vt 0.222241 0.285559
vt 0.272528 0.285559
vt 0.160828 0.285559
vt 0.461900 0.319497
vt 0.461900 0.324175
vt 0.413567 0.391554
vt 0.413567 0.396546
vt 0.461900 0.389368
vt 0.461900 0.394045
vt 0.507583 0.322506
vt 0.507583 0.326806
vt 0.523919 0.325741
vt 0.523286 0.329634
vt 0.507583 0.386736
vt 0.507583 0.391036
vt 0.523286 0.383907
vt 0.523919 0.387801
vt 0.272632 0.254386
vt 0.301264 0.254369
vt 0.822170 0.617571
vt 0.822179 0.617554
vt 0.822206 0.640458
vt 0.822197 0.640476
vt 0.822177 0.680646
vt 0.822169 0.680664
vt 0.822138 0.617588
vt 0.822151 0.617588
vt 0.822166 0.640492
vt 0.822153 0.640492
vt 0.822184 0.680679
vt 0.822170 0.680679
vt -1.720592 -2.538791
vt -1.720592 -2.541769
vt -1.719601 -2.541769
vt -1.719601 -2.538792
vt -1.720589 -2.516601
vt -1.719598 -2.516601
vt -1.720586 -2.477665
vt -1.719594 -2.477665
vt -1.463754 -2.538775
vt -1.463754 -2.541769
vt -1.462763 -2.541769
vt -1.462763 -2.538775
vt -1.463754 -2.516585
vt -1.462763 -2.516585
vt -1.463754 -2.477651
vt -1.462763 -2.477651
vt -1.868127 -1.905981
vt -1.837624 -1.905974
vt -1.839512 -1.904249
vt -1.868135 -1.904256
vt -1.869126 -1.904278
vt -1.869118 -1.906004
vt -1.869112 -1.912545
vt -1.868121 -1.912522
vt -1.869112 -1.941105
vt -1.868120 -1.941087
vt 0.871090 0.809321
vt 0.871091 0.805864
vt 0.904239 0.805864
vt 0.904238 0.809321
vt 0.879176 0.835077
vt 0.904209 0.835076
vt 0.879173 0.880267
vt 0.904241 0.880267
vt 0.911801 0.835076
vt 0.911833 0.880267
vt 0.911831 0.805864
vt 0.911831 0.809321
vt 0.914441 0.835010
vt 0.914474 0.880202
vt 0.913833 0.807087
vt 0.914471 0.809255
vt -1.718914 -2.634401
vt -1.718905 -2.632125
vt -1.719896 -2.632102
vt -1.719904 -2.634378
vt -1.719911 -2.640919
vt -1.718920 -2.640942
vt -1.719911 -2.662520
vt -1.718920 -2.662539
vt -1.750410 -2.634368
vt -1.748034 -2.632094
vt -2.018410 -2.368937
vt -2.018411 -2.371916
vt -2.011869 -2.371916
vt -2.011869 -2.368937
vt -2.018385 -2.346747
vt -2.011843 -2.346747
vt -2.018413 -2.307812
vt -2.011871 -2.307812
vt -1.990247 -2.346747
vt -1.990270 -2.307812
vt -1.983304 -2.371916
vt -1.983304 -2.368937
vt -1.800262 -2.346729
vt -1.800278 -2.307795
vt -1.806821 -2.307796
vt -1.806804 -2.346731
vt -1.800247 -2.368919
vt -1.806790 -2.368920
vt -1.800267 -2.371914
vt -1.806809 -2.371915
vt -1.835382 -2.368921
vt -1.835397 -2.371916
vt -1.828444 -2.307798
vt -1.828430 -2.346732
vt -1.719911 -2.852512
vt -1.750417 -2.852499
vt -1.748042 -2.854773
vt -1.719915 -2.854786
vt -1.718924 -2.854799
vt -1.718920 -2.852524
vt -1.718924 -2.845981
vt -1.719915 -2.845969
vt -1.718932 -2.824357
vt -1.719923 -2.824346
vt 0.658664 0.880288
vt 0.656024 0.880212
vt 0.656004 0.835022
vt 0.658644 0.835098
vt 0.666238 0.835097
vt 0.666258 0.880286
vt 0.691340 0.835095
vt 0.691356 0.880286
vt 0.655988 0.809268
vt 0.658628 0.809343
vt 0.666221 0.809342
vt 0.699411 0.809340
vt 0.658651 0.805868
vt 0.666245 0.805866
vt 0.699428 0.805865
vt 0.656540 0.806984
vt -1.869119 -2.124137
vt -1.869115 -2.125955
vt -1.868124 -2.125943
vt -1.868128 -2.124125
vt -1.868124 -2.117582
vt -1.869115 -2.117594
vt -1.868116 -2.088995
vt -1.869107 -2.089004
vt -1.837623 -2.124142
vt -1.839511 -2.125959
vt -1.955210 -1.968555
vt -1.987100 -1.967368
vt -1.987100 -1.970365
vt -1.955210 -1.971478
vt -1.942831 -1.969078
vt -1.942831 -1.971968
vt -1.909597 -1.970773
vt -1.909597 -1.973556
vt -1.868901 -1.973055
vt -1.955210 -1.984719
vt -1.955210 -2.045542
vt -1.987100 -2.059926
vt -1.955210 -2.058814
vt -1.987100 -2.062922
vt -1.955210 -2.061736
vt -1.942831 -2.058324
vt -1.942831 -2.061213
vt -1.909597 -2.056736
vt -1.909597 -2.059518
vt -1.868901 -2.054596
vt -1.868901 -2.057236
vt -1.854934 -2.053558
vt -1.854934 -2.056129
vt -1.822780 -2.051632
vt -1.822780 -2.054073
vt -1.783938 -2.049462
vt -1.783938 -2.051758
vt -1.746054 -2.047915
vt -1.746054 -2.050106
vt -1.704551 -2.046509
vt -1.704551 -2.048608
vt -1.667136 -2.041990
vt -1.667136 -2.047229
vt -1.623496 -2.039704
vt -1.617167 -2.033649
vt -1.667136 -2.036335
vt -1.617167 -2.029998
vt -1.617167 -2.000329
vt -1.667136 -1.993927
vt -1.623496 -2.041348
vt -1.617167 -1.996799
vt -1.623496 -1.990587
vt -1.667136 -1.988302
vt -1.623496 -1.988943
vt -1.667136 -1.983062
vt -1.704551 -1.983781
vt -1.704551 -1.981683
vt -1.746054 -1.982377
vt -1.746054 -1.980184
vt -1.783938 -1.980829
vt -1.783938 -1.978532
vt -1.822780 -1.978659
vt -1.822780 -1.976217
vt -1.854934 -1.976733
vt -1.854934 -1.974163
vt -1.868901 -1.975695
vt 0.555291 0.635137
vt 0.555291 0.636853
vt 0.524525 0.635852
vt 0.524525 0.634178
vt 0.555291 0.626405
vt 0.524505 0.625923
vt 0.524513 0.624305
vt 0.555291 0.624761
vt 0.555243 0.620642
vt 0.512582 0.635412
vt 0.512582 0.633756
vt 0.512587 0.625682
vt 0.512619 0.624077
vt 0.524513 0.620671
vt 0.555291 0.573276
vt 0.524513 0.604179
vt 0.524513 0.589187
vt 0.524513 0.573281
vt 0.524513 0.568761
vt 0.555291 0.568305
vt 0.512619 0.620424
vt 0.512619 0.604179
vt 0.512619 0.589187
vt 0.512619 0.573402
vt 0.512619 0.568989
vt 0.512587 0.567484
vt 0.524505 0.567243
vt 0.555291 0.566762
vt 0.460478 0.604179
vt 0.460478 0.589187
vt 0.441252 0.618223
vt 0.441252 0.575156
vt 0.427778 0.617712
vt 0.427778 0.575677
vt 0.427778 0.571254
vt 0.441252 0.570798
vt 0.427778 0.621812
vt 0.441252 0.622267
vt 0.555291 0.558001
vt 0.524525 0.558959
vt 0.555291 0.556285
vt 0.524525 0.557286
vt 0.512582 0.559381
vt 0.512582 0.557726
vt 0.737824 0.561357
vt 0.737824 0.560620
vt 0.756965 0.559682
vt 0.756965 0.560458
vt 0.737824 0.564674
vt 0.756965 0.564087
vt 0.756965 0.564802
vt 0.737823 0.565358
vt 0.757006 0.566874
vt 0.737823 0.567482
vt 0.772597 0.558985
vt 0.772597 0.559792
vt 0.772599 0.563742
vt 0.772614 0.564476
vt 0.772614 0.566627
vt 0.772614 0.574322
vt 0.747196 0.574322
vt 0.772597 0.595223
vt 0.772597 0.596030
vt 0.756965 0.595333
vt 0.756965 0.594556
vt 0.772599 0.591287
vt 0.756965 0.590942
vt 0.756965 0.590178
vt 0.772614 0.590505
vt 0.772614 0.588723
vt 0.737825 0.594395
vt 0.737825 0.593657
vt 0.737825 0.590355
vt 0.737823 0.589622
vt 0.757007 0.588238
vt 0.772614 0.580804
vt 0.747196 0.580804
vt 0.737823 0.587651
vt 0.427781 0.563486
vt 0.427781 0.562013
vt 0.441255 0.561079
vt 0.441255 0.562592
vt 0.427758 0.569877
vt 0.441256 0.569395
vt 0.427781 0.629652
vt 0.427758 0.623290
vt 0.441256 0.623771
vt 0.441255 0.630546
vt 0.427781 0.631124
vt 0.441255 0.632058
vt 0.731378 0.561380
vt 0.731366 0.564496
vt 0.716254 0.565200
vt 0.716254 0.562188
vt 0.731378 0.560662
vt 0.716254 0.561507
vt 0.697985 0.563100
vt 0.697985 0.562458
vt 0.679488 0.563749
vt 0.679766 0.563137
vt 0.697985 0.565787
vt 0.679488 0.566372
vt 0.731378 0.593637
vt 0.731378 0.594354
vt 0.716254 0.593509
vt 0.716254 0.592828
vt 0.731366 0.590535
vt 0.716254 0.589831
vt 0.697985 0.591916
vt 0.697985 0.589244
vt 0.679488 0.591267
vt 0.679487 0.588658
vt 0.697985 0.592558
vt 0.679766 0.591879
vt 0.282713 0.575801
vt 0.317878 0.574897
vt 0.317309 0.578123
vt 0.282713 0.578997
vt 0.246616 0.577169
vt 0.246617 0.579992
vt 0.174917 0.579621
vt 0.228428 0.580820
vt 0.172789 0.582239
vt 0.172789 0.610864
vt 0.314908 0.580709
vt 0.282771 0.581521
vt 0.246692 0.582516
vt 0.230682 0.583245
vt 0.228428 0.612178
vt 0.174917 0.613274
vt 0.314908 0.612660
vt 0.317309 0.615236
vt 0.282784 0.611976
vt 0.282713 0.614500
vt 0.246705 0.610409
vt 0.246617 0.612933
vt 0.230682 0.609744
vt 0.282713 0.617265
vt 0.246617 0.615897
vt 0.317878 0.618169
vt 0.321341 0.568347
vt 0.321341 0.573726
vt 0.282693 0.574681
vt 0.282693 0.569556
vt 0.321913 0.567091
vt 0.282693 0.568354
vt 0.246597 0.570670
vt 0.246597 0.569517
vt 0.204494 0.572875
vt 0.204494 0.571820
vt 0.246597 0.576126
vt 0.198388 0.578717
vt 0.321341 0.624791
vt 0.321913 0.626047
vt 0.282693 0.624783
vt 0.282693 0.623581
vt 0.321341 0.619441
vt 0.282693 0.618485
vt 0.246597 0.622468
vt 0.246597 0.617040
vt 0.204494 0.620263
vt 0.198388 0.614269
vt 0.246597 0.623620
vt 0.204494 0.621317
vt -1.956996 -2.305187
vt -1.953999 -2.305187
vt -1.953999 -2.261698
vt -1.956996 -2.261698
vt -1.949193 -2.221404
vt -1.951868 -2.221404
vt -1.949193 -2.218713
vt -1.950973 -2.219615
vt 0.821048 0.883866
vt 0.837129 0.883866
vt 0.837129 0.934342
vt 0.821048 0.934342
vt 0.749294 0.883866
vt 0.749294 0.934342
vt 0.733178 0.883866
vt 0.733178 0.934342
vt 0.749294 0.981111
vt 0.738755 0.981111
vt 0.831552 0.981111
vt 0.821048 0.981111
vt 0.814114 0.984233
vt 0.757132 0.984233
vt 0.749294 0.984233
vt 0.738755 0.984235
vt 0.831552 0.984235
vt 0.821048 0.984233
vt -1.864437 -2.305187
vt -1.861440 -2.305187
vt -1.861440 -2.261698
vt -1.864437 -2.261698
vt -1.866568 -2.221404
vt -1.869243 -2.221404
vt -1.867464 -2.219615
vt -1.869243 -2.218713
vt -1.935448 -2.309062
vt -1.933805 -2.309062
vt -1.933805 -2.308206
vt -1.935448 -2.308206
vt -1.933805 -2.307374
vt -1.935448 -2.307374
vt -1.933805 -2.304684
vt -1.934898 -2.305586
vt -1.218143 -2.478915
vt -1.211815 -2.478915
vt -1.211815 -2.478060
vt -1.218143 -2.478060
vt -1.211815 -2.477228
vt -1.218143 -2.477228
vt -1.211815 -2.474538
vt -1.218143 -2.474538
vt -1.971545 -2.478915
vt -1.965217 -2.478915
vt -1.965217 -2.478060
vt -1.971545 -2.478060
vt -1.965217 -2.477228
vt -1.971545 -2.477228
vt -1.965217 -2.474538
vt -1.971545 -2.474538
vt -1.884687 -2.309062
vt -1.883043 -2.309062
vt -1.883043 -2.308206
vt -1.884687 -2.308206
vt -1.883043 -2.307374
vt -1.884687 -2.307374
vt -1.883594 -2.305586
vt -1.884687 -2.304684
vt 0.184737 0.971984
vt 0.152992 0.971984
vt 0.152992 0.970204
vt 0.184737 0.970204
vt 0.197060 0.971984
vt 0.197060 0.970204
vt 0.184737 0.930091
vt 0.208315 0.942777
vt 0.152992 0.930091
vt 0.152992 0.886800
vt 0.184737 0.886800
vt 0.197060 0.886800
vt 0.230143 0.941625
vt 0.230143 0.886800
vt 0.280289 0.938984
vt 0.270655 0.886800
vt 0.300952 0.924866
vt 0.284558 0.966629
vt 0.270655 0.967652
vt 0.270594 0.966690
vt 0.280229 0.938023
vt 0.284558 0.886800
vt 0.316566 0.922713
vt 0.316566 0.886800
vt 0.355232 0.917447
vt 0.355232 0.886800
vt 0.376205 0.914253
vt 0.392944 0.886800
vt 0.434260 0.904275
vt 0.434260 0.925712
vt 0.392944 0.940856
vt 0.434260 0.927492
vt 0.393793 0.942265
vt 0.434260 0.886800
vt 0.471504 0.892811
vt 0.471504 0.909365
vt 0.471504 0.911145
vt 0.471504 0.886800
vt 0.514947 0.883321
vt 0.514947 0.884150
vt 0.514947 0.885930
vt 0.514947 0.882469
vt 0.270594 0.968471
vt 0.270655 0.969432
vt 0.270594 0.969369
vt 0.270655 0.970329
vt 0.270598 0.970752
vt 0.284558 0.968410
vt 0.682214 0.567269
vt 0.661495 0.564354
vt 0.667719 0.553397
vt 0.684415 0.555971
vt 0.691233 0.568537
vt 0.698021 0.558216
vt 0.684556 0.555243
vt 0.698163 0.557488
vt 0.667861 0.552669
vt 0.629211 0.567337
vt 0.620379 0.566972
vt 0.615652 0.554759
vt 0.631998 0.553030
vt 0.645444 0.568264
vt 0.648581 0.552162
vt 0.652001 0.568626
vt 0.662033 0.552852
vt 0.648722 0.551434
vt 0.662175 0.552124
vt 0.615418 0.554115
vt 0.632140 0.552301
vt -1.924063 -2.304684
vt -1.927592 -2.304684
vt -1.927592 -2.307374
vt -1.924063 -2.307374
vt -1.894393 -2.307374
vt -1.894393 -2.304684
vt -1.890743 -2.307374
vt -1.890743 -2.304684
vt -1.927592 -2.308206
vt -1.924063 -2.308206
vt -1.894393 -2.308206
vt -1.890743 -2.308206
vt -1.927592 -2.309062
vt -1.924063 -2.309062
vt -1.894393 -2.309062
vt -1.890743 -2.309062
vt 0.668731 0.589035
vt 0.662165 0.589141
vt 0.652759 0.572985
vt 0.666228 0.572823
vt 0.684988 0.588745
vt 0.682765 0.574340
vt 0.693827 0.588727
vt 0.699029 0.576708
vt 0.682651 0.573607
vt 0.699289 0.576075
vt 0.652646 0.572252
vt 0.666115 0.572090
vt 0.632029 0.586601
vt 0.622967 0.587514
vt 0.616589 0.576936
vt 0.630273 0.575226
vt 0.652846 0.584500
vt 0.647056 0.573308
vt 0.630159 0.574492
vt 0.646943 0.572575
vt 0.616475 0.576202
vt 0.471615 0.911150
vt 0.515057 0.885935
vt 0.515057 0.884155
vt 0.471615 0.909370
vt 0.434370 0.927497
vt 0.434370 0.925717
vt 0.393903 0.942270
vt 0.393055 0.940861
vt 0.434370 0.904280
vt 0.376315 0.914257
vt 0.515057 0.883327
vt 0.471615 0.892817
vt 0.471615 0.886805
vt 0.434370 0.886805
vt 0.393055 0.886805
vt 0.355342 0.917453
vt 0.355342 0.886805
vt 0.316676 0.922718
vt 0.515057 0.882474
vt 0.316676 0.886805
vt 0.301062 0.924871
vt 0.284668 0.886805
vt 0.280400 0.938989
vt 0.270765 0.967657
vt 0.284668 0.966635
vt 0.270765 0.969437
vt 0.284668 0.968415
vt 0.270765 0.886805
vt 0.230253 0.941630
vt 0.230253 0.886805
vt 0.208426 0.942782
vt 0.197170 0.886805
vt 0.184847 0.930096
vt 0.184847 0.970209
vt 0.197170 0.970209
vt 0.184847 0.971989
vt 0.197170 0.971989
vt 0.184847 0.886805
vt 0.153102 0.930096
vt 0.153102 0.970209
vt 0.153102 0.971989
vt 0.153102 0.886805
vt 0.280339 0.938025
vt 0.270705 0.966693
vt 0.270705 0.968473
vt 0.270765 0.970335
vt 0.270705 0.969370
vt 0.270768 0.971719
vt 0.284692 0.969452
vt 0.284671 0.971397
vt 0.270708 0.970755
vt 0.270768 0.973134
vt 0.270708 0.972169
vt 0.250930 0.973002
vt 0.250870 0.972038
vt 0.197132 0.972891
vt 0.197072 0.971927
vt 0.284581 0.969447
vt 0.284561 0.971392
vt 0.270658 0.971714
vt 0.270598 0.972168
vt 0.270658 0.973128
vt 0.250760 0.972035
vt 0.250820 0.972997
vt 0.196962 0.971925
vt 0.197021 0.972886
vt 0.697955 0.589244
vt 0.678281 0.588658
vt 0.677799 0.588038
vt 0.697975 0.588593
vt 0.716224 0.589831
vt 0.716244 0.589147
vt 0.731376 0.589814
vt 0.731376 0.587816
vt 0.697975 0.587029
vt 0.716244 0.587633
vt 0.716244 0.567788
vt 0.731376 0.567324
vt 0.716244 0.565834
vt 0.731376 0.565167
vt 0.677521 0.586609
vt 0.677521 0.568516
vt 0.697975 0.568211
vt 0.697975 0.566389
vt 0.697955 0.565787
vt 0.716224 0.565200
vt 0.677799 0.566943
vt 0.678281 0.566372
vt 0.471504 0.913437
vt 0.521246 0.886827
vt 0.536566 0.886808
vt 0.471448 0.919070
vt 0.434260 0.929201
vt 0.434203 0.935309
vt 0.394383 0.943304
vt 0.396936 0.948466
vt 0.434239 0.938534
vt 0.397956 0.950507
vt 0.545464 0.886802
vt 0.471484 0.922834
vt -1.590634 -2.000329
vt -1.592839 -1.997830
vt -1.601777 -1.996799
vt -1.601777 -2.000329
vt -1.601777 -2.029998
vt -1.590634 -2.029998
vt -1.601777 -2.033649
vt -1.592839 -2.032712
vt 0.434370 0.929207
vt 0.394493 0.943310
vt 0.397046 0.948471
vt 0.434314 0.935314
vt 0.471615 0.913442
vt 0.471559 0.919075
vt 0.521357 0.886832
vt 0.536677 0.886813
vt 0.471594 0.922839
vt 0.545574 0.886807
vt 0.398067 0.950512
vt 0.434350 0.938539
vt 0.927771 0.750919
vt 0.966211 0.750919
vt 0.966211 0.762679
vt 0.927771 0.762679
vt 0.965427 0.744195
vt 0.966249 0.750936
vt 0.966249 0.762696
vt 0.965427 0.750102
vt 0.963543 0.729406
vt 0.963543 0.731990
vt 0.930478 0.731973
vt 0.931278 0.722230
vt 0.931278 0.724921
vt 0.930478 0.729389
vt 0.552947 0.188399
vt 0.580126 0.187702
vt 0.580126 0.215141
vt 0.552959 0.214554
vt 0.520863 0.189253
vt 0.520874 0.213209
vt 0.509920 0.189879
vt 0.509920 0.212638
vt 0.503523 0.212638
vt 0.503523 0.189879
vt 0.964037 0.731967
vt 0.964037 0.729383
vt 0.963160 0.724921
vt 0.963160 0.722230
vt 0.928787 0.744188
vt 0.929983 0.729400
vt 0.929983 0.731984
vt 0.928787 0.750095
vt 0.927810 0.750936
vt 0.927810 0.762696
vt 0.197021 0.972857
vt 0.196962 0.971921
vt 0.196962 0.971893
vt 0.197054 0.972887
vt 0.196994 0.971922
vt 0.197060 0.972882
vt 0.196999 0.971918
vt 0.196999 0.971020
vt 0.196999 0.969239
vt 0.208255 0.941813
vt 0.230083 0.940660
vt 0.280229 0.938020
vt 0.197072 0.971901
vt 0.197072 0.971930
vt 0.197132 0.972862
vt 0.197104 0.971930
vt 0.197165 0.972892
vt 0.197109 0.971926
vt 0.197170 0.972887
vt 0.197109 0.971028
vt 0.197109 0.969248
vt 0.208365 0.941821
vt 0.230194 0.940668
vt 0.280339 0.938028
vt 0.284353 0.971558
vt 0.284671 0.972821
vt 0.284353 0.970133
vt -1.998512 -2.391461
vt -1.996981 -2.389507
vt -1.996981 -2.388238
vt -1.998512 -2.390193
vt 0.284349 0.968049
vt 0.284373 0.968188
vt 0.284668 0.969312
vt 0.284349 0.967151
vt 0.284349 0.965371
vt 0.300744 0.923607
vt 0.316357 0.921454
vt 0.355024 0.916189
vt 0.375997 0.912995
vt 0.392735 0.939597
vt 0.393583 0.941007
vt 0.394174 0.942046
vt 0.396727 0.947207
vt 0.397748 0.949249
vt 0.398335 0.950720
vt 0.398654 0.951983
vt 0.397638 0.949243
vt 0.398224 0.950715
vt 0.398543 0.951978
vt 0.396617 0.947202
vt 0.394064 0.942041
vt 0.284561 0.972815
vt 0.284243 0.971553
vt 0.284243 0.970128
vt 0.284263 0.968183
vt 0.284558 0.969307
vt 0.284239 0.968044
vt 0.284239 0.967146
vt 0.284239 0.965366
vt 0.300633 0.923602
vt 0.316247 0.921449
vt 0.354914 0.916184
vt 0.375887 0.912989
vt 0.392625 0.939592
vt 0.393473 0.941002
vt 0.530995 0.633719
vt 0.555436 0.633719
vt 0.555436 0.637163
vt 0.530995 0.637163
vt 0.555436 0.662123
vt 0.530995 0.662123
vt 0.555436 0.690094
vt 0.530995 0.690094
vt 0.555436 0.700214
vt 0.530995 0.700214
vt 0.530995 0.715426
vt 0.513956 0.715426
vt 0.513956 0.700214
vt 0.513956 0.690095
vt 0.530995 0.635940
vt 0.555436 0.715017
vt 0.498206 0.690169
vt 0.507889 0.700214
vt 0.507891 0.715426
vt 0.501359 0.690022
vt 0.486281 0.673745
vt 0.513956 0.673798
vt 0.513956 0.656103
vt 0.513956 0.635940
vt 0.461012 0.635940
vt 0.477524 0.656119
vt 0.474417 0.656088
vt 0.489785 0.673851
vt 0.696352 0.333185
vt 0.715754 0.303346
vt 0.696352 0.274277
vt 0.610481 0.274277
vt 0.610481 0.333185
vt 0.589235 0.303346
vt 0.875484 0.718783
vt 0.875484 0.687654
vt 0.899762 0.687654
vt 0.899762 0.718783
vt -1.685439 -2.447718
vt -1.705816 -2.474536
vt -1.702596 -2.474536
vt -1.682219 -2.447718
vt 0.854149 0.718783
vt 0.854149 0.687654
vt 0.875522 0.687654
vt 0.875522 0.718783
vt -1.673142 -2.447718
vt -1.693519 -2.474536
vt -1.689887 -2.474536
vt -1.669511 -2.447718
vt 0.834695 0.718783
vt 0.834695 0.687654
vt 0.854278 0.687654
vt 0.854278 0.718783
vt -1.660782 -2.447718
vt -1.681159 -2.474536
vt -1.677891 -2.474536
vt -1.657515 -2.447718
vt 0.822432 0.718783
vt 0.804130 0.687654
vt 0.834518 0.687654
vt 0.834518 0.718783
vt 0.834607 0.738093
vt 0.868260 0.738093
vt 0.902434 0.787407
vt 0.898291 0.787407
vt -1.699334 -2.447718
vt -1.719711 -2.474536
vt -1.644458 -2.474536
vt -1.644458 -2.447718
vt -1.626797 -2.474536
vt -1.626797 -2.447718
vt -1.601463 -2.474536
vt -1.601463 -2.447718
vt -1.601463 -2.388597
vt -1.626797 -2.388597
vt -1.600492 -2.648997
vt -1.598172 -2.645418
vt -1.600790 -2.644129
vt -1.600790 -2.647902
vt -1.989866 -1.917020
vt -1.987547 -1.920598
vt -1.987249 -1.919504
vt -1.987249 -1.915731
vt 0.864018 0.934335
vt 0.833990 0.983646
vt 0.829846 0.983646
vt 0.832519 0.915027
vt 0.897669 0.934335
vt 0.909843 0.915027
vt 0.850587 0.913379
vt 0.890633 0.913379
vt 0.832519 0.883900
vt 0.927652 0.883900
vt 0.841540 0.899464
vt 0.843079 0.899470
vt 0.851662 0.912670
vt 0.889647 0.912670
vt 0.900541 0.899464
vt 0.899045 0.899486
vt 0.850587 0.885907
vt 0.851662 0.886611
vt 0.854474 0.888518
vt 0.847153 0.899487
vt 0.854474 0.910745
vt 0.886875 0.910745
vt 0.894892 0.899487
vt 0.890633 0.885907
vt 0.889647 0.886611
vt 0.886875 0.888518
vt 0.899045 0.899454
vt -1.944255 -2.138347
vt -1.937969 -2.138347
vt -1.907554 -2.112168
vt -1.944255 -2.122587
vt -1.961916 -2.138347
vt -1.987249 -2.137923
vt -1.987249 -2.055959
vt -1.944255 -2.112092
vt -1.961916 -2.055959
vt -1.944255 -2.055959
vt -1.869002 -2.055959
vt -1.886116 -2.076874
vt -1.910822 -2.112015
vt -1.895194 -2.095144
vt -1.882897 -2.076843
vt -1.898825 -2.095255
vt 0.555436 0.555970
vt 0.555436 0.559414
vt 0.530995 0.559414
vt 0.530995 0.555970
vt 0.555436 0.531009
vt 0.530995 0.531009
vt 0.555436 0.503038
vt 0.530995 0.503038
vt 0.555436 0.492919
vt 0.530995 0.492919
vt 0.530995 0.477706
vt 0.555436 0.478116
vt 0.513956 0.477706
vt 0.513956 0.492919
vt 0.507891 0.477706
vt 0.507889 0.492919
vt 0.498206 0.502964
vt 0.513956 0.503037
vt 0.530995 0.557193
vt 0.513956 0.519334
vt 0.486281 0.519388
vt 0.501359 0.503111
vt 0.513956 0.537029
vt 0.474417 0.537044
vt 0.489785 0.519281
vt 0.513956 0.557193
vt 0.461012 0.557193
vt 0.477524 0.537014
vt 0.696350 0.274275
vt 0.715751 0.303345
vt 0.696350 0.333184
vt 0.610478 0.274275
vt 0.610478 0.333184
vt 0.589232 0.303345
vt 0.875442 0.718761
vt 0.899720 0.718761
vt 0.899720 0.687632
vt 0.875442 0.687632
vt -1.497921 -2.447718
vt -1.501141 -2.447718
vt -1.480764 -2.474536
vt -1.477545 -2.474536
vt 0.854107 0.718761
vt 0.875479 0.718761
vt 0.875479 0.687632
vt 0.854107 0.687632
vt -1.510218 -2.447718
vt -1.513849 -2.447718
vt -1.493473 -2.474536
vt -1.489841 -2.474536
vt 0.834653 0.718761
vt 0.854235 0.718761
vt 0.854235 0.687632
vt 0.834653 0.687632
vt -1.522578 -2.447718
vt -1.525846 -2.447718
vt -1.505469 -2.474536
vt -1.502201 -2.474536
vt 0.822390 0.718761
vt 0.834476 0.718761
vt 0.834476 0.687632
vt 0.804087 0.687632
vt 0.868218 0.738070
vt 0.898248 0.787385
vt 0.902391 0.787385
vt 0.834564 0.738070
vt -1.538903 -2.474536
vt -1.463650 -2.474536
vt -1.484026 -2.447718
vt -1.538903 -2.447718
vt -1.556563 -2.474536
vt -1.556563 -2.447718
vt -1.581897 -2.474536
vt -1.581897 -2.447718
vt -1.581897 -2.388597
vt -1.556563 -2.388597
vt -1.600492 -2.838096
vt -1.600790 -2.839191
vt -1.600790 -2.842964
vt -1.598172 -2.841675
vt -1.989866 -2.113277
vt -1.987249 -2.114565
vt -1.987249 -2.110794
vt -1.987547 -2.109698
vt 0.740455 0.983646
vt 0.736312 0.983646
vt 0.706283 0.934335
vt 0.737783 0.915027
vt 0.672632 0.934335
vt 0.660458 0.915027
vt 0.719714 0.913379
vt 0.728762 0.899464
vt 0.737783 0.883900
vt 0.719714 0.885907
vt 0.679668 0.885907
vt 0.642649 0.883900
vt 0.679668 0.913379
vt 0.718639 0.912670
vt 0.727222 0.899470
vt 0.718639 0.886611
vt 0.680654 0.886611
vt 0.669760 0.899464
vt 0.680654 0.912670
vt 0.715828 0.910745
vt 0.723149 0.899487
vt 0.715828 0.888518
vt 0.683426 0.888518
vt 0.671256 0.899454
vt 0.675410 0.899487
vt 0.683426 0.910745
vt 0.671256 0.899486
vt 0.943295 0.667181
vt 0.927991 0.641931
vt 0.927991 0.641880
vt 0.943295 0.667171
vt 0.947401 0.668931
vt 0.947401 0.668942
vt 0.951388 0.667485
vt 0.951388 0.667496
vt 0.967600 0.641562
vt 0.967600 0.641511
vt 0.928065 0.638680
vt 0.967419 0.638680
vt 0.931228 0.637042
vt 0.964820 0.636964
vt 0.926420 0.641579
vt 0.926420 0.641527
vt 0.926602 0.638696
vt 0.926602 0.638747
vt 0.929200 0.636981
vt 0.929200 0.637032
vt 0.962793 0.637109
vt 0.962793 0.637058
vt 0.965956 0.638696
vt 0.965956 0.638747
vt 0.966030 0.641897
vt 0.966030 0.641947
vt 0.387926 0.406708
vt 0.379673 0.406708
vt 0.376116 0.395759
vt 0.385412 0.395759
vt 0.407852 0.406708
vt 0.407852 0.395759
vt 0.427778 0.406708
vt 0.430294 0.395759
vt 0.436031 0.406708
vt 0.439588 0.395759
vt 0.430410 0.395741
vt 0.439744 0.395741
vt 0.436173 0.406737
vt 0.427884 0.406737
vt 0.407871 0.395741
vt 0.407871 0.406737
vt 0.385334 0.395741
vt 0.387860 0.406737
vt 0.375999 0.395741
vt 0.379571 0.406737
vt 0.376117 0.317956
vt 0.379673 0.307007
vt 0.387927 0.307007
vt 0.385412 0.317956
vt 0.407853 0.307007
vt 0.407853 0.317956
vt 0.427779 0.307007
vt 0.430294 0.317956
vt 0.436032 0.307007
vt 0.439589 0.317956
vt 0.436173 0.306605
vt 0.439744 0.317601
vt 0.430410 0.317601
vt 0.427884 0.306605
vt 0.407871 0.317601
vt 0.407871 0.306605
vt 0.385334 0.317601
vt 0.387860 0.306605
vt 0.375999 0.317601
vt 0.379571 0.306605
vt -1.800277 -2.307917
vt -1.868410 -2.307917
vt -1.868410 -2.369720
vt -1.800277 -2.369720
vt -1.445180 -2.477295
vt -1.463179 -2.477295
vt -1.463179 -2.539098
vt -1.445180 -2.539098
vt 0.892737 0.681029
vt 0.822410 0.681029
vt 0.822410 0.617236
vt 0.892737 0.617236
vt -2.018164 -2.307917
vt -2.018164 -2.369720
vt -1.950031 -2.369720
vt -1.950031 -2.307917
vt -1.738180 -2.477295
vt -1.738180 -2.539098
vt -1.720181 -2.539098
vt -1.720181 -2.477295
vt 0.892699 0.681009
vt 0.892699 0.617216
vt 0.822373 0.617216
vt 0.822373 0.681009
vt 0.634311 0.593376
vt 0.611853 0.595639
vt 0.611015 0.592574
vt 0.634768 0.590842
vt 0.656280 0.592227
vt 0.656425 0.591296
vt 0.674104 0.593063
vt 0.634817 0.620023
vt 0.611015 0.619181
vt 0.611738 0.616085
vt 0.634264 0.617508
vt 0.656440 0.618760
vt 0.656261 0.617836
vt 0.674041 0.616335
vt -1.869002 -1.974337
vt -1.886116 -1.953421
vt -1.944255 -1.974337
vt -1.961916 -1.974337
vt -1.987249 -1.974337
vt -1.944255 -1.918205
vt -1.944255 -1.907709
vt -1.987249 -1.892373
vt -1.961916 -1.891950
vt -1.944255 -1.891950
vt -1.882897 -1.953453
vt -1.898825 -1.935042
vt -1.895194 -1.935152
vt -1.910822 -1.918281
vt -1.907554 -1.918129
vt -1.937969 -1.891950
vt -1.892793 -2.347307
vt -1.892729 -2.344549
vt -1.905915 -2.322795
vt -1.909451 -2.321279
vt -1.926697 -2.347307
vt -1.895518 -2.348717
vt -1.924458 -2.348784
vt -1.912886 -2.322525
vt -1.926853 -2.344867
vt -1.932017 -2.597799
vt -1.956029 -2.607745
vt -1.965976 -2.631755
vt -1.932017 -2.665714
vt -1.898059 -2.631755
vt -1.908005 -2.607745
vt -1.956029 -2.655768
vt -1.908005 -2.655768
vt -1.910638 -2.610393
vt -1.931958 -2.601562
vt -1.953279 -2.610393
vt -1.953279 -2.653034
vt -1.910638 -2.653034
vt -1.901806 -2.631714
vt -1.962111 -2.631714
vt -1.931958 -2.661866
vt -1.931958 -2.665672
vt -1.907946 -2.655726
vt -1.898000 -2.631714
vt -1.931958 -2.597756
vt -1.965916 -2.631714
vt -1.955971 -2.655726
vt -1.907946 -2.607703
vt -1.955971 -2.607703
vt -1.910697 -2.653077
vt -1.901865 -2.631755
vt -1.910697 -2.610435
vt -1.953338 -2.610435
vt -1.953338 -2.653077
vt -1.932017 -2.661909
vt -1.932017 -2.601604
vt -1.962169 -2.631755
vt 0.663541 0.727160
vt 0.668537 0.746330
vt 0.668535 0.727160
vt 0.727145 0.741625
vt 0.727145 0.741014
vt 0.709273 0.741014
vt 0.709273 0.741625
vt 0.727145 0.743099
vt 0.709273 0.743099
vt 0.727145 0.744573
vt 0.709273 0.744573
vt 0.727145 0.745183
vt 0.709273 0.745183
vt 0.709253 0.739869
vt 0.709253 0.740815
vt 0.709253 0.743099
vt 0.709253 0.745383
vt 0.709253 0.746329
vt 0.696679 0.745383
vt 0.696679 0.746329
vt 0.696679 0.739869
vt 0.696679 0.740815
vt 0.696679 0.743099
vt 0.727159 0.744581
vt 0.727159 0.745192
vt 0.709287 0.745192
vt 0.709287 0.744581
vt 0.727159 0.743108
vt 0.709287 0.743108
vt 0.727159 0.741634
vt 0.709287 0.741634
vt 0.727159 0.741024
vt 0.709287 0.741024
vt 0.709267 0.746337
vt 0.709267 0.745391
vt 0.709267 0.743108
vt 0.709267 0.740824
vt 0.709267 0.739878
vt 0.696692 0.740824
vt 0.696692 0.739878
vt 0.696692 0.746337
vt 0.696692 0.745391
vt 0.696692 0.743108
vt 0.691681 0.740646
vt 0.691681 0.741509
vt 0.707114 0.741509
vt 0.707114 0.740646
vt 0.691681 0.739302
vt 0.707114 0.739302
vt 0.691681 0.738266
vt 0.707114 0.738266
vt 0.691681 0.738145
vt 0.707114 0.738145
vt 0.683211 0.738838
vt 0.683211 0.740009
vt 0.707915 0.740009
vt 0.707915 0.738838
vt 0.683211 0.736012
vt 0.707915 0.736012
vt 0.683211 0.733185
vt 0.707915 0.733185
vt 0.683211 0.732014
vt 0.707915 0.732014
vt 0.707919 0.738683
vt 0.707919 0.737900
vt 0.707919 0.736012
vt 0.707919 0.734122
vt 0.707919 0.733340
vt 0.732978 0.734122
vt 0.732978 0.733340
vt 0.732978 0.738683
vt 0.732978 0.737900
vt 0.732978 0.736012
vt 0.683225 0.733194
vt 0.683225 0.732023
vt 0.707929 0.732023
vt 0.707929 0.733194
vt 0.683225 0.736020
vt 0.707929 0.736020
vt 0.683225 0.738847
vt 0.707929 0.738847
vt 0.683225 0.740018
vt 0.707929 0.740018
vt 0.707933 0.733349
vt 0.707933 0.734132
vt 0.707933 0.736020
vt 0.707933 0.737910
vt 0.707933 0.738692
vt 0.732991 0.737910
vt 0.732991 0.738692
vt 0.732991 0.733349
vt 0.732991 0.734132
vt 0.732991 0.736020
vt 0.683238 0.739784
vt 0.683238 0.741344
vt 0.683238 0.736020
vt 0.683238 0.732257
vt 0.683238 0.730698
vt 0.683224 0.732247
vt 0.683224 0.730688
vt 0.683224 0.736012
vt 0.683224 0.739776
vt 0.683224 0.741335
vt 0.668025 0.739776
vt 0.668025 0.741335
vt 0.668025 0.736012
vt 0.668025 0.732247
vt 0.668025 0.730688
vt 0.668039 0.741344
vt 0.668039 0.739784
vt 0.668039 0.736020
vt 0.668039 0.732257
vt 0.668039 0.730698
vt 0.732963 0.738432
vt 0.732963 0.739434
vt 0.732963 0.736012
vt 0.732963 0.733591
vt 0.732963 0.732589
vt 0.732976 0.739443
vt 0.732976 0.738440
vt 0.732976 0.736020
vt 0.732976 0.733600
vt 0.732976 0.732598
vt 0.750584 0.738440
vt 0.750584 0.739443
vt 0.750584 0.736020
vt 0.750584 0.733600
vt 0.750584 0.732598
vt 0.750570 0.739434
vt 0.750570 0.738432
vt 0.750570 0.736012
vt 0.750570 0.733591
vt 0.750570 0.732589
vt 0.771487 0.762500
vt 0.766550 0.765897
vt 0.760657 0.764809
vt 0.758348 0.753980
vt 0.769177 0.751670
vt 0.772575 0.756607
vt 0.757260 0.759873
vt 0.763284 0.750582
vt 0.707128 0.738154
vt 0.707128 0.738276
vt 0.707128 0.739311
vt 0.707128 0.741518
vt 0.707128 0.740361
vt 0.707128 0.739018
vt 0.691694 0.739018
vt 0.691694 0.738154
vt 0.691694 0.738276
vt 0.707128 0.740654
vt 0.691694 0.740654
vt 0.691694 0.739311
vt 0.691694 0.741396
vt 0.691694 0.741518
vt 0.707128 0.741396
vt 0.691694 0.740361
vt 0.771325 0.762371
vt 0.766528 0.765673
vt 0.760803 0.764616
vt 0.758559 0.754094
vt 0.769080 0.751850
vt 0.772382 0.756646
vt 0.757502 0.759820
vt 0.763355 0.750793
vt 0.668551 0.746340
vt 0.663555 0.727169
vt 0.668548 0.727169
vt 0.667468 0.723760
vt 0.667468 0.725900
vt 0.667468 0.728039
vt 0.702716 0.743981
vt 0.702716 0.743408
vt 0.683809 0.743409
vt 0.683809 0.743981
vt 0.702716 0.745362
vt 0.683809 0.745362
vt 0.702716 0.746742
vt 0.683809 0.746742
vt 0.702716 0.747315
vt 0.683809 0.747315
vt 0.683790 0.742336
vt 0.683790 0.743222
vt 0.683790 0.745362
vt 0.683790 0.747501
vt 0.683790 0.748388
vt 0.667468 0.747501
vt 0.667468 0.748388
vt 0.667468 0.742336
vt 0.667468 0.743222
vt 0.667468 0.745362
vt 0.702733 0.746751
vt 0.702733 0.747323
vt 0.683825 0.747323
vt 0.683825 0.746751
vt 0.702733 0.745371
vt 0.683825 0.745371
vt 0.702733 0.743989
vt 0.683825 0.743989
vt 0.702733 0.743417
vt 0.683825 0.743417
vt 0.683807 0.748397
vt 0.683807 0.747510
vt 0.683807 0.745371
vt 0.683807 0.743230
vt 0.683807 0.742344
vt 0.667483 0.743230
vt 0.667483 0.742344
vt 0.667483 0.748397
vt 0.667483 0.747510
vt 0.667483 0.745371
vt 0.702716 0.724519
vt 0.702716 0.723946
vt 0.683809 0.723946
vt 0.683809 0.724519
vt 0.702716 0.725900
vt 0.683809 0.725900
vt 0.702716 0.727280
vt 0.683809 0.727280
vt 0.702716 0.727853
vt 0.683809 0.727853
vt 0.683790 0.722874
vt 0.683790 0.723760
vt 0.683790 0.725900
vt 0.683790 0.728039
vt 0.683790 0.728925
vt 0.667468 0.728925
vt 0.667468 0.722874
vt 0.702733 0.727289
vt 0.702733 0.727861
vt 0.683825 0.727861
vt 0.683825 0.727289
vt 0.702733 0.725909
vt 0.683825 0.725909
vt 0.702733 0.724527
vt 0.683825 0.724527
vt 0.702733 0.723955
vt 0.683825 0.723955
vt 0.683807 0.728934
vt 0.683807 0.728048
vt 0.683807 0.725909
vt 0.683807 0.723769
vt 0.683807 0.722882
vt 0.667483 0.723769
vt 0.667483 0.722882
vt 0.667483 0.728934
vt 0.667483 0.728048
vt 0.667483 0.725909
vt 0.685835 0.737696
vt 0.685835 0.738792
vt 0.708981 0.738792
vt 0.708981 0.737696
vt 0.685835 0.735047
vt 0.708981 0.735047
vt 0.685835 0.732399
vt 0.708981 0.732399
vt 0.685835 0.731302
vt 0.708981 0.731302
vt 0.708985 0.737551
vt 0.708985 0.736817
vt 0.708985 0.735047
vt 0.708985 0.733278
vt 0.708985 0.732544
vt 0.732464 0.733278
vt 0.732464 0.732544
vt 0.732464 0.737551
vt 0.732464 0.736817
vt 0.732464 0.735047
vt 0.685851 0.732408
vt 0.685851 0.731310
vt 0.708997 0.731310
vt 0.708997 0.732408
vt 0.685851 0.735056
vt 0.708997 0.735056
vt 0.685851 0.737704
vt 0.708997 0.737704
vt 0.685851 0.738801
vt 0.708997 0.738801
vt 0.709000 0.732553
vt 0.709000 0.733286
vt 0.709000 0.735056
vt 0.709000 0.736826
vt 0.709000 0.737559
vt 0.732480 0.736826
vt 0.732480 0.737559
vt 0.732480 0.732553
vt 0.732480 0.733286
vt 0.732480 0.735056
vt 0.685863 0.738583
vt 0.685863 0.740043
vt 0.685863 0.735056
vt 0.685863 0.731529
vt 0.685863 0.730068
vt 0.685847 0.731521
vt 0.685847 0.730060
vt 0.685847 0.735047
vt 0.685847 0.738574
vt 0.685847 0.740035
vt 0.671606 0.738574
vt 0.671606 0.740035
vt 0.671606 0.735047
vt 0.671606 0.731521
vt 0.671606 0.730060
vt 0.671623 0.740043
vt 0.671623 0.738583
vt 0.671623 0.735056
vt 0.671623 0.731529
vt 0.671623 0.730068
vt 0.732449 0.737315
vt 0.732449 0.738254
vt 0.732449 0.735047
vt 0.732449 0.732780
vt 0.732449 0.731841
vt 0.732465 0.738263
vt 0.732465 0.737324
vt 0.732465 0.735056
vt 0.732465 0.732788
vt 0.732465 0.731849
vt 0.748962 0.737324
vt 0.748962 0.738263
vt 0.748962 0.735056
vt 0.748962 0.732788
vt 0.748962 0.731849
vt 0.748947 0.738254
vt 0.748947 0.737315
vt 0.748947 0.735047
vt 0.748947 0.732780
vt 0.748947 0.731841
vt 0.693809 0.739343
vt 0.693809 0.740152
vt 0.708269 0.740152
vt 0.708269 0.739343
vt 0.693809 0.738085
vt 0.708269 0.738085
vt 0.693809 0.737114
vt 0.708269 0.737114
vt 0.693809 0.737000
vt 0.708269 0.737000
vt 0.727038 0.740261
vt 0.727038 0.739688
vt 0.710292 0.739688
vt 0.710292 0.740261
vt 0.727038 0.741642
vt 0.710292 0.741642
vt 0.727038 0.743022
vt 0.710292 0.743022
vt 0.727038 0.743595
vt 0.710292 0.743595
vt 0.710273 0.738616
vt 0.710273 0.739502
vt 0.710273 0.741642
vt 0.710273 0.743781
vt 0.710273 0.744667
vt 0.698493 0.743781
vt 0.698493 0.744667
vt 0.698493 0.738616
vt 0.698493 0.739502
vt 0.698493 0.741642
vt 0.727053 0.743031
vt 0.727053 0.743603
vt 0.710308 0.743603
vt 0.710308 0.743031
vt 0.727053 0.741651
vt 0.710308 0.741651
vt 0.727053 0.740269
vt 0.710308 0.740269
vt 0.727053 0.739697
vt 0.710308 0.739697
vt 0.710289 0.744676
vt 0.710289 0.743790
vt 0.710289 0.741651
vt 0.710289 0.739510
vt 0.710289 0.738624
vt 0.698508 0.739510
vt 0.698508 0.738624
vt 0.698508 0.744676
vt 0.698508 0.743790
vt 0.698508 0.741651
vt 0.756507 0.756067
vt 0.760302 0.750338
vt 0.767036 0.748971
vt 0.774131 0.759500
vt 0.763603 0.766596
vt 0.757875 0.762801
vt 0.772764 0.752765
vt 0.770337 0.765229
vt 0.758271 0.756439
vt 0.761644 0.751347
vt 0.767630 0.750131
vt 0.773937 0.759490
vt 0.764578 0.765797
vt 0.759486 0.762424
vt 0.772722 0.753504
vt 0.770564 0.764583
vt 0.755392 0.755864
vt 0.759583 0.749538
vt 0.767019 0.748027
vt 0.774856 0.759656
vt 0.763228 0.767492
vt 0.756902 0.763301
vt 0.773346 0.752218
vt 0.770665 0.765981
vt 0.708286 0.737009
vt 0.708286 0.737122
vt 0.708286 0.738093
vt 0.708286 0.740161
vt 0.708286 0.739077
vt 0.708286 0.737818
vt 0.693825 0.737818
vt 0.693825 0.737009
vt 0.693825 0.737122
vt 0.708286 0.739352
vt 0.693825 0.739352
vt 0.693825 0.738093
vt 0.693825 0.740047
vt 0.693825 0.740161
vt 0.708286 0.740047
vt 0.693825 0.739077
vt 0.758119 0.756573
vt 0.761312 0.751753
vt 0.766977 0.750604
vt 0.772946 0.759461
vt 0.764088 0.765431
vt 0.759270 0.762238
vt 0.771796 0.753796
vt 0.769754 0.764280
vt 0.670538 0.741050
vt 0.670540 0.722556
vt 0.665721 0.741050
vt 0.697688 0.723470
vt 0.697688 0.725674
vt 0.697688 0.727877
vt 0.727077 0.724252
vt 0.727077 0.723663
vt 0.709836 0.723663
vt 0.709836 0.724252
vt 0.727077 0.725674
vt 0.709836 0.725674
vt 0.727077 0.727096
vt 0.709836 0.727096
vt 0.727077 0.727684
vt 0.709836 0.727684
vt 0.709817 0.722558
vt 0.709817 0.723470
vt 0.709817 0.725674
vt 0.709817 0.727877
vt 0.709817 0.728789
vt 0.697688 0.728789
vt 0.697688 0.722558
vt 0.727070 0.727100
vt 0.727070 0.727689
vt 0.709829 0.727689
vt 0.709829 0.727100
vt 0.727070 0.725678
vt 0.709829 0.725678
vt 0.727070 0.724256
vt 0.709829 0.724256
vt 0.727070 0.723667
vt 0.709829 0.723667
vt 0.709810 0.728794
vt 0.709810 0.727881
vt 0.709810 0.725678
vt 0.709810 0.723475
vt 0.709810 0.722562
vt 0.697680 0.723475
vt 0.697680 0.722562
vt 0.697680 0.728794
vt 0.697680 0.727881
vt 0.697680 0.725678
vt 0.707754 0.728040
vt 0.707754 0.727207
vt 0.692867 0.727207
vt 0.692867 0.728040
vt 0.707754 0.729336
vt 0.692867 0.729336
vt 0.707754 0.730335
vt 0.692867 0.730335
vt 0.707754 0.730452
vt 0.692867 0.730452
vt 0.684696 0.735237
vt 0.684696 0.736367
vt 0.708527 0.736367
vt 0.708527 0.735237
vt 0.684696 0.732511
vt 0.708527 0.732511
vt 0.684696 0.729784
vt 0.708527 0.729784
vt 0.684696 0.728654
vt 0.708527 0.728654
vt 0.708531 0.735088
vt 0.708531 0.734333
vt 0.708531 0.732511
vt 0.708531 0.730688
vt 0.708531 0.729933
vt 0.732704 0.730688
vt 0.732704 0.729933
vt 0.732704 0.735088
vt 0.732704 0.734333
vt 0.732704 0.732511
vt 0.684688 0.729788
vt 0.684688 0.728658
vt 0.708518 0.728658
vt 0.708518 0.729788
vt 0.684688 0.732514
vt 0.708518 0.732514
vt 0.684688 0.735242
vt 0.708518 0.735242
vt 0.684688 0.736371
vt 0.708518 0.736371
vt 0.708523 0.729937
vt 0.708523 0.730693
vt 0.708523 0.732514
vt 0.708523 0.734337
vt 0.708523 0.735092
vt 0.732697 0.734337
vt 0.732697 0.735092
vt 0.732697 0.729937
vt 0.732697 0.730693
vt 0.732697 0.732514
vt 0.684701 0.727380
vt 0.684701 0.728884
vt 0.684701 0.732514
vt 0.684701 0.736146
vt 0.684701 0.737650
vt 0.684709 0.737645
vt 0.684709 0.736142
vt 0.684709 0.732511
vt 0.684709 0.728879
vt 0.684709 0.727376
vt 0.670046 0.727376
vt 0.670046 0.728879
vt 0.670046 0.732511
vt 0.670046 0.736142
vt 0.670046 0.737645
vt 0.670039 0.737650
vt 0.670039 0.736146
vt 0.670039 0.732514
vt 0.670039 0.728884
vt 0.670039 0.727380
vt 0.732689 0.729209
vt 0.732689 0.730176
vt 0.732689 0.732511
vt 0.732689 0.734845
vt 0.732689 0.735812
vt 0.732681 0.730180
vt 0.732681 0.729213
vt 0.732681 0.732514
vt 0.732681 0.734850
vt 0.732681 0.735816
vt 0.749666 0.729213
vt 0.749666 0.730180
vt 0.749666 0.732514
vt 0.749666 0.734850
vt 0.749666 0.735816
vt 0.749674 0.730176
vt 0.749674 0.729209
vt 0.749674 0.732511
vt 0.749674 0.734845
vt 0.749674 0.735812
vt 0.773024 0.752249
vt 0.774530 0.758988
vt 0.770830 0.764819
vt 0.764091 0.766326
vt 0.758261 0.762626
vt 0.756754 0.755886
vt 0.760454 0.750056
vt 0.767194 0.748549
vt 0.707747 0.727211
vt 0.707747 0.728044
vt 0.707747 0.729340
vt 0.707747 0.730340
vt 0.707747 0.730457
vt 0.707747 0.729623
vt 0.707747 0.728328
vt 0.707747 0.727329
vt 0.692859 0.727329
vt 0.692859 0.727211
vt 0.692859 0.728044
vt 0.692859 0.729340
vt 0.692859 0.730457
vt 0.692859 0.729623
vt 0.692859 0.728328
vt 0.692859 0.730340
vt 0.773100 0.752176
vt 0.774608 0.758923
vt 0.770903 0.764760
vt 0.764157 0.766268
vt 0.758319 0.762564
vt 0.756811 0.755818
vt 0.760515 0.749980
vt 0.767262 0.748471
vt 0.665713 0.741054
vt 0.670532 0.722560
vt 0.670530 0.741054
vt 0.797158 0.313279
vt 0.764360 0.313400
vt 0.781553 0.332430
vt 0.797161 0.313286
vt 0.781556 0.332437
vt 0.764362 0.313408
vt -1.085958 -1.938349
vt -1.085798 -1.879572
vt -1.085874 -1.898449
vt 0.797158 0.313282
vt 0.781553 0.332433
vt 0.764360 0.313403
vt 0.797161 0.313285
vt 0.764362 0.313406
vt 0.781556 0.332435
vt 0.881386 0.504171
vt 0.881386 0.519142
vt 0.871930 0.504171
vt 0.881383 0.506205
vt 0.871928 0.506205
vt 0.881384 0.521176
vt 0.881386 0.506214
vt 0.881386 0.521185
vt 0.871930 0.506214
vt 0.881383 0.504167
vt 0.871928 0.504167
vt 0.881384 0.519138
vt 0.881386 0.506213
vt 0.871930 0.506213
vt 0.881387 0.521184
vt 0.881384 0.504170
vt 0.881384 0.519140
vt 0.871928 0.504170
vt 0.881386 0.504170
vt 0.871930 0.504170
vt 0.881387 0.519140
vt 0.881384 0.506207
vt 0.881384 0.521178
vt 0.871928 0.506207
vt -1.147997 -1.736553
vt -1.153072 -1.738660
vt -1.154908 -1.742922
vt -1.147997 -1.811644
vt -1.108289 -1.736553
vt -1.108289 -1.811644
vt -1.091932 -1.736549
vt -1.091932 -1.811644
vt -1.154908 -1.805769
vt -1.152307 -1.809909
vt 0.941826 0.161239
vt 0.972847 0.161240
vt 0.972846 0.214323
vt 0.941826 0.214322
vt 0.889971 0.161239
vt 0.889969 0.301395
vt 0.941825 0.252113
vt 0.941824 0.301395
vt 0.972845 0.301395
vt 0.972845 0.252114
vt 0.972847 0.214560
vt 0.948550 0.214559
vt 0.948550 0.246474
vt 0.972846 0.246474
vt 0.941823 0.161246
vt 0.889968 0.161245
vt 0.889966 0.299532
vt 0.941823 0.207267
vt 0.972843 0.207267
vt 0.972843 0.161246
vt 0.941822 0.250543
vt 0.948547 0.244512
vt 0.948547 0.207533
vt 0.972843 0.207533
vt 0.972842 0.244512
vt 0.972842 0.250544
vt 0.941822 0.299533
vt 0.972842 0.299534
vt 0.941822 0.301424
vt 0.972842 0.301424
vt 0.889966 0.301423
vt 0.893824 0.537730
vt 0.893824 0.537749
vt 0.880931 0.537749
vt 0.880931 0.537730
vt 0.893823 0.531094
vt 0.880931 0.531094
vt 0.893824 0.518851
vt 0.880931 0.518851
vt 0.893824 0.502865
vt 0.880931 0.502865
vt 0.893809 0.485604
vt 0.881000 0.485594
vt 0.881077 0.449087
vt 0.893801 0.449108
vt 0.887900 0.447287
vt 0.844827 0.400120
vt 0.837970 0.401637
vt 0.837827 0.396208
vt 0.845111 0.394313
vt 0.809895 0.365481
vt 0.806862 0.358452
vt 0.812773 0.358708
vt 0.804857 0.365253
vt 0.766725 0.314143
vt 0.758651 0.314144
vt 0.758649 0.280296
vt 0.766724 0.306485
vt 0.820903 0.306482
vt 0.820904 0.314140
vt 0.828561 0.306481
vt 0.826778 0.311686
vt 0.766724 0.280296
vt 0.767884 0.279494
vt 0.767884 0.304555
vt 0.819727 0.304553
vt 0.820900 0.215210
vt 0.828559 0.215210
vt 0.758648 0.244013
vt 0.766723 0.244012
vt 0.767883 0.244775
vt 0.783795 0.279493
vt 0.803297 0.279493
vt 0.819726 0.279493
vt 0.758647 0.215213
vt 0.766722 0.215212
vt 0.767882 0.217217
vt 0.783794 0.244774
vt 0.784620 0.246244
vt 0.784620 0.278024
vt 0.760419 0.210093
vt 0.766721 0.207554
vt 0.819725 0.217215
vt 0.803297 0.244774
vt 0.802471 0.246243
vt 0.802472 0.278024
vt 0.820899 0.207552
vt 0.826785 0.210088
vt 0.819726 0.244774
vt 0.766723 0.314136
vt 0.758648 0.314137
vt 0.881076 0.449080
vt 0.887898 0.447280
vt 0.893799 0.449100
vt 0.880998 0.469595
vt 0.893806 0.469606
vt 0.893821 0.485662
vt 0.880929 0.485662
vt 0.893821 0.502956
vt 0.880929 0.502956
vt 0.893821 0.518926
vt 0.880929 0.518926
vt 0.893821 0.531142
vt 0.880929 0.531142
vt 0.893821 0.537742
vt 0.880929 0.537742
vt 0.709782 0.497670
vt 0.709782 0.517945
vt 0.751736 0.517945
vt 0.751736 0.497670
vt 0.640422 0.497859
vt 0.640422 0.520579
vt 0.681635 0.520579
vt 0.640422 0.459881
vt 0.681635 0.459881
vt 0.686104 0.520579
vt 0.686104 0.459881
vt 0.704902 0.481270
vt 0.704902 0.519932
vt 0.709782 0.519932
vt 0.709782 0.497664
vt 0.704902 0.458142
vt 0.709782 0.458142
vt 0.751736 0.497664
vt 0.751736 0.458142
vt 0.756295 0.458142
vt 0.756295 0.519932
vt 0.751736 0.519932
vt -1.146604 -1.731084
vt -1.162904 -1.763753
vt -1.090698 -1.763699
vt -1.106949 -1.731084
vt 0.682080 0.176036
vt 0.687663 0.176036
vt 0.687662 0.170741
vt 0.683305 0.172496
vt 0.725122 0.171896
vt 0.687662 0.171897
vt 0.687663 0.176052
vt 0.725122 0.176050
vt 0.725122 0.176034
vt 0.725122 0.170739
vt 0.729192 0.172493
vt 0.730418 0.176033
vt 0.725123 0.201240
vt 0.725124 0.213323
vt 0.725124 0.239141
vt 0.730419 0.239141
vt 0.729186 0.242738
vt 0.725125 0.244436
vt 0.687665 0.239142
vt 0.687665 0.244438
vt 0.682082 0.244438
vt 0.682082 0.239103
vt 0.641740 0.378745
vt 0.641740 0.375789
vt 0.687051 0.375790
vt 0.687051 0.378745
vt 0.687051 0.430574
vt 0.641740 0.430574
vt 0.687051 0.433482
vt 0.641740 0.433482
vt 0.709750 0.414067
vt 0.726546 0.422436
vt 0.726560 0.430276
vt 0.709750 0.430276
vt 0.726560 0.433158
vt 0.709750 0.433158
vt 0.754660 0.433158
vt 0.754660 0.430276
vt 0.632128 0.169990
vt 0.632128 0.175566
vt 0.632128 0.175583
vt 0.632128 0.171208
vt 0.671582 0.169988
vt 0.671582 0.171206
vt 0.677048 0.157347
vt 0.672014 0.157347
vt 0.672015 0.150460
vt 0.679462 0.157347
vt 0.684618 0.150459
vt 0.684618 0.157347
vt 0.590689 0.167574
vt 0.622484 0.167546
vt 0.622484 0.143384
vt 0.594813 0.143384
vt 0.594813 0.142074
vt 0.590689 0.142074
vt 0.684729 0.231347
vt 0.684729 0.221036
vt 0.682081 0.221036
vt 0.682081 0.231347
vt 0.682081 0.239143
vt 0.725123 0.176035
vt 0.684728 0.185668
vt 0.682080 0.185668
vt 0.684728 0.195949
vt 0.682080 0.195949
vt 0.725126 0.239142
vt -1.392477 -1.508447
vt -1.396663 -1.508447
vt -1.396663 -1.541272
vt -1.392477 -1.541272
vt -1.396663 -1.701136
vt -1.392477 -1.701136
vt -1.392477 -1.668310
vt -1.396663 -1.668310
vt 0.682081 0.231381
vt 0.684729 0.231381
vt 0.684729 0.213324
vt 0.682081 0.213324
vt 0.684728 0.185603
vt 0.682080 0.185603
vt 0.682080 0.202360
vt 0.684728 0.202360
vt 0.709750 0.393645
vt 0.726654 0.385224
vt 0.726654 0.422488
vt 0.738198 0.399923
vt 0.738198 0.408848
vt 0.754662 0.399923
vt 0.754662 0.408848
vt -1.524027 -1.769552
vt -1.506695 -1.769552
vt -1.506695 -1.737582
vt -1.524027 -1.737582
vt 0.629037 0.222963
vt 0.629036 0.196540
vt 0.629036 0.185644
vt 0.629037 0.233859
vt 0.629036 0.203292
vt 0.629037 0.214840
vt 0.671449 0.203291
vt 0.671449 0.214839
vt 0.724996 0.213323
vt 0.724996 0.202359
vt -1.434569 -1.622551
vt -1.434569 -1.691833
vt -1.398722 -1.691833
vt -1.398722 -1.622551
vt -1.182793 -1.809670
vt -1.182793 -1.740387
vt -1.203591 -1.740387
vt -1.203591 -1.809670
vt 0.898163 0.180246
vt 0.964003 0.180247
vt 0.964003 0.160357
vt 0.898163 0.160356
vt -1.481546 -1.819328
vt -1.481546 -1.744234
vt -1.497903 -1.744234
vt -1.497903 -1.819327
vt -1.537611 -1.744234
vt -1.537611 -1.819327
vt -1.544523 -1.812956
vt -1.542687 -1.817218
vt -1.544523 -1.750110
vt -1.541921 -1.745970
vt 0.881076 0.449082
vt 0.758649 0.314139
vt 0.766724 0.314139
vt 0.887898 0.447282
vt 0.893799 0.449102
vt 0.880998 0.469598
vt 0.893807 0.469608
vt 0.893821 0.485664
vt 0.880929 0.485664
vt 0.893821 0.502958
vt 0.880929 0.502958
vt 0.893821 0.518929
vt 0.880929 0.518929
vt 0.893821 0.531144
vt 0.880929 0.531144
vt 0.893821 0.537745
vt 0.880929 0.537745
vt 0.972843 0.214330
vt 0.972843 0.161247
vt 0.941823 0.161247
vt 0.941822 0.214329
vt 0.972844 0.214567
vt 0.948547 0.214567
vt 0.972843 0.246482
vt 0.948547 0.246482
vt 0.972842 0.252121
vt 0.889968 0.161246
vt 0.889966 0.301402
vt 0.941822 0.252121
vt 0.972842 0.301403
vt 0.941822 0.301403
vt 0.889969 0.299525
vt 0.889971 0.161238
vt 0.941826 0.161238
vt 0.941826 0.207259
vt 0.941825 0.250536
vt 0.941825 0.299525
vt 0.889969 0.301415
vt 0.941824 0.301416
vt 0.972845 0.299526
vt 0.972845 0.301416
vt 0.972846 0.207260
vt 0.948550 0.207525
vt 0.948550 0.244505
vt 0.972845 0.244506
vt 0.972845 0.250536
vt 0.972847 0.161239
vt 0.972846 0.207525
vt 0.880931 0.537747
vt 0.893824 0.537747
vt 0.893824 0.537728
vt 0.880931 0.537728
vt 0.893824 0.531092
vt 0.880931 0.531092
vt 0.893824 0.518849
vt 0.880931 0.518849
vt 0.893824 0.502864
vt 0.880931 0.502864
vt 0.893809 0.485603
vt 0.881000 0.485592
vt 0.881077 0.449086
vt 0.893802 0.449106
vt 0.887900 0.447285
vt 0.844827 0.400118
vt 0.837970 0.401636
vt 0.837827 0.396207
vt 0.845111 0.394311
vt 0.809895 0.365479
vt 0.806863 0.358450
vt 0.804857 0.365251
vt 0.766725 0.314141
vt 0.758651 0.314142
vt 0.758649 0.280295
vt 0.812773 0.358707
vt 0.709777 0.497670
vt 0.751732 0.497670
vt 0.751732 0.517944
vt 0.709777 0.517944
vt 0.681661 0.520660
vt 0.640447 0.520660
vt 0.640447 0.497940
vt 0.640447 0.459961
vt 0.681661 0.459961
vt 0.686130 0.520660
vt 0.686130 0.459961
vt 0.709777 0.519930
vt 0.704897 0.519930
vt 0.704897 0.481269
vt 0.709777 0.497663
vt 0.704897 0.458141
vt 0.709777 0.458141
vt 0.751732 0.497663
vt 0.751732 0.458141
vt 0.756289 0.458141
vt 0.756289 0.519930
vt 0.751732 0.519930
vt -1.536219 -1.824795
vt -1.496562 -1.824795
vt -1.480312 -1.792179
vt -1.552518 -1.792125
vt 0.682078 0.176041
vt 0.683303 0.172500
vt 0.687660 0.170745
vt 0.687661 0.176040
vt 0.687661 0.176056
vt 0.687660 0.171902
vt 0.725120 0.171900
vt 0.725121 0.176054
vt 0.725120 0.176039
vt 0.725120 0.170744
vt 0.729190 0.172497
vt 0.730416 0.176038
vt 0.725121 0.201244
vt 0.725122 0.213327
vt 0.725122 0.239145
vt 0.687660 0.170746
vt 0.730418 0.239145
vt 0.729185 0.242744
vt 0.725123 0.244441
vt 0.687663 0.239147
vt 0.687664 0.244442
vt 0.682080 0.244442
vt 0.682080 0.239108
vt 0.687053 0.375790
vt 0.641742 0.375789
vt 0.641742 0.378744
vt 0.687053 0.378745
vt 0.687053 0.430574
vt 0.641742 0.430574
vt 0.687053 0.433482
vt 0.641742 0.433482
vt 0.726560 0.430274
vt 0.726546 0.422434
vt 0.709751 0.414065
vt 0.709750 0.430274
vt 0.726560 0.433157
vt 0.754660 0.433157
vt 0.754660 0.430275
vt 0.709750 0.433157
vt 0.679462 0.142762
vt 0.684618 0.142762
vt 0.684618 0.149648
vt 0.672015 0.149648
vt 0.677048 0.142762
vt 0.672014 0.142762
vt 0.590942 0.168621
vt 0.590942 0.143122
vt 0.595066 0.143122
vt 0.595066 0.144433
vt 0.622738 0.144433
vt 0.622738 0.168593
vt 0.682080 0.221040
vt 0.684727 0.221040
vt 0.684727 0.231351
vt 0.682080 0.231351
vt 0.682080 0.239148
vt 0.725121 0.176040
vt 0.725124 0.239147
vt 0.684726 0.185673
vt 0.682079 0.185673
vt 0.684726 0.195953
vt 0.682079 0.195953
vt -1.819277 -1.508447
vt -1.819277 -1.541272
vt -1.815092 -1.541272
vt -1.815092 -1.508447
vt -1.815094 -1.701136
vt -1.815094 -1.668310
vt -1.819279 -1.668310
vt -1.819279 -1.701136
vt 0.726654 0.385223
vt 0.709751 0.393644
vt 0.726654 0.422487
vt 0.738198 0.399921
vt 0.738198 0.408847
vt 0.754662 0.399921
vt 0.754662 0.408848
vt -1.134412 -1.786326
vt -1.134412 -1.818297
vt -1.117080 -1.818297
vt -1.117080 -1.786326
vt 0.629066 0.185614
vt 0.629066 0.196510
vt 0.629066 0.222932
vt 0.629066 0.233829
vt 0.629066 0.203262
vt 0.629066 0.214811
vt 0.671478 0.203261
vt 0.671479 0.214809
vt 0.682079 0.202364
vt 0.724995 0.202363
vt 0.724995 0.213328
vt 0.682080 0.213329
vt 0.726574 0.385250
vt 0.726560 0.378904
vt 0.709751 0.374593
vt 0.726560 0.374593
vt 0.754660 0.374594
vt 0.754687 0.378937
vt 0.579482 0.142263
vt 0.579482 0.167735
vt 0.551811 0.167735
vt 0.547687 0.167760
vt 0.547686 0.142235
vt -1.777187 -1.622551
vt -1.813034 -1.622551
vt -1.813034 -1.691833
vt -1.777187 -1.691833
vt -1.572407 -1.746209
vt -1.593206 -1.746209
vt -1.593206 -1.815491
vt -1.572407 -1.815491
vt 0.880684 0.448411
vt 0.851935 0.416397
vt 0.851935 0.450565
vt 0.880684 0.450582
vt 0.872133 0.479096
vt 0.880684 0.479096
vt 0.872133 0.489310
vt 0.880684 0.489310
vt 0.880683 0.450579
vt 0.880683 0.479092
vt 0.872130 0.479092
vt 0.851933 0.450563
vt 0.880683 0.448409
vt 0.851933 0.416394
vt -1.685899 -1.905549
vt -1.685899 -1.894385
vt -1.695246 -1.894385
vt -1.695246 -1.905549
vt -1.295357 -1.780542
vt -1.295357 -1.764883
vt -1.330347 -1.764883
vt -1.330347 -1.780542
vt -1.332720 -1.764883
vt -1.332720 -1.780542
vt -1.363883 -1.764883
vt -1.363883 -1.780542
vt -1.375047 -1.764883
vt -1.375047 -1.780542
vt 0.940723 0.267452
vt 0.925841 0.267452
vt 0.925841 0.302940
vt 0.940723 0.302940
vt 0.925841 0.332571
vt 0.940722 0.332572
vt 0.925840 0.343181
vt 0.940722 0.343182
vt -1.695246 -1.542246
vt -1.695246 -1.557907
vt -1.685899 -1.557907
vt -1.685899 -1.542246
vt 0.851935 0.450567
vt 0.851935 0.416399
vt 0.880684 0.448413
vt 0.880684 0.450583
vt 0.872133 0.479097
vt 0.880684 0.479097
vt 0.872133 0.489312
vt 0.880684 0.489312
vt 0.880682 0.448406
vt 0.851932 0.416392
vt 0.851932 0.450560
vt 0.880682 0.450577
vt 0.872130 0.479089
vt 0.880682 0.479089
vt 0.872130 0.489304
vt 0.880682 0.489304
vt -1.719962 -1.790996
vt -1.684972 -1.790996
vt -1.684972 -1.775336
vt -1.719962 -1.775336
vt -1.722333 -1.790996
vt -1.722333 -1.775336
vt -1.753497 -1.790996
vt -1.753497 -1.775336
vt -1.764662 -1.790996
vt -1.764662 -1.775336
vt 0.925844 0.302932
vt 0.925845 0.267444
vt 0.940726 0.267444
vt 0.940726 0.302932
vt 0.925844 0.332564
vt 0.940725 0.332564
vt 0.925843 0.343174
vt 0.940725 0.343174
vt -1.516509 -1.542246
vt -1.525856 -1.542246
vt -1.525856 -1.557907
vt -1.516509 -1.557907
vt 0.871789 0.505854
vt 0.871789 0.509888
vt 0.881395 0.509888
vt 0.881395 0.505854
vt 0.871789 0.498860
vt 0.881395 0.498860
vt 0.871789 0.490779
vt 0.881395 0.490779
vt 0.871789 0.483777
vt 0.881395 0.483777
vt 0.871789 0.479729
vt 0.881395 0.479729
vt 0.871789 0.479722
vt 0.881395 0.479722
vt 0.881397 0.509887
vt 0.881397 0.509895
vt 0.871790 0.509895
vt 0.871790 0.509887
vt 0.881397 0.505840
vt 0.871790 0.505840
vt 0.881397 0.498838
vt 0.871790 0.498838
vt 0.881397 0.490757
vt 0.871790 0.490757
vt 0.881397 0.483762
vt 0.871790 0.483762
vt 0.881397 0.479729
vt 0.871790 0.479729
vt -1.526622 -1.878145
vt -1.516288 -1.878145
vt -1.516288 -1.875915
vt -1.526622 -1.875915
vt 0.939278 0.358607
vt 0.954827 0.374156
vt 0.952708 0.376276
vt 0.937159 0.360726
vt -1.797265 -1.805836
vt -1.780902 -1.789473
vt -1.783133 -1.787244
vt -1.799495 -1.803606
vt -1.527925 -1.661908
vt -1.516298 -1.661908
vt -1.516298 -1.644734
vt -1.527925 -1.644734
vt 0.919245 0.365336
vt 0.919245 0.354682
vt 0.935565 0.354683
vt 0.935565 0.365336
vt 0.919245 0.395076
vt 0.935564 0.395076
vt 0.935562 0.395084
vt 0.935563 0.365344
vt 0.919242 0.365344
vt 0.919242 0.395084
vt -1.787983 -1.785566
vt -1.776773 -1.785566
vt -1.776773 -1.768392
vt -1.787983 -1.768392
vt 0.871938 0.510650
vt 0.871938 0.500393
vt 0.882577 0.500393
vt 0.882577 0.510650
vt 0.879512 0.539284
vt 0.894476 0.510650
vt 0.894476 0.539284
vt -1.540930 -1.644734
vt -1.540930 -1.661908
vt 0.882575 0.500386
vt 0.871936 0.500386
vt 0.871936 0.510643
vt 0.882575 0.510643
vt 0.879510 0.539277
vt 0.894475 0.539277
vt 0.894475 0.510643
vt -1.526623 -1.642792
vt -1.516289 -1.642792
vt -1.516289 -1.640561
vt -1.526623 -1.640561
vt 0.917399 0.360729
vt 0.901849 0.376278
vt 0.899731 0.374159
vt 0.915280 0.358610
vt -1.799498 -1.750088
vt -1.783136 -1.766450
vt -1.780906 -1.764220
vt -1.797269 -1.747858
vt 0.881396 0.509891
vt 0.871789 0.509891
vt 0.871789 0.505857
vt 0.881396 0.505857
vt 0.871789 0.498863
vt 0.881396 0.498863
vt 0.871789 0.490782
vt 0.881396 0.490782
vt 0.871789 0.483780
vt 0.881396 0.483780
vt 0.871789 0.479732
vt 0.881396 0.479732
vt 0.871789 0.479724
vt 0.881396 0.479724
vt 0.871790 0.509893
vt 0.881397 0.509893
vt 0.881397 0.509886
vt 0.871790 0.509886
vt 0.881397 0.505838
vt 0.871790 0.505838
vt 0.881397 0.498836
vt 0.871790 0.498836
vt 0.881397 0.490755
vt 0.871790 0.490755
vt 0.881397 0.483761
vt 0.871790 0.483761
vt 0.881397 0.479727
vt 0.871790 0.479727
vt -1.683831 -1.661908
vt -1.683831 -1.644734
vt -1.695459 -1.644734
vt -1.695459 -1.661908
vt 0.935563 0.354691
vt 0.919242 0.354690
vt -1.398369 -1.770313
vt -1.398369 -1.787486
vt -1.387158 -1.787486
vt -1.387158 -1.770313
vt 0.879512 0.539282
vt 0.894476 0.539282
vt 0.894476 0.510649
vt 0.882577 0.510649
vt 0.871938 0.510649
vt 0.882577 0.500391
vt 0.871938 0.500391
vt -1.670826 -1.661908
vt -1.670826 -1.644734
vt 0.882575 0.510645
vt 0.894475 0.510645
vt 0.894475 0.539280
vt 0.879510 0.539280
vt 0.871936 0.510645
vt 0.882575 0.500389
vt 0.871936 0.500389
vt -1.685133 -1.642792
vt -1.685133 -1.640561
vt -1.695467 -1.640561
vt -1.695467 -1.642792
vt 0.917396 0.360737
vt 0.915278 0.358617
vt 0.899728 0.374167
vt 0.901847 0.376286
vt -1.409884 -1.805790
vt -1.407654 -1.808021
vt -1.391292 -1.791658
vt -1.393521 -1.789429
vt -1.685132 -1.878145
vt -1.685132 -1.875915
vt -1.695467 -1.875915
vt -1.695467 -1.878145
vt 0.939276 0.358615
vt 0.937156 0.360734
vt 0.952705 0.376283
vt 0.954824 0.374164
vt -1.407650 -1.750043
vt -1.409881 -1.752273
vt -1.393518 -1.768635
vt -1.391289 -1.766405
vt 0.972781 0.339312
vt 0.972736 0.357252
vt 0.953194 0.386569
vt 0.889325 0.373939
vt 0.882414 0.339389
vt 0.889840 0.322703
vt 0.965881 0.373854
vt 0.882433 0.357351
vt 0.936606 0.393462
vt 0.918644 0.393482
vt 0.902041 0.386627
vt 0.889838 0.322721
vt 0.882411 0.339397
vt 0.882430 0.357359
vt 0.902038 0.386634
vt 0.965878 0.373861
vt 0.972778 0.339331
vt 0.889323 0.373946
vt 0.972734 0.357259
vt 0.918641 0.393490
vt 0.936603 0.393470
vt 0.953191 0.386577
vt 0.754660 0.374595
vt 0.754687 0.378938
vt 0.726560 0.378906
vt 0.726560 0.374595
vt 0.709750 0.374595
vt 0.726574 0.385251
vt 0.549389 0.151749
vt 0.547433 0.151749
vt 0.547433 0.166688
vt 0.579135 0.166688
vt 0.579135 0.151749
vt 0.592645 0.157012
vt 0.622391 0.157012
vt 0.622391 0.142072
vt 0.590690 0.157012
vt 0.590690 0.142072
vt 0.579230 0.141215
vt 0.547434 0.141188
vt 0.547434 0.166712
vt 0.551558 0.166688
vt 0.579229 0.166688
vt 0.905945 0.170611
vt 0.906430 0.168192
vt 0.909200 0.166401
vt 0.909201 0.174797
vt 0.906430 0.173031
vt 0.906430 0.173682
vt 0.909201 0.175927
vt 0.952682 0.175930
vt 0.952682 0.174800
vt 0.955729 0.173682
vt 0.952681 0.166403
vt 0.955729 0.173032
vt 0.956213 0.170612
vt 0.955729 0.168193
vt 0.684209 0.413521
vt 0.684211 0.422020
vt 0.684209 0.392891
vt 0.683115 0.390254
vt 0.680900 0.389300
vt 0.648247 0.389300
vt 0.646096 0.390652
vt 0.645194 0.392891
vt 0.645194 0.413521
vt 0.645194 0.422020
vt 0.889838 0.322710
vt 0.889840 0.322713
vt 0.972781 0.339323
vt 0.828559 0.215208
vt 0.826786 0.210087
vt 0.820899 0.207550
vt 0.820900 0.215209
vt 0.828561 0.306480
vt 0.820903 0.306481
vt 0.820904 0.314139
vt 0.826778 0.311684
vt 0.766721 0.207553
vt 0.766722 0.215210
vt 0.819725 0.217214
vt 0.819726 0.244772
vt 0.819727 0.279491
vt 0.819727 0.304551
vt 0.760419 0.210091
vt 0.758647 0.215211
vt 0.766723 0.244010
vt 0.767882 0.217215
vt 0.783795 0.244774
vt 0.803297 0.244773
vt 0.803297 0.279492
vt 0.767885 0.304554
vt 0.758648 0.244011
vt 0.766724 0.280294
vt 0.767883 0.244774
vt 0.783796 0.279493
vt 0.784620 0.246242
vt 0.802472 0.246242
vt 0.802472 0.278022
vt 0.766724 0.306483
vt 0.767884 0.279493
vt 0.784621 0.278023
vt 0.909197 0.166408
vt 0.906427 0.168200
vt 0.905942 0.170619
vt 0.909198 0.174805
vt 0.952679 0.166411
vt 0.955726 0.173038
vt 0.955727 0.168201
vt 0.956211 0.170620
vt 0.955726 0.173690
vt 0.906427 0.173038
vt 0.909198 0.175935
vt 0.952680 0.175937
vt 0.952680 0.174807
vt 0.906427 0.173690
vt -1.754196 -1.772499
vt -1.758620 -1.764854
vt -1.766274 -1.760446
vt -1.782750 -1.764879
vt -1.775073 -1.793417
vt -1.758596 -1.788984
vt -1.754188 -1.781330
vt -1.775105 -1.760454
vt -1.766241 -1.793408
vt -1.787158 -1.772532
vt -1.787150 -1.781364
vt -1.782726 -1.789008
vt 0.923178 0.364552
vt 0.915906 0.360363
vt 0.911702 0.353098
vt 0.915883 0.337432
vt 0.943017 0.344674
vt 0.938836 0.360340
vt 0.931571 0.364544
vt 0.911693 0.344705
vt 0.943026 0.353067
vt 0.923148 0.333229
vt 0.931541 0.333220
vt 0.938813 0.337409
vt -1.393135 -1.791000
vt -1.385492 -1.795424
vt -1.376659 -1.795433
vt -1.364582 -1.783380
vt -1.385459 -1.762462
vt -1.397535 -1.774515
vt -1.397544 -1.783347
vt -1.369005 -1.791024
vt -1.393112 -1.766870
vt -1.364573 -1.774548
vt -1.368982 -1.766895
vt -1.376626 -1.762470
vt 0.915880 0.337439
vt 0.911690 0.344713
vt 0.911699 0.353106
vt 0.923176 0.364560
vt 0.943015 0.344682
vt 0.931538 0.333228
vt 0.923145 0.333236
vt 0.915903 0.360371
vt 0.938811 0.337417
vt 0.931569 0.364551
vt 0.938833 0.360348
vt 0.943022 0.353075
vt 0.839025 0.156019
vt 0.836761 0.156019
vt 0.836761 0.140764
vt 0.839025 0.140764
vt 0.844493 0.156019
vt 0.844493 0.140764
vt 0.849960 0.156019
vt 0.849960 0.140764
vt 0.852225 0.156019
vt 0.852225 0.140764
vt 0.839025 0.212569
vt 0.836761 0.212569
vt 0.836761 0.197314
vt 0.839025 0.197314
vt 0.844493 0.212569
vt 0.844493 0.197314
vt 0.849960 0.212569
vt 0.849960 0.197314
vt 0.852225 0.212569
vt 0.852225 0.197314
vt 0.837581 0.175443
vt 0.834719 0.175443
vt 0.834719 0.155981
vt 0.837581 0.155981
vt 0.844493 0.175443
vt 0.844493 0.155981
vt 0.851404 0.175443
vt 0.851404 0.155981
vt 0.854267 0.175443
vt 0.854267 0.155981
vt 0.837581 0.197353
vt 0.834719 0.197353
vt 0.834719 0.177890
vt 0.837581 0.177890
vt 0.844493 0.197353
vt 0.844493 0.177890
vt 0.851404 0.197353
vt 0.851404 0.177890
vt 0.854267 0.197353
vt 0.854267 0.177890
vt -0.957039 -2.171984
vt -0.960796 -2.162915
vt -0.969867 -2.159157
vt -0.982693 -2.171984
vt -0.969867 -2.184812
vt -0.960796 -2.181056
vt -0.978937 -2.162915
vt -0.978937 -2.181056
vt 0.666459 0.196224
vt 0.660416 0.198727
vt 0.668962 0.190180
vt 0.668055 0.197820
vt 0.671220 0.190180
vt 0.666459 0.184137
vt 0.660416 0.200984
vt 0.652776 0.197820
vt 0.654372 0.196224
vt 0.649612 0.190180
vt 0.651869 0.190180
vt 0.652776 0.182540
vt 0.654372 0.184137
vt 0.660416 0.179376
vt 0.660416 0.181633
vt 0.668055 0.182540
vt 0.708753 0.184205
vt 0.706377 0.189943
vt 0.714491 0.181828
vt 0.720229 0.184205
vt 0.722606 0.189943
vt -0.990558 -2.171984
vt -0.994315 -2.162915
vt -1.003386 -2.159157
vt -1.016212 -2.171984
vt -1.003386 -2.184812
vt -0.994315 -2.181056
vt -1.012455 -2.162915
vt -1.012455 -2.181056
vt 0.644125 0.234290
vt 0.638082 0.236793
vt 0.638082 0.239051
vt 0.645722 0.235886
vt 0.646629 0.228247
vt 0.648886 0.228247
vt 0.644125 0.222203
vt 0.645722 0.220607
vt 0.638082 0.219700
vt 0.630442 0.235886
vt 0.632038 0.234290
vt 0.627278 0.228247
vt 0.629535 0.228247
vt 0.630442 0.220607
vt 0.632038 0.222203
vt 0.638082 0.217442
vt 0.804587 0.156019
vt 0.802323 0.156019
vt 0.802323 0.140764
vt 0.804587 0.140764
vt 0.810055 0.156019
vt 0.810055 0.140764
vt 0.815522 0.156019
vt 0.815522 0.140764
vt 0.817787 0.156019
vt 0.817787 0.140764
vt 0.701402 0.226085
vt 0.699025 0.231823
vt 0.699025 0.220347
vt 0.693287 0.217970
vt 0.803143 0.175443
vt 0.800281 0.175443
vt 0.800281 0.155981
vt 0.803143 0.155981
vt 0.810055 0.175443
vt 0.810055 0.155981
vt 0.816966 0.175443
vt 0.816966 0.155981
vt 0.819829 0.175443
vt 0.819829 0.155981
vt 0.803143 0.197353
vt 0.800281 0.197353
vt 0.800281 0.177890
vt 0.803143 0.177890
vt 0.810055 0.197353
vt 0.810055 0.177890
vt 0.816966 0.197353
vt 0.816966 0.177890
vt 0.819829 0.197353
vt 0.819829 0.177890
vt -0.957039 -2.114854
vt -0.960796 -2.105784
vt -0.969867 -2.102026
vt -0.982693 -2.114854
vt -0.969867 -2.127681
vt -0.960796 -2.123924
vt -0.978937 -2.105784
vt -0.978937 -2.123924
vt 0.666459 0.234290
vt 0.660416 0.236793
vt 0.660416 0.239051
vt 0.668055 0.235886
vt 0.668962 0.228247
vt 0.671220 0.228247
vt 0.666459 0.222203
vt 0.668055 0.220607
vt 0.660416 0.219700
vt 0.652776 0.235886
vt 0.654372 0.234290
vt 0.649612 0.228247
vt 0.651869 0.228247
vt 0.652776 0.220607
vt 0.654372 0.222203
vt 0.660416 0.217442
vt 0.706377 0.226085
vt 0.708753 0.220347
vt -1.777113 -1.669084
vt -1.768043 -1.669084
vt -1.768043 -1.643776
vt -1.777113 -1.643776
vt 0.722606 0.226085
vt 0.720229 0.231823
vt 0.720229 0.220347
vt 0.714491 0.217970
vt -0.990558 -2.114854
vt -0.994315 -2.105784
vt -1.003386 -2.102026
vt -1.016212 -2.114854
vt -1.003386 -2.127681
vt -0.994315 -2.123924
vt -1.012455 -2.105784
vt -1.012455 -2.123924
vt 0.666385 0.196253
vt 0.668889 0.190210
vt 0.660342 0.198757
vt 0.654298 0.196253
vt 0.651795 0.190210
vt 0.671146 0.190210
vt 0.667982 0.197850
vt 0.660342 0.201014
vt 0.652702 0.197850
vt 0.649538 0.190210
vt 0.654298 0.184166
vt 0.667982 0.182571
vt 0.666385 0.184166
vt 0.660342 0.179406
vt 0.660342 0.181664
vt 0.652702 0.182571
vt 0.720188 0.184201
vt 0.722565 0.189939
vt 0.714450 0.181824
vt 0.708713 0.184201
vt 0.706336 0.189939
vt 0.770889 0.196317
vt 0.768637 0.196317
vt 0.768637 0.181013
vt 0.770889 0.181013
vt 0.776325 0.196317
vt 0.776325 0.181013
vt 0.781760 0.196317
vt 0.781760 0.181013
vt 0.784011 0.196317
vt 0.784011 0.181013
vt 0.770889 0.167345
vt 0.768637 0.167345
vt 0.768637 0.152040
vt 0.770889 0.152040
vt 0.776325 0.167345
vt 0.776325 0.152040
vt 0.781760 0.167345
vt 0.781760 0.152040
vt 0.784011 0.167345
vt 0.784011 0.152040
vt -1.314955 -2.171984
vt -1.318712 -2.162915
vt -1.327782 -2.159157
vt -1.340609 -2.171984
vt -1.327782 -2.184812
vt -1.318712 -2.181056
vt -1.336853 -2.162915
vt -1.336853 -2.181056
vt 0.644052 0.196253
vt 0.646555 0.190210
vt 0.638008 0.198757
vt 0.645648 0.197850
vt 0.638008 0.201014
vt 0.631965 0.196253
vt 0.648812 0.190210
vt 0.645648 0.182571
vt 0.644052 0.184166
vt 0.638008 0.179406
vt 0.638008 0.181664
vt 0.630369 0.182571
vt 0.631965 0.184166
vt 0.627204 0.190210
vt 0.629461 0.190210
vt 0.630369 0.197850
vt 0.698984 0.184201
vt 0.701361 0.189939
vt 0.693246 0.181824
vt 0.772024 0.179312
vt 0.770243 0.179312
vt 0.770243 0.167314
vt 0.772024 0.167314
vt 0.776325 0.179312
vt 0.776325 0.167314
vt 0.780624 0.179312
vt 0.780624 0.167314
vt 0.782405 0.179312
vt 0.782405 0.167314
vt -1.348474 -2.171984
vt -1.352231 -2.162915
vt -1.361301 -2.159157
vt -1.374128 -2.171984
vt -1.361301 -2.184812
vt -1.352231 -2.181056
vt -1.370371 -2.162915
vt -1.370371 -2.181056
vt 0.660342 0.236824
vt 0.666385 0.234320
vt 0.654298 0.234320
vt 0.660342 0.239081
vt 0.652702 0.235916
vt 0.651795 0.228276
vt 0.667982 0.235916
vt 0.671146 0.228276
vt 0.668889 0.228276
vt 0.667982 0.220637
vt 0.666385 0.222233
vt 0.660342 0.217473
vt 0.660342 0.219730
vt 0.652702 0.220637
vt 0.654298 0.222233
vt 0.649538 0.228276
vt 0.706336 0.226081
vt 0.708713 0.231819
vt 0.708713 0.220343
vt 0.714450 0.217966
vt 0.720188 0.220343
vt 0.722565 0.226081
vt 0.720188 0.231819
vt 0.743806 0.196317
vt 0.741555 0.196317
vt 0.741555 0.181013
vt 0.743806 0.181013
vt 0.749241 0.196317
vt 0.749241 0.181013
vt 0.754677 0.196317
vt 0.754677 0.181013
vt 0.756929 0.196317
vt 0.756929 0.181013
vt 0.743806 0.167345
vt 0.741555 0.167345
vt 0.741555 0.152040
vt 0.743806 0.152040
vt 0.749241 0.167345
vt 0.749241 0.152040
vt 0.754677 0.167345
vt 0.754677 0.152040
vt 0.756929 0.167345
vt 0.756929 0.152040
vt -1.314955 -2.114854
vt -1.318712 -2.105784
vt -1.327782 -2.102026
vt -1.340609 -2.114854
vt -1.327782 -2.127681
vt -1.318712 -2.123924
vt -1.336853 -2.105784
vt -1.336853 -2.123924
vt 0.638008 0.236824
vt 0.644052 0.234320
vt 0.645648 0.235916
vt 0.638008 0.239081
vt 0.631965 0.234320
vt 0.630369 0.235916
vt 0.629461 0.228276
vt 0.627204 0.228276
vt 0.631965 0.222233
vt 0.648812 0.228276
vt 0.646555 0.228276
vt 0.645648 0.220637
vt 0.644052 0.222233
vt 0.638008 0.217473
vt 0.638008 0.219730
vt 0.630369 0.220637
vt 0.701361 0.226081
vt 0.698984 0.231819
vt 0.698984 0.220343
vt 0.693246 0.217966
vt 0.744942 0.179312
vt 0.743161 0.179312
vt 0.743161 0.167314
vt 0.744942 0.167314
vt 0.749241 0.179312
vt 0.749241 0.167314
vt 0.753541 0.179312
vt 0.753541 0.167314
vt 0.755323 0.179312
vt 0.755323 0.167314
vt -1.348474 -2.114854
vt -1.352231 -2.105784
vt -1.361301 -2.102026
vt -1.374128 -2.114854
vt -1.361301 -2.127681
vt -1.352231 -2.123924
vt -1.370371 -2.105784
vt -1.370371 -2.123924
vt 0.632156 0.169959
vt 0.632156 0.171178
vt 0.632157 0.175553
vt 0.632157 0.175537
vt 0.682080 0.231386
vt 0.684727 0.213329
vt 0.684727 0.231385
vt 0.684726 0.185608
vt 0.684726 0.202364
vt 0.682079 0.185608
vt 0.549641 0.152797
vt 0.579387 0.152797
vt 0.579387 0.167737
vt 0.547686 0.167737
vt 0.547686 0.152797
vt 0.622645 0.143121
vt 0.622645 0.158060
vt 0.592899 0.158060
vt 0.590943 0.158060
vt 0.590943 0.143121
vt 0.898166 0.180238
vt 0.898166 0.160349
vt 0.964005 0.160350
vt 0.964005 0.180239
vt 0.707238 0.233339
vt 0.704233 0.226085
vt 0.705992 0.226085
vt 0.708481 0.232095
vt 0.714491 0.236343
vt 0.714491 0.234585
vt 0.721745 0.233339
vt 0.720501 0.232095
vt 0.724749 0.226085
vt 0.709195 0.226085
vt 0.710746 0.229830
vt 0.714491 0.231382
vt 0.718236 0.229830
vt 0.722991 0.226085
vt 0.721745 0.218832
vt 0.710746 0.222340
vt 0.718236 0.222340
vt 0.708481 0.220075
vt 0.714491 0.220789
vt 0.714491 0.217586
vt 0.720501 0.220075
vt 0.719788 0.226085
vt 0.714491 0.215827
vt 0.707238 0.218832
vt -1.784257 -2.114854
vt -1.779508 -2.126319
vt -1.777543 -2.124354
vt -1.781478 -2.114854
vt 0.683450 0.413521
vt 0.683450 0.392891
vt 0.682431 0.391089
vt 0.680900 0.390240
vt 0.648247 0.390240
vt 0.680900 0.413521
vt 0.680900 0.392891
vt 0.648247 0.392891
vt 0.646842 0.391079
vt 0.648247 0.413521
vt 0.645953 0.413521
vt 0.645953 0.392891
vt 0.906427 0.169500
vt 0.906427 0.171099
vt 0.909197 0.168663
vt 0.952679 0.168665
vt 0.955727 0.169500
vt 0.906427 0.172569
vt 0.909197 0.171439
vt 0.952680 0.171441
vt 0.955727 0.171099
vt 0.955726 0.172570
vt 0.955726 0.173518
vt 0.906427 0.173518
vt 0.909198 0.173991
vt 0.952680 0.173994
vt 0.952680 0.175640
vt 0.909198 0.175637
vt 0.906430 0.169492
vt 0.909200 0.168655
vt 0.906430 0.171091
vt 0.906430 0.172562
vt 0.906430 0.173510
vt 0.909201 0.175629
vt 0.952681 0.168659
vt 0.952682 0.171434
vt 0.909200 0.171431
vt 0.909201 0.173984
vt 0.952682 0.175632
vt 0.955729 0.169492
vt 0.955729 0.171092
vt 0.952682 0.173986
vt 0.955729 0.172562
vt 0.955729 0.173511
vt 0.644125 0.184137
vt 0.646629 0.190180
vt 0.648886 0.190180
vt 0.645722 0.197820
vt 0.644125 0.196224
vt 0.638082 0.200984
vt 0.638082 0.198727
vt 0.630442 0.197820
vt 0.632038 0.196224
vt 0.627278 0.190180
vt 0.629535 0.190180
vt 0.630442 0.182540
vt 0.632038 0.184137
vt 0.638082 0.179376
vt 0.638082 0.181633
vt 0.645722 0.182540
vt 0.645196 0.422020
vt 0.684213 0.422020
vt 0.680903 0.413521
vt 0.683452 0.413521
vt 0.683452 0.392891
vt 0.680903 0.392891
vt 0.648249 0.413521
vt 0.645956 0.413521
vt 0.645196 0.413521
vt 0.645196 0.392891
vt 0.684212 0.413521
vt 0.684212 0.392891
vt 0.683117 0.390254
vt 0.682433 0.391089
vt 0.680903 0.390240
vt 0.648249 0.392891
vt 0.645956 0.392891
vt 0.646098 0.390652
vt 0.646845 0.391079
vt 0.648249 0.389300
vt 0.680903 0.389300
vt 0.648249 0.390239
vt 0.703544 0.189943
vt 0.700540 0.197197
vt 0.699297 0.195954
vt 0.693287 0.198444
vt 0.693287 0.195240
vt 0.697031 0.193688
vt 0.701787 0.189943
vt 0.700540 0.182691
vt 0.699297 0.183933
vt 0.693287 0.179686
vt 0.693287 0.200201
vt 0.687276 0.195954
vt 0.689542 0.193688
vt 0.697031 0.186199
vt 0.698584 0.189943
vt 0.693287 0.181444
vt 0.686034 0.182691
vt 0.686034 0.197197
vt 0.684787 0.189943
vt 0.687991 0.189943
vt 0.689542 0.186199
vt 0.693287 0.184648
vt 0.687276 0.183933
vt 0.683029 0.189943
vt 0.724749 0.189943
vt 0.721745 0.197197
vt 0.720501 0.195954
vt 0.714491 0.198444
vt 0.714491 0.195240
vt 0.718236 0.193688
vt 0.722991 0.189943
vt 0.721745 0.182691
vt 0.720501 0.183933
vt 0.714491 0.179686
vt 0.714491 0.200201
vt 0.708481 0.195954
vt 0.710746 0.193688
vt 0.718236 0.186199
vt 0.719788 0.189943
vt 0.714491 0.181444
vt 0.707238 0.182691
vt 0.707238 0.197197
vt 0.705992 0.189943
vt 0.709195 0.189943
vt 0.710746 0.186199
vt 0.714491 0.184648
vt 0.708481 0.183933
vt 0.704233 0.189943
vt 0.703544 0.226085
vt 0.700540 0.233339
vt 0.699297 0.232095
vt 0.693287 0.234585
vt 0.693287 0.231382
vt 0.697031 0.229830
vt 0.701787 0.226085
vt 0.700540 0.218832
vt 0.699297 0.220075
vt 0.693287 0.215827
vt 0.693287 0.236343
vt 0.687276 0.232095
vt 0.689542 0.229830
vt 0.697031 0.222340
vt 0.698584 0.226085
vt 0.693287 0.217586
vt 0.686034 0.218832
vt 0.686034 0.233339
vt 0.684787 0.226085
vt 0.687991 0.226085
vt 0.689542 0.222340
vt 0.693287 0.220789
vt 0.687276 0.220075
vt 0.683029 0.226085
vt 0.704192 0.189939
vt 0.707197 0.197192
vt 0.708440 0.195950
vt 0.714450 0.198439
vt 0.714450 0.195235
vt 0.710705 0.193684
vt 0.705951 0.189939
vt 0.707197 0.182686
vt 0.708440 0.183929
vt 0.714450 0.179682
vt 0.714450 0.200197
vt 0.720460 0.195950
vt 0.718195 0.193684
vt 0.710705 0.186194
vt 0.709154 0.189939
vt 0.714450 0.181439
vt 0.721704 0.182686
vt 0.721704 0.197192
vt 0.722950 0.189939
vt 0.719747 0.189939
vt 0.718195 0.186194
vt 0.714450 0.184642
vt 0.720460 0.183929
vt 0.724709 0.189939
vt 0.682988 0.189939
vt 0.685993 0.197192
vt 0.687235 0.195950
vt 0.693246 0.198439
vt 0.693246 0.195235
vt 0.689501 0.193684
vt 0.684746 0.189939
vt 0.685993 0.182686
vt 0.687235 0.183929
vt 0.693246 0.179682
vt 0.693246 0.200197
vt 0.699257 0.195950
vt 0.696992 0.193684
vt 0.689501 0.186194
vt 0.687950 0.189939
vt 0.693246 0.181439
vt 0.700499 0.182686
vt 0.700499 0.197192
vt 0.701746 0.189939
vt 0.698542 0.189939
vt 0.696992 0.186194
vt 0.693246 0.184642
vt 0.699257 0.183929
vt 0.703504 0.189939
vt 0.704192 0.226081
vt 0.707197 0.233334
vt 0.708440 0.232091
vt 0.714450 0.234580
vt 0.714450 0.231377
vt 0.710705 0.229826
vt 0.705951 0.226081
vt 0.707197 0.218827
vt 0.708440 0.220071
vt 0.714450 0.215823
vt 0.714450 0.236338
vt 0.720460 0.232091
vt 0.718195 0.229826
vt 0.710705 0.222336
vt 0.709154 0.226081
vt 0.714450 0.217581
vt 0.721704 0.218827
vt 0.721704 0.233334
vt 0.722950 0.226081
vt 0.719747 0.226081
vt 0.718195 0.222336
vt 0.714450 0.220784
vt 0.720460 0.220071
vt 0.724709 0.226081
vt 0.682988 0.226081
vt 0.685993 0.233334
vt 0.687235 0.232091
vt 0.693246 0.234580
vt 0.693246 0.231377
vt 0.689501 0.229826
vt 0.684746 0.226081
vt 0.685993 0.218827
vt 0.687235 0.220071
vt 0.693246 0.215823
vt 0.693246 0.236338
vt 0.699257 0.232091
vt 0.696992 0.229826
vt 0.689501 0.222336
vt 0.687950 0.226081
vt 0.693246 0.217581
vt 0.700499 0.218827
vt 0.700499 0.233334
vt 0.701746 0.226081
vt 0.698542 0.226081
vt 0.696992 0.222336
vt 0.693246 0.220784
vt 0.699257 0.220071
vt 0.703504 0.226081
s 0
f 975/762/154 976/763/154 977/764/154
f 978/765/155 979/766/155 980/767/155
f 981/768/156 982/769/156 983/770/156
f 984/771/156 985/772/156 986/773/156
f 987/774/157 988/775/157 989/776/157
f 990/777/158 991/778/158 992/779/158
f 993/780/158 994/781/158 995/782/158
f 996/783/159 997/784/159 998/785/159
f 999/786/156 1000/787/156 1001/788/156
f 1002/789/156 1003/790/156 1004/791/156
f 1005/792/160 1006/793/160 1007/794/160
f 1008/795/158 1009/796/158 1010/797/158
f 1011/798/158 1012/799/158 1013/800/158
f 1014/801/158 1015/802/158 1016/803/158
f 1017/804/156 1018/805/156 1019/806/156
f 1020/807/158 1021/808/158 1022/809/158
f 1023/810/156 1024/811/156 1025/812/156
f 1026/813/161 1027/814/161 1028/815/161
f 1028/815/161 1029/816/161 1026/813/161
f 1029/816/161 1028/815/161 1030/817/161
f 1030/817/161 1031/818/161 1029/816/161
f 1032/819/161 1033/820/161 1034/821/161
f 1034/821/161 1035/822/161 1032/819/161
f 1036/823/161 1032/819/161 1035/822/161
f 1035/822/161 1037/824/161 1036/823/161
f 1038/825/161 1036/823/161 1037/824/161
f 1037/824/161 1039/826/161 1038/825/161
f 1039/826/161 1037/824/161 1040/827/161
f 1040/827/161 1041/828/161 1039/826/161
f 1035/822/161 1034/821/161 1042/829/161
f 1042/829/161 1043/830/161 1035/822/161
f 1043/830/161 1042/829/161 1044/831/161
f 1044/831/161 1045/832/161 1043/830/161
f 1045/832/161 1044/831/161 1046/833/161
f 1046/833/161 1047/834/161 1045/832/161
f 1048/835/161 1045/832/161 1047/834/161
f 1047/834/161 1049/836/161 1048/835/161
f 1050/837/161 1048/835/161 1049/836/161
f 1048/835/161 1050/837/161 1041/828/161
f 1041/828/161 1040/827/161 1048/835/161
f 1049/836/161 1051/838/161 1050/837/161
f 1052/839/162 1053/840/162 1054/841/162
f 1054/841/162 1055/842/162 1052/839/162
f 1056/843/163 1057/844/164 1058/845/164
f 1058/845/164 1059/846/165 1056/843/163
f 1060/847/166 1056/843/163 1059/846/165
f 1059/846/165 1061/848/166 1060/847/166
f 1062/849/167 1063/850/167 1064/851/167
f 1064/851/167 1065/852/167 1062/849/167
f 1066/853/168 1067/854/169 1068/855/169
f 1068/855/169 1069/856/170 1066/853/168
f 1070/857/171 1066/853/168 1069/856/170
f 1069/856/170 1071/858/171 1070/857/171
f 1072/859/172 1073/860/173 1074/860/172
f 1074/860/174 1075/861/175 1072/859/176
f 1076/862/177 1077/863/178 1078/864/177
f 1078/864/179 1079/865/180 1076/862/177
f 1080/866/181 1081/867/182 1082/868/182
f 1082/868/182 1083/869/183 1080/866/181
f 1084/870/166 1080/866/181 1083/869/184
f 1083/869/185 1085/871/166 1084/870/166
f 1086/872/186 1087/873/169 1088/874/169
f 1088/874/169 1089/875/187 1086/872/188
f 1090/876/189 1086/872/190 1089/875/187
f 1089/875/187 1091/877/189 1090/876/189
f 1092/878/191 1093/879/191 1094/880/191
f 1094/880/192 1095/881/192 1092/878/192
f 1095/881/192 1094/880/192 1096/882/192
f 1096/882/192 1097/883/192 1095/881/192
f 1098/884/193 1099/885/194 1100/886/195
f 1100/886/195 1101/887/196 1098/884/197
f 1098/884/197 1101/887/196 1102/888/198
f 1102/888/198 1103/889/199 1098/884/193
f 1103/889/199 1102/888/198 1104/890/200
f 1104/890/201 1105/891/202 1103/889/199
f 1105/891/202 1104/890/201 1106/892/203
f 1106/892/203 1107/893/204 1105/891/202
f 1101/887/196 1100/886/195 1108/894/205
f 1108/894/205 1109/895/206 1101/887/196
f 1101/887/196 1109/895/206 1110/896/207
f 1110/896/207 1102/888/198 1101/887/196
f 1102/888/198 1110/896/207 1111/897/208
f 1111/897/208 1104/890/201 1102/888/198
f 1104/890/201 1111/897/208 1112/898/209
f 1112/898/209 1106/892/203 1104/890/201
f 1106/892/203 1112/898/209 1113/899/210
f 1113/899/210 1114/900/211 1106/892/203
f 1107/893/212 1106/892/203 1114/900/213
f 1109/895/206 1108/894/205 1115/901/214
f 1115/901/214 1116/902/215 1109/895/206
f 1109/895/206 1116/902/216 1117/903/217
f 1117/903/218 1110/896/219 1109/895/206
f 1110/896/207 1117/903/217 1118/904/220
f 1118/904/220 1111/897/221 1110/896/219
f 1111/897/208 1118/904/222 1119/905/223
f 1119/905/224 1112/898/225 1111/897/208
f 1112/898/209 1119/905/223 1120/906/226
f 1120/906/227 1113/899/210 1112/898/228
f 1113/899/210 1120/906/229 1121/907/230
f 1121/907/230 1122/908/231 1113/899/210
f 1114/900/211 1113/899/210 1122/908/231
f 1122/908/231 1123/909/232 1114/900/211
f 1124/910/233 1114/900/211 1123/909/232
f 1114/900/213 1124/910/234 1107/893/204
f 1120/906/227 1119/905/235 1125/911/236
f 1125/911/236 1126/912/236 1120/906/237
f 1121/907/230 1120/906/238 1126/912/239
f 1126/912/239 1127/913/240 1121/907/230
f 1128/914/230 1121/907/241 1127/913/236
f 1122/908/242 1121/907/230 1128/914/230
f 1128/914/230 1129/915/243 1122/908/231
f 1123/909/232 1122/908/231 1129/915/243
f 1129/915/243 1130/916/244 1123/909/232
f 1131/917/233 1123/909/232 1130/916/245
f 1123/909/232 1131/917/233 1124/910/234
f 1132/918/246 1126/912/247 1125/911/248
f 1127/913/249 1126/912/250 1132/918/251
f 1132/918/252 1133/919/246 1127/913/247
f 1134/920/249 1127/913/247 1133/919/246
f 1127/913/247 1134/920/156 1128/914/230
f 1125/911/253 1135/921/254 1132/918/255
f 1133/919/246 1136/922/246 1134/920/249
f 1130/916/245 1137/923/233 1131/917/233
f 1131/917/233 1137/923/233 1138/924/256
f 1138/924/256 1139/925/256 1131/917/233
f 1124/910/234 1131/917/257 1139/925/256
f 1139/925/258 1140/926/259 1124/910/234
f 1107/893/204 1124/910/260 1140/926/258
f 1140/926/261 1141/927/262 1107/893/204
f 1142/928/263 1141/927/264 1140/926/265
f 1140/926/266 1143/929/267 1142/928/267
f 1139/925/265 1138/924/265 1144/930/265
f 1144/930/265 1145/931/265 1139/925/268
f 1140/926/265 1139/925/264 1145/931/265
f 1145/931/265 1143/929/263 1140/926/265
f 1146/932/269 1147/933/269 1148/934/269
f 1148/934/269 1149/935/269 1146/932/269
f 1149/935/269 1148/934/269 1150/936/269
f 1150/936/269 1151/937/269 1149/935/269
f 1152/938/270 1153/939/270 1154/940/271
f 1154/940/270 1155/941/272 1152/938/270
f 1156/942/270 1152/938/270 1155/941/273
f 1155/941/273 1157/943/274 1156/942/270
f 1158/944/270 1156/942/270 1157/943/275
f 1157/943/275 1159/945/276 1158/944/277
f 1160/946/278 1159/945/279 1157/943/278
f 1157/943/274 1161/947/280 1160/946/280
f 1155/941/273 1154/940/271 1162/948/278
f 1162/948/278 1163/949/278 1155/941/276
f 1157/943/274 1155/941/276 1163/949/278
f 1163/949/278 1161/947/281 1157/943/274
f 1164/950/282 1165/951/282 1166/952/283
f 1166/952/283 1167/953/284 1164/950/282
f 1167/953/284 1166/952/283 1168/954/285
f 1168/954/286 1169/955/287 1167/953/284
f 1169/955/287 1168/954/286 1170/956/288
f 1170/956/288 1171/957/289 1169/955/287
f 1171/957/289 1170/956/288 1172/958/290
f 1172/958/291 1173/959/292 1171/957/289
f 1173/959/293 1172/958/291 1174/960/294
f 1174/960/294 1175/961/295 1173/959/296
f 1176/962/297 1175/961/298 1174/960/294
f 1177/963/299 1170/956/288 1168/954/286
f 1170/956/288 1177/963/299 1178/964/300
f 1178/964/300 1172/958/291 1170/956/288
f 1172/958/290 1178/964/300 1179/965/301
f 1179/965/301 1174/960/294 1172/958/291
f 1180/966/302 1174/960/294 1179/965/301
f 1174/960/294 1180/966/302 1176/962/297
f 1168/954/285 1181/967/303 1177/963/299
f 1182/968/304 1177/963/299 1181/967/305
f 1177/963/299 1182/968/304 1183/969/306
f 1183/969/307 1178/964/300 1177/963/308
f 1178/964/300 1183/969/306 1184/970/309
f 1184/970/309 1179/965/301 1178/964/300
f 1185/971/310 1179/965/301 1184/970/309
f 1179/965/301 1185/971/311 1180/966/312
f 1181/967/303 1168/954/286 1186/972/313
f 1186/972/313 1187/973/314 1181/967/303
f 1188/974/315 1181/967/305 1187/973/316
f 1181/967/305 1188/974/315 1182/968/304
f 1189/975/317 1182/968/304 1188/974/315
f 1182/968/304 1189/975/317 1190/976/318
f 1190/976/319 1183/969/306 1182/968/304
f 1183/969/307 1190/976/318 1191/977/320
f 1191/977/320 1184/970/309 1183/969/307
f 1192/978/321 1184/970/309 1191/977/320
f 1184/970/309 1192/978/321 1185/971/311
f 1187/973/316 1193/979/322 1188/974/315
f 1194/980/323 1188/974/315 1193/979/324
f 1188/974/315 1194/980/323 1189/975/317
f 1187/973/314 1195/981/325 1193/979/324
f 1191/977/320 1196/982/326 1192/978/321
f 1193/979/322 1197/983/327 1194/980/323
f 1197/983/328 1193/979/322 1198/984/329
f 1198/984/330 1199/985/331 1197/983/328
f 1199/985/331 1198/984/330 1200/986/332
f 1200/986/333 1201/987/334 1199/985/331
f 1201/987/335 1200/986/333 1202/988/336
f 1202/988/336 1203/989/337 1201/987/335
f 1203/989/337 1202/988/336 1204/990/338
f 1204/990/338 1205/991/339 1203/989/337
f 1200/986/332 1198/984/330 1206/992/340
f 1206/992/340 1207/993/341 1200/986/332
f 1202/988/336 1200/986/333 1207/993/342
f 1207/993/342 1208/994/343 1202/988/336
f 1202/988/336 1208/994/343 1209/995/344
f 1209/995/345 1204/990/338 1202/988/336
f 1207/993/342 1206/992/346 1210/996/346
f 1210/996/346 1211/997/347 1207/993/342
f 1208/994/348 1207/993/342 1211/997/347
f 1211/997/347 1212/998/349 1208/994/343
f 1208/994/348 1212/998/350 1213/999/351
f 1213/999/351 1209/995/352 1208/994/343
f 1214/1000/353 1215/1001/353 1216/1002/353
f 1216/1002/353 1217/1003/353 1214/1000/353
f 1217/1003/354 1216/1002/354 1218/1004/354
f 1218/1004/355 1219/1005/355 1217/1003/355
f 1220/1006/356 1219/1005/356 1218/1004/356
f 1219/1005/356 1220/1006/356 1221/1007/356
f 1221/1007/356 1222/1008/356 1219/1005/356
f 1219/1005/356 1222/1008/356 1223/1009/356
f 1223/1009/356 1222/1008/356 1224/1010/356
f 1224/1010/356 1225/1011/356 1223/1009/356
f 1218/1004/356 1226/1012/356 1220/1006/356
f 1227/1013/356 1220/1006/356 1226/1012/356
f 1220/1006/356 1227/1013/356 1228/1014/356
f 1228/1014/356 1221/1007/356 1220/1006/356
f 1221/1007/356 1228/1014/356 1229/1015/356
f 1229/1015/356 1230/1016/356 1221/1007/356
f 1221/1007/356 1230/1016/356 1222/1008/356
f 1226/1012/356 1231/1017/356 1227/1013/356
f 1232/1018/356 1227/1013/356 1231/1017/356
f 1227/1013/356 1232/1018/356 1233/1019/356
f 1233/1019/356 1228/1014/356 1227/1013/356
f 1228/1014/356 1233/1019/356 1234/1020/356
f 1234/1020/356 1229/1015/356 1228/1014/356
f 1229/1015/356 1234/1020/356 1235/1021/356
f 1235/1021/356 1236/1022/356 1229/1015/356
f 1230/1016/356 1229/1015/356 1236/1022/356
f 1231/1017/356 1237/1023/356 1232/1018/356
f 1232/1018/356 1237/1023/356 1238/1024/357
f 1238/1024/358 1239/1025/359 1232/1018/358
f 1239/1025/359 1238/1024/356 1240/1026/360
f 1240/1026/361 1241/1027/362 1239/1025/359
f 1236/1022/356 1242/1028/356 1230/1016/356
f 1243/1029/356 1230/1016/356 1242/1028/356
f 1222/1008/356 1230/1016/356 1243/1029/356
f 1243/1029/356 1244/1030/356 1222/1008/356
f 1222/1008/356 1244/1030/356 1245/1031/356
f 1245/1031/356 1224/1010/356 1222/1008/356
f 1242/1028/356 1246/1032/356 1243/1029/356
f 1243/1029/356 1246/1032/356 1247/1033/356
f 1247/1033/356 1244/1030/356 1243/1029/356
f 1244/1030/356 1247/1033/356 1248/1034/356
f 1248/1034/356 1245/1031/356 1244/1030/356
f 1233/1019/356 1232/1018/356 1249/1035/356
f 1249/1035/356 1250/1036/356 1233/1019/356
f 1234/1020/356 1233/1019/356 1250/1036/356
f 1250/1036/356 1251/1037/356 1234/1020/356
f 1235/1021/356 1234/1020/356 1251/1037/356
f 1251/1037/356 1252/1038/356 1235/1021/356
f 1252/1038/356 1251/1037/356 1253/1039/356
f 1253/1039/356 1254/1040/356 1252/1038/356
f 1250/1036/356 1249/1035/356 1255/1041/356
f 1255/1041/356 1256/1042/356 1250/1036/356
f 1251/1037/356 1250/1036/356 1256/1042/356
f 1256/1042/356 1253/1039/356 1251/1037/356
f 1257/1043/363 1258/1044/363 1259/1045/364
f 1259/1045/363 1260/1046/363 1257/1043/363
f 1261/1047/363 1257/1043/363 1260/1046/363
f 1260/1046/363 1262/1048/365 1261/1047/363
f 1261/1047/363 1262/1048/365 1263/1049/366
f 1263/1049/367 1264/1050/368 1261/1047/278
f 1260/1046/369 1259/1045/369 1265/1051/369
f 1265/1051/369 1266/1052/369 1260/1046/369
f 1262/1048/369 1260/1046/369 1266/1052/369
f 1266/1052/369 1267/1053/369 1262/1048/369
f 1263/1049/369 1262/1048/369 1267/1053/369
f 1267/1053/370 1268/1054/370 1263/1049/370
f 1269/1055/371 1270/1056/371 1271/1057/372
f 1271/1057/373 1272/1058/374 1269/1055/371
f 1272/1058/375 1271/1057/373 1273/1059/376
f 1273/1059/376 1274/1060/377 1272/1058/378
f 1274/1060/377 1273/1059/379 1275/1061/380
f 1275/1061/380 1276/1062/381 1274/1060/377
f 1277/1063/382 1274/1060/377 1276/1062/381
f 1274/1060/377 1277/1063/382 1278/1064/383
f 1278/1064/383 1279/1065/384 1274/1060/377
f 1276/1062/381 1275/1061/385 1280/1066/386
f 1280/1066/386 1281/1067/387 1276/1062/381
f 1282/1068/388 1276/1062/381 1281/1067/387
f 1276/1062/381 1282/1068/388 1277/1063/382
f 1283/1069/389 1277/1063/382 1282/1068/388
f 1277/1063/382 1283/1069/389 1284/1070/390
f 1284/1070/391 1285/1071/392 1277/1063/382
f 1277/1063/382 1285/1071/393 1278/1064/383
f 1281/1067/387 1280/1066/386 1286/1072/394
f 1286/1072/394 1287/1073/395 1281/1067/387
f 1288/1074/396 1281/1067/387 1287/1073/397
f 1281/1067/387 1288/1074/396 1282/1068/388
f 1289/1075/398 1282/1068/388 1288/1074/396
f 1282/1068/388 1289/1075/398 1283/1069/389
f 1290/1076/399 1283/1069/389 1289/1075/398
f 1284/1070/390 1283/1069/400 1290/1076/399
f 1290/1076/399 1291/1077/401 1284/1070/402
f 1284/1070/403 1291/1077/404 1292/1078/405
f 1292/1078/406 1293/1079/407 1284/1070/403
f 1294/1080/408 1287/1073/395 1286/1072/394
f 1287/1073/395 1294/1080/408 1295/1081/409
f 1295/1081/409 1296/1082/410 1287/1073/395
f 1287/1073/395 1296/1082/411 1288/1074/396
f 1297/1083/412 1288/1074/396 1296/1082/411
f 1288/1074/396 1297/1083/413 1289/1075/398
f 1298/1084/414 1289/1075/398 1297/1083/413
f 1289/1075/398 1298/1084/414 1290/1076/399
f 1286/1072/394 1299/1085/415 1294/1080/408
f 1297/1083/412 1300/1086/416 1298/1084/414
f 1300/1086/416 1297/1083/413 1301/1087/417
f 1301/1087/417 1302/1088/418 1300/1086/416
f 1303/1089/419 1302/1088/418 1301/1087/417
f 1301/1087/417 1304/1090/420 1303/1089/419
f 1304/1090/420 1301/1087/417 1296/1082/411
f 1296/1082/411 1295/1081/409 1304/1090/420
f 1296/1082/410 1301/1087/421 1297/1083/413
f 1293/1079/422 1292/1078/406 1305/1091/423
f 1305/1091/423 1306/1092/424 1293/1079/425
f 1293/1079/426 1306/1092/427 1307/1093/428
f 1307/1093/429 1308/1094/430 1293/1079/431
f 1308/1094/432 1307/1093/429 1309/1095/433
f 1309/1095/433 1310/1096/432 1308/1094/432
f 1306/1092/427 1305/1091/423 1311/1097/434
f 1311/1097/435 1312/1098/436 1306/1092/424
f 1306/1092/424 1312/1098/436 1313/1099/437
f 1313/1099/437 1307/1093/438 1306/1092/424
f 1307/1093/439 1313/1099/440 1314/1100/441
f 1314/1100/441 1309/1095/442 1307/1093/438
f 1312/1098/436 1311/1097/443 1315/1101/444
f 1315/1101/444 1316/1102/445 1312/1098/436
f 1313/1099/440 1312/1098/436 1316/1102/445
f 1316/1102/445 1317/1103/446 1313/1099/437
f 1314/1100/447 1313/1099/437 1317/1103/448
f 1317/1103/448 1318/1104/448 1314/1100/447
f 1319/1105/449 1320/1106/449 1321/1107/449
f 1321/1107/449 1322/1108/449 1319/1105/449
f 1323/1109/450 1324/1110/450 1325/1111/450
f 1325/1111/450 1326/1112/450 1323/1109/450
f 1327/1113/451 1328/1114/451 1329/1115/451
f 1329/1115/452 1330/1116/452 1327/1113/452
f 1331/1117/159 1332/1118/159 1333/1119/159
f 1333/1119/159 1334/1120/159 1331/1117/159
f 1335/1121/159 1331/1117/159 1334/1120/159
f 1334/1120/159 1336/1122/159 1335/1121/159
f 1336/1122/159 1334/1120/159 1337/1123/159
f 1337/1123/159 1338/1124/159 1336/1122/159
f 1334/1120/159 1333/1119/159 1339/1125/159
f 1339/1125/159 1337/1123/159 1334/1120/159
f 1340/1126/453 1341/1127/453 1342/1128/454
f 1342/1128/454 1343/1129/240 1340/1126/453
f 1343/1129/455 1342/1128/454 1344/1130/451
f 1344/1130/451 1345/1131/451 1343/1129/455
f 1346/1132/456 1347/1133/456 1348/1134/457
f 1348/1134/457 1349/1135/262 1346/1132/456
f 1349/1135/458 1348/1134/457 1350/1136/459
f 1350/1136/459 1351/1137/459 1349/1135/458
f 1352/1138/159 1353/1139/159 1354/1140/159
f 1354/1140/159 1355/1141/159 1352/1138/159
f 1356/1142/159 1352/1138/159 1355/1141/159
f 1355/1141/159 1357/1143/159 1356/1142/159
f 1357/1143/159 1355/1141/159 1358/1144/159
f 1358/1144/159 1359/1145/159 1357/1143/159
f 1355/1141/159 1354/1140/159 1360/1146/159
f 1360/1146/159 1358/1144/159 1355/1141/159
f 1361/1147/460 1362/1148/460 1363/1149/460
f 1363/1149/460 1364/1150/460 1361/1147/460
f 1365/1151/461 1366/1152/461 1367/1153/462
f 1367/1153/462 1368/1154/463 1365/1151/461
f 1368/1154/463 1367/1153/462 1369/1155/464
f 1369/1155/464 1370/1156/464 1368/1154/463
f 1371/1157/356 1372/1158/356 1373/1159/356
f 1373/1159/356 1374/1160/356 1371/1157/356
f 1374/1160/356 1373/1159/356 1375/1161/356
f 1375/1161/356 1376/1162/356 1374/1160/356
f 1377/1163/465 1378/1164/166 1379/1165/166
f 1379/1165/166 1380/1166/466 1377/1163/467
f 1381/1167/468 1377/1163/467 1380/1166/469
f 1380/1166/469 1382/1168/470 1381/1167/468
f 1383/1169/471 1381/1167/472 1382/1168/470
f 1381/1167/472 1383/1169/471 1384/1170/471
f 1384/1170/471 1385/1171/468 1381/1167/472
f 1381/1167/472 1385/1171/468 1386/1172/473
f 1386/1172/473 1387/1173/474 1381/1167/468
f 1387/1173/475 1386/1172/473 1388/1174/476
f 1388/1174/476 1389/1175/476 1387/1173/475
f 1382/1168/470 1390/1176/471 1383/1169/471
f 1391/1177/159 1392/1178/159 1393/1179/159
f 1393/1179/159 1394/1122/159 1391/1177/159
f 1391/1177/159 1394/1122/159 1395/1180/159
f 1395/1180/159 1396/1181/159 1391/1177/159
f 1396/1181/159 1395/1180/159 1397/1182/159
f 1397/1182/159 1398/1183/159 1396/1181/159
f 1394/1122/159 1393/1179/159 1399/1184/159
f 1399/1184/159 1400/1121/159 1394/1122/159
f 1401/1185/477 1402/1186/477 1403/1187/478
f 1403/1187/478 1404/1188/479 1401/1185/477
f 1404/1188/479 1403/1187/478 1405/1189/480
f 1405/1189/480 1406/1190/480 1404/1188/479
f 1407/1139/159 1408/1191/159 1409/1192/159
f 1409/1192/159 1410/1140/159 1407/1139/159
f 1410/1140/159 1409/1192/159 1411/1193/159
f 1411/1193/159 1412/1146/159 1410/1140/159
f 1410/1140/159 1412/1146/159 1413/1194/159
f 1413/1194/159 1414/1195/159 1410/1140/159
f 1414/1195/159 1413/1194/159 1415/1196/159
f 1415/1196/159 1416/1197/159 1414/1195/159
f 1417/1198/481 1418/1199/482 1419/1200/482
f 1419/1200/482 1420/1201/483 1417/1198/481
f 1417/1198/481 1420/1201/483 1421/1202/484
f 1421/1202/484 1422/1203/485 1417/1198/481
f 1422/1203/485 1421/1202/486 1423/1204/487
f 1423/1204/487 1424/1205/487 1422/1203/485
f 1420/1201/483 1419/1200/482 1425/1206/482
f 1425/1206/482 1426/1207/488 1420/1201/483
f 1427/1208/489 1420/1201/483 1426/1207/490
f 1426/1207/491 1428/1209/492 1427/1208/489
f 1429/1210/169 1427/1208/493 1428/1209/492
f 1428/1209/492 1430/1211/169 1429/1210/169
f 1431/1212/356 1432/1213/356 1433/1214/356
f 1433/1214/356 1434/1215/356 1431/1212/356
f 1434/1215/356 1433/1214/356 1435/1216/356
f 1435/1216/356 1436/1217/356 1434/1215/356
f 1437/1218/494 1438/1219/495 1439/1220/496
f 1439/1220/497 1440/1221/497 1437/1218/497
f 1441/1222/498 1442/1223/498 1443/1224/498
f 1443/1224/160 1444/1225/160 1441/1222/160
f 1445/1226/499 1446/1227/499 1447/1228/499
f 1447/1228/500 1448/1229/501 1445/1226/500
f 1449/1230/502 1450/1231/502 1451/1232/502
f 1451/1232/502 1452/1233/502 1449/1230/502
f 1453/1234/503 1454/1235/503 1455/1236/504
f 1455/1236/504 1456/1237/505 1453/1234/503
f 1457/1238/503 1453/1234/503 1456/1237/505
f 1456/1237/505 1458/1239/506 1457/1238/503
f 1458/1239/506 1456/1237/505 1459/1240/507
f 1459/1240/507 1460/1241/508 1458/1239/506
f 1456/1237/505 1455/1236/509 1461/1242/507
f 1461/1242/507 1459/1240/507 1456/1237/505
f 1462/1243/510 1459/1240/507 1461/1242/507
f 1459/1240/364 1462/1243/510 1463/1244/511
f 1463/1244/511 1460/1241/508 1459/1240/364
f 1460/1241/508 1463/1244/511 1464/1245/512
f 1464/1245/513 1465/1246/514 1460/1241/515
f 1460/1241/508 1465/1246/514 1466/1247/516
f 1466/1247/516 1467/1248/516 1460/1241/508
f 1461/1242/507 1468/1249/273 1462/1243/510
f 1469/1250/158 1462/1243/158 1468/1249/158
f 1462/1243/158 1469/1250/158 1470/1251/517
f 1470/1251/517 1463/1244/511 1462/1243/158
f 1463/1244/511 1470/1251/517 1471/1252/518
f 1471/1252/518 1464/1245/512 1463/1244/519
f 1464/1245/512 1471/1252/518 1472/1253/520
f 1472/1253/520 1473/1254/521 1464/1245/512
f 1465/1246/514 1464/1245/512 1473/1254/521
f 1473/1254/521 1474/1255/522 1465/1246/514
f 1468/1249/158 1475/1256/273 1469/1250/158
f 1476/1257/523 1469/1250/524 1475/1256/525
f 1469/1250/524 1476/1257/523 1477/1258/270
f 1477/1258/526 1470/1251/517 1469/1250/524
f 1470/1251/517 1477/1258/270 1478/1259/527
f 1478/1259/527 1471/1252/518 1470/1251/517
f 1471/1252/518 1478/1259/527 1479/1260/528
f 1479/1260/528 1472/1253/520 1471/1252/518
f 1472/1253/520 1479/1260/529 1480/1261/530
f 1480/1261/530 1481/1262/531 1472/1253/520
f 1473/1254/521 1472/1253/520 1481/1262/531
f 1475/1256/532 1482/1263/523 1476/1257/523
f 1476/1257/523 1482/1263/523 1483/1264/533
f 1483/1264/533 1484/1265/534 1476/1257/523
f 1477/1258/535 1476/1257/523 1484/1265/536
f 1484/1265/536 1485/1266/537 1477/1258/535
f 1485/1266/537 1484/1265/536 1486/1267/538
f 1486/1267/538 1487/1268/538 1485/1266/537
f 1484/1265/536 1483/1264/533 1488/1269/538
f 1488/1269/538 1486/1267/538 1484/1265/536
f 1481/1262/539 1480/1261/540 1489/1270/541
f 1489/1270/542 1490/1271/543 1481/1262/544
f 1491/1272/545 1481/1262/546 1490/1271/543
f 1481/1262/531 1491/1272/545 1473/1254/521
f 1474/1255/522 1473/1254/521 1491/1272/545
f 1491/1272/545 1492/1273/547 1474/1255/548
f 1492/1273/549 1491/1272/545 1493/1274/550
f 1493/1274/550 1494/1275/551 1492/1273/549
f 1490/1271/543 1489/1270/541 1495/1276/552
f 1495/1276/553 1496/1277/554 1490/1271/543
f 1493/1274/550 1490/1271/543 1496/1277/554
f 1490/1271/543 1493/1274/550 1491/1272/545
f 1496/1277/554 1495/1276/553 1497/1278/555
f 1497/1278/555 1498/1279/556 1496/1277/554
f 1499/1280/557 1496/1277/554 1498/1279/556
f 1496/1277/554 1499/1280/557 1493/1274/550
f 1494/1275/551 1493/1274/550 1499/1280/557
f 1499/1280/557 1500/1281/558 1494/1275/551
f 1500/1281/558 1499/1280/559 1501/1282/560
f 1501/1282/560 1502/1283/561 1500/1281/562
f 1498/1279/556 1501/1282/560 1499/1280/557
f 1478/1259/527 1477/1258/535 1503/1284/525
f 1503/1284/525 1504/1285/525 1478/1259/527
f 1505/1286/563 1506/1287/563 1507/1288/564
f 1507/1288/565 1508/1289/566 1505/1286/563
f 1508/1289/567 1507/1288/568 1509/1290/569
f 1509/1290/569 1510/1291/569 1508/1289/569
f 1511/1292/570 1512/1293/570 1513/1294/570
f 1513/1294/570 1514/1295/571 1511/1292/570
f 1514/1295/572 1513/1294/572 1515/1296/572
f 1515/1296/572 1516/1297/572 1514/1295/572
f 1517/1298/573 1518/1299/574 1519/1300/574
f 1519/1300/574 1520/1301/575 1517/1298/573
f 1521/1302/576 1517/1298/573 1520/1301/575
f 1520/1301/575 1522/1303/577 1521/1302/578
f 1523/1304/579 1521/1302/578 1522/1303/580
f 1522/1303/581 1524/1305/582 1523/1304/579
f 1525/1306/583 1526/1307/584 1527/1308/584
f 1527/1308/584 1528/1309/585 1525/1306/583
f 1529/1310/586 1525/1306/583 1528/1309/585
f 1528/1309/587 1530/1311/588 1529/1310/589
f 1531/1312/590 1529/1310/589 1530/1311/588
f 1530/1311/588 1532/1313/590 1531/1312/590
f 1533/1314/591 1534/1315/592 1535/1316/592
f 1535/1316/592 1536/1317/593 1533/1314/591
f 1533/1314/591 1536/1317/594 1537/1318/595
f 1537/1318/596 1538/1319/597 1533/1314/591
f 1533/1314/591 1538/1319/597 1539/1320/598
f 1539/1320/598 1540/1321/598 1533/1314/591
f 1540/1321/598 1539/1320/598 1541/1322/598
f 1541/1322/598 1542/1323/598 1540/1321/598
f 1543/1324/356 1544/1325/356 1545/1326/353
f 1545/1326/353 1546/1327/599 1543/1324/356
f 1547/1328/600 1543/1324/600 1546/1327/601
f 1546/1327/599 1548/1329/599 1547/1328/600
f 1549/1330/602 1547/1328/602 1548/1329/603
f 1548/1329/601 1550/1331/601 1549/1330/602
f 1550/1331/604 1548/1329/604 1551/1332/604
f 1551/1332/605 1552/1333/605 1550/1331/604
f 1546/1327/601 1545/1326/606 1553/1334/607
f 1553/1334/608 1554/1335/609 1546/1327/599
f 1548/1329/610 1546/1327/610 1554/1335/611
f 1554/1335/609 1551/1332/612 1548/1329/599
f 1555/1336/613 1551/1332/614 1554/1335/615
f 1551/1332/616 1555/1336/617 1556/1337/617
f 1556/1337/617 1552/1333/612 1551/1332/618
f 1554/1335/619 1553/1334/607 1557/1338/620
f 1557/1338/621 1558/1339/622 1554/1335/611
f 1554/1335/615 1558/1339/622 1555/1336/613
f 1559/1340/623 1560/1341/624 1561/1342/624
f 1561/1342/625 1562/1343/626 1559/1340/623
f 1559/1340/623 1562/1343/626 1563/1344/627
f 1563/1344/627 1564/1345/627 1559/1340/623
f 1564/1345/627 1563/1344/627 1565/1346/627
f 1565/1346/627 1566/1347/627 1564/1345/627
f 1567/1348/628 1562/1343/626 1561/1342/629
f 1561/1342/630 1568/1349/630 1567/1348/630
f 1569/1350/631 1570/1351/631 1571/1352/631
f 1571/1352/631 1572/1353/631 1569/1350/631
f 1573/1354/632 1569/1350/632 1572/1353/632
f 1572/1353/632 1574/1355/633 1573/1354/632
f 1575/1356/634 1573/1354/634 1574/1355/633
f 1574/1355/633 1576/1357/633 1575/1356/634
f 1576/1357/635 1574/1355/636 1577/1358/635
f 1577/1358/635 1578/1359/635 1576/1357/635
f 1572/1353/636 1571/1352/637 1579/1360/159
f 1579/1360/159 1580/1361/159 1572/1353/636
f 1574/1355/636 1572/1353/636 1580/1361/638
f 1580/1361/638 1577/1358/638 1574/1355/636
f 1581/1362/639 1582/1363/639 1583/1364/639
f 1583/1364/639 1584/1365/639 1581/1362/639
f 1585/1366/639 1581/1362/639 1584/1365/639
f 1584/1365/639 1586/1367/639 1585/1366/639
f 1587/1368/639 1585/1366/639 1586/1367/639
f 1586/1367/639 1588/1369/639 1587/1368/639
f 1588/1369/640 1586/1367/640 1589/1370/640
f 1589/1370/640 1590/1371/640 1588/1369/640
f 1584/1365/639 1583/1364/641 1591/1372/641
f 1591/1372/641 1592/1373/641 1584/1365/641
f 1586/1367/641 1584/1365/641 1592/1373/641
f 1592/1373/642 1589/1370/642 1586/1367/642
f 1593/1374/643 1594/1375/644 1595/1376/644
f 1595/1376/644 1596/1377/644 1593/1374/643
f 1593/1374/643 1596/1377/645 1597/1378/645
f 1597/1378/646 1598/1379/647 1593/1374/643
f 1593/1374/648 1598/1379/649 1599/1380/502
f 1599/1380/502 1600/1381/502 1593/1374/648
f 1600/1381/160 1599/1380/160 1601/1382/160
f 1601/1382/160 1602/1383/160 1600/1381/160
f 1603/1384/650 1604/1385/651 1605/1386/651
f 1605/1386/651 1606/1387/650 1603/1384/650
f 1603/1384/652 1606/1387/652 1607/1388/653
f 1607/1388/653 1608/1389/653 1603/1384/358
f 1608/1389/654 1607/1388/655 1609/1390/654
f 1609/1390/654 1610/1391/654 1608/1389/654
f 1606/1387/650 1605/1386/651 1611/1392/656
f 1611/1392/656 1612/1393/353 1606/1387/657
f 1606/1387/650 1612/1393/658 1613/1394/653
f 1613/1394/653 1607/1388/653 1606/1387/650
f 1607/1388/358 1613/1394/358 1614/1395/358
f 1614/1395/659 1609/1390/659 1607/1388/659
f 1615/1396/651 1612/1393/353 1611/1392/651
f 1612/1393/353 1615/1396/660 1616/1397/653
f 1616/1397/653 1613/1394/653 1612/1393/653
f 1613/1394/358 1616/1397/358 1617/1398/358
f 1617/1398/358 1614/1395/358 1613/1394/358
f 1611/1392/661 1618/1399/661 1615/1396/662
f 1619/1400/663 1620/1401/664 1621/1402/665
f 1621/1402/666 1622/1403/667 1619/1400/668
f 1619/1400/663 1622/1403/667 1623/1404/525
f 1623/1404/525 1624/1405/525 1619/1400/663
f 1624/1405/158 1623/1404/158 1625/1406/158
f 1625/1406/158 1626/1407/158 1624/1405/158
f 1627/1408/669 1622/1403/667 1621/1402/666
f 1621/1402/666 1628/1409/670 1627/1408/670
f 1629/1410/158 1630/1411/158 1631/1412/158
f 1631/1412/158 1632/1413/158 1629/1410/158
f 1633/1414/158 1629/1410/158 1632/1413/158
f 1632/1413/158 1634/1415/158 1633/1414/158
f 1635/1416/158 1633/1414/158 1634/1415/158
f 1634/1415/158 1636/1417/158 1635/1416/158
f 1637/1418/158 1635/1416/158 1636/1417/158
f 1632/1413/158 1631/1412/158 1638/763/158
f 1638/763/158 1639/1419/158 1632/1413/158
f 1639/1419/158 1638/763/158 1640/767/158
f 1640/767/158 1641/1420/158 1639/1419/158
f 1641/1420/158 1640/767/158 1642/1421/158
f 1642/1421/158 1643/1422/158 1641/1420/158
f 1643/1422/158 1642/1421/158 1644/1423/158
f 1644/1423/158 1645/1424/158 1643/1422/158
f 1646/1425/158 1643/1422/158 1645/1424/158
f 1645/1424/158 1647/1426/158 1646/1425/158
f 1648/1427/158 1646/1425/158 1647/1426/158
f 1647/1426/158 1649/1428/158 1648/1427/158
f 1650/1429/158 1648/1427/158 1649/1428/158
f 1649/1428/158 1651/1430/158 1650/1429/158
f 1652/1431/158 1650/1429/158 1651/1430/158
f 1651/1430/158 1653/1432/158 1652/1431/158
f 1654/1433/158 1652/1431/158 1653/1432/158
f 1653/1432/158 1655/1434/158 1654/1433/158
f 1656/1435/158 1654/1433/158 1655/1434/158
f 1655/1434/158 1657/1436/158 1656/1435/158
f 1658/1437/158 1656/1435/158 1657/1436/158
f 1657/1436/158 1659/1438/158 1658/1437/158
f 1660/1439/158 1658/1437/158 1659/1438/158
f 1659/1438/158 1661/1440/158 1660/1439/158
f 1662/1441/671 1660/1439/158 1661/1440/158
f 1661/1440/158 1663/1442/672 1662/1441/671
f 1664/1443/673 1662/1441/674 1663/1442/672
f 1662/1441/671 1664/1443/675 1665/1444/676
f 1665/1444/676 1666/1445/677 1662/1441/671
f 1666/1445/677 1665/1444/676 1667/1446/677
f 1667/1446/677 1668/1447/677 1666/1445/677
f 1669/1448/678 1666/1445/677 1668/1447/677
f 1663/1442/672 1670/1449/679 1664/1443/673
f 1668/1447/677 1671/1450/680 1669/1448/678
f 1669/1448/681 1671/1450/680 1672/1451/682
f 1672/1451/683 1673/1452/684 1669/1448/678
f 1673/1452/684 1672/1451/683 1674/1453/679
f 1674/1453/679 1675/1454/685 1673/1452/684
f 1676/1455/158 1673/1452/684 1675/1454/685
f 1675/1454/685 1677/1456/158 1676/1455/158
f 1678/1457/158 1676/1455/158 1677/1456/158
f 1677/1456/158 1679/1458/158 1678/1457/158
f 1680/1459/158 1678/1457/158 1679/1458/158
f 1679/1458/158 1681/1460/158 1680/1459/158
f 1682/1461/158 1680/1459/158 1681/1460/158
f 1681/1460/158 1683/1462/158 1682/1461/158
f 1684/1463/158 1682/1461/158 1683/1462/158
f 1683/1462/158 1685/1464/158 1684/1463/158
f 1686/1465/158 1684/1463/158 1685/1464/158
f 1685/1464/158 1637/1418/158 1686/1465/158
f 1636/1417/158 1686/1465/158 1637/1418/158
f 1687/1466/686 1688/1467/687 1689/1468/688
f 1689/1468/688 1690/1469/689 1687/1466/686
f 1691/1470/690 1687/1466/686 1690/1469/689
f 1690/1469/689 1692/1471/691 1691/1470/692
f 1691/1470/692 1692/1471/693 1693/1472/694
f 1693/1472/694 1694/1473/695 1691/1470/692
f 1695/1474/696 1694/1473/697 1693/1472/698
f 1690/1469/689 1689/1468/699 1696/1475/700
f 1696/1475/700 1697/1476/701 1690/1469/689
f 1692/1471/691 1690/1469/689 1697/1476/702
f 1697/1476/702 1698/1477/693 1692/1471/693
f 1692/1471/693 1698/1477/693 1699/1478/703
f 1699/1478/703 1693/1472/694 1692/1471/693
f 1700/1479/704 1693/1472/694 1699/1478/703
f 1693/1472/694 1700/1479/704 1695/1474/705
f 1701/1480/265 1695/1474/706 1700/1479/704
f 1700/1479/704 1702/1481/707 1701/1480/246
f 1701/1480/246 1702/1481/707 1703/1482/707
f 1703/1482/707 1704/1483/708 1701/1480/246
f 1701/1480/458 1704/1483/708 1705/1484/709
f 1705/1484/709 1706/1485/695 1701/1480/710
f 1699/1478/703 1707/1486/711 1700/1479/704
f 1702/1481/156 1700/1479/704 1707/1486/711
f 1707/1486/711 1708/1487/712 1702/1481/156
f 1703/1482/156 1702/1481/156 1708/1487/712
f 1708/1487/712 1709/1488/713 1703/1482/156
f 1704/1483/708 1703/1482/156 1709/1488/713
f 1709/1488/713 1710/1489/460 1704/1483/708
f 1704/1483/460 1710/1489/460 1711/1490/714
f 1711/1490/714 1705/1484/715 1704/1483/708
f 1705/1484/709 1711/1490/457 1712/1491/716
f 1712/1491/716 1713/1492/717 1705/1484/709
f 1705/1484/709 1713/1492/717 1714/1493/709
f 1714/1493/709 1706/1485/695 1705/1484/709
f 1709/1488/718 1708/1487/719 1715/1494/720
f 1715/1494/721 1716/1495/722 1709/1488/723
f 1716/1495/724 1715/1494/725 1717/1496/726
f 1717/1496/726 1718/1497/727 1716/1495/724
f 1718/1497/728 1717/1496/726 1719/1498/729
f 1719/1498/729 1720/1499/730 1718/1497/727
f 1718/1497/727 1720/1499/730 1721/1500/731
f 1721/1500/732 1722/1501/732 1718/1497/728
f 1723/1502/733 1719/1498/729 1717/1496/726
f 1717/1496/726 1724/1503/734 1723/1502/735
f 1725/1504/736 1714/1493/709 1713/1492/717
f 1713/1492/717 1726/1505/737 1725/1504/736
f 1727/1506/738 1725/1504/736 1726/1505/737
f 1726/1505/737 1728/1507/739 1727/1506/740
f 1728/1507/741 1726/1505/737 1729/1508/742
f 1729/1508/743 1730/1509/744 1728/1507/739
f 1726/1505/737 1713/1492/717 1712/1491/716
f 1712/1491/716 1729/1508/742 1726/1505/737
f 1731/1510/745 1732/1511/746 1733/1512/747
f 1733/1512/747 1734/1513/748 1731/1510/749
f 1735/1514/750 1731/1510/745 1734/1513/748
f 1734/1513/748 1736/1515/751 1735/1514/750
f 1735/1514/750 1736/1515/751 1737/1516/752
f 1737/1516/753 1738/1517/754 1735/1514/750
f 1738/1517/755 1737/1516/752 1739/1518/756
f 1739/1518/756 1740/1519/757 1738/1517/755
f 1734/1513/748 1733/1512/758 1741/1520/759
f 1741/1520/759 1742/1521/760 1734/1513/748
f 1736/1515/751 1734/1513/748 1742/1521/760
f 1742/1521/760 1743/1522/761 1736/1515/751
f 1736/1515/751 1743/1522/761 1744/1523/762
f 1744/1523/762 1737/1516/752 1736/1515/751
f 1737/1516/752 1744/1523/762 1745/1524/763
f 1745/1524/763 1739/1518/756 1737/1516/752
f 1739/1518/756 1745/1524/763 1746/1525/764
f 1746/1525/765 1747/1526/766 1739/1518/756
f 1739/1518/756 1747/1526/767 1740/1519/757
f 1748/1527/768 1749/1528/769 1750/1529/770
f 1750/1529/771 1751/1530/772 1748/1527/768
f 1752/1531/773 1748/1527/774 1751/1530/772
f 1751/1530/772 1753/1532/775 1752/1531/773
f 1752/1531/773 1753/1532/776 1754/1533/777
f 1754/1533/777 1755/1534/778 1752/1531/773
f 1756/1535/779 1755/1534/780 1754/1533/781
f 1751/1530/772 1750/1529/770 1757/1536/782
f 1757/1536/782 1758/1537/783 1751/1530/772
f 1753/1532/775 1751/1530/772 1758/1537/784
f 1758/1537/784 1759/1538/785 1753/1532/775
f 1753/1532/776 1759/1538/786 1760/1539/787
f 1760/1539/788 1754/1533/781 1753/1532/776
f 1761/1540/789 1754/1533/781 1760/1539/788
f 1754/1533/777 1761/1540/790 1756/1535/779
f 1762/1541/791 1756/1535/779 1761/1540/789
f 1761/1540/790 1763/1542/792 1762/1541/792
f 1763/1542/793 1761/1540/789 1764/1543/794
f 1760/1539/788 1764/1543/794 1761/1540/789
f 1765/1544/795 1766/1545/796 1767/1546/797
f 1767/1546/797 1768/1547/798 1765/1544/795
f 1769/1548/799 1765/1544/795 1768/1547/798
f 1768/1547/800 1770/1549/801 1769/1548/799
f 1771/1550/802 1772/1551/803 1773/1552/804
f 1773/1552/804 1774/1553/805 1771/1550/802
f 1775/1554/806 1771/1550/802 1774/1553/805
f 1774/1553/805 1776/1555/807 1775/1554/808
f 1777/1556/809 1778/1557/810 1779/1558/811
f 1779/1558/812 1780/1559/813 1777/1556/809
f 1781/1560/814 1777/1556/809 1780/1559/813
f 1780/1559/813 1782/1561/815 1781/1560/814
f 1782/1561/815 1780/1559/813 1783/1562/816
f 1783/1562/816 1784/1563/817 1782/1561/815
f 1784/1563/817 1783/1562/818 1785/1564/819
f 1785/1564/820 1786/1565/821 1784/1563/817
f 1780/1559/822 1779/1558/812 1787/1566/823
f 1787/1566/823 1783/1562/824 1780/1559/825
f 1783/1562/824 1787/1566/826 1788/1567/827
f 1788/1567/827 1785/1564/828 1783/1562/829
f 1789/1568/830 1790/1569/831 1791/1570/832
f 1791/1570/832 1792/1571/833 1789/1568/830
f 1793/1572/834 1789/1568/830 1792/1571/833
f 1792/1571/833 1794/1573/835 1793/1572/836
f 1794/1573/835 1792/1571/833 1795/1574/837
f 1795/1574/837 1796/1575/838 1794/1573/835
f 1796/1575/838 1795/1574/837 1797/1576/839
f 1797/1576/839 1798/1577/827 1796/1575/838
f 1792/1571/833 1791/1570/832 1799/1578/840
f 1799/1578/840 1795/1574/837 1792/1571/833
f 1795/1574/837 1799/1578/841 1800/1579/842
f 1800/1579/843 1797/1576/839 1795/1574/837
f 1801/1580/844 1802/1581/845 1803/1582/846
f 1803/1582/846 1804/1583/847 1801/1580/844
f 1805/1584/848 1801/1580/844 1804/1583/847
f 1804/1583/849 1806/1585/850 1805/1584/848
f 1805/1584/848 1806/1585/850 1807/1586/851
f 1807/1586/851 1806/1585/850 1808/1587/852
f 1808/1587/853 1809/1588/854 1807/1586/855
f 1810/1589/856 1809/1588/854 1808/1587/852
f 1804/1583/847 1803/1582/857 1811/1590/858
f 1811/1590/859 1812/1591/860 1804/1583/847
f 1806/1585/850 1804/1583/847 1812/1591/860
f 1812/1591/860 1813/1592/861 1806/1585/850
f 1808/1587/852 1806/1585/850 1813/1592/861
f 1813/1592/861 1814/1593/862 1808/1587/852
f 1815/1594/863 1808/1587/852 1814/1593/864
f 1808/1587/865 1815/1594/863 1810/1589/856
f 1816/1595/866 1810/1589/856 1815/1594/867
f 1817/1596/868 1811/1590/869 1803/1582/846
f 1803/1582/846 1818/1597/870 1817/1596/868
f 1819/1598/871 1817/1596/872 1818/1597/870
f 1818/1597/870 1820/1599/873 1819/1598/874
f 1821/1600/875 1819/1598/874 1820/1599/876
f 1820/1599/876 1822/1601/877 1821/1600/878
f 1823/1602/879 1821/1600/878 1822/1601/877
f 1822/1601/877 1815/1594/863 1823/1602/880
f 1814/1593/864 1823/1602/864 1815/1594/863
f 1824/1603/881 1820/1599/876 1818/1597/870
f 1820/1599/876 1824/1603/881 1825/1604/882
f 1825/1604/882 1822/1601/877 1820/1599/876
f 1822/1601/877 1825/1604/882 1816/1595/866
f 1816/1595/883 1815/1594/863 1822/1601/877
f 1818/1597/870 1826/1605/884 1824/1603/881
f 1827/1606/885 1828/1607/886 1829/1608/887
f 1829/1608/887 1830/1609/888 1827/1606/889
f 1831/1610/890 1827/1606/885 1830/1609/888
f 1830/1609/891 1832/1611/892 1831/1610/890
f 1832/1611/892 1830/1609/888 1833/1612/893
f 1833/1612/893 1834/1613/894 1832/1611/892
f 1834/1613/894 1833/1612/895 1835/1614/896
f 1835/1614/897 1836/1615/898 1834/1613/894
f 1830/1609/888 1829/1608/887 1837/1616/899
f 1837/1616/900 1833/1612/895 1830/1609/888
f 1833/1612/893 1837/1616/901 1838/1617/902
f 1838/1617/902 1835/1614/896 1833/1612/893
f 1839/1618/903 1840/1619/904 1841/1620/905
f 1841/1620/905 1842/1621/906 1839/1618/903
f 1843/1622/907 1839/1618/903 1842/1621/908
f 1842/1621/908 1844/1623/909 1843/1622/907
f 1844/1623/909 1842/1621/908 1845/1624/910
f 1845/1624/910 1846/1625/911 1844/1623/909
f 1846/1625/911 1845/1624/910 1847/1626/912
f 1847/1626/912 1848/1627/913 1846/1625/911
f 1842/1621/908 1841/1620/905 1849/1628/914
f 1849/1628/914 1845/1624/910 1842/1621/908
f 1845/1624/910 1849/1628/914 1850/1629/915
f 1850/1629/915 1847/1626/912 1845/1624/910
f 1851/1630/356 1852/1631/356 1853/1632/356
f 1853/1632/356 1854/1633/356 1851/1630/356
f 1854/1633/356 1853/1632/356 1855/1634/356
f 1855/1634/356 1856/1635/356 1854/1633/356
f 1856/1635/356 1855/1634/356 1857/1636/356
f 1857/1636/916 1858/1637/916 1856/1635/916
f 1859/1638/356 1860/1639/356 1861/1640/356
f 1861/1640/356 1862/1641/356 1859/1638/356
f 1863/1642/356 1859/1638/356 1862/1641/356
f 1862/1641/356 1864/1643/356 1863/1642/356
f 1865/1644/356 1863/1642/356 1864/1643/356
f 1864/1643/356 1866/1645/356 1865/1644/356
f 1866/1645/356 1864/1643/356 1867/1646/917
f 1867/1646/917 1868/1647/356 1866/1645/356
f 1862/1641/356 1861/1640/356 1869/1648/356
f 1869/1648/356 1870/1649/918 1862/1641/356
f 1864/1643/356 1862/1641/356 1870/1649/919
f 1870/1649/918 1867/1646/917 1864/1643/356
f 1871/1650/920 1867/1646/921 1870/1649/918
f 1867/1646/922 1871/1650/923 1872/1651/924
f 1872/1651/925 1873/1652/916 1867/1646/917
f 1868/1647/916 1867/1646/921 1873/1652/916
f 1873/1652/356 1874/1653/356 1868/1647/356
f 1870/1649/918 1869/1648/356 1875/1654/356
f 1875/1654/916 1876/1655/926 1870/1649/918
f 1870/1649/918 1876/1655/927 1871/1650/928
f 1877/1656/356 1878/1657/356 1879/1658/356
f 1879/1658/356 1880/1659/356 1877/1656/356
f 1880/1659/356 1879/1658/356 1881/1660/356
f 1881/1660/356 1882/1661/356 1880/1659/356
f 1882/1661/356 1881/1660/356 1883/1662/356
f 1883/1662/356 1884/1663/356 1882/1661/356
f 1885/1664/159 1886/1665/159 1887/1666/159
f 1887/1666/159 1888/1667/159 1885/1664/159
f 1888/1667/159 1887/1666/159 1889/1668/159
f 1889/1668/159 1890/1669/159 1888/1667/159
f 1890/1669/159 1889/1668/159 1891/1670/159
f 1891/1670/159 1892/1671/159 1890/1669/159
f 1893/1672/929 1894/1673/929 1895/1674/929
f 1895/1674/930 1896/1675/930 1893/1672/930
f 1896/1675/931 1895/1674/931 1897/1676/931
f 1897/1676/930 1898/1677/930 1896/1675/930
f 1898/1677/930 1897/1676/930 1899/1678/930
f 1899/1678/930 1900/1679/930 1898/1677/930
f 1901/1680/932 1902/1681/932 1903/1682/932
f 1903/1682/933 1904/1683/933 1901/1680/933
f 1904/1683/934 1903/1682/934 1905/1684/934
f 1905/1684/934 1906/1685/934 1904/1683/934
f 1906/1685/934 1905/1684/934 1907/1686/934
f 1907/1686/932 1908/1687/932 1906/1685/932
f 1909/1688/159 1910/1689/159 1911/1690/159
f 1911/1690/159 1912/1691/159 1909/1688/159
f 1912/1691/159 1911/1690/159 1913/1692/159
f 1913/1692/159 1914/1693/159 1912/1691/159
f 1914/1693/159 1913/1692/159 1915/1694/159
f 1915/1694/159 1916/1695/159 1914/1693/159
f 1917/1696/935 1918/1697/936 1919/1698/937
f 1919/1698/937 1920/1699/938 1917/1696/939
f 1921/1700/940 1917/1696/939 1920/1699/941
f 1920/1699/938 1922/1701/942 1921/1700/943
f 1922/1701/944 1920/1699/941 1923/1702/945
f 1923/1702/945 1924/1703/946 1922/1701/944
f 1920/1699/941 1919/1698/937 1925/1704/947
f 1925/1704/947 1923/1702/945 1920/1699/941
f 1923/1702/945 1925/1704/947 1926/1705/948
f 1926/1705/948 1927/1706/949 1923/1702/945
f 1924/1703/950 1923/1702/945 1927/1706/949
f 1927/1706/949 1928/1707/951 1924/1703/950
f 1929/1708/952 1924/1703/946 1928/1707/951
f 1928/1707/953 1930/1709/954 1929/1708/952
f 1931/1710/955 1929/1708/952 1930/1709/954
f 1930/1709/954 1932/1711/956 1931/1710/955
f 1933/1712/957 1931/1710/955 1932/1711/956
f 1931/1710/955 1933/1712/958 1934/1713/959
f 1934/1713/959 1935/1714/960 1931/1710/955
f 1931/1710/961 1935/1714/962 1936/1715/963
f 1936/1715/964 1937/1716/965 1931/1710/955
f 1932/1711/956 1938/1717/966 1933/1712/967
f 1939/1718/968 1933/1712/967 1938/1717/969
f 1938/1717/969 1940/1719/970 1939/1718/968
f 1941/1720/971 1939/1718/968 1940/1719/972
f 1940/1719/973 1942/1721/974 1941/1720/971
f 1943/1722/975 1941/1720/971 1942/1721/976
f 1942/1721/974 1944/1723/977 1943/1722/975
f 1945/1724/978 1943/1722/975 1944/1723/977
f 1943/1722/975 1945/1724/978 1946/1725/979
f 1946/1725/979 1947/1726/980 1943/1722/975
f 1947/1726/980 1946/1725/979 1948/1727/981
f 1948/1727/981 1949/1728/982 1947/1726/980
f 1944/1723/977 1950/1729/983 1945/1724/978
f 1951/1730/984 1945/1724/978 1950/1729/985
f 1945/1724/978 1951/1730/984 1952/1731/986
f 1952/1731/986 1946/1725/979 1945/1724/978
f 1946/1725/979 1952/1731/986 1953/1732/987
f 1953/1732/987 1948/1727/981 1946/1725/979
f 1950/1729/985 1954/1733/988 1951/1730/989
f 1955/1734/990 1951/1730/989 1954/1733/988
f 1951/1730/989 1955/1734/990 1956/1735/991
f 1956/1735/991 1952/1731/986 1951/1730/989
f 1952/1731/986 1956/1735/991 1957/1736/992
f 1957/1736/992 1953/1732/987 1952/1731/986
f 1954/1733/988 1958/1737/990 1955/1734/990
f 1959/1738/993 1936/1715/963 1935/1714/960
f 1935/1714/994 1960/1739/995 1959/1738/993
f 1961/1740/996 1959/1738/993 1960/1739/997
f 1960/1739/997 1962/1741/998 1961/1740/999
f 1963/1740/1000 1961/1740/996 1962/1741/998
f 1962/1741/998 1964/1741/1001 1963/1740/1002
f 1965/1742/1003 1963/1740/1004 1964/1741/1005
f 1966/1743/1006 1960/1739/997 1935/1714/960
f 1935/1714/1007 1934/1713/959 1966/1743/1008
f 1967/1744/1009 1968/1745/1010 1969/1746/1011
f 1969/1746/1012 1970/1747/1013 1967/1744/1009
f 1971/1748/1014 1967/1744/1009 1970/1747/1013
f 1970/1747/1013 1972/1749/1015 1971/1748/1016
f 1972/1749/1015 1970/1747/1013 1973/1750/1017
f 1973/1750/1018 1974/1751/1019 1972/1749/1015
f 1970/1747/1013 1969/1746/1011 1975/1752/1020
f 1975/1752/1020 1973/1750/1021 1970/1747/1013
f 1976/1753/1022 1977/1754/1023 1978/1755/1024
f 1978/1755/1024 1979/1756/1025 1976/1753/1022
f 1980/1757/1026 1976/1753/1022 1979/1756/1025
f 1979/1756/1025 1981/1758/1027 1980/1757/1026
f 1982/1759/1028 1980/1757/1026 1981/1758/1027
f 1981/1758/1027 1983/1760/1029 1982/1759/1028
f 1983/1760/1029 1981/1758/1027 1984/1761/1030
f 1984/1761/1030 1985/1762/1031 1983/1760/1029
f 1979/1756/1025 1978/1755/1024 1986/1763/1032
f 1986/1763/1033 1987/1764/1034 1979/1756/1025
f 1981/1758/1027 1979/1756/1025 1987/1764/1034
f 1987/1764/1034 1984/1761/1030 1981/1758/1027
f 1988/1765/159 1989/1766/159 1990/1767/159
f 1990/1767/159 1991/1768/159 1988/1765/159
f 1988/1765/159 1991/1768/159 1992/1769/159
f 1992/1769/159 1993/1770/159 1988/1765/159
f 1993/1770/159 1992/1769/159 1994/1771/159
f 1994/1771/159 1995/1772/159 1993/1770/159
f 1991/1768/159 1990/1767/159 1996/1773/159
f 1996/1773/635 1997/1774/635 1991/1768/635
f 1991/1768/635 1997/1774/635 1998/1775/635
f 1998/1775/159 1992/1769/159 1991/1768/159
f 1992/1769/635 1998/1775/635 1999/1776/635
f 1999/1776/159 1994/1771/159 1992/1769/159
f 1997/1774/1035 1996/1773/1035 2000/1777/1035
f 2000/1777/159 2001/1778/159 1997/1774/159
f 1997/1774/159 2001/1778/159 2002/1779/159
f 2002/1779/1035 1998/1775/1035 1997/1774/1035
f 1998/1775/159 2002/1779/159 2003/1780/159
f 2003/1780/1035 1999/1776/1035 1998/1775/1035
f 2004/1781/1036 2005/1782/1037 2006/1783/1038
f 2006/1783/1038 2007/1784/1039 2004/1781/1036
f 2008/1785/1040 2004/1781/1036 2007/1784/1039
f 2007/1784/1041 2009/1786/1042 2008/1785/1043
f 2010/1787/1044 2008/1785/1040 2009/1786/1045
f 2009/1786/1042 2011/1788/1046 2010/1787/1047
f 2011/1788/1046 2009/1786/1042 2012/1789/1048
f 2012/1789/1048 2013/1790/1049 2011/1788/1046
f 2007/1784/1039 2006/1783/1038 2014/1791/1050
f 2014/1791/1050 2015/1792/1051 2007/1784/1041
f 2009/1786/1045 2007/1784/1041 2015/1792/1051
f 2015/1792/1051 2012/1789/1048 2009/1786/1052
f 2016/1793/1053 2017/1794/1054 2018/1795/1055
f 2018/1795/1056 2019/1796/1057 2016/1793/1053
f 2020/1797/1058 2016/1793/1053 2019/1796/1057
f 2019/1796/1057 2021/1798/1059 2020/1797/1058
f 2021/1798/1059 2019/1796/1057 2022/1799/1060
f 2022/1799/1060 2023/1800/1061 2021/1798/1059
f 2019/1796/1057 2018/1795/1056 2024/1801/1062
f 2024/1801/1063 2022/1799/1064 2019/1796/1057
f 2025/1802/1065 2026/1803/1066 2027/1804/1067
f 2027/1804/1067 2028/1805/1068 2025/1802/1069
f 2029/1806/1070 2025/1802/1069 2028/1805/1068
f 2028/1805/1068 2030/1807/1071 2029/1806/1072
f 2031/1808/1073 2029/1806/1072 2030/1807/1071
f 2030/1807/1071 2032/1809/1074 2031/1808/1073
f 2032/1809/1074 2030/1807/1071 2033/1810/1075
f 2033/1810/1075 2034/1811/1076 2032/1809/1077
f 2028/1805/1068 2027/1804/1078 2035/1812/1079
f 2035/1812/1080 2036/1813/1081 2028/1805/1068
f 2030/1807/1071 2028/1805/1068 2036/1813/1081
f 2036/1813/1081 2033/1810/1075 2030/1807/1071
f 2033/1810/1075 2036/1813/1081 2037/1814/1082
f 2037/1814/1082 2038/1815/1083 2033/1810/1075
f 2034/1811/1084 2033/1810/1075 2038/1815/1083
f 2038/1815/1083 2039/1816/1085 2034/1811/1076
f 2040/1817/1086 2034/1811/1084 2039/1816/1085
f 2039/1816/1085 2041/1818/1087 2040/1817/1088
f 2042/1819/1089 2040/1817/1086 2041/1818/1087
f 2036/1813/1090 2035/1812/1080 2043/1820/1091
f 2043/1820/1091 2037/1814/1092 2036/1813/1090
f 2041/1818/1087 2044/1821/1093 2042/1819/1089
f 2045/1822/1094 2042/1819/1089 2044/1821/1095
f 2044/1821/1096 2046/1823/1097 2045/1822/1094
f 2047/1824/1098 2045/1822/1094 2046/1823/1097
f 2045/1822/1094 2047/1824/1098 2048/1825/1099
f 2048/1825/1100 2049/1826/1101 2045/1822/1094
f 2049/1826/1101 2048/1825/1100 2050/1827/1102
f 2050/1827/1103 2051/1828/1104 2049/1826/1101
f 2046/1823/1097 2052/1829/1105 2047/1824/1098
f 2053/1830/1106 2047/1824/1098 2052/1829/1107
f 2052/1829/1105 2054/1831/1108 2053/1830/1106
f 2055/1832/1109 2053/1830/1106 2054/1831/1110
f 2054/1831/1108 2056/1833/1111 2055/1832/1109
f 2057/1834/1112 2055/1832/1109 2056/1833/1111
f 2055/1832/1109 2057/1834/1113 2058/1835/1114
f 2058/1835/1114 2059/1836/1115 2055/1832/1116
f 2059/1836/1115 2058/1835/1114 2060/1837/1117
f 2060/1837/1118 2061/1838/1119 2059/1836/1115
f 2056/1833/1120 2062/1839/1121 2057/1834/1112
f 2063/1840/1122 2057/1834/1112 2062/1839/1121
f 2057/1834/1112 2063/1840/1122 2064/1841/1123
f 2064/1841/1123 2058/1835/1114 2057/1834/1113
f 2058/1835/1114 2064/1841/1123 2065/1842/1124
f 2065/1842/1125 2060/1837/1117 2058/1835/1114
f 2062/1839/1126 2066/1843/1127 2063/1840/1122
f 2048/1825/1100 2047/1824/1098 2067/1844/1128
f 2067/1844/1128 2068/1845/1129 2048/1825/1100
f 2050/1827/1103 2048/1825/1099 2068/1845/1129
f 2068/1845/1129 2069/1846/1130 2050/1827/1131
f 2070/1847/1132 2050/1827/1103 2069/1846/1133
f 2069/1846/1130 2071/1848/1134 2070/1847/1132
f 2072/1847/1135 2070/1847/1132 2071/1848/1134
f 2071/1848/1134 2073/1848/1136 2072/1847/1135
f 2074/1849/1137 2072/1847/1135 2073/1848/1138
f 2075/1850/1139 2072/1847/1135 2074/1849/1140
f 2074/1849/1140 2076/1851/1141 2075/1850/1142
f 2073/1848/1138 2077/1852/1138 2074/1849/1143
f 2078/1853/1144 2074/1849/1145 2077/1852/1138
f 2077/1852/1146 2079/1854/1147 2078/1853/1144
f 2080/1855/1148 2078/1853/1149 2079/1854/1150
f 2079/1854/1150 2081/1856/1151 2080/1855/1152
f 2082/1857/1153 2080/1855/1148 2081/1856/1151
f 2081/1856/1151 2083/1858/1154 2082/1857/1153
f 2084/1857/1155 2082/1857/1153 2083/1858/1156
f 2083/1858/1154 2085/1858/1157 2084/1857/1157
f 1964/1741/1005 2086/1859/1158 2087/1860/1159
f 2087/1860/1159 2088/1861/1160 1964/1741/1161
f 1964/1741/1005 2088/1861/1162 1965/1742/1003
f 2089/1862/1163 1965/1742/1003 2088/1861/1160
f 2088/1861/1162 2090/1863/1164 2089/1862/1163
f 2091/1864/1165 2089/1862/1163 2090/1863/1166
f 2090/1863/1166 2092/1865/1167 2091/1864/1165
f 2093/1866/1168 2091/1864/1165 2092/1865/1167
f 2092/1865/1167 2094/1867/1169 2093/1866/1168
f 2095/1866/1170 2093/1866/1168 2094/1867/1171
f 2094/1867/1169 2096/1867/1170 2095/1866/1170
f 2097/1868/1172 2098/1869/1173 2099/1870/1174
f 2099/1870/1174 2100/1871/1175 2097/1868/1172
f 2101/1872/1176 2097/1868/1172 2100/1871/1177
f 2100/1871/1175 2102/1873/1178 2101/1872/1176
f 1793/1572/836 2101/1872/1179 2102/1873/1180
f 2102/1873/1181 2103/1874/1182 1793/1572/1183
f 2104/1875/1184 2103/1874/1182 2102/1873/1178
f 2105/1876/1185 2100/1871/1177 2099/1870/1174
f 2100/1871/1175 2105/1876/1185 2106/1877/1186
f 2106/1877/1186 2102/1873/1187 2100/1871/1175
f 2102/1873/1181 2106/1877/1186 2104/1875/1184
f 2104/1875/1184 2106/1877/1186 2107/1878/1188
f 2107/1878/1188 2108/1879/1189 2104/1875/1184
f 2108/1879/1189 2107/1878/1188 2109/1880/1190
f 2109/1880/1190 2110/1881/1191 2108/1879/1192
f 2099/1870/1174 2111/1882/1193 2105/1876/1194
f 2105/1876/1194 2111/1882/1193 2112/1883/1195
f 2112/1883/1195 2113/1884/1196 2105/1876/1194
f 2106/1877/1197 2105/1876/1185 2113/1884/1198
f 2113/1884/1198 2107/1878/1199 2106/1877/1186
f 2107/1878/1188 2113/1884/1196 2114/1885/1200
f 2114/1885/1201 2109/1880/1190 2107/1878/1188
f 2109/1880/1190 2114/1885/1201 2115/1886/1202
f 2115/1886/1203 2116/1887/1204 2109/1880/1190
f 2110/1881/1191 2109/1880/1190 2116/1887/1204
f 2116/1887/1204 1778/1557/1205 2110/1881/1191
f 2113/1884/1198 2112/1883/1206 2117/1888/1207
f 2117/1888/1207 2114/1885/1200 2113/1884/1196
f 2114/1885/1208 2117/1888/1207 2118/1889/1209
f 2118/1889/1209 2115/1886/1202 2114/1885/1200
f 2119/1890/1210 2120/1891/1211 2121/1892/1212
f 2121/1892/1212 2122/1893/1213 2119/1890/1210
f 2123/1894/1214 2119/1890/1210 2122/1893/1213
f 2122/1893/1213 2124/1895/1215 2123/1894/1214
f 2125/1896/1216 2123/1894/1214 2124/1895/1215
f 2124/1895/1215 2126/1897/1217 2125/1896/1218
f 2126/1897/1217 2124/1895/1215 2127/1898/1219
f 2127/1898/1220 2128/1899/1221 2126/1897/1217
f 2122/1893/1213 2121/1892/1212 2129/1900/1222
f 2129/1900/1223 2130/1901/1224 2122/1893/1213
f 2124/1895/1215 2122/1893/1213 2130/1901/1224
f 2130/1901/1224 2127/1898/1219 2124/1895/1215
f 2131/1902/1225 2132/1903/1226 2133/1904/1227
f 2133/1904/1228 2134/1905/1229 2131/1902/1225
f 2131/1902/1225 2134/1905/1229 2135/1906/1230
f 2135/1906/1231 2136/1907/1232 2131/1902/1225
f 2136/1907/1233 2135/1906/1234 2137/1908/1235
f 2137/1908/1236 2138/1909/1237 2136/1907/1232
f 2134/1905/1238 2133/1904/1239 2139/1450/1240
f 2139/1450/1240 2140/1447/1240 2134/1905/1238
f 2134/1905/1241 2140/1447/1240 2141/1446/1240
f 2141/1446/1240 2135/1906/1242 2134/1905/1241
f 2135/1906/1240 2141/1446/1240 2142/1444/1240
f 2142/1444/1240 2137/1908/1236 2135/1906/1240
f 2143/1910/1243 2144/1911/1244 2145/1912/1245
f 2145/1912/1246 2146/1913/1247 2143/1910/1248
f 2147/1914/1249 2143/1910/1243 2146/1913/1250
f 2146/1913/1247 2148/1915/1251 2147/1914/1252
f 2149/1916/1253 2147/1914/1254 2148/1915/1251
f 2148/1915/1251 2150/1917/1255 2149/1916/1256
f 2150/1917/1255 2148/1915/1251 2151/1918/1257
f 2151/1918/1257 2152/1919/1258 2150/1917/1255
f 2146/1913/1259 2145/1912/1245 2153/1920/1260
f 2153/1920/1261 2154/1921/1262 2146/1913/1259
f 2148/1915/1251 2146/1913/1259 2154/1921/1263
f 2154/1921/1263 2151/1918/1257 2148/1915/1251
f 2155/1922/1264 2156/1923/1264 2157/1924/1264
f 2157/1924/1264 2158/1925/1264 2155/1922/1264
f 2159/1926/1265 2160/1927/1266 2161/1928/1267
f 2161/1928/1267 2162/1929/1268 2159/1926/1265
f 2163/1930/1269 2159/1926/1265 2162/1929/1268
f 2162/1929/1268 2164/1931/1270 2163/1930/1269
f 2165/1932/1271 2166/1933/1272 2167/1934/1271
f 2167/1934/1273 2168/1935/1274 2165/1932/1273
f 2169/1936/1275 2170/1937/1276 2171/1938/1276
f 2171/1938/1277 2172/1939/1278 2169/1936/1275
f 2173/1940/1279 2169/1936/1280 2172/1939/1278
f 2172/1939/1278 2174/1941/1281 2173/1940/1279
f 2175/1942/1282 2173/1940/1279 2174/1941/1281
f 2174/1941/1281 2176/1943/1282 2175/1942/1282
f 2175/1942/1282 2176/1943/1282 2177/1944/1283
f 2177/1944/1283 2178/1945/1283 2175/1942/1282
f 2179/1946/1284 2180/1947/1285 2181/1948/1284
f 2181/1948/1284 2182/1949/1286 2179/1946/1284
f 2183/1950/1287 2184/1951/1288 2185/1952/1289
f 2185/1952/1290 2186/1953/1291 2183/1950/1287
f 2187/1954/1292 2183/1950/1293 2186/1953/1291
f 2186/1953/1291 2188/1955/1294 2187/1954/1292
f 2189/1956/1295 2190/1867/1296 2191/1957/1296
f 2191/1957/1296 2192/1958/1297 2189/1956/1295
f 2193/1959/1298 2189/1956/1299 2192/1958/1300
f 2192/1958/1297 2194/1960/1301 2193/1959/1302
f 2195/1961/1303 2193/1959/1300 2194/1960/1301
f 2194/1960/1301 2196/1962/1304 2195/1961/1303
f 2197/1700/1305 2195/1961/1303 2196/1962/1304
f 2196/1962/1304 2198/1963/1306 2197/1700/1305
f 2199/1701/1307 2197/1700/1305 2198/1963/1306
f 2198/1963/1306 2200/1964/1308 2199/1701/1309
f 2201/1703/1310 2199/1701/1311 2200/1964/1312
f 2200/1964/1312 2202/1965/1313 2201/1703/1314
f 2203/1708/1315 2201/1703/1314 2202/1965/1316
f 2202/1965/1316 2204/1966/1317 2203/1708/1315
f 2205/1710/1318 2203/1708/1315 2204/1966/1319
f 2204/1966/1317 2206/1967/1318 2205/1710/1318
f 2207/1968/1320 2208/1969/1321 2209/1857/1321
f 2209/1857/1321 2210/1970/1322 2207/1968/1320
f 2211/1971/1323 2207/1968/1320 2210/1970/1322
f 2210/1970/1322 2212/1972/1324 2211/1971/1323
f 2213/1973/1325 2211/1971/1326 2212/1972/1324
f 2212/1972/1324 2214/1974/1327 2213/1973/1325
f 2215/1975/1328 2213/1973/1325 2214/1974/1327
f 2214/1974/1327 2216/1838/1329 2215/1975/1328
f 2217/1976/1330 2215/1975/1328 2216/1838/1329
f 2216/1838/1329 2218/1836/1331 2217/1976/1330
f 2219/1977/1332 2217/1976/1330 2218/1836/1333
f 2218/1836/1333 2220/1832/1334 2219/1977/1332
f 2221/1978/1335 2219/1977/1336 2220/1832/1337
f 2220/1832/1334 2222/1830/1338 2221/1978/1335
f 2223/1979/1339 2221/1978/1335 2222/1830/1338
f 2222/1830/1338 2224/1824/1339 2223/1979/1339
f 2225/1980/1340 2226/1980/1341 2227/1981/1341
f 2227/1981/1341 2228/1981/1342 2225/1980/1340
f 2229/1982/1343 2225/1980/1340 2228/1981/1342
f 2228/1981/1342 2230/1851/1343 2229/1982/1343
f 2231/1983/1344 2232/1984/1344 2233/1985/1344
f 2233/1985/1345 2234/1986/1345 2231/1983/1345
f 2235/1987/1346 2236/1988/1347 2237/1850/1347
f 2237/1850/1347 2238/1989/1348 2235/1987/1346
f 2239/1990/1349 2235/1987/1346 2238/1989/1348
f 2238/1989/1348 2240/1828/1350 2239/1990/1349
f 2241/1991/1351 2239/1990/1349 2240/1828/1350
f 2240/1828/1350 2242/1826/1352 2241/1991/1351
f 2243/1992/1353 2241/1991/1351 2242/1826/1352
f 2242/1826/1352 2244/1822/1354 2243/1992/1353
f 2245/1993/1355 2243/1992/1353 2244/1822/1356
f 2244/1822/1354 2246/1819/1357 2245/1993/1355
f 2247/1994/1358 2245/1993/1355 2246/1819/1357
f 2246/1819/1357 2248/1817/1359 2247/1994/1358
f 2249/1995/1360 2247/1994/1358 2248/1817/1361
f 2248/1817/1361 2250/1811/1362 2249/1995/1360
f 2251/1996/1363 2249/1995/1360 2250/1811/1362
f 2250/1811/1362 2252/1809/1364 2251/1996/1363
f 2253/1997/1365 2251/1996/1363 2252/1809/1366
f 2252/1809/1367 2254/1808/1368 2253/1997/1365
f 2255/1998/1369 2253/1997/1365 2254/1808/1368
f 2254/1808/1368 2256/1911/1370 2255/1998/1371
f 2257/1998/1372 2255/1998/1371 2256/1911/1373
f 2256/1911/1373 2258/1911/1374 2257/1998/1372
f 2259/1999/1375 2257/1998/1372 2258/1911/1374
f 2258/1911/1374 2260/1912/1376 2259/1999/1375
f 2261/2000/1377 2259/1999/1375 2260/1912/1376
f 2260/1912/1378 2262/1920/1379 2261/2000/1377
f 2263/2001/1380 2261/2000/1377 2262/1920/1381
f 2262/1920/1381 2264/2002/1382 2263/2001/1383
f 2265/2001/1384 2263/2001/1383 2264/2002/1382
f 2264/2002/1382 2266/2002/1384 2265/2001/1384
f 2267/2003/1385 2268/2004/1386 2269/2005/1386
f 2269/2005/1387 2270/1899/1388 2267/2003/1389
f 2271/2006/1390 2267/2003/1389 2270/1899/1388
f 2270/1899/1388 2272/1897/1391 2271/2006/1390
f 2273/2007/166 2271/2006/1390 2272/1897/1392
f 2272/1897/1392 2274/1896/166 2273/2007/166
f 2275/1998/1384 2276/1998/1384 2144/1911/1393
f 2144/1911/1394 2277/1911/1384 2275/1998/1384
f 2278/1860/1395 2279/2008/1396 2280/2009/1396
f 2280/2009/1396 2281/2010/1397 2278/1860/1395
f 2282/1859/1398 2278/1860/1395 2281/2010/1397
f 2281/2010/1397 2283/2011/1399 2282/1859/1400
f 2284/2012/1401 2282/1859/1398 2283/2011/1399
f 2283/2011/1399 2285/2013/1402 2284/2012/1401
f 2286/1743/1403 2284/2012/1401 2285/2013/1402
f 2285/2013/1402 2287/2014/1404 2286/1743/1403
f 2288/1713/1405 2286/1743/1403 2287/2014/1404
f 2287/2014/1404 2289/2015/1406 2288/1713/1405
f 2290/1712/1407 2288/1713/1405 2289/2015/1406
f 2289/2015/1406 2291/2016/1408 2290/1712/1407
f 2292/1718/1409 2290/1712/1407 2291/2016/1410
f 2291/2016/1410 2293/2017/1411 2292/1718/1409
f 2294/1720/1412 2292/1718/1409 2293/2017/1411
f 2293/2017/1411 2295/2018/1413 2294/1720/1412
f 2296/1722/1414 2294/1720/1412 2295/2018/1415
f 2295/2018/1415 2297/2019/1416 2296/1722/1414
f 2298/1726/1417 2296/1722/1414 2297/2019/1416
f 2297/2019/1416 2299/2020/1418 2298/1726/1417
f 2300/1728/1419 2298/1726/1417 2299/2020/1418
f 2299/2020/1418 2301/2021/1420 2300/1728/1419
f 2302/1896/1421 2300/1728/1419 2301/2021/1420
f 2301/2021/1420 2303/2007/1421 2302/1896/1421
f 2304/2022/156 2305/2023/156 2306/2024/1422
f 2306/2024/1422 2307/2025/1423 2304/2022/156
f 2307/2025/1423 2306/2024/1422 2308/2026/1423
f 2308/2026/1423 2309/2027/1422 2307/2025/1423
f 2309/2027/1422 2308/2026/1423 2310/2028/1424
f 2310/2028/1424 2311/2029/1425 2309/2027/1422
f 2311/2029/1425 2310/2028/1424 2312/2030/1426
f 2312/2030/1426 2313/2031/1427 2311/2029/1425
f 2314/2032/1428 2313/2031/1427 2312/2030/1426
f 2313/2031/1427 2314/2032/1428 2315/2033/1429
f 2315/2033/1429 2316/2034/1430 2313/2031/1427
f 2313/2031/1431 2316/2034/1432 2317/2035/156
f 2317/2035/156 2318/2036/156 2313/2031/1431
f 2312/2030/1426 2319/2037/1433 2314/2032/1428
f 2320/2038/156 2317/2035/156 2316/2034/1430
f 2316/2034/1430 2321/2039/1430 2320/2038/156
f 2322/2040/1429 2321/2039/1430 2316/2034/1430
f 2316/2034/1430 2315/2033/1429 2322/2040/1429
f 2317/2035/156 2323/2041/156 2324/2042/156
f 2324/2042/156 2325/2043/156 2317/2035/156
f 2317/2035/156 2325/2043/156 2318/2036/156
f 2318/2036/156 2325/2043/156 2326/2044/156
f 2326/2044/156 2327/2045/156 2318/2036/156
f 2328/2046/156 2327/2045/156 2326/2044/156
f 2326/2044/156 2329/2047/156 2328/2046/156
f 2330/2048/156 2326/2044/156 2325/2043/156
f 2325/2043/156 2331/2049/156 2330/2048/156
f 2332/2050/356 2333/2051/356 2334/2052/356
f 2334/2052/356 2335/2053/356 2332/2050/356
f 2336/2054/356 2332/2050/356 2335/2053/356
f 2335/2053/356 2337/2055/356 2336/2054/356
f 2338/2056/1434 2339/2057/1434 2340/2058/1434
f 2340/2058/1434 2341/2059/1434 2338/2056/1434
f 2342/2060/1435 2343/2061/1435 2344/2062/1435
f 2344/2062/1435 2345/2063/1435 2342/2060/1435
f 2346/2064/1436 2347/2065/1436 2348/2066/1436
f 2348/2066/1436 2349/2067/1436 2346/2064/1436
f 2350/2068/1437 2351/2069/1437 2352/2070/1437
f 2352/2070/1437 2353/2071/1437 2350/2068/1437
f 2354/2072/1438 2355/2073/1438 2356/2074/1438
f 2356/2074/1438 2357/2075/1438 2354/2072/1438
f 2358/2076/1439 2359/2077/1439 2360/2078/1439
f 2360/2078/1439 2361/2079/1439 2358/2076/1439
f 2362/2080/1440 2363/2081/1441 2364/2082/1440
f 2364/2082/1440 2365/2083/1442 2362/2080/1440
f 2366/2084/159 2367/2080/159 2368/2059/159
f 2368/2059/159 2369/2085/159 2366/2084/159
f 2369/2085/159 2368/2059/159 2370/2086/159
f 2370/2086/159 2371/2087/159 2369/2085/159
f 2372/2088/169 2373/2089/169 2374/2090/169
f 2374/2090/169 2375/2091/169 2372/2088/169
f 2375/2091/169 2374/2090/169 2376/2092/169
f 2376/2092/169 2377/2093/1443 2375/2091/169
f 2377/2093/1443 2376/2092/169 2378/2094/169
f 2378/2094/169 2379/2095/1444 2377/2093/1443
f 2377/2093/1443 2379/2095/1444 2380/2096/1445
f 2380/2096/1445 2381/2097/1445 2377/2093/1443
f 2382/2098/1446 2383/2099/1447 2384/2100/1446
f 2384/2100/1448 2385/2101/1449 2382/2098/1448
f 2386/2102/1450 2387/2103/1451 2388/2104/1452
f 2388/2104/1453 2389/2105/1453 2386/2102/1453
f 2390/2106/356 2391/2107/356 2392/2108/356
f 2392/2108/356 2393/2109/356 2390/2106/356
f 2394/2110/356 2390/2106/356 2393/2109/356
f 2393/2109/356 2395/2111/356 2394/2110/356
f 2395/2111/356 2393/2109/356 2396/2112/1454
f 2396/2112/1455 2397/2113/1456 2395/2111/356
f 2395/2111/356 2397/2113/1457 2398/2114/356
f 2399/2115/356 2395/2111/356 2398/2114/356
f 2400/2116/1458 2396/2112/1454 2393/2109/356
f 2396/2112/1454 2400/2116/1459 2401/2117/1460
f 2401/2117/1460 2402/2118/1461 2396/2112/1454
f 2397/2113/1462 2396/2112/1454 2402/2118/1461
f 2402/2118/1461 2403/2119/1463 2397/2113/1457
f 2404/2120/1464 2397/2113/1456 2403/2119/1465
f 2403/2119/1466 2405/2121/1467 2404/2120/1464
f 2393/2109/356 2398/2114/356 2400/2116/1459
f 2406/2122/1468 2400/2116/1459 2398/2114/356
f 2400/2116/1469 2406/2122/1468 2407/2123/1470
f 2407/2123/1471 2401/2117/1460 2400/2116/1472
f 2401/2117/1473 2407/2123/1474 2408/2124/1475
f 2408/2124/1476 2409/2125/1477 2401/2117/1460
f 2402/2118/1461 2401/2117/1460 2409/2125/1477
f 2409/2125/1477 2410/2126/1478 2402/2118/1479
f 2403/2119/1480 2402/2118/1481 2410/2126/1482
f 2410/2126/1478 2411/2127/1483 2403/2119/1480
f 2405/2121/1484 2403/2119/1465 2411/2127/1483
f 2411/2127/1485 2412/2128/1486 2405/2121/1467
f 2398/2114/356 2413/2129/1487 2406/2122/1468
f 2406/2122/1468 2413/2129/1487 2414/2130/1488
f 2414/2130/1488 2407/2123/1471 2406/2122/1489
f 2407/2123/1470 2414/2130/1488 2415/2131/1490
f 2415/2131/1490 2408/2124/1491 2407/2123/1471
f 2416/2132/1492 2414/2130/1493 2413/2129/1487
f 2414/2130/1494 2416/2132/1495 2412/2128/1496
f 2412/2128/1496 2415/2131/1490 2414/2130/1494
f 2413/2129/1497 2404/2120/1498 2416/2132/1492
f 2417/2133/158 2418/2134/158 2419/2135/158
f 2419/2135/158 2420/2136/158 2417/2133/158
f 2421/2137/158 2417/2133/158 2420/2136/158
f 2420/2136/158 2422/2138/158 2421/2137/158
f 2423/2139/158 2422/2138/158 2420/2136/158
f 2419/2135/158 2424/2140/158 2420/2136/158
f 2420/2136/158 2424/2140/158 2423/2139/158
f 2423/2139/158 2424/2140/158 2425/795/158
f 2425/795/158 2426/798/158 2423/2139/158
f 2427/2141/158 2423/2139/158 2426/798/158
f 2426/798/158 2428/2142/158 2427/2141/158
f 2429/2143/158 2428/2142/158 2426/798/158
f 2426/798/158 2430/2144/158 2429/2143/158
f 2424/2140/158 2419/2135/158 2431/2145/158
f 2424/2140/158 2431/2145/158 2432/2146/158
f 2432/2146/158 2425/795/158 2424/2140/158
f 2433/2147/158 2426/798/158 2425/795/158
f 2425/795/158 2434/2148/158 2433/2147/158
f 2435/2149/1499 2436/2150/156 2437/2151/156
f 2437/2151/156 2438/2152/1500 2435/2149/1499
f 2439/2153/1500 2435/2149/1499 2438/2152/1500
f 2438/2152/1500 2440/2154/1499 2439/2153/1500
f 2441/2155/1501 2439/2153/1500 2440/2154/1499
f 2440/2154/1499 2442/2156/1502 2441/2155/1503
f 2443/2157/1504 2441/2155/1503 2442/2156/1502
f 2442/2156/1502 2444/2158/1505 2443/2157/1504
f 2443/2157/1504 2444/2158/1505 2445/2159/1506
f 2445/2159/1506 2446/2160/1507 2443/2157/1504
f 2447/2161/1508 2445/2159/1506 2444/2158/1505
f 2444/2158/1505 2448/2162/1509 2447/2161/1508
f 2449/2163/1508 2447/2161/1508 2448/2162/1509
f 2448/2162/1509 2450/2164/1510 2449/2163/1508
f 2451/2165/156 2450/2164/1509 2448/2162/1509
f 2448/2162/1511 2452/2166/156 2451/2165/156
f 2444/2158/1512 2452/2166/156 2448/2162/1509
f 2452/2166/156 2444/2158/1513 2453/2167/156
f 2453/2167/156 2454/2168/156 2452/2166/156
f 2452/2166/156 2454/2168/156 2455/2169/156
f 2455/2169/156 2456/2170/156 2452/2166/156
f 2457/2171/156 2454/2168/156 2453/2167/156
f 2454/2168/156 2457/2171/156 2458/2172/156
f 2458/2172/156 2459/2173/156 2454/2168/156
f 2453/2167/156 2460/2174/156 2457/2171/156
f 2457/2171/156 2460/2174/156 2461/2175/156
f 2461/2175/156 2462/2176/156 2457/2171/156
f 2463/2177/356 2464/2178/356 2465/2179/356
f 2465/2179/356 2466/2180/356 2463/2177/356
f 2466/2180/356 2465/2179/356 2467/2181/356
f 2467/2181/356 2468/2182/356 2466/2180/356
f 2469/2183/1514 2470/2184/1514 2471/2185/1514
f 2471/2185/1514 2472/2186/1514 2469/2183/1514
f 2473/2187/1515 2474/2188/1515 2475/2189/1515
f 2475/2189/1515 2476/2190/1515 2473/2187/1515
f 2477/2191/1516 2478/2192/1516 2479/2193/1516
f 2479/2193/1516 2480/2194/1516 2477/2191/1516
f 2481/2195/1517 2482/2196/1517 2483/2197/1517
f 2483/2197/1517 2484/2198/1517 2481/2195/1517
f 2485/2199/1518 2486/2200/1518 2487/2201/1518
f 2487/2201/1518 2488/2202/1518 2485/2199/1518
f 2489/2203/1519 2490/2204/1519 2491/2205/1519
f 2491/2205/1519 2492/2206/1519 2489/2203/1519
f 2493/2207/1520 2494/2208/1521 2495/2209/1520
f 2495/2209/1520 2496/2210/1522 2493/2207/1520
f 2497/2211/159 2498/2212/159 2499/2213/159
f 2499/2213/159 2500/2184/159 2497/2211/159
f 2501/2214/159 2497/2211/159 2500/2184/159
f 2500/2184/159 2502/2207/159 2501/2214/159
f 2503/2215/166 2504/2216/166 2505/2217/166
f 2505/2217/166 2506/2218/166 2503/2215/166
f 2507/2219/166 2503/2215/166 2506/2218/166
f 2506/2218/166 2508/2220/1523 2507/2219/166
f 2509/2221/166 2507/2219/166 2508/2220/1523
f 2508/2220/1523 2510/2222/1524 2509/2221/166
f 2511/2223/1525 2510/2222/1524 2508/2220/1523
f 2508/2220/1523 2512/2224/1525 2511/2223/1525
f 2513/2225/1526 2514/2226/1527 2515/2227/1526
f 2515/2227/1528 2516/2228/1529 2513/2225/1528
f 2517/2229/1530 2518/2230/1531 2519/2231/1530
f 2519/2231/1532 2520/2232/1533 2517/2229/1532
f 2521/2233/356 2522/2234/356 2523/2235/356
f 2523/2235/356 2524/2236/356 2521/2233/356
f 2524/2236/356 2523/2235/356 2525/2237/356
f 2525/2237/356 2526/2238/356 2524/2236/356
f 2527/2239/1534 2524/2236/356 2526/2238/356
f 2524/2236/356 2527/2239/1534 2528/2240/1535
f 2528/2240/1536 2529/2241/356 2524/2236/356
f 2529/2241/356 2528/2240/1536 2530/2242/1537
f 2530/2242/1537 2531/2243/1538 2529/2241/356
f 2532/2244/356 2529/2241/356 2531/2243/1538
f 2526/2238/356 2533/2245/1539 2527/2239/1540
f 2534/2246/1541 2527/2239/1534 2533/2245/1539
f 2527/2239/1540 2534/2246/1541 2535/2247/1542
f 2535/2247/1542 2528/2240/1543 2527/2239/1534
f 2528/2240/1536 2535/2247/1544 2536/2248/1545
f 2536/2248/1546 2530/2242/1537 2528/2240/1543
f 2530/2242/1547 2536/2248/1545 2537/2249/1548
f 2537/2249/1548 2531/2243/1538 2530/2242/1547
f 2538/2250/1549 2533/2245/1539 2526/2238/356
f 2539/2251/1550 2533/2245/1551 2538/2250/1549
f 2533/2245/1551 2539/2251/1550 2534/2246/1541
f 2540/2252/1552 2534/2246/1541 2539/2251/1553
f 2534/2246/1541 2540/2252/1554 2541/2253/1555
f 2541/2253/1555 2535/2247/1544 2534/2246/1541
f 2535/2247/1544 2541/2253/1555 2542/2254/1556
f 2542/2254/1556 2536/2248/1557 2535/2247/1544
f 2536/2248/1557 2542/2254/1558 2543/2255/1559
f 2543/2255/1559 2537/2249/1548 2536/2248/1546
f 2538/2250/1560 2526/2238/356 2532/2244/356
f 2532/2244/356 2531/2243/1538 2538/2250/1549
f 2544/2256/1561 2538/2250/1560 2531/2243/1538
f 2531/2243/1538 2537/2249/1562 2544/2256/1561
f 2545/2257/1563 2544/2256/1561 2537/2249/1564
f 2537/2249/1564 2543/2255/1559 2545/2257/1563
f 2539/2251/1553 2546/2258/1565 2540/2252/1552
f 2546/2258/1565 2539/2251/1550 2547/2259/1566
f 2547/2259/1567 2545/2257/1563 2546/2258/1565
f 2538/2250/1549 2547/2259/1567 2539/2251/1550
f 2548/2260/1568 2549/2261/1569 2550/2262/1570
f 2550/2262/1570 2551/2263/1571 2548/2260/1568
f 2548/2260/1568 2551/2263/1572 2552/2264/1573
f 2552/2264/1573 2553/2265/1574 2548/2260/1568
f 2553/2265/1574 2552/2264/1575 2554/2266/1576
f 2554/2266/1576 2555/2267/1577 2553/2265/1574
f 2556/2268/1578 2555/2267/1577 2554/2266/1576
f 2554/2266/1576 2557/2269/1579 2556/2268/1580
f 2558/2270/1581 2551/2263/1572 2550/2262/1582
f 2552/2264/1583 2551/2263/1571 2558/2270/1584
f 2558/2270/1581 2559/2271/1585 2552/2264/1575
f 2552/2264/1575 2559/2271/1585 2557/2269/1579
f 2557/2269/1579 2554/2266/1576 2552/2264/1575
f 2559/2271/1585 2558/2270/1581 2560/2272/1586
f 2560/2272/1586 2561/2273/1586 2559/2271/1585
f 2562/2274/1587 2563/2275/1587 2564/2276/1588
f 2564/2276/1588 2565/2277/1589 2562/2274/1587
f 2565/2277/1589 2564/2276/1588 2566/2278/1590
f 2566/2278/1590 2567/2279/1590 2565/2277/1589
f 2568/2280/1591 2567/2279/1590 2566/2278/1590
f 2566/2278/1590 2569/2281/1592 2568/2280/1592
f 2568/2280/1592 2569/2281/1592 2570/2282/1593
f 2570/2282/1593 2571/2283/1594 2568/2280/1591
f 2571/2283/1595 2570/2282/1596 2572/2284/1597
f 2572/2284/1597 2573/2285/1597 2571/2283/1598
f 2574/2286/1599 2575/2287/1600 2576/2288/1600
f 2576/2288/1600 2577/2289/1601 2574/2286/1602
f 2578/2290/1603 2574/2286/1602 2577/2289/1601
f 2577/2289/1601 2579/2291/1604 2578/2290/1603
f 2580/2292/1605 2578/2290/1603 2579/2291/1606
f 2579/2291/1606 2581/2293/1607 2580/2292/1605
f 2582/2294/1608 2580/2292/1609 2581/2293/1610
f 2581/2293/1610 2583/2295/1608 2582/2294/1608
f 2584/2296/1611 2585/2297/1612 2586/2298/1612
f 2586/2298/1612 2587/2299/1613 2584/2296/1611
f 2588/2300/1614 2584/2296/1615 2587/2299/1616
f 2587/2299/1616 2589/2301/1617 2588/2300/1614
f 2590/2302/1618 2588/2300/1619 2589/2301/1617
f 2589/2301/1617 2591/2303/1620 2590/2302/1618
f 2592/2304/1621 2590/2302/1618 2591/2303/1622
f 2591/2303/1622 2593/2305/1621 2592/2304/1621
f 2594/2306/1623 2595/2307/1623 2596/2308/1624
f 2596/2308/1624 2597/2309/1625 2594/2306/1623
f 2597/2309/1625 2596/2308/1626 2598/2310/1627
f 2598/2310/1627 2599/2311/1628 2597/2309/1625
f 2599/2311/1628 2598/2310/1627 2600/2312/1629
f 2600/2312/1629 2601/2313/1630 2599/2311/1628
f 2601/2313/1630 2600/2312/1631 2602/2314/1632
f 2602/2314/1632 2603/2315/1632 2601/2313/1630
f 2604/2316/1633 2605/2317/1633 2606/2318/1634
f 2606/2318/1635 2607/2319/1636 2604/2316/1633
f 2607/2319/1637 2606/2318/1635 2608/2320/1638
f 2608/2320/1638 2609/2321/1639 2607/2319/1637
f 2609/2321/1639 2608/2320/1638 2610/2322/1640
f 2610/2322/1641 2611/2323/1642 2609/2321/1639
f 2611/2323/1643 2610/2322/1641 2612/2324/1644
f 2612/2324/1644 2613/2325/1644 2611/2323/1643
f 2614/2326/354 2615/2327/354 2616/2328/354
f 2616/2328/354 2617/2329/354 2614/2326/354
f 2618/2330/166 2619/2331/166 2620/2332/166
f 2620/2332/166 2621/2333/166 2618/2330/166
f 2622/2334/1645 2623/2335/1645 2624/2336/1645
f 2624/2336/1645 2625/2337/1645 2622/2334/1645
f 2626/2338/1646 2627/2339/1646 2628/2340/1646
f 2628/2340/1646 2629/2341/1646 2626/2338/1646
f 2630/2342/169 2631/2343/169 2632/2344/169
f 2632/2344/169 2633/2345/169 2630/2342/169
f 2634/2346/1647 2635/2347/1647 2636/2348/1647
f 2636/2348/1647 2637/2349/1647 2634/2346/1647
f 2638/2350/1648 2639/2351/1649 2640/2352/1650
f 2640/2352/1650 2641/2353/1651 2638/2350/1648
f 2642/2354/1652 2638/2350/1648 2641/2353/1653
f 2641/2353/1654 2643/2355/1655 2642/2354/1652
f 2642/2354/1652 2643/2355/1655 2644/2356/1656
f 2645/2357/1657 2646/2358/1658 2647/2359/1659
f 2647/2359/1660 2648/2360/1661 2645/2357/1657
f 2649/2361/1662 2645/2357/1657 2648/2360/1663
f 2648/2360/1664 2650/2362/1665 2649/2361/1666
f 2650/2362/1667 2651/2363/1668 2649/2361/1662
f 2652/2364/158 2653/2365/158 2654/780/158
f 2654/780/158 2655/2366/158 2652/2364/158
f 2656/2367/158 2655/2366/158 2654/780/158
f 2654/780/158 2657/2368/158 2656/2367/158
f 2657/2368/158 2654/780/158 2658/777/158
f 2658/777/158 2659/2369/158 2657/2368/158
f 2657/2368/158 2659/2369/158 2660/2370/158
f 2660/2370/158 2661/2371/158 2657/2368/158
f 2662/2372/158 2661/2371/158 2660/2370/158
f 2660/2370/158 2663/2373/158 2662/2372/158
f 2658/777/158 2654/780/158 2664/2374/158
f 2664/2374/158 2665/2375/158 2658/777/158
f 2659/2369/158 2658/777/158 2666/2376/158
f 2666/2376/158 2667/2377/158 2659/2369/158
f 2659/2369/158 2667/2377/158 2668/2378/158
f 2660/2370/158 2659/2369/158 2668/2378/158
f 2668/2378/158 2663/2373/158 2660/2370/158
f 2663/2373/158 2668/2378/158 2669/2379/158
f 2670/2380/1669 2671/2381/1670 2672/2382/1671
f 2672/2382/1671 2673/2383/1672 2670/2380/1669
f 2670/2380/1669 2673/2383/1673 2674/2384/1674
f 2674/2384/1674 2675/2385/1675 2670/2380/1669
f 2674/2384/1674 2676/2386/1675 2675/2385/1675
f 2674/2384/1674 2673/2383/1676 2677/2387/1677
f 2677/2387/1677 2678/2388/1678 2674/2384/1674
f 2679/2389/169 2680/2390/169 2681/2391/169
f 2681/2391/169 2682/2392/169 2679/2389/169
f 2679/2389/169 2682/2392/169 2683/2393/169
f 2683/2393/169 2684/2394/169 2679/2389/169
f 2681/2391/169 2685/2395/169 2682/2392/169
f 2686/2396/169 2683/2393/169 2682/2392/169
f 2687/2397/166 2688/2398/166 2689/2399/166
f 2689/2399/166 2690/2400/166 2687/2397/166
f 2687/2397/166 2690/2400/166 2691/2401/166
f 2691/2401/166 2692/2402/166 2687/2397/166
f 2689/2399/166 2693/2403/166 2690/2400/166
f 2694/2404/166 2691/2401/166 2690/2400/166
f 2695/2405/166 2696/2406/166 2697/2407/166
f 2697/2407/166 2698/2408/166 2695/2405/166
f 2699/2409/166 2695/2405/166 2698/2408/166
f 2700/2410/166 2695/2405/166 2699/2409/166
f 2697/2407/166 2701/2411/166 2698/2408/166
f 2698/2408/166 2702/2412/166 2699/2409/166
f 2703/2413/169 2704/2414/169 2705/2415/169
f 2705/2415/169 2706/2416/169 2703/2413/169
f 2707/2417/169 2703/2413/169 2706/2416/169
f 2708/2418/169 2703/2413/169 2707/2417/169
f 2705/2415/169 2709/2419/169 2706/2416/169
f 2706/2416/169 2710/2420/169 2707/2417/169
f 2711/2421/156 2712/2422/156 2713/2423/156
f 2714/2424/1679 2715/2425/1680 2716/2426/1681
f 2716/2426/1682 2717/2427/1683 2714/2424/1684
f 2718/2428/1685 2714/2424/1684 2717/2427/1683
f 2717/2427/1686 2719/2429/1687 2718/2428/1685
f 2720/2430/1688 2718/2428/1685 2719/2429/1687
f 2719/2429/1689 2721/2431/1690 2720/2430/1688
f 2722/2432/1691 2720/2430/1692 2721/2431/1690
f 2721/2431/1693 2723/2433/1694 2722/2432/1691
f 2717/2427/1683 2716/2426/1695 2724/2434/1696
f 2724/2434/1696 2725/2435/1697 2717/2427/1683
f 2719/2429/1687 2717/2427/1683 2725/2435/1697
f 2725/2435/1697 2726/2436/1698 2719/2429/1699
f 2721/2431/1690 2719/2429/1687 2726/2436/1700
f 2726/2436/1701 2727/2437/1702 2721/2431/1690
f 2723/2433/1694 2721/2431/1690 2727/2437/1702
f 2727/2437/1702 2728/2438/1703 2723/2433/1694
f 2728/2438/1704 2727/2437/1702 2729/2439/1705
f 2729/2439/1705 2730/2440/1691 2728/2438/1704
f 2725/2435/1697 2724/2434/1706 2731/2441/1680
f 2731/2441/1680 2732/2442/1707 2725/2435/1697
f 2726/2436/1698 2725/2435/1697 2732/2442/1708
f 2732/2442/1709 2733/2443/1710 2726/2436/1698
f 2727/2437/1702 2726/2436/1698 2733/2443/1710
f 2733/2443/1710 2729/2439/1711 2727/2437/1702
f 2734/2444/1712 2735/2445/1713 2736/2446/1714
f 2736/2446/1715 2737/2447/1716 2734/2444/1712
f 2738/2448/1717 2734/2444/1718 2737/2447/1716
f 2737/2447/1719 2739/2449/1720 2738/2448/1717
f 2740/2450/1721 2738/2448/1717 2739/2449/1720
f 2739/2449/1722 2741/2451/1723 2740/2450/1724
f 2742/2452/1725 2740/2450/1724 2741/2451/1723
f 2741/2451/1726 2743/2453/1727 2742/2452/1725
f 2737/2447/1716 2736/2446/1728 2744/2454/1729
f 2744/2454/1730 2745/2455/1731 2737/2447/1716
f 2739/2449/1720 2737/2447/1716 2745/2455/1732
f 2745/2455/1731 2746/2456/1733 2739/2449/1734
f 2741/2451/1723 2739/2449/1720 2746/2456/1735
f 2746/2456/1733 2747/2457/1736 2741/2451/1723
f 2743/2453/1727 2741/2451/1723 2747/2457/1737
f 2747/2457/1738 2748/2458/1739 2743/2453/1727
f 2748/2458/1739 2747/2457/1736 2749/2459/1740
f 2749/2459/1740 2750/2460/1741 2748/2458/1742
f 2751/2459/356 2750/2460/1743 2749/2459/1740
f 2745/2455/1744 2744/2454/1745 2752/2461/1746
f 2752/2461/1746 2753/2462/1747 2745/2455/1744
f 2746/2456/1733 2745/2455/1744 2753/2462/1747
f 2753/2462/1747 2754/2463/1748 2746/2456/1735
f 2747/2457/1736 2746/2456/1735 2754/2463/1748
f 2754/2463/1748 2749/2459/1740 2747/2457/1736
f 2749/2459/1749 2754/2463/1750 2753/2462/1751
f 2749/2459/1740 2753/2462/1747 2751/2459/356
f 2751/2459/356 2753/2462/1747 2755/2462/356
f 2755/2462/356 2756/2463/356 2751/2459/356
f 2752/2461/1746 2755/2462/356 2753/2462/1751
f 2757/2464/1752 2758/2465/1753 2759/2466/1753
f 2759/2466/1753 2760/2467/1754 2757/2464/1752
f 2761/2468/1755 2757/2464/1752 2760/2467/1754
f 2760/2467/1754 2762/2469/1756 2761/2468/1755
f 2763/2470/1757 2761/2468/1755 2762/2469/1756
f 2762/2469/1756 2764/2471/1758 2763/2470/1757
f 2765/2472/1759 2763/2470/1757 2764/2471/1758
f 2764/2471/1758 2766/2473/1759 2765/2472/1759
f 2767/2474/1705 2768/2475/1760 2769/2476/1761
f 2769/2476/1761 2770/2477/1762 2767/2474/1705
f 2771/2478/1710 2767/2474/1711 2770/2477/1763
f 2770/2477/1764 2772/2479/1765 2771/2478/1710
f 2773/2480/1708 2771/2478/1710 2772/2479/1766
f 2772/2479/1767 2774/2481/1768 2773/2480/1708
f 2775/2482/1769 2773/2480/1707 2774/2481/1770
f 2774/2481/1771 2776/2483/1772 2775/2482/1773
f 2770/2477/1763 2769/2476/1761 2777/2484/1774
f 2777/2484/1775 2778/2485/1776 2770/2477/1777
f 2772/2479/1766 2770/2477/1777 2778/2485/1778
f 2778/2485/1776 2779/2486/1779 2772/2479/1780
f 2774/2481/1768 2772/2479/1780 2779/2486/1781
f 2779/2486/1782 2780/2487/1783 2774/2481/1784
f 2776/2483/1785 2774/2481/1784 2780/2487/1786
f 2780/2487/1786 2781/2488/1787 2776/2483/1772
f 2781/2488/1787 2780/2487/1788 2782/2489/1684
f 2782/2489/1684 2783/2490/1789 2781/2488/1787
f 2778/2485/1790 2777/2484/1774 2784/2491/1791
f 2784/2491/1792 2785/2492/1692 2778/2485/1790
f 2779/2486/1779 2778/2485/1793 2785/2492/1688
f 2785/2492/1688 2786/2493/1685 2779/2486/1779
f 2780/2487/1794 2779/2486/1795 2786/2493/1685
f 2786/2493/1685 2782/2489/1684 2780/2487/1794
f 2787/2494/1796 2788/2495/1797 2789/2496/1798
f 2789/2496/1798 2790/2497/1799 2787/2494/1796
f 2791/2498/1800 2787/2494/1801 2790/2497/1802
f 2790/2497/1803 2792/2499/1804 2791/2498/1800
f 2793/2500/1805 2791/2498/1800 2792/2499/1806
f 2792/2499/1807 2794/2501/1808 2793/2500/1805
f 2795/2502/1809 2793/2500/1810 2794/2501/1811
f 2794/2501/1812 2796/2503/1813 2795/2502/1814
f 2790/2497/1799 2789/2496/1798 2797/2504/1815
f 2797/2504/1816 2798/2505/1817 2790/2497/1818
f 2792/2499/1819 2790/2497/1818 2798/2505/1820
f 2798/2505/1820 2799/2506/1821 2792/2499/1822
f 2794/2501/1811 2792/2499/1822 2799/2506/1821
f 2799/2506/1823 2800/2507/1824 2794/2501/1825
f 2796/2503/1826 2794/2501/1825 2800/2507/1827
f 2800/2507/1827 2801/2508/1828 2796/2503/1813
f 2801/2508/1828 2800/2507/1829 2802/2509/1712
f 2802/2509/1830 2803/2510/1831 2801/2508/1828
f 2798/2505/1832 2797/2504/1815 2804/2511/1833
f 2804/2511/1834 2805/2512/1724 2798/2505/1832
f 2799/2506/1835 2798/2505/1836 2805/2512/1721
f 2805/2512/1721 2806/2513/1717 2799/2506/1835
f 2800/2507/1837 2799/2506/1838 2806/2513/1839
f 2806/2513/1840 2802/2509/1718 2800/2507/1837
f 2807/2514/1841 2808/2515/1842 2795/2502/1843
f 2795/2502/1814 2809/2500/1844 2807/2514/1841
f 2810/2516/1845 2807/2514/1841 2809/2500/1844
f 2809/2500/1844 2811/2498/1846 2810/2516/1845
f 2812/2517/1847 2810/2516/1845 2811/2498/1846
f 2811/2498/1846 2813/2494/1848 2812/2517/1849
f 2814/2518/1850 2812/2517/1851 2813/2494/1852
f 2813/2494/1853 2788/2495/1854 2814/2518/1854
f 2815/2519/1855 2816/2520/1769 2775/2482/1769
f 2775/2482/1773 2817/2480/1856 2815/2519/1855
f 2818/2521/1857 2815/2519/1855 2817/2480/1858
f 2817/2480/1859 2819/2478/1860 2818/2521/1857
f 2820/2522/1861 2818/2521/1857 2819/2478/1862
f 2819/2478/1862 2821/2474/1863 2820/2522/1861
f 2822/2523/1864 2820/2522/1861 2821/2474/1863
f 2821/2474/1863 2768/2475/1865 2822/2523/1865
f 2823/2524/1705 2824/2525/1691 2822/2523/1866
f 2822/2523/1867 2825/2522/1692 2823/2524/1705
f 2826/2526/1868 2823/2524/1711 2825/2522/1688
f 2825/2522/1869 2827/2521/1685 2826/2526/1710
f 2828/2527/1708 2826/2526/1710 2827/2521/1685
f 2827/2521/1870 2829/2519/1684 2828/2527/1708
f 2830/2528/1680 2828/2527/1707 2829/2519/1679
f 2829/2519/1679 2816/2520/1773 2830/2528/1680
f 2831/2514/1712 2808/2515/1871 2832/2529/1872
f 2832/2529/1873 2833/2530/1874 2831/2514/1712
f 2834/2516/1875 2831/2514/1718 2833/2530/1874
f 2833/2530/1876 2835/2531/1877 2834/2516/1717
f 2836/2517/1721 2834/2516/1717 2835/2531/1877
f 2835/2531/1877 2837/2532/1878 2836/2517/1721
f 2814/2518/1850 2836/2517/1724 2837/2532/1878
f 2837/2532/1879 2838/2533/1880 2814/2518/1881
f 2833/2530/1882 2832/2529/1873 2835/2531/1883
f 2839/2531/356 2835/2531/1877 2832/2529/1873
f 2838/2533/1884 2835/2531/1877 2839/2531/356
f 2838/2533/1884 2837/2532/1885 2835/2531/1877
f 2832/2529/1873 2840/2530/356 2839/2531/356
f 2839/2531/356 2841/2532/356 2838/2533/1884
f 2842/2534/1886 2843/2535/1792 2784/2491/1792
f 2784/2491/1792 2844/2492/1887 2842/2534/1886
f 2845/2536/1888 2842/2534/1889 2844/2492/1887
f 2844/2492/1887 2846/2493/1890 2845/2536/1888
f 2847/2537/1891 2845/2536/1888 2846/2493/1892
f 2846/2493/1892 2848/2489/1893 2847/2537/1891
f 2849/2538/1789 2847/2537/1891 2848/2489/1893
f 2848/2489/1893 2783/2490/1789 2849/2538/1789
f 2850/2509/1894 2803/2510/1895 2851/2539/1895
f 2851/2539/1895 2852/2540/1896 2850/2509/1897
f 2853/2513/1898 2850/2509/1897 2852/2540/1899
f 2852/2540/1899 2854/2541/1900 2853/2513/1898
f 2855/2512/1901 2853/2513/1902 2854/2541/1903
f 2854/2541/1903 2856/2542/1904 2855/2512/1901
f 2804/2511/1834 2855/2512/1901 2856/2542/1904
f 2856/2542/1904 2857/2543/1834 2804/2511/1834
f 2858/2544/1712 2859/2545/1713 2851/2539/1895
f 2851/2539/1895 2860/2540/1810 2858/2544/1712
f 2861/2546/1717 2858/2544/1718 2860/2540/1810
f 2860/2540/1805 2862/2541/1800 2861/2546/1717
f 2863/2547/1721 2861/2546/1717 2862/2541/1800
f 2862/2541/1905 2864/2542/1801 2863/2547/1721
f 2865/2548/1725 2863/2547/1724 2864/2542/1796
f 2864/2542/1796 2857/2543/1833 2865/2548/1725
f 2866/2534/1705 2843/2535/1791 2867/2549/1691
f 2867/2549/1691 2868/2550/1692 2866/2534/1705
f 2869/2536/1710 2866/2534/1705 2868/2550/1688
f 2868/2550/1688 2870/2551/1685 2869/2536/1710
f 2871/2537/1708 2869/2536/1710 2870/2551/1685
f 2870/2551/1685 2872/2552/1684 2871/2537/1708
f 2849/2538/1906 2871/2537/1707 2872/2552/1679
f 2872/2552/1679 2873/2553/1680 2849/2538/1789
f 2874/2554/159 2875/2555/159 2876/2556/159
f 2876/2556/159 2877/2557/159 2874/2554/159
f 2874/2554/159 2877/2557/159 2878/2558/159
f 2878/2558/159 2879/2559/159 2874/2554/159
f 2876/2556/159 2880/2560/159 2877/2557/159
f 2881/2561/159 2878/2558/159 2877/2557/159
f 2882/2562/1907 2883/2563/159 2884/2564/159
f 2884/2564/159 2885/2565/1908 2882/2562/1907
f 2882/2562/1907 2885/2565/1909 2886/2566/1910
f 2886/2566/1910 2887/2567/1911 2882/2562/1912
f 2882/2562/1913 2887/2567/1914 2888/2568/1915
f 2888/2568/1915 2889/2569/1916 2882/2562/1912
f 2890/2570/356 2889/2569/1917 2888/2568/1915
f 2884/2564/159 2891/2571/159 2885/2565/1908
f 2892/2572/356 2893/2573/356 2890/2570/356
f 2890/2570/356 2894/2574/1918 2892/2572/356
f 2895/2575/1919 2892/2572/356 2894/2574/1920
f 2895/2575/1919 2894/2574/1921 2896/2576/1922
f 2896/2576/1922 2885/2565/1908 2895/2575/1919
f 2896/2576/1923 2886/2566/1910 2885/2565/1908
f 2886/2566/1910 2896/2576/1924 2894/2574/1920
f 2894/2574/1920 2897/2577/1925 2886/2566/1910
f 2887/2567/1926 2886/2566/1927 2897/2577/1925
f 2897/2577/1925 2888/2568/1928 2887/2567/1926
f 2888/2568/1915 2897/2577/1929 2894/2574/1918
f 2888/2568/1915 2894/2574/1918 2890/2570/356
f 2898/2578/159 2899/2579/159 2900/2580/159
f 2900/2580/159 2901/2581/159 2898/2578/159
f 2898/2578/159 2901/2581/159 2902/2582/159
f 2902/2582/159 2903/2583/159 2898/2578/159
f 2900/2580/159 2904/2584/159 2901/2581/159
f 2905/2585/159 2902/2582/159 2901/2581/159
f 2906/2586/1930 2907/2587/1931 2908/2587/1932
f 2909/2588/1933 2908/2587/1934 2907/2587/1931
f 2908/2587/1932 2909/2588/1933 2910/2586/1935
f 2908/2587/1936 2910/2586/1937 2906/2586/1930
f 2911/2588/1938 2906/2586/1939 2910/2586/1940
f 2910/2586/1937 2909/2588/1933 2911/2588/1938
f 2907/2587/1931 2911/2588/1938 2909/2588/1941
f 2912/2589/356 2913/2590/356 2914/2591/356
f 2915/2592/1679 2916/2593/1680 2917/2594/1681
f 2917/2594/1682 2918/2595/1683 2915/2592/1679
f 2919/2596/1685 2915/2592/1684 2918/2595/1683
f 2918/2595/1683 2920/2597/1687 2919/2596/1685
f 2921/2598/1688 2919/2596/1685 2920/2597/1687
f 2920/2597/1687 2922/2599/1690 2921/2598/1692
f 2923/2600/1691 2921/2598/1688 2922/2599/1690
f 2922/2599/1690 2924/2601/1694 2923/2600/1691
f 2918/2595/1683 2917/2594/1695 2925/2602/1942
f 2925/2602/1942 2926/2603/1697 2918/2595/1943
f 2920/2597/1687 2918/2595/1683 2926/2603/1697
f 2926/2603/1697 2927/2604/1698 2920/2597/1699
f 2922/2599/1690 2920/2597/1687 2927/2604/1698
f 2927/2604/1701 2928/2605/1702 2922/2599/1690
f 2924/2601/1694 2922/2599/1690 2928/2605/1702
f 2928/2605/1702 2929/2606/1703 2924/2601/1694
f 2929/2606/1704 2928/2605/1702 2930/2607/1705
f 2930/2607/1711 2931/2608/1691 2929/2606/1944
f 2926/2603/1697 2925/2602/1706 2932/2609/1680
f 2932/2609/1680 2933/2610/1708 2926/2603/1697
f 2927/2604/1698 2926/2603/1697 2933/2610/1707
f 2933/2610/1707 2934/2611/1710 2927/2604/1698
f 2928/2605/1702 2927/2604/1698 2934/2611/1710
f 2934/2611/1710 2930/2607/1705 2928/2605/1702
f 2935/2612/1718 2936/2613/1713 2937/2614/1714
f 2937/2614/1715 2938/2615/1716 2935/2612/1712
f 2939/2616/1717 2935/2612/1718 2938/2615/1716
f 2938/2615/1716 2940/2617/1720 2939/2616/1717
f 2941/2618/1724 2939/2616/1717 2940/2617/1720
f 2940/2617/1720 2942/2619/1723 2941/2618/1724
f 2943/2620/1725 2941/2618/1724 2942/2619/1723
f 2942/2619/1723 2944/2621/1727 2943/2620/1725
f 2938/2615/1716 2937/2614/1945 2945/2622/1730
f 2945/2622/1730 2946/2623/1744 2938/2615/1946
f 2940/2617/1720 2938/2615/1716 2946/2623/1732
f 2946/2623/1731 2947/2624/1735 2940/2617/1734
f 2942/2619/1723 2940/2617/1720 2947/2624/1735
f 2947/2624/1733 2948/2625/1736 2942/2619/1723
f 2944/2621/1727 2942/2619/1723 2948/2625/1736
f 2948/2625/1736 2949/2626/1947 2944/2621/1727
f 2949/2626/1739 2948/2625/1736 2950/2627/1948
f 2950/2627/1740 2951/2628/1949 2949/2626/1739
f 2952/2627/356 2951/2628/1743 2950/2627/1740
f 2946/2623/1744 2945/2622/1729 2953/2629/1746
f 2953/2629/1746 2954/2630/1747 2946/2623/1744
f 2947/2624/1735 2946/2623/1744 2954/2630/1747
f 2954/2630/1751 2955/2631/1748 2947/2624/1735
f 2948/2625/1736 2947/2624/1735 2955/2631/1748
f 2955/2631/1748 2950/2627/1740 2948/2625/1736
f 2950/2627/1749 2955/2631/1750 2954/2630/1751
f 2950/2627/1740 2954/2630/1747 2952/2627/356
f 2952/2627/356 2954/2630/1747 2956/2630/356
f 2956/2630/356 2957/2631/356 2952/2627/356
f 2953/2629/1746 2956/2630/356 2954/2630/1751
f 2958/2632/1684 2959/2633/1680 2960/2634/1681
f 2960/2634/1682 2961/2635/1683 2958/2632/1684
f 2962/2636/1685 2958/2632/1684 2961/2635/1683
f 2961/2635/1683 2963/2637/1687 2962/2636/1685
f 2964/2638/1688 2962/2636/1685 2963/2637/1687
f 2963/2637/1687 2965/2639/1690 2964/2638/1692
f 2966/2640/1691 2964/2638/1692 2965/2639/1690
f 2965/2639/1690 2967/2641/1694 2966/2640/1691
f 2961/2635/1683 2960/2634/1695 2968/2642/1942
f 2968/2642/1942 2969/2643/1697 2961/2635/1943
f 2963/2637/1687 2961/2635/1683 2969/2643/1697
f 2969/2643/1950 2970/2644/1701 2963/2637/1699
f 2965/2639/1693 2963/2637/1687 2970/2644/1698
f 2970/2644/1701 2971/2645/1951 2965/2639/1690
f 2967/2641/1694 2965/2639/1690 2971/2645/1702
f 2971/2645/1702 2972/2646/1703 2967/2641/1694
f 2972/2646/1704 2971/2645/1702 2973/2591/1705
f 2973/2591/1705 2974/2647/1691 2972/2646/1952
f 2969/2643/1697 2968/2642/1696 2975/2648/1680
f 2975/2648/1680 2976/2589/1707 2969/2643/1697
f 2970/2644/1698 2969/2643/1950 2976/2589/1707
f 2976/2589/1707 2977/2590/1710 2970/2644/1698
f 2971/2645/1702 2970/2644/1698 2977/2590/1710
f 2977/2590/1710 2973/2591/1705 2971/2645/1702
f 2978/2649/1712 2979/2650/1713 2980/2651/1714
f 2980/2651/1715 2981/2652/1716 2978/2649/1712
f 2982/2653/1717 2978/2649/1718 2981/2652/1716
f 2981/2652/1716 2983/2654/1720 2982/2653/1717
f 2984/2655/1724 2982/2653/1717 2983/2654/1720
f 2983/2654/1720 2985/2656/1723 2984/2655/1724
f 2986/2657/1725 2984/2655/1724 2985/2656/1723
f 2985/2656/1723 2987/2658/1727 2986/2657/1725
f 2981/2652/1716 2980/2651/1945 2988/2659/1730
f 2988/2659/1730 2989/2660/1744 2981/2652/1946
f 2983/2654/1720 2981/2652/1716 2989/2660/1732
f 2989/2660/1731 2990/2661/1735 2983/2654/1734
f 2985/2656/1726 2983/2654/1720 2990/2661/1735
f 2990/2661/1733 2991/2662/1736 2985/2656/1953
f 2987/2658/1727 2985/2656/1723 2991/2662/1736
f 2991/2662/1736 2992/2663/1947 2987/2658/1727
f 2992/2663/1739 2991/2662/1736 2993/2664/1954
f 2993/2664/1955 2994/2665/1956 2992/2663/1957
f 2995/2664/356 2994/2665/1743 2993/2664/1954
f 2989/2660/1744 2988/2659/1729 2996/2666/1958
f 2996/2666/1746 2997/2667/1959 2989/2660/1744
f 2990/2661/1735 2989/2660/1744 2997/2667/1960
f 2997/2667/1959 2998/2668/1800 2990/2661/1735
f 2991/2662/1736 2990/2661/1735 2998/2668/1800
f 2998/2668/1800 2993/2664/1955 2991/2662/1736
f 2996/2666/1746 2999/2667/356 2997/2667/1961
f 2995/2664/356 2997/2667/1959 2999/2667/356
f 2993/2664/1962 2997/2667/1959 2995/2664/356
f 2999/2667/356 3000/2668/356 2995/2664/356
f 3001/2669/1705 3002/2670/1760 3003/2671/1761
f 3003/2671/1761 3004/2672/1777 3001/2669/1705
f 3005/2673/1963 3001/2669/1711 3004/2672/1763
f 3004/2672/1764 3006/2674/1765 3005/2673/1710
f 3007/2675/1708 3005/2673/1710 3006/2674/1766
f 3006/2674/1767 3008/2676/1768 3007/2675/1708
f 3009/2677/1964 3007/2675/1707 3008/2676/1770
f 3008/2676/1771 3010/2678/1965 3009/2677/1966
f 3004/2672/1763 3003/2671/1761 3011/2679/1774
f 3011/2679/1775 3012/2680/1778 3004/2672/1777
f 3006/2674/1967 3004/2672/1764 3012/2680/1776
f 3012/2680/1776 3013/2681/1779 3006/2674/1765
f 3008/2676/1968 3006/2674/1765 3013/2681/1782
f 3013/2681/1969 3014/2682/1783 3008/2676/1784
f 3010/2678/1785 3008/2676/1771 3014/2682/1786
f 3014/2682/1970 3015/2683/1787 3010/2678/1785
f 3015/2683/1787 3014/2682/1971 3016/2684/1679
f 3016/2684/1679 3017/2685/1906 3015/2683/1787
f 3012/2680/1790 3011/2679/1774 3018/2686/1791
f 3018/2686/1791 3019/2687/1692 3012/2680/1790
f 3013/2681/1779 3012/2680/1793 3019/2687/1688
f 3019/2687/1688 3020/2688/1685 3013/2681/1779
f 3014/2682/1794 3013/2681/1795 3020/2688/1685
f 3020/2688/1685 3016/2684/1684 3014/2682/1794
f 3021/2689/1796 3022/2690/1797 3023/2691/1798
f 3023/2691/1798 3024/2692/1799 3021/2689/1796
f 3025/2693/1800 3021/2689/1801 3024/2692/1802
f 3024/2692/1803 3026/2694/1804 3025/2693/1800
f 3027/2695/1805 3025/2693/1800 3026/2694/1806
f 3026/2694/1807 3028/2696/1808 3027/2695/1805
f 3029/2697/1843 3027/2695/1810 3028/2696/1811
f 3028/2696/1812 3030/2698/1813 3029/2697/1972
f 3024/2692/1799 3023/2691/1798 3031/2699/1815
f 3031/2699/1815 3032/2700/1817 3024/2692/1818
f 3026/2694/1806 3024/2692/1803 3032/2700/1817
f 3032/2700/1820 3033/2701/1835 3026/2694/1804
f 3028/2696/1973 3026/2694/1804 3033/2701/1974
f 3033/2701/1823 3034/2702/1827 3028/2696/1825
f 3030/2698/1826 3028/2696/1825 3034/2702/1824
f 3034/2702/1829 3035/2703/1828 3030/2698/1826
f 3035/2703/1828 3034/2702/1829 3036/2704/1718
f 3036/2704/1718 3037/2705/1831 3035/2703/1828
f 3032/2700/1832 3031/2699/1815 3038/2706/1833
f 3038/2706/1833 3039/2707/1724 3032/2700/1832
f 3033/2701/1835 3032/2700/1836 3039/2707/1721
f 3039/2707/1975 3040/2708/1717 3033/2701/1835
f 3034/2702/1837 3033/2701/1838 3040/2708/1717
f 3040/2708/1717 3036/2704/1718 3034/2702/1837
f 3041/2709/1841 3042/2710/1843 3029/2697/1843
f 3029/2697/1814 3043/2695/1844 3041/2709/1841
f 3044/2711/1845 3041/2709/1976 3043/2695/1844
f 3043/2695/1844 3045/2693/1846 3044/2711/1845
f 3046/2712/1847 3044/2711/1845 3045/2693/1846
f 3045/2693/1846 3047/2689/1977 3046/2712/1847
f 3048/2713/1978 3046/2712/1847 3047/2689/1977
f 3047/2689/1853 3022/2690/1979 3048/2713/1979
f 3049/2714/1855 3050/2715/1980 3009/2677/1964
f 3009/2677/1981 3051/2675/1858 3049/2714/1855
f 3052/2716/1857 3049/2714/1855 3051/2675/1858
f 3051/2675/1858 3053/2673/1862 3052/2716/1857
f 3054/2717/1861 3052/2716/1857 3053/2673/1862
f 3053/2673/1862 3055/2669/1982 3054/2717/1983
f 3056/2718/1864 3054/2717/1861 3055/2669/1984
f 3055/2669/1863 3002/2670/1985 3056/2718/1985
f 3057/2719/1986 3058/2720/1691 3056/2718/1985
f 3056/2718/1864 3059/2717/1692 3057/2719/1705
f 3060/2721/1868 3057/2719/1711 3059/2717/1688
f 3059/2717/1869 3061/2716/1685 3060/2721/1710
f 3062/2722/1987 3060/2721/1710 3061/2716/1685
f 3061/2716/1870 3063/2714/1684 3062/2722/1708
f 3064/2723/1680 3062/2722/1707 3063/2714/1679
f 3063/2714/1679 3050/2715/1964 3064/2723/1680
f 3065/2709/1712 3042/2710/1843 3066/2724/1872
f 3066/2724/1873 3067/2725/1874 3065/2709/1712
f 3068/2711/1717 3065/2709/1718 3067/2725/1874
f 3067/2725/1876 3069/2726/1877 3068/2711/1717
f 3070/2712/1721 3068/2711/1717 3069/2726/1877
f 3069/2726/1877 3071/2727/1878 3070/2712/1721
f 3048/2713/1978 3070/2712/1724 3071/2727/1878
f 3071/2727/1879 3072/2728/1880 3048/2713/1979
f 3067/2725/1882 3066/2724/1873 3069/2726/1877
f 3073/2726/356 3069/2726/1877 3066/2724/1873
f 3072/2728/1884 3069/2726/1877 3073/2726/356
f 3072/2728/1884 3071/2727/1878 3069/2726/1877
f 3066/2724/1873 3074/2725/356 3073/2726/356
f 3073/2726/356 3075/2727/356 3072/2728/1884
f 3076/2729/1889 3077/2730/1792 3018/2686/1792
f 3018/2686/1792 3078/2687/1887 3076/2729/1889
f 3079/2731/1988 3076/2729/1889 3078/2687/1887
f 3078/2687/1887 3080/2688/1989 3079/2731/1988
f 3081/2732/1891 3079/2731/1988 3080/2688/1989
f 3080/2688/1989 3082/2684/1893 3081/2732/1891
f 3083/2733/1906 3081/2732/1891 3082/2684/1893
f 3082/2684/1893 3017/2685/1789 3083/2733/1789
f 3084/2704/1897 3037/2705/1895 3085/2734/1895
f 3085/2734/1831 3086/2735/1896 3084/2704/1897
f 3087/2708/1990 3084/2704/1897 3086/2735/1896
f 3086/2735/1896 3088/2736/1991 3087/2708/1990
f 3089/2707/1901 3087/2708/1990 3088/2736/1991
f 3088/2736/1991 3090/2737/1904 3089/2707/1901
f 3038/2706/1834 3089/2707/1901 3090/2737/1904
f 3090/2737/1904 3091/2738/1834 3038/2706/1834
f 3092/2739/1992 3093/2740/1713 3085/2734/1895
f 3085/2734/1831 3094/2735/1810 3092/2739/1712
f 3095/2741/1717 3092/2739/1718 3094/2735/1805
f 3094/2735/1805 3096/2736/1800 3095/2741/1717
f 3097/2742/1975 3095/2741/1717 3096/2736/1800
f 3096/2736/1800 3098/2737/1801 3097/2742/1721
f 3099/2743/1725 3097/2742/1724 3098/2737/1796
f 3098/2737/1796 3091/2738/1833 3099/2743/1725
f 3100/2729/1705 3077/2730/1791 3101/2744/1691
f 3101/2744/1691 3102/2745/1692 3100/2729/1711
f 3103/2731/1710 3100/2729/1711 3102/2745/1688
f 3102/2745/1688 3104/2746/1685 3103/2731/1710
f 3105/2732/1708 3103/2731/1710 3104/2746/1685
f 3104/2746/1685 3106/2747/1684 3105/2732/1708
f 3083/2733/1906 3105/2732/1707 3106/2747/1679
f 3106/2747/1679 3107/2748/1680 3083/2733/1789
f 3108/2749/1752 3109/2750/1753 3110/2751/1753
f 3110/2751/1753 3111/2752/1754 3108/2749/1752
f 3112/2753/1755 3108/2749/1752 3111/2752/1754
f 3111/2752/1993 3113/2754/1756 3112/2753/1755
f 3114/2755/1757 3112/2753/1755 3113/2754/1756
f 3113/2754/1756 3115/2756/1758 3114/2755/1757
f 3116/2757/1759 3114/2755/1757 3115/2756/1758
f 3115/2756/1758 3117/2758/1759 3116/2757/1759
f 3118/2759/1679 3119/2760/1680 3120/2761/1681
f 3120/2761/1682 3121/2762/1683 3118/2759/1679
f 3122/2763/1685 3118/2759/1684 3121/2762/1683
f 3121/2762/1686 3123/2764/1687 3122/2763/1685
f 3124/2765/1688 3122/2763/1685 3123/2764/1687
f 3123/2764/1689 3125/2766/1690 3124/2765/1688
f 3126/2767/1691 3124/2765/1692 3125/2766/1690
f 3125/2766/1693 3127/2768/1694 3126/2767/1691
f 3121/2762/1683 3120/2761/1695 3128/2769/1942
f 3128/2769/1942 3129/2770/1697 3121/2762/1683
f 3123/2764/1687 3121/2762/1683 3129/2770/1697
f 3129/2770/1950 3130/2771/1701 3123/2764/1994
f 3125/2766/1690 3123/2764/1687 3130/2771/1700
f 3130/2771/1701 3131/2772/1951 3125/2766/1995
f 3127/2768/1694 3125/2766/1690 3131/2772/1996
f 3131/2772/1702 3132/2773/1703 3127/2768/1694
f 3132/2773/1704 3131/2772/1702 3133/2774/1705
f 3133/2774/1997 3134/2775/1691 3132/2773/1944
f 3129/2770/1697 3128/2769/1998 3135/2776/1680
f 3135/2776/1680 3136/2777/1708 3129/2770/1697
f 3130/2771/1698 3129/2770/1697 3136/2777/1708
f 3136/2777/1708 3137/2778/1710 3130/2771/1698
f 3131/2772/1702 3130/2771/1698 3137/2778/1710
f 3137/2778/1710 3133/2774/1711 3131/2772/1702
f 3138/2779/1718 3139/2780/1713 3140/2781/1714
f 3140/2781/1715 3141/2782/1716 3138/2779/1718
f 3142/2783/1717 3138/2779/1718 3141/2782/1716
f 3141/2782/1719 3143/2784/1720 3142/2783/1717
f 3144/2785/1721 3142/2783/1717 3143/2784/1720
f 3143/2784/1722 3145/2786/1723 3144/2785/1724
f 3146/2787/1725 3144/2785/1724 3145/2786/1723
f 3145/2786/1726 3147/2788/1727 3146/2787/1725
f 3141/2782/1716 3140/2781/1945 3148/2789/1730
f 3148/2789/1730 3149/2790/1744 3141/2782/1716
f 3143/2784/1720 3141/2782/1716 3149/2790/1744
f 3149/2790/1731 3150/2791/1733 3143/2784/1999
f 3145/2786/1726 3143/2784/1720 3150/2791/1735
f 3150/2791/1733 3151/2792/1738 3145/2786/1953
f 3147/2788/1727 3145/2786/1723 3151/2792/1737
f 3151/2792/1736 3152/2793/1947 3147/2788/1727
f 3152/2793/1947 3151/2792/1736 3153/2794/1740
f 3153/2794/1740 3154/2795/1956 3152/2793/1742
f 3155/2794/356 3154/2795/1743 3153/2794/1740
f 3149/2790/1744 3148/2789/2000 3156/2796/1746
f 3156/2796/1746 3157/2797/1747 3149/2790/1744
f 3150/2791/1735 3149/2790/1744 3157/2797/1747
f 3157/2797/1747 3158/2798/1748 3150/2791/1735
f 3151/2792/1736 3150/2791/1735 3158/2798/1748
f 3158/2798/1748 3153/2794/1740 3151/2792/1736
f 3153/2794/1749 3158/2798/1750 3157/2797/1751
f 3153/2794/1740 3157/2797/1747 3155/2794/356
f 3155/2794/356 3157/2797/1747 3159/2797/356
f 3159/2797/356 3160/2798/356 3155/2794/356
f 3156/2796/1746 3159/2797/356 3157/2797/1751
f 3161/2799/159 3162/2800/159 3163/2801/159
f 3163/2801/159 3164/2802/159 3161/2799/159
f 3161/2799/159 3164/2802/159 3165/2803/159
f 3165/2803/159 3166/2804/159 3161/2799/159
f 3163/2801/159 3167/2805/159 3164/2802/159
f 3168/2806/159 3165/2803/159 3164/2802/159
f 3169/2807/159 3170/2808/159 3171/2809/159
f 3171/2809/159 3172/2810/159 3169/2807/159
f 3169/2807/159 3172/2810/159 3173/2811/159
f 3173/2811/159 3174/2812/159 3169/2807/159
f 3171/2809/159 3175/2813/159 3172/2810/159
f 3176/2814/159 3173/2811/159 3172/2810/159
f 3177/2815/159 3178/2816/159 3179/2817/159
f 3179/2817/159 3180/2818/159 3177/2815/159
f 3177/2815/159 3180/2818/159 3181/2819/159
f 3181/2819/159 3182/2820/159 3177/2815/159
f 3179/2817/159 3183/2821/159 3180/2818/159
f 3184/2822/159 3181/2819/159 3180/2818/159
f 3185/2823/1913 3186/2824/159 3187/2825/159
f 3187/2825/159 3188/2826/1908 3185/2823/1912
f 3185/2823/1907 3188/2826/1908 3189/2827/1910
f 3189/2827/1927 3190/2828/1926 3185/2823/1912
f 3185/2823/1913 3190/2828/1914 3191/2829/1915
f 3191/2829/1915 3192/2830/2001 3185/2823/1912
f 3193/2831/356 3192/2830/2002 3191/2829/1915
f 3187/2825/159 3194/2832/159 3188/2826/1908
f 3195/2833/356 3196/2834/356 3193/2831/356
f 3193/2831/356 3197/2835/1918 3195/2833/356
f 3198/2836/2003 3195/2833/356 3197/2835/1921
f 3198/2836/2003 3197/2835/1918 3199/2837/1923
f 3199/2837/1923 3188/2826/1908 3198/2836/2003
f 3199/2837/1923 3189/2827/1910 3188/2826/1908
f 3189/2827/1910 3199/2837/1924 3197/2835/1920
f 3197/2835/1920 3200/2838/1925 3189/2827/1910
f 3190/2828/1926 3189/2827/1927 3200/2838/1925
f 3200/2838/1925 3191/2829/1915 3190/2828/1926
f 3191/2829/2004 3200/2838/1925 3197/2835/1918
f 3191/2829/1915 3197/2835/1918 3193/2831/356
f 3201/2839/159 3202/2840/159 3203/2841/159
f 3203/2841/159 3204/2842/159 3201/2839/159
f 3201/2839/159 3204/2842/159 3205/2843/159
f 3205/2843/159 3206/2844/159 3201/2839/159
f 3203/2841/159 3207/2845/159 3204/2842/159
f 3208/2846/159 3205/2843/159 3204/2842/159
f 3209/2847/156 3210/2848/156 3211/2849/156
f 3212/2850/356 3213/2851/356 3214/2852/356
f 3215/2853/1679 3216/2854/1680 3217/2855/1681
f 3217/2855/2005 3218/2856/1683 3215/2853/1684
f 3219/2857/1685 3215/2853/1684 3218/2856/1683
f 3218/2856/1686 3220/2858/1687 3219/2857/1685
f 3221/2859/1688 3219/2857/1685 3220/2858/1687
f 3220/2858/1689 3222/2860/1690 3221/2859/1688
f 3223/2861/1691 3221/2859/1692 3222/2860/1690
f 3222/2860/1690 3224/2862/2006 3223/2861/1691
f 3218/2856/1683 3217/2855/1695 3225/2863/1696
f 3225/2863/1942 3226/2864/1697 3218/2856/1943
f 3220/2858/1687 3218/2856/1683 3226/2864/2007
f 3226/2864/1950 3227/2865/1701 3220/2858/1699
f 3222/2860/1690 3220/2858/1687 3227/2865/1698
f 3227/2865/1701 3228/2866/1702 3222/2860/1995
f 3224/2862/1694 3222/2860/1690 3228/2866/1996
f 3228/2866/1951 3229/2867/1703 3224/2862/1694
f 3229/2867/1944 3228/2866/1702 3230/2852/1705
f 3230/2852/1705 3231/2868/1691 3229/2867/2008
f 3226/2864/1697 3225/2863/2009 3232/2869/1680
f 3232/2869/1680 3233/2850/1707 3226/2864/1697
f 3227/2865/1698 3226/2864/1697 3233/2850/1708
f 3233/2850/1708 3234/2851/1710 3227/2865/1698
f 3228/2866/1702 3227/2865/1698 3234/2851/1710
f 3234/2851/1710 3230/2852/1711 3228/2866/1702
f 3235/2870/1712 3236/2871/1713 3237/2872/1714
f 3237/2872/2010 3238/2873/1716 3235/2870/1718
f 3239/2874/1717 3235/2870/1718 3238/2873/1716
f 3238/2873/1719 3240/2875/1720 3239/2874/1717
f 3241/2876/1721 3239/2874/1717 3240/2875/1720
f 3240/2875/1722 3242/2877/1723 3241/2876/1721
f 3243/2878/1725 3241/2876/1724 3242/2877/1723
f 3242/2877/1723 3244/2879/1727 3243/2878/1725
f 3238/2873/1716 3237/2872/1945 3245/2880/1729
f 3245/2880/1730 3246/2881/1731 3238/2873/1716
f 3240/2875/1720 3238/2873/1716 3246/2881/1744
f 3246/2881/1731 3247/2882/1733 3240/2875/1734
f 3242/2877/1723 3240/2875/1720 3247/2882/1735
f 3247/2882/1733 3248/2883/1736 3242/2877/1953
f 3244/2879/1727 3242/2877/1723 3248/2883/1736
f 3248/2883/1738 3249/2884/1947 3244/2879/1727
f 3249/2884/1739 3248/2883/1736 3250/2885/2011
f 3250/2885/2011 3251/2886/1949 3249/2884/1742
f 3250/2885/2011 3252/2885/356 3251/2886/1743
f 3246/2881/1744 3245/2880/2000 3253/2887/2012
f 3253/2887/2012 3254/2888/1874 3246/2881/1744
f 3247/2882/1733 3246/2881/1744 3254/2888/1874
f 3254/2888/1876 3255/2889/1800 3247/2882/1735
f 3248/2883/1736 3247/2882/1735 3255/2889/1800
f 3255/2889/1800 3250/2885/2011 3248/2883/1736
f 3250/2885/2011 3254/2888/1882 3253/2887/2012
f 3253/2887/2012 3256/2888/356 3250/2885/2011
f 3250/2885/2011 3256/2888/356 3257/2889/356
f 3257/2889/356 3252/2885/356 3250/2885/2011
f 3258/2890/2013 3259/2891/2014 3260/2892/2014
f 3260/2892/2014 3261/2893/2015 3258/2890/2013
f 3262/2894/2016 3258/2890/2013 3261/2893/2015
f 3261/2893/2015 3263/2895/2017 3262/2894/2018
f 3264/2896/2019 3262/2894/2018 3263/2895/2017
f 3263/2895/2020 3265/2897/2021 3264/2896/2022
f 3266/2898/2023 3264/2896/2022 3265/2897/2021
f 3265/2897/2021 3267/2899/2023 3266/2898/2023
f 3268/2900/1986 3269/2901/1760 3270/2902/1761
f 3270/2902/1761 3271/2903/1762 3268/2900/1705
f 3272/2904/2024 3268/2900/1711 3271/2903/1763
f 3271/2903/1764 3273/2905/1765 3272/2904/1710
f 3274/2906/1708 3272/2904/1710 3273/2905/1766
f 3273/2905/1767 3275/2907/1768 3274/2906/1708
f 3276/2908/1964 3274/2906/1707 3275/2907/1770
f 3275/2907/1771 3277/2909/1772 3276/2908/1966
f 3271/2903/2025 3270/2902/1761 3278/2910/1774
f 3278/2910/1775 3279/2911/2026 3271/2903/1764
f 3273/2905/2027 3271/2903/1764 3279/2911/2026
f 3279/2911/1793 3280/2912/1795 3273/2905/1767
f 3275/2907/1968 3273/2905/1767 3280/2912/1782
f 3280/2912/1782 3281/2913/1971 3275/2907/1771
f 3277/2909/1785 3275/2907/1771 3281/2913/1970
f 3281/2913/1970 3282/2914/1787 3277/2909/1772
f 3282/2914/2028 3281/2913/1788 3283/2915/1679
f 3283/2915/1679 3284/2916/1789 3282/2914/1787
f 3279/2911/1790 3278/2910/1774 3285/2917/1791
f 3285/2917/1792 3286/2918/1692 3279/2911/1790
f 3280/2912/1779 3279/2911/1793 3286/2918/1692
f 3286/2918/1692 3287/2919/1685 3280/2912/1779
f 3281/2913/1794 3280/2912/1795 3287/2919/1685
f 3287/2919/1870 3283/2915/1684 3281/2913/1794
f 3288/2920/1796 3289/2921/1797 3290/2922/1798
f 3290/2922/1798 3291/2923/1799 3288/2920/1796
f 3292/2924/1800 3288/2920/1801 3291/2923/1802
f 3291/2923/1803 3293/2925/1804 3292/2924/1800
f 3294/2926/1805 3292/2924/1800 3293/2925/1806
f 3293/2925/1807 3295/2927/1808 3294/2926/1805
f 3296/2928/1843 3294/2926/1810 3295/2927/1811
f 3295/2927/1812 3297/2929/1813 3296/2928/1972
f 3291/2923/2029 3290/2922/1798 3298/2930/1815
f 3298/2930/1816 3299/2931/2030 3291/2923/1803
f 3293/2925/2031 3291/2923/1803 3299/2931/2030
f 3299/2931/2030 3300/2932/1838 3293/2925/1807
f 3295/2927/2032 3293/2925/1807 3300/2932/1974
f 3300/2932/1838 3301/2933/2033 3295/2927/1812
f 3297/2929/1826 3295/2927/1812 3301/2933/2033
f 3301/2933/2033 3302/2934/1828 3297/2929/1813
f 3302/2934/1828 3301/2933/2034 3303/2935/1712
f 3303/2935/1712 3304/2936/1895 3302/2934/1828
f 3299/2931/1832 3298/2930/1815 3305/2937/1833
f 3305/2937/1834 3306/2938/1724 3299/2931/1832
f 3300/2932/1835 3299/2931/2035 3306/2938/1721
f 3306/2938/1975 3307/2939/1717 3300/2932/1835
f 3301/2933/1837 3300/2932/1838 3307/2939/1717
f 3307/2939/1717 3303/2935/1718 3301/2933/1837
f 3308/2920/1977 3289/2921/1979 3309/2940/1979
f 3309/2940/1850 3310/2941/1847 3308/2920/1852
f 3311/2924/1846 3308/2920/1977 3310/2941/1851
f 3310/2941/1847 3312/2942/1845 3311/2924/1846
f 3313/2926/1844 3311/2924/1846 3312/2942/1845
f 3312/2942/1845 3314/2943/1841 3313/2926/1844
f 3296/2928/1972 3313/2926/1844 3314/2943/1841
f 3314/2943/2036 3315/2944/1843 3296/2928/1843
f 3316/2900/2037 3269/2901/1985 3317/2945/1985
f 3317/2945/1864 3318/2946/1861 3316/2900/1863
f 3319/2904/1862 3316/2900/1863 3318/2946/1861
f 3318/2946/2038 3320/2947/1857 3319/2904/1862
f 3321/2906/1858 3319/2904/1862 3320/2947/1857
f 3320/2947/1857 3322/2948/1855 3321/2906/2039
f 3276/2908/1966 3321/2906/1858 3322/2948/1855
f 3322/2948/1855 3323/2949/1964 3276/2908/1964
f 3324/2948/1679 3323/2949/1964 3325/2950/1680
f 3325/2950/1680 3326/2951/1707 3324/2948/1679
f 3327/2947/2040 3324/2948/1684 3326/2951/1708
f 3326/2951/1987 3328/2952/1710 3327/2947/1685
f 3329/2946/1688 3327/2947/1685 3328/2952/1710
f 3328/2952/1710 3330/2953/1711 3329/2946/1688
f 3317/2945/1864 3329/2946/1692 3330/2953/1705
f 3330/2953/1705 3331/2954/1691 3317/2945/1985
f 3332/2943/1712 3315/2944/1843 3333/2955/2012
f 3333/2955/2012 3334/2956/1874 3332/2943/1712
f 3335/2942/1717 3332/2943/1718 3334/2956/1874
f 3334/2956/1876 3336/2957/2041 3335/2942/1717
f 3337/2941/1975 3335/2942/1717 3336/2957/2041
f 3336/2957/2042 3338/2958/1878 3337/2941/1721
f 3309/2940/1978 3337/2941/1724 3338/2958/1878
f 3338/2958/1879 3339/2959/2043 3309/2940/1979
f 3336/2957/2042 3334/2956/1882 3333/2955/2012
f 3336/2957/2041 3333/2955/2012 3340/2956/356
f 3340/2956/356 3341/2957/356 3336/2957/2041
f 3336/2957/2042 3341/2957/356 3342/2958/356
f 3342/2958/356 3339/2959/2044 3336/2957/2041
f 3336/2957/2042 3339/2959/2045 3338/2958/1885
f 3343/2915/1893 3284/2916/1789 3344/2960/1789
f 3344/2960/1789 3345/2961/1891 3343/2915/2046
f 3346/2919/1890 3343/2915/1893 3345/2961/1891
f 3345/2961/1891 3347/2962/1888 3346/2919/1892
f 3348/2918/1887 3346/2919/1890 3347/2962/2047
f 3347/2962/2047 3349/2963/1889 3348/2918/1887
f 3285/2917/1792 3348/2918/1887 3349/2963/1889
f 3349/2963/1889 3350/2964/1792 3285/2917/1792
f 3351/2965/2048 3352/2966/1834 3305/2937/1834
f 3305/2937/1834 3353/2938/1901 3351/2965/2048
f 3354/2967/1903 3351/2965/1904 3353/2938/1901
f 3353/2938/1901 3355/2939/1902 3354/2967/1903
f 3356/2968/1896 3354/2967/1900 3355/2939/2049
f 3355/2939/1898 3357/2935/1897 3356/2968/1896
f 3358/2969/1831 3356/2968/1896 3357/2935/1897
f 3357/2935/1897 3304/2936/1895 3358/2969/1895
f 3359/2965/1796 3352/2966/1833 3360/2970/1725
f 3360/2970/1725 3361/2971/1724 3359/2965/1796
f 3362/2967/1905 3359/2965/1801 3361/2971/1721
f 3361/2971/1721 3363/2972/1717 3362/2967/1800
f 3364/2968/1805 3362/2967/1800 3363/2972/1717
f 3363/2972/1875 3365/2973/1718 3364/2968/1805
f 3358/2969/1895 3364/2968/1810 3365/2973/1712
f 3365/2973/1712 3366/2974/1713 3358/2969/1895
f 3367/2975/1679 3368/2976/1680 3344/2960/1789
f 3344/2960/1906 3369/2961/1707 3367/2975/1679
f 3370/2977/1685 3367/2975/1684 3369/2961/1708
f 3369/2961/1708 3371/2962/1710 3370/2977/1685
f 3372/2978/1688 3370/2977/1685 3371/2962/1710
f 3371/2962/1710 3373/2963/1711 3372/2978/1688
f 3374/2979/1691 3372/2978/1692 3373/2963/1705
f 3373/2963/1705 3350/2964/1791 3374/2979/1691
f 3375/2980/159 3376/2981/159 3377/2982/159
f 3375/2980/159 3377/2982/159 3378/2983/159
f 3378/2983/159 3379/2984/159 3375/2980/159
f 3375/2980/159 3379/2984/159 3380/2985/159
f 3380/2985/159 3381/2986/159 3375/2980/159
f 3375/2980/159 3381/2986/159 3382/2987/159
f 3383/2988/2050 3384/2989/159 3385/2990/159
f 3383/2988/2051 3385/2990/159 3386/2991/159
f 3386/2991/159 3387/2992/2052 3383/2988/2050
f 3383/2988/2051 3387/2992/2052 3388/2993/2053
f 3388/2993/2053 3389/2994/2054 3383/2988/2050
f 3383/2988/2051 3389/2994/2055 3390/2995/2056
f 3383/2988/2051 3390/2995/2057 3391/2996/2058
f 3391/2996/2058 3392/2997/2059 3383/2988/2051
f 3391/2996/2058 3393/2998/356 3392/2997/2060
f 3394/2999/356 3393/2998/356 3391/2996/2061
f 3388/2993/2053 3387/2992/2062 3395/3000/2063
f 3395/3000/2063 3396/3001/2064 3388/2993/2053
f 3389/2994/2065 3388/2993/2053 3396/3001/2064
f 3396/3001/2064 3397/3002/2066 3389/2994/2065
f 3390/2995/2057 3389/2994/2054 3397/3002/2066
f 3397/3002/2066 3391/2996/2058 3390/2995/2057
f 3391/2996/2058 3397/3002/2067 3396/3001/2064
f 3391/2996/2058 3396/3001/2064 3395/3000/2068
f 3395/3000/2063 3398/3003/356 3391/2996/2061
f 3391/2996/2058 3398/3003/356 3394/2999/356
f 3399/3004/159 3400/3005/159 3401/3006/159
f 3399/3004/159 3401/3006/159 3402/3007/159
f 3402/3007/159 3403/3008/159 3399/3004/159
f 3399/3004/159 3403/3008/159 3404/3009/159
f 3404/3009/159 3405/3010/159 3399/3004/159
f 3399/3004/159 3405/3010/159 3406/3011/159
f 3407/3012/2069 3408/3013/2070 3409/3013/2071
f 3410/3014/2072 3409/3013/2071 3408/3013/2073
f 3409/3013/2074 3410/3014/2072 3411/3012/2075
f 3409/3013/2071 3411/3012/2076 3407/3012/2069
f 3412/3014/2077 3407/3012/2069 3411/3012/2078
f 3411/3012/2078 3410/3014/2072 3412/3014/2077
f 3408/3013/2079 3412/3014/2077 3410/3014/2072
f 3413/3015/356 3414/3016/356 3415/3017/356
f 3416/3018/159 3417/3019/159 3418/3020/159
f 3419/3021/2080 3420/3022/2080 3421/3023/2080
f 3422/3024/356 3423/3025/356 3424/3026/356
f 3425/3027/159 3426/3028/159 3427/3029/159
f 3428/3030/2081 3429/3031/2081 3430/3032/2081
f 3431/3033/2082 3432/3034/2082 3433/3035/2082
f 3434/3036/2083 3435/3037/2083 3436/3038/2083
f 3437/3039/2084 3438/3040/2084 3439/3041/2084
f 3440/3042/2083 3441/3043/2083 3442/3044/2083
f 3443/3045/2084 3444/3046/2084 3445/3047/2084
f 3446/3048/2081 3447/3049/2081 3448/3050/2081
f 3449/3051/2082 3450/3052/2082 3451/3053/2082
f 3452/3054/166 3453/3055/166 3454/3056/166
f 3454/3056/166 3455/3057/166 3452/3054/166
f 3456/3058/2085 3452/3054/166 3455/3057/166
f 3455/3057/166 3457/3059/166 3456/3058/166
f 3458/3060/2086 3456/3058/2086 3457/3059/2086
f 3457/3059/2086 3459/3061/2086 3458/3060/2086
f 3455/3057/166 3454/3056/166 3460/3062/166
f 3460/3062/166 3461/3063/166 3455/3057/166
f 3462/3064/2087 3463/3065/2087 3464/3066/2088
f 3464/3066/2088 3465/3067/2089 3462/3064/2087
f 3466/3068/2090 3462/3064/2087 3465/3067/2089
f 3465/3067/2089 3467/3069/2091 3466/3068/2092
f 3467/3069/2093 3465/3067/2094 3468/3070/2095
f 3468/3070/2095 3469/3071/2096 3467/3069/2093
f 3470/3072/2097 3469/3071/2096 3468/3070/2095
f 3468/3070/2095 3471/3073/2098 3470/3072/2099
f 3465/3067/2089 3464/3066/2088 3472/3074/2100
f 3472/3074/2100 3473/3075/2101 3465/3067/2089
f 3468/3070/2095 3465/3067/2094 3473/3075/2101
f 3473/3075/2101 3474/3076/2102 3468/3070/2095
f 3471/3073/2103 3468/3070/2104 3474/3076/2102
f 3474/3076/2105 3475/3077/2106 3471/3073/2103
f 3475/3077/2107 3474/3076/2102 3473/3075/2101
f 3473/3075/2101 3472/3074/2108 3475/3077/2107
f 3476/3078/2109 3477/3079/2110 3478/3080/2111
f 3478/3080/2111 3479/3081/2112 3476/3078/2113
f 3476/3078/2113 3479/3081/2112 3480/3082/2114
f 3480/3082/2114 3481/3083/2115 3476/3078/2116
f 3482/3084/2117 3479/3081/2112 3478/3080/2111
f 3479/3081/2112 3482/3084/2118 3483/3085/2119
f 3483/3085/2119 3484/3086/2120 3479/3081/2112
f 3480/3082/2121 3479/3081/2112 3484/3086/2122
f 3484/3086/2123 3485/3087/2124 3480/3082/2114
f 3485/3087/2125 3484/3086/2123 3483/3085/2119
f 3483/3085/2119 3486/3088/2126 3485/3087/2125
f 3486/3088/2126 3483/3085/2127 3482/3084/2117
f 3482/3084/2118 3487/3089/2128 3486/3088/2126
f 3478/3080/2111 3488/3090/2129 3482/3084/2117
f 3487/3089/2128 3482/3084/2117 3488/3090/2129
f 3488/3090/2129 3489/3091/2130 3487/3089/2128
f 3489/3091/2130 3488/3090/2129 3490/3092/2131
f 3490/3092/2131 3491/3093/2132 3489/3091/2130
f 3488/3090/2129 3478/3080/2133 3492/3094/2132
f 3492/3094/2132 3490/3092/2131 3488/3090/2129
f 3493/3095/2134 3494/3096/2135 3495/3097/2135
f 3495/3097/2135 3496/3098/2136 3493/3095/2134
f 3497/3099/2137 3493/3095/2134 3496/3098/2136
f 3496/3098/2136 3498/3100/2138 3497/3099/2137
f 3499/3101/2139 3497/3099/2137 3498/3100/2138
f 3498/3100/2140 3500/3102/2141 3499/3101/2139
f 3501/3103/2142 3499/3101/2139 3500/3102/2141
f 3500/3102/2143 3502/3104/2144 3501/3103/2145
f 3503/3105/2146 3501/3103/2145 3502/3104/2144
f 3502/3104/2144 3504/3106/2147 3503/3105/2147
f 3503/3105/2146 3504/3106/2146 3505/3107/2148
f 3505/3107/2149 3506/3108/2150 3503/3105/2151
f 3505/3107/2149 3507/3109/159 3506/3108/2148
f 3508/3110/159 3507/3109/159 3505/3107/2149
f 3505/3107/2149 3509/3111/159 3508/3110/159
f 3510/3112/635 3508/3110/635 3509/3111/635
f 3511/3113/2152 3508/3110/2152 3510/3112/2152
f 3510/3112/2153 3512/3114/2153 3511/3113/2153
f 3513/3115/2154 3511/3113/635 3512/3114/2154
f 3513/3115/159 3514/3116/159 3511/3113/159
f 3512/3114/2154 3515/3117/2154 3513/3115/2154
f 3516/3118/159 3513/3115/159 3515/3117/159
f 3515/3117/159 3517/3119/159 3516/3118/159
f 3516/3118/159 3517/3119/159 3518/3120/159
f 3518/3120/159 3519/3121/2155 3516/3118/159
f 3516/3118/159 3519/3121/2155 3520/3122/2156
f 3520/3122/2157 3521/3123/159 3516/3118/159
f 3521/3123/159 3520/3122/2158 3522/3124/159
f 3522/3124/159 3523/3125/159 3521/3123/159
f 3519/3121/2155 3518/3120/159 3524/3126/2159
f 3519/3121/2155 3524/3126/2159 3525/3127/2160
f 3525/3127/2160 3526/3128/2161 3519/3121/2155
f 3520/3122/2158 3519/3121/2155 3526/3128/2162
f 3526/3128/2163 3527/3129/2164 3520/3122/2157
f 3528/3130/2165 3520/3122/2166 3527/3129/2167
f 3522/3124/159 3520/3122/2158 3528/3130/2168
f 3528/3130/2169 3529/3131/159 3522/3124/159
f 3524/3126/2170 3518/3120/159 3530/3132/159
f 3530/3132/159 3531/3133/2159 3524/3126/2159
f 3524/3126/2170 3531/3133/2159 3532/3134/2171
f 3532/3134/2170 3525/3127/2160 3524/3126/2159
f 3533/3135/2172 3525/3127/2160 3532/3134/2170
f 3526/3128/2163 3525/3127/2160 3533/3135/2173
f 3533/3135/2173 3534/3136/2174 3526/3128/2163
f 3527/3129/2164 3526/3128/2163 3534/3136/2174
f 3534/3136/2174 3535/3137/2175 3527/3129/2176
f 3527/3129/2164 3535/3137/2177 3528/3130/2169
f 3531/3133/2159 3530/3132/159 3536/3138/159
f 3536/3138/159 3537/3139/2178 3531/3133/2170
f 3531/3133/2179 3537/3139/2180 3538/3140/2181
f 3538/3140/2181 3532/3134/2159 3531/3133/2159
f 3539/3141/2182 3532/3134/2159 3538/3140/2183
f 3532/3134/2159 3539/3141/2182 3533/3135/2172
f 3533/3135/2184 3539/3141/2182 3540/3142/2185
f 3540/3142/2186 3541/3143/2187 3533/3135/2188
f 3534/3136/2174 3533/3135/2173 3541/3143/2189
f 3537/3139/2178 3536/3138/159 3542/3144/159
f 3542/3144/159 3543/3145/159 3537/3139/2178
f 3528/3130/2169 3537/3139/2178 3543/3145/159
f 3537/3139/2190 3528/3130/2165 3544/3146/2191
f 3544/3146/2192 3538/3140/2193 3537/3139/2178
f 3538/3140/2181 3544/3146/2191 3539/3141/2182
f 3545/3147/2194 3539/3141/2182 3544/3146/2192
f 3539/3141/2182 3545/3147/2195 3546/3148/2196
f 3546/3148/2197 3540/3142/2198 3539/3141/2199
f 3540/3142/2185 3546/3148/2200 3547/3149/2201
f 3547/3149/2201 3541/3143/2202 3540/3142/2185
f 3541/3143/2187 3547/3149/2203 3534/3136/2204
f 3543/3145/159 3548/3150/159 3528/3130/2168
f 3529/3131/159 3528/3130/2168 3548/3150/159
f 3548/3150/159 3549/3151/159 3529/3131/159
f 3547/3149/2201 3546/3148/2205 3545/3147/2206
f 3545/3147/2207 3534/3136/2174 3547/3149/2201
f 3535/3137/2175 3534/3136/2174 3545/3147/2194
f 3545/3147/2194 3550/3152/2208 3535/3137/2175
f 3528/3130/2209 3535/3137/2210 3550/3152/2208
f 3550/3152/2208 3544/3146/2211 3528/3130/2169
f 3544/3146/2191 3550/3152/2208 3545/3147/2195
f 3551/3153/356 3552/3154/356 3553/3155/2212
f 3553/3155/2212 3554/3156/356 3551/3153/356
f 3554/3156/356 3553/3155/2213 3555/3157/2214
f 3555/3157/2215 3553/3155/2212 3556/3158/2216
f 3556/3158/2216 3557/3159/2217 3555/3157/2218
f 3558/3160/2219 3557/3159/2220 3556/3158/2221
f 3556/3158/2222 3559/3161/2223 3558/3160/2219
f 3560/3162/2224 3558/3160/2219 3559/3161/2223
f 3559/3161/2223 3561/3163/2225 3560/3162/2224
f 3562/3164/2226 3560/3162/2224 3561/3163/2225
f 3561/3163/2225 3563/3165/2227 3562/3164/2226
f 3564/3166/2228 3562/3164/2226 3563/3165/2227
f 3563/3165/2227 3565/3167/2229 3564/3166/2228
f 3566/3168/2230 3564/3166/2228 3565/3167/2229
f 3565/3167/2229 3567/3169/2230 3566/3168/2230
f 3568/3170/158 3569/3171/158 3570/3172/158
f 3570/3172/158 3571/3173/158 3568/3170/158
f 3572/3174/156 3573/3175/156 3574/3176/2231
f 3574/3176/2231 3575/3177/156 3572/3174/156
f 3576/3178/2232 3575/3177/156 3574/3176/2231
f 3576/3178/2232 3574/3176/2231 3577/3179/2233
f 3577/3179/2233 3578/3180/2233 3576/3178/2232
f 3579/3181/2234 3580/3182/2234 3581/3183/2234
f 3581/3183/2234 3582/3184/2235 3579/3181/2234
f 3583/3185/2234 3579/3181/2234 3582/3184/2235
f 3582/3184/2235 3584/3186/2236 3583/3185/2234
f 3584/3186/2237 3582/3184/2235 3585/3187/2238
f 3585/3187/2238 3586/3188/2239 3584/3186/2237
f 3586/3188/2240 3585/3187/2241 3587/3189/2242
f 3588/3190/2242 3587/3189/2242 3585/3187/2241
f 3585/3187/2241 3589/3191/2242 3588/3190/2242
f 3590/3192/166 3591/3193/166 3592/3194/166
f 3592/3194/166 3593/3195/166 3590/3192/166
f 3594/3196/356 3595/3197/356 3596/3198/2243
f 3596/3198/2243 3597/3199/356 3594/3196/356
f 3598/3200/2244 3599/3201/2245 3600/3202/356
f 3600/3202/356 3601/3203/2246 3598/3200/2246
f 3598/3200/2246 3601/3203/2247 3602/3204/2248
f 3602/3204/2249 3603/3205/2244 3598/3200/2246
f 3604/3206/356 3603/3205/2246 3602/3204/2250
f 3602/3204/2249 3605/3207/356 3604/3206/356
f 3605/3207/356 3602/3204/2250 3606/3208/356
f 3606/3208/356 3607/3209/356 3605/3207/356
f 3605/3207/356 3607/3209/356 3608/3210/356
f 3608/3210/356 3609/3211/356 3605/3207/356
f 3610/3212/356 3609/3211/356 3608/3210/356
f 3608/3210/356 3611/3213/356 3610/3212/356
f 3611/3213/356 3608/3210/356 3612/3214/2251
f 3612/3214/2251 3613/3215/356 3611/3213/356
f 3614/3216/2252 3613/3215/356 3612/3214/2251
f 3612/3214/2253 3615/3217/2254 3614/3216/2255
f 3616/3218/2256 3617/3219/2257 3618/3220/2257
f 3618/3220/2257 3619/3221/2256 3616/3218/2256
f 3616/3218/2256 3619/3221/2258 3620/3222/2259
f 3620/3222/2259 3621/3223/2260 3616/3218/2256
f 3621/3223/2260 3620/3222/2259 3622/3224/2261
f 3622/3224/2262 3623/3225/2262 3621/3223/2260
f 3624/3226/2263 3625/3227/2263 3626/3228/2264
f 3626/3228/2265 3627/3229/2266 3624/3226/166
f 3627/3229/2266 3626/3228/2265 3628/3230/2267
f 3628/3230/2267 3629/3231/2267 3627/3229/2266
f 3630/3232/2267 3628/3230/2267 3626/3228/2265
f 3626/3228/2264 3631/3233/2267 3630/3232/2267
f 3632/3234/2268 3633/3235/2268 3634/3236/2268
f 3634/3236/2269 3635/3237/2269 3632/3234/2269
f 3636/3238/166 3637/3238/166 3638/3239/166
f 3638/3239/166 3639/3239/166 3636/3238/166
f 3640/3198/2245 3596/3198/2270 3599/3201/2245
f 3599/3201/2271 3641/3201/2272 3640/3198/2273
f 3642/3205/2274 3640/3198/2273 3641/3201/2272
f 3641/3201/2272 3643/3200/2274 3642/3205/2274
f 3644/3240/166 3645/3241/166 3646/3242/166
f 3646/3242/166 3647/3243/166 3644/3240/166
f 3647/3243/166 3646/3242/166 3648/3244/166
f 3648/3244/166 3649/3245/166 3647/3243/166
f 3650/3246/2275 3651/3247/2276 3652/3248/2276
f 3652/3248/2277 3653/3249/2278 3650/3246/2279
f 3650/3246/2275 3653/3249/2278 3654/3250/2280
f 3654/3250/2280 3655/3251/157 3650/3246/2279
f 3656/3252/2281 3657/3253/2282 3658/3254/2282
f 3658/3254/2282 3659/3255/2283 3656/3252/2284
f 3660/3256/2285 3656/3252/2284 3659/3255/2286
f 3661/3257/2287 3656/3252/2284 3660/3256/2288
f 3661/3257/2289 3662/3258/2290 3656/3252/2284
f 3663/3259/2291 3662/3258/2292 3661/3257/2293
f 3664/3260/2294 3662/3258/2292 3663/3259/2291
f 3663/3259/2295 3665/3261/2296 3664/3260/2296
f 3660/3256/2288 3666/3262/2297 3661/3257/2287
f 3661/3257/2298 3667/3196/2299 3663/3259/2300
f 3668/3263/2301 3669/3264/2301 3670/3265/2301
f 3670/3265/2301 3671/3266/2301 3668/3263/2301
f 3672/3267/2302 3673/3268/2302 3674/3269/2302
f 3674/3269/2302 3675/3270/2302 3672/3267/2302
f 3676/3271/2303 3677/3272/2303 3678/3273/2303
f 3678/3273/2304 3679/3274/2304 3676/3271/2304
f 3680/3275/2305 3681/3276/2305 3682/3277/2305
f 3682/3277/2305 3683/3278/2305 3680/3275/2305
f 3624/3226/166 3684/3279/166 3685/3280/166
f 3685/3280/166 3686/3281/166 3624/3226/166
f 3686/3281/166 3685/3280/166 3687/3282/166
f 3687/3282/2306 3688/3283/2306 3686/3281/2306
f 3688/3283/2263 3687/3282/2263 3689/3284/2263
f 3689/3284/166 3690/3285/166 3688/3283/166
f 3691/3286/2307 3692/3287/2307 3693/3288/2307
f 3693/3288/2307 3694/3289/2307 3691/3286/2307
f 3695/3290/169 3696/3291/169 3697/3292/169
f 3697/3292/169 3698/3293/169 3695/3290/169
f 3698/3293/169 3697/3292/169 3699/3294/2308
f 3699/3294/2308 3700/3295/2309 3698/3293/2310
f 3700/3295/2309 3699/3294/2308 3701/3296/159
f 3701/3296/159 3702/3297/159 3700/3295/2309
f 3703/3277/356 3704/3274/356 3705/3298/356
f 3705/3298/356 3706/3299/356 3703/3277/356
f 3707/3300/2311 3708/3301/2311 3709/3302/2311
f 3709/3302/2311 3710/3303/2311 3707/3300/2311
f 3711/3304/2312 3712/3305/2312 3713/3306/2312
f 3713/3306/2312 3714/3307/2312 3711/3304/2312
f 3715/3308/2313 3716/3309/2313 3717/3310/2313
f 3717/3310/2313 3718/3311/2313 3715/3308/2313
f 3719/3312/2314 3720/3313/2314 3721/3314/2314
f 3721/3314/2314 3722/3315/2314 3719/3312/2314
f 3722/3315/169 3721/3314/169 3723/3316/169
f 3723/3316/169 3724/3317/169 3722/3315/2315
f 3724/3317/169 3723/3316/169 3725/3318/169
f 3725/3318/169 3726/3319/169 3724/3317/169
f 3727/3320/169 3725/3318/169 3723/3316/169
f 3723/3316/169 3728/3321/169 3727/3320/169
f 3729/3322/2212 3730/3323/356 3731/3324/356
f 3731/3324/356 3732/3325/356 3729/3322/2212
f 3732/3325/356 3733/3326/2214 3729/3322/2213
f 3734/3327/2316 3729/3322/2212 3733/3326/2215
f 3733/3326/2215 3735/3328/2317 3734/3327/2318
f 3734/3327/2217 3735/3328/2319 3736/3329/2320
f 3736/3329/2320 3737/3330/2223 3734/3327/2217
f 3737/3330/2223 3736/3329/2321 3738/3331/2224
f 3738/3331/2224 3739/3332/2225 3737/3330/2223
f 3739/3332/2225 3738/3331/2224 3740/3333/2226
f 3740/3333/2226 3741/3334/2227 3739/3332/2225
f 3741/3334/2227 3740/3333/2226 3742/3335/2228
f 3742/3335/2228 3743/3336/2229 3741/3334/2227
f 3743/3336/2229 3742/3335/2228 3744/3337/2230
f 3744/3337/2230 3745/3338/2230 3743/3336/2229
f 3746/3339/2322 3747/3340/2323 3748/3341/2323
f 3748/3341/2323 3749/3342/2324 3746/3339/2322
f 3750/3343/2325 3746/3339/2322 3749/3342/2324
f 3749/3342/2324 3751/3344/2326 3750/3343/2325
f 3752/3345/2327 3750/3343/2328 3751/3344/2326
f 3751/3344/2329 3753/3346/2330 3752/3345/2327
f 3754/3347/2331 3752/3345/2332 3753/3346/2330
f 3749/3342/2324 3748/3341/2323 3755/3348/2333
f 3755/3348/2334 3756/3349/2335 3749/3342/2324
f 3757/3350/2336 3749/3342/2337 3756/3349/2335
f 3751/3344/2326 3749/3342/2337 3757/3350/2336
f 3757/3350/2336 3753/3346/2330 3751/3344/2329
f 3753/3346/2330 3757/3350/2338 3754/3347/2339
f 3758/3351/2340 3754/3347/2339 3757/3350/2336
f 3757/3350/2336 3759/3352/2341 3758/3351/2342
f 3756/3349/2335 3759/3352/2341 3757/3350/2336
f 3760/3353/2343 3761/3354/2344 3762/3355/2345
f 3762/3355/2346 3763/3356/2347 3760/3353/2343
f 3760/3353/2343 3763/3356/2347 3764/3357/2348
f 3764/3357/2348 3765/3358/2349 3760/3353/2343
f 3766/3359/2350 3760/3353/2343 3765/3358/2349
f 3765/3358/2349 3767/3360/2351 3766/3359/2352
f 3767/3360/2351 3765/3358/2349 3768/3361/2353
f 3768/3361/2353 3769/3362/2350 3767/3360/2351
f 3770/3363/2354 3763/3356/2347 3762/3355/2355
f 3771/3364/2356 3763/3356/2347 3770/3363/2354
f 3763/3356/2347 3771/3364/2357 3772/3365/2358
f 3772/3365/2358 3764/3357/2359 3763/3356/2347
f 3764/3357/2348 3772/3365/2360 3773/3366/2361
f 3773/3366/2362 3774/3367/2363 3764/3357/2364
f 3765/3358/2349 3764/3357/2348 3774/3367/2363
f 3774/3367/2363 3768/3361/2353 3765/3358/2349
f 3762/3355/2355 3775/3368/2365 3770/3363/2354
f 3776/3369/2366 3773/3366/2361 3772/3365/2358
f 3772/3365/2358 3771/3364/2367 3776/3369/2368
f 3770/3363/2354 3776/3369/2368 3771/3364/2367
f 3777/3370/2135 3778/3371/2135 3779/3372/2134
f 3779/3372/2134 3780/3373/2136 3777/3370/2135
f 3780/3373/2136 3779/3372/2134 3781/3374/2137
f 3781/3374/2137 3782/3375/2138 3780/3373/2136
f 3782/3375/2138 3781/3374/2137 3783/3376/2139
f 3783/3376/2139 3784/3377/2141 3782/3375/2138
f 3784/3377/2141 3783/3376/2139 3785/3378/2145
f 3785/3378/2145 3786/3379/2369 3784/3377/2141
f 3786/3379/2144 3785/3378/2145 3787/3380/2146
f 3787/3380/2370 3788/3381/2370 3786/3379/2371
f 3789/3382/2148 3788/3381/2146 3787/3380/2372
f 3787/3380/2151 3790/3383/2148 3789/3382/2149
f 3789/3382/2149 3790/3383/2148 3791/3384/159
f 3789/3382/2373 3791/3384/159 3792/3385/159
f 3792/3385/159 3793/3386/159 3789/3382/2149
f 3794/3387/635 3793/3386/635 3792/3385/635
f 3792/3385/2154 3795/3388/2154 3794/3387/2154
f 3794/3387/2374 3795/3388/2374 3796/3389/2374
f 3797/3390/2375 3796/3389/2375 3795/3388/2375
f 3797/3390/2152 3798/3391/2152 3796/3389/2152
f 3798/3391/159 3797/3390/159 3799/3392/159
f 3799/3392/159 3800/3393/159 3798/3391/159
f 3801/3394/159 3800/3393/159 3799/3392/159
f 3795/3388/159 3802/3395/159 3797/3390/159
f 3803/3396/158 3804/3397/158 3805/3398/158
f 3805/3398/158 3806/3399/158 3803/3396/158
f 3807/3400/2376 3808/3401/156 3809/3402/156
f 3809/3402/156 3810/3403/156 3807/3400/2376
f 3811/3404/2377 3807/3400/2376 3810/3403/156
f 3812/3405/2378 3807/3400/2376 3811/3404/2377
f 3811/3404/2377 3813/3406/2378 3812/3405/2378
f 3814/3407/2379 3815/3408/2379 3816/3409/2379
f 3816/3409/2379 3817/3410/2380 3814/3407/2379
f 3817/3410/2380 3816/3409/2379 3818/3411/2379
f 3818/3411/2379 3819/3412/2381 3817/3410/2380
f 3820/3413/2382 3817/3410/2380 3819/3412/2381
f 3819/3412/2381 3821/3414/2383 3820/3413/2382
f 3821/3414/2383 3822/3415/2384 3820/3413/2385
f 3820/3413/2385 3822/3415/2384 3823/3416/2384
f 3823/3416/2384 3824/3417/2384 3820/3413/2385
f 3825/3418/169 3826/3419/169 3827/3420/169
f 3827/3420/169 3828/3421/169 3825/3418/169
f 3829/3422/356 3830/3423/356 3831/3424/356
f 3831/3424/356 3832/3425/356 3829/3422/356
f 3833/3426/356 3834/3427/356 3835/3428/2386
f 3835/3428/2386 3836/3429/2387 3833/3426/356
f 3837/3430/2388 3836/3429/2389 3835/3428/2390
f 3835/3428/2391 3838/3431/2392 3837/3430/2388
f 3837/3430/2393 3838/3431/2394 3839/3432/356
f 3839/3432/356 3840/3433/356 3837/3430/2395
f 3841/3434/356 3837/3430/2393 3840/3433/356
f 3840/3433/356 3842/3435/356 3841/3434/356
f 3843/3436/356 3842/3435/356 3840/3433/356
f 3838/3431/2394 3835/3428/2390 3844/3428/2273
f 3844/3428/2396 3845/3431/2243 3838/3431/2397
f 3845/3431/2272 3844/3428/2273 3846/3427/2274
f 3846/3427/2274 3847/3437/2274 3845/3431/2272
f 3840/3433/356 3848/3438/356 3843/3436/356
f 3843/3436/356 3848/3438/356 3849/3439/356
f 3849/3439/356 3850/3440/356 3843/3436/356
f 3851/3441/2398 3843/3436/356 3850/3440/356
f 3850/3440/356 3852/3442/356 3851/3441/2398
f 3851/3441/2398 3852/3442/356 3853/3443/2399
f 3853/3443/2400 3854/3444/2401 3851/3441/2398
f 3855/3445/2402 3856/3446/2402 3857/3447/2403
f 3857/3447/2404 3858/3448/2404 3855/3445/2402
f 3859/3449/2405 3858/3448/2404 3857/3447/2404
f 3857/3447/2406 3860/3450/2407 3859/3449/2405
f 3861/3451/2408 3859/3449/2405 3860/3450/2407
f 3860/3450/2407 3862/3452/2408 3861/3451/2408
f 3863/3453/2409 3864/3454/2410 3865/3455/2410
f 3865/3455/169 3866/3456/2411 3863/3453/2412
f 3867/3457/2413 3863/3453/2409 3866/3456/2411
f 3863/3453/2409 3867/3457/2413 3868/3458/2413
f 3868/3458/2413 3869/3459/2413 3863/3453/2409
f 3866/3456/2411 3870/3460/2413 3867/3457/2413
f 3871/3461/169 3872/3462/169 3873/3463/169
f 3873/3463/169 3874/3464/169 3871/3461/169
f 3875/3465/169 3871/3461/169 3874/3464/169
f 3874/3464/169 3876/3466/169 3875/3465/169
f 3877/3467/2414 3878/3468/160 3879/3469/2415
f 3879/3469/2415 3880/3470/2416 3877/3467/2414
f 3877/3467/2417 3880/3470/2416 3881/3471/2277
f 3881/3471/2276 3882/3472/2276 3877/3467/2417
f 3883/3473/2282 3884/3474/2282 3885/3475/2418
f 3885/3475/2419 3886/3476/2283 3883/3473/2282
f 3887/3477/2420 3886/3476/2421 3885/3475/2419
f 3885/3475/2419 3888/3478/2422 3887/3477/2423
f 3887/3477/2424 3888/3478/2422 3889/3479/2425
f 3885/3475/2426 3890/3480/2427 3888/3478/2428
f 3888/3478/2429 3890/3480/2427 3891/3481/2430
f 3891/3481/2431 3892/3422/2432 3888/3478/2432
f 3891/3481/2430 3890/3480/2433 3893/3482/2296
f 3893/3482/2294 3894/3483/2294 3891/3481/2434
f 3895/3484/2301 3896/3485/2301 3897/3486/2301
f 3897/3486/2301 3898/3487/2301 3895/3484/2301
f 3899/3488/2302 3900/3489/2302 3901/3490/2302
f 3901/3490/2302 3902/3491/2302 3899/3488/2302
f 3903/3492/169 3904/3493/169 3865/3455/169
f 3865/3455/169 3905/3494/169 3903/3492/169
f 3906/3495/169 3903/3492/169 3905/3494/169
f 3905/3494/2310 3907/3496/2310 3906/3495/2310
f 3908/3497/169 3906/3495/169 3907/3496/169
f 3907/3496/169 3909/3498/169 3908/3497/169
f 3910/3499/2435 3911/3500/2435 3912/3501/2435
f 3912/3501/166 3913/3502/166 3910/3499/166
f 3914/3503/166 3915/3504/166 3916/3505/166
f 3916/3505/166 3917/3506/166 3914/3503/166
f 3918/3507/2077 3914/3503/166 3917/3506/166
f 3917/3506/2436 3919/3508/2437 3918/3507/2077
f 3920/3509/159 3918/3507/2077 3919/3508/2437
f 3919/3508/2437 3921/3510/159 3920/3509/159
f 3922/3511/356 3923/3512/356 3924/3513/356
f 3924/3513/356 3925/3514/356 3922/3511/356
f 3904/3493/2410 3926/3515/2410 3927/3516/2410
f 3927/3516/169 3928/3517/169 3904/3493/169
f 3928/3517/2410 3927/3516/2410 3929/3518/2410
f 3930/3519/2410 3929/3518/2410 3927/3516/2410
f 3927/3516/169 3931/3520/169 3930/3519/169
f 3932/3521/2438 3933/3522/158 3934/3523/2439
f 3934/3523/2440 3935/3524/2441 3932/3521/2442
f 3932/3521/2438 3935/3524/2443 3936/3525/2444
f 3937/3526/2445 3938/3527/2445 3939/3528/2445
f 3939/3528/2445 3940/3529/2445 3937/3526/2445
f 3941/3530/2446 3942/3531/2446 3943/3532/2446
f 3943/3532/2446 3944/3533/2446 3941/3530/2446
f 3945/3534/159 3946/3535/159 3947/3536/159
f 3947/3536/159 3948/3537/159 3945/3534/159
f 3948/3537/159 3947/3536/159 3949/3538/159
f 3949/3538/159 3950/3539/159 3948/3537/159
f 3950/3539/159 3949/3538/159 3951/3540/159
f 3951/3540/159 3952/3541/159 3950/3539/159
f 3953/3542/356 3954/3543/356 3955/3544/356
f 3955/3544/356 3956/3545/356 3953/3542/356
f 3957/3546/356 3953/3542/356 3956/3545/356
f 3956/3545/356 3958/3547/356 3957/3546/356
f 3959/3548/356 3960/3549/356 3961/3550/356
f 3961/3550/356 3962/3551/356 3959/3548/356
f 3963/3552/2447 3964/3553/2447 3965/3554/2448
f 3965/3554/2448 3966/3555/2449 3963/3552/2447
f 3966/3555/2449 3965/3554/2450 3967/3556/166
f 3967/3556/166 3968/3557/166 3966/3555/2449
f 3968/3557/166 3967/3556/166 3969/3558/166
f 3969/3558/166 3970/3559/166 3968/3557/166
f 3970/3559/166 3969/3558/166 3971/3560/166
f 3971/3560/166 3972/3561/166 3970/3559/166
f 3973/3562/169 3974/3563/169 3975/3564/2451
f 3975/3564/2451 3976/3565/2452 3973/3562/169
f 3976/3565/2453 3975/3564/2451 3977/3566/2453
f 3977/3566/2453 3978/3567/2451 3976/3565/2453
f 3978/3567/2451 3977/3566/2452 3979/3568/169
f 3979/3568/169 3980/3569/169 3978/3567/2451
f 3981/3570/156 3982/3571/156 3983/3572/156
f 3983/3572/156 3984/3573/156 3981/3570/156
f 3985/3574/159 3986/3575/159 3987/3576/159
f 3987/3576/159 3988/3577/159 3985/3574/159
f 3989/3578/159 3985/3574/159 3988/3577/159
f 3988/3577/159 3990/3579/159 3989/3578/159
f 3991/3580/159 3989/3578/159 3990/3579/159
f 3990/3579/159 3992/3581/159 3991/3580/159
f 3993/3582/356 3994/3583/356 3995/3584/356
f 3995/3584/356 3996/3585/356 3993/3582/356
f 3996/3585/356 3995/3584/356 3997/3586/356
f 3997/3586/356 3998/3587/356 3996/3585/356
f 3998/3587/356 3997/3586/356 3999/3588/356
f 3999/3588/356 4000/3589/356 3998/3587/356
f 4001/3590/2454 4002/3591/2455 4003/3592/2455
f 4003/3592/2455 4004/3593/2456 4001/3590/2454
f 4005/3594/169 4001/3590/2457 4004/3593/2456
f 4004/3593/2456 4006/3595/169 4005/3594/169
f 4007/3596/169 4005/3594/169 4006/3595/169
f 4006/3595/169 4008/3597/169 4007/3596/169
f 4009/3598/169 4007/3596/169 4008/3597/169
f 4008/3597/169 4010/3599/169 4009/3598/169
f 4011/3600/2458 4012/3601/166 4013/3602/166
f 4013/3602/166 4014/3603/2459 4011/3600/2460
f 4015/3604/2461 4011/3600/2460 4014/3603/2461
f 4014/3603/2462 4016/3605/2460 4015/3604/2461
f 4017/3606/166 4015/3604/2459 4016/3605/2460
f 4016/3605/2460 4018/3607/166 4017/3606/166
f 4019/3608/156 4020/3609/156 4021/3610/156
f 4021/3610/156 4022/3611/156 4019/3608/156
f 4023/3612/2463 4024/3613/2464 4025/3614/2464
f 4025/3614/2464 4026/3615/2465 4023/3612/2463
f 4027/3616/2466 4023/3612/2463 4026/3615/2465
f 4026/3615/2465 4028/3617/2467 4027/3616/2466
f 4029/3618/2468 4027/3616/2469 4028/3617/2470
f 4028/3617/2470 4030/3619/2471 4029/3618/2468
f 4031/3620/2472 4029/3618/2468 4030/3619/2471
f 4030/3619/2473 4032/3621/2474 4031/3620/2472
f 4033/3622/2475 4031/3620/2472 4032/3621/2474
f 4032/3621/2474 4034/3623/2476 4033/3622/2475
f 4035/3624/2477 4033/3622/2478 4034/3623/2479
f 4034/3623/2479 4036/3625/2477 4035/3624/2477
f 4037/3626/2480 4038/3627/2481 4039/3628/2481
f 4039/3628/2481 4040/3629/2482 4037/3626/2480
f 4041/3630/2483 4037/3626/2484 4040/3629/2485
f 4040/3629/2485 4042/3631/2486 4041/3630/2483
f 4043/3632/2487 4041/3630/2483 4042/3631/2486
f 4042/3631/2486 4044/3633/2488 4043/3632/2489
f 4045/3634/2490 4043/3632/2489 4044/3633/2488
f 4044/3633/2488 4046/3635/2491 4045/3634/2490
f 4047/3636/2492 4045/3634/2493 4046/3635/2494
f 4046/3635/2494 4048/3637/2495 4047/3636/2492
f 4049/3638/2496 4047/3636/2492 4048/3637/2495
f 4048/3637/2495 4050/3639/2496 4049/3638/2496
f 4051/3640/2084 4052/3641/2084 4053/3642/2084
f 4053/3642/2084 4054/3643/2084 4051/3640/2084
f 4055/3644/2497 4056/3645/2497 4057/3646/2497
f 4057/3646/2497 4058/3647/2497 4055/3644/2497
f 4059/3648/169 4060/3649/169 4061/3650/169
f 4061/3650/169 4062/3651/169 4059/3648/169
f 4063/3652/158 4064/3653/158 4065/3654/158
f 4065/3654/158 4066/3655/158 4063/3652/158
f 4067/3656/2498 4068/3657/166 4069/3658/166
f 4069/3658/166 4070/3659/2499 4067/3656/2498
f 4071/3660/2500 4067/3656/2498 4070/3659/2499
f 4070/3659/2499 4072/3661/2500 4071/3660/2500
f 4073/3662/2501 4074/3663/169 4075/3664/169
f 4075/3664/169 4076/3665/2502 4073/3662/2502
f 4073/3662/2502 4076/3665/2503 4077/3665/156
f 4077/3665/156 4078/3662/156 4073/3662/2504
f 4079/3666/169 4080/3667/169 4081/3668/169
f 4081/3668/169 4082/3669/169 4079/3666/169
f 4083/3670/159 4084/3671/159 4085/3672/159
f 4085/3672/159 4086/3673/159 4083/3670/159
f 4086/3673/159 4087/3674/159 4083/3670/159
f 4087/3674/159 4086/3673/159 4088/3675/159
f 4088/3675/159 4089/3676/159 4087/3674/159
f 4090/3652/158 4091/3655/158 4092/3677/158
f 4092/3677/158 4093/3678/158 4090/3652/158
f 4094/3679/356 4095/3680/356 4096/3681/356
f 4096/3681/356 4097/3682/356 4094/3679/356
f 4097/3682/356 4096/3681/356 4098/3683/356
f 4097/3682/356 4098/3683/356 4099/3684/356
f 4099/3684/356 4100/3685/356 4097/3682/356
f 4101/3686/2081 4102/3687/2081 4103/3688/2081
f 4103/3688/2081 4104/3689/2081 4101/3686/2081
f 4105/3690/2505 4106/3691/2505 4107/3692/2505
f 4107/3692/2505 4108/3693/2505 4105/3690/2505
f 4109/3694/169 4110/3695/169 4111/3696/169
f 4111/3696/169 4112/3697/169 4109/3694/169
f 4113/3698/2464 4114/3699/2464 4115/3700/2463
f 4115/3700/2463 4116/3701/2465 4113/3698/2464
f 4116/3701/2465 4115/3700/2463 4117/3702/2466
f 4117/3702/2466 4118/3703/2467 4116/3701/2465
f 4118/3703/2470 4117/3702/2469 4119/3704/2468
f 4119/3704/2468 4120/3705/2471 4118/3703/2470
f 4120/3705/2471 4119/3704/2468 4121/3706/2472
f 4121/3706/2472 4122/3707/2474 4120/3705/2471
f 4122/3707/2474 4121/3706/2472 4123/3708/2475
f 4123/3708/2475 4124/3709/2476 4122/3707/2474
f 4124/3709/2479 4123/3708/2478 4125/3710/2477
f 4125/3710/2477 4126/3711/2477 4124/3709/2479
f 4127/3712/2481 4128/3713/2481 4129/3714/2480
f 4129/3714/2480 4130/3715/2482 4127/3712/2481
f 4130/3715/2485 4129/3714/2484 4131/3716/2483
f 4131/3716/2483 4132/3717/2486 4130/3715/2485
f 4132/3717/2486 4131/3716/2483 4133/3718/2489
f 4133/3718/2489 4134/3719/2488 4132/3717/2486
f 4134/3719/2488 4133/3718/2489 4135/3720/2490
f 4135/3720/2490 4136/3721/2491 4134/3719/2488
f 4136/3721/2494 4135/3720/2493 4137/3722/2492
f 4137/3722/2492 4138/3723/2495 4136/3721/2494
f 4138/3723/2495 4137/3722/2492 4139/3724/2496
f 4139/3724/2496 4140/3725/2496 4138/3723/2495
f 4141/3726/158 4142/3727/158 4143/3728/158
f 4143/3728/158 4144/3729/158 4141/3726/158
f 4145/3730/169 4146/3731/169 4147/3664/2506
f 4147/3664/2506 4148/3663/2507 4145/3730/169
f 4148/3663/2507 4147/3664/2506 4149/3665/2508
f 4149/3665/2508 4150/3662/2508 4148/3663/2507
f 4151/3662/156 4150/3662/2508 4149/3665/2509
f 4149/3665/2510 4152/3665/156 4151/3662/156
f 4153/3661/166 4154/3660/166 4155/3656/166
f 4155/3656/166 4156/3659/166 4153/3661/166
f 4157/3732/166 4158/3733/166 4159/3734/166
f 4159/3734/166 4160/3735/166 4157/3732/166
f 4161/3736/159 4162/3737/159 4163/3738/159
f 4163/3738/159 4164/3739/159 4161/3736/159
f 4164/3739/159 4165/3740/159 4161/3736/159
f 4165/3740/159 4164/3739/159 4166/3741/159
f 4166/3741/159 4167/3742/159 4165/3740/159
f 4168/3726/158 4169/3743/158 4170/3744/158
f 4170/3744/158 4171/3727/158 4168/3726/158
f 4172/3745/356 4173/3746/356 4174/3747/356
f 4174/3747/356 4175/3748/356 4172/3745/356
f 4172/3745/356 4175/3748/356 4176/3749/356
f 4177/3750/356 4172/3745/356 4176/3749/356
f 4176/3749/356 4178/3751/356 4177/3750/356
f 4179/3752/2081 4180/3753/2081 4181/3754/2081
f 4181/3754/2081 4182/3755/2081 4179/3752/2081
f 4183/3756/2511 4184/3757/2511 4185/3758/2511
f 4185/3758/2511 4186/3759/2511 4183/3756/2511
f 4187/3760/166 4188/3761/166 4189/3762/166
f 4189/3762/166 4190/3763/166 4187/3760/166
f 4191/3764/2084 4192/3765/2084 4193/3766/2084
f 4193/3766/2084 4194/3767/2084 4191/3764/2084
f 4195/3768/2512 4196/3769/2512 4197/3770/2512
f 4197/3770/2512 4198/3771/2512 4195/3768/2512
f 4199/3772/166 4200/3773/166 4201/3774/166
f 4201/3774/166 4202/3775/166 4199/3772/166
f 3470/3072/2513 4203/3776/2514 4204/3777/2515
f 4204/3777/2515 4205/3778/2516 3470/3072/2099
f 3470/3072/2097 4205/3778/2517 4206/3779/2518
f 4206/3779/2519 4207/3780/2520 3470/3072/2099
f 3470/3072/2099 4207/3780/2521 4208/3781/2522
f 4208/3781/2523 3467/3069/2093 3470/3072/2099
f 4204/3777/2524 4209/3782/166 4205/3778/2525
f 4206/3779/2526 4210/3783/166 4207/3780/2527
f 4205/3778/2525 4211/3784/166 4212/3785/166
f 4212/3785/166 4206/3779/2526 4205/3778/2525
f 4212/3785/166 4213/3786/166 4206/3779/2526
f 4214/3787/2528 4215/3788/2529 4216/3789/2530
f 4216/3789/2531 4217/3790/2532 4214/3787/2531
f 4214/3787/2533 4217/3790/2533 4218/3791/2533
f 4218/3791/2534 4219/3792/2534 4214/3787/2534
f 3492/3094/2535 4214/3787/2534 4219/3792/2536
f 4219/3792/2533 3491/3093/2537 3492/3094/2535
f 4216/3789/2530 4220/3793/169 4217/3790/2538
f 4218/3791/2539 4221/3794/2540 4219/3792/2541
f 4217/3790/169 4222/3795/169 4223/3796/169
f 4223/3796/169 4218/3791/2542 4217/3790/169
f 4223/3796/169 4224/3797/169 4218/3791/2542
f 4225/3798/166 4226/3799/166 4227/3800/166
f 4227/3800/2263 4228/3801/2263 4225/3798/2263
f 4229/3802/2263 4228/3801/2263 4227/3800/2263
f 4227/3800/166 3684/3279/166 4229/3802/166
f 4227/3800/2263 4230/3803/2263 3684/3279/2263
f 4231/3804/158 4232/3805/158 4233/3806/158
f 4233/3806/158 4234/3807/158 4231/3804/158
f 4231/3804/158 4234/3807/158 4235/3808/158
f 4236/3809/156 4237/3810/156 4238/3811/156
f 4238/3811/156 4239/3812/156 4236/3809/156
f 4240/3813/156 4239/3812/156 4238/3811/156
f 4241/3814/2543 4242/3815/2444 4243/3816/2544
f 4243/3816/2545 4244/3817/2546 4241/3814/2547
f 4241/3814/2543 4244/3817/2546 4245/3818/158
f 4246/3819/2548 4247/3820/2549 4248/3821/2550
f 4246/3819/2548 4248/3821/2550 4249/3822/2551
f 4249/3822/2552 4250/3823/2553 4246/3819/2548
f 4246/3819/2554 4250/3823/2553 4251/3824/2555
f 4252/3825/2556 4251/3824/2555 4250/3823/2553
f 4250/3823/2553 4249/3822/2551 4252/3825/2557
f 4253/3826/2558 4252/3825/2556 4249/3822/2552
f 4249/3822/2552 4254/3827/2559 4253/3826/2560
f 4255/3828/2561 4253/3826/2558 4254/3827/2562
f 4256/3829/2563 4249/3822/2551 4248/3821/2550
f 4249/3822/2551 4256/3829/2563 4257/3830/2564
f 4257/3830/2564 4254/3827/2562 4249/3822/2551
f 4254/3827/2559 4257/3830/2565 4255/3828/2561
f 4258/3831/2566 4255/3828/2561 4257/3830/2565
f 4259/3832/2567 4258/3831/2568 4257/3830/2564
f 4257/3830/2564 4256/3829/2563 4259/3832/2569
f 4260/3833/638 4261/3834/638 4262/3833/638
f 4260/3833/159 4262/3833/159 4263/3835/2570
f 4263/3835/2570 4264/3835/2571 4260/3833/159
f 4264/3835/2572 4263/3835/2570 4265/3836/2573
f 4265/3836/2574 4266/3836/2574 4264/3835/2572
f 4267/3837/2575 4266/3836/2576 4265/3836/2576
f 4265/3836/2576 4268/3837/2577 4267/3837/2575
f 4269/3838/2578 4267/3837/2575 4268/3837/2577
f 4268/3837/2577 4270/3838/2579 4269/3838/2578
f 4271/3839/2580 4269/3838/2578 4270/3838/2579
f 4270/3838/2579 4272/3839/2581 4271/3839/2582
f 4273/3840/2583 4271/3839/2582 4272/3839/2581
f 4272/3839/2581 4274/3840/2584 4273/3840/2583
f 4275/3841/356 4273/3840/2585 4274/3840/2584
f 4274/3840/2584 4276/3841/356 4275/3841/356
f 4277/3842/356 4275/3841/356 4276/3841/356
f 4278/3793/2532 4279/3790/169 4280/3795/169
f 4280/3795/169 4281/3797/2586 4278/3793/2532
f 3758/3351/2342 4278/3793/2587 4281/3797/2588
f 4278/3793/2531 3758/3351/2342 4282/3788/2589
f 4282/3788/2590 4283/3789/169 4278/3793/2532
f 4280/3795/169 4284/3796/169 4281/3797/2586
f 4285/3843/2591 4282/3788/2592 3758/3351/2342
f 3758/3351/2593 3756/3349/2594 4285/3843/2595
f 4281/3797/2596 4286/3794/2597 3758/3351/2342
f 4281/3797/2586 4287/3791/169 4286/3794/2598
f 4288/3782/2599 4289/3778/166 4290/3784/166
f 4290/3784/166 4291/3786/166 4288/3782/2599
f 4288/3782/2600 4291/3786/2600 4292/3844/2600
f 4288/3782/2601 4292/3844/2602 4293/3845/2603
f 4293/3845/2604 4294/3777/2605 4288/3782/2606
f 4290/3784/166 4295/3785/166 4291/3786/166
f 4293/3845/2607 4292/3844/2602 3766/3359/2352
f 3766/3359/2350 3769/3362/2608 4293/3845/2600
f 4291/3786/166 4296/3779/166 4297/3783/2609
f 4297/3783/2519 4292/3844/2519 4291/3786/2519
f 4297/3783/2610 4298/3780/2611 4292/3844/2602
f 4299/3846/159 4300/3847/159 4301/3848/159
f 4301/3848/159 4302/3849/2612 4299/3846/159
f 4303/3850/159 4299/3846/159 4302/3849/2613
f 4302/3849/2613 4304/3851/2614 4303/3850/159
f 4303/3850/159 4304/3851/2614 4305/3852/159
f 4305/3852/159 4306/3853/159 4303/3850/159
f 4302/3849/2612 4301/3848/159 4307/3854/159
f 4307/3854/159 4308/3855/2615 4302/3849/2613
f 4309/3856/2616 4302/3849/2617 4308/3855/2618
f 4302/3849/2613 4309/3856/2616 4310/3857/2619
f 4310/3857/2620 4311/3858/2621 4302/3849/2622
f 4302/3849/2613 4311/3858/2621 4312/3859/2623
f 4312/3859/2624 4304/3851/2614 4302/3849/2613
f 4308/3855/2615 4307/3854/159 4313/3860/159
f 4313/3860/159 4314/3861/159 4308/3855/2615
f 4315/3862/2625 4308/3855/2615 4314/3861/159
f 4316/3863/2626 4308/3855/2615 4315/3862/2627
f 4308/3855/2615 4316/3863/2628 4309/3856/2616
f 4317/3864/2629 4309/3856/2616 4316/3863/2626
f 4309/3856/2630 4317/3864/2629 4318/3865/2631
f 4318/3865/2631 4310/3857/2620 4309/3856/2616
f 4311/3858/2621 4310/3857/2620 4318/3865/2631
f 4318/3865/2631 4319/3866/2632 4311/3858/2621
f 4312/3859/2633 4311/3858/2621 4319/3866/2632
f 4319/3866/2632 4320/3867/2634 4312/3859/2633
f 4304/3851/2635 4312/3859/2633 4320/3867/2634
f 4314/3861/159 4321/3868/159 4315/3862/2625
f 4322/3869/2625 4315/3862/2636 4321/3868/159
f 4323/3870/2625 4315/3862/2625 4322/3869/2636
f 4315/3862/2625 4323/3870/2625 4316/3863/2626
f 4316/3863/2637 4323/3870/2625 4317/3864/2629
f 4324/3871/2638 4317/3864/2629 4323/3870/2625
f 4325/3872/2639 4317/3864/2640 4324/3871/2641
f 4317/3864/2629 4325/3872/2642 4326/3873/2643
f 4326/3873/2644 4318/3865/2631 4317/3864/2629
f 4318/3865/2645 4326/3873/2646 4327/3874/2647
f 4327/3874/2647 4319/3866/2648 4318/3865/2649
f 4321/3868/159 3801/3394/159 4322/3869/2625
f 4328/3875/2650 4322/3869/2636 3801/3394/159
f 4329/3876/2651 4322/3869/2625 4328/3875/2650
f 4322/3869/2636 4329/3876/2651 4323/3870/2636
f 4323/3870/2636 4329/3876/2651 4324/3871/2638
f 4324/3871/2638 4329/3876/2651 4320/3867/2634
f 4320/3867/2634 4319/3866/2632 4324/3871/2652
f 4330/3877/2653 4324/3871/2638 4319/3866/2632
f 4324/3871/2654 4330/3877/2655 4325/3872/2656
f 4325/3872/2656 4330/3877/2655 4327/3874/2657
f 4327/3874/2657 4326/3873/2658 4325/3872/2656
f 3801/3394/159 3799/3392/159 4328/3875/2650
f 4304/3851/2614 4328/3875/2650 3799/3392/159
f 4320/3867/2634 4328/3875/2650 4304/3851/2614
f 4328/3875/2650 4320/3867/2634 4329/3876/2651
f 3799/3392/159 4305/3852/159 4304/3851/2659
f 4319/3866/2632 4327/3874/2660 4330/3877/2661
f 4331/3878/2662 4332/3879/2663 4333/3880/2664
f 4333/3880/2664 4334/3881/2665 4331/3878/2662
f 4335/3882/2666 4331/3878/2662 4334/3881/2665
f 4334/3881/2665 4336/3883/2667 4335/3882/2668
f 4337/3884/2669 4335/3882/2670 4336/3883/2667
f 4336/3883/2671 4338/3885/2672 4337/3884/2669
f 4338/3885/2673 4336/3883/2671 4339/3886/2674
f 4333/3880/2664 4340/3887/2675 4334/3881/2676
f 4341/3888/2677 4334/3881/2665 4340/3887/2678
f 4334/3881/2665 4341/3888/2677 4342/3889/2679
f 4342/3889/2679 4343/3890/2680 4334/3881/2676
f 4334/3881/2665 4343/3890/2681 4336/3883/2682
f 4339/3886/2674 4336/3883/2667 4343/3890/2680
f 4343/3890/2680 4342/3889/2683 4339/3886/2674
f 4333/3880/2684 4344/3891/2685 4340/3887/2678
f 4340/3887/2675 4344/3891/2686 4341/3888/2687
f 4345/3892/169 4346/3893/169 4347/3894/169
f 4347/3894/169 4348/3895/169 4345/3892/169
f 4345/3892/169 4348/3895/169 4349/3896/169
f 4345/3892/169 4349/3896/169 4350/3897/169
f 4350/3897/169 4351/3898/169 4345/3892/169
f 4347/3894/169 4352/3899/169 4348/3895/169
f 4353/3900/169 4350/3897/169 4349/3896/169
f 4348/3895/169 4354/3901/169 4355/3902/169
f 4355/3902/169 4349/3896/169 4348/3895/169
f 4355/3902/169 4356/3903/169 4349/3896/169
f 4357/3904/166 4358/3905/166 4359/3906/166
f 4359/3906/166 4360/3907/166 4357/3904/166
f 4357/3904/166 4360/3907/166 4361/3908/166
f 4357/3904/166 4361/3908/166 4362/3909/166
f 4362/3909/166 4363/3910/166 4357/3904/166
f 4359/3906/166 4364/3911/166 4360/3907/166
f 4365/3912/166 4362/3909/166 4361/3908/166
f 4360/3907/166 4366/3913/166 4367/3914/166
f 4367/3914/166 4361/3908/166 4360/3907/166
f 4367/3914/166 4368/3915/166 4361/3908/166
f 4369/3916/166 4370/3917/166 4371/3918/166
f 4371/3918/166 4372/3919/166 4369/3916/166
f 4373/3920/166 4369/3916/166 4372/3919/166
f 4374/3921/166 4369/3916/166 4373/3920/166
f 4374/3921/166 4375/3922/166 4369/3916/166
f 4371/3918/166 4376/3923/166 4372/3919/166
f 4373/3920/166 4377/3924/166 4374/3921/166
f 4372/3919/166 4378/3925/166 4379/3926/166
f 4372/3919/166 4379/3926/166 4373/3920/166
f 4380/3927/166 4373/3920/166 4379/3926/166
f 4381/3928/169 4382/3929/169 4383/3930/169
f 4383/3930/169 4384/3931/169 4381/3928/169
f 4385/3932/169 4381/3928/169 4384/3931/169
f 4386/3933/169 4381/3928/169 4385/3932/169
f 4386/3933/169 4387/3934/169 4381/3928/169
f 4383/3930/169 4388/3935/169 4384/3931/169
f 4385/3932/169 4389/3936/169 4386/3933/169
f 4384/3931/169 4390/3937/169 4391/3938/169
f 4384/3931/169 4391/3938/169 4385/3932/169
f 4392/3939/169 4385/3932/169 4391/3938/169
f 4393/3940/1708 4394/3941/2688 4395/3942/2688
f 4395/3942/2688 4396/3943/1684 4393/3940/1708
f 4397/3944/2689 4393/3940/1707 4396/3943/1679
f 4396/3943/1679 4398/3945/2690 4397/3944/2689
f 4399/3946/1796 4397/3944/2689 4398/3945/2690
f 4398/3945/2690 4400/3947/1724 4399/3946/1796
f 4401/3948/2691 4399/3946/1801 4400/3947/1721
f 4400/3947/1721 4402/3949/2691 4401/3948/2691
f 4403/3950/1688 4404/3951/2692 4405/3952/2692
f 4405/3952/2692 4406/3953/1711 4403/3950/1688
f 4407/3954/2693 4403/3950/1692 4406/3953/1705
f 4406/3953/1705 4408/3955/2694 4407/3954/2693
f 4409/3956/1712 4407/3954/2693 4408/3955/2694
f 4408/3955/2694 4410/3957/1810 4409/3956/1712
f 4411/3958/2695 4409/3956/1718 4410/3957/1805
f 4410/3957/1805 4412/3959/2695 4411/3958/2695
f 4413/3960/1709 4414/3961/2688 4415/3962/2688
f 4415/3962/2688 4416/3963/1684 4413/3960/1708
f 4417/3964/2689 4413/3960/1707 4416/3963/1679
f 4416/3963/2696 4418/3965/2690 4417/3964/2689
f 4419/3966/2697 4417/3964/2689 4418/3965/2690
f 4418/3965/2690 4420/3967/1724 4419/3966/1796
f 4421/3968/2691 4419/3966/1801 4420/3967/1721
f 4420/3967/1721 4422/3969/2691 4421/3968/2691
f 4423/3970/1688 4424/3971/2692 4425/3972/2692
f 4425/3972/2692 4426/3973/1711 4423/3970/1688
f 4427/3974/2693 4423/3970/1692 4426/3973/1705
f 4426/3973/1705 4428/3975/2694 4427/3974/2693
f 4429/3976/1712 4427/3974/2693 4428/3975/2694
f 4428/3975/2694 4430/3977/1810 4429/3976/1712
f 4431/3978/2695 4429/3976/1718 4430/3977/1805
f 4430/3977/2698 4432/3979/2695 4431/3978/2695
f 4433/3980/159 4434/3981/159 4435/3982/159
f 4433/3980/159 4435/3982/159 4436/3983/159
f 4437/3984/159 4433/3980/159 4436/3983/159
f 4437/3984/159 4438/3985/159 4433/3980/159
f 4435/3982/159 4439/3986/159 4436/3983/159
f 4440/3987/159 4437/3984/159 4436/3983/159
f 4441/3988/1688 4442/3989/2692 4443/3989/2699
f 4443/3989/2699 4444/3988/2700 4441/3988/1688
f 4445/3990/1691 4441/3988/1692 4444/3988/2701
f 4444/3988/2702 4446/3990/2703 4445/3990/1691
f 4446/3990/2704 4444/3988/2702 4447/3991/2705
f 4447/3991/2705 4448/3992/2706 4446/3990/2704
f 4449/3993/2707 4446/3990/2704 4448/3992/2706
f 4444/3988/2702 4443/3989/2699 4450/3994/2708
f 4450/3994/2708 4447/3991/2705 4444/3988/2709
f 4451/3995/2710 4450/3994/2708 4443/3989/2711
f 4443/3989/2699 4452/3996/2712 4451/3995/2713
f 4453/3997/2714 4451/3995/2713 4452/3996/2712
f 4452/3996/2712 4454/3998/2715 4453/3997/2714
f 4455/3999/2716 4453/3997/2714 4454/3998/2715
f 4454/3998/2715 4456/4000/2717 4455/3999/2716
f 4457/4001/2718 4455/3999/2716 4456/4000/2717
f 4456/4000/2717 4458/4002/2719 4457/4001/2718
f 4459/4003/2720 4457/4001/2718 4458/4002/2719
f 4458/4002/2719 4449/3993/2707 4459/4003/2720
f 4448/3992/2706 4459/4003/2720 4449/3993/2707
f 4460/3940/1708 4461/3941/2688 4462/3942/2688
f 4462/3942/2688 4463/3943/1684 4460/3940/1708
f 4464/3944/1680 4460/3940/1707 4463/3943/1679
f 4463/3943/1679 4465/3945/1680 4464/3944/1680
f 4466/4004/1796 4467/4005/1725 4468/4005/1725
f 4468/4005/1725 4469/4004/1724 4466/4004/1796
f 4470/4006/1800 4466/4004/1801 4469/4004/1721
f 4469/4004/1721 4471/4006/1717 4470/4006/1800
f 4472/4007/2721 4470/4006/1800 4471/4006/1717
f 4471/4006/1717 4473/4007/1718 4472/4007/1805
f 4474/4008/1713 4472/4007/1810 4473/4007/1712
f 4473/4007/1712 4475/4008/1713 4474/4008/1713
f 4476/3960/1709 4477/3961/2688 4478/3962/2688
f 4478/3962/2688 4479/3963/1684 4476/3960/1708
f 4480/3964/2689 4476/3960/1707 4479/3963/1679
f 4479/3963/1679 4481/3965/2690 4480/3964/2689
f 4482/3966/1796 4480/3964/2689 4481/3965/2690
f 4481/3965/2690 4483/3967/1724 4482/3966/1796
f 4484/3968/2691 4482/3966/1801 4483/3967/1721
f 4483/3967/2722 4485/3969/2691 4484/3968/2691
f 4486/3970/1688 4487/3971/2692 4488/3972/2692
f 4488/3972/2692 4489/3973/1711 4486/3970/1688
f 4490/3974/2693 4486/3970/1692 4489/3973/1705
f 4489/3973/2723 4491/3975/2694 4490/3974/2693
f 4492/3976/1712 4490/3974/2693 4491/3975/2694
f 4491/3975/2694 4493/3977/1810 4492/3976/1712
f 4494/3978/2695 4492/3976/1718 4493/3977/1805
f 4493/3977/2698 4495/3979/2695 4494/3978/2695
f 4496/4009/159 4497/4010/159 4498/4011/159
f 4496/4009/159 4498/4011/159 4499/4012/159
f 4500/4013/159 4496/4009/159 4499/4012/159
f 4500/4013/159 4501/4014/159 4496/4009/159
f 4498/4011/159 4502/4015/159 4499/4012/159
f 4503/4016/159 4500/4013/159 4499/4012/159
f 4504/4017/2692 4505/4018/2692 4506/4018/2699
f 4506/4018/2699 4507/4017/2724 4504/4017/2692
f 4507/4017/2725 4506/4018/2699 4508/4019/2708
f 4508/4019/2708 4509/4020/2705 4507/4017/2725
f 4510/4021/2726 4507/4017/2725 4509/4020/2705
f 4509/4020/2705 4511/4022/2706 4510/4021/2726
f 4512/4023/2707 4510/4021/2726 4511/4022/2706
f 4511/4022/2706 4513/4024/2720 4512/4023/2707
f 4514/4025/2719 4512/4023/2707 4513/4024/2720
f 4515/4026/2713 4508/4019/2708 4506/4018/2711
f 4506/4018/2699 4516/4027/2712 4515/4026/2713
f 4517/4028/2714 4515/4026/2713 4516/4027/2712
f 4516/4027/2712 4518/4029/2715 4517/4028/2714
f 4519/4030/2716 4517/4028/2714 4518/4029/2715
f 4518/4029/2715 4520/4031/2717 4519/4030/2716
f 4521/4032/2718 4519/4030/2716 4520/4031/2717
f 4520/4031/2717 4514/4025/2719 4521/4032/2718
f 4513/4024/2720 4521/4032/2718 4514/4025/2719
f 4522/4033/1708 4523/4034/2688 4524/4035/2688
f 4524/4035/2688 4525/4036/1684 4522/4033/1708
f 4526/4037/2689 4522/4033/1707 4525/4036/1679
f 4525/4036/1679 4527/4038/2690 4526/4037/2689
f 4528/4039/1796 4526/4037/2689 4527/4038/2690
f 4527/4038/2690 4529/4040/1724 4528/4039/1796
f 4530/4041/2691 4528/4039/1801 4529/4040/1721
f 4529/4040/1721 4531/4042/2691 4530/4041/2691
f 4532/4043/2693 4533/4044/1691 4534/4044/1691
f 4534/4044/1691 4535/4043/2694 4532/4043/2693
f 4536/4045/1712 4532/4043/2693 4535/4043/2694
f 4535/4043/2694 4537/4045/1810 4536/4045/1712
f 4538/4046/2695 4536/4045/1718 4537/4045/1805
f 4537/4045/1805 4539/4046/2695 4538/4046/2695
f 4540/4047/1709 4541/4048/2688 4542/4049/2688
f 4542/4049/2688 4543/4050/1684 4540/4047/1708
f 4544/4051/2689 4540/4047/1707 4543/4050/1679
f 4543/4050/1679 4545/4052/2690 4544/4051/2689
f 4546/4053/1796 4544/4051/2689 4545/4052/2690
f 4545/4052/2690 4547/4054/1724 4546/4053/1796
f 4548/4055/2691 4546/4053/1801 4547/4054/1721
f 4547/4054/1721 4549/4056/2691 4548/4055/2691
f 4550/4057/1688 4551/4058/2692 4552/4059/2692
f 4552/4059/2692 4553/4060/1711 4550/4057/1688
f 4554/4061/2693 4550/4057/1692 4553/4060/1705
f 4553/4060/1705 4555/4062/2694 4554/4061/2693
f 4556/4063/2727 4554/4061/2693 4555/4062/2694
f 4555/4062/2694 4557/4064/1810 4556/4063/1712
f 4558/4065/2695 4556/4063/1718 4557/4064/1805
f 4557/4064/2698 4559/4066/2695 4558/4065/2695
f 4560/4067/159 4561/4068/159 4562/4069/159
f 4560/4067/159 4562/4069/159 4563/4070/159
f 4564/4071/159 4560/4067/159 4563/4070/159
f 4564/4071/159 4565/4072/159 4560/4067/159
f 4562/4069/159 4566/4073/159 4563/4070/159
f 4567/4074/159 4564/4071/159 4563/4070/159
f 4568/4075/2692 4569/4076/2692 4570/4076/2699
f 4570/4076/2699 4571/4075/2724 4568/4075/2692
f 4571/4075/2725 4570/4076/2699 4572/4077/2708
f 4572/4077/2708 4573/4078/2705 4571/4075/2725
f 4574/4079/2726 4571/4075/2725 4573/4078/2705
f 4573/4078/2705 4575/4080/2706 4574/4079/2726
f 4576/4081/2707 4574/4079/2726 4575/4080/2706
f 4575/4080/2706 4577/4082/2720 4576/4081/2707
f 4578/4083/2719 4576/4081/2707 4577/4082/2720
f 4579/4084/2713 4572/4077/2708 4570/4076/2711
f 4570/4076/2699 4580/4085/2712 4579/4084/2713
f 4581/4086/2714 4579/4084/2713 4580/4085/2712
f 4580/4085/2712 4582/4087/2715 4581/4086/2714
f 4583/4088/2716 4581/4086/2714 4582/4087/2715
f 4582/4087/2715 4584/4089/2717 4583/4088/2716
f 4585/4090/2718 4583/4088/2716 4584/4089/2717
f 4584/4089/2717 4578/4083/2719 4585/4090/2718
f 4577/4082/2720 4585/4090/2718 4578/4083/2719
f 4586/4033/1708 4587/4034/2688 4588/4035/2688
f 4588/4035/2688 4589/4036/1684 4586/4033/1708
f 4590/4037/1680 4586/4033/1707 4589/4036/1679
f 4589/4036/1679 4591/4038/1680 4590/4037/1680
f 4592/4091/1725 4593/4092/1725 4594/4092/1725
f 4594/4092/1725 4595/4091/1725 4592/4091/1725
f 4596/4093/2691 4597/4094/2691 4598/4095/2691
f 4598/4095/2691 4599/4096/2691 4596/4093/2691
f 4600/4097/2728 4601/4098/1691 4602/4098/1691
f 4602/4098/1691 4603/4097/2694 4600/4097/2693
f 4604/4099/2727 4600/4097/2693 4603/4097/2694
f 4603/4097/2694 4605/4099/1810 4604/4099/1712
f 4606/4100/2695 4604/4099/1718 4605/4099/1805
f 4605/4099/1805 4607/4100/2695 4606/4100/2695
f 4608/4047/1709 4609/4048/2688 4610/4049/2688
f 4610/4049/2688 4611/4050/1684 4608/4047/1708
f 4612/4051/2689 4608/4047/1707 4611/4050/1679
f 4611/4050/1679 4613/4052/2690 4612/4051/2689
f 4614/4053/1796 4612/4051/2689 4613/4052/2690
f 4613/4052/2690 4615/4054/1724 4614/4053/1796
f 4616/4055/2691 4614/4053/1801 4615/4054/1721
f 4615/4054/2729 4617/4056/2691 4616/4055/2691
f 4618/4057/1688 4619/4058/2692 4620/4059/2692
f 4620/4059/2692 4621/4060/1711 4618/4057/1688
f 4622/4061/2730 4618/4057/1692 4621/4060/1705
f 4621/4060/1705 4623/4062/2694 4622/4061/2693
f 4624/4063/2731 4622/4061/2693 4623/4062/2694
f 4623/4062/2694 4625/4064/1810 4624/4063/1712
f 4626/4065/2695 4624/4063/1718 4625/4064/1805
f 4625/4064/1805 4627/4066/2695 4626/4065/2695
f 4628/4101/159 4629/4102/159 4630/4103/159
f 4628/4101/159 4630/4103/159 4631/4104/159
f 4632/4105/159 4628/4101/159 4631/4104/159
f 4632/4105/159 4633/4106/159 4628/4101/159
f 4630/4103/159 4634/4107/159 4631/4104/159
f 4635/4108/159 4632/4105/159 4631/4104/159
f 4636/4109/1679 4637/4110/1680 4638/4110/2732
f 4638/4110/2732 4639/4109/2733 4636/4109/1679
f 4640/4111/1685 4636/4109/1684 4639/4109/2734
f 4639/4109/2735 4641/4111/2736 4640/4111/1685
f 4642/4112/1688 4640/4111/1685 4641/4111/2737
f 4641/4111/2738 4643/4112/2700 4642/4112/1688
f 4644/4113/1691 4642/4112/1692 4643/4112/2701
f 4643/4112/2702 4645/4113/2703 4644/4113/1691
f 4639/4109/2735 4638/4110/2732 4646/4114/2714
f 4646/4114/2714 4647/4115/2713 4639/4109/2739
f 4641/4111/2738 4639/4109/2735 4647/4115/2713
f 4647/4115/2713 4648/4116/2708 4641/4111/2736
f 4643/4112/2702 4641/4111/2738 4648/4116/2708
f 4648/4116/2708 4649/4117/2705 4643/4112/2709
f 4645/4113/2704 4643/4112/2702 4649/4117/2705
f 4649/4117/2705 4650/4118/2706 4645/4113/2704
f 4651/4119/2707 4645/4113/2704 4650/4118/2706
f 4652/4120/2716 4646/4114/2714 4638/4110/2740
f 4638/4110/2732 4653/4121/2717 4652/4120/2716
f 4654/4122/2718 4652/4120/2716 4653/4121/2717
f 4653/4121/2717 4655/4123/2719 4654/4122/2718
f 4656/4124/2720 4654/4122/2718 4655/4123/2719
f 4655/4123/2719 4651/4119/2707 4656/4124/2720
f 4650/4118/2706 4656/4124/2720 4651/4119/2707
f 4657/4125/1796 4658/4126/1725 4659/4126/1725
f 4659/4126/1725 4660/4125/1724 4657/4125/1796
f 4661/4127/1800 4657/4125/1801 4660/4125/1721
f 4660/4125/1721 4662/4127/1717 4661/4127/1800
f 4663/4128/1805 4661/4127/1800 4662/4127/1717
f 4662/4127/1717 4664/4128/1718 4663/4128/1805
f 4665/4129/1713 4663/4128/1810 4664/4128/1712
f 4664/4128/2727 4666/4129/1713 4665/4129/1713
f 4667/4130/1708 4668/4131/2688 4669/4132/2688
f 4669/4132/2688 4670/4133/1684 4667/4130/1708
f 4671/4134/2741 4667/4130/1707 4670/4133/1679
f 4670/4133/1679 4672/4135/2690 4671/4134/2689
f 4673/4136/1796 4671/4134/2689 4672/4135/2690
f 4672/4135/2690 4674/4137/1724 4673/4136/1796
f 4675/4138/2691 4673/4136/1801 4674/4137/1721
f 4674/4137/1721 4676/4139/2691 4675/4138/2691
f 4677/4140/1869 4678/4141/2692 4679/4142/2692
f 4679/4142/2692 4680/4143/1711 4677/4140/1688
f 4681/4144/2693 4677/4140/1692 4680/4143/1705
f 4680/4143/1997 4682/4145/2694 4681/4144/2693
f 4683/4146/2727 4681/4144/2693 4682/4145/2694
f 4682/4145/2694 4684/4147/1810 4683/4146/1712
f 4685/4148/2695 4683/4146/1718 4684/4147/1805
f 4684/4147/1805 4686/4149/2695 4685/4148/2695
f 4687/4150/159 4688/4151/159 4689/4152/159
f 4687/4150/159 4689/4152/159 4690/4153/159
f 4691/4154/159 4687/4150/159 4690/4153/159
f 4691/4154/159 4692/4155/159 4687/4150/159
f 4689/4152/159 4693/4156/159 4690/4153/159
f 4694/4157/159 4691/4154/159 4690/4153/159
f 4695/4158/1679 4696/4159/1680 4697/4159/2732
f 4697/4159/2732 4698/4158/2735 4695/4158/1679
f 4699/4160/2688 4695/4158/1684 4698/4158/2734
f 4698/4158/2734 4700/4160/2742 4699/4160/2688
f 4700/4160/2743 4698/4158/2735 4701/4161/2713
f 4701/4161/2713 4702/4162/2708 4700/4160/2743
f 4703/4163/2744 4700/4160/2743 4702/4162/2708
f 4698/4158/2735 4697/4159/2732 4704/4164/2714
f 4704/4164/2714 4701/4161/2713 4698/4158/2739
f 4705/4165/2716 4704/4164/2714 4697/4159/2740
f 4697/4159/2732 4706/4166/2717 4705/4165/2716
f 4707/4167/2745 4705/4165/2716 4706/4166/2717
f 4706/4166/2717 4708/4168/2719 4707/4167/2718
f 4709/4169/2720 4707/4167/2718 4708/4168/2719
f 4708/4168/2719 4710/4170/2707 4709/4169/2720
f 4711/4171/2706 4709/4169/2720 4710/4170/2707
f 4710/4170/2707 4712/4172/2726 4711/4171/2706
f 4713/4173/2705 4711/4171/2706 4712/4172/2726
f 4712/4172/2726 4703/4163/2744 4713/4173/2705
f 4702/4162/2708 4713/4173/2705 4703/4163/2744
f 4714/4174/1796 4715/4175/1725 4716/4175/1725
f 4716/4175/1725 4717/4174/1724 4714/4174/1796
f 4718/4176/2691 4714/4174/1801 4717/4174/1721
f 4717/4174/1721 4719/4176/2691 4718/4176/2691
f 4720/4177/1688 4721/4178/2692 4722/4179/2692
f 4722/4179/2692 4723/4180/1711 4720/4177/1688
f 4724/4181/2746 4720/4177/1692 4723/4180/1705
f 4723/4180/1705 4725/4182/2694 4724/4181/2693
f 4726/4183/1712 4724/4181/2693 4725/4182/2694
f 4725/4182/2694 4727/4184/1810 4726/4183/1712
f 4728/4185/2695 4726/4183/1718 4727/4184/1805
f 4727/4184/1805 4729/4186/2695 4728/4185/2695
f 4730/4130/1708 4731/4131/2688 4732/4132/2688
f 4732/4132/2688 4733/4133/1684 4730/4130/1708
f 4734/4134/2747 4730/4130/1707 4733/4133/1679
f 4733/4133/2696 4735/4135/2690 4734/4134/2689
f 4736/4136/1796 4734/4134/2689 4735/4135/2690
f 4735/4135/2690 4737/4137/1724 4736/4136/1796
f 4738/4138/2691 4736/4136/1801 4737/4137/1721
f 4737/4137/1721 4739/4139/2691 4738/4138/2691
f 4740/4140/1688 4741/4141/2692 4742/4142/2692
f 4742/4142/2692 4743/4143/1711 4740/4140/1688
f 4744/4144/2693 4740/4140/1692 4743/4143/1705
f 4743/4143/1705 4745/4145/2694 4744/4144/2693
f 4746/4146/1712 4744/4144/2693 4745/4145/2694
f 4745/4145/2694 4747/4147/1810 4746/4146/1712
f 4748/4148/2695 4746/4146/1718 4747/4147/1805
f 4747/4147/1805 4749/4149/2695 4748/4148/2695
f 4750/4187/159 4751/4188/159 4752/4189/159
f 4750/4187/159 4752/4189/159 4753/4190/159
f 4754/4191/159 4750/4187/159 4753/4190/159
f 4754/4191/159 4755/4192/159 4750/4187/159
f 4752/4189/159 4756/4193/159 4753/4190/159
f 4757/4194/159 4754/4191/159 4753/4190/159
f 4758/4195/1685 4759/4196/2688 4760/4196/2748
f 4760/4196/2748 4761/4195/2737 4758/4195/1685
f 4762/4197/2692 4758/4195/1685 4761/4195/2737
f 4761/4195/2738 4763/4197/2724 4762/4197/2692
f 4763/4197/2725 4761/4195/2738 4764/4198/2708
f 4764/4198/2708 4765/4199/2705 4763/4197/2725
f 4766/4200/2726 4763/4197/2725 4765/4199/2705
f 4761/4195/2738 4760/4196/2748 4767/4201/2713
f 4767/4201/2713 4764/4198/2708 4761/4195/2736
f 4768/4202/2714 4767/4201/2713 4760/4196/2748
f 4760/4196/2748 4769/4203/2715 4768/4202/2714
f 4770/4204/2716 4768/4202/2714 4769/4203/2715
f 4769/4203/2715 4771/4205/2717 4770/4204/2716
f 4772/4206/2718 4770/4204/2716 4771/4205/2717
f 4771/4205/2717 4773/4207/2719 4772/4206/2718
f 4774/4208/2720 4772/4206/2718 4773/4207/2719
f 4773/4207/2719 4775/4209/2707 4774/4208/2720
f 4776/4210/2706 4774/4208/2720 4775/4209/2707
f 4775/4209/2707 4766/4200/2726 4776/4210/2706
f 4765/4199/2705 4776/4210/2706 4766/4200/2726
f 4777/4211/2693 4778/4212/1691 4779/4212/1691
f 4779/4212/1691 4780/4211/2694 4777/4211/2693
f 4781/4213/1712 4777/4211/2693 4780/4211/2694
f 4780/4211/2694 4782/4213/1810 4781/4213/1712
f 4783/4214/2749 4781/4213/1718 4782/4213/1805
f 4782/4213/1805 4784/4214/1800 4783/4214/1717
f 4785/4215/2729 4783/4214/1717 4784/4214/1800
f 4784/4214/1800 4786/4215/1801 4785/4215/1721
f 4787/4216/2690 4785/4215/1724 4786/4215/1796
f 4786/4215/1796 4788/4216/2689 4787/4216/2690
f 4789/4217/1680 4787/4216/2690 4788/4216/2689
f 4788/4216/2747 4790/4217/1680 4789/4217/1680
f 4791/4218/1709 4792/4219/2688 4793/4220/2688
f 4793/4220/2688 4794/4221/1684 4791/4218/1708
f 4795/4222/2689 4791/4218/1707 4794/4221/1679
f 4794/4221/1679 4796/4223/2690 4795/4222/2689
f 4797/4224/1796 4795/4222/2689 4796/4223/2690
f 4796/4223/2690 4798/4225/1724 4797/4224/1796
f 4799/4226/2691 4797/4224/1801 4798/4225/1721
f 4798/4225/1721 4800/4227/2691 4799/4226/2691
f 4801/4228/1688 4802/4229/2692 4803/4230/2692
f 4803/4230/2692 4804/4231/1711 4801/4228/1688
f 4805/4232/2693 4801/4228/1692 4804/4231/1705
f 4804/4231/1705 4806/4233/2694 4805/4232/2693
f 4807/4234/1712 4805/4232/2693 4806/4233/2694
f 4806/4233/2750 4808/4235/1810 4807/4234/1712
f 4809/4236/2695 4807/4234/1718 4808/4235/1805
f 4808/4235/1805 4810/4237/2695 4809/4236/2695
f 4811/4238/159 4812/4239/159 4813/4240/159
f 4811/4238/159 4813/4240/159 4814/4241/159
f 4815/4242/159 4811/4238/159 4814/4241/159
f 4815/4242/159 4816/4243/159 4811/4238/159
f 4813/4240/159 4817/4244/159 4814/4241/159
f 4818/4245/159 4815/4242/159 4814/4241/159
f 4819/4246/2688 4820/4247/2688 4821/4247/2748
f 4821/4247/2748 4822/4246/2742 4819/4246/2688
f 4822/4246/2743 4821/4247/2748 4823/4248/2713
f 4823/4248/2713 4824/4249/2708 4822/4246/2743
f 4825/4250/2744 4822/4246/2743 4824/4249/2708
f 4824/4249/2708 4826/4251/2705 4825/4250/2744
f 4827/4252/2726 4825/4250/2744 4826/4251/2705
f 4826/4251/2751 4828/4253/2706 4827/4252/2726
f 4829/4254/2707 4827/4252/2726 4828/4253/2706
f 4830/4255/2714 4823/4248/2713 4821/4247/2748
f 4821/4247/2748 4831/4256/2715 4830/4255/2714
f 4832/4257/2716 4830/4255/2714 4831/4256/2715
f 4831/4256/2715 4833/4258/2717 4832/4257/2716
f 4834/4259/2718 4832/4257/2716 4833/4258/2717
f 4833/4258/2717 4835/4260/2719 4834/4259/2718
f 4836/4261/2720 4834/4259/2718 4835/4260/2752
f 4835/4260/2719 4829/4254/2707 4836/4261/2720
f 4828/4253/2706 4836/4261/2720 4829/4254/2707
f 4837/4262/2689 4838/4263/1680 4839/4263/1680
f 4839/4263/1680 4840/4262/2690 4837/4262/2689
f 4841/4264/1801 4837/4262/2689 4840/4262/2690
f 4840/4262/2690 4842/4264/1724 4841/4264/1796
f 4843/4265/2691 4841/4264/1801 4842/4264/1721
f 4842/4264/1721 4844/4265/2691 4843/4265/2691
f 4845/4266/1688 4846/4267/2692 4847/4268/2692
f 4847/4268/2692 4848/4269/1711 4845/4266/1688
f 4849/4270/2693 4845/4266/1692 4848/4269/1705
f 4848/4269/1705 4850/4271/2694 4849/4270/2693
f 4851/4272/1712 4849/4270/2693 4850/4271/2694
f 4850/4271/2694 4852/4273/1810 4851/4272/1712
f 4853/4274/2695 4851/4272/1718 4852/4273/1805
f 4852/4273/1805 4854/4275/2695 4853/4274/2695
f 4855/4218/1708 4856/4219/2688 4857/4220/2688
f 4857/4220/2688 4858/4221/1684 4855/4218/1708
f 4859/4222/2689 4855/4218/1707 4858/4221/1679
f 4858/4221/1679 4860/4223/2690 4859/4222/2689
f 4861/4224/2753 4859/4222/2689 4860/4223/2690
f 4860/4223/2690 4862/4225/1724 4861/4224/1796
f 4863/4226/2691 4861/4224/1801 4862/4225/1721
f 4862/4225/1721 4864/4227/2691 4863/4226/2691
f 4865/4228/1688 4866/4229/2692 4867/4230/2692
f 4867/4230/2692 4868/4231/1711 4865/4228/1688
f 4869/4232/2693 4865/4228/1692 4868/4231/1705
f 4868/4231/1705 4870/4233/2694 4869/4232/2693
f 4871/4234/1712 4869/4232/2693 4870/4233/2694
f 4870/4233/2694 4872/4235/1810 4871/4234/1712
f 4873/4236/2695 4871/4234/1718 4872/4235/1805
f 4872/4235/1805 4874/4237/2695 4873/4236/2695
f 4875/4276/159 4876/4277/159 4877/4278/159
f 4875/4276/159 4877/4278/159 4878/4279/159
f 4879/4280/159 4875/4276/159 4878/4279/159
f 4879/4280/159 4880/4281/159 4875/4276/159
f 4877/4278/159 4881/4282/159 4878/4279/159
f 4882/4283/159 4879/4280/159 4878/4279/159
f 4883/4284/2435 4884/4285/2435 4885/4285/2435
f 4885/4285/166 4886/4284/166 4883/4284/166
f 4886/4284/2754 4885/4285/2754 4887/4286/2754
f 4887/4286/2435 4888/4287/2435 4886/4284/2435
f 4889/4288/2303 4890/3514/2303 4891/4289/2303
f 4891/4289/2304 4892/4290/2304 4889/4288/2304
f 4893/4291/2305 4894/4292/2305 4895/3511/2305
f 4895/3511/2305 4896/4293/2305 4893/4291/2305
f 4897/4294/158 4898/4295/158 4899/4296/158
f 4899/4296/158 4900/4297/158 4897/4294/158
f 4897/4294/158 4900/4297/158 4901/4298/158
f 4902/4299/156 4903/4300/156 4904/4301/156
f 4904/4301/156 4905/4302/156 4902/4299/156
f 4906/4303/156 4902/4299/156 4905/4302/156
f 4907/4304/2755 4908/4305/2755 4909/4306/2755
f 4909/4306/2755 4910/4307/2755 4907/4304/2755
f 4911/4308/356 4912/4309/356 4913/4310/2756
f 4913/4310/2757 4914/4311/2758 4911/4308/356
f 4915/4312/356 4911/4308/356 4914/4311/2758
f 4914/4311/2758 4916/4313/2759 4915/4312/356
f 4917/4314/356 4915/4312/356 4916/4313/2759
f 4916/4313/2760 4918/4315/2761 4917/4314/356
f 4919/4316/356 4917/4314/356 4918/4315/2761
f 4914/4311/2758 4913/4310/2756 4920/4317/2762
f 4920/4317/2762 4921/4318/2763 4914/4311/2764
f 4916/4313/2759 4914/4311/2758 4921/4318/2763
f 4921/4318/2763 4922/4319/2765 4916/4313/2760
f 4918/4315/2761 4916/4313/2759 4922/4319/2765
f 4922/4319/2765 4923/4320/2766 4918/4315/2761
f 4924/4321/2767 4918/4315/2761 4923/4320/2766
f 4918/4315/2761 4924/4321/2768 4919/4316/356
f 4925/4322/356 4919/4316/356 4924/4321/2768
f 4926/4323/2769 4920/4317/2762 4913/4310/2770
f 4921/4318/2763 4920/4317/2762 4926/4323/2769
f 4921/4318/2763 4926/4323/2769 4927/4324/2771
f 4923/4320/2766 4921/4318/2763 4927/4324/2771
f 4923/4320/2766 4922/4319/2765 4921/4318/2763
f 4913/4310/2770 4928/4325/2772 4926/4323/2769
f 4929/4326/2773 4926/4323/2769 4928/4325/2774
f 4926/4323/2769 4929/4326/2773 4927/4324/2771
f 4927/4324/2771 4929/4326/2773 4930/4327/2775
f 4930/4327/2775 4931/4328/2776 4927/4324/2771
f 4932/4329/2777 4927/4324/2771 4931/4328/2776
f 4932/4329/2777 4923/4320/2766 4927/4324/2771
f 4923/4320/2766 4932/4329/2777 4924/4321/2767
f 4931/4328/2776 4924/4321/2768 4932/4329/2777
f 4924/4321/2767 4931/4328/2776 4925/4322/356
f 4933/4330/356 4925/4322/356 4931/4328/2776
f 4931/4328/2776 4930/4327/2778 4933/4330/356
f 4934/4331/356 4933/4330/356 4930/4327/2778
f 4930/4327/2775 4928/4325/2779 4934/4331/356
f 4928/4325/2779 4930/4327/2778 4929/4326/2773
f 4935/4332/356 4936/4333/356 4937/4334/356
f 4937/4334/356 4938/4335/356 4935/4332/356
f 4939/3833/2780 4940/3833/638 4941/3834/2781
f 4942/3835/2570 4940/3833/159 4939/3833/2780
f 4939/3833/2780 4943/3835/2782 4942/3835/2570
f 4944/3836/2573 4942/3835/2570 4943/3835/2782
f 4943/3835/2782 4945/3836/2783 4944/3836/2573
f 4944/3836/2576 4945/3836/2784 4946/3837/2785
f 4946/3837/2785 4947/3837/2577 4944/3836/2574
f 4948/4336/2786 4939/3833/2780 4941/3834/2781
f 4943/3835/2782 4939/3833/2780 4948/4336/2786
f 4948/4336/2786 4949/4337/2787 4943/3835/2782
f 4945/3836/2783 4943/3835/2782 4949/4337/2787
f 4949/4337/2787 4950/4338/2788 4945/3836/2784
f 4945/3836/2784 4950/4338/2788 4951/4339/2789
f 4951/4339/2789 4946/3837/2785 4945/3836/2783
f 4946/3837/2785 4951/4339/2789 4952/4340/2790
f 4952/4340/2790 4953/3838/2791 4946/3837/2792
f 4947/3837/2577 4946/3837/2785 4953/3838/2791
f 4953/3838/2791 4954/3838/2579 4947/3837/2577
f 4948/4336/2786 4941/3834/2793 4955/4341/2794
f 4949/4337/2787 4948/4336/2795 4955/4341/2796
f 4955/4341/2796 4956/4342/2797 4949/4337/2787
f 4950/4338/2788 4949/4337/2787 4956/4342/2798
f 4950/4338/2788 4956/4342/2798 4951/4339/2799
f 4951/4339/2789 4956/4342/2798 4957/4343/2800
f 4957/4343/2801 4952/4340/2790 4951/4339/2789
f 4958/4344/2802 4952/4340/2790 4957/4343/2800
f 4953/3838/2791 4952/4340/2790 4958/4344/2802
f 4958/4344/2802 4959/3839/2803 4953/3838/2791
f 4954/3838/2579 4953/3838/2791 4959/3839/2803
f 4959/3839/2803 4960/3839/2581 4954/3838/2579
f 4955/4341/2796 4941/3834/2793 4961/3842/2804
f 4961/3842/2804 4962/4345/2805 4955/4341/2796
f 4956/4342/2797 4955/4341/2796 4962/4345/2805
f 4962/4345/2805 4957/4343/2801 4956/4342/2797
f 4957/4343/2801 4962/4345/2805 4963/4346/2806
f 4963/4346/2807 4964/4347/2808 4957/4343/2801
f 4957/4343/2801 4964/4347/2809 4958/4344/2802
f 4959/3839/2803 4958/4344/2802 4964/4347/2810
f 4964/4347/2808 4965/3840/2811 4959/3839/2803
f 4960/3839/2581 4959/3839/2803 4965/3840/2811
f 4965/3840/2811 4966/3840/2812 4960/3839/2581
f 4966/3840/2584 4965/3840/2811 4967/3841/2813
f 4967/3841/2813 4968/3841/356 4966/3840/2584
f 4962/4345/2805 4961/3842/2804 4963/4346/2806
f 4961/3842/2804 4967/3841/2814 4963/4346/2807
f 4963/4346/2806 4967/3841/2813 4965/3840/2811
f 4965/3840/2811 4964/4347/2810 4963/4346/2806
f 4961/3842/2815 4968/3841/356 4967/3841/2813
f 4969/3878/2816 4970/3879/2817 4971/4348/2818
f 4972/3880/2819 4971/4348/2818 4970/3879/2817
f 4972/3880/2820 4973/4349/2821 4971/4348/2818
f 4974/4350/2822 4971/4348/2818 4973/4349/2821
f 4971/4348/2818 4974/4350/2823 4969/3878/2824
f 4975/3882/2825 4969/3878/2816 4974/4350/2823
f 4974/4350/2823 4976/4351/2826 4975/3882/2827
f 4977/3884/2828 4975/3882/2827 4976/4351/2826
f 4976/4351/2826 4978/4352/2829 4977/3884/2830
f 4979/3885/2831 4977/3884/2832 4978/4352/2833
f 4972/3880/2820 4980/4353/2834 4973/4349/2835
f 4981/4354/2836 4973/4349/2821 4980/4353/2834
f 4973/4349/2835 4981/4354/2836 4974/4350/2823
f 4974/4350/2822 4981/4354/2837 4982/4355/2838
f 4982/4355/2838 4976/4351/2826 4974/4350/2823
f 4978/4352/2839 4976/4351/2826 4982/4355/2838
f 4982/4355/2838 4983/4356/2840 4978/4352/2829
f 4979/3885/2841 4978/4352/2842 4983/4356/2840
f 4979/3885/2841 4983/4356/2840 4984/4357/2843
f 4979/3885/2841 4984/4357/2843 4985/4358/2844
f 4979/3885/2841 4985/4358/2844 4986/3886/2845
f 4972/3880/2820 4987/4359/2846 4980/4353/2847
f 4988/4360/2848 4980/4353/2834 4987/4359/2846
f 4980/4353/2834 4988/4360/2848 4981/4354/2849
f 4982/4355/2838 4981/4354/2836 4988/4360/2850
f 4988/4360/2850 4989/4361/2851 4982/4355/2838
f 4983/4356/2840 4982/4355/2838 4989/4361/2851
f 4989/4361/2851 4984/4357/2843 4983/4356/2840
f 4984/4357/2843 4989/4361/2851 4990/4362/2852
f 4990/4362/2852 4985/4358/2844 4984/4357/2843
f 4985/4358/2844 4990/4362/2852 4991/3889/2853
f 4991/3889/2853 4986/3886/2854 4985/4358/2844
f 4972/3880/2820 4992/3891/2855 4987/4359/2856
f 4993/4363/2857 4987/4359/2856 4992/3891/2858
f 4987/4359/2856 4993/4363/2857 4988/4360/2859
f 4988/4360/2848 4993/4363/2857 4990/4362/2852
f 4990/4362/2852 4989/4361/2851 4988/4360/2859
f 4992/3891/2855 4994/3888/2860 4993/4363/2857
f 4993/4363/2861 4994/3888/2862 4991/3889/2853
f 4991/3889/2853 4990/4362/2852 4993/4363/2857
f 4995/3819/2863 4996/3820/2864 4997/4364/2865
f 4997/4364/2865 4996/3820/2866 4998/3821/2867
f 4998/3821/2868 4999/4365/2869 4997/4364/2865
f 5000/4366/2870 4997/4364/2865 4999/4365/2871
f 4995/3819/2863 4997/4364/2865 5000/4366/2870
f 4995/3819/2863 5000/4366/2872 5001/4367/2873
f 4995/3819/2863 5001/4367/2873 5002/4368/2874
f 4995/3819/2863 5002/4368/2874 5003/3824/2875
f 5003/3824/2876 5002/4368/2874 5004/4369/2877
f 5004/4369/2878 5005/3825/2879 5003/3824/2875
f 4999/4365/2869 4998/3821/2868 5006/3829/2880
f 5006/3829/2880 5007/4370/2881 4999/4365/2871
f 4999/4365/2869 5007/4370/2881 5008/4371/2882
f 5008/4371/2882 5009/4372/2883 4999/4365/2871
f 4999/4365/2871 5009/4372/2883 5000/4366/2872
f 5001/4367/2873 5000/4366/2870 5009/4372/2884
f 5009/4372/2885 5010/4373/2886 5001/4367/2873
f 5002/4368/2887 5001/4367/2873 5010/4373/2888
f 5010/4373/2889 5004/4369/2878 5002/4368/2874
f 5011/4374/2890 5004/4369/2877 5010/4373/2886
f 5004/4369/2877 5011/4374/2891 5012/3826/2892
f 5012/3826/2893 5005/3825/2879 5004/4369/2877
f 5007/4370/2881 5006/3829/2880 5013/3832/2894
f 5013/3832/2894 5014/4375/2895 5007/4370/2881
f 5008/4371/2882 5007/4370/2881 5014/4375/2896
f 5014/4375/2895 5015/4376/2897 5008/4371/2882
f 5016/4377/2898 5008/4371/2882 5015/4376/2897
f 5008/4371/2882 5016/4377/2898 5010/4373/2886
f 5010/4373/2888 5009/4372/2884 5008/4371/2882
f 5017/3831/2899 5014/4375/2900 5013/3832/2901
f 5017/3831/2902 5015/4376/2897 5014/4375/2896
f 5017/3831/2902 5018/4378/2903 5015/4376/2897
f 5015/4376/2897 5018/4378/2903 5016/4377/2898
f 5011/4374/2890 5016/4377/2898 5018/4378/2904
f 5010/4373/2889 5016/4377/2898 5011/4374/2891
f 5017/3831/2902 5019/4379/2905 5018/4378/2903
f 5018/4378/2903 5019/4379/2905 5011/4374/2891
f 5012/3826/2892 5011/4374/2891 5019/4379/2905
f 5019/4379/2905 5020/3828/2906 5012/3826/2892
f 5017/3831/2902 5020/3828/2906 5019/4379/2905
f 5021/4380/2707 5022/4381/2726 5023/4382/2706
f 5024/4383/2705 5023/4382/2706 5022/4381/2726
f 5022/4381/2726 5025/4384/2744 5024/4383/2705
f 5026/4385/2708 5024/4383/2705 5025/4384/2907
f 5025/4384/2744 5027/4386/2908 5026/4385/2708
f 5028/4387/2713 5026/4385/2708 5027/4386/2909
f 5027/4386/2908 5029/4388/2712 5028/4387/2713
f 5030/4389/2714 5028/4387/2713 5029/4388/2712
f 5029/4388/2712 5031/4390/2715 5030/4389/2714
f 5032/4391/2716 5030/4389/2714 5031/4390/2715
f 5031/4390/2715 5033/4392/2717 5032/4391/2716
f 5034/4393/2718 5032/4391/2716 5033/4392/2717
f 5033/4392/2717 5035/4394/2719 5034/4393/2718
f 5036/4395/2720 5034/4393/2718 5035/4394/2719
f 5035/4394/2719 5021/4380/2707 5036/4395/2720
f 5023/4382/2706 5036/4395/2720 5021/4380/2707
f 5037/4396/2910 5038/4397/2911 5039/4398/2912
f 5040/4399/2913 5039/4398/2914 5038/4397/2911
f 5039/4398/2912 5040/4399/2915 5041/4400/2916
f 5041/4400/2916 5042/4401/2917 5039/4398/2914
f 5043/4402/2918 5039/4398/2912 5042/4401/2917
f 5039/4398/2912 5043/4402/2918 5037/4396/2910
f 5043/4402/2918 5044/4403/2919 5037/4396/2910
f 5037/4396/2910 5044/4403/2920 5045/4404/2921
f 5046/4405/2922 5045/4404/2923 5044/4403/2919
f 5040/4399/2913 5038/4397/2911 5047/4406/2924
f 5040/4399/2913 5047/4406/2924 5048/4407/2925
f 5048/4407/2925 5041/4400/2916 5040/4399/2913
f 5041/4400/2926 5048/4407/2925 5049/4408/2927
f 5049/4408/2927 5050/4409/2928 5041/4400/2916
f 5050/4409/2928 5042/4401/2929 5041/4400/2916
f 5050/4409/2928 5051/4410/2930 5042/4401/2931
f 5052/4411/2932 5042/4401/2929 5051/4410/2933
f 5042/4401/2917 5052/4411/2934 5043/4402/2918
f 5044/4403/2920 5043/4402/2918 5052/4411/2934
f 5052/4411/2934 5053/4412/2935 5044/4403/2919
f 5044/4403/2920 5053/4412/2936 5046/4405/2922
f 5054/4413/2937 5046/4405/2922 5053/4412/2935
f 5053/4412/2936 5055/4414/2938 5054/4413/2937
f 5056/4415/2939 5054/4413/2940 5055/4414/2938
f 5051/4410/2933 5050/4409/2928 5049/4408/2927
f 5049/4408/2941 5057/4416/2942 5051/4410/2930
f 5058/4417/2943 5051/4410/2933 5057/4416/2942
f 5051/4410/2933 5058/4417/2943 5052/4411/2932
f 5055/4414/2938 5052/4411/2934 5058/4417/2943
f 5052/4411/2944 5055/4414/2938 5053/4412/2945
f 5057/4416/2942 5056/4415/2939 5058/4417/2943
f 5055/4414/2938 5058/4417/2943 5056/4415/2939
f 5059/4418/356 5060/4419/356 5061/4420/2761
f 5062/4421/2760 5061/4420/2761 5060/4419/356
f 5061/4420/2761 5062/4421/2759 5063/4422/2765
f 5063/4422/2765 5064/4423/2766 5061/4420/2761
f 5065/4424/2767 5061/4420/2761 5064/4423/2766
f 5061/4420/2761 5065/4424/2768 5059/4418/356
f 5066/4425/356 5059/4418/356 5065/4424/2768
f 5065/4424/2767 5067/4426/2776 5066/4425/356
f 5068/4427/356 5066/4425/356 5067/4426/2776
f 5060/4419/356 5069/4428/356 5062/4421/2759
f 5070/4429/2758 5062/4421/2759 5069/4428/356
f 5062/4421/2760 5070/4429/2758 5071/4430/2763
f 5071/4430/2763 5063/4422/2765 5062/4421/2760
f 5064/4423/2766 5063/4422/2765 5071/4430/2763
f 5064/4423/2766 5071/4430/2763 5072/4431/2771
f 5073/4432/2777 5064/4423/2766 5072/4431/2771
f 5064/4423/2766 5073/4432/2777 5065/4424/2767
f 5067/4426/2776 5065/4424/2768 5073/4432/2777
f 5073/4432/2777 5072/4431/2771 5067/4426/2776
f 5074/4433/2775 5067/4426/2776 5072/4431/2771
f 5067/4426/2776 5074/4433/2778 5068/4427/356
f 5075/4434/356 5068/4427/356 5074/4433/2778
f 5069/4428/356 5076/4435/356 5070/4429/2758
f 5077/4436/2946 5070/4429/2758 5076/4435/356
f 5070/4429/2758 5077/4436/2947 5078/4437/2762
f 5078/4437/2762 5071/4430/2763 5070/4429/2758
f 5071/4430/2763 5078/4437/2762 5079/4438/2769
f 5071/4430/2763 5079/4438/2769 5072/4431/2771
f 5079/4438/2769 5080/4439/2773 5072/4431/2771
f 5072/4431/2771 5080/4439/2773 5074/4433/2778
f 5081/4440/2948 5074/4433/2778 5080/4439/2773
f 5074/4433/2775 5081/4440/2948 5075/4434/356
f 5082/4441/356 5075/4434/356 5081/4440/2948
f 5076/4435/356 5082/4441/356 5077/4436/2947
f 5081/4440/2948 5077/4436/2947 5082/4441/356
f 5077/4436/2946 5081/4440/2948 5079/4438/2769
f 5079/4438/2769 5078/4437/2762 5077/4436/2947
f 5080/4439/2773 5079/4438/2769 5081/4440/2948
f 5083/4442/356 5084/4443/356 5085/4444/2761
f 5086/4445/2760 5085/4444/2761 5084/4443/356
f 5085/4444/2761 5086/4445/2759 5087/4446/2765
f 5087/4446/2765 5088/4447/2766 5085/4444/2761
f 5089/4448/2767 5085/4444/2761 5088/4447/2766
f 5085/4444/2761 5089/4448/2768 5083/4442/356
f 5090/4449/356 5083/4442/356 5089/4448/2768
f 5089/4448/2767 5091/4450/2776 5090/4449/356
f 5092/4451/356 5090/4449/356 5091/4450/2776
f 5084/4443/356 5093/4452/356 5086/4445/2759
f 5094/4453/2758 5086/4445/2759 5093/4452/356
f 5086/4445/2760 5094/4453/2758 5095/4454/2763
f 5095/4454/2763 5087/4446/2765 5086/4445/2760
f 5088/4447/2766 5087/4446/2765 5095/4454/2763
f 5088/4447/2766 5095/4454/2763 5096/4455/2771
f 5097/4456/2777 5088/4447/2766 5096/4455/2771
f 5088/4447/2766 5097/4456/2777 5089/4448/2767
f 5091/4450/2776 5089/4448/2768 5097/4456/2777
f 5097/4456/2777 5096/4455/2771 5091/4450/2776
f 5098/4457/2775 5091/4450/2776 5096/4455/2771
f 5091/4450/2776 5098/4457/2778 5092/4451/356
f 5099/4458/356 5092/4451/356 5098/4457/2778
f 5093/4452/356 5100/4459/356 5094/4453/2758
f 5101/4460/2946 5094/4453/2758 5100/4459/356
f 5094/4453/2758 5101/4460/2947 5102/4461/2762
f 5102/4461/2762 5095/4454/2763 5094/4453/2758
f 5095/4454/2763 5102/4461/2762 5103/4462/2769
f 5095/4454/2763 5103/4462/2769 5096/4455/2771
f 5103/4462/2769 5104/4463/2773 5096/4455/2771
f 5096/4455/2771 5104/4463/2773 5098/4457/2778
f 5105/4464/2948 5098/4457/2778 5104/4463/2773
f 5098/4457/2775 5105/4464/2948 5099/4458/356
f 5106/4465/356 5099/4458/356 5105/4464/2948
f 5100/4459/356 5106/4465/356 5101/4460/2947
f 5105/4464/2948 5101/4460/2947 5106/4465/356
f 5101/4460/2947 5105/4464/2948 5103/4462/2769
f 5103/4462/2769 5102/4461/2762 5101/4460/2946
f 5104/4463/2773 5103/4462/2769 5105/4464/2948
f 5107/4466/356 5108/4467/356 5109/4468/2761
f 5110/4469/2760 5109/4468/2761 5108/4467/356
f 5109/4468/2761 5110/4469/2759 5111/4470/2765
f 5111/4470/2765 5112/4471/2766 5109/4468/2761
f 5113/4472/2767 5109/4468/2761 5112/4471/2766
f 5109/4468/2761 5113/4472/2768 5107/4466/356
f 5114/4473/356 5107/4466/356 5113/4472/2768
f 5113/4472/2767 5115/4474/2776 5114/4473/356
f 5116/4475/356 5114/4473/356 5115/4474/2776
f 5108/4467/356 5117/4476/356 5110/4469/2759
f 5118/4477/2758 5110/4469/2759 5117/4476/356
f 5110/4469/2759 5118/4477/2758 5119/4478/2763
f 5119/4478/2763 5111/4470/2765 5110/4469/2760
f 5112/4471/2766 5111/4470/2765 5119/4478/2763
f 5112/4471/2766 5119/4478/2763 5120/4479/2771
f 5121/4480/2777 5112/4471/2766 5120/4479/2771
f 5112/4471/2766 5121/4480/2777 5113/4472/2767
f 5115/4474/2776 5113/4472/2768 5121/4480/2777
f 5121/4480/2777 5120/4479/2771 5115/4474/2776
f 5122/4481/2775 5115/4474/2776 5120/4479/2771
f 5115/4474/2776 5122/4481/2778 5116/4475/356
f 5123/4482/356 5116/4475/356 5122/4481/2778
f 5117/4476/356 5124/4483/356 5118/4477/2758
f 5125/4484/2946 5118/4477/2758 5124/4483/356
f 5118/4477/2758 5125/4484/2947 5126/4485/2762
f 5126/4485/2762 5119/4478/2763 5118/4477/2758
f 5119/4478/2763 5126/4485/2762 5127/4486/2769
f 5119/4478/2763 5127/4486/2769 5120/4479/2771
f 5127/4486/2769 5128/4487/2773 5120/4479/2771
f 5120/4479/2771 5128/4487/2773 5122/4481/2775
f 5129/4488/2948 5122/4481/2778 5128/4487/2773
f 5122/4481/2775 5129/4488/2948 5123/4482/356
f 5130/4489/356 5123/4482/356 5129/4488/2948
f 5124/4483/356 5130/4489/356 5125/4484/2947
f 5129/4488/2948 5125/4484/2947 5130/4489/356
f 5125/4484/2946 5129/4488/2948 5127/4486/2769
f 5127/4486/2769 5126/4485/2762 5125/4484/2947
f 5128/4487/2773 5127/4486/2769 5129/4488/2948
f 5131/4490/356 5132/4491/356 5133/4492/2761
f 5134/4493/2760 5133/4492/2761 5132/4491/356
f 5133/4492/2761 5134/4493/2759 5135/4494/2765
f 5135/4494/2765 5136/4495/2766 5133/4492/2761
f 5137/4496/2768 5133/4492/2761 5136/4495/2766
f 5133/4492/2761 5137/4496/2768 5131/4490/356
f 5138/4497/356 5131/4490/356 5137/4496/2768
f 5137/4496/2767 5139/4498/2776 5138/4497/356
f 5140/4499/356 5138/4497/356 5139/4498/2776
f 5132/4491/356 5141/4500/356 5134/4493/2759
f 5142/4501/2758 5134/4493/2759 5141/4500/356
f 5134/4493/2760 5142/4501/2758 5143/4502/2763
f 5143/4502/2763 5135/4494/2765 5134/4493/2760
f 5136/4495/2766 5135/4494/2765 5143/4502/2763
f 5136/4495/2766 5143/4502/2763 5144/4503/2771
f 5145/4504/2777 5136/4495/2766 5144/4503/2771
f 5136/4495/2766 5145/4504/2777 5137/4496/2767
f 5139/4498/2776 5137/4496/2768 5145/4504/2777
f 5145/4504/2777 5144/4503/2771 5139/4498/2776
f 5146/4505/2775 5139/4498/2776 5144/4503/2771
f 5139/4498/2776 5146/4505/2778 5140/4499/356
f 5147/4506/356 5140/4499/356 5146/4505/2778
f 5141/4500/356 5148/4507/356 5142/4501/2758
f 5149/4508/2946 5142/4501/2758 5148/4507/356
f 5142/4501/2758 5149/4508/2947 5150/4509/2762
f 5150/4509/2762 5143/4502/2763 5142/4501/2758
f 5143/4502/2763 5150/4509/2762 5151/4510/2769
f 5143/4502/2763 5151/4510/2769 5144/4503/2771
f 5151/4510/2769 5152/4511/2773 5144/4503/2771
f 5144/4503/2771 5152/4511/2773 5146/4505/2778
f 5153/4512/2948 5146/4505/2778 5152/4511/2773
f 5146/4505/2775 5153/4512/2948 5147/4506/356
f 5154/4513/356 5147/4506/356 5153/4512/2948
f 5148/4507/356 5154/4513/356 5149/4508/2947
f 5153/4512/2948 5149/4508/2947 5154/4513/356
f 5149/4508/2947 5153/4512/2948 5151/4510/2769
f 5151/4510/2769 5150/4509/2762 5149/4508/2946
f 5152/4511/2773 5151/4510/2769 5153/4512/2948
f 5155/4514/356 5156/4515/356 5157/4516/2761
f 5158/4517/2760 5157/4516/2761 5156/4515/356
f 5157/4516/2761 5158/4517/2759 5159/4518/2765
f 5159/4518/2765 5160/4519/2766 5157/4516/2761
f 5161/4520/2767 5157/4516/2761 5160/4519/2766
f 5157/4516/2761 5161/4520/2768 5155/4514/356
f 5162/4521/356 5155/4514/356 5161/4520/2768
f 5161/4520/2767 5163/4522/2776 5162/4521/356
f 5164/4523/356 5162/4521/356 5163/4522/2776
f 5156/4515/356 5165/4524/356 5158/4517/2759
f 5166/4525/2758 5158/4517/2759 5165/4524/356
f 5158/4517/2760 5166/4525/2758 5167/4526/2763
f 5167/4526/2763 5159/4518/2765 5158/4517/2760
f 5160/4519/2766 5159/4518/2765 5167/4526/2763
f 5160/4519/2766 5167/4526/2763 5168/4527/2771
f 5169/4528/2777 5160/4519/2766 5168/4527/2771
f 5160/4519/2766 5169/4528/2777 5161/4520/2767
f 5163/4522/2776 5161/4520/2768 5169/4528/2777
f 5169/4528/2777 5168/4527/2771 5163/4522/2776
f 5170/4529/2775 5163/4522/2776 5168/4527/2771
f 5163/4522/2776 5170/4529/2778 5164/4523/356
f 5171/4530/356 5164/4523/356 5170/4529/2778
f 5165/4524/356 5172/4531/356 5166/4525/2758
f 5173/4532/2946 5166/4525/2758 5172/4531/356
f 5166/4525/2758 5173/4532/2947 5174/4533/2762
f 5174/4533/2762 5167/4526/2763 5166/4525/2758
f 5167/4526/2763 5174/4533/2762 5175/4534/2769
f 5167/4526/2763 5175/4534/2769 5168/4527/2771
f 5175/4534/2769 5176/4535/2773 5168/4527/2771
f 5168/4527/2771 5176/4535/2773 5170/4529/2778
f 5177/4536/2948 5170/4529/2778 5176/4535/2773
f 5170/4529/2775 5177/4536/2948 5171/4530/356
f 5178/4537/356 5171/4530/356 5177/4536/2948
f 5172/4531/356 5178/4537/356 5173/4532/2947
f 5177/4536/2948 5173/4532/2947 5178/4537/356
f 5173/4532/2946 5177/4536/2948 5175/4534/2769
f 5175/4534/2769 5174/4533/2762 5173/4532/2947
f 5176/4535/2773 5175/4534/2769 5177/4536/2948
f 5179/4538/356 5180/4539/356 5181/4540/2761
f 5182/4541/2760 5181/4540/2761 5180/4539/356
f 5181/4540/2761 5182/4541/2759 5183/4542/2765
f 5183/4542/2765 5184/4543/2766 5181/4540/2761
f 5185/4544/2768 5181/4540/2761 5184/4543/2766
f 5181/4540/2761 5185/4544/2768 5179/4538/356
f 5186/4545/356 5179/4538/356 5185/4544/2768
f 5185/4544/2767 5187/4546/2776 5186/4545/356
f 5188/4547/356 5186/4545/356 5187/4546/2776
f 5180/4539/356 5189/4548/356 5182/4541/2759
f 5190/4549/2758 5182/4541/2759 5189/4548/356
f 5182/4541/2759 5190/4549/2758 5191/4550/2763
f 5191/4550/2763 5183/4542/2765 5182/4541/2760
f 5184/4543/2766 5183/4542/2765 5191/4550/2763
f 5184/4543/2766 5191/4550/2763 5192/4551/2771
f 5193/4552/2777 5184/4543/2766 5192/4551/2771
f 5184/4543/2766 5193/4552/2777 5185/4544/2767
f 5187/4546/2776 5185/4544/2768 5193/4552/2777
f 5193/4552/2777 5192/4551/2771 5187/4546/2776
f 5194/4553/2778 5187/4546/2776 5192/4551/2771
f 5187/4546/2776 5194/4553/2778 5188/4547/356
f 5195/4554/356 5188/4547/356 5194/4553/2778
f 5189/4548/356 5196/4555/356 5190/4549/2758
f 5197/4556/2946 5190/4549/2758 5196/4555/356
f 5190/4549/2758 5197/4556/2947 5198/4557/2762
f 5198/4557/2762 5191/4550/2763 5190/4549/2758
f 5191/4550/2763 5198/4557/2762 5199/4558/2769
f 5191/4550/2763 5199/4558/2769 5192/4551/2771
f 5199/4558/2769 5200/4559/2773 5192/4551/2771
f 5192/4551/2771 5200/4559/2773 5194/4553/2775
f 5201/4560/2948 5194/4553/2778 5200/4559/2773
f 5194/4553/2775 5201/4560/2948 5195/4554/356
f 5202/4561/356 5195/4554/356 5201/4560/2948
f 5196/4555/356 5202/4561/356 5197/4556/2947
f 5201/4560/2948 5197/4556/2947 5202/4561/356
f 5197/4556/2947 5201/4560/2948 5199/4558/2769
f 5199/4558/2769 5198/4557/2762 5197/4556/2947
f 5200/4559/2773 5199/4558/2769 5201/4560/2948
f 5203/4562/356 5204/4563/356 5205/4564/2761
f 5206/4565/2760 5205/4564/2761 5204/4563/356
f 5205/4564/2761 5206/4565/2759 5207/4566/2765
f 5207/4566/2765 5208/4567/2766 5205/4564/2761
f 5209/4568/2768 5205/4564/2761 5208/4567/2766
f 5205/4564/2761 5209/4568/2768 5203/4562/356
f 5210/4569/356 5203/4562/356 5209/4568/2768
f 5209/4568/2767 5211/4570/2776 5210/4569/356
f 5212/4571/356 5210/4569/356 5211/4570/2776
f 5204/4563/356 5213/4572/356 5206/4565/2759
f 5214/4573/2758 5206/4565/2759 5213/4572/356
f 5206/4565/2759 5214/4573/2758 5215/4574/2763
f 5215/4574/2763 5207/4566/2765 5206/4565/2760
f 5208/4567/2766 5207/4566/2765 5215/4574/2763
f 5208/4567/2766 5215/4574/2763 5216/4575/2771
f 5217/4576/2777 5208/4567/2766 5216/4575/2771
f 5208/4567/2766 5217/4576/2777 5209/4568/2767
f 5211/4570/2776 5209/4568/2768 5217/4576/2777
f 5217/4576/2777 5216/4575/2771 5211/4570/2776
f 5218/4577/2778 5211/4570/2776 5216/4575/2771
f 5211/4570/2776 5218/4577/2778 5212/4571/356
f 5219/4578/356 5212/4571/356 5218/4577/2778
f 5213/4572/356 5220/4579/356 5214/4573/2758
f 5221/4580/2946 5214/4573/2758 5220/4579/356
f 5214/4573/2758 5221/4580/2947 5222/4581/2762
f 5222/4581/2762 5215/4574/2763 5214/4573/2758
f 5215/4574/2763 5222/4581/2762 5223/4582/2769
f 5215/4574/2763 5223/4582/2769 5216/4575/2771
f 5223/4582/2769 5224/4583/2773 5216/4575/2771
f 5216/4575/2771 5224/4583/2773 5218/4577/2775
f 5225/4584/2948 5218/4577/2778 5224/4583/2773
f 5218/4577/2775 5225/4584/2948 5219/4578/356
f 5226/4585/356 5219/4578/356 5225/4584/2948
f 5220/4579/356 5226/4585/356 5221/4580/2947
f 5225/4584/2948 5221/4580/2947 5226/4585/356
f 5221/4580/2946 5225/4584/2948 5223/4582/2769
f 5223/4582/2769 5222/4581/2762 5221/4580/2947
f 5224/4583/2773 5223/4582/2769 5225/4584/2948
f 5227/762/154 5228/763/154 5229/764/154
f 5230/765/2949 5231/766/2949 5232/767/2949
f 5233/768/160 5234/769/160 5235/770/160
f 5236/771/240 5237/772/240 5238/773/240
f 5239/774/249 5240/775/249 5241/776/249
f 5242/777/525 5243/778/525 5244/779/525
f 5245/780/271 5246/781/271 5247/782/271
f 5248/783/159 5249/784/159 5250/785/159
f 5251/786/157 5252/787/157 5253/788/157
f 5254/789/262 5255/790/262 5256/791/262
f 5257/792/2950 5258/793/2950 5259/794/2950
f 5260/795/525 5261/796/525 5262/797/525
f 5263/798/278 5264/799/278 5265/800/278
f 5266/801/158 5267/802/158 5268/803/158
f 5269/804/156 5270/805/156 5271/806/156
f 5272/807/158 5273/808/158 5274/809/158
f 5275/810/156 5276/811/156 5277/812/156
f 5278/813/161 5279/814/161 5280/815/161
f 5280/815/161 5281/816/161 5278/813/161
f 5281/816/161 5280/815/161 5282/817/161
f 5282/817/161 5283/818/161 5281/816/161
f 5284/819/2951 5285/820/2951 5286/821/2951
f 5286/821/161 5287/822/161 5284/819/161
f 5288/823/161 5284/819/161 5287/822/161
f 5287/822/161 5289/824/161 5288/823/161
f 5290/825/2951 5288/823/2951 5289/824/2951
f 5289/824/161 5291/826/161 5290/825/161
f 5291/826/161 5289/824/161 5292/827/161
f 5292/827/161 5293/828/161 5291/826/161
f 5287/822/161 5286/821/161 5294/829/161
f 5294/829/161 5295/830/161 5287/822/161
f 5295/830/161 5294/829/161 5296/831/161
f 5296/831/161 5297/832/161 5295/830/161
f 5297/832/161 5296/831/161 5298/833/161
f 5298/833/161 5299/834/161 5297/832/161
f 5300/835/161 5297/832/161 5299/834/161
f 5299/834/161 5301/836/161 5300/835/161
f 5302/837/161 5300/835/161 5301/836/161
f 5300/835/161 5302/837/161 5293/828/161
f 5293/828/161 5292/827/161 5300/835/161
f 5301/836/161 5303/838/161 5302/837/161
f 5304/839/162 5305/840/162 5306/841/162
f 5306/841/162 5307/842/162 5304/839/162
f 5308/843/163 5309/844/164 5310/845/164
f 5310/845/164 5311/846/165 5308/843/163
f 5312/847/166 5308/843/163 5311/846/165
f 5311/846/165 5313/848/166 5312/847/166
f 5314/849/167 5315/850/167 5316/851/167
f 5316/851/167 5317/852/167 5314/849/167
f 5318/853/168 5319/854/169 5320/855/169
f 5320/855/169 5321/856/170 5318/853/168
f 5322/857/171 5318/853/168 5321/856/170
f 5321/856/170 5323/858/171 5322/857/171
f 5324/859/2952 5325/860/2953 5326/860/2954
f 5326/860/2955 5327/861/2956 5324/859/2957
f 5328/862/2958 5329/863/2959 5330/864/2960
f 5330/864/179 5331/865/180 5328/862/2961
f 5332/866/181 5333/867/182 5334/868/182
f 5334/868/182 5335/869/183 5332/866/181
f 5336/870/166 5332/866/181 5335/869/184
f 5335/869/185 5337/871/166 5336/870/166
f 5338/872/186 5339/873/169 5340/874/169
f 5340/874/169 5341/875/187 5338/872/188
f 5342/876/189 5338/872/190 5341/875/187
f 5341/875/187 5343/877/189 5342/876/189
f 5344/878/191 5345/879/191 5346/880/191
f 5346/880/192 5347/881/192 5344/878/192
f 5347/881/192 5346/880/192 5348/882/192
f 5348/882/192 5349/883/192 5347/881/192
f 5350/884/193 5351/885/194 5352/886/195
f 5352/886/195 5353/887/196 5350/884/197
f 5350/884/197 5353/887/196 5354/888/198
f 5354/888/198 5355/889/199 5350/884/193
f 5355/889/199 5354/888/198 5356/890/200
f 5356/890/201 5357/891/202 5355/889/199
f 5357/891/202 5356/890/201 5358/892/203
f 5358/892/203 5359/893/204 5357/891/202
f 5353/887/196 5352/886/195 5360/894/205
f 5360/894/205 5361/895/206 5353/887/196
f 5353/887/196 5361/895/206 5362/896/207
f 5362/896/207 5354/888/198 5353/887/196
f 5354/888/198 5362/896/207 5363/897/208
f 5363/897/208 5356/890/201 5354/888/198
f 5356/890/201 5363/897/208 5364/898/209
f 5364/898/209 5358/892/203 5356/890/201
f 5358/892/203 5364/898/209 5365/899/210
f 5365/899/210 5366/900/211 5358/892/203
f 5359/893/212 5358/892/203 5366/900/213
f 5361/895/206 5360/894/205 5367/901/214
f 5367/901/214 5368/902/215 5361/895/206
f 5361/895/206 5368/902/216 5369/903/217
f 5369/903/217 5362/896/207 5361/895/206
f 5362/896/207 5369/903/217 5370/904/220
f 5370/904/220 5363/897/221 5362/896/219
f 5363/897/208 5370/904/222 5371/905/223
f 5371/905/224 5364/898/209 5363/897/221
f 5364/898/209 5371/905/223 5372/906/226
f 5372/906/227 5365/899/210 5364/898/225
f 5365/899/210 5372/906/229 5373/907/230
f 5373/907/230 5374/908/2962 5365/899/2963
f 5366/900/211 5365/899/210 5374/908/231
f 5374/908/231 5375/909/232 5366/900/211
f 5376/910/233 5366/900/211 5375/909/232
f 5366/900/213 5376/910/234 5359/893/204
f 5372/906/227 5371/905/235 5377/911/236
f 5377/911/236 5378/912/236 5372/906/237
f 5373/907/230 5372/906/238 5378/912/239
f 5378/912/239 5379/913/240 5373/907/230
f 5380/914/230 5373/907/241 5379/913/236
f 5374/908/242 5373/907/230 5380/914/230
f 5380/914/230 5381/915/243 5374/908/231
f 5375/909/232 5374/908/231 5381/915/243
f 5381/915/243 5382/916/244 5375/909/232
f 5383/917/233 5375/909/232 5382/916/245
f 5375/909/232 5383/917/233 5376/910/234
f 5384/918/246 5378/912/247 5377/911/248
f 5379/913/249 5378/912/250 5384/918/251
f 5384/918/252 5385/919/246 5379/913/247
f 5386/920/249 5379/913/247 5385/919/246
f 5379/913/247 5386/920/156 5380/914/230
f 5377/911/2964 5387/921/2965 5384/918/2966
f 5385/919/246 5388/922/246 5386/920/249
f 5382/916/245 5389/923/233 5383/917/233
f 5383/917/233 5389/923/233 5390/924/256
f 5390/924/256 5391/925/256 5383/917/233
f 5376/910/234 5383/917/257 5391/925/256
f 5391/925/258 5392/926/259 5376/910/234
f 5359/893/204 5376/910/260 5392/926/258
f 5392/926/261 5393/927/262 5359/893/204
f 5394/928/263 5393/927/264 5392/926/265
f 5392/926/2967 5395/929/2968 5394/928/2968
f 5391/925/265 5390/924/265 5396/930/265
f 5396/930/265 5397/931/265 5391/925/268
f 5392/926/265 5391/925/264 5397/931/265
f 5397/931/265 5395/929/263 5392/926/265
f 5398/932/269 5399/933/269 5400/934/269
f 5400/934/269 5401/935/269 5398/932/269
f 5401/935/269 5400/934/269 5402/936/269
f 5402/936/269 5403/937/269 5401/935/269
f 5404/938/270 5405/939/270 5406/940/271
f 5406/940/270 5407/941/272 5404/938/270
f 5408/942/270 5404/938/270 5407/941/273
f 5407/941/273 5409/943/274 5408/942/270
f 5410/944/270 5408/942/270 5409/943/275
f 5409/943/275 5411/945/276 5410/944/277
f 5412/946/278 5411/945/279 5409/943/278
f 5409/943/2969 5413/947/2970 5412/946/2970
f 5407/941/273 5406/940/271 5414/948/278
f 5414/948/278 5415/949/278 5407/941/276
f 5409/943/274 5407/941/276 5415/949/278
f 5415/949/278 5413/947/281 5409/943/274
f 5416/950/282 5417/951/282 5418/952/283
f 5418/952/283 5419/953/284 5416/950/282
f 5419/953/284 5418/952/283 5420/954/285
f 5420/954/286 5421/955/287 5419/953/2971
f 5421/955/287 5420/954/286 5422/956/288
f 5422/956/288 5423/957/289 5421/955/287
f 5423/957/289 5422/956/288 5424/958/290
f 5424/958/291 5425/959/292 5423/957/289
f 5425/959/293 5424/958/291 5426/960/294
f 5426/960/294 5427/961/295 5425/959/296
f 5428/962/297 5427/961/298 5426/960/294
f 5429/963/299 5422/956/288 5420/954/286
f 5422/956/288 5429/963/299 5430/964/300
f 5430/964/300 5424/958/291 5422/956/288
f 5424/958/290 5430/964/300 5431/965/301
f 5431/965/301 5426/960/294 5424/958/291
f 5432/966/302 5426/960/294 5431/965/301
f 5426/960/294 5432/966/302 5428/962/297
f 5420/954/285 5433/967/303 5429/963/299
f 5434/968/304 5429/963/299 5433/967/305
f 5429/963/299 5434/968/304 5435/969/306
f 5435/969/307 5430/964/300 5429/963/308
f 5430/964/300 5435/969/306 5436/970/309
f 5436/970/309 5431/965/301 5430/964/300
f 5437/971/310 5431/965/301 5436/970/309
f 5431/965/301 5437/971/311 5432/966/312
f 5433/967/303 5420/954/286 5438/972/313
f 5438/972/313 5439/973/314 5433/967/303
f 5440/974/315 5433/967/305 5439/973/316
f 5433/967/305 5440/974/315 5434/968/304
f 5441/975/317 5434/968/304 5440/974/315
f 5434/968/304 5441/975/317 5442/976/318
f 5442/976/319 5435/969/306 5434/968/304
f 5435/969/306 5442/976/319 5443/977/320
f 5443/977/320 5436/970/309 5435/969/306
f 5444/978/321 5436/970/309 5443/977/320
f 5436/970/309 5444/978/321 5437/971/311
f 5439/973/316 5445/979/322 5440/974/2972
f 5446/980/323 5440/974/315 5445/979/322
f 5440/974/315 5446/980/323 5441/975/317
f 5439/973/314 5447/981/325 5445/979/324
f 5443/977/320 5448/982/326 5444/978/321
f 5445/979/322 5449/983/327 5446/980/323
f 5449/983/328 5445/979/322 5450/984/329
f 5450/984/330 5451/985/331 5449/983/328
f 5451/985/331 5450/984/330 5452/986/332
f 5452/986/333 5453/987/334 5451/985/331
f 5453/987/334 5452/986/333 5454/988/336
f 5454/988/336 5455/989/337 5453/987/335
f 5455/989/337 5454/988/2973 5456/990/2974
f 5456/990/338 5457/991/339 5455/989/337
f 5452/986/332 5450/984/330 5458/992/340
f 5458/992/340 5459/993/2975 5452/986/332
f 5454/988/336 5452/986/333 5459/993/342
f 5459/993/342 5460/994/343 5454/988/336
f 5454/988/336 5460/994/348 5461/995/344
f 5461/995/345 5456/990/2974 5454/988/336
f 5459/993/342 5458/992/346 5462/996/346
f 5462/996/346 5463/997/347 5459/993/342
f 5460/994/348 5459/993/342 5463/997/347
f 5463/997/347 5464/998/349 5460/994/348
f 5460/994/348 5464/998/350 5465/999/351
f 5465/999/2976 5461/995/2977 5460/994/343
f 5466/1000/353 5467/1001/353 5468/1002/353
f 5468/1002/353 5469/1003/353 5466/1000/353
f 5469/1003/354 5468/1002/354 5470/1004/354
f 5470/1004/355 5471/1005/355 5469/1003/355
f 5472/1006/356 5471/1005/356 5470/1004/356
f 5471/1005/356 5472/1006/356 5473/1007/356
f 5473/1007/356 5474/1008/356 5471/1005/356
f 5471/1005/356 5474/1008/356 5475/1009/356
f 5475/1009/356 5474/1008/356 5476/1010/356
f 5476/1010/356 5477/1011/356 5475/1009/356
f 5470/1004/356 5478/1012/356 5472/1006/356
f 5479/1013/356 5472/1006/356 5478/1012/356
f 5472/1006/356 5479/1013/356 5480/1014/356
f 5480/1014/356 5473/1007/356 5472/1006/356
f 5473/1007/356 5480/1014/356 5481/1015/356
f 5481/1015/356 5482/1016/356 5473/1007/356
f 5473/1007/356 5482/1016/356 5474/1008/356
f 5478/1012/356 5483/1017/356 5479/1013/356
f 5484/1018/356 5479/1013/356 5483/1017/356
f 5479/1013/356 5484/1018/356 5485/1019/356
f 5485/1019/356 5480/1014/356 5479/1013/356
f 5480/1014/356 5485/1019/356 5486/1020/356
f 5486/1020/356 5481/1015/356 5480/1014/356
f 5481/1015/356 5486/1020/356 5487/1021/356
f 5487/1021/356 5488/1022/356 5481/1015/356
f 5482/1016/356 5481/1015/356 5488/1022/356
f 5483/1017/356 5489/1023/356 5484/1018/356
f 5484/1018/356 5489/1023/356 5490/1024/357
f 5490/1024/358 5491/1025/359 5484/1018/358
f 5491/1025/359 5490/1024/356 5492/1026/360
f 5492/1026/361 5493/1027/362 5491/1025/2978
f 5488/1022/356 5494/1028/356 5482/1016/356
f 5495/1029/356 5482/1016/356 5494/1028/356
f 5474/1008/356 5482/1016/356 5495/1029/356
f 5495/1029/356 5496/1030/356 5474/1008/356
f 5474/1008/356 5496/1030/356 5497/1031/356
f 5497/1031/356 5476/1010/356 5474/1008/356
f 5494/1028/356 5498/1032/356 5495/1029/356
f 5495/1029/356 5498/1032/356 5499/1033/356
f 5499/1033/356 5496/1030/356 5495/1029/356
f 5496/1030/356 5499/1033/356 5500/1034/356
f 5500/1034/356 5497/1031/356 5496/1030/356
f 5485/1019/356 5484/1018/356 5501/1035/356
f 5501/1035/356 5502/1036/356 5485/1019/356
f 5486/1020/356 5485/1019/356 5502/1036/356
f 5502/1036/356 5503/1037/356 5486/1020/356
f 5487/1021/356 5486/1020/356 5503/1037/356
f 5503/1037/356 5504/1038/356 5487/1021/356
f 5504/1038/356 5503/1037/356 5505/1039/356
f 5505/1039/356 5506/1040/356 5504/1038/356
f 5502/1036/356 5501/1035/356 5507/1041/356
f 5507/1041/356 5508/1042/356 5502/1036/356
f 5503/1037/356 5502/1036/356 5508/1042/356
f 5508/1042/356 5505/1039/356 5503/1037/356
f 5509/1043/363 5510/1044/363 5511/1045/364
f 5511/1045/363 5512/1046/363 5509/1043/363
f 5513/1047/363 5509/1043/363 5512/1046/363
f 5512/1046/363 5514/1048/365 5513/1047/363
f 5513/1047/363 5514/1048/365 5515/1049/366
f 5515/1049/2979 5516/1050/2980 5513/1047/2981
f 5512/1046/369 5511/1045/369 5517/1051/369
f 5517/1051/369 5518/1052/369 5512/1046/369
f 5514/1048/369 5512/1046/369 5518/1052/369
f 5518/1052/369 5519/1053/369 5514/1048/369
f 5515/1049/369 5514/1048/369 5519/1053/369
f 5519/1053/370 5520/1054/370 5515/1049/370
f 5521/1055/371 5522/1056/371 5523/1057/372
f 5523/1057/373 5524/1058/374 5521/1055/371
f 5524/1058/374 5523/1057/373 5525/1059/376
f 5525/1059/2982 5526/1060/377 5524/1058/378
f 5526/1060/377 5525/1059/2983 5527/1061/380
f 5527/1061/380 5528/1062/381 5526/1060/377
f 5529/1063/382 5526/1060/377 5528/1062/381
f 5526/1060/377 5529/1063/382 5530/1064/383
f 5530/1064/383 5531/1065/384 5526/1060/377
f 5528/1062/381 5527/1061/385 5532/1066/386
f 5532/1066/386 5533/1067/387 5528/1062/381
f 5534/1068/388 5528/1062/381 5533/1067/387
f 5528/1062/381 5534/1068/388 5529/1063/382
f 5535/1069/389 5529/1063/382 5534/1068/388
f 5529/1063/382 5535/1069/389 5536/1070/390
f 5536/1070/2984 5537/1071/392 5529/1063/382
f 5529/1063/382 5537/1071/393 5530/1064/383
f 5533/1067/387 5532/1066/386 5538/1072/394
f 5538/1072/394 5539/1073/395 5533/1067/387
f 5540/1074/396 5533/1067/387 5539/1073/397
f 5533/1067/387 5540/1074/396 5534/1068/388
f 5541/1075/398 5534/1068/388 5540/1074/396
f 5534/1068/388 5541/1075/398 5535/1069/389
f 5542/1076/399 5535/1069/389 5541/1075/398
f 5536/1070/402 5535/1069/400 5542/1076/399
f 5542/1076/399 5543/1077/2985 5536/1070/402
f 5536/1070/391 5543/1077/404 5544/1078/405
f 5544/1078/406 5545/1079/407 5536/1070/403
f 5546/1080/408 5539/1073/395 5538/1072/394
f 5539/1073/395 5546/1080/408 5547/1081/409
f 5547/1081/409 5548/1082/410 5539/1073/395
f 5539/1073/395 5548/1082/410 5540/1074/396
f 5549/1083/412 5540/1074/396 5548/1082/411
f 5540/1074/396 5549/1083/412 5541/1075/398
f 5550/1084/414 5541/1075/398 5549/1083/413
f 5541/1075/398 5550/1084/414 5542/1076/399
f 5538/1072/394 5551/1085/415 5546/1080/408
f 5549/1083/412 5552/1086/416 5550/1084/414
f 5552/1086/416 5549/1083/412 5553/1087/417
f 5553/1087/421 5554/1088/418 5552/1086/416
f 5555/1089/419 5554/1088/418 5553/1087/421
f 5553/1087/417 5556/1090/2986 5555/1089/419
f 5556/1090/420 5553/1087/417 5548/1082/411
f 5548/1082/411 5547/1081/409 5556/1090/420
f 5548/1082/410 5553/1087/421 5549/1083/413
f 5545/1079/426 5544/1078/406 5557/1091/423
f 5557/1091/2987 5558/1092/427 5545/1079/2988
f 5545/1079/426 5558/1092/424 5559/1093/428
f 5559/1093/429 5560/1094/430 5545/1079/431
f 5560/1094/432 5559/1093/429 5561/1095/433
f 5561/1095/433 5562/1096/432 5560/1094/432
f 5558/1092/427 5557/1091/423 5563/1097/435
f 5563/1097/434 5564/1098/436 5558/1092/424
f 5558/1092/424 5564/1098/436 5565/1099/437
f 5565/1099/437 5559/1093/438 5558/1092/424
f 5559/1093/439 5565/1099/440 5566/1100/441
f 5566/1100/441 5561/1095/442 5559/1093/428
f 5564/1098/2989 5563/1097/2990 5567/1101/2991
f 5567/1101/2992 5568/1102/2993 5564/1098/2994
f 5565/1099/437 5564/1098/2994 5568/1102/445
f 5568/1102/2995 5569/1103/2996 5565/1099/2997
f 5566/1100/2998 5565/1099/2997 5569/1103/2999
f 5569/1103/3000 5570/1104/3000 5566/1100/441
f 5571/1105/449 5572/1106/449 5573/1107/449
f 5573/1107/449 5574/1108/449 5571/1105/449
f 5575/1109/450 5576/1110/450 5577/1111/450
f 5577/1111/450 5578/1112/450 5575/1109/450
f 5579/1113/451 5580/1114/451 5581/1115/451
f 5581/1115/451 5582/1116/451 5579/1113/451
f 5583/1117/159 5584/1118/159 5585/1119/159
f 5585/1119/159 5586/1120/159 5583/1117/159
f 5587/1121/159 5583/1117/159 5586/1120/159
f 5586/1120/159 5588/1122/159 5587/1121/159
f 5588/1122/159 5586/1120/159 5589/1123/159
f 5589/1123/159 5590/1124/159 5588/1122/159
f 5586/1120/159 5585/1119/159 5591/1125/159
f 5591/1125/159 5589/1123/159 5586/1120/159
f 5592/1126/453 5593/1127/453 5594/1128/454
f 5594/1128/454 5595/1129/250 5592/1126/453
f 5595/1129/3001 5594/1128/454 5596/1130/452
f 5596/1130/452 5597/1131/452 5595/1129/455
f 5598/1132/456 5599/1133/456 5600/1134/457
f 5600/1134/457 5601/1135/3002 5598/1132/456
f 5601/1135/246 5600/1134/457 5602/1136/460
f 5602/1136/460 5603/1137/460 5601/1135/458
f 5604/1138/159 5605/1139/159 5606/1140/159
f 5606/1140/159 5607/1141/159 5604/1138/159
f 5608/1142/159 5604/1138/159 5607/1141/159
f 5607/1141/159 5609/1143/159 5608/1142/159
f 5609/1143/159 5607/1141/159 5610/1144/159
f 5610/1144/159 5611/1145/159 5609/1143/159
f 5607/1141/159 5606/1140/159 5612/1146/159
f 5612/1146/159 5610/1144/159 5607/1141/159
f 5613/1147/460 5614/1148/460 5615/1149/460
f 5615/1149/459 5616/1150/459 5613/1147/459
f 5617/1151/461 5618/1152/461 5619/1153/462
f 5619/1153/462 5620/1154/463 5617/1151/461
f 5620/1154/463 5619/1153/462 5621/1155/464
f 5621/1155/464 5622/1156/464 5620/1154/463
f 5623/1157/356 5624/1158/356 5625/1159/356
f 5625/1159/356 5626/1160/356 5623/1157/356
f 5626/1160/356 5625/1159/356 5627/1161/356
f 5627/1161/356 5628/1162/356 5626/1160/356
f 5629/1163/465 5630/1164/166 5631/1165/166
f 5631/1165/166 5632/1166/466 5629/1163/467
f 5633/1167/468 5629/1163/467 5632/1166/469
f 5632/1166/469 5634/1168/470 5633/1167/468
f 5635/1169/471 5633/1167/472 5634/1168/470
f 5633/1167/472 5635/1169/471 5636/1170/471
f 5636/1170/471 5637/1171/468 5633/1167/472
f 5633/1167/472 5637/1171/468 5638/1172/473
f 5638/1172/473 5639/1173/474 5633/1167/468
f 5639/1173/475 5638/1172/473 5640/1174/476
f 5640/1174/476 5641/1175/476 5639/1173/475
f 5634/1168/470 5642/1176/471 5635/1169/471
f 5643/1177/159 5644/1178/159 5645/1179/159
f 5645/1179/159 5646/1122/159 5643/1177/159
f 5643/1177/159 5646/1122/159 5647/1180/159
f 5647/1180/159 5648/1181/159 5643/1177/159
f 5648/1181/159 5647/1180/159 5649/1182/159
f 5649/1182/159 5650/1183/159 5648/1181/159
f 5646/1122/159 5645/1179/159 5651/1184/159
f 5651/1184/159 5652/1121/159 5646/1122/159
f 5653/1185/477 5654/1186/477 5655/1187/478
f 5655/1187/478 5656/1188/479 5653/1185/477
f 5656/1188/479 5655/1187/478 5657/1189/480
f 5657/1189/480 5658/1190/480 5656/1188/479
f 5659/1139/159 5660/1191/159 5661/1192/159
f 5661/1192/159 5662/1140/159 5659/1139/159
f 5662/1140/159 5661/1192/159 5663/1193/159
f 5663/1193/159 5664/1146/159 5662/1140/159
f 5662/1140/159 5664/1146/159 5665/1194/159
f 5665/1194/159 5666/1195/159 5662/1140/159
f 5666/1195/159 5665/1194/159 5667/1196/159
f 5667/1196/159 5668/1197/159 5666/1195/159
f 5669/1198/481 5670/1199/482 5671/1200/482
f 5671/1200/482 5672/1201/483 5669/1198/481
f 5669/1198/481 5672/1201/483 5673/1202/484
f 5673/1202/484 5674/1203/485 5669/1198/481
f 5674/1203/485 5673/1202/486 5675/1204/487
f 5675/1204/487 5676/1205/487 5674/1203/485
f 5672/1201/3003 5671/1200/482 5677/1206/482
f 5677/1206/482 5678/1207/488 5672/1201/483
f 5679/1208/489 5672/1201/483 5678/1207/490
f 5678/1207/491 5680/1209/492 5679/1208/489
f 5681/1210/169 5679/1208/493 5680/1209/492
f 5680/1209/492 5682/1211/169 5681/1210/169
f 5683/1212/356 5684/1213/356 5685/1214/356
f 5685/1214/356 5686/1215/356 5683/1212/356
f 5686/1215/356 5685/1214/356 5687/1216/356
f 5687/1216/356 5688/1217/356 5686/1215/356
f 5689/1218/494 5690/1219/495 5691/1220/496
f 5691/1220/497 5692/1221/497 5689/1218/497
f 5693/1222/498 5694/1223/498 5695/1224/498
f 5695/1224/160 5696/1225/160 5693/1222/160
f 5697/1226/499 5698/1227/499 5699/1228/499
f 5699/1228/500 5700/1229/501 5697/1226/500
f 5701/1230/502 5702/1231/502 5703/1232/502
f 5703/1232/502 5704/1233/502 5701/1230/502
f 5705/1234/503 5706/1235/503 5707/1236/504
f 5707/1236/3004 5708/1237/505 5705/1234/503
f 5709/1238/503 5705/1234/503 5708/1237/505
f 5708/1237/505 5710/1239/506 5709/1238/503
f 5710/1239/506 5708/1237/505 5711/1240/507
f 5711/1240/507 5712/1241/508 5710/1239/506
f 5708/1237/505 5707/1236/509 5713/1242/507
f 5713/1242/507 5711/1240/507 5708/1237/505
f 5714/1243/510 5711/1240/507 5713/1242/507
f 5711/1240/364 5714/1243/3005 5715/1244/511
f 5715/1244/511 5712/1241/508 5711/1240/364
f 5712/1241/508 5715/1244/511 5716/1245/512
f 5716/1245/512 5717/1246/514 5712/1241/515
f 5712/1241/508 5717/1246/514 5718/1247/516
f 5718/1247/516 5719/1248/516 5712/1241/508
f 5713/1242/507 5720/1249/276 5714/1243/3005
f 5721/1250/158 5714/1243/158 5720/1249/158
f 5714/1243/158 5721/1250/158 5722/1251/517
f 5722/1251/517 5715/1244/511 5714/1243/158
f 5715/1244/511 5722/1251/517 5723/1252/518
f 5723/1252/518 5716/1245/512 5715/1244/519
f 5716/1245/512 5723/1252/518 5724/1253/520
f 5724/1253/520 5725/1254/521 5716/1245/512
f 5717/1246/514 5716/1245/512 5725/1254/521
f 5725/1254/521 5726/1255/522 5717/1246/514
f 5720/1249/158 5727/1256/273 5721/1250/158
f 5728/1257/523 5721/1250/272 5727/1256/525
f 5721/1250/524 5728/1257/523 5729/1258/270
f 5729/1258/526 5722/1251/517 5721/1250/272
f 5722/1251/517 5729/1258/270 5730/1259/527
f 5730/1259/527 5723/1252/518 5722/1251/517
f 5723/1252/518 5730/1259/527 5731/1260/528
f 5731/1260/528 5724/1253/520 5723/1252/518
f 5724/1253/520 5731/1260/529 5732/1261/530
f 5732/1261/530 5733/1262/531 5724/1253/520
f 5725/1254/521 5724/1253/520 5733/1262/531
f 5727/1256/532 5734/1263/523 5728/1257/523
f 5728/1257/523 5734/1263/523 5735/1264/533
f 5735/1264/533 5736/1265/534 5728/1257/523
f 5729/1258/535 5728/1257/523 5736/1265/536
f 5736/1265/536 5737/1266/537 5729/1258/535
f 5737/1266/3006 5736/1265/536 5738/1267/538
f 5738/1267/538 5739/1268/538 5737/1266/537
f 5736/1265/536 5735/1264/533 5740/1269/538
f 5740/1269/538 5738/1267/538 5736/1265/536
f 5733/1262/539 5732/1261/540 5741/1270/3007
f 5741/1270/542 5742/1271/543 5733/1262/544
f 5743/1272/545 5733/1262/546 5742/1271/543
f 5733/1262/531 5743/1272/545 5725/1254/521
f 5726/1255/522 5725/1254/521 5743/1272/545
f 5743/1272/545 5744/1273/547 5726/1255/522
f 5744/1273/549 5743/1272/545 5745/1274/550
f 5745/1274/550 5746/1275/551 5744/1273/549
f 5742/1271/543 5741/1270/541 5747/1276/552
f 5747/1276/553 5748/1277/554 5742/1271/543
f 5745/1274/550 5742/1271/543 5748/1277/554
f 5742/1271/543 5745/1274/550 5743/1272/545
f 5748/1277/554 5747/1276/553 5749/1278/555
f 5749/1278/555 5750/1279/556 5748/1277/554
f 5751/1280/557 5748/1277/554 5750/1279/556
f 5748/1277/554 5751/1280/557 5745/1274/550
f 5746/1275/551 5745/1274/550 5751/1280/557
f 5751/1280/557 5752/1281/558 5746/1275/551
f 5752/1281/558 5751/1280/559 5753/1282/560
f 5753/1282/560 5754/1283/561 5752/1281/562
f 5750/1279/556 5753/1282/560 5751/1280/557
f 5730/1259/527 5729/1258/535 5755/1284/525
f 5755/1284/525 5756/1285/525 5730/1259/527
f 5757/1286/563 5758/1287/563 5759/1288/564
f 5759/1288/565 5760/1289/566 5757/1286/563
f 5760/1289/567 5759/1288/568 5761/1290/569
f 5761/1290/569 5762/1291/569 5760/1289/569
f 5763/1292/570 5764/1293/570 5765/1294/570
f 5765/1294/570 5766/1295/571 5763/1292/570
f 5766/1295/572 5765/1294/572 5767/1296/572
f 5767/1296/572 5768/1297/572 5766/1295/572
f 5769/1298/573 5770/1299/574 5771/1300/574
f 5771/1300/3008 5772/1301/575 5769/1298/3009
f 5773/1302/576 5769/1298/573 5772/1301/575
f 5772/1301/3010 5774/1303/581 5773/1302/576
f 5775/1304/3011 5773/1302/576 5774/1303/580
f 5774/1303/577 5776/1305/582 5775/1304/579
f 5777/1306/583 5778/1307/3012 5779/1308/3012
f 5779/1308/3012 5780/1309/3013 5777/1306/583
f 5781/1310/3014 5777/1306/3015 5780/1309/3016
f 5780/1309/3017 5782/1311/3018 5781/1310/3019
f 5783/1312/590 5781/1310/589 5782/1311/3020
f 5782/1311/3020 5784/1313/590 5783/1312/590
f 5785/1314/591 5786/1315/592 5787/1316/592
f 5787/1316/592 5788/1317/593 5785/1314/591
f 5785/1314/591 5788/1317/594 5789/1318/3021
f 5789/1318/596 5790/1319/597 5785/1314/591
f 5785/1314/591 5790/1319/597 5791/1320/598
f 5791/1320/598 5792/1321/598 5785/1314/591
f 5792/1321/598 5791/1320/598 5793/1322/598
f 5793/1322/598 5794/1323/598 5792/1321/598
f 5795/1324/356 5796/1325/356 5797/1326/353
f 5797/1326/353 5798/1327/599 5795/1324/356
f 5799/1328/600 5795/1324/600 5798/1327/601
f 5798/1327/599 5800/1329/599 5799/1328/600
f 5801/1330/602 5799/1328/602 5800/1329/603
f 5800/1329/601 5802/1331/601 5801/1330/602
f 5802/1331/604 5800/1329/604 5803/1332/604
f 5803/1332/605 5804/1333/605 5802/1331/604
f 5798/1327/601 5797/1326/606 5805/1334/607
f 5805/1334/608 5806/1335/609 5798/1327/599
f 5800/1329/610 5798/1327/610 5806/1335/611
f 5806/1335/609 5803/1332/612 5800/1329/599
f 5807/1336/613 5803/1332/614 5806/1335/615
f 5803/1332/616 5807/1336/617 5808/1337/617
f 5808/1337/617 5804/1333/612 5803/1332/618
f 5806/1335/615 5805/1334/607 5809/1338/620
f 5809/1338/621 5810/1339/622 5806/1335/611
f 5806/1335/615 5810/1339/622 5807/1336/613
f 5811/1340/3022 5812/1341/624 5813/1342/624
f 5813/1342/625 5814/1343/626 5811/1340/3022
f 5811/1340/623 5814/1343/626 5815/1344/627
f 5815/1344/627 5816/1345/627 5811/1340/623
f 5816/1345/627 5815/1344/627 5817/1346/627
f 5817/1346/627 5818/1347/627 5816/1345/627
f 5819/1348/628 5814/1343/626 5813/1342/629
f 5813/1342/630 5820/1349/630 5819/1348/630
f 5821/1350/631 5822/1351/631 5823/1352/631
f 5823/1352/631 5824/1353/631 5821/1350/631
f 5825/1354/632 5821/1350/632 5824/1353/632
f 5824/1353/632 5826/1355/633 5825/1354/632
f 5827/1356/634 5825/1354/634 5826/1355/633
f 5826/1355/633 5828/1357/633 5827/1356/634
f 5828/1357/635 5826/1355/636 5829/1358/635
f 5829/1358/635 5830/1359/635 5828/1357/635
f 5824/1353/636 5823/1352/637 5831/1360/159
f 5831/1360/159 5832/1361/159 5824/1353/636
f 5826/1355/636 5824/1353/636 5832/1361/638
f 5832/1361/638 5829/1358/638 5826/1355/636
f 5833/1362/639 5834/1363/639 5835/1364/639
f 5835/1364/639 5836/1365/639 5833/1362/639
f 5837/1366/639 5833/1362/639 5836/1365/639
f 5836/1365/639 5838/1367/639 5837/1366/639
f 5839/1368/639 5837/1366/639 5838/1367/639
f 5838/1367/639 5840/1369/639 5839/1368/639
f 5840/1369/640 5838/1367/640 5841/1370/640
f 5841/1370/640 5842/1371/640 5840/1369/640
f 5836/1365/639 5835/1364/641 5843/1372/641
f 5843/1372/641 5844/1373/641 5836/1365/641
f 5838/1367/641 5836/1365/641 5844/1373/641
f 5844/1373/642 5841/1370/642 5838/1367/642
f 5845/1374/643 5846/1375/644 5847/1376/644
f 5847/1376/644 5848/1377/644 5845/1374/648
f 5845/1374/643 5848/1377/645 5849/1378/645
f 5849/1378/645 5850/1379/649 5845/1374/643
f 5845/1374/648 5850/1379/647 5851/1380/502
f 5851/1380/502 5852/1381/502 5845/1374/648
f 5852/1381/160 5851/1380/160 5853/1382/160
f 5853/1382/160 5854/1383/160 5852/1381/160
f 5855/1384/650 5856/1385/651 5857/1386/651
f 5857/1386/651 5858/1387/650 5855/1384/650
f 5855/1384/652 5858/1387/652 5859/1388/653
f 5859/1388/653 5860/1389/653 5855/1384/358
f 5860/1389/654 5859/1388/655 5861/1390/654
f 5861/1390/654 5862/1391/654 5860/1389/654
f 5858/1387/650 5857/1386/651 5863/1392/656
f 5863/1392/656 5864/1393/353 5858/1387/657
f 5858/1387/650 5864/1393/658 5865/1394/653
f 5865/1394/653 5859/1388/653 5858/1387/650
f 5859/1388/358 5865/1394/358 5866/1395/358
f 5866/1395/659 5861/1390/659 5859/1388/659
f 5867/1396/651 5864/1393/353 5863/1392/651
f 5864/1393/353 5867/1396/660 5868/1397/653
f 5868/1397/653 5865/1394/653 5864/1393/653
f 5865/1394/358 5868/1397/358 5869/1398/358
f 5869/1398/358 5866/1395/358 5865/1394/358
f 5863/1392/661 5870/1399/661 5867/1396/662
f 5871/1400/663 5872/1401/3023 5873/1402/665
f 5873/1402/666 5874/1403/667 5871/1400/668
f 5871/1400/663 5874/1403/667 5875/1404/525
f 5875/1404/525 5876/1405/525 5871/1400/663
f 5876/1405/158 5875/1404/158 5877/1406/158
f 5877/1406/158 5878/1407/158 5876/1405/158
f 5879/1408/669 5874/1403/667 5873/1402/666
f 5873/1402/666 5880/1409/670 5879/1408/670
f 5881/1410/158 5882/1411/158 5883/1412/158
f 5883/1412/158 5884/1413/158 5881/1410/158
f 5885/1414/158 5881/1410/158 5884/1413/158
f 5884/1413/158 5886/1415/158 5885/1414/158
f 5887/1416/158 5885/1414/158 5886/1415/158
f 5886/1415/158 5888/1417/158 5887/1416/158
f 5889/1418/158 5887/1416/158 5888/1417/158
f 5884/1413/158 5883/1412/158 5890/763/158
f 5890/763/158 5891/1419/158 5884/1413/158
f 5891/1419/158 5890/763/158 5892/767/158
f 5892/767/158 5893/1420/158 5891/1419/158
f 5893/1420/158 5892/767/158 5894/1421/158
f 5894/1421/158 5895/1422/158 5893/1420/158
f 5895/1422/158 5894/1421/158 5896/1423/158
f 5896/1423/158 5897/1424/158 5895/1422/158
f 5898/1425/158 5895/1422/158 5897/1424/158
f 5897/1424/158 5899/1426/158 5898/1425/158
f 5900/1427/158 5898/1425/158 5899/1426/158
f 5899/1426/158 5901/1428/158 5900/1427/158
f 5902/1429/158 5900/1427/158 5901/1428/158
f 5901/1428/158 5903/1430/158 5902/1429/158
f 5904/1431/158 5902/1429/158 5903/1430/158
f 5903/1430/158 5905/1432/158 5904/1431/158
f 5906/1433/158 5904/1431/158 5905/1432/158
f 5905/1432/158 5907/1434/158 5906/1433/158
f 5908/1435/158 5906/1433/158 5907/1434/158
f 5907/1434/158 5909/1436/158 5908/1435/158
f 5910/1437/158 5908/1435/158 5909/1436/158
f 5909/1436/158 5911/1438/158 5910/1437/158
f 5912/1439/158 5910/1437/158 5911/1438/158
f 5911/1438/158 5913/1440/158 5912/1439/158
f 5914/1441/671 5912/1439/158 5913/1440/158
f 5913/1440/158 5915/1442/672 5914/1441/671
f 5916/1443/673 5914/1441/674 5915/1442/672
f 5914/1441/3024 5916/1443/675 5917/1444/676
f 5917/1444/676 5918/1445/677 5914/1441/671
f 5918/1445/677 5917/1444/676 5919/1446/677
f 5919/1446/677 5920/1447/677 5918/1445/677
f 5921/1448/678 5918/1445/677 5920/1447/677
f 5915/1442/672 5922/1449/679 5916/1443/673
f 5920/1447/677 5923/1450/680 5921/1448/678
f 5921/1448/681 5923/1450/680 5924/1451/682
f 5924/1451/683 5925/1452/684 5921/1448/3025
f 5925/1452/684 5924/1451/683 5926/1453/679
f 5926/1453/679 5927/1454/685 5925/1452/684
f 5928/1455/158 5925/1452/684 5927/1454/685
f 5927/1454/685 5929/1456/158 5928/1455/158
f 5930/1457/158 5928/1455/158 5929/1456/158
f 5929/1456/158 5931/1458/158 5930/1457/158
f 5932/1459/158 5930/1457/158 5931/1458/158
f 5931/1458/158 5933/1460/158 5932/1459/158
f 5934/1461/158 5932/1459/158 5933/1460/158
f 5933/1460/158 5935/1462/158 5934/1461/158
f 5936/1463/158 5934/1461/158 5935/1462/158
f 5935/1462/158 5937/1464/158 5936/1463/158
f 5938/1465/158 5936/1463/158 5937/1464/158
f 5937/1464/158 5889/1418/158 5938/1465/158
f 5888/1417/158 5938/1465/158 5889/1418/158
f 5939/1466/686 5940/1467/687 5941/1468/688
f 5941/1468/688 5942/1469/689 5939/1466/686
f 5943/1470/690 5939/1466/686 5942/1469/689
f 5942/1469/689 5944/1471/691 5943/1470/692
f 5943/1470/692 5944/1471/693 5945/1472/3026
f 5945/1472/3026 5946/1473/695 5943/1470/692
f 5947/1474/696 5946/1473/697 5945/1472/698
f 5942/1469/3027 5941/1468/699 5948/1475/700
f 5948/1475/700 5949/1476/702 5942/1469/689
f 5944/1471/691 5942/1469/689 5949/1476/702
f 5949/1476/702 5950/1477/693 5944/1471/693
f 5944/1471/693 5950/1477/693 5951/1478/703
f 5951/1478/3028 5945/1472/694 5944/1471/693
f 5952/1479/704 5945/1472/694 5951/1478/703
f 5945/1472/694 5952/1479/704 5947/1474/705
f 5953/1480/265 5947/1474/706 5952/1479/704
f 5952/1479/704 5954/1481/707 5953/1480/246
f 5953/1480/246 5954/1481/707 5955/1482/707
f 5955/1482/707 5956/1483/708 5953/1480/246
f 5953/1480/458 5956/1483/708 5957/1484/709
f 5957/1484/709 5958/1485/695 5953/1480/710
f 5951/1478/703 5959/1486/711 5952/1479/704
f 5954/1481/156 5952/1479/704 5959/1486/711
f 5959/1486/711 5960/1487/712 5954/1481/156
f 5955/1482/156 5954/1481/156 5960/1487/712
f 5960/1487/712 5961/1488/713 5955/1482/156
f 5956/1483/708 5955/1482/156 5961/1488/713
f 5961/1488/713 5962/1489/460 5956/1483/708
f 5956/1483/708 5962/1489/708 5963/1490/714
f 5963/1490/714 5957/1484/715 5956/1483/708
f 5957/1484/3029 5963/1490/3030 5964/1491/716
f 5964/1491/716 5965/1492/717 5957/1484/709
f 5957/1484/3029 5965/1492/3031 5966/1493/3029
f 5966/1493/709 5958/1485/695 5957/1484/709
f 5961/1488/718 5960/1487/719 5967/1494/720
f 5967/1494/721 5968/1495/722 5961/1488/723
f 5968/1495/724 5967/1494/725 5969/1496/726
f 5969/1496/726 5970/1497/727 5968/1495/724
f 5970/1497/728 5969/1496/726 5971/1498/729
f 5971/1498/729 5972/1499/730 5970/1497/727
f 5970/1497/727 5972/1499/730 5973/1500/731
f 5973/1500/732 5974/1501/732 5970/1497/3032
f 5975/1502/733 5971/1498/729 5969/1496/726
f 5969/1496/726 5976/1503/734 5975/1502/735
f 5977/1504/736 5966/1493/709 5965/1492/717
f 5965/1492/717 5978/1505/737 5977/1504/736
f 5979/1506/738 5977/1504/736 5978/1505/737
f 5978/1505/3033 5980/1507/739 5979/1506/738
f 5980/1507/739 5978/1505/737 5981/1508/742
f 5981/1508/743 5982/1509/744 5980/1507/739
f 5978/1505/737 5965/1492/717 5964/1491/716
f 5964/1491/3034 5981/1508/742 5978/1505/737
f 5983/1510/745 5984/1511/3035 5985/1512/747
f 5985/1512/3036 5986/1513/748 5983/1510/749
f 5987/1514/750 5983/1510/745 5986/1513/748
f 5986/1513/748 5988/1515/751 5987/1514/750
f 5987/1514/750 5988/1515/751 5989/1516/753
f 5989/1516/752 5990/1517/755 5987/1514/750
f 5990/1517/755 5989/1516/752 5991/1518/3037
f 5991/1518/756 5992/1519/757 5990/1517/755
f 5986/1513/748 5985/1512/758 5993/1520/759
f 5993/1520/759 5994/1521/760 5986/1513/748
f 5988/1515/751 5986/1513/748 5994/1521/760
f 5994/1521/760 5995/1522/761 5988/1515/751
f 5988/1515/3038 5995/1522/761 5996/1523/3039
f 5996/1523/762 5989/1516/752 5988/1515/751
f 5989/1516/752 5996/1523/762 5997/1524/763
f 5997/1524/763 5991/1518/756 5989/1516/752
f 5991/1518/756 5997/1524/763 5998/1525/764
f 5998/1525/765 5999/1526/766 5991/1518/756
f 5991/1518/756 5999/1526/767 5992/1519/757
f 6000/1527/768 6001/1528/769 6002/1529/770
f 6002/1529/771 6003/1530/772 6000/1527/768
f 6004/1531/773 6000/1527/774 6003/1530/3040
f 6003/1530/772 6005/1532/775 6004/1531/773
f 6004/1531/773 6005/1532/3041 6006/1533/777
f 6006/1533/781 6007/1534/3042 6004/1531/773
f 6008/1535/779 6007/1534/780 6006/1533/781
f 6003/1530/772 6002/1529/770 6009/1536/782
f 6009/1536/782 6010/1537/783 6003/1530/772
f 6005/1532/775 6003/1530/772 6010/1537/784
f 6010/1537/784 6011/1538/785 6005/1532/775
f 6005/1532/776 6011/1538/786 6012/1539/787
f 6012/1539/788 6006/1533/777 6005/1532/776
f 6013/1540/790 6006/1533/781 6012/1539/788
f 6006/1533/777 6013/1540/789 6008/1535/779
f 6014/1541/791 6008/1535/779 6013/1540/789
f 6013/1540/790 6015/1542/792 6014/1541/792
f 6015/1542/793 6013/1540/789 6016/1543/794
f 6012/1539/788 6016/1543/794 6013/1540/789
f 6017/1544/795 6018/1545/796 6019/1546/797
f 6019/1546/797 6020/1547/798 6017/1544/795
f 6021/1548/799 6017/1544/795 6020/1547/798
f 6020/1547/800 6022/1549/801 6021/1548/799
f 6023/1550/802 6024/1551/803 6025/1552/804
f 6025/1552/804 6026/1553/805 6023/1550/802
f 6027/1554/806 6023/1550/3043 6026/1553/805
f 6026/1553/805 6028/1555/807 6027/1554/808
f 6029/1556/809 6030/1557/810 6031/1558/811
f 6031/1558/812 6032/1559/813 6029/1556/809
f 6033/1560/814 6029/1556/809 6032/1559/813
f 6032/1559/813 6034/1561/815 6033/1560/814
f 6034/1561/815 6032/1559/813 6035/1562/816
f 6035/1562/816 6036/1563/817 6034/1561/815
f 6036/1563/3044 6035/1562/818 6037/1564/819
f 6037/1564/820 6038/1565/821 6036/1563/817
f 6032/1559/822 6031/1558/812 6039/1566/823
f 6039/1566/823 6035/1562/824 6032/1559/813
f 6035/1562/816 6039/1566/826 6040/1567/3045
f 6040/1567/827 6037/1564/828 6035/1562/829
f 6041/1568/3046 6042/1569/831 6043/1570/832
f 6043/1570/832 6044/1571/833 6041/1568/830
f 6045/1572/834 6041/1568/830 6044/1571/833
f 6044/1571/833 6046/1573/835 6045/1572/836
f 6046/1573/835 6044/1571/833 6047/1574/837
f 6047/1574/837 6048/1575/838 6046/1573/835
f 6048/1575/838 6047/1574/837 6049/1576/839
f 6049/1576/839 6050/1577/827 6048/1575/838
f 6044/1571/833 6043/1570/3047 6051/1578/840
f 6051/1578/840 6047/1574/837 6044/1571/3048
f 6047/1574/837 6051/1578/840 6052/1579/842
f 6052/1579/843 6049/1576/839 6047/1574/837
f 6053/1580/844 6054/1581/3049 6055/1582/846
f 6055/1582/846 6056/1583/847 6053/1580/844
f 6057/1584/3050 6053/1580/844 6056/1583/847
f 6056/1583/849 6058/1585/850 6057/1584/848
f 6057/1584/848 6058/1585/850 6059/1586/851
f 6059/1586/855 6058/1585/850 6060/1587/852
f 6060/1587/853 6061/1588/854 6059/1586/855
f 6062/1589/856 6061/1588/854 6060/1587/852
f 6056/1583/849 6055/1582/857 6063/1590/858
f 6063/1590/859 6064/1591/860 6056/1583/847
f 6058/1585/3051 6056/1583/847 6064/1591/860
f 6064/1591/860 6065/1592/3052 6058/1585/850
f 6060/1587/852 6058/1585/850 6065/1592/861
f 6065/1592/861 6066/1593/862 6060/1587/3053
f 6067/1594/863 6060/1587/852 6066/1593/864
f 6060/1587/865 6067/1594/863 6062/1589/856
f 6068/1595/866 6062/1589/856 6067/1594/867
f 6069/1596/868 6063/1590/869 6055/1582/846
f 6055/1582/846 6070/1597/870 6069/1596/868
f 6071/1598/871 6069/1596/872 6070/1597/870
f 6070/1597/870 6072/1599/873 6071/1598/874
f 6073/1600/878 6071/1598/871 6072/1599/876
f 6072/1599/873 6074/1601/877 6073/1600/875
f 6075/1602/880 6073/1600/878 6074/1601/877
f 6074/1601/877 6067/1594/3054 6075/1602/880
f 6066/1593/3055 6075/1602/3055 6067/1594/3054
f 6076/1603/3056 6072/1599/876 6070/1597/870
f 6072/1599/876 6076/1603/881 6077/1604/882
f 6077/1604/882 6074/1601/877 6072/1599/876
f 6074/1601/877 6077/1604/882 6068/1595/866
f 6068/1595/3057 6067/1594/863 6074/1601/3058
f 6070/1597/870 6078/1605/884 6076/1603/881
f 6079/1606/885 6080/1607/886 6081/1608/887
f 6081/1608/887 6082/1609/888 6079/1606/885
f 6083/1610/890 6079/1606/885 6082/1609/888
f 6082/1609/891 6084/1611/892 6083/1610/890
f 6084/1611/892 6082/1609/888 6085/1612/893
f 6085/1612/895 6086/1613/894 6084/1611/892
f 6086/1613/894 6085/1612/3059 6087/1614/896
f 6087/1614/897 6088/1615/898 6086/1613/894
f 6082/1609/891 6081/1608/887 6089/1616/899
f 6089/1616/900 6085/1612/895 6082/1609/888
f 6085/1612/893 6089/1616/901 6090/1617/902
f 6090/1617/902 6087/1614/896 6085/1612/893
f 6091/1618/3060 6092/1619/3061 6093/1620/905
f 6093/1620/905 6094/1621/908 6091/1618/903
f 6095/1622/907 6091/1618/903 6094/1621/908
f 6094/1621/908 6096/1623/909 6095/1622/907
f 6096/1623/909 6094/1621/908 6097/1624/910
f 6097/1624/910 6098/1625/3062 6096/1623/909
f 6098/1625/911 6097/1624/910 6099/1626/912
f 6099/1626/912 6100/1627/913 6098/1625/911
f 6094/1621/3063 6093/1620/905 6101/1628/914
f 6101/1628/914 6097/1624/910 6094/1621/906
f 6097/1624/910 6101/1628/914 6102/1629/915
f 6102/1629/3064 6099/1626/3065 6097/1624/910
f 6103/1630/356 6104/1631/356 6105/1632/356
f 6105/1632/356 6106/1633/356 6103/1630/356
f 6106/1633/356 6105/1632/356 6107/1634/356
f 6107/1634/356 6108/1635/356 6106/1633/356
f 6108/1635/356 6107/1634/356 6109/1636/356
f 6109/1636/916 6110/1637/916 6108/1635/916
f 6111/1638/356 6112/1639/356 6113/1640/356
f 6113/1640/356 6114/1641/356 6111/1638/356
f 6115/1642/356 6111/1638/356 6114/1641/356
f 6114/1641/356 6116/1643/356 6115/1642/356
f 6117/1644/356 6115/1642/356 6116/1643/356
f 6116/1643/356 6118/1645/356 6117/1644/356
f 6118/1645/356 6116/1643/356 6119/1646/917
f 6119/1646/917 6120/1647/356 6118/1645/356
f 6114/1641/356 6113/1640/356 6121/1648/356
f 6121/1648/356 6122/1649/918 6114/1641/356
f 6116/1643/356 6114/1641/356 6122/1649/919
f 6122/1649/918 6119/1646/917 6116/1643/356
f 6123/1650/920 6119/1646/921 6122/1649/918
f 6119/1646/3066 6123/1650/923 6124/1651/924
f 6124/1651/925 6125/1652/916 6119/1646/917
f 6120/1647/916 6119/1646/921 6125/1652/916
f 6125/1652/356 6126/1653/356 6120/1647/356
f 6122/1649/918 6121/1648/356 6127/1654/356
f 6127/1654/916 6128/1655/926 6122/1649/918
f 6122/1649/918 6128/1655/927 6123/1650/928
f 6129/1656/356 6130/1657/356 6131/1658/356
f 6131/1658/356 6132/1659/356 6129/1656/356
f 6132/1659/356 6131/1658/356 6133/1660/356
f 6133/1660/356 6134/1661/356 6132/1659/356
f 6134/1661/356 6133/1660/356 6135/1662/356
f 6135/1662/356 6136/1663/356 6134/1661/356
f 6137/1664/159 6138/1665/159 6139/1666/159
f 6139/1666/159 6140/1667/159 6137/1664/159
f 6140/1667/159 6139/1666/159 6141/1668/159
f 6141/1668/159 6142/1669/159 6140/1667/159
f 6142/1669/159 6141/1668/159 6143/1670/159
f 6143/1670/159 6144/1671/159 6142/1669/159
f 6145/1672/930 6146/1673/930 6147/1674/930
f 6147/1674/930 6148/1675/930 6145/1672/930
f 6148/1675/930 6147/1674/930 6149/1676/930
f 6149/1676/930 6150/1677/930 6148/1675/930
f 6150/1677/930 6149/1676/930 6151/1678/930
f 6151/1678/3067 6152/1679/3067 6150/1677/3067
f 6153/1680/933 6154/1681/933 6155/1682/933
f 6155/1682/932 6156/1683/932 6153/1680/932
f 6156/1683/932 6155/1682/932 6157/1684/932
f 6157/1684/3068 6158/1685/3068 6156/1683/3068
f 6158/1685/934 6157/1684/934 6159/1686/934
f 6159/1686/932 6160/1687/932 6158/1685/932
f 6161/1688/159 6162/1689/159 6163/1690/159
f 6163/1690/159 6164/1691/159 6161/1688/159
f 6164/1691/159 6163/1690/159 6165/1692/159
f 6165/1692/159 6166/1693/159 6164/1691/159
f 6166/1693/159 6165/1692/159 6167/1694/159
f 6167/1694/159 6168/1695/159 6166/1693/159
f 6169/1696/935 6170/1697/3069 6171/1698/937
f 6171/1698/937 6172/1699/938 6169/1696/939
f 6173/1700/940 6169/1696/939 6172/1699/941
f 6172/1699/938 6174/1701/942 6173/1700/943
f 6174/1701/944 6172/1699/941 6175/1702/945
f 6175/1702/945 6176/1703/946 6174/1701/944
f 6172/1699/941 6171/1698/937 6177/1704/947
f 6177/1704/947 6175/1702/945 6172/1699/941
f 6175/1702/945 6177/1704/947 6178/1705/948
f 6178/1705/948 6179/1706/949 6175/1702/945
f 6176/1703/950 6175/1702/945 6179/1706/949
f 6179/1706/949 6180/1707/951 6176/1703/946
f 6181/1708/952 6176/1703/946 6180/1707/951
f 6180/1707/953 6182/1709/954 6181/1708/952
f 6183/1710/955 6181/1708/952 6182/1709/954
f 6182/1709/954 6184/1711/956 6183/1710/955
f 6185/1712/958 6183/1710/955 6184/1711/956
f 6183/1710/955 6185/1712/958 6186/1713/959
f 6186/1713/959 6187/1714/960 6183/1710/955
f 6183/1710/961 6187/1714/1007 6188/1715/964
f 6188/1715/963 6189/1716/3070 6183/1710/3071
f 6184/1711/956 6190/1717/966 6185/1712/967
f 6191/1718/968 6185/1712/967 6190/1717/969
f 6190/1717/969 6192/1719/970 6191/1718/968
f 6193/1720/971 6191/1718/968 6192/1719/972
f 6192/1719/973 6194/1721/974 6193/1720/971
f 6195/1722/975 6193/1720/971 6194/1721/976
f 6194/1721/974 6196/1723/977 6195/1722/975
f 6197/1724/978 6195/1722/975 6196/1723/977
f 6195/1722/975 6197/1724/978 6198/1725/979
f 6198/1725/979 6199/1726/980 6195/1722/975
f 6199/1726/980 6198/1725/979 6200/1727/981
f 6200/1727/981 6201/1728/982 6199/1726/980
f 6196/1723/977 6202/1729/983 6197/1724/978
f 6203/1730/984 6197/1724/978 6202/1729/985
f 6197/1724/978 6203/1730/984 6204/1731/986
f 6204/1731/986 6198/1725/979 6197/1724/978
f 6198/1725/979 6204/1731/986 6205/1732/987
f 6205/1732/3072 6200/1727/981 6198/1725/979
f 6202/1729/985 6206/1733/988 6203/1730/984
f 6207/1734/990 6203/1730/989 6206/1733/988
f 6203/1730/984 6207/1734/3073 6208/1735/991
f 6208/1735/991 6204/1731/986 6203/1730/989
f 6204/1731/986 6208/1735/991 6209/1736/992
f 6209/1736/992 6205/1732/987 6204/1731/986
f 6206/1733/988 6210/1737/990 6207/1734/990
f 6211/1738/993 6188/1715/963 6187/1714/994
f 6187/1714/994 6212/1739/995 6211/1738/993
f 6213/1740/996 6211/1738/993 6212/1739/997
f 6212/1739/997 6214/1741/998 6213/1740/999
f 6215/1740/1004 6213/1740/996 6214/1741/998
f 6214/1741/998 6216/1741/1161 6215/1740/1002
f 6217/1742/1003 6215/1740/1004 6216/1741/1005
f 6218/1743/1008 6212/1739/995 6187/1714/960
f 6187/1714/1007 6186/1713/959 6218/1743/1008
f 6219/1744/1009 6220/1745/1010 6221/1746/1011
f 6221/1746/1012 6222/1747/1013 6219/1744/1009
f 6223/1748/1014 6219/1744/1009 6222/1747/1013
f 6222/1747/1013 6224/1749/1015 6223/1748/1016
f 6224/1749/1015 6222/1747/1013 6225/1750/1018
f 6225/1750/1021 6226/1751/3074 6224/1749/1015
f 6222/1747/1013 6221/1746/1012 6227/1752/1020
f 6227/1752/1020 6225/1750/1018 6222/1747/1013
f 6228/1753/3075 6229/1754/1023 6230/1755/1024
f 6230/1755/1024 6231/1756/1025 6228/1753/1022
f 6232/1757/1026 6228/1753/1022 6231/1756/1025
f 6231/1756/1025 6233/1758/1027 6232/1757/1026
f 6234/1759/1028 6232/1757/1026 6233/1758/1027
f 6233/1758/1027 6235/1760/1029 6234/1759/1028
f 6235/1760/1029 6233/1758/1027 6236/1761/1030
f 6236/1761/3076 6237/1762/1031 6235/1760/1029
f 6231/1756/1025 6230/1755/1024 6238/1763/1032
f 6238/1763/1033 6239/1764/1034 6231/1756/1025
f 6233/1758/3077 6231/1756/1025 6239/1764/3078
f 6239/1764/1034 6236/1761/1030 6233/1758/1027
f 6240/1765/159 6241/1766/159 6242/1767/159
f 6242/1767/159 6243/1768/159 6240/1765/159
f 6240/1765/159 6243/1768/159 6244/1769/159
f 6244/1769/159 6245/1770/159 6240/1765/159
f 6245/1770/159 6244/1769/159 6246/1771/159
f 6246/1771/159 6247/1772/159 6245/1770/159
f 6243/1768/635 6242/1767/635 6248/1773/635
f 6248/1773/159 6249/1774/159 6243/1768/159
f 6243/1768/159 6249/1774/159 6250/1775/159
f 6250/1775/635 6244/1769/635 6243/1768/635
f 6244/1769/159 6250/1775/159 6251/1776/159
f 6251/1776/635 6246/1771/635 6244/1769/635
f 6249/1774/159 6248/1773/159 6252/1777/159
f 6252/1777/1035 6253/1778/1035 6249/1774/1035
f 6249/1774/1035 6253/1778/1035 6254/1779/1035
f 6254/1779/159 6250/1775/159 6249/1774/159
f 6250/1775/1035 6254/1779/1035 6255/1780/1035
f 6255/1780/159 6251/1776/159 6250/1775/159
f 6256/1781/1036 6257/1782/1037 6258/1783/1038
f 6258/1783/1038 6259/1784/1039 6256/1781/1036
f 6260/1785/1040 6256/1781/1036 6259/1784/1039
f 6259/1784/1041 6261/1786/1042 6260/1785/1043
f 6262/1787/1044 6260/1785/1040 6261/1786/1045
f 6261/1786/1042 6263/1788/1046 6262/1787/1047
f 6263/1788/1046 6261/1786/1052 6264/1789/1048
f 6264/1789/3079 6265/1790/1049 6263/1788/1046
f 6259/1784/3080 6258/1783/1038 6266/1791/3081
f 6266/1791/1050 6267/1792/1051 6259/1784/1041
f 6261/1786/1045 6259/1784/1041 6267/1792/1051
f 6267/1792/1051 6264/1789/1048 6261/1786/1052
f 6268/1793/1053 6269/1794/1054 6270/1795/1055
f 6270/1795/1056 6271/1796/1057 6268/1793/1053
f 6272/1797/1058 6268/1793/1053 6271/1796/1057
f 6271/1796/1057 6273/1798/1059 6272/1797/1058
f 6273/1798/1059 6271/1796/1057 6274/1799/1060
f 6274/1799/1060 6275/1800/3082 6273/1798/1059
f 6271/1796/1057 6270/1795/1056 6276/1801/3083
f 6276/1801/1063 6274/1799/1064 6271/1796/3084
f 6277/1802/1069 6278/1803/3085 6279/1804/1067
f 6279/1804/3086 6280/1805/1068 6277/1802/1065
f 6281/1806/1070 6277/1802/1069 6280/1805/1068
f 6280/1805/1068 6282/1807/1071 6281/1806/1072
f 6283/1808/1073 6281/1806/3087 6282/1807/1071
f 6282/1807/1071 6284/1809/3088 6283/1808/1073
f 6284/1809/1074 6282/1807/3089 6285/1810/1075
f 6285/1810/1075 6286/1811/1076 6284/1809/1077
f 6280/1805/1068 6279/1804/1078 6287/1812/1079
f 6287/1812/1080 6288/1813/1081 6280/1805/1068
f 6282/1807/1071 6280/1805/1068 6288/1813/1081
f 6288/1813/1081 6285/1810/1075 6282/1807/1071
f 6285/1810/1075 6288/1813/1081 6289/1814/1092
f 6289/1814/1082 6290/1815/1083 6285/1810/1075
f 6286/1811/1084 6285/1810/1075 6290/1815/1083
f 6290/1815/1083 6291/1816/1085 6286/1811/1076
f 6292/1817/1086 6286/1811/1076 6291/1816/1085
f 6291/1816/1085 6293/1818/1087 6292/1817/1088
f 6294/1819/1089 6292/1817/1086 6293/1818/1087
f 6288/1813/1090 6287/1812/1080 6295/1820/3090
f 6295/1820/1091 6289/1814/1092 6288/1813/1090
f 6293/1818/1087 6296/1821/1093 6294/1819/1089
f 6297/1822/1094 6294/1819/1089 6296/1821/1095
f 6296/1821/1096 6298/1823/1097 6297/1822/1094
f 6299/1824/1098 6297/1822/1094 6298/1823/1097
f 6297/1822/1094 6299/1824/3091 6300/1825/1099
f 6300/1825/1100 6301/1826/1101 6297/1822/3092
f 6301/1826/1101 6300/1825/1100 6302/1827/1102
f 6302/1827/1102 6303/1828/1104 6301/1826/1101
f 6298/1823/1097 6304/1829/1105 6299/1824/3091
f 6305/1830/1106 6299/1824/1098 6304/1829/1107
f 6304/1829/1105 6306/1831/1108 6305/1830/1106
f 6307/1832/1109 6305/1830/1106 6306/1831/1110
f 6306/1831/1108 6308/1833/1111 6307/1832/1109
f 6309/1834/1112 6307/1832/1109 6308/1833/1111
f 6307/1832/1109 6309/1834/1113 6310/1835/1114
f 6310/1835/1114 6311/1836/1115 6307/1832/1116
f 6311/1836/3093 6310/1835/1114 6312/1837/1117
f 6312/1837/1118 6313/1838/1119 6311/1836/1115
f 6308/1833/1120 6314/1839/1121 6309/1834/3094
f 6315/1840/1122 6309/1834/1112 6314/1839/1121
f 6309/1834/1112 6315/1840/1122 6316/1841/1123
f 6316/1841/1123 6310/1835/1114 6309/1834/1113
f 6310/1835/1114 6316/1841/1123 6317/1842/1124
f 6317/1842/1125 6312/1837/1118 6310/1835/1114
f 6314/1839/1126 6318/1843/1127 6315/1840/1122
f 6300/1825/3095 6299/1824/1098 6319/1844/1128
f 6319/1844/1128 6320/1845/1129 6300/1825/1100
f 6302/1827/1103 6300/1825/1100 6320/1845/1129
f 6320/1845/1129 6321/1846/1130 6302/1827/1131
f 6322/1847/1132 6302/1827/3096 6321/1846/1130
f 6321/1846/1133 6323/1848/1134 6322/1847/1132
f 6324/1847/1135 6322/1847/1132 6323/1848/1134
f 6323/1848/1134 6325/1848/1136 6324/1847/1135
f 6326/1849/1140 6324/1847/1135 6325/1848/1138
f 6327/1850/3097 6324/1847/3098 6326/1849/1143
f 6326/1849/1140 6328/1851/3099 6327/1850/1142
f 6325/1848/1138 6329/1852/1138 6326/1849/1143
f 6330/1853/1144 6326/1849/1137 6329/1852/1146
f 6329/1852/1138 6331/1854/1147 6330/1853/1144
f 6332/1855/1148 6330/1853/1149 6331/1854/3100
f 6331/1854/1147 6333/1856/1151 6332/1855/1152
f 6334/1857/1153 6332/1855/1152 6333/1856/1151
f 6333/1856/1151 6335/1858/3101 6334/1857/1153
f 6336/1857/1155 6334/1857/1153 6335/1858/1154
f 6335/1858/1154 6337/1858/1155 6336/1857/1155
f 6216/1741/1005 6338/1859/1158 6339/1860/1159
f 6339/1860/1159 6340/1861/1160 6216/1741/1161
f 6216/1741/1005 6340/1861/1162 6217/1742/1003
f 6341/1862/1163 6217/1742/1003 6340/1861/1160
f 6340/1861/1162 6342/1863/1164 6341/1862/1163
f 6343/1864/1165 6341/1862/1163 6342/1863/1166
f 6342/1863/1164 6344/1865/3102 6343/1864/1165
f 6345/1866/1168 6343/1864/1165 6344/1865/1167
f 6344/1865/3102 6346/1867/1169 6345/1866/3103
f 6347/1866/3104 6345/1866/3103 6346/1867/3105
f 6346/1867/1169 6348/1867/1170 6347/1866/1170
f 6349/1868/1172 6350/1869/1173 6351/1870/1174
f 6351/1870/1174 6352/1871/1175 6349/1868/1172
f 6353/1872/1176 6349/1868/1172 6352/1871/1177
f 6352/1871/1175 6354/1873/1181 6353/1872/1179
f 6045/1572/836 6353/1872/1176 6354/1873/1180
f 6354/1873/1181 6355/1874/1182 6045/1572/1183
f 6356/1875/1184 6355/1874/1182 6354/1873/1178
f 6357/1876/1185 6352/1871/1177 6351/1870/1174
f 6352/1871/1175 6357/1876/1185 6358/1877/1186
f 6358/1877/1186 6354/1873/1187 6352/1871/1175
f 6354/1873/1181 6358/1877/1186 6356/1875/3106
f 6356/1875/1184 6358/1877/1186 6359/1878/1188
f 6359/1878/1188 6360/1879/1189 6356/1875/1184
f 6360/1879/1192 6359/1878/1188 6361/1880/3107
f 6361/1880/1190 6362/1881/1191 6360/1879/1192
f 6351/1870/1174 6363/1882/1193 6357/1876/1194
f 6357/1876/1194 6363/1882/1193 6364/1883/1195
f 6364/1883/1195 6365/1884/1196 6357/1876/1194
f 6358/1877/1197 6357/1876/1185 6365/1884/1198
f 6365/1884/1198 6359/1878/1199 6358/1877/1186
f 6359/1878/1188 6365/1884/1196 6366/1885/1200
f 6366/1885/1201 6361/1880/1190 6359/1878/1188
f 6361/1880/1190 6366/1885/1201 6367/1886/1202
f 6367/1886/1203 6368/1887/1204 6361/1880/1190
f 6362/1881/1191 6361/1880/1190 6368/1887/1204
f 6368/1887/1204 6030/1557/3108 6362/1881/1191
f 6365/1884/1196 6364/1883/1206 6369/1888/1207
f 6369/1888/1207 6366/1885/1200 6365/1884/1196
f 6366/1885/1208 6369/1888/1207 6370/1889/1209
f 6370/1889/1209 6367/1886/1202 6366/1885/1201
f 6371/1890/1210 6372/1891/1211 6373/1892/1212
f 6373/1892/1212 6374/1893/1213 6371/1890/1210
f 6375/1894/1214 6371/1890/1210 6374/1893/1213
f 6374/1893/1213 6376/1895/1215 6375/1894/1214
f 6377/1896/1218 6375/1894/1214 6376/1895/1215
f 6376/1895/1215 6378/1897/1217 6377/1896/1218
f 6378/1897/1217 6376/1895/1215 6379/1898/1219
f 6379/1898/1220 6380/1899/1221 6378/1897/1217
f 6374/1893/1213 6373/1892/3109 6381/1900/1222
f 6381/1900/1222 6382/1901/1224 6374/1893/1213
f 6376/1895/1215 6374/1893/1213 6382/1901/1224
f 6382/1901/1224 6379/1898/1219 6376/1895/1215
f 6383/1902/1225 6384/1903/1226 6385/1904/1227
f 6385/1904/1228 6386/1905/1229 6383/1902/1225
f 6383/1902/1225 6386/1905/1229 6387/1906/1230
f 6387/1906/1231 6388/1907/1232 6383/1902/1225
f 6388/1907/1233 6387/1906/1234 6389/1908/1235
f 6389/1908/1236 6390/1909/1237 6388/1907/1232
f 6386/1905/1238 6385/1904/1239 6391/1450/1240
f 6391/1450/1240 6392/1447/1240 6386/1905/1238
f 6386/1905/1241 6392/1447/1240 6393/1446/1240
f 6393/1446/1240 6387/1906/1242 6386/1905/1241
f 6387/1906/1240 6393/1446/1240 6394/1444/1240
f 6394/1444/1240 6389/1908/1236 6387/1906/1240
f 6395/1910/1243 6396/1911/1244 6397/1912/1245
f 6397/1912/1246 6398/1913/1247 6395/1910/1248
f 6399/1914/1249 6395/1910/1243 6398/1913/1250
f 6398/1913/1247 6400/1915/1251 6399/1914/1252
f 6401/1916/1253 6399/1914/1254 6400/1915/1251
f 6400/1915/1251 6402/1917/1255 6401/1916/1256
f 6402/1917/1255 6400/1915/1251 6403/1918/1257
f 6403/1918/1257 6404/1919/1258 6402/1917/1255
f 6398/1913/1250 6397/1912/1245 6405/1920/1260
f 6405/1920/1261 6406/1921/1263 6398/1913/1259
f 6400/1915/1251 6398/1913/1247 6406/1921/1263
f 6406/1921/1263 6403/1918/1257 6400/1915/1251
f 6407/1922/1264 6408/1923/1264 6409/1924/1264
f 6409/1924/1264 6410/1925/1264 6407/1922/1264
f 6411/1926/1265 6412/1927/1266 6413/1928/1267
f 6413/1928/1267 6414/1929/1268 6411/1926/1265
f 6415/1930/1269 6411/1926/1265 6414/1929/1268
f 6414/1929/1268 6416/1931/1270 6415/1930/1269
f 6417/1932/1273 6418/1933/1272 6419/1934/1273
f 6419/1934/1271 6420/1935/1274 6417/1932/1271
f 6421/1936/1275 6422/1937/1276 6423/1938/1276
f 6423/1938/1277 6424/1939/1278 6421/1936/1275
f 6425/1940/1279 6421/1936/1280 6424/1939/1278
f 6424/1939/1278 6426/1941/1281 6425/1940/1279
f 6427/1942/1282 6425/1940/1279 6426/1941/1281
f 6426/1941/1281 6428/1943/1282 6427/1942/1282
f 6427/1942/1282 6428/1943/1282 6429/1944/1283
f 6429/1944/1283 6430/1945/1283 6427/1942/1282
f 6431/1946/1284 6432/1947/1285 6433/1948/1284
f 6433/1948/1284 6434/1949/3110 6431/1946/1284
f 6435/1950/1287 6436/1951/1288 6437/1952/1289
f 6437/1952/1290 6438/1953/1291 6435/1950/1287
f 6439/1954/1292 6435/1950/1293 6438/1953/1291
f 6438/1953/1291 6440/1955/1294 6439/1954/1292
f 6441/1956/1295 6442/1867/1296 6443/1957/1296
f 6443/1957/1296 6444/1958/1297 6441/1956/1295
f 6445/1959/1298 6441/1956/1299 6444/1958/1298
f 6444/1958/3111 6446/1960/1301 6445/1959/3112
f 6447/1961/1303 6445/1959/1300 6446/1960/1301
f 6446/1960/3113 6448/1962/1304 6447/1961/1303
f 6449/1700/1305 6447/1961/1303 6448/1962/3114
f 6448/1962/1304 6450/1963/3115 6449/1700/1305
f 6451/1701/1307 6449/1700/1305 6450/1963/1306
f 6450/1963/1306 6452/1964/1308 6451/1701/1309
f 6453/1703/1310 6451/1701/1311 6452/1964/1312
f 6452/1964/1312 6454/1965/1313 6453/1703/1310
f 6455/1708/1315 6453/1703/1314 6454/1965/1316
f 6454/1965/1316 6456/1966/1319 6455/1708/1315
f 6457/1710/1318 6455/1708/3116 6456/1966/3117
f 6456/1966/1317 6458/1967/3118 6457/1710/3118
f 6459/1968/3119 6460/1969/1321 6461/1857/1321
f 6461/1857/1321 6462/1970/1322 6459/1968/1320
f 6463/1971/1323 6459/1968/3119 6462/1970/1322
f 6462/1970/1326 6464/1972/1324 6463/1971/1323
f 6465/1973/3120 6463/1971/1322 6464/1972/3121
f 6464/1972/3121 6466/1974/1327 6465/1973/1325
f 6467/1975/1328 6465/1973/1325 6466/1974/1327
f 6466/1974/1327 6468/1838/1329 6467/1975/1328
f 6469/1976/1330 6467/1975/1328 6468/1838/1329
f 6468/1838/3122 6470/1836/1331 6469/1976/1330
f 6471/1977/1332 6469/1976/1330 6470/1836/1333
f 6470/1836/1331 6472/1832/1334 6471/1977/1332
f 6473/1978/3123 6471/1977/1336 6472/1832/1334
f 6472/1832/1334 6474/1830/1338 6473/1978/1335
f 6475/1979/1339 6473/1978/1335 6474/1830/1338
f 6474/1830/1338 6476/1824/1339 6475/1979/1339
f 6477/1980/1340 6478/1980/1341 6479/1981/1341
f 6479/1981/1341 6480/1981/1342 6477/1980/3124
f 6481/1982/1343 6477/1980/3125 6480/1981/1342
f 6480/1981/1342 6482/1851/1343 6481/1982/1343
f 6483/1983/1344 6484/1984/1344 6485/1985/1344
f 6485/1985/1345 6486/1986/1345 6483/1983/1345
f 6487/1987/1346 6488/1988/1347 6489/1850/1347
f 6489/1850/1347 6490/1989/1348 6487/1987/1346
f 6491/1990/1349 6487/1987/1346 6490/1989/1348
f 6490/1989/1348 6492/1828/1350 6491/1990/1349
f 6493/1991/1351 6491/1990/1349 6492/1828/1350
f 6492/1828/1350 6494/1826/1352 6493/1991/1351
f 6495/1992/1353 6493/1991/1351 6494/1826/1352
f 6494/1826/1352 6496/1822/1356 6495/1992/3126
f 6497/1993/1355 6495/1992/1353 6496/1822/1354
f 6496/1822/1354 6498/1819/1357 6497/1993/1355
f 6499/1994/1358 6497/1993/1355 6498/1819/1357
f 6498/1819/1357 6500/1817/1359 6499/1994/1358
f 6501/1995/1360 6499/1994/3127 6500/1817/1361
f 6500/1817/1361 6502/1811/1362 6501/1995/1360
f 6503/1996/3128 6501/1995/3129 6502/1811/3130
f 6502/1811/1362 6504/1809/1364 6503/1996/1363
f 6505/1997/3131 6503/1996/3128 6504/1809/1366
f 6504/1809/3132 6506/1808/3133 6505/1997/1365
f 6507/1998/1369 6505/1997/1365 6506/1808/1368
f 6506/1808/1368 6508/1911/3134 6507/1998/1371
f 6509/1998/1372 6507/1998/1371 6508/1911/1373
f 6508/1911/1373 6510/1911/1374 6509/1998/1372
f 6511/1999/3135 6509/1998/3136 6510/1911/3137
f 6510/1911/3138 6512/1912/3139 6511/1999/3140
f 6513/2000/1377 6511/1999/3141 6512/1912/1376
f 6512/1912/3142 6514/1920/1379 6513/2000/1377
f 6515/2001/1380 6513/2000/1377 6514/1920/1381
f 6514/1920/1381 6516/2002/1382 6515/2001/1383
f 6517/2001/1384 6515/2001/1383 6516/2002/1382
f 6516/2002/1382 6518/2002/1384 6517/2001/1384
f 6519/2003/3143 6520/2004/1386 6521/2005/1386
f 6521/2005/1387 6522/1899/1388 6519/2003/1389
f 6523/2006/1390 6519/2003/1389 6522/1899/1388
f 6522/1899/3144 6524/1897/1392 6523/2006/1390
f 6525/2007/3145 6523/2006/3146 6524/1897/3147
f 6524/1897/3148 6526/1896/3149 6525/2007/3149
f 6527/1998/1384 6528/1998/1384 6396/1911/1393
f 6396/1911/1394 6529/1911/1384 6527/1998/1384
f 6530/1860/1395 6531/2008/1396 6532/2009/1396
f 6532/2009/1396 6533/2010/1397 6530/1860/1395
f 6534/1859/1398 6530/1860/1395 6533/2010/1397
f 6533/2010/1397 6535/2011/1399 6534/1859/3150
f 6536/2012/1401 6534/1859/1398 6535/2011/1399
f 6535/2011/1399 6537/2013/1402 6536/2012/1401
f 6538/1743/1403 6536/2012/1401 6537/2013/1402
f 6537/2013/1402 6539/2014/1404 6538/1743/1403
f 6540/1713/1405 6538/1743/3151 6539/2014/1404
f 6539/2014/3152 6541/2015/3153 6540/1713/1405
f 6542/1712/3154 6540/1713/1405 6541/2015/1406
f 6541/2015/1406 6543/2016/1408 6542/1712/1407
f 6544/1718/1409 6542/1712/1407 6543/2016/1408
f 6543/2016/1410 6545/2017/3155 6544/1718/1409
f 6546/1720/1412 6544/1718/1409 6545/2017/1411
f 6545/2017/3155 6547/2018/1415 6546/1720/1412
f 6548/1722/1414 6546/1720/1412 6547/2018/1415
f 6547/2018/1415 6549/2019/1416 6548/1722/1414
f 6550/1726/3156 6548/1722/3157 6549/2019/3158
f 6549/2019/3159 6551/2020/3160 6550/1726/3161
f 6552/1728/3162 6550/1726/3156 6551/2020/3163
f 6551/2020/3164 6553/2021/3165 6552/1728/3162
f 6554/1896/1421 6552/1728/1419 6553/2021/1420
f 6553/2021/3166 6555/2007/1421 6554/1896/1421
f 6556/2022/156 6557/2023/156 6558/2024/1422
f 6558/2024/1422 6559/2025/1423 6556/2022/156
f 6559/2025/1423 6558/2024/1422 6560/2026/1423
f 6560/2026/1423 6561/2027/1422 6559/2025/1423
f 6561/2027/1422 6560/2026/1423 6562/2028/1424
f 6562/2028/1424 6563/2029/1425 6561/2027/1422
f 6563/2029/1425 6562/2028/1424 6564/2030/1426
f 6564/2030/1426 6565/2031/1427 6563/2029/1425
f 6566/2032/1428 6565/2031/1427 6564/2030/1426
f 6565/2031/1427 6566/2032/1428 6567/2033/1429
f 6567/2033/1429 6568/2034/1430 6565/2031/1427
f 6565/2031/1431 6568/2034/1432 6569/2035/156
f 6569/2035/156 6570/2036/156 6565/2031/1431
f 6564/2030/1426 6571/2037/1433 6566/2032/1428
f 6572/2038/156 6569/2035/156 6568/2034/1430
f 6568/2034/1430 6573/2039/1430 6572/2038/156
f 6574/2040/1429 6573/2039/1430 6568/2034/1430
f 6568/2034/1430 6567/2033/1429 6574/2040/1429
f 6569/2035/156 6575/2041/156 6576/2042/156
f 6576/2042/156 6577/2043/156 6569/2035/156
f 6569/2035/156 6577/2043/156 6570/2036/156
f 6570/2036/156 6577/2043/156 6578/2044/156
f 6578/2044/156 6579/2045/156 6570/2036/156
f 6580/2046/156 6579/2045/156 6578/2044/156
f 6578/2044/156 6581/2047/156 6580/2046/156
f 6582/2048/156 6578/2044/156 6577/2043/156
f 6577/2043/156 6583/2049/156 6582/2048/156
f 6584/2050/356 6585/2051/356 6586/2052/356
f 6586/2052/356 6587/2053/356 6584/2050/356
f 6588/2054/356 6584/2050/356 6587/2053/356
f 6587/2053/356 6589/2055/356 6588/2054/356
f 6590/2056/1434 6591/2057/1434 6592/2058/1434
f 6592/2058/1434 6593/2059/1434 6590/2056/1434
f 6594/2060/3167 6595/2061/3167 6596/2062/3167
f 6596/2062/3167 6597/2063/3167 6594/2060/3167
f 6598/2064/1436 6599/2065/1436 6600/2066/1436
f 6600/2066/1436 6601/2067/1436 6598/2064/1436
f 6602/2068/1437 6603/2069/1437 6604/2070/1437
f 6604/2070/1437 6605/2071/1437 6602/2068/1437
f 6606/2072/1438 6607/2073/1438 6608/2074/1438
f 6608/2074/1438 6609/2075/1438 6606/2072/1438
f 6610/2076/1439 6611/2077/1439 6612/2078/1439
f 6612/2078/1439 6613/2079/1439 6610/2076/1439
f 6614/2080/1440 6615/2081/1441 6616/2082/1440
f 6616/2082/1440 6617/2083/1442 6614/2080/1440
f 6618/2084/159 6619/2080/159 6620/2059/159
f 6620/2059/159 6621/2085/159 6618/2084/159
f 6621/2085/159 6620/2059/159 6622/2086/159
f 6622/2086/159 6623/2087/159 6621/2085/159
f 6624/2088/169 6625/2089/169 6626/2090/169
f 6626/2090/169 6627/2091/169 6624/2088/169
f 6627/2091/169 6626/2090/169 6628/2092/169
f 6628/2092/169 6629/2093/1443 6627/2091/169
f 6629/2093/1443 6628/2092/169 6630/2094/169
f 6630/2094/169 6631/2095/1444 6629/2093/1443
f 6629/2093/1443 6631/2095/1444 6632/2096/1445
f 6632/2096/1445 6633/2097/1445 6629/2093/1443
f 6634/2098/1446 6635/2099/3168 6636/2100/1446
f 6636/2100/1448 6637/2101/1449 6634/2098/1448
f 6638/2102/3169 6639/2103/1451 6640/2104/1452
f 6640/2104/1453 6641/2105/1453 6638/2102/1453
f 6642/2106/356 6643/2107/356 6644/2108/356
f 6644/2108/356 6645/2109/356 6642/2106/356
f 6646/2110/356 6642/2106/356 6645/2109/356
f 6645/2109/356 6647/2111/356 6646/2110/356
f 6647/2111/356 6645/2109/356 6648/2112/1454
f 6648/2112/1455 6649/2113/1456 6647/2111/356
f 6647/2111/356 6649/2113/1457 6650/2114/356
f 6651/2115/356 6647/2111/356 6650/2114/356
f 6652/2116/1458 6648/2112/1454 6645/2109/356
f 6648/2112/1454 6652/2116/1459 6653/2117/1460
f 6653/2117/1460 6654/2118/1461 6648/2112/1455
f 6649/2113/1462 6648/2112/1454 6654/2118/1461
f 6654/2118/1461 6655/2119/1463 6649/2113/1456
f 6656/2120/1464 6649/2113/1456 6655/2119/1465
f 6655/2119/1466 6657/2121/1467 6656/2120/1498
f 6645/2109/356 6650/2114/356 6652/2116/1459
f 6658/2122/1468 6652/2116/1459 6650/2114/356
f 6652/2116/1472 6658/2122/3170 6659/2123/1470
f 6659/2123/1471 6653/2117/1460 6652/2116/1472
f 6653/2117/1473 6659/2123/1474 6660/2124/1475
f 6660/2124/1476 6661/2125/1477 6653/2117/1460
f 6654/2118/1461 6653/2117/1460 6661/2125/1477
f 6661/2125/1477 6662/2126/1478 6654/2118/1461
f 6655/2119/1480 6654/2118/1481 6662/2126/1482
f 6662/2126/1478 6663/2127/1483 6655/2119/1480
f 6657/2121/1484 6655/2119/1465 6663/2127/1483
f 6663/2127/1485 6664/2128/1486 6657/2121/1467
f 6650/2114/356 6665/2129/1487 6658/2122/1468
f 6658/2122/1468 6665/2129/1487 6666/2130/1488
f 6666/2130/1488 6659/2123/1471 6658/2122/1489
f 6659/2123/1470 6666/2130/1488 6667/2131/1490
f 6667/2131/1490 6660/2124/1491 6659/2123/1470
f 6668/2132/1492 6666/2130/1493 6665/2129/1487
f 6666/2130/1494 6668/2132/3171 6664/2128/1496
f 6664/2128/1496 6667/2131/1490 6666/2130/1494
f 6665/2129/1497 6656/2120/1498 6668/2132/1492
f 6669/2133/158 6670/2134/158 6671/2135/158
f 6671/2135/158 6672/2136/158 6669/2133/158
f 6673/2137/158 6669/2133/158 6672/2136/158
f 6672/2136/158 6674/2138/158 6673/2137/158
f 6675/2139/158 6674/2138/158 6672/2136/158
f 6671/2135/158 6676/2140/158 6672/2136/158
f 6672/2136/158 6676/2140/158 6675/2139/158
f 6675/2139/158 6676/2140/158 6677/795/158
f 6677/795/158 6678/798/158 6675/2139/158
f 6679/2141/158 6675/2139/158 6678/798/158
f 6678/798/158 6680/2142/158 6679/2141/158
f 6681/2143/158 6680/2142/158 6678/798/158
f 6678/798/158 6682/2144/158 6681/2143/158
f 6676/2140/525 6671/2135/525 6683/2145/525
f 6676/2140/158 6683/2145/158 6684/2146/158
f 6684/2146/158 6677/795/158 6676/2140/158
f 6685/2147/158 6678/798/158 6677/795/158
f 6677/795/158 6686/2148/158 6685/2147/158
f 6687/2149/1499 6688/2150/156 6689/2151/156
f 6689/2151/156 6690/2152/1500 6687/2149/1499
f 6691/2153/1500 6687/2149/1499 6690/2152/1500
f 6690/2152/1500 6692/2154/1499 6691/2153/1500
f 6693/2155/1501 6691/2153/1500 6692/2154/1499
f 6692/2154/1499 6694/2156/1502 6693/2155/1503
f 6695/2157/1504 6693/2155/1503 6694/2156/1502
f 6694/2156/1502 6696/2158/1505 6695/2157/1504
f 6695/2157/1504 6696/2158/1505 6697/2159/1506
f 6697/2159/1506 6698/2160/1507 6695/2157/1504
f 6699/2161/1508 6697/2159/1506 6696/2158/1505
f 6696/2158/1505 6700/2162/1509 6699/2161/1508
f 6701/2163/1508 6699/2161/1508 6700/2162/1509
f 6700/2162/1509 6702/2164/1510 6701/2163/1508
f 6703/2165/156 6702/2164/1509 6700/2162/1509
f 6700/2162/1511 6704/2166/156 6703/2165/156
f 6696/2158/1512 6704/2166/156 6700/2162/1509
f 6704/2166/156 6696/2158/1513 6705/2167/156
f 6705/2167/156 6706/2168/156 6704/2166/156
f 6704/2166/156 6706/2168/156 6707/2169/156
f 6707/2169/156 6708/2170/156 6704/2166/156
f 6709/2171/156 6706/2168/156 6705/2167/156
f 6706/2168/156 6709/2171/156 6710/2172/156
f 6710/2172/156 6711/2173/156 6706/2168/156
f 6705/2167/156 6712/2174/156 6709/2171/156
f 6709/2171/156 6712/2174/156 6713/2175/156
f 6713/2175/156 6714/2176/156 6709/2171/156
f 6715/2177/356 6716/2178/356 6717/2179/356
f 6717/2179/356 6718/2180/356 6715/2177/356
f 6718/2180/356 6717/2179/356 6719/2181/356
f 6719/2181/356 6720/2182/356 6718/2180/356
f 6721/2183/1514 6722/2184/1514 6723/2185/1514
f 6723/2185/1514 6724/2186/1514 6721/2183/1514
f 6725/2187/3172 6726/2188/3172 6727/2189/3172
f 6727/2189/1515 6728/2190/1515 6725/2187/1515
f 6729/2191/1516 6730/2192/1516 6731/2193/1516
f 6731/2193/1516 6732/2194/1516 6729/2191/1516
f 6733/2195/1517 6734/2196/1517 6735/2197/1517
f 6735/2197/3173 6736/2198/3173 6733/2195/3173
f 6737/2199/1518 6738/2200/1518 6739/2201/1518
f 6739/2201/1518 6740/2202/1518 6737/2199/1518
f 6741/2203/1519 6742/2204/1519 6743/2205/1519
f 6743/2205/1519 6744/2206/1519 6741/2203/1519
f 6745/2207/1520 6746/2208/1521 6747/2209/1520
f 6747/2209/1520 6748/2210/1522 6745/2207/1520
f 6749/2211/159 6750/2212/159 6751/2213/159
f 6751/2213/159 6752/2184/159 6749/2211/159
f 6753/2214/159 6749/2211/159 6752/2184/159
f 6752/2184/159 6754/2207/159 6753/2214/159
f 6755/2215/166 6756/2216/166 6757/2217/166
f 6757/2217/166 6758/2218/166 6755/2215/166
f 6759/2219/166 6755/2215/166 6758/2218/166
f 6758/2218/166 6760/2220/1523 6759/2219/166
f 6761/2221/166 6759/2219/166 6760/2220/1523
f 6760/2220/1523 6762/2222/1524 6761/2221/166
f 6763/2223/1525 6762/2222/1524 6760/2220/1523
f 6760/2220/1523 6764/2224/1525 6763/2223/1525
f 6765/2225/1526 6766/2226/1527 6767/2227/1526
f 6767/2227/1528 6768/2228/3174 6765/2225/1528
f 6769/2229/1530 6770/2230/1531 6771/2231/1530
f 6771/2231/1532 6772/2232/1533 6769/2229/1532
f 6773/2233/356 6774/2234/356 6775/2235/356
f 6775/2235/356 6776/2236/356 6773/2233/356
f 6776/2236/356 6775/2235/356 6777/2237/356
f 6777/2237/356 6778/2238/356 6776/2236/356
f 6779/2239/1534 6776/2236/356 6778/2238/356
f 6776/2236/356 6779/2239/1534 6780/2240/1535
f 6780/2240/1536 6781/2241/356 6776/2236/356
f 6781/2241/356 6780/2240/1536 6782/2242/1537
f 6782/2242/1537 6783/2243/1538 6781/2241/356
f 6784/2244/356 6781/2241/356 6783/2243/1538
f 6778/2238/356 6785/2245/1539 6779/2239/1540
f 6786/2246/1541 6779/2239/1534 6785/2245/1551
f 6779/2239/1540 6786/2246/1541 6787/2247/1542
f 6787/2247/1542 6780/2240/1543 6779/2239/1534
f 6780/2240/1543 6787/2247/3175 6788/2248/1545
f 6788/2248/1545 6782/2242/1537 6780/2240/1543
f 6782/2242/1547 6788/2248/1545 6789/2249/1548
f 6789/2249/1548 6783/2243/1538 6782/2242/1537
f 6790/2250/1549 6785/2245/1539 6778/2238/356
f 6791/2251/3176 6785/2245/1551 6790/2250/1549
f 6785/2245/1551 6791/2251/1550 6786/2246/1541
f 6792/2252/1552 6786/2246/1541 6791/2251/1553
f 6786/2246/1541 6792/2252/1554 6793/2253/1555
f 6793/2253/1555 6787/2247/1544 6786/2246/1541
f 6787/2247/1544 6793/2253/1555 6794/2254/1556
f 6794/2254/1556 6788/2248/1557 6787/2247/1544
f 6788/2248/1557 6794/2254/1558 6795/2255/1559
f 6795/2255/1559 6789/2249/1548 6788/2248/1546
f 6790/2250/1560 6778/2238/356 6784/2244/356
f 6784/2244/356 6783/2243/1538 6790/2250/1549
f 6796/2256/3177 6790/2250/1560 6783/2243/1538
f 6783/2243/1538 6789/2249/1562 6796/2256/3178
f 6797/2257/1563 6796/2256/1561 6789/2249/1564
f 6789/2249/1564 6795/2255/1559 6797/2257/1563
f 6791/2251/1553 6798/2258/1565 6792/2252/1552
f 6798/2258/1565 6791/2251/1550 6799/2259/1566
f 6799/2259/1567 6797/2257/1563 6798/2258/1565
f 6790/2250/1549 6799/2259/1567 6791/2251/1553
f 6800/2260/1568 6801/2261/3179 6802/2262/1570
f 6802/2262/1570 6803/2263/1571 6800/2260/1568
f 6800/2260/1568 6803/2263/1572 6804/2264/1573
f 6804/2264/1573 6805/2265/1574 6800/2260/1568
f 6805/2265/1574 6804/2264/1575 6806/2266/1576
f 6806/2266/1576 6807/2267/1577 6805/2265/1574
f 6808/2268/1578 6807/2267/1577 6806/2266/1576
f 6806/2266/1576 6809/2269/1579 6808/2268/1580
f 6810/2270/1581 6803/2263/1572 6802/2262/1582
f 6804/2264/1583 6803/2263/1571 6810/2270/1584
f 6810/2270/1581 6811/2271/1585 6804/2264/1575
f 6804/2264/1575 6811/2271/1585 6809/2269/1579
f 6809/2269/1579 6806/2266/1576 6804/2264/1575
f 6811/2271/1585 6810/2270/1581 6812/2272/1586
f 6812/2272/1586 6813/2273/1586 6811/2271/1585
f 6814/2274/3180 6815/2275/3180 6816/2276/1588
f 6816/2276/1588 6817/2277/1589 6814/2274/3180
f 6817/2277/1589 6816/2276/1588 6818/2278/1590
f 6818/2278/1590 6819/2279/1590 6817/2277/1589
f 6820/2280/1591 6819/2279/1590 6818/2278/1590
f 6818/2278/1590 6821/2281/1592 6820/2280/1592
f 6820/2280/1592 6821/2281/1592 6822/2282/1593
f 6822/2282/1593 6823/2283/1598 6820/2280/1591
f 6823/2283/1595 6822/2282/1593 6824/2284/1597
f 6824/2284/1597 6825/2285/1597 6823/2283/1598
f 6826/2286/1599 6827/2287/1600 6828/2288/1600
f 6828/2288/1600 6829/2289/1601 6826/2286/1599
f 6830/2290/1603 6826/2286/1602 6829/2289/1601
f 6829/2289/1601 6831/2291/1606 6830/2290/1603
f 6832/2292/1605 6830/2290/1603 6831/2291/1606
f 6831/2291/1606 6833/2293/1610 6832/2292/1605
f 6834/2294/1608 6832/2292/1609 6833/2293/1610
f 6833/2293/1610 6835/2295/1608 6834/2294/1608
f 6836/2296/1611 6837/2297/1612 6838/2298/1612
f 6838/2298/1612 6839/2299/1613 6836/2296/1611
f 6840/2300/1614 6836/2296/1615 6839/2299/1613
f 6839/2299/1616 6841/2301/1617 6840/2300/1614
f 6842/2302/1618 6840/2300/1619 6841/2301/1617
f 6841/2301/1617 6843/2303/1620 6842/2302/1618
f 6844/2304/1621 6842/2302/3181 6843/2303/1622
f 6843/2303/1622 6845/2305/1621 6844/2304/1621
f 6846/2306/1623 6847/2307/1623 6848/2308/1624
f 6848/2308/1624 6849/2309/1625 6846/2306/1623
f 6849/2309/1625 6848/2308/1626 6850/2310/1627
f 6850/2310/1627 6851/2311/1628 6849/2309/1625
f 6851/2311/1628 6850/2310/1627 6852/2312/1629
f 6852/2312/1629 6853/2313/3182 6851/2311/1628
f 6853/2313/1630 6852/2312/1631 6854/2314/1632
f 6854/2314/1632 6855/2315/1632 6853/2313/3182
f 6856/2316/1633 6857/2317/1633 6858/2318/1634
f 6858/2318/1635 6859/2319/1636 6856/2316/1633
f 6859/2319/1637 6858/2318/1635 6860/2320/1638
f 6860/2320/1638 6861/2321/1639 6859/2319/1637
f 6861/2321/1639 6860/2320/1638 6862/2322/1641
f 6862/2322/1641 6863/2323/1642 6861/2321/1639
f 6863/2323/1643 6862/2322/1641 6864/2324/1644
f 6864/2324/1644 6865/2325/1644 6863/2323/1643
f 6866/2326/354 6867/2327/354 6868/2328/354
f 6868/2328/354 6869/2329/354 6866/2326/354
f 6870/2330/166 6871/2331/166 6872/2332/166
f 6872/2332/166 6873/2333/166 6870/2330/166
f 6874/2334/1645 6875/2335/1645 6876/2336/1645
f 6876/2336/1645 6877/2337/1645 6874/2334/1645
f 6878/2338/1646 6879/2339/1646 6880/2340/1646
f 6880/2340/1646 6881/2341/1646 6878/2338/1646
f 6882/2342/169 6883/2343/169 6884/2344/169
f 6884/2344/169 6885/2345/169 6882/2342/169
f 6886/2346/1647 6887/2347/1647 6888/2348/1647
f 6888/2348/1647 6889/2349/1647 6886/2346/1647
f 6890/2350/1648 6891/2351/1649 6892/2352/1650
f 6892/2352/1650 6893/2353/1651 6890/2350/1648
f 6894/2354/1652 6890/2350/1648 6893/2353/1653
f 6893/2353/1654 6895/2355/1655 6894/2354/1652
f 6894/2354/1652 6895/2355/1655 6896/2356/1656
f 6897/2357/1657 6898/2358/1658 6899/2359/1659
f 6899/2359/1660 6900/2360/1661 6897/2357/1657
f 6901/2361/1662 6897/2357/1657 6900/2360/1663
f 6900/2360/1664 6902/2362/1665 6901/2361/1666
f 6902/2362/1667 6903/2363/1668 6901/2361/1662
f 6904/2364/158 6905/2365/158 6906/780/158
f 6906/780/158 6907/2366/158 6904/2364/158
f 6908/2367/158 6907/2366/158 6906/780/158
f 6906/780/158 6909/2368/158 6908/2367/158
f 6909/2368/158 6906/780/158 6910/777/158
f 6910/777/158 6911/2369/158 6909/2368/158
f 6909/2368/158 6911/2369/158 6912/2370/158
f 6912/2370/158 6913/2371/158 6909/2368/158
f 6914/2372/158 6913/2371/158 6912/2370/158
f 6912/2370/158 6915/2373/158 6914/2372/158
f 6910/777/158 6906/780/158 6916/2374/158
f 6916/2374/158 6917/2375/158 6910/777/158
f 6911/2369/158 6910/777/158 6918/2376/158
f 6918/2376/158 6919/2377/158 6911/2369/158
f 6911/2369/3183 6919/2377/3183 6920/2378/3183
f 6912/2370/158 6911/2369/158 6920/2378/158
f 6920/2378/158 6915/2373/158 6912/2370/158
f 6915/2373/158 6920/2378/158 6921/2379/158
f 6922/2380/3184 6923/2381/1670 6924/2382/1671
f 6924/2382/1671 6925/2383/1672 6922/2380/1669
f 6922/2380/1669 6925/2383/1673 6926/2384/1674
f 6926/2384/1674 6927/2385/1675 6922/2380/1669
f 6926/2384/1674 6928/2386/1675 6927/2385/1675
f 6926/2384/1674 6925/2383/1676 6929/2387/1677
f 6929/2387/1677 6930/2388/1678 6926/2384/1674
f 6931/2389/169 6932/2390/169 6933/2391/169
f 6933/2391/169 6934/2392/169 6931/2389/169
f 6931/2389/169 6934/2392/169 6935/2393/169
f 6935/2393/169 6936/2394/169 6931/2389/169
f 6933/2391/169 6937/2395/169 6934/2392/169
f 6938/2396/169 6935/2393/169 6934/2392/169
f 6939/2397/166 6940/2398/166 6941/2399/166
f 6941/2399/166 6942/2400/166 6939/2397/166
f 6939/2397/166 6942/2400/166 6943/2401/166
f 6943/2401/166 6944/2402/166 6939/2397/166
f 6941/2399/166 6945/2403/166 6942/2400/166
f 6946/2404/166 6943/2401/166 6942/2400/166
f 6947/2405/166 6948/2406/166 6949/2407/166
f 6949/2407/166 6950/2408/166 6947/2405/166
f 6951/2409/166 6947/2405/166 6950/2408/166
f 6952/2410/166 6947/2405/166 6951/2409/166
f 6949/2407/166 6953/2411/166 6950/2408/166
f 6950/2408/166 6954/2412/166 6951/2409/166
f 6955/2413/169 6956/2414/169 6957/2415/169
f 6957/2415/169 6958/2416/169 6955/2413/169
f 6959/2417/169 6955/2413/169 6958/2416/169
f 6960/2418/169 6955/2413/169 6959/2417/169
f 6957/2415/169 6961/2419/169 6958/2416/169
f 6958/2416/169 6962/2420/169 6959/2417/169
f 6963/2421/156 6964/2422/156 6965/2423/156
f 6966/2424/1679 6967/2425/1680 6968/2426/1681
f 6968/2426/1682 6969/2427/1683 6966/2424/1684
f 6970/2428/1685 6966/2424/1684 6969/2427/1683
f 6969/2427/1686 6971/2429/1687 6970/2428/1685
f 6972/2430/1688 6970/2428/1685 6971/2429/1687
f 6971/2429/1689 6973/2431/1690 6972/2430/1688
f 6974/2432/1691 6972/2430/1692 6973/2431/1690
f 6973/2431/1693 6975/2433/1694 6974/2432/1691
f 6969/2427/1683 6968/2426/1695 6976/2434/1696
f 6976/2434/1942 6977/2435/1697 6969/2427/1683
f 6971/2429/1687 6969/2427/1683 6977/2435/1697
f 6977/2435/1697 6978/2436/1698 6971/2429/1699
f 6973/2431/1690 6971/2429/1689 6978/2436/1700
f 6978/2436/1701 6979/2437/1702 6973/2431/1690
f 6975/2433/1694 6973/2431/1690 6979/2437/1702
f 6979/2437/1702 6980/2438/1703 6975/2433/1694
f 6980/2438/1704 6979/2437/1702 6981/2439/1705
f 6981/2439/1705 6982/2440/1691 6980/2438/1944
f 6977/2435/1697 6976/2434/1706 6983/2441/1680
f 6983/2441/1680 6984/2442/1707 6977/2435/1697
f 6978/2436/1698 6977/2435/1697 6984/2442/1708
f 6984/2442/1709 6985/2443/1710 6978/2436/1698
f 6979/2437/1702 6978/2436/1698 6985/2443/1710
f 6985/2443/1710 6981/2439/1711 6979/2437/1702
f 6986/2444/1712 6987/2445/1713 6988/2446/1714
f 6988/2446/1715 6989/2447/1716 6986/2444/1712
f 6990/2448/1717 6986/2444/1718 6989/2447/1716
f 6989/2447/1719 6991/2449/1720 6990/2448/1717
f 6992/2450/1721 6990/2448/1717 6991/2449/1720
f 6991/2449/1722 6993/2451/1723 6992/2450/1724
f 6994/2452/1725 6992/2450/1724 6993/2451/1723
f 6993/2451/1726 6995/2453/1727 6994/2452/1725
f 6989/2447/1716 6988/2446/1728 6996/2454/1729
f 6996/2454/1730 6997/2455/1731 6989/2447/1716
f 6991/2449/1720 6989/2447/1716 6997/2455/1732
f 6997/2455/1731 6998/2456/1733 6991/2449/1734
f 6993/2451/1723 6991/2449/1720 6998/2456/1735
f 6998/2456/1733 6999/2457/1736 6993/2451/1723
f 6995/2453/1727 6993/2451/1723 6999/2457/1736
f 6999/2457/1738 7000/2458/1739 6995/2453/1727
f 7000/2458/1739 6999/2457/1736 7001/2459/1740
f 7001/2459/1740 7002/2460/1741 7000/2458/1742
f 7003/2459/356 7002/2460/1743 7001/2459/1740
f 6997/2455/1744 6996/2454/1745 7004/2461/1746
f 7004/2461/1746 7005/2462/1747 6997/2455/1744
f 6998/2456/1733 6997/2455/1744 7005/2462/1747
f 7005/2462/1747 7006/2463/1748 6998/2456/1735
f 6999/2457/1736 6998/2456/1735 7006/2463/1748
f 7006/2463/3185 7001/2459/1740 6999/2457/1736
f 7001/2459/1749 7006/2463/1750 7005/2462/1751
f 7001/2459/1740 7005/2462/1747 7003/2459/356
f 7003/2459/356 7005/2462/1747 7007/2462/356
f 7007/2462/356 7008/2463/356 7003/2459/356
f 7004/2461/1746 7007/2462/356 7005/2462/1751
f 7009/2464/1752 7010/2465/1753 7011/2466/1753
f 7011/2466/1753 7012/2467/1754 7009/2464/1752
f 7013/2468/1755 7009/2464/1752 7012/2467/1754
f 7012/2467/1754 7014/2469/1756 7013/2468/1755
f 7015/2470/3186 7013/2468/3187 7014/2469/1756
f 7014/2469/1756 7016/2471/1758 7015/2470/1757
f 7017/2472/3188 7015/2470/1757 7016/2471/1758
f 7016/2471/1758 7018/2473/1759 7017/2472/1759
f 7019/2474/1705 7020/2475/1760 7021/2476/1761
f 7021/2476/1761 7022/2477/1762 7019/2474/1705
f 7023/2478/1710 7019/2474/1711 7022/2477/1763
f 7022/2477/1764 7024/2479/1765 7023/2478/1710
f 7025/2480/1708 7023/2478/1710 7024/2479/1766
f 7024/2479/1767 7026/2481/1768 7025/2480/1708
f 7027/2482/1769 7025/2480/1707 7026/2481/1770
f 7026/2481/1771 7028/2483/1772 7027/2482/1773
f 7022/2477/1763 7021/2476/1761 7029/2484/1774
f 7029/2484/1775 7030/2485/1776 7022/2477/1777
f 7024/2479/1766 7022/2477/1777 7030/2485/1776
f 7030/2485/1776 7031/2486/1779 7024/2479/1780
f 7026/2481/1768 7024/2479/1780 7031/2486/1969
f 7031/2486/1782 7032/2487/1783 7026/2481/1784
f 7028/2483/1785 7026/2481/1784 7032/2487/1786
f 7032/2487/1786 7033/2488/1787 7028/2483/1772
f 7033/2488/1787 7032/2487/1788 7034/2489/1684
f 7034/2489/1684 7035/2490/1789 7033/2488/1787
f 7030/2485/1790 7029/2484/1774 7036/2491/1791
f 7036/2491/1792 7037/2492/1692 7030/2485/1790
f 7031/2486/1779 7030/2485/1793 7037/2492/1688
f 7037/2492/1688 7038/2493/1685 7031/2486/1779
f 7032/2487/1794 7031/2486/1795 7038/2493/3189
f 7038/2493/1685 7034/2489/1684 7032/2487/1794
f 7039/2494/1796 7040/2495/1797 7041/2496/1798
f 7041/2496/1798 7042/2497/1818 7039/2494/1796
f 7043/2498/1800 7039/2494/1801 7042/2497/1802
f 7042/2497/1803 7044/2499/1804 7043/2498/1800
f 7045/2500/1805 7043/2498/1800 7044/2499/1806
f 7044/2499/1807 7046/2501/1808 7045/2500/1805
f 7047/2502/1809 7045/2500/1810 7046/2501/1811
f 7046/2501/1812 7048/2503/1813 7047/2502/1814
f 7042/2497/1799 7041/2496/1798 7049/2504/1815
f 7049/2504/1816 7050/2505/1817 7042/2497/1818
f 7044/2499/2031 7042/2497/1818 7050/2505/1820
f 7050/2505/1820 7051/2506/1821 7044/2499/1822
f 7046/2501/1811 7044/2499/1822 7051/2506/1823
f 7051/2506/1823 7052/2507/1824 7046/2501/1825
f 7048/2503/1826 7046/2501/1825 7052/2507/1827
f 7052/2507/1827 7053/2508/1828 7048/2503/1813
f 7053/2508/1828 7052/2507/1829 7054/2509/1712
f 7054/2509/1830 7055/2510/1831 7053/2508/1828
f 7050/2505/1832 7049/2504/1815 7056/2511/1833
f 7056/2511/1834 7057/2512/1724 7050/2505/1832
f 7051/2506/1835 7050/2505/1836 7057/2512/1721
f 7057/2512/1721 7058/2513/1717 7051/2506/1835
f 7052/2507/1837 7051/2506/1838 7058/2513/1839
f 7058/2513/1840 7054/2509/1718 7052/2507/1837
f 7059/2514/1841 7060/2515/1842 7047/2502/1843
f 7047/2502/1814 7061/2500/1844 7059/2514/1841
f 7062/2516/1845 7059/2514/1841 7061/2500/1844
f 7061/2500/1844 7063/2498/1846 7062/2516/1845
f 7064/2517/1847 7062/2516/1845 7063/2498/1846
f 7063/2498/1846 7065/2494/1848 7064/2517/1849
f 7066/2518/1850 7064/2517/1851 7065/2494/1852
f 7065/2494/1853 7040/2495/1854 7066/2518/1854
f 7067/2519/1855 7068/2520/1769 7027/2482/1769
f 7027/2482/1773 7069/2480/1856 7067/2519/1855
f 7070/2521/1857 7067/2519/1855 7069/2480/1858
f 7069/2480/1858 7071/2478/1860 7070/2521/1857
f 7072/2522/1861 7070/2521/1857 7071/2478/1862
f 7071/2478/1862 7073/2474/1863 7072/2522/1861
f 7074/2523/1864 7072/2522/1861 7073/2474/1863
f 7073/2474/1863 7020/2475/1865 7074/2523/1865
f 7075/2524/1705 7076/2525/1691 7074/2523/1866
f 7074/2523/1867 7077/2522/1692 7075/2524/1705
f 7078/2526/1868 7075/2524/1711 7077/2522/1688
f 7077/2522/1869 7079/2521/1685 7078/2526/1710
f 7080/2527/1708 7078/2526/1710 7079/2521/1685
f 7079/2521/1870 7081/2519/1684 7080/2527/1708
f 7082/2528/1680 7080/2527/1707 7081/2519/1679
f 7081/2519/1679 7068/2520/1773 7082/2528/1680
f 7083/2514/1718 7060/2515/1871 7084/2529/1872
f 7084/2529/1873 7085/2530/1874 7083/2514/1712
f 7086/2516/1875 7083/2514/1718 7085/2530/1874
f 7085/2530/1882 7087/2531/1877 7086/2516/1839
f 7088/2517/1721 7086/2516/1717 7087/2531/1877
f 7087/2531/1877 7089/2532/1878 7088/2517/1721
f 7066/2518/1850 7088/2517/1724 7089/2532/1878
f 7089/2532/1878 7090/2533/1880 7066/2518/1881
f 7085/2530/1882 7084/2529/1873 7087/2531/1883
f 7091/2531/356 7087/2531/1877 7084/2529/1873
f 7090/2533/1884 7087/2531/1877 7091/2531/356
f 7090/2533/1884 7089/2532/1885 7087/2531/1877
f 7084/2529/1873 7092/2530/356 7091/2531/356
f 7091/2531/356 7093/2532/356 7090/2533/1884
f 7094/2534/1886 7095/2535/1792 7036/2491/1792
f 7036/2491/1792 7096/2492/1887 7094/2534/1886
f 7097/2536/1888 7094/2534/1889 7096/2492/1887
f 7096/2492/1887 7098/2493/1890 7097/2536/1888
f 7099/2537/1891 7097/2536/1888 7098/2493/1892
f 7098/2493/1892 7100/2489/1893 7099/2537/1891
f 7101/2538/1789 7099/2537/1891 7100/2489/1893
f 7100/2489/1893 7035/2490/1789 7101/2538/1789
f 7102/2509/1897 7055/2510/1895 7103/2539/1895
f 7103/2539/1895 7104/2540/1896 7102/2509/1897
f 7105/2513/1898 7102/2509/1897 7104/2540/1899
f 7104/2540/1899 7106/2541/1900 7105/2513/1898
f 7107/2512/1901 7105/2513/1902 7106/2541/1903
f 7106/2541/1903 7108/2542/1904 7107/2512/1901
f 7056/2511/1834 7107/2512/1901 7108/2542/1904
f 7108/2542/1904 7109/2543/1834 7056/2511/1834
f 7110/2544/1712 7111/2545/1713 7103/2539/1895
f 7103/2539/1831 7112/2540/1810 7110/2544/1712
f 7113/2546/1717 7110/2544/1718 7112/2540/1810
f 7112/2540/1805 7114/2541/1800 7113/2546/1717
f 7115/2547/1721 7113/2546/1717 7114/2541/1800
f 7114/2541/1905 7116/2542/1801 7115/2547/1721
f 7117/2548/1725 7115/2547/1721 7116/2542/1801
f 7116/2542/1796 7109/2543/1833 7117/2548/1725
f 7118/2534/1705 7095/2535/1791 7119/2549/1691
f 7119/2549/1691 7120/2550/1692 7118/2534/1705
f 7121/2536/1710 7118/2534/1711 7120/2550/1688
f 7120/2550/1692 7122/2551/1685 7121/2536/3190
f 7123/2537/1707 7121/2536/1710 7122/2551/1685
f 7122/2551/1685 7124/2552/1684 7123/2537/1708
f 7101/2538/1789 7123/2537/1708 7124/2552/1684
f 7124/2552/1679 7125/2553/1680 7101/2538/1789
f 7126/2554/159 7127/2555/159 7128/2556/159
f 7128/2556/159 7129/2557/159 7126/2554/159
f 7126/2554/159 7129/2557/159 7130/2558/159
f 7130/2558/159 7131/2559/159 7126/2554/159
f 7128/2556/159 7132/2560/159 7129/2557/159
f 7133/2561/159 7130/2558/159 7129/2557/159
f 7134/2562/1907 7135/2563/159 7136/2564/159
f 7136/2564/159 7137/2565/1908 7134/2562/1907
f 7134/2562/1907 7137/2565/1908 7138/2566/1910
f 7138/2566/1910 7139/2567/1911 7134/2562/1912
f 7134/2562/1913 7139/2567/1914 7140/2568/1915
f 7140/2568/1915 7141/2569/1916 7134/2562/1912
f 7142/2570/356 7141/2569/1917 7140/2568/1915
f 7136/2564/159 7143/2571/159 7137/2565/1908
f 7144/2572/356 7145/2573/356 7142/2570/356
f 7142/2570/356 7146/2574/1918 7144/2572/356
f 7147/2575/1919 7144/2572/356 7146/2574/1920
f 7147/2575/1919 7146/2574/1918 7148/2576/1922
f 7148/2576/1922 7137/2565/1908 7147/2575/1919
f 7148/2576/1923 7138/2566/1910 7137/2565/1908
f 7138/2566/1910 7148/2576/1924 7146/2574/1920
f 7146/2574/1920 7149/2577/1925 7138/2566/1910
f 7139/2567/1914 7138/2566/1910 7149/2577/1925
f 7149/2577/1925 7140/2568/2004 7139/2567/1926
f 7140/2568/1915 7149/2577/1929 7146/2574/1918
f 7140/2568/1915 7146/2574/1918 7142/2570/356
f 7150/2578/159 7151/2579/159 7152/2580/159
f 7152/2580/159 7153/2581/159 7150/2578/159
f 7150/2578/159 7153/2581/159 7154/2582/159
f 7154/2582/159 7155/2583/159 7150/2578/159
f 7152/2580/159 7156/2584/159 7153/2581/159
f 7157/2585/159 7154/2582/159 7153/2581/159
f 7158/2586/1930 7159/2587/1931 7160/2587/1932
f 7161/2588/1933 7160/2587/1934 7159/2587/1931
f 7160/2587/1932 7161/2588/1933 7162/2586/1935
f 7160/2587/1936 7162/2586/1937 7158/2586/1930
f 7163/2588/1938 7158/2586/1939 7162/2586/1940
f 7162/2586/1937 7161/2588/1933 7163/2588/1938
f 7159/2587/1931 7163/2588/1938 7161/2588/1941
f 7164/2589/356 7165/2590/356 7166/2591/356
f 7167/2592/1679 7168/2593/1680 7169/2594/1681
f 7169/2594/1682 7170/2595/1683 7167/2592/1679
f 7171/2596/3189 7167/2592/1679 7170/2595/1683
f 7170/2595/1683 7172/2597/1687 7171/2596/1685
f 7173/2598/1688 7171/2596/1685 7172/2597/1687
f 7172/2597/1687 7174/2599/1690 7173/2598/1692
f 7175/2600/3191 7173/2598/1688 7174/2599/1690
f 7174/2599/1690 7176/2601/1694 7175/2600/1691
f 7170/2595/1683 7169/2594/1695 7177/2602/1942
f 7177/2602/1942 7178/2603/1697 7170/2595/1943
f 7172/2597/1687 7170/2595/1683 7178/2603/1697
f 7178/2603/1697 7179/2604/1701 7172/2597/1699
f 7174/2599/1690 7172/2597/1687 7179/2604/1698
f 7179/2604/1701 7180/2605/1702 7174/2599/1690
f 7176/2601/1694 7174/2599/1690 7180/2605/1702
f 7180/2605/1702 7181/2606/1703 7176/2601/1694
f 7181/2606/1944 7180/2605/1702 7182/2607/1711
f 7182/2607/1711 7183/2608/1691 7181/2606/1952
f 7178/2603/1697 7177/2602/1706 7184/2609/1680
f 7184/2609/1680 7185/2610/1708 7178/2603/1697
f 7179/2604/1698 7178/2603/1697 7185/2610/1708
f 7185/2610/1707 7186/2611/1710 7179/2604/1698
f 7180/2605/1702 7179/2604/1698 7186/2611/1710
f 7186/2611/1710 7182/2607/1711 7180/2605/1702
f 7187/2612/1718 7188/2613/1713 7189/2614/1945
f 7189/2614/1715 7190/2615/1716 7187/2612/1712
f 7191/2616/1717 7187/2612/1718 7190/2615/1719
f 7190/2615/1716 7192/2617/1720 7191/2616/1717
f 7193/2618/1724 7191/2616/1717 7192/2617/1720
f 7192/2617/1720 7194/2619/1723 7193/2618/1721
f 7195/2620/1725 7193/2618/1724 7194/2619/1723
f 7194/2619/1723 7196/2621/1727 7195/2620/1725
f 7190/2615/1716 7189/2614/1945 7197/2622/1730
f 7197/2622/1730 7198/2623/1744 7190/2615/1946
f 7192/2617/1720 7190/2615/1716 7198/2623/1744
f 7198/2623/1731 7199/2624/1735 7192/2617/1734
f 7194/2619/1723 7192/2617/1720 7199/2624/1735
f 7199/2624/1733 7200/2625/1736 7194/2619/1723
f 7196/2621/1727 7194/2619/1723 7200/2625/1736
f 7200/2625/1738 7201/2626/1947 7196/2621/1727
f 7201/2626/1739 7200/2625/1736 7202/2627/1740
f 7202/2627/1740 7203/2628/1949 7201/2626/1739
f 7204/2627/356 7203/2628/1743 7202/2627/1740
f 7198/2623/1744 7197/2622/1729 7205/2629/1746
f 7205/2629/1746 7206/2630/1747 7198/2623/1744
f 7199/2624/1735 7198/2623/1732 7206/2630/1747
f 7206/2630/1751 7207/2631/1748 7199/2624/1735
f 7200/2625/1736 7199/2624/1735 7207/2631/1748
f 7207/2631/1748 7202/2627/1740 7200/2625/1736
f 7202/2627/3192 7207/2631/1750 7206/2630/1751
f 7202/2627/1740 7206/2630/1747 7204/2627/356
f 7204/2627/356 7206/2630/1747 7208/2630/356
f 7208/2630/356 7209/2631/356 7204/2627/356
f 7205/2629/1746 7208/2630/356 7206/2630/1751
f 7210/2632/1684 7211/2633/1680 7212/2634/1681
f 7212/2634/1682 7213/2635/1683 7210/2632/1684
f 7214/2636/1685 7210/2632/1684 7213/2635/1683
f 7213/2635/1683 7215/2637/1687 7214/2636/1685
f 7216/2638/1688 7214/2636/1685 7215/2637/1687
f 7215/2637/1687 7217/2639/1690 7216/2638/1692
f 7218/2640/1691 7216/2638/1692 7217/2639/1690
f 7217/2639/1690 7219/2641/1694 7218/2640/1691
f 7213/2635/1683 7212/2634/1695 7220/2642/1942
f 7220/2642/1942 7221/2643/1950 7213/2635/1943
f 7215/2637/1687 7213/2635/1683 7221/2643/2007
f 7221/2643/1950 7222/2644/1698 7215/2637/1699
f 7217/2639/1690 7215/2637/1687 7222/2644/1698
f 7222/2644/1701 7223/2645/1951 7217/2639/1690
f 7219/2641/1694 7217/2639/1690 7223/2645/1702
f 7223/2645/1702 7224/2646/1703 7219/2641/1694
f 7224/2646/1944 7223/2645/1996 7225/2591/1711
f 7225/2591/1711 7226/2647/1691 7224/2646/1952
f 7221/2643/1697 7220/2642/1696 7227/2648/1680
f 7227/2648/1680 7228/2589/1708 7221/2643/1697
f 7222/2644/1698 7221/2643/1950 7228/2589/1707
f 7228/2589/1707 7229/2590/1710 7222/2644/1698
f 7223/2645/1702 7222/2644/1698 7229/2590/1710
f 7229/2590/1710 7225/2591/1705 7223/2645/1702
f 7230/2649/1712 7231/2650/1713 7232/2651/1714
f 7232/2651/1715 7233/2652/1716 7230/2649/1712
f 7234/2653/1717 7230/2649/1718 7233/2652/1719
f 7233/2652/1716 7235/2654/1720 7234/2653/1717
f 7236/2655/1724 7234/2653/1717 7235/2654/1720
f 7235/2654/1720 7237/2656/1723 7236/2655/1721
f 7238/2657/1725 7236/2655/1724 7237/2656/1723
f 7237/2656/1723 7239/2658/1727 7238/2657/1725
f 7233/2652/1716 7232/2651/1945 7240/2659/1730
f 7240/2659/1730 7241/2660/1731 7233/2652/1946
f 7235/2654/1720 7233/2652/1716 7241/2660/1744
f 7241/2660/1731 7242/2661/1735 7235/2654/1734
f 7237/2656/1723 7235/2654/1720 7242/2661/1735
f 7242/2661/1733 7243/2662/1738 7237/2656/1723
f 7239/2658/1727 7237/2656/1723 7243/2662/1736
f 7243/2662/1736 7244/2663/1947 7239/2658/1727
f 7244/2663/1742 7243/2662/1737 7245/2664/1962
f 7245/2664/1955 7246/2665/1956 7244/2663/1957
f 7247/2664/356 7246/2665/1743 7245/2664/1954
f 7241/2660/1744 7240/2659/1729 7248/2666/1958
f 7248/2666/1746 7249/2667/1959 7241/2660/1744
f 7242/2661/1735 7241/2660/1732 7249/2667/1960
f 7249/2667/1959 7250/2668/1800 7242/2661/1735
f 7243/2662/1736 7242/2661/1735 7250/2668/1800
f 7250/2668/1800 7245/2664/1955 7243/2662/1736
f 7248/2666/1746 7251/2667/356 7249/2667/1961
f 7247/2664/356 7249/2667/1959 7251/2667/356
f 7245/2664/1962 7249/2667/1959 7247/2664/356
f 7251/2667/356 7252/2668/356 7247/2664/356
f 7253/2669/1711 7254/2670/1760 7255/2671/1761
f 7255/2671/1761 7256/2672/1777 7253/2669/1705
f 7257/2673/2024 7253/2669/1711 7256/2672/1763
f 7256/2672/1764 7258/2674/1765 7257/2673/1710
f 7259/2675/1708 7257/2673/1710 7258/2674/1766
f 7258/2674/1767 7260/2676/1768 7259/2675/1708
f 7261/2677/1964 7259/2675/1708 7260/2676/1770
f 7260/2676/1771 7262/2678/1965 7261/2677/1966
f 7256/2672/1763 7255/2671/1761 7263/2679/1774
f 7263/2679/1775 7264/2680/1778 7256/2672/1777
f 7258/2674/2027 7256/2672/2025 7264/2680/1776
f 7264/2680/1776 7265/2681/1779 7258/2674/1765
f 7260/2676/1968 7258/2674/1767 7265/2681/1782
f 7265/2681/1969 7266/2682/1794 7260/2676/1784
f 7262/2678/1785 7260/2676/1771 7266/2682/1783
f 7266/2682/1786 7267/2683/1787 7262/2678/1772
f 7267/2683/1787 7266/2682/1971 7268/2684/1679
f 7268/2684/1679 7269/2685/1906 7267/2683/1787
f 7264/2680/1790 7263/2679/1774 7270/2686/1791
f 7270/2686/1791 7271/2687/1692 7264/2680/1790
f 7265/2681/1779 7264/2680/1793 7271/2687/1688
f 7271/2687/1688 7272/2688/1685 7265/2681/1779
f 7266/2682/1794 7265/2681/1795 7272/2688/1685
f 7272/2688/1685 7268/2684/1684 7266/2682/1794
f 7273/2689/1796 7274/2690/1797 7275/2691/1798
f 7275/2691/1798 7276/2692/1799 7273/2689/1801
f 7277/2693/3193 7273/2689/1796 7276/2692/1802
f 7276/2692/1803 7278/2694/1804 7277/2693/1800
f 7279/2695/1805 7277/2693/1800 7278/2694/1806
f 7278/2694/1807 7280/2696/1808 7279/2695/1805
f 7281/2697/1843 7279/2695/1805 7280/2696/1811
f 7280/2696/1812 7282/2698/1813 7281/2697/1972
f 7276/2692/1802 7275/2691/1798 7283/2699/1815
f 7283/2699/1816 7284/2700/1817 7276/2692/1818
f 7278/2694/2031 7276/2692/1803 7284/2700/1820
f 7284/2700/1820 7285/2701/1835 7278/2694/1804
f 7280/2696/2032 7278/2694/1807 7285/2701/1974
f 7285/2701/1821 7286/2702/1827 7280/2696/1825
f 7282/2698/1826 7280/2696/1825 7286/2702/1824
f 7286/2702/1829 7287/2703/1828 7282/2698/1826
f 7287/2703/1828 7286/2702/1829 7288/2704/1718
f 7288/2704/1718 7289/2705/1831 7287/2703/1828
f 7284/2700/1832 7283/2699/1815 7290/2706/1833
f 7290/2706/1833 7291/2707/1724 7284/2700/1832
f 7285/2701/1835 7284/2700/1836 7291/2707/1721
f 7291/2707/1975 7292/2708/1717 7285/2701/1835
f 7286/2702/1837 7285/2701/1838 7292/2708/1717
f 7292/2708/1717 7288/2704/1718 7286/2702/1837
f 7293/2709/1841 7294/2710/1843 7281/2697/1843
f 7281/2697/1871 7295/2695/3194 7293/2709/1841
f 7296/2711/3195 7293/2709/2036 7295/2695/3196
f 7295/2695/1844 7297/2693/1846 7296/2711/1845
f 7298/2712/1849 7296/2711/3195 7297/2693/3197
f 7297/2693/1846 7299/2689/1977 7298/2712/3198
f 7300/2713/1978 7298/2712/1847 7299/2689/1977
f 7299/2689/1853 7274/2690/1979 7300/2713/1979
f 7301/2714/1855 7302/2715/1980 7261/2677/1964
f 7261/2677/1773 7303/2675/3199 7301/2714/1855
f 7304/2716/3200 7301/2714/3201 7303/2675/1859
f 7303/2675/1858 7305/2673/1862 7304/2716/1857
f 7306/2717/3202 7304/2716/3203 7305/2673/3204
f 7305/2673/1862 7307/2669/3205 7306/2717/3206
f 7308/2718/1864 7306/2717/1861 7307/2669/3207
f 7307/2669/1863 7254/2670/1985 7308/2718/1985
f 7309/2719/1986 7310/2720/1691 7308/2718/1985
f 7308/2718/1864 7311/2717/1692 7309/2719/1705
f 7312/2721/1868 7309/2719/1711 7311/2717/1688
f 7311/2717/1869 7313/2716/1685 7312/2721/1710
f 7314/2722/1987 7312/2721/1710 7313/2716/3189
f 7313/2716/3208 7315/2714/1679 7314/2722/1708
f 7316/2723/1680 7314/2722/1708 7315/2714/1684
f 7315/2714/1684 7302/2715/1964 7316/2723/1680
f 7317/2709/1712 7294/2710/1843 7318/2724/1872
f 7318/2724/1873 7319/2725/1874 7317/2709/1712
f 7320/2711/1717 7317/2709/1718 7319/2725/1874
f 7319/2725/3209 7321/2726/3210 7320/2711/1717
f 7322/2712/1721 7320/2711/1717 7321/2726/1877
f 7321/2726/1877 7323/2727/1878 7322/2712/1721
f 7300/2713/3211 7322/2712/1721 7323/2727/1878
f 7323/2727/1878 7324/2728/3212 7300/2713/1979
f 7319/2725/1882 7318/2724/1873 7321/2726/1877
f 7325/2726/356 7321/2726/1877 7318/2724/1873
f 7324/2728/1884 7321/2726/1877 7325/2726/356
f 7324/2728/1884 7323/2727/1878 7321/2726/1877
f 7318/2724/1873 7326/2725/356 7325/2726/356
f 7325/2726/356 7327/2727/356 7324/2728/1884
f 7328/2729/1889 7329/2730/1792 7270/2686/1792
f 7270/2686/1792 7330/2687/1887 7328/2729/1889
f 7331/2731/1988 7328/2729/1889 7330/2687/1887
f 7330/2687/3213 7332/2688/1989 7331/2731/1988
f 7333/2732/1891 7331/2731/2047 7332/2688/1892
f 7332/2688/1989 7334/2684/3214 7333/2732/3215
f 7335/2733/1789 7333/2732/1891 7334/2684/1893
f 7334/2684/1893 7269/2685/1789 7335/2733/1789
f 7336/2704/1897 7289/2705/1895 7337/2734/1895
f 7337/2734/1895 7338/2735/1896 7336/2704/1897
f 7339/2708/3216 7336/2704/3217 7338/2735/3218
f 7338/2735/1896 7340/2736/1903 7339/2708/1898
f 7341/2707/1901 7339/2708/1990 7340/2736/1991
f 7340/2736/1991 7342/2737/1904 7341/2707/1901
f 7290/2706/1834 7341/2707/1901 7342/2737/1904
f 7342/2737/1904 7343/2738/1834 7290/2706/1834
f 7344/2739/1992 7345/2740/1713 7337/2734/1895
f 7337/2734/1831 7346/2735/1810 7344/2739/1712
f 7347/2741/1717 7344/2739/1718 7346/2735/3219
f 7346/2735/1805 7348/2736/1800 7347/2741/1717
f 7349/2742/1975 7347/2741/1717 7348/2736/1800
f 7348/2736/1800 7350/2737/1801 7349/2742/1721
f 7351/2743/1725 7349/2742/1721 7350/2737/1796
f 7350/2737/1796 7343/2738/1833 7351/2743/1725
f 7352/2729/1705 7329/2730/1791 7353/2744/1691
f 7353/2744/1691 7354/2745/1692 7352/2729/1711
f 7355/2731/1710 7352/2729/1711 7354/2745/1688
f 7354/2745/1688 7356/2746/1685 7355/2731/1710
f 7357/2732/1708 7355/2731/1710 7356/2746/1685
f 7356/2746/1685 7358/2747/1684 7357/2732/1708
f 7335/2733/1789 7357/2732/1708 7358/2747/1684
f 7358/2747/1679 7359/2748/1680 7335/2733/1789
f 7360/2749/1752 7361/2750/1753 7362/2751/1753
f 7362/2751/1753 7363/2752/1754 7360/2749/1752
f 7364/2753/1755 7360/2749/1752 7363/2752/1754
f 7363/2752/3220 7365/2754/1756 7364/2753/1755
f 7366/2755/1757 7364/2753/3187 7365/2754/1756
f 7365/2754/1756 7367/2756/1758 7366/2755/1757
f 7368/2757/1759 7366/2755/1757 7367/2756/3221
f 7367/2756/3221 7369/2758/1759 7368/2757/1759
f 7370/2759/1679 7371/2760/1680 7372/2761/1681
f 7372/2761/1682 7373/2762/1683 7370/2759/1679
f 7374/2763/1685 7370/2759/1684 7373/2762/1683
f 7373/2762/1686 7375/2764/1687 7374/2763/3189
f 7376/2765/1692 7374/2763/1685 7375/2764/1687
f 7375/2764/1689 7377/2766/1690 7376/2765/1688
f 7378/2767/1691 7376/2765/1692 7377/2766/1690
f 7377/2766/1693 7379/2768/1694 7378/2767/1691
f 7373/2762/1683 7372/2761/1695 7380/2769/1942
f 7380/2769/1942 7381/2770/1950 7373/2762/1943
f 7375/2764/1687 7373/2762/1683 7381/2770/1697
f 7381/2770/1950 7382/2771/1701 7375/2764/1994
f 7377/2766/1693 7375/2764/1689 7382/2771/3222
f 7382/2771/1701 7383/2772/1951 7377/2766/1995
f 7379/2768/1694 7377/2766/1690 7383/2772/1996
f 7383/2772/1702 7384/2773/1703 7379/2768/1694
f 7384/2773/1944 7383/2772/1996 7385/2774/1711
f 7385/2774/3223 7386/2775/1691 7384/2773/1944
f 7381/2770/1697 7380/2769/1998 7387/2776/1680
f 7387/2776/1680 7388/2777/1708 7381/2770/1697
f 7382/2771/1698 7381/2770/2007 7388/2777/1707
f 7388/2777/1708 7389/2778/1710 7382/2771/1698
f 7383/2772/1702 7382/2771/1698 7389/2778/1710
f 7389/2778/3190 7385/2774/1705 7383/2772/1702
f 7390/2779/1718 7391/2780/1713 7392/2781/1714
f 7392/2781/1715 7393/2782/1716 7390/2779/1718
f 7394/2783/1717 7390/2779/1718 7393/2782/1716
f 7393/2782/1719 7395/2784/1720 7394/2783/1717
f 7396/2785/1721 7394/2783/1717 7395/2784/1720
f 7395/2784/1722 7397/2786/1723 7396/2785/1724
f 7398/2787/1725 7396/2785/1724 7397/2786/1723
f 7397/2786/1726 7399/2788/1727 7398/2787/1725
f 7393/2782/1716 7392/2781/1945 7400/2789/1730
f 7400/2789/1730 7401/2790/1731 7393/2782/1946
f 7395/2784/1722 7393/2782/1716 7401/2790/1732
f 7401/2790/1731 7402/2791/1733 7395/2784/1999
f 7397/2786/1726 7395/2784/1720 7402/2791/1735
f 7402/2791/1733 7403/2792/1738 7397/2786/1953
f 7399/2788/1727 7397/2786/1723 7403/2792/1737
f 7403/2792/1736 7404/2793/1947 7399/2788/1727
f 7404/2793/1742 7403/2792/1737 7405/2794/1740
f 7405/2794/1740 7406/2795/1956 7404/2793/1742
f 7407/2794/356 7406/2795/1743 7405/2794/1740
f 7401/2790/1744 7400/2789/2000 7408/2796/1746
f 7408/2796/1746 7409/2797/1747 7401/2790/1744
f 7402/2791/1735 7401/2790/1732 7409/2797/1747
f 7409/2797/1747 7410/2798/1748 7402/2791/1735
f 7403/2792/1736 7402/2791/1735 7410/2798/1748
f 7410/2798/3185 7405/2794/1740 7403/2792/1736
f 7405/2794/1749 7410/2798/1750 7409/2797/1751
f 7405/2794/1740 7409/2797/1747 7407/2794/356
f 7407/2794/356 7409/2797/1747 7411/2797/356
f 7411/2797/356 7412/2798/356 7407/2794/356
f 7408/2796/1746 7411/2797/356 7409/2797/1751
f 7413/2799/159 7414/2800/159 7415/2801/159
f 7415/2801/159 7416/2802/159 7413/2799/159
f 7413/2799/159 7416/2802/159 7417/2803/159
f 7417/2803/159 7418/2804/159 7413/2799/159
f 7415/2801/159 7419/2805/159 7416/2802/159
f 7420/2806/159 7417/2803/159 7416/2802/159
f 7421/2807/159 7422/2808/159 7423/2809/159
f 7423/2809/159 7424/2810/159 7421/2807/159
f 7421/2807/159 7424/2810/159 7425/2811/159
f 7425/2811/159 7426/2812/159 7421/2807/159
f 7423/2809/159 7427/2813/159 7424/2810/159
f 7428/2814/159 7425/2811/159 7424/2810/159
f 7429/2815/159 7430/2816/159 7431/2817/159
f 7431/2817/159 7432/2818/159 7429/2815/159
f 7429/2815/159 7432/2818/159 7433/2819/159
f 7433/2819/159 7434/2820/159 7429/2815/159
f 7431/2817/159 7435/2821/159 7432/2818/159
f 7436/2822/159 7433/2819/159 7432/2818/159
f 7437/2823/1913 7438/2824/159 7439/2825/159
f 7439/2825/159 7440/2826/1908 7437/2823/1912
f 7437/2823/1907 7440/2826/1909 7441/2827/1910
f 7441/2827/1927 7442/2828/1911 7437/2823/1912
f 7437/2823/1912 7442/2828/1926 7443/2829/1915
f 7443/2829/1915 7444/2830/2001 7437/2823/1912
f 7445/2831/356 7444/2830/3224 7443/2829/1915
f 7439/2825/159 7446/2832/159 7440/2826/1908
f 7447/2833/356 7448/2834/356 7445/2831/356
f 7445/2831/356 7449/2835/1918 7447/2833/356
f 7450/2836/2003 7447/2833/356 7449/2835/1921
f 7450/2836/2003 7449/2835/1918 7451/2837/1923
f 7451/2837/1923 7440/2826/1908 7450/2836/2003
f 7451/2837/1922 7441/2827/1910 7440/2826/1909
f 7441/2827/1910 7451/2837/1924 7449/2835/1920
f 7449/2835/1920 7452/2838/1925 7441/2827/1910
f 7442/2828/1926 7441/2827/1927 7452/2838/1925
f 7452/2838/1925 7443/2829/1915 7442/2828/1926
f 7443/2829/2004 7452/2838/1929 7449/2835/1918
f 7443/2829/1915 7449/2835/1918 7445/2831/356
f 7453/2839/159 7454/2840/159 7455/2841/159
f 7455/2841/159 7456/2842/159 7453/2839/159
f 7453/2839/159 7456/2842/159 7457/2843/159
f 7457/2843/159 7458/2844/159 7453/2839/159
f 7455/2841/159 7459/2845/159 7456/2842/159
f 7460/2846/159 7457/2843/159 7456/2842/159
f 7461/2847/156 7462/2848/156 7463/2849/156
f 7464/2850/356 7465/2851/356 7466/2852/356
f 7467/2853/1679 7468/2854/1680 7469/2855/1681
f 7469/2855/1682 7470/2856/1683 7467/2853/1684
f 7471/2857/1685 7467/2853/1684 7470/2856/1683
f 7470/2856/1686 7472/2858/1687 7471/2857/1685
f 7473/2859/1688 7471/2857/1685 7472/2858/1687
f 7472/2858/1689 7474/2860/1690 7473/2859/1688
f 7475/2861/1691 7473/2859/1692 7474/2860/1690
f 7474/2860/1690 7476/2862/2006 7475/2861/1691
f 7470/2856/1683 7469/2855/1695 7477/2863/1696
f 7477/2863/1942 7478/2864/1950 7470/2856/1943
f 7472/2858/1687 7470/2856/1683 7478/2864/1697
f 7478/2864/1950 7479/2865/3225 7472/2858/1699
f 7474/2860/1690 7472/2858/1687 7479/2865/1698
f 7479/2865/1701 7480/2866/1702 7474/2860/1995
f 7476/2862/1694 7474/2860/1995 7480/2866/1996
f 7480/2866/1951 7481/2867/1703 7476/2862/1694
f 7481/2867/1944 7480/2866/1702 7482/2852/1705
f 7482/2852/1711 7483/2868/1691 7481/2867/1944
f 7478/2864/1697 7477/2863/2009 7484/2869/1680
f 7484/2869/1680 7485/2850/1707 7478/2864/1697
f 7479/2865/1698 7478/2864/1697 7485/2850/1708
f 7485/2850/1708 7486/2851/1710 7479/2865/1698
f 7480/2866/1702 7479/2865/1698 7486/2851/1710
f 7486/2851/1710 7482/2852/1711 7480/2866/1702
f 7487/2870/1712 7488/2871/1713 7489/2872/1714
f 7489/2872/2010 7490/2873/1716 7487/2870/1712
f 7491/2874/1717 7487/2870/1718 7490/2873/1716
f 7490/2873/1719 7492/2875/1720 7491/2874/1717
f 7493/2876/1721 7491/2874/1717 7492/2875/1720
f 7492/2875/1722 7494/2877/1723 7493/2876/1721
f 7495/2878/1725 7493/2876/1724 7494/2877/1723
f 7494/2877/1723 7496/2879/1727 7495/2878/1725
f 7490/2873/1716 7489/2872/1945 7497/2880/1729
f 7497/2880/1730 7498/2881/1731 7490/2873/1716
f 7492/2875/1720 7490/2873/1716 7498/2881/1744
f 7498/2881/1731 7499/2882/1733 7492/2875/1734
f 7494/2877/1723 7492/2875/1720 7499/2882/1735
f 7499/2882/1733 7500/2883/1736 7494/2877/1953
f 7496/2879/1727 7494/2877/1723 7500/2883/1736
f 7500/2883/1738 7501/2884/1947 7496/2879/1727
f 7501/2884/1742 7500/2883/1736 7502/2885/2011
f 7502/2885/2011 7503/2886/1949 7501/2884/1742
f 7502/2885/2011 7504/2885/356 7503/2886/1743
f 7498/2881/1744 7497/2880/2000 7505/2887/2012
f 7505/2887/2012 7506/2888/1874 7498/2881/1744
f 7499/2882/1733 7498/2881/1744 7506/2888/1874
f 7506/2888/1876 7507/2889/1800 7499/2882/1735
f 7500/2883/1736 7499/2882/1735 7507/2889/1800
f 7507/2889/3193 7502/2885/2011 7500/2883/1736
f 7502/2885/2011 7506/2888/1882 7505/2887/2012
f 7505/2887/3226 7508/2888/356 7502/2885/2011
f 7502/2885/2011 7508/2888/356 7509/2889/356
f 7509/2889/356 7504/2885/356 7502/2885/2011
f 7510/2890/2013 7511/2891/2014 7512/2892/2014
f 7512/2892/2014 7513/2893/2015 7510/2890/2013
f 7514/2894/2016 7510/2890/2013 7513/2893/2015
f 7513/2893/2015 7515/2895/2017 7514/2894/2018
f 7516/2896/2019 7514/2894/2018 7515/2895/2017
f 7515/2895/2020 7517/2897/2021 7516/2896/3227
f 7518/2898/2023 7516/2896/2022 7517/2897/3228
f 7517/2897/3228 7519/2899/2023 7518/2898/2023
f 7520/2900/1986 7521/2901/1760 7522/2902/1761
f 7522/2902/1761 7523/2903/1777 7520/2900/1705
f 7524/2904/2024 7520/2900/1711 7523/2903/1763
f 7523/2903/1764 7525/2905/1765 7524/2904/1710
f 7526/2906/1708 7524/2904/1710 7525/2905/1766
f 7525/2905/1767 7527/2907/1768 7526/2906/1708
f 7528/2908/1964 7526/2906/1707 7527/2907/1770
f 7527/2907/1771 7529/2909/1772 7528/2908/1966
f 7523/2903/2025 7522/2902/1761 7530/2910/1774
f 7530/2910/1775 7531/2911/2026 7523/2903/1764
f 7525/2905/2027 7523/2903/1764 7531/2911/2026
f 7531/2911/1793 7532/2912/1795 7525/2905/1767
f 7527/2907/1968 7525/2905/1767 7532/2912/1782
f 7532/2912/1782 7533/2913/1971 7527/2907/1771
f 7529/2909/1785 7527/2907/1771 7533/2913/1970
f 7533/2913/1970 7534/2914/1787 7529/2909/1772
f 7534/2914/1787 7533/2913/1788 7535/2915/1679
f 7535/2915/1679 7536/2916/1789 7534/2914/1787
f 7531/2911/1790 7530/2910/1774 7537/2917/1791
f 7537/2917/1792 7538/2918/1692 7531/2911/1790
f 7532/2912/1779 7531/2911/1793 7538/2918/1692
f 7538/2918/1692 7539/2919/1685 7532/2912/1779
f 7533/2913/1794 7532/2912/1795 7539/2919/1685
f 7539/2919/1870 7535/2915/1684 7533/2913/1794
f 7540/2920/1796 7541/2921/1797 7542/2922/1798
f 7542/2922/1798 7543/2923/1818 7540/2920/1796
f 7544/2924/1800 7540/2920/1801 7543/2923/1802
f 7543/2923/1803 7545/2925/1804 7544/2924/1800
f 7546/2926/1805 7544/2924/1800 7545/2925/1806
f 7545/2925/1807 7547/2927/1808 7546/2926/1805
f 7548/2928/1843 7546/2926/1810 7547/2927/1811
f 7547/2927/1812 7549/2929/1813 7548/2928/1972
f 7543/2923/3229 7542/2922/1798 7550/2930/1815
f 7550/2930/1816 7551/2931/2030 7543/2923/1803
f 7545/2925/2031 7543/2923/1803 7551/2931/2030
f 7551/2931/2030 7552/2932/1838 7545/2925/1807
f 7547/2927/1973 7545/2925/1807 7552/2932/1974
f 7552/2932/1838 7553/2933/2033 7547/2927/1812
f 7549/2929/1826 7547/2927/1812 7553/2933/2033
f 7553/2933/2033 7554/2934/1828 7549/2929/1813
f 7554/2934/1828 7553/2933/2034 7555/2935/1712
f 7555/2935/1712 7556/2936/1895 7554/2934/1828
f 7551/2931/1832 7550/2930/1815 7557/2937/1833
f 7557/2937/1834 7558/2938/1724 7551/2931/1832
f 7552/2932/1835 7551/2931/2035 7558/2938/1724
f 7558/2938/3230 7559/2939/1717 7552/2932/1835
f 7553/2933/1837 7552/2932/1838 7559/2939/1717
f 7559/2939/1717 7555/2935/1718 7553/2933/1837
f 7560/2920/1977 7541/2921/1979 7561/2940/1979
f 7561/2940/1850 7562/2941/1847 7560/2920/1852
f 7563/2924/1846 7560/2920/1977 7562/2941/1851
f 7562/2941/1847 7564/2942/1845 7563/2924/1846
f 7565/2926/1844 7563/2924/1846 7564/2942/1845
f 7564/2942/1845 7566/2943/1841 7565/2926/1844
f 7548/2928/1972 7565/2926/1844 7566/2943/1841
f 7566/2943/2036 7567/2944/1843 7548/2928/1843
f 7568/2900/2037 7521/2901/1985 7569/2945/1985
f 7569/2945/1864 7570/2946/1861 7568/2900/1863
f 7571/2904/1862 7568/2900/1863 7570/2946/1861
f 7570/2946/2038 7572/2947/1857 7571/2904/1862
f 7573/2906/1858 7571/2904/1862 7572/2947/1857
f 7572/2947/1857 7574/2948/1855 7573/2906/2039
f 7528/2908/1966 7573/2906/1858 7574/2948/1855
f 7574/2948/1855 7575/2949/1964 7528/2908/1964
f 7576/2948/1679 7575/2949/1964 7577/2950/1680
f 7577/2950/1680 7578/2951/1707 7576/2948/1679
f 7579/2947/3231 7576/2948/1679 7578/2951/1707
f 7578/2951/1987 7580/2952/1710 7579/2947/1685
f 7581/2946/1688 7579/2947/1685 7580/2952/1710
f 7580/2952/3190 7582/2953/1711 7581/2946/1688
f 7569/2945/1864 7581/2946/1692 7582/2953/1705
f 7582/2953/1705 7583/2954/1691 7569/2945/1985
f 7584/2943/1712 7567/2944/1843 7585/2955/2012
f 7585/2955/2012 7586/2956/1874 7584/2943/1712
f 7587/2942/1717 7584/2943/1718 7586/2956/1874
f 7586/2956/1876 7588/2957/2041 7587/2942/1717
f 7589/2941/1975 7587/2942/1717 7588/2957/2041
f 7588/2957/2042 7590/2958/1878 7589/2941/1721
f 7561/2940/1978 7589/2941/1724 7590/2958/1878
f 7590/2958/3232 7591/2959/2043 7561/2940/1979
f 7588/2957/2042 7586/2956/1882 7585/2955/2012
f 7588/2957/2042 7585/2955/2012 7592/2956/356
f 7592/2956/356 7593/2957/356 7588/2957/2041
f 7588/2957/2042 7593/2957/356 7594/2958/356
f 7594/2958/356 7591/2959/2044 7588/2957/2041
f 7588/2957/2042 7591/2959/2045 7590/2958/1885
f 7595/2915/1893 7536/2916/1789 7596/2960/1789
f 7596/2960/1789 7597/2961/1891 7595/2915/1893
f 7598/2919/1890 7595/2915/1893 7597/2961/1891
f 7597/2961/1891 7599/2962/1888 7598/2919/1892
f 7600/2918/1887 7598/2919/1890 7599/2962/2047
f 7599/2962/2047 7601/2963/1889 7600/2918/1887
f 7537/2917/1792 7600/2918/1887 7601/2963/1889
f 7601/2963/1889 7602/2964/1792 7537/2917/1792
f 7603/2965/1904 7604/2966/1834 7557/2937/1834
f 7557/2937/1834 7605/2938/1901 7603/2965/2048
f 7606/2967/1903 7603/2965/1904 7605/2938/1901
f 7605/2938/1901 7607/2939/1902 7606/2967/1903
f 7608/2968/1896 7606/2967/1900 7607/2939/2049
f 7607/2939/1898 7609/2935/1897 7608/2968/1896
f 7610/2969/1831 7608/2968/1896 7609/2935/1897
f 7609/2935/1897 7556/2936/1895 7610/2969/1895
f 7611/2965/1796 7604/2966/1833 7612/2970/1725
f 7612/2970/1725 7613/2971/1724 7611/2965/1796
f 7614/2967/1905 7611/2965/1801 7613/2971/1721
f 7613/2971/1721 7615/2972/1717 7614/2967/1800
f 7616/2968/1805 7614/2967/1800 7615/2972/1717
f 7615/2972/1875 7617/2973/1718 7616/2968/1805
f 7610/2969/1895 7616/2968/1805 7617/2973/1718
f 7617/2973/1712 7618/2974/1713 7610/2969/1895
f 7619/2975/1679 7620/2976/1680 7596/2960/1789
f 7596/2960/1906 7621/2961/1707 7619/2975/1679
f 7622/2977/1685 7619/2975/1684 7621/2961/1708
f 7621/2961/1707 7623/2962/1710 7622/2977/1685
f 7624/2978/1692 7622/2977/1685 7623/2962/1710
f 7623/2962/1710 7625/2963/1711 7624/2978/1688
f 7626/2979/1691 7624/2978/1688 7625/2963/1711
f 7625/2963/1705 7602/2964/1791 7626/2979/1691
f 7627/2980/159 7628/2981/159 7629/2982/159
f 7627/2980/159 7629/2982/159 7630/2983/159
f 7630/2983/159 7631/2984/159 7627/2980/159
f 7627/2980/159 7631/2984/159 7632/2985/159
f 7632/2985/159 7633/2986/159 7627/2980/159
f 7627/2980/159 7633/2986/159 7634/2987/159
f 7635/2988/2050 7636/2989/159 7637/2990/159
f 7635/2988/2051 7637/2990/159 7638/2991/159
f 7638/2991/159 7639/2992/2052 7635/2988/2050
f 7635/2988/2051 7639/2992/3233 7640/2993/2053
f 7640/2993/3234 7641/2994/2054 7635/2988/2050
f 7635/2988/2051 7641/2994/2055 7642/2995/2056
f 7635/2988/2051 7642/2995/2057 7643/2996/2058
f 7643/2996/2058 7644/2997/2059 7635/2988/2051
f 7643/2996/2058 7645/2998/356 7644/2997/2060
f 7646/2999/356 7645/2998/356 7643/2996/2061
f 7640/2993/2053 7639/2992/2062 7647/3000/2063
f 7647/3000/2063 7648/3001/2064 7640/2993/2053
f 7641/2994/2054 7640/2993/2053 7648/3001/2064
f 7648/3001/2064 7649/3002/2066 7641/2994/2065
f 7642/2995/2057 7641/2994/2065 7649/3002/3235
f 7649/3002/2066 7643/2996/2058 7642/2995/2057
f 7643/2996/2058 7649/3002/2067 7648/3001/2064
f 7643/2996/2058 7648/3001/2064 7647/3000/2068
f 7647/3000/2063 7650/3003/356 7643/2996/2061
f 7643/2996/2058 7650/3003/356 7646/2999/356
f 7651/3004/159 7652/3005/159 7653/3006/159
f 7651/3004/159 7653/3006/159 7654/3007/159
f 7654/3007/159 7655/3008/159 7651/3004/159
f 7651/3004/159 7655/3008/159 7656/3009/159
f 7656/3009/159 7657/3010/159 7651/3004/159
f 7651/3004/159 7657/3010/159 7658/3011/159
f 7659/3012/2069 7660/3013/2070 7661/3013/2071
f 7662/3014/2072 7661/3013/2071 7660/3013/2073
f 7661/3013/2074 7662/3014/2072 7663/3012/2075
f 7661/3013/2071 7663/3012/2076 7659/3012/2069
f 7664/3014/2077 7659/3012/2069 7663/3012/2078
f 7663/3012/2078 7662/3014/2072 7664/3014/2077
f 7660/3013/2079 7664/3014/2077 7662/3014/2072
f 7665/3015/356 7666/3016/356 7667/3017/356
f 7668/3018/159 7669/3019/159 7670/3020/159
f 7671/3021/3236 7672/3022/3236 7673/3023/3236
f 7674/3024/356 7675/3025/356 7676/3026/356
f 7677/3027/159 7678/3028/159 7679/3029/159
f 7680/3030/2081 7681/3031/2081 7682/3032/2081
f 7683/3033/2082 7684/3034/2082 7685/3035/2082
f 7686/3036/2083 7687/3037/2083 7688/3038/2083
f 7689/3039/2084 7690/3040/2084 7691/3041/2084
f 7692/3042/2083 7693/3043/2083 7694/3044/2083
f 7695/3045/2084 7696/3046/2084 7697/3047/2084
f 7698/3048/2081 7699/3049/2081 7700/3050/2081
f 7701/3051/2082 7702/3052/2082 7703/3053/2082
f 7704/3054/166 7705/3055/166 7706/3056/166
f 7706/3056/166 7707/3057/166 7704/3054/166
f 7708/3058/2085 7704/3054/166 7707/3057/166
f 7707/3057/166 7709/3059/166 7708/3058/166
f 7710/3060/2086 7708/3058/2086 7709/3059/2086
f 7709/3059/2086 7711/3061/2086 7710/3060/2086
f 7707/3057/166 7706/3056/166 7712/3062/166
f 7712/3062/166 7713/3063/166 7707/3057/166
f 7714/3064/2087 7715/3065/2087 7716/3066/2088
f 7716/3066/2088 7717/3067/2089 7714/3064/2087
f 7718/3068/2090 7714/3064/2087 7717/3067/2089
f 7717/3067/2089 7719/3069/2091 7718/3068/2092
f 7719/3069/2093 7717/3067/2094 7720/3070/2095
f 7720/3070/2095 7721/3071/2096 7719/3069/2093
f 7722/3072/2097 7721/3071/2096 7720/3070/2095
f 7720/3070/2095 7723/3073/2098 7722/3072/2099
f 7717/3067/2089 7716/3066/2088 7724/3074/2100
f 7724/3074/2100 7725/3075/2101 7717/3067/2089
f 7720/3070/2104 7717/3067/2094 7725/3075/2101
f 7725/3075/2101 7726/3076/2102 7720/3070/2095
f 7723/3073/2103 7720/3070/2104 7726/3076/2102
f 7726/3076/2105 7727/3077/2106 7723/3073/2103
f 7727/3077/2107 7726/3076/2102 7725/3075/2101
f 7725/3075/2101 7724/3074/2108 7727/3077/2107
f 7728/3078/2109 7729/3079/2110 7730/3080/2111
f 7730/3080/2111 7731/3081/2112 7728/3078/2113
f 7728/3078/2113 7731/3081/2112 7732/3082/2114
f 7732/3082/2114 7733/3083/2115 7728/3078/2116
f 7734/3084/2117 7731/3081/2112 7730/3080/2111
f 7731/3081/2112 7734/3084/2118 7735/3085/2119
f 7735/3085/2119 7736/3086/2120 7731/3081/2112
f 7732/3082/2114 7731/3081/2112 7736/3086/2122
f 7736/3086/2123 7737/3087/2124 7732/3082/2114
f 7737/3087/2125 7736/3086/2123 7735/3085/2119
f 7735/3085/2119 7738/3088/2126 7737/3087/2125
f 7738/3088/2126 7735/3085/2127 7734/3084/2117
f 7734/3084/2118 7739/3089/2128 7738/3088/2126
f 7730/3080/2111 7740/3090/2129 7734/3084/2117
f 7739/3089/2128 7734/3084/2117 7740/3090/2129
f 7740/3090/2129 7741/3091/2130 7739/3089/2128
f 7741/3091/2130 7740/3090/2129 7742/3092/2131
f 7742/3092/2131 7743/3093/2132 7741/3091/2130
f 7740/3090/2129 7730/3080/2133 7744/3094/2132
f 7744/3094/2132 7742/3092/2131 7740/3090/2129
f 7745/3095/2134 7746/3096/2135 7747/3097/2135
f 7747/3097/2135 7748/3098/2136 7745/3095/2134
f 7749/3099/2137 7745/3095/2134 7748/3098/2136
f 7748/3098/2136 7750/3100/3237 7749/3099/2137
f 7751/3101/2139 7749/3099/2137 7750/3100/2138
f 7750/3100/2140 7752/3102/2141 7751/3101/2139
f 7753/3103/2142 7751/3101/2139 7752/3102/2141
f 7752/3102/2143 7754/3104/2144 7753/3103/2145
f 7755/3105/2146 7753/3103/2145 7754/3104/2144
f 7754/3104/2144 7756/3106/2147 7755/3105/2147
f 7755/3105/2146 7756/3106/2146 7757/3107/2148
f 7757/3107/2149 7758/3108/2150 7755/3105/2151
f 7757/3107/2149 7759/3109/159 7758/3108/2148
f 7760/3110/159 7759/3109/159 7757/3107/2149
f 7757/3107/2149 7761/3111/159 7760/3110/159
f 7762/3112/635 7760/3110/635 7761/3111/635
f 7763/3113/2152 7760/3110/2152 7762/3112/2152
f 7762/3112/2153 7764/3114/2153 7763/3113/2153
f 7765/3115/2154 7763/3113/635 7764/3114/2154
f 7765/3115/159 7766/3116/159 7763/3113/159
f 7764/3114/2154 7767/3117/2154 7765/3115/2154
f 7768/3118/159 7765/3115/159 7767/3117/159
f 7767/3117/159 7769/3119/159 7768/3118/159
f 7768/3118/159 7769/3119/159 7770/3120/159
f 7770/3120/159 7771/3121/2155 7768/3118/159
f 7768/3118/159 7771/3121/2155 7772/3122/2156
f 7772/3122/2157 7773/3123/159 7768/3118/159
f 7773/3123/159 7772/3122/2158 7774/3124/159
f 7774/3124/159 7775/3125/159 7773/3123/159
f 7771/3121/2155 7770/3120/159 7776/3126/2159
f 7771/3121/2155 7776/3126/2159 7777/3127/2160
f 7777/3127/3238 7778/3128/2161 7771/3121/2155
f 7772/3122/2158 7771/3121/2155 7778/3128/2162
f 7778/3128/2163 7779/3129/2164 7772/3122/3239
f 7780/3130/2165 7772/3122/2166 7779/3129/2167
f 7774/3124/159 7772/3122/2158 7780/3130/2168
f 7780/3130/2169 7781/3131/159 7774/3124/159
f 7776/3126/2170 7770/3120/159 7782/3132/159
f 7782/3132/159 7783/3133/2159 7776/3126/2159
f 7776/3126/3240 7783/3133/3241 7784/3134/2159
f 7784/3134/2170 7777/3127/2160 7776/3126/2159
f 7785/3135/2172 7777/3127/2160 7784/3134/2170
f 7778/3128/2163 7777/3127/2160 7785/3135/2173
f 7785/3135/2173 7786/3136/2174 7778/3128/2163
f 7779/3129/2164 7778/3128/2163 7786/3136/2174
f 7786/3136/2174 7787/3137/2175 7779/3129/2176
f 7779/3129/2164 7787/3137/2177 7780/3130/2165
f 7783/3133/2159 7782/3132/159 7788/3138/159
f 7788/3138/159 7789/3139/2178 7783/3133/2170
f 7783/3133/2170 7789/3139/2180 7790/3140/2181
f 7790/3140/2181 7784/3134/2171 7783/3133/2171
f 7791/3141/2182 7784/3134/2159 7790/3140/2183
f 7784/3134/2159 7791/3141/2182 7785/3135/2172
f 7785/3135/2184 7791/3141/2182 7792/3142/2185
f 7792/3142/2185 7793/3143/2187 7785/3135/2188
f 7786/3136/2174 7785/3135/2172 7793/3143/2189
f 7789/3139/2178 7788/3138/159 7794/3144/159
f 7794/3144/159 7795/3145/159 7789/3139/2178
f 7780/3130/2169 7789/3139/2178 7795/3145/159
f 7789/3139/2190 7780/3130/2165 7796/3146/2191
f 7796/3146/2192 7790/3140/2193 7789/3139/3242
f 7790/3140/2181 7796/3146/2191 7791/3141/2182
f 7797/3147/2194 7791/3141/2182 7796/3146/2192
f 7791/3141/2182 7797/3147/2194 7798/3148/2196
f 7798/3148/2197 7792/3142/2198 7791/3141/2199
f 7792/3142/2185 7798/3148/2200 7799/3149/2201
f 7799/3149/2201 7793/3143/2202 7792/3142/2185
f 7793/3143/2187 7799/3149/2203 7786/3136/2204
f 7795/3145/159 7800/3150/159 7780/3130/2168
f 7781/3131/159 7780/3130/2168 7800/3150/159
f 7800/3150/159 7801/3151/159 7781/3131/159
f 7799/3149/2201 7798/3148/2197 7797/3147/2206
f 7797/3147/2207 7786/3136/2174 7799/3149/3243
f 7787/3137/2175 7786/3136/2174 7797/3147/2194
f 7797/3147/2194 7802/3152/2208 7787/3137/2175
f 7780/3130/2209 7787/3137/2210 7802/3152/2208
f 7802/3152/2208 7796/3146/2211 7780/3130/2169
f 7796/3146/2191 7802/3152/2208 7797/3147/2195
f 7803/3153/356 7804/3154/356 7805/3155/2212
f 7805/3155/2212 7806/3156/356 7803/3153/356
f 7806/3156/356 7805/3155/2213 7807/3157/2214
f 7807/3157/2215 7805/3155/2212 7808/3158/2216
f 7808/3158/2216 7809/3159/2217 7807/3157/2218
f 7810/3160/2219 7809/3159/2220 7808/3158/2221
f 7808/3158/2222 7811/3161/2223 7810/3160/2219
f 7812/3162/2224 7810/3160/2219 7811/3161/2223
f 7811/3161/2223 7813/3163/2225 7812/3162/2224
f 7814/3164/2226 7812/3162/2224 7813/3163/2225
f 7813/3163/2225 7815/3165/3244 7814/3164/2226
f 7816/3166/2228 7814/3164/2226 7815/3165/2227
f 7815/3165/2227 7817/3167/2229 7816/3166/2228
f 7818/3168/2230 7816/3166/2228 7817/3167/2229
f 7817/3167/2229 7819/3169/2230 7818/3168/2230
f 7820/3170/158 7821/3171/158 7822/3172/158
f 7822/3172/158 7823/3173/158 7820/3170/158
f 7824/3174/156 7825/3175/156 7826/3176/2231
f 7826/3176/2231 7827/3177/156 7824/3174/156
f 7828/3178/2232 7827/3177/156 7826/3176/2231
f 7828/3178/2232 7826/3176/2231 7829/3179/2233
f 7829/3179/2233 7830/3180/2233 7828/3178/2232
f 7831/3181/2234 7832/3182/2234 7833/3183/2234
f 7833/3183/2234 7834/3184/2235 7831/3181/2234
f 7835/3185/2234 7831/3181/2234 7834/3184/2235
f 7834/3184/2235 7836/3186/2236 7835/3185/2234
f 7836/3186/2237 7834/3184/2235 7837/3187/2238
f 7837/3187/2238 7838/3188/2239 7836/3186/2237
f 7838/3188/2240 7837/3187/2238 7839/3189/2242
f 7840/3190/2242 7839/3189/2242 7837/3187/2241
f 7837/3187/2241 7841/3191/2242 7840/3190/2242
f 7842/3192/166 7843/3193/166 7844/3194/166
f 7844/3194/166 7845/3195/166 7842/3192/166
f 7846/3196/356 7847/3197/356 7848/3198/2243
f 7848/3198/2243 7849/3199/356 7846/3196/356
f 7850/3200/2244 7851/3201/2245 7852/3202/356
f 7852/3202/356 7853/3203/2246 7850/3200/2246
f 7850/3200/2246 7853/3203/2247 7854/3204/2248
f 7854/3204/2249 7855/3205/2244 7850/3200/2246
f 7856/3206/356 7855/3205/2246 7854/3204/2250
f 7854/3204/2249 7857/3207/356 7856/3206/356
f 7857/3207/356 7854/3204/2250 7858/3208/356
f 7858/3208/356 7859/3209/356 7857/3207/356
f 7857/3207/356 7859/3209/356 7860/3210/356
f 7860/3210/356 7861/3211/356 7857/3207/356
f 7862/3212/356 7861/3211/356 7860/3210/356
f 7860/3210/356 7863/3213/356 7862/3212/356
f 7863/3213/356 7860/3210/356 7864/3214/2251
f 7864/3214/2251 7865/3215/356 7863/3213/356
f 7866/3216/2252 7865/3215/356 7864/3214/2251
f 7864/3214/2253 7867/3217/2254 7866/3216/2255
f 7868/3218/2256 7869/3219/2257 7870/3220/2257
f 7870/3220/2257 7871/3221/2256 7868/3218/2256
f 7868/3218/2256 7871/3221/2258 7872/3222/2259
f 7872/3222/2259 7873/3223/2260 7868/3218/2256
f 7873/3223/2260 7872/3222/2259 7874/3224/2262
f 7874/3224/2262 7875/3225/2262 7873/3223/2260
f 7876/3226/2263 7877/3227/2263 7878/3228/2264
f 7878/3228/2265 7879/3229/2266 7876/3226/166
f 7879/3229/2266 7878/3228/3245 7880/3230/2267
f 7880/3230/2267 7881/3231/2267 7879/3229/2266
f 7882/3232/2267 7880/3230/2267 7878/3228/3245
f 7878/3228/3245 7883/3233/2267 7882/3232/2267
f 7884/3234/2307 7885/3235/2307 7886/3236/2307
f 7886/3236/2307 7887/3237/2307 7884/3234/2307
f 7888/3238/166 7889/3238/166 7890/3239/166
f 7890/3239/166 7891/3239/166 7888/3238/166
f 7892/3198/2245 7848/3198/2270 7851/3201/2245
f 7851/3201/2271 7893/3201/3246 7892/3198/2273
f 7894/3205/2274 7892/3198/2273 7893/3201/2272
f 7893/3201/2272 7895/3200/2274 7894/3205/2274
f 7896/3240/166 7897/3241/166 7898/3242/166
f 7898/3242/166 7899/3243/166 7896/3240/166
f 7899/3243/166 7898/3242/166 7900/3244/166
f 7900/3244/166 7901/3245/166 7899/3243/166
f 7902/3246/2275 7903/3247/2276 7904/3248/2276
f 7904/3248/2277 7905/3249/2278 7902/3246/2279
f 7902/3246/2279 7905/3249/3247 7906/3250/2280
f 7906/3250/2280 7907/3251/157 7902/3246/2275
f 7908/3252/2281 7909/3253/2282 7910/3254/2282
f 7910/3254/2282 7911/3255/2283 7908/3252/2284
f 7912/3256/2285 7908/3252/2284 7911/3255/2286
f 7913/3257/2287 7908/3252/2284 7912/3256/2288
f 7913/3257/2289 7914/3258/2290 7908/3252/2284
f 7915/3259/2291 7914/3258/2292 7913/3257/2293
f 7916/3260/2296 7914/3258/2292 7915/3259/2291
f 7915/3259/2295 7917/3261/2294 7916/3260/2294
f 7912/3256/2288 7918/3262/2297 7913/3257/2287
f 7913/3257/2298 7919/3196/2299 7915/3259/2300
f 7920/3263/2301 7921/3264/2301 7922/3265/2301
f 7922/3265/2301 7923/3266/2301 7920/3263/2301
f 7924/3267/2302 7925/3268/2302 7926/3269/2302
f 7926/3269/2302 7927/3270/2302 7924/3267/2302
f 7928/3271/3248 7929/3272/3248 7930/3273/3248
f 7930/3273/2303 7931/3274/2303 7928/3271/2303
f 7932/3275/2305 7933/3276/2305 7934/3277/2305
f 7934/3277/2305 7935/3278/2305 7932/3275/2305
f 7876/3226/166 7936/3279/166 7937/3280/166
f 7937/3280/166 7938/3281/166 7876/3226/166
f 7938/3281/166 7937/3280/166 7939/3282/166
f 7939/3282/2306 7940/3283/2306 7938/3281/2306
f 7940/3283/2263 7939/3282/2263 7941/3284/2263
f 7941/3284/166 7942/3285/166 7940/3283/166
f 7943/3286/169 7944/3287/169 7945/3288/169
f 7945/3288/2307 7946/3289/2307 7943/3286/2307
f 7947/3290/169 7948/3291/169 7949/3292/169
f 7949/3292/169 7950/3293/169 7947/3290/169
f 7950/3293/169 7949/3292/169 7951/3294/2308
f 7951/3294/2308 7952/3295/2309 7950/3293/2310
f 7952/3295/2309 7951/3294/2308 7953/3296/159
f 7953/3296/159 7954/3297/159 7952/3295/2309
f 7955/3277/356 7956/3274/356 7957/3298/356
f 7957/3298/356 7958/3299/356 7955/3277/356
f 7959/3300/2311 7960/3301/2311 7961/3302/2311
f 7961/3302/2311 7962/3303/2311 7959/3300/2311
f 7963/3304/2312 7964/3305/2312 7965/3306/2312
f 7965/3306/2312 7966/3307/2312 7963/3304/2312
f 7967/3308/2313 7968/3309/2313 7969/3310/2313
f 7969/3310/2313 7970/3311/2313 7967/3308/2313
f 7971/3312/2314 7972/3313/2314 7973/3314/2314
f 7973/3314/2314 7974/3315/2314 7971/3312/2314
f 7974/3315/169 7973/3314/169 7975/3316/169
f 7975/3316/169 7976/3317/169 7974/3315/2315
f 7976/3317/169 7975/3316/169 7977/3318/169
f 7977/3318/169 7978/3319/169 7976/3317/169
f 7979/3320/169 7977/3318/169 7975/3316/169
f 7975/3316/169 7980/3321/169 7979/3320/169
f 7981/3322/2212 7982/3323/356 7983/3324/356
f 7983/3324/356 7984/3325/356 7981/3322/2212
f 7984/3325/356 7985/3326/2214 7981/3322/2213
f 7986/3327/2316 7981/3322/2212 7985/3326/2215
f 7985/3326/2215 7987/3328/2317 7986/3327/2318
f 7986/3327/2217 7987/3328/2319 7988/3329/2320
f 7988/3329/2320 7989/3330/2223 7986/3327/2217
f 7989/3330/2223 7988/3329/2321 7990/3331/2224
f 7990/3331/2224 7991/3332/2225 7989/3330/2223
f 7991/3332/2225 7990/3331/2224 7992/3333/2226
f 7992/3333/2226 7993/3334/2227 7991/3332/2225
f 7993/3334/2227 7992/3333/2226 7994/3335/2228
f 7994/3335/2228 7995/3336/2229 7993/3334/2227
f 7995/3336/2229 7994/3335/2228 7996/3337/3249
f 7996/3337/2230 7997/3338/2230 7995/3336/2229
f 7998/3339/2322 7999/3340/2323 8000/3341/2323
f 8000/3341/2323 8001/3342/2324 7998/3339/2322
f 8002/3343/2325 7998/3339/2322 8001/3342/2324
f 8001/3342/2324 8003/3344/2326 8002/3343/2325
f 8004/3345/2327 8002/3343/2328 8003/3344/2326
f 8003/3344/2329 8005/3346/2330 8004/3345/2327
f 8006/3347/2331 8004/3345/2332 8005/3346/2330
f 8001/3342/2324 8000/3341/2323 8007/3348/2333
f 8007/3348/2334 8008/3349/2335 8001/3342/2324
f 8009/3350/2336 8001/3342/2324 8008/3349/2335
f 8003/3344/2326 8001/3342/2337 8009/3350/2338
f 8009/3350/2336 8005/3346/2330 8003/3344/2329
f 8005/3346/2330 8009/3350/2338 8006/3347/2339
f 8010/3351/2340 8006/3347/2339 8009/3350/2336
f 8009/3350/2336 8011/3352/2341 8010/3351/2342
f 8008/3349/2335 8011/3352/2341 8009/3350/2336
f 8012/3353/2343 8013/3354/2344 8014/3355/2345
f 8014/3355/2346 8015/3356/2347 8012/3353/2343
f 8012/3353/2343 8015/3356/2347 8016/3357/2348
f 8016/3357/2348 8017/3358/2349 8012/3353/2343
f 8018/3359/2350 8012/3353/2343 8017/3358/2349
f 8017/3358/2349 8019/3360/2351 8018/3359/2352
f 8019/3360/2351 8017/3358/2349 8020/3361/2353
f 8020/3361/2353 8021/3362/2350 8019/3360/2351
f 8022/3363/2354 8015/3356/2347 8014/3355/2355
f 8023/3364/2356 8015/3356/2347 8022/3363/2354
f 8015/3356/2347 8023/3364/2357 8024/3365/2358
f 8024/3365/3250 8016/3357/2359 8015/3356/2347
f 8016/3357/2348 8024/3365/2358 8025/3366/2361
f 8025/3366/2362 8026/3367/2363 8016/3357/2364
f 8017/3358/2349 8016/3357/2348 8026/3367/2363
f 8026/3367/2363 8020/3361/2353 8017/3358/2349
f 8014/3355/2355 8027/3368/2365 8022/3363/2354
f 8028/3369/2366 8025/3366/2361 8024/3365/2358
f 8024/3365/2358 8023/3364/2367 8028/3369/2368
f 8022/3363/2354 8028/3369/2368 8023/3364/2367
f 8029/3370/2135 8030/3371/2135 8031/3372/2134
f 8031/3372/2134 8032/3373/2136 8029/3370/2135
f 8032/3373/2136 8031/3372/2134 8033/3374/2137
f 8033/3374/2137 8034/3375/2138 8032/3373/2136
f 8034/3375/2138 8033/3374/2137 8035/3376/2139
f 8035/3376/2139 8036/3377/2141 8034/3375/2138
f 8036/3377/2141 8035/3376/2139 8037/3378/2145
f 8037/3378/2145 8038/3379/2369 8036/3377/2141
f 8038/3379/2144 8037/3378/2145 8039/3380/2146
f 8039/3380/2370 8040/3381/2370 8038/3379/2371
f 8041/3382/2148 8040/3381/2146 8039/3380/2372
f 8039/3380/2151 8042/3383/2148 8041/3382/2149
f 8041/3382/2149 8042/3383/2148 8043/3384/159
f 8041/3382/2373 8043/3384/159 8044/3385/159
f 8044/3385/159 8045/3386/159 8041/3382/2149
f 8046/3387/635 8045/3386/635 8044/3385/635
f 8044/3385/2154 8047/3388/2154 8046/3387/2154
f 8046/3387/2374 8047/3388/2374 8048/3389/2374
f 8049/3390/2375 8048/3389/2375 8047/3388/2375
f 8049/3390/2152 8050/3391/2152 8048/3389/2152
f 8050/3391/159 8049/3390/159 8051/3392/159
f 8051/3392/159 8052/3393/159 8050/3391/159
f 8053/3394/159 8052/3393/159 8051/3392/159
f 8047/3388/159 8054/3395/159 8049/3390/159
f 8055/3396/158 8056/3397/158 8057/3398/158
f 8057/3398/158 8058/3399/158 8055/3396/158
f 8059/3400/2376 8060/3401/156 8061/3402/156
f 8061/3402/156 8062/3403/156 8059/3400/2376
f 8063/3404/2377 8059/3400/2376 8062/3403/156
f 8064/3405/2378 8059/3400/2376 8063/3404/2377
f 8063/3404/2377 8065/3406/2378 8064/3405/2378
f 8066/3407/2379 8067/3408/2379 8068/3409/2379
f 8068/3409/2379 8069/3410/2380 8066/3407/2379
f 8069/3410/2380 8068/3409/2379 8070/3411/2379
f 8070/3411/2379 8071/3412/2381 8069/3410/2380
f 8072/3413/2382 8069/3410/2380 8071/3412/2381
f 8071/3412/2381 8073/3414/2383 8072/3413/2382
f 8073/3414/2383 8074/3415/2384 8072/3413/2385
f 8072/3413/2385 8074/3415/2384 8075/3416/2384
f 8075/3416/3251 8076/3417/3251 8072/3413/2382
f 8077/3418/169 8078/3419/169 8079/3420/169
f 8079/3420/169 8080/3421/169 8077/3418/169
f 8081/3422/356 8082/3423/356 8083/3424/356
f 8083/3424/356 8084/3425/356 8081/3422/356
f 8085/3426/356 8086/3427/356 8087/3428/2386
f 8087/3428/2386 8088/3429/2387 8085/3426/356
f 8089/3430/2395 8088/3429/2389 8087/3428/2390
f 8087/3428/2386 8090/3431/2392 8089/3430/3252
f 8089/3430/2393 8090/3431/2394 8091/3432/356
f 8091/3432/356 8092/3433/356 8089/3430/2395
f 8093/3434/356 8089/3430/2393 8092/3433/356
f 8092/3433/356 8094/3435/356 8093/3434/356
f 8095/3436/356 8094/3435/356 8092/3433/356
f 8090/3431/2394 8087/3428/2386 8096/3428/2396
f 8096/3428/2273 8097/3431/2243 8090/3431/2397
f 8097/3431/2272 8096/3428/2273 8098/3427/2274
f 8098/3427/2274 8099/3437/2274 8097/3431/2272
f 8092/3433/356 8100/3438/356 8095/3436/356
f 8095/3436/356 8100/3438/356 8101/3439/356
f 8101/3439/356 8102/3440/356 8095/3436/356
f 8103/3441/2398 8095/3436/356 8102/3440/356
f 8102/3440/356 8104/3442/356 8103/3441/2398
f 8103/3441/2398 8104/3442/356 8105/3443/2399
f 8105/3443/2400 8106/3444/2401 8103/3441/2398
f 8107/3445/2402 8108/3446/2402 8109/3447/2403
f 8109/3447/2403 8110/3448/2403 8107/3445/2402
f 8111/3449/2405 8110/3448/2404 8109/3447/2404
f 8109/3447/2406 8112/3450/2407 8111/3449/2405
f 8113/3451/3253 8111/3449/2405 8112/3450/2407
f 8112/3450/2407 8114/3452/2408 8113/3451/2408
f 8115/3453/2409 8116/3454/2410 8117/3455/2410
f 8117/3455/169 8118/3456/2411 8115/3453/2412
f 8119/3457/2413 8115/3453/2409 8118/3456/2411
f 8115/3453/2409 8119/3457/2413 8120/3458/2413
f 8120/3458/2413 8121/3459/2413 8115/3453/2412
f 8118/3456/2411 8122/3460/2413 8119/3457/2413
f 8123/3461/169 8124/3462/169 8125/3463/169
f 8125/3463/169 8126/3464/169 8123/3461/169
f 8127/3465/169 8123/3461/169 8126/3464/169
f 8126/3464/169 8128/3466/169 8127/3465/169
f 8129/3467/2414 8130/3468/160 8131/3469/2415
f 8131/3469/2415 8132/3470/3254 8129/3467/2417
f 8129/3467/2417 8132/3470/2416 8133/3471/2277
f 8133/3471/2276 8134/3472/2276 8129/3467/2417
f 8135/3473/2282 8136/3474/2282 8137/3475/2418
f 8137/3475/2419 8138/3476/2283 8135/3473/2282
f 8139/3477/2420 8138/3476/2421 8137/3475/2419
f 8137/3475/2419 8140/3478/2422 8139/3477/2423
f 8139/3477/2424 8140/3478/2422 8141/3479/2425
f 8137/3475/2426 8142/3480/2427 8140/3478/2428
f 8140/3478/2429 8142/3480/2427 8143/3481/2430
f 8143/3481/2431 8144/3422/2432 8140/3478/2432
f 8143/3481/2430 8142/3480/2433 8145/3482/2294
f 8145/3482/2294 8146/3483/2294 8143/3481/2434
f 8147/3484/2301 8148/3485/2301 8149/3486/2301
f 8149/3486/2301 8150/3487/2301 8147/3484/2301
f 8151/3488/2302 8152/3489/2302 8153/3490/2302
f 8153/3490/2302 8154/3491/2302 8151/3488/2302
f 8155/3492/169 8156/3493/169 8117/3455/169
f 8117/3455/169 8157/3494/169 8155/3492/169
f 8158/3495/169 8155/3492/169 8157/3494/169
f 8157/3494/3255 8159/3496/3255 8158/3495/3255
f 8160/3497/2410 8158/3495/2410 8159/3496/2410
f 8159/3496/169 8161/3498/169 8160/3497/169
f 8162/3499/2435 8163/3500/2435 8164/3501/2435
f 8164/3501/2435 8165/3502/2435 8162/3499/2435
f 8166/3503/166 8167/3504/166 8168/3505/166
f 8168/3505/166 8169/3506/166 8166/3503/166
f 8170/3507/2077 8166/3503/166 8169/3506/166
f 8169/3506/2754 8171/3508/2437 8170/3507/2077
f 8172/3509/159 8170/3507/2077 8171/3508/2437
f 8171/3508/2437 8173/3510/159 8172/3509/159
f 8174/3511/356 8175/3512/356 8176/3513/356
f 8176/3513/356 8177/3514/356 8174/3511/356
f 8156/3493/2410 8178/3515/2410 8179/3516/2410
f 8179/3516/169 8180/3517/169 8156/3493/169
f 8180/3517/2410 8179/3516/2410 8181/3518/2410
f 8182/3519/2410 8181/3518/2410 8179/3516/2410
f 8179/3516/169 8183/3520/169 8182/3519/169
f 8184/3521/2438 8185/3522/158 8186/3523/2439
f 8186/3523/2440 8187/3524/2441 8184/3521/2442
f 8184/3521/2438 8187/3524/2443 8188/3525/2444
f 8189/3526/2445 8190/3527/2445 8191/3528/2445
f 8191/3528/2445 8192/3529/2445 8189/3526/2445
f 8193/3530/2446 8194/3531/2446 8195/3532/2446
f 8195/3532/2446 8196/3533/2446 8193/3530/2446
f 8197/3534/159 8198/3535/159 8199/3536/159
f 8199/3536/159 8200/3537/159 8197/3534/159
f 8200/3537/159 8199/3536/159 8201/3538/159
f 8201/3538/159 8202/3539/159 8200/3537/159
f 8202/3539/159 8201/3538/159 8203/3540/159
f 8203/3540/159 8204/3541/159 8202/3539/159
f 8205/3542/356 8206/3543/356 8207/3544/356
f 8207/3544/356 8208/3545/356 8205/3542/356
f 8209/3546/356 8205/3542/356 8208/3545/356
f 8208/3545/356 8210/3547/356 8209/3546/356
f 8211/3548/356 8212/3549/356 8213/3550/356
f 8213/3550/356 8214/3551/356 8211/3548/356
f 8215/3552/3256 8216/3553/3256 8217/3554/2448
f 8217/3554/2448 8218/3555/2449 8215/3552/2447
f 8218/3555/2449 8217/3554/2450 8219/3556/166
f 8219/3556/166 8220/3557/166 8218/3555/2449
f 8220/3557/166 8219/3556/166 8221/3558/166
f 8221/3558/166 8222/3559/166 8220/3557/166
f 8222/3559/166 8221/3558/166 8223/3560/166
f 8223/3560/166 8224/3561/166 8222/3559/166
f 8225/3562/169 8226/3563/169 8227/3564/2451
f 8227/3564/2451 8228/3565/2452 8225/3562/169
f 8228/3565/2453 8227/3564/2451 8229/3566/2453
f 8229/3566/2453 8230/3567/2451 8228/3565/2453
f 8230/3567/2451 8229/3566/2452 8231/3568/169
f 8231/3568/169 8232/3569/169 8230/3567/2451
f 8233/3570/156 8234/3571/156 8235/3572/156
f 8235/3572/156 8236/3573/156 8233/3570/156
f 8237/3574/159 8238/3575/159 8239/3576/159
f 8239/3576/159 8240/3577/159 8237/3574/159
f 8241/3578/159 8237/3574/159 8240/3577/159
f 8240/3577/159 8242/3579/159 8241/3578/159
f 8243/3580/159 8241/3578/159 8242/3579/159
f 8242/3579/159 8244/3581/159 8243/3580/159
f 8245/3582/356 8246/3583/356 8247/3584/356
f 8247/3584/356 8248/3585/356 8245/3582/356
f 8248/3585/356 8247/3584/356 8249/3586/356
f 8249/3586/356 8250/3587/356 8248/3585/356
f 8250/3587/356 8249/3586/356 8251/3588/356
f 8251/3588/356 8252/3589/356 8250/3587/356
f 8253/3590/2454 8254/3591/3257 8255/3592/3257
f 8255/3592/2455 8256/3593/2456 8253/3590/2454
f 8257/3594/169 8253/3590/2457 8256/3593/2456
f 8256/3593/2456 8258/3595/169 8257/3594/169
f 8259/3596/169 8257/3594/169 8258/3595/169
f 8258/3595/169 8260/3597/169 8259/3596/169
f 8261/3598/169 8259/3596/169 8260/3597/169
f 8260/3597/169 8262/3599/169 8261/3598/169
f 8263/3600/2458 8264/3601/166 8265/3602/166
f 8265/3602/166 8266/3603/2459 8263/3600/2460
f 8267/3604/2461 8263/3600/2460 8266/3603/2461
f 8266/3603/2462 8268/3605/2460 8267/3604/2461
f 8269/3606/166 8267/3604/2459 8268/3605/2460
f 8268/3605/2460 8270/3607/166 8269/3606/166
f 8271/3608/156 8272/3609/156 8273/3610/156
f 8273/3610/156 8274/3611/156 8271/3608/156
f 8275/3612/2463 8276/3613/2464 8277/3614/2464
f 8277/3614/2464 8278/3615/2465 8275/3612/2463
f 8279/3616/2466 8275/3612/2463 8278/3615/2465
f 8278/3615/2465 8280/3617/2467 8279/3616/2466
f 8281/3618/2468 8279/3616/2469 8280/3617/2470
f 8280/3617/2470 8282/3619/2471 8281/3618/2468
f 8283/3620/2472 8281/3618/2468 8282/3619/2471
f 8282/3619/2473 8284/3621/2474 8283/3620/2472
f 8285/3622/2475 8283/3620/3258 8284/3621/2474
f 8284/3621/2474 8286/3623/2476 8285/3622/2475
f 8287/3624/2477 8285/3622/2478 8286/3623/2479
f 8286/3623/2479 8288/3625/2477 8287/3624/2477
f 8289/3626/2484 8290/3627/2481 8291/3628/2481
f 8291/3628/2481 8292/3629/2482 8289/3626/2484
f 8293/3630/2483 8289/3626/2484 8292/3629/2485
f 8292/3629/2485 8294/3631/3259 8293/3630/2483
f 8295/3632/2487 8293/3630/2483 8294/3631/2486
f 8294/3631/2486 8296/3633/2488 8295/3632/2489
f 8297/3634/2490 8295/3632/2489 8296/3633/2488
f 8296/3633/2488 8298/3635/2491 8297/3634/2490
f 8299/3636/2492 8297/3634/2493 8298/3635/2494
f 8298/3635/2494 8300/3637/2495 8299/3636/2492
f 8301/3638/2496 8299/3636/2492 8300/3637/2495
f 8300/3637/2495 8302/3639/2496 8301/3638/2496
f 8303/3640/2084 8304/3641/2084 8305/3642/2084
f 8305/3642/2084 8306/3643/2084 8303/3640/2084
f 8307/3644/2497 8308/3645/2497 8309/3646/2497
f 8309/3646/2497 8310/3647/2497 8307/3644/2497
f 8311/3648/169 8312/3649/169 8313/3650/169
f 8313/3650/169 8314/3651/169 8311/3648/169
f 8315/3652/158 8316/3653/158 8317/3654/158
f 8317/3654/158 8318/3655/158 8315/3652/158
f 8319/3656/2498 8320/3657/166 8321/3658/166
f 8321/3658/166 8322/3659/2499 8319/3656/2498
f 8323/3660/2500 8319/3656/2498 8322/3659/2499
f 8322/3659/2499 8324/3661/2500 8323/3660/2500
f 8325/3662/2501 8326/3663/169 8327/3664/169
f 8327/3664/169 8328/3665/2502 8325/3662/2502
f 8325/3662/2502 8328/3665/2503 8329/3665/156
f 8329/3665/156 8330/3662/156 8325/3662/2504
f 8331/3666/169 8332/3667/169 8333/3668/169
f 8333/3668/169 8334/3669/169 8331/3666/169
f 8335/3670/159 8336/3671/159 8337/3672/159
f 8337/3672/159 8338/3673/159 8335/3670/159
f 8338/3673/159 8339/3674/159 8335/3670/159
f 8339/3674/159 8338/3673/159 8340/3675/159
f 8340/3675/159 8341/3676/159 8339/3674/159
f 8342/3652/158 8343/3655/158 8344/3677/158
f 8344/3677/158 8345/3678/158 8342/3652/158
f 8346/3679/356 8347/3680/356 8348/3681/356
f 8348/3681/356 8349/3682/356 8346/3679/356
f 8349/3682/356 8348/3681/356 8350/3683/356
f 8349/3682/356 8350/3683/356 8351/3684/356
f 8351/3684/356 8352/3685/356 8349/3682/356
f 8353/3686/2081 8354/3687/2081 8355/3688/2081
f 8355/3688/2081 8356/3689/2081 8353/3686/2081
f 8357/3690/2505 8358/3691/2505 8359/3692/2505
f 8359/3692/2505 8360/3693/2505 8357/3690/2505
f 8361/3694/169 8362/3695/169 8363/3696/169
f 8363/3696/169 8364/3697/169 8361/3694/169
f 8365/3698/2464 8366/3699/2464 8367/3700/2463
f 8367/3700/2463 8368/3701/2465 8365/3698/2464
f 8368/3701/2465 8367/3700/2463 8369/3702/2466
f 8369/3702/2466 8370/3703/2467 8368/3701/2465
f 8370/3703/2470 8369/3702/2469 8371/3704/2468
f 8371/3704/2468 8372/3705/2471 8370/3703/2470
f 8372/3705/2471 8371/3704/2468 8373/3706/2472
f 8373/3706/2472 8374/3707/2474 8372/3705/2471
f 8374/3707/2474 8373/3706/2472 8375/3708/2475
f 8375/3708/2475 8376/3709/2476 8374/3707/2474
f 8376/3709/2479 8375/3708/2478 8377/3710/2477
f 8377/3710/2477 8378/3711/2477 8376/3709/2479
f 8379/3712/2481 8380/3713/2481 8381/3714/2484
f 8381/3714/2484 8382/3715/2482 8379/3712/2481
f 8382/3715/2485 8381/3714/2484 8383/3716/2483
f 8383/3716/2483 8384/3717/2486 8382/3715/2485
f 8384/3717/2486 8383/3716/2483 8385/3718/2489
f 8385/3718/2489 8386/3719/2488 8384/3717/2486
f 8386/3719/2488 8385/3718/2489 8387/3720/2490
f 8387/3720/2490 8388/3721/2491 8386/3719/2488
f 8388/3721/2494 8387/3720/2493 8389/3722/2492
f 8389/3722/2492 8390/3723/3260 8388/3721/2494
f 8390/3723/2495 8389/3722/2492 8391/3724/2496
f 8391/3724/2496 8392/3725/2496 8390/3723/2495
f 8393/3726/158 8394/3727/158 8395/3728/158
f 8395/3728/158 8396/3729/158 8393/3726/158
f 8397/3730/169 8398/3731/169 8399/3664/2506
f 8399/3664/2506 8400/3663/2507 8397/3730/169
f 8400/3663/2507 8399/3664/2506 8401/3665/2508
f 8401/3665/2508 8402/3662/2508 8400/3663/2507
f 8403/3662/156 8402/3662/2508 8401/3665/2509
f 8401/3665/2510 8404/3665/156 8403/3662/156
f 8405/3661/166 8406/3660/166 8407/3656/166
f 8407/3656/166 8408/3659/166 8405/3661/166
f 8409/3732/166 8410/3733/166 8411/3734/166
f 8411/3734/166 8412/3735/166 8409/3732/166
f 8413/3736/159 8414/3737/159 8415/3738/159
f 8415/3738/159 8416/3739/159 8413/3736/159
f 8416/3739/159 8417/3740/159 8413/3736/159
f 8417/3740/159 8416/3739/159 8418/3741/159
f 8418/3741/159 8419/3742/159 8417/3740/159
f 8420/3726/158 8421/3743/158 8422/3744/158
f 8422/3744/158 8423/3727/158 8420/3726/158
f 8424/3745/356 8425/3746/356 8426/3747/356
f 8426/3747/356 8427/3748/356 8424/3745/356
f 8424/3745/356 8427/3748/356 8428/3749/356
f 8429/3750/356 8424/3745/356 8428/3749/356
f 8428/3749/356 8430/3751/356 8429/3750/356
f 8431/3752/2081 8432/3753/2081 8433/3754/2081
f 8433/3754/2081 8434/3755/2081 8431/3752/2081
f 8435/3756/2511 8436/3757/2511 8437/3758/2511
f 8437/3758/3261 8438/3759/3261 8435/3756/3261
f 8439/3760/166 8440/3761/166 8441/3762/166
f 8441/3762/166 8442/3763/166 8439/3760/166
f 8443/3764/2084 8444/3765/2084 8445/3766/2084
f 8445/3766/2084 8446/3767/2084 8443/3764/2084
f 8447/3768/3262 8448/3769/3262 8449/3770/3262
f 8449/3770/2512 8450/3771/2512 8447/3768/2512
f 8451/3772/166 8452/3773/166 8453/3774/166
f 8453/3774/166 8454/3775/166 8451/3772/166
f 7722/3072/3263 8455/3776/3264 8456/3777/3265
f 8456/3777/2515 8457/3778/2516 7722/3072/2099
f 7722/3072/2097 8457/3778/2517 8458/3779/2518
f 8458/3779/2519 8459/3780/2520 7722/3072/2099
f 7722/3072/2099 8459/3780/2521 8460/3781/2522
f 8460/3781/2523 7719/3069/2093 7722/3072/2099
f 8456/3777/2524 8461/3782/166 8457/3778/2525
f 8458/3779/2526 8462/3783/166 8459/3780/2527
f 8457/3778/2525 8463/3784/166 8464/3785/166
f 8464/3785/166 8458/3779/2526 8457/3778/2525
f 8464/3785/166 8465/3786/166 8458/3779/2526
f 8466/3787/3266 8467/3788/2529 8468/3789/2530
f 8468/3789/2531 8469/3790/2532 8466/3787/2531
f 8466/3787/2533 8469/3790/2533 8470/3791/2533
f 8470/3791/2534 8471/3792/2534 8466/3787/2534
f 7744/3094/2535 8466/3787/2534 8471/3792/2536
f 8471/3792/2533 7743/3093/2537 7744/3094/2535
f 8468/3789/3267 8472/3793/169 8469/3790/2538
f 8470/3791/2539 8473/3794/2540 8471/3792/2541
f 8469/3790/169 8474/3795/169 8475/3796/169
f 8475/3796/169 8470/3791/2542 8469/3790/169
f 8475/3796/169 8476/3797/169 8470/3791/2542
f 8477/3798/166 8478/3799/166 8479/3800/166
f 8479/3800/2263 8480/3801/2263 8477/3798/2263
f 8481/3802/2263 8480/3801/2263 8479/3800/2263
f 8479/3800/166 7936/3279/166 8481/3802/166
f 8479/3800/2263 8482/3803/2263 7936/3279/2263
f 8483/3804/158 8484/3805/158 8485/3806/158
f 8485/3806/158 8486/3807/158 8483/3804/158
f 8483/3804/158 8486/3807/158 8487/3808/158
f 8488/3809/156 8489/3810/156 8490/3811/156
f 8490/3811/156 8491/3812/156 8488/3809/156
f 8492/3813/156 8491/3812/156 8490/3811/156
f 8493/3814/2543 8494/3815/2444 8495/3816/2544
f 8495/3816/2545 8496/3817/2546 8493/3814/2547
f 8493/3814/2543 8496/3817/2546 8497/3818/158
f 8498/3819/2548 8499/3820/2549 8500/3821/2550
f 8498/3819/2548 8500/3821/2550 8501/3822/2551
f 8501/3822/2551 8502/3823/2553 8498/3819/3268
f 8498/3819/2554 8502/3823/2553 8503/3824/2555
f 8504/3825/2556 8503/3824/2555 8502/3823/3269
f 8502/3823/2553 8501/3822/2551 8504/3825/2557
f 8505/3826/2558 8504/3825/2556 8501/3822/2552
f 8501/3822/2552 8506/3827/2559 8505/3826/3270
f 8507/3828/2561 8505/3826/3271 8506/3827/2562
f 8508/3829/2563 8501/3822/2551 8500/3821/2550
f 8501/3822/2551 8508/3829/2563 8509/3830/2564
f 8509/3830/2564 8506/3827/3272 8501/3822/2551
f 8506/3827/2559 8509/3830/2565 8507/3828/2561
f 8510/3831/2568 8507/3828/2561 8509/3830/2565
f 8511/3832/3273 8510/3831/3274 8509/3830/3275
f 8509/3830/2564 8508/3829/2563 8511/3832/2569
f 8512/3833/638 8513/3834/638 8514/3833/638
f 8512/3833/159 8514/3833/159 8515/3835/2570
f 8515/3835/2570 8516/3835/2571 8512/3833/159
f 8516/3835/2572 8515/3835/3276 8517/3836/2576
f 8517/3836/2574 8518/3836/2574 8516/3835/2571
f 8519/3837/2575 8518/3836/2576 8517/3836/2576
f 8517/3836/2574 8520/3837/3277 8519/3837/2575
f 8521/3838/2578 8519/3837/2575 8520/3837/2577
f 8520/3837/2577 8522/3838/2579 8521/3838/2578
f 8523/3839/3278 8521/3838/2578 8522/3838/2579
f 8522/3838/3279 8524/3839/2581 8523/3839/2582
f 8525/3840/2583 8523/3839/2582 8524/3839/2581
f 8524/3839/2581 8526/3840/2584 8525/3840/2583
f 8527/3841/356 8525/3840/2585 8526/3840/2584
f 8526/3840/2584 8528/3841/356 8527/3841/356
f 8529/3842/356 8527/3841/356 8528/3841/356
f 8530/3793/2532 8531/3790/169 8532/3795/169
f 8532/3795/169 8533/3797/2586 8530/3793/2532
f 8010/3351/2342 8530/3793/2587 8533/3797/2588
f 8530/3793/2531 8010/3351/2342 8534/3788/2589
f 8534/3788/2590 8535/3789/169 8530/3793/567
f 8532/3795/169 8536/3796/169 8533/3797/2586
f 8537/3843/2591 8534/3788/2592 8010/3351/2342
f 8010/3351/2593 8008/3349/2594 8537/3843/2595
f 8533/3797/2596 8538/3794/3280 8010/3351/2342
f 8533/3797/2586 8539/3791/169 8538/3794/2598
f 8540/3782/2599 8541/3778/166 8542/3784/166
f 8542/3784/166 8543/3786/166 8540/3782/2599
f 8540/3782/2600 8543/3786/2600 8544/3844/2600
f 8540/3782/2601 8544/3844/2602 8545/3845/2603
f 8545/3845/2604 8546/3777/2605 8540/3782/2606
f 8542/3784/166 8547/3785/166 8543/3786/166
f 8545/3845/2607 8544/3844/2602 8018/3359/2352
f 8018/3359/2350 8021/3362/3281 8545/3845/2600
f 8543/3786/166 8548/3779/166 8549/3783/2609
f 8549/3783/2519 8544/3844/2519 8543/3786/2519
f 8549/3783/2610 8550/3780/3282 8544/3844/2602
f 8551/3846/159 8552/3847/159 8553/3848/159
f 8553/3848/159 8554/3849/2612 8551/3846/159
f 8555/3850/159 8551/3846/159 8554/3849/2613
f 8554/3849/2613 8556/3851/2614 8555/3850/159
f 8555/3850/159 8556/3851/2614 8557/3852/159
f 8557/3852/159 8558/3853/159 8555/3850/159
f 8554/3849/2612 8553/3848/159 8559/3854/159
f 8559/3854/159 8560/3855/2615 8554/3849/2613
f 8561/3856/2616 8554/3849/2617 8560/3855/2618
f 8554/3849/2617 8561/3856/3283 8562/3857/2619
f 8562/3857/3284 8563/3858/3285 8554/3849/2612
f 8554/3849/2613 8563/3858/2621 8564/3859/2623
f 8564/3859/2624 8556/3851/2614 8554/3849/2613
f 8560/3855/2615 8559/3854/159 8565/3860/159
f 8565/3860/159 8566/3861/159 8560/3855/3286
f 8567/3862/2636 8560/3855/2615 8566/3861/159
f 8568/3863/2626 8560/3855/2615 8567/3862/2627
f 8560/3855/2615 8568/3863/2628 8561/3856/2616
f 8569/3864/2629 8561/3856/2616 8568/3863/2626
f 8561/3856/2630 8569/3864/2629 8570/3865/2631
f 8570/3865/2631 8562/3857/2620 8561/3856/2616
f 8563/3858/2621 8562/3857/2620 8570/3865/2631
f 8570/3865/2631 8571/3866/2632 8563/3858/2621
f 8564/3859/2633 8563/3858/2621 8571/3866/2632
f 8571/3866/2632 8572/3867/2634 8564/3859/2633
f 8556/3851/2614 8564/3859/2633 8572/3867/2634
f 8566/3861/159 8573/3868/159 8567/3862/2625
f 8574/3869/2625 8567/3862/2636 8573/3868/159
f 8575/3870/3287 8567/3862/3287 8574/3869/2627
f 8567/3862/2625 8575/3870/2625 8568/3863/2626
f 8568/3863/2637 8575/3870/2625 8569/3864/2629
f 8576/3871/2638 8569/3864/2629 8575/3870/2625
f 8577/3872/2639 8569/3864/2640 8576/3871/2652
f 8569/3864/2629 8577/3872/2642 8578/3873/2643
f 8578/3873/2644 8570/3865/2631 8569/3864/2629
f 8570/3865/2645 8578/3873/2646 8579/3874/2657
f 8579/3874/2647 8571/3866/2648 8570/3865/2649
f 8573/3868/159 8053/3394/159 8574/3869/2625
f 8580/3875/2650 8574/3869/2636 8053/3394/159
f 8581/3876/3288 8574/3869/3287 8580/3875/3289
f 8574/3869/2627 8581/3876/3288 8575/3870/2627
f 8575/3870/2636 8581/3876/2651 8576/3871/2638
f 8576/3871/2638 8581/3876/2651 8572/3867/2634
f 8572/3867/2634 8571/3866/2632 8576/3871/2652
f 8582/3877/2653 8576/3871/2638 8571/3866/2632
f 8576/3871/2654 8582/3877/2655 8577/3872/2656
f 8577/3872/2656 8582/3877/2655 8579/3874/2657
f 8579/3874/2657 8578/3873/2658 8577/3872/2656
f 8053/3394/159 8051/3392/159 8580/3875/2650
f 8556/3851/2614 8580/3875/2650 8051/3392/159
f 8572/3867/2634 8580/3875/2650 8556/3851/2614
f 8580/3875/2650 8572/3867/2634 8581/3876/2651
f 8051/3392/159 8557/3852/159 8556/3851/2659
f 8571/3866/2632 8579/3874/2660 8582/3877/2661
f 8583/3878/2662 8584/3879/2663 8585/3880/3290
f 8585/3880/2664 8586/3881/2665 8583/3878/2662
f 8587/3882/2666 8583/3878/2662 8586/3881/2665
f 8586/3881/2665 8588/3883/2667 8587/3882/2668
f 8589/3884/3291 8587/3882/2670 8588/3883/2682
f 8588/3883/2671 8590/3885/2672 8589/3884/3292
f 8590/3885/2673 8588/3883/2671 8591/3886/2674
f 8585/3880/2664 8592/3887/2675 8586/3881/2665
f 8593/3888/2687 8586/3881/2665 8592/3887/2675
f 8586/3881/2665 8593/3888/2677 8594/3889/2679
f 8594/3889/2679 8595/3890/2680 8586/3881/2676
f 8586/3881/2665 8595/3890/2681 8588/3883/2682
f 8591/3886/2674 8588/3883/2667 8595/3890/2680
f 8595/3890/2681 8594/3889/2683 8591/3886/3293
f 8585/3880/3294 8596/3891/3295 8592/3887/3296
f 8592/3887/2675 8596/3891/2686 8593/3888/2687
f 8597/3892/169 8598/3893/169 8599/3894/169
f 8599/3894/169 8600/3895/169 8597/3892/169
f 8597/3892/169 8600/3895/169 8601/3896/169
f 8597/3892/169 8601/3896/169 8602/3897/169
f 8602/3897/169 8603/3898/169 8597/3892/169
f 8599/3894/169 8604/3899/169 8600/3895/169
f 8605/3900/169 8602/3897/169 8601/3896/169
f 8600/3895/169 8606/3901/169 8607/3902/169
f 8607/3902/169 8601/3896/169 8600/3895/169
f 8607/3902/169 8608/3903/169 8601/3896/169
f 8609/3904/166 8610/3905/166 8611/3906/166
f 8611/3906/166 8612/3907/166 8609/3904/166
f 8609/3904/166 8612/3907/166 8613/3908/166
f 8609/3904/166 8613/3908/166 8614/3909/166
f 8614/3909/166 8615/3910/166 8609/3904/166
f 8611/3906/166 8616/3911/166 8612/3907/166
f 8617/3912/166 8614/3909/166 8613/3908/166
f 8612/3907/166 8618/3913/166 8619/3914/166
f 8619/3914/166 8613/3908/166 8612/3907/166
f 8619/3914/166 8620/3915/166 8613/3908/166
f 8621/3916/166 8622/3917/166 8623/3918/166
f 8623/3918/166 8624/3919/166 8621/3916/166
f 8625/3920/166 8621/3916/166 8624/3919/166
f 8626/3921/166 8621/3916/166 8625/3920/166
f 8626/3921/166 8627/3922/166 8621/3916/166
f 8623/3918/166 8628/3923/166 8624/3919/166
f 8625/3920/166 8629/3924/166 8626/3921/166
f 8624/3919/166 8630/3925/166 8631/3926/166
f 8624/3919/166 8631/3926/166 8625/3920/166
f 8632/3927/166 8625/3920/166 8631/3926/166
f 8633/3928/169 8634/3929/169 8635/3930/169
f 8635/3930/169 8636/3931/169 8633/3928/169
f 8637/3932/169 8633/3928/169 8636/3931/169
f 8638/3933/169 8633/3928/169 8637/3932/169
f 8638/3933/169 8639/3934/169 8633/3928/169
f 8635/3930/169 8640/3935/169 8636/3931/169
f 8637/3932/169 8641/3936/169 8638/3933/169
f 8636/3931/169 8642/3937/169 8643/3938/169
f 8636/3931/169 8643/3938/169 8637/3932/169
f 8644/3939/169 8637/3932/169 8643/3938/169
f 8645/3940/1708 8646/3941/2688 8647/3942/2688
f 8647/3942/2688 8648/3943/1684 8645/3940/1708
f 8649/3944/2689 8645/3940/1707 8648/3943/1679
f 8648/3943/1679 8650/3945/2690 8649/3944/2689
f 8651/3946/1796 8649/3944/2689 8650/3945/2690
f 8650/3945/2690 8652/3947/1724 8651/3946/1796
f 8653/3948/2691 8651/3946/1801 8652/3947/1721
f 8652/3947/1721 8654/3949/2691 8653/3948/2691
f 8655/3950/1688 8656/3951/2692 8657/3952/2692
f 8657/3952/2692 8658/3953/1711 8655/3950/1688
f 8659/3954/2693 8655/3950/1692 8658/3953/1705
f 8658/3953/1705 8660/3955/2694 8659/3954/2693
f 8661/3956/1712 8659/3954/2693 8660/3955/2694
f 8660/3955/2694 8662/3957/1810 8661/3956/1712
f 8663/3958/2695 8661/3956/1718 8662/3957/1805
f 8662/3957/1805 8664/3959/2695 8663/3958/2695
f 8665/3960/1709 8666/3961/2688 8667/3962/2688
f 8667/3962/2688 8668/3963/1684 8665/3960/1708
f 8669/3964/2689 8665/3960/1707 8668/3963/1679
f 8668/3963/2696 8670/3965/2690 8669/3964/2689
f 8671/3966/2697 8669/3964/2689 8670/3965/2690
f 8670/3965/2690 8672/3967/1724 8671/3966/1796
f 8673/3968/2691 8671/3966/1801 8672/3967/1721
f 8672/3967/1721 8674/3969/2691 8673/3968/2691
f 8675/3970/1688 8676/3971/2692 8677/3972/2692
f 8677/3972/2692 8678/3973/1711 8675/3970/1688
f 8679/3974/2693 8675/3970/1692 8678/3973/1705
f 8678/3973/1705 8680/3975/2694 8679/3974/2693
f 8681/3976/1712 8679/3974/2693 8680/3975/2694
f 8680/3975/2694 8682/3977/1810 8681/3976/1712
f 8683/3978/2695 8681/3976/1718 8682/3977/1805
f 8682/3977/2698 8684/3979/2695 8683/3978/2695
f 8685/3980/159 8686/3981/159 8687/3982/159
f 8685/3980/159 8687/3982/159 8688/3983/159
f 8689/3984/159 8685/3980/159 8688/3983/159
f 8689/3984/159 8690/3985/159 8685/3980/159
f 8687/3982/159 8691/3986/159 8688/3983/159
f 8692/3987/159 8689/3984/159 8688/3983/159
f 8693/3988/1688 8694/3989/2692 8695/3989/2699
f 8695/3989/2699 8696/3988/2700 8693/3988/1688
f 8697/3990/1691 8693/3988/1692 8696/3988/2701
f 8696/3988/2702 8698/3990/2703 8697/3990/1691
f 8698/3990/2704 8696/3988/2702 8699/3991/2705
f 8699/3991/2705 8700/3992/2706 8698/3990/2704
f 8701/3993/2707 8698/3990/2704 8700/3992/2706
f 8696/3988/2702 8695/3989/2699 8702/3994/2708
f 8702/3994/2708 8699/3991/2705 8696/3988/2709
f 8703/3995/2710 8702/3994/2708 8695/3989/2711
f 8695/3989/2699 8704/3996/2712 8703/3995/2713
f 8705/3997/2714 8703/3995/2713 8704/3996/2712
f 8704/3996/2712 8706/3998/2715 8705/3997/2714
f 8707/3999/2716 8705/3997/2714 8706/3998/2715
f 8706/3998/2715 8708/4000/2717 8707/3999/2716
f 8709/4001/3297 8707/3999/2716 8708/4000/2717
f 8708/4000/2717 8710/4002/2719 8709/4001/2718
f 8711/4003/2720 8709/4001/3297 8710/4002/3298
f 8710/4002/2719 8701/3993/2707 8711/4003/2720
f 8700/3992/2706 8711/4003/2720 8701/3993/2707
f 8712/3940/1708 8713/3941/2688 8714/3942/2688
f 8714/3942/2688 8715/3943/1684 8712/3940/1708
f 8716/3944/1680 8712/3940/1707 8715/3943/1679
f 8715/3943/1679 8717/3945/1680 8716/3944/1680
f 8718/4004/1796 8719/4005/1725 8720/4005/1725
f 8720/4005/1725 8721/4004/1724 8718/4004/1796
f 8722/4006/1800 8718/4004/1801 8721/4004/1721
f 8721/4004/1721 8723/4006/1717 8722/4006/1800
f 8724/4007/2721 8722/4006/1800 8723/4006/1717
f 8723/4006/1717 8725/4007/1718 8724/4007/1805
f 8726/4008/1713 8724/4007/1810 8725/4007/1712
f 8725/4007/1712 8727/4008/1713 8726/4008/1713
f 8728/3960/1709 8729/3961/2688 8730/3962/2688
f 8730/3962/2688 8731/3963/1684 8728/3960/1708
f 8732/3964/2689 8728/3960/1707 8731/3963/1679
f 8731/3963/1679 8733/3965/2690 8732/3964/2689
f 8734/3966/1796 8732/3964/2689 8733/3965/2690
f 8733/3965/2690 8735/3967/1724 8734/3966/1796
f 8736/3968/2691 8734/3966/1801 8735/3967/1721
f 8735/3967/2722 8737/3969/2691 8736/3968/2691
f 8738/3970/1688 8739/3971/2692 8740/3972/2692
f 8740/3972/2692 8741/3973/1711 8738/3970/1688
f 8742/3974/2693 8738/3970/1692 8741/3973/1705
f 8741/3973/2723 8743/3975/2694 8742/3974/2693
f 8744/3976/1712 8742/3974/2693 8743/3975/2694
f 8743/3975/2694 8745/3977/1810 8744/3976/1712
f 8746/3978/2695 8744/3976/1718 8745/3977/1805
f 8745/3977/2698 8747/3979/2695 8746/3978/2695
f 8748/4009/159 8749/4010/159 8750/4011/159
f 8748/4009/159 8750/4011/159 8751/4012/159
f 8752/4013/159 8748/4009/159 8751/4012/159
f 8752/4013/159 8753/4014/159 8748/4009/159
f 8750/4011/159 8754/4015/159 8751/4012/159
f 8755/4016/159 8752/4013/159 8751/4012/159
f 8756/4017/2692 8757/4018/2692 8758/4018/2699
f 8758/4018/2699 8759/4017/2724 8756/4017/2692
f 8759/4017/2725 8758/4018/2699 8760/4019/2708
f 8760/4019/2708 8761/4020/2705 8759/4017/2725
f 8762/4021/2726 8759/4017/2725 8761/4020/2705
f 8761/4020/2705 8763/4022/2706 8762/4021/2726
f 8764/4023/2707 8762/4021/2726 8763/4022/2706
f 8763/4022/2706 8765/4024/2720 8764/4023/2707
f 8766/4025/2719 8764/4023/2707 8765/4024/2720
f 8767/4026/2713 8760/4019/2708 8758/4018/2711
f 8758/4018/2699 8768/4027/2712 8767/4026/2713
f 8769/4028/2714 8767/4026/2713 8768/4027/2712
f 8768/4027/2712 8770/4029/2715 8769/4028/2714
f 8771/4030/2716 8769/4028/2714 8770/4029/2715
f 8770/4029/2715 8772/4031/2717 8771/4030/2716
f 8773/4032/2718 8771/4030/2716 8772/4031/2717
f 8772/4031/2717 8766/4025/2719 8773/4032/2718
f 8765/4024/2720 8773/4032/2718 8766/4025/3298
f 8774/4033/1708 8775/4034/2688 8776/4035/2688
f 8776/4035/2688 8777/4036/1684 8774/4033/1708
f 8778/4037/2689 8774/4033/1707 8777/4036/1679
f 8777/4036/1679 8779/4038/2690 8778/4037/2689
f 8780/4039/1796 8778/4037/2689 8779/4038/2690
f 8779/4038/2690 8781/4040/1724 8780/4039/1796
f 8782/4041/2691 8780/4039/1801 8781/4040/1721
f 8781/4040/1721 8783/4042/2691 8782/4041/2691
f 8784/4043/2693 8785/4044/1691 8786/4044/1691
f 8786/4044/1691 8787/4043/2694 8784/4043/2693
f 8788/4045/1712 8784/4043/2693 8787/4043/2694
f 8787/4043/2694 8789/4045/1810 8788/4045/1712
f 8790/4046/2695 8788/4045/1718 8789/4045/1805
f 8789/4045/1805 8791/4046/2695 8790/4046/2695
f 8792/4047/1709 8793/4048/2688 8794/4049/2688
f 8794/4049/2688 8795/4050/1684 8792/4047/1708
f 8796/4051/2689 8792/4047/1707 8795/4050/1679
f 8795/4050/1679 8797/4052/2690 8796/4051/2689
f 8798/4053/1796 8796/4051/2689 8797/4052/2690
f 8797/4052/2690 8799/4054/1724 8798/4053/1796
f 8800/4055/2691 8798/4053/1801 8799/4054/1721
f 8799/4054/1721 8801/4056/2691 8800/4055/2691
f 8802/4057/1688 8803/4058/2692 8804/4059/2692
f 8804/4059/2692 8805/4060/1711 8802/4057/1688
f 8806/4061/2693 8802/4057/1692 8805/4060/1705
f 8805/4060/1705 8807/4062/2694 8806/4061/2693
f 8808/4063/2727 8806/4061/2693 8807/4062/2694
f 8807/4062/2694 8809/4064/1810 8808/4063/1712
f 8810/4065/2695 8808/4063/1718 8809/4064/1805
f 8809/4064/2698 8811/4066/2695 8810/4065/2695
f 8812/4067/159 8813/4068/159 8814/4069/159
f 8812/4067/159 8814/4069/159 8815/4070/159
f 8816/4071/159 8812/4067/159 8815/4070/159
f 8816/4071/159 8817/4072/159 8812/4067/159
f 8814/4069/159 8818/4073/159 8815/4070/159
f 8819/4074/159 8816/4071/159 8815/4070/159
f 8820/4075/2692 8821/4076/2692 8822/4076/2699
f 8822/4076/2699 8823/4075/2724 8820/4075/2692
f 8823/4075/2725 8822/4076/2699 8824/4077/2708
f 8824/4077/2708 8825/4078/2705 8823/4075/2725
f 8826/4079/2726 8823/4075/2725 8825/4078/2705
f 8825/4078/2705 8827/4080/2706 8826/4079/2726
f 8828/4081/2707 8826/4079/2726 8827/4080/2706
f 8827/4080/2706 8829/4082/2720 8828/4081/2707
f 8830/4083/2719 8828/4081/2707 8829/4082/2720
f 8831/4084/2713 8824/4077/2708 8822/4076/2711
f 8822/4076/2699 8832/4085/2712 8831/4084/2713
f 8833/4086/2714 8831/4084/2713 8832/4085/2712
f 8832/4085/2712 8834/4087/2715 8833/4086/2714
f 8835/4088/2716 8833/4086/2714 8834/4087/2715
f 8834/4087/2715 8836/4089/2717 8835/4088/2716
f 8837/4090/2718 8835/4088/2716 8836/4089/2717
f 8836/4089/2717 8830/4083/2719 8837/4090/2718
f 8829/4082/2720 8837/4090/3297 8830/4083/3298
f 8838/4033/1708 8839/4034/2688 8840/4035/2688
f 8840/4035/2688 8841/4036/1684 8838/4033/1708
f 8842/4037/1680 8838/4033/1707 8841/4036/1679
f 8841/4036/1679 8843/4038/1680 8842/4037/1680
f 8844/4091/1725 8845/4092/1725 8846/4092/1725
f 8846/4092/1725 8847/4091/1725 8844/4091/1725
f 8848/4093/2691 8849/4094/2691 8850/4095/2691
f 8850/4095/2691 8851/4096/2691 8848/4093/2691
f 8852/4097/2728 8853/4098/1691 8854/4098/1691
f 8854/4098/1691 8855/4097/2694 8852/4097/2693
f 8856/4099/2727 8852/4097/2693 8855/4097/2694
f 8855/4097/2694 8857/4099/1810 8856/4099/1712
f 8858/4100/2695 8856/4099/1718 8857/4099/1805
f 8857/4099/1805 8859/4100/2695 8858/4100/2695
f 8860/4047/1709 8861/4048/2688 8862/4049/2688
f 8862/4049/2688 8863/4050/1684 8860/4047/1708
f 8864/4051/2689 8860/4047/1707 8863/4050/1679
f 8863/4050/1679 8865/4052/2690 8864/4051/2689
f 8866/4053/1796 8864/4051/2689 8865/4052/2690
f 8865/4052/2690 8867/4054/1724 8866/4053/1796
f 8868/4055/2691 8866/4053/1801 8867/4054/1721
f 8867/4054/2729 8869/4056/2691 8868/4055/2691
f 8870/4057/1688 8871/4058/2692 8872/4059/2692
f 8872/4059/2692 8873/4060/1711 8870/4057/1688
f 8874/4061/2730 8870/4057/1692 8873/4060/1705
f 8873/4060/1705 8875/4062/2694 8874/4061/2693
f 8876/4063/2731 8874/4061/2693 8875/4062/2694
f 8875/4062/2694 8877/4064/1810 8876/4063/1712
f 8878/4065/2695 8876/4063/1718 8877/4064/1805
f 8877/4064/1805 8879/4066/2695 8878/4065/2695
f 8880/4101/159 8881/4102/159 8882/4103/159
f 8880/4101/159 8882/4103/159 8883/4104/159
f 8884/4105/159 8880/4101/159 8883/4104/159
f 8884/4105/159 8885/4106/159 8880/4101/159
f 8882/4103/159 8886/4107/159 8883/4104/159
f 8887/4108/159 8884/4105/159 8883/4104/159
f 8888/4109/1679 8889/4110/1680 8890/4110/2732
f 8890/4110/2732 8891/4109/2733 8888/4109/1679
f 8892/4111/1685 8888/4109/1684 8891/4109/2734
f 8891/4109/2735 8893/4111/2736 8892/4111/1685
f 8894/4112/1688 8892/4111/1685 8893/4111/2737
f 8893/4111/2738 8895/4112/2700 8894/4112/1688
f 8896/4113/1691 8894/4112/1692 8895/4112/2701
f 8895/4112/2702 8897/4113/2703 8896/4113/1691
f 8891/4109/2735 8890/4110/2732 8898/4114/2714
f 8898/4114/2714 8899/4115/2713 8891/4109/2739
f 8893/4111/2738 8891/4109/2735 8899/4115/2713
f 8899/4115/2713 8900/4116/2708 8893/4111/2736
f 8895/4112/2702 8893/4111/2738 8900/4116/2708
f 8900/4116/2708 8901/4117/2705 8895/4112/2709
f 8897/4113/2704 8895/4112/2702 8901/4117/2705
f 8901/4117/2705 8902/4118/2706 8897/4113/2704
f 8903/4119/2707 8897/4113/2704 8902/4118/2706
f 8904/4120/2716 8898/4114/2714 8890/4110/2740
f 8890/4110/2732 8905/4121/2717 8904/4120/2716
f 8906/4122/2718 8904/4120/2716 8905/4121/2717
f 8905/4121/2717 8907/4123/2719 8906/4122/2718
f 8908/4124/2720 8906/4122/2718 8907/4123/2719
f 8907/4123/2719 8903/4119/2707 8908/4124/2720
f 8902/4118/2706 8908/4124/2720 8903/4119/2707
f 8909/4125/1796 8910/4126/1725 8911/4126/1725
f 8911/4126/1725 8912/4125/1724 8909/4125/1796
f 8913/4127/1800 8909/4125/1801 8912/4125/1721
f 8912/4125/1721 8914/4127/1717 8913/4127/1800
f 8915/4128/1805 8913/4127/1800 8914/4127/1717
f 8914/4127/1717 8916/4128/1718 8915/4128/1805
f 8917/4129/1713 8915/4128/1810 8916/4128/1712
f 8916/4128/2727 8918/4129/1713 8917/4129/1713
f 8919/4130/1708 8920/4131/2688 8921/4132/2688
f 8921/4132/2688 8922/4133/1684 8919/4130/1708
f 8923/4134/2741 8919/4130/1707 8922/4133/1679
f 8922/4133/1679 8924/4135/2690 8923/4134/2689
f 8925/4136/1796 8923/4134/2689 8924/4135/2690
f 8924/4135/2690 8926/4137/1724 8925/4136/1796
f 8927/4138/2691 8925/4136/1801 8926/4137/1721
f 8926/4137/1721 8928/4139/2691 8927/4138/2691
f 8929/4140/1869 8930/4141/2692 8931/4142/2692
f 8931/4142/2692 8932/4143/1711 8929/4140/1688
f 8933/4144/2693 8929/4140/1692 8932/4143/1705
f 8932/4143/1997 8934/4145/2694 8933/4144/2693
f 8935/4146/2727 8933/4144/2693 8934/4145/2694
f 8934/4145/2694 8936/4147/1810 8935/4146/1712
f 8937/4148/2695 8935/4146/1718 8936/4147/1805
f 8936/4147/1805 8938/4149/2695 8937/4148/2695
f 8939/4150/159 8940/4151/159 8941/4152/159
f 8939/4150/159 8941/4152/159 8942/4153/159
f 8943/4154/159 8939/4150/159 8942/4153/159
f 8943/4154/159 8944/4155/159 8939/4150/159
f 8941/4152/159 8945/4156/159 8942/4153/159
f 8946/4157/159 8943/4154/159 8942/4153/159
f 8947/4158/1679 8948/4159/1680 8949/4159/2732
f 8949/4159/2732 8950/4158/2735 8947/4158/1679
f 8951/4160/2688 8947/4158/1684 8950/4158/2734
f 8950/4158/2734 8952/4160/2742 8951/4160/2688
f 8952/4160/2743 8950/4158/2735 8953/4161/2713
f 8953/4161/2713 8954/4162/2708 8952/4160/2743
f 8955/4163/2744 8952/4160/2743 8954/4162/2708
f 8950/4158/2735 8949/4159/2732 8956/4164/2714
f 8956/4164/2714 8953/4161/2713 8950/4158/2739
f 8957/4165/2716 8956/4164/2714 8949/4159/2740
f 8949/4159/2732 8958/4166/2717 8957/4165/2716
f 8959/4167/2745 8957/4165/2716 8958/4166/2717
f 8958/4166/2717 8960/4168/2719 8959/4167/2718
f 8961/4169/2720 8959/4167/2718 8960/4168/2719
f 8960/4168/2719 8962/4170/2707 8961/4169/2720
f 8963/4171/2706 8961/4169/2720 8962/4170/2707
f 8962/4170/2707 8964/4172/2726 8963/4171/2706
f 8965/4173/2705 8963/4171/2706 8964/4172/2726
f 8964/4172/2726 8955/4163/2744 8965/4173/2705
f 8954/4162/2708 8965/4173/2705 8955/4163/2744
f 8966/4174/1796 8967/4175/1725 8968/4175/1725
f 8968/4175/1725 8969/4174/1724 8966/4174/1796
f 8970/4176/2691 8966/4174/1801 8969/4174/1721
f 8969/4174/1721 8971/4176/2691 8970/4176/2691
f 8972/4177/1688 8973/4178/2692 8974/4179/2692
f 8974/4179/2692 8975/4180/1711 8972/4177/1688
f 8976/4181/2746 8972/4177/1692 8975/4180/1705
f 8975/4180/1705 8977/4182/2694 8976/4181/2693
f 8978/4183/1712 8976/4181/2693 8977/4182/2694
f 8977/4182/2694 8979/4184/1810 8978/4183/1712
f 8980/4185/2695 8978/4183/1718 8979/4184/1805
f 8979/4184/1805 8981/4186/2695 8980/4185/2695
f 8982/4130/1708 8983/4131/2688 8984/4132/2688
f 8984/4132/2688 8985/4133/1684 8982/4130/1708
f 8986/4134/2747 8982/4130/1707 8985/4133/1679
f 8985/4133/2696 8987/4135/2690 8986/4134/2689
f 8988/4136/1796 8986/4134/2689 8987/4135/2690
f 8987/4135/2690 8989/4137/1724 8988/4136/1796
f 8990/4138/2691 8988/4136/1801 8989/4137/1721
f 8989/4137/1721 8991/4139/2691 8990/4138/2691
f 8992/4140/1688 8993/4141/2692 8994/4142/2692
f 8994/4142/2692 8995/4143/1711 8992/4140/1688
f 8996/4144/2693 8992/4140/1692 8995/4143/1705
f 8995/4143/1705 8997/4145/2694 8996/4144/2693
f 8998/4146/1712 8996/4144/2693 8997/4145/2694
f 8997/4145/2694 8999/4147/1810 8998/4146/1712
f 9000/4148/2695 8998/4146/1718 8999/4147/1805
f 8999/4147/1805 9001/4149/2695 9000/4148/2695
f 9002/4187/159 9003/4188/159 9004/4189/159
f 9002/4187/159 9004/4189/159 9005/4190/159
f 9006/4191/159 9002/4187/159 9005/4190/159
f 9006/4191/159 9007/4192/159 9002/4187/159
f 9004/4189/159 9008/4193/159 9005/4190/159
f 9009/4194/159 9006/4191/159 9005/4190/159
f 9010/4195/1685 9011/4196/2688 9012/4196/2748
f 9012/4196/2748 9013/4195/2737 9010/4195/1685
f 9014/4197/2692 9010/4195/1685 9013/4195/2737
f 9013/4195/2738 9015/4197/2724 9014/4197/2692
f 9015/4197/2725 9013/4195/2738 9016/4198/2708
f 9016/4198/2708 9017/4199/2705 9015/4197/2725
f 9018/4200/2726 9015/4197/2725 9017/4199/2705
f 9013/4195/2738 9012/4196/2748 9019/4201/2713
f 9019/4201/2713 9016/4198/3299 9013/4195/2736
f 9020/4202/2714 9019/4201/2713 9012/4196/2748
f 9012/4196/2748 9021/4203/2715 9020/4202/2714
f 9022/4204/2716 9020/4202/2714 9021/4203/2715
f 9021/4203/2715 9023/4205/2717 9022/4204/2716
f 9024/4206/2718 9022/4204/2716 9023/4205/2717
f 9023/4205/2717 9025/4207/2719 9024/4206/2718
f 9026/4208/2720 9024/4206/2718 9025/4207/3298
f 9025/4207/2719 9027/4209/2707 9026/4208/2720
f 9028/4210/2706 9026/4208/2720 9027/4209/2707
f 9027/4209/2707 9018/4200/2726 9028/4210/2706
f 9017/4199/2705 9028/4210/2706 9018/4200/2726
f 9029/4211/2693 9030/4212/1691 9031/4212/1691
f 9031/4212/1691 9032/4211/2694 9029/4211/2693
f 9033/4213/1712 9029/4211/2693 9032/4211/2694
f 9032/4211/2694 9034/4213/1810 9033/4213/1712
f 9035/4214/2749 9033/4213/1718 9034/4213/1805
f 9034/4213/1805 9036/4214/1800 9035/4214/1717
f 9037/4215/2729 9035/4214/1717 9036/4214/1800
f 9036/4214/1800 9038/4215/1801 9037/4215/1721
f 9039/4216/2690 9037/4215/1724 9038/4215/1796
f 9038/4215/1796 9040/4216/2689 9039/4216/2690
f 9041/4217/1680 9039/4216/2690 9040/4216/2689
f 9040/4216/2747 9042/4217/1680 9041/4217/1680
f 9043/4218/1709 9044/4219/2688 9045/4220/2688
f 9045/4220/2688 9046/4221/1684 9043/4218/1708
f 9047/4222/2689 9043/4218/1707 9046/4221/1679
f 9046/4221/1679 9048/4223/2690 9047/4222/2689
f 9049/4224/1796 9047/4222/2689 9048/4223/2690
f 9048/4223/2690 9050/4225/1724 9049/4224/1796
f 9051/4226/2691 9049/4224/1801 9050/4225/1721
f 9050/4225/1721 9052/4227/2691 9051/4226/2691
f 9053/4228/1688 9054/4229/2692 9055/4230/2692
f 9055/4230/2692 9056/4231/1711 9053/4228/1688
f 9057/4232/2693 9053/4228/1692 9056/4231/1705
f 9056/4231/1705 9058/4233/2694 9057/4232/2693
f 9059/4234/1712 9057/4232/2693 9058/4233/2694
f 9058/4233/2750 9060/4235/1810 9059/4234/1712
f 9061/4236/2695 9059/4234/1718 9060/4235/1805
f 9060/4235/1805 9062/4237/2695 9061/4236/2695
f 9063/4238/159 9064/4239/159 9065/4240/159
f 9063/4238/159 9065/4240/159 9066/4241/159
f 9067/4242/159 9063/4238/159 9066/4241/159
f 9067/4242/159 9068/4243/159 9063/4238/159
f 9065/4240/159 9069/4244/159 9066/4241/159
f 9070/4245/159 9067/4242/159 9066/4241/159
f 9071/4246/2688 9072/4247/2688 9073/4247/2748
f 9073/4247/2748 9074/4246/2742 9071/4246/2688
f 9074/4246/2743 9073/4247/2748 9075/4248/2713
f 9075/4248/2713 9076/4249/2708 9074/4246/2743
f 9077/4250/2744 9074/4246/2743 9076/4249/2708
f 9076/4249/2708 9078/4251/2705 9077/4250/2744
f 9079/4252/2726 9077/4250/2744 9078/4251/2705
f 9078/4251/2751 9080/4253/2706 9079/4252/2726
f 9081/4254/2707 9079/4252/2726 9080/4253/2706
f 9082/4255/2714 9075/4248/2713 9073/4247/2748
f 9073/4247/2748 9083/4256/2715 9082/4255/2714
f 9084/4257/2716 9082/4255/2714 9083/4256/2715
f 9083/4256/2715 9085/4258/2717 9084/4257/2716
f 9086/4259/2718 9084/4257/2716 9085/4258/2717
f 9085/4258/2717 9087/4260/2719 9086/4259/2718
f 9088/4261/2720 9086/4259/2718 9087/4260/2752
f 9087/4260/2719 9081/4254/2707 9088/4261/2720
f 9080/4253/2706 9088/4261/2720 9081/4254/2707
f 9089/4262/2689 9090/4263/1680 9091/4263/1680
f 9091/4263/1680 9092/4262/2690 9089/4262/2689
f 9093/4264/1801 9089/4262/2689 9092/4262/2690
f 9092/4262/2690 9094/4264/1724 9093/4264/1796
f 9095/4265/2691 9093/4264/1801 9094/4264/1721
f 9094/4264/1721 9096/4265/2691 9095/4265/2691
f 9097/4266/1688 9098/4267/2692 9099/4268/2692
f 9099/4268/2692 9100/4269/1711 9097/4266/1688
f 9101/4270/2693 9097/4266/1692 9100/4269/1705
f 9100/4269/1705 9102/4271/2694 9101/4270/2693
f 9103/4272/1712 9101/4270/2693 9102/4271/2694
f 9102/4271/2694 9104/4273/1810 9103/4272/1712
f 9105/4274/2695 9103/4272/1718 9104/4273/1805
f 9104/4273/1805 9106/4275/2695 9105/4274/2695
f 9107/4218/1708 9108/4219/2688 9109/4220/2688
f 9109/4220/2688 9110/4221/1684 9107/4218/1708
f 9111/4222/2689 9107/4218/1707 9110/4221/1679
f 9110/4221/1679 9112/4223/2690 9111/4222/2689
f 9113/4224/2753 9111/4222/2689 9112/4223/2690
f 9112/4223/2690 9114/4225/1724 9113/4224/1796
f 9115/4226/2691 9113/4224/1801 9114/4225/1721
f 9114/4225/1721 9116/4227/2691 9115/4226/2691
f 9117/4228/1688 9118/4229/2692 9119/4230/2692
f 9119/4230/2692 9120/4231/1711 9117/4228/1688
f 9121/4232/2693 9117/4228/1692 9120/4231/1705
f 9120/4231/1705 9122/4233/2694 9121/4232/2693
f 9123/4234/1712 9121/4232/2693 9122/4233/2694
f 9122/4233/2694 9124/4235/1810 9123/4234/1712
f 9125/4236/2695 9123/4234/1718 9124/4235/1805
f 9124/4235/1805 9126/4237/2695 9125/4236/2695
f 9127/4276/159 9128/4277/159 9129/4278/159
f 9127/4276/159 9129/4278/159 9130/4279/159
f 9131/4280/159 9127/4276/159 9130/4279/159
f 9131/4280/159 9132/4281/159 9127/4276/159
f 9129/4278/159 9133/4282/159 9130/4279/159
f 9134/4283/159 9131/4280/159 9130/4279/159
f 9135/4284/166 9136/4285/166 9137/4285/166
f 9137/4285/166 9138/4284/166 9135/4284/166
f 9138/4284/2435 9137/4285/2435 9139/4286/2435
f 9139/4286/3300 9140/4287/3300 9138/4284/3300
f 9141/4288/3248 9142/3514/3248 9143/4289/3248
f 9143/4289/2303 9144/4290/2303 9141/4288/2303
f 9145/4291/2305 9146/4292/2305 9147/3511/2305
f 9147/3511/2305 9148/4293/2305 9145/4291/2305
f 9149/4294/158 9150/4295/158 9151/4296/158
f 9151/4296/158 9152/4297/158 9149/4294/158
f 9149/4294/158 9152/4297/158 9153/4298/158
f 9154/4299/156 9155/4300/156 9156/4301/156
f 9156/4301/156 9157/4302/156 9154/4299/156
f 9158/4303/156 9154/4299/156 9157/4302/156
f 9159/4304/2755 9160/4305/2755 9161/4306/2755
f 9161/4306/2755 9162/4307/2755 9159/4304/2755
f 9163/4308/356 9164/4309/356 9165/4310/2756
f 9165/4310/2757 9166/4311/2758 9163/4308/356
f 9167/4312/356 9163/4308/356 9166/4311/2758
f 9166/4311/2758 9168/4313/2759 9167/4312/356
f 9169/4314/356 9167/4312/356 9168/4313/2759
f 9168/4313/2760 9170/4315/2761 9169/4314/356
f 9171/4316/356 9169/4314/356 9170/4315/2761
f 9166/4311/2758 9165/4310/2756 9172/4317/2762
f 9172/4317/2762 9173/4318/2763 9166/4311/2764
f 9168/4313/2760 9166/4311/2758 9173/4318/2763
f 9173/4318/2763 9174/4319/2765 9168/4313/2760
f 9170/4315/2761 9168/4313/2759 9174/4319/2765
f 9174/4319/2765 9175/4320/2766 9170/4315/2761
f 9176/4321/2767 9170/4315/2761 9175/4320/2766
f 9170/4315/2761 9176/4321/2768 9171/4316/356
f 9177/4322/356 9171/4316/356 9176/4321/2768
f 9178/4323/2769 9172/4317/2762 9165/4310/2770
f 9173/4318/2763 9172/4317/2762 9178/4323/2769
f 9173/4318/2763 9178/4323/2769 9179/4324/2771
f 9175/4320/2766 9173/4318/2763 9179/4324/2771
f 9175/4320/2766 9174/4319/2765 9173/4318/2763
f 9165/4310/2770 9180/4325/2772 9178/4323/2769
f 9181/4326/2773 9178/4323/2769 9180/4325/2774
f 9178/4323/2769 9181/4326/2773 9179/4324/2771
f 9179/4324/2771 9181/4326/2773 9182/4327/2775
f 9182/4327/2775 9183/4328/2776 9179/4324/2771
f 9184/4329/2777 9179/4324/2771 9183/4328/2776
f 9184/4329/2777 9175/4320/2766 9179/4324/2771
f 9175/4320/2766 9184/4329/2777 9176/4321/2767
f 9183/4328/2776 9176/4321/2768 9184/4329/2777
f 9176/4321/2767 9183/4328/2776 9177/4322/356
f 9185/4330/356 9177/4322/356 9183/4328/2776
f 9183/4328/2776 9182/4327/2778 9185/4330/356
f 9186/4331/356 9185/4330/356 9182/4327/2778
f 9182/4327/2775 9180/4325/2774 9186/4331/356
f 9180/4325/2779 9182/4327/2778 9181/4326/2773
f 9187/4332/356 9188/4333/356 9189/4334/356
f 9189/4334/356 9190/4335/356 9187/4332/356
f 9191/3833/2780 9192/3833/638 9193/3834/2781
f 9194/3835/2570 9192/3833/159 9191/3833/2780
f 9191/3833/2780 9195/3835/2782 9194/3835/2570
f 9196/3836/2573 9194/3835/2570 9195/3835/2782
f 9195/3835/2782 9197/3836/2783 9196/3836/2573
f 9196/3836/2576 9197/3836/2784 9198/3837/2785
f 9198/3837/2785 9199/3837/2577 9196/3836/2574
f 9200/4336/2786 9191/3833/2780 9193/3834/2781
f 9195/3835/2782 9191/3833/2780 9200/4336/2786
f 9200/4336/2786 9201/4337/2787 9195/3835/2782
f 9197/3836/2783 9195/3835/2782 9201/4337/2787
f 9201/4337/2787 9202/4338/2788 9197/3836/2784
f 9197/3836/3301 9202/4338/2788 9203/4339/2789
f 9203/4339/2789 9198/3837/2785 9197/3836/2783
f 9198/3837/2785 9203/4339/2789 9204/4340/2790
f 9204/4340/2790 9205/3838/2791 9198/3837/2792
f 9199/3837/2577 9198/3837/2785 9205/3838/2791
f 9205/3838/2791 9206/3838/2579 9199/3837/2577
f 9200/4336/2786 9193/3834/2793 9207/4341/2794
f 9201/4337/2787 9200/4336/2795 9207/4341/2796
f 9207/4341/2796 9208/4342/2797 9201/4337/2787
f 9202/4338/2788 9201/4337/2787 9208/4342/2798
f 9202/4338/2788 9208/4342/3302 9203/4339/2799
f 9203/4339/2789 9208/4342/2798 9209/4343/2800
f 9209/4343/2801 9204/4340/2790 9203/4339/2789
f 9210/4344/2802 9204/4340/2790 9209/4343/2800
f 9205/3838/2791 9204/4340/2790 9210/4344/2802
f 9210/4344/2802 9211/3839/2803 9205/3838/2791
f 9206/3838/2579 9205/3838/2791 9211/3839/2803
f 9211/3839/2803 9212/3839/2581 9206/3838/2579
f 9207/4341/2796 9193/3834/2793 9213/3842/2804
f 9213/3842/2804 9214/4345/2805 9207/4341/2796
f 9208/4342/2797 9207/4341/2796 9214/4345/2805
f 9214/4345/2805 9209/4343/2801 9208/4342/2797
f 9209/4343/2801 9214/4345/2805 9215/4346/2806
f 9215/4346/2807 9216/4347/2808 9209/4343/2801
f 9209/4343/2801 9216/4347/2809 9210/4344/2802
f 9211/3839/2803 9210/4344/2802 9216/4347/2810
f 9216/4347/2808 9217/3840/2811 9211/3839/2803
f 9212/3839/2581 9211/3839/2803 9217/3840/2811
f 9217/3840/2811 9218/3840/2812 9212/3839/2581
f 9218/3840/2584 9217/3840/2811 9219/3841/2813
f 9219/3841/2813 9220/3841/356 9218/3840/2584
f 9214/4345/2805 9213/3842/2804 9215/4346/2806
f 9213/3842/2804 9219/3841/2814 9215/4346/2807
f 9215/4346/2806 9219/3841/2813 9217/3840/2811
f 9217/3840/2811 9216/4347/2809 9215/4346/2806
f 9213/3842/2815 9220/3841/356 9219/3841/2813
f 9221/3878/2824 9222/3879/3303 9223/4348/2818
f 9224/3880/2820 9223/4348/3304 9222/3879/2817
f 9224/3880/2820 9225/4349/2821 9223/4348/2818
f 9226/4350/2822 9223/4348/2818 9225/4349/2821
f 9223/4348/2818 9226/4350/2823 9221/3878/2816
f 9227/3882/3305 9221/3878/2816 9226/4350/2823
f 9226/4350/2823 9228/4351/2826 9227/3882/2827
f 9229/3884/2832 9227/3882/2827 9228/4351/2826
f 9228/4351/2826 9230/4352/2829 9229/3884/2830
f 9231/3885/2831 9229/3884/2828 9230/4352/2833
f 9224/3880/2820 9232/4353/2834 9225/4349/2835
f 9233/4354/2836 9225/4349/2821 9232/4353/2834
f 9225/4349/2835 9233/4354/2836 9226/4350/2823
f 9226/4350/2822 9233/4354/2837 9234/4355/2838
f 9234/4355/2838 9228/4351/2826 9226/4350/2823
f 9230/4352/2839 9228/4351/2826 9234/4355/2838
f 9234/4355/2838 9235/4356/2840 9230/4352/2829
f 9231/3885/2841 9230/4352/2842 9235/4356/2840
f 9231/3885/2841 9235/4356/2840 9236/4357/2843
f 9231/3885/2841 9236/4357/2843 9237/4358/2844
f 9231/3885/2841 9237/4358/2844 9238/3886/2845
f 9224/3880/2820 9239/4359/2846 9232/4353/2847
f 9240/4360/2848 9232/4353/2834 9239/4359/2846
f 9232/4353/2834 9240/4360/2848 9233/4354/2849
f 9234/4355/2838 9233/4354/2836 9240/4360/2850
f 9240/4360/2850 9241/4361/2851 9234/4355/2838
f 9235/4356/3306 9234/4355/2838 9241/4361/2851
f 9241/4361/2851 9236/4357/3307 9235/4356/3308
f 9236/4357/2843 9241/4361/2851 9242/4362/2852
f 9242/4362/2852 9237/4358/2844 9236/4357/2843
f 9237/4358/2844 9242/4362/2852 9243/3889/2853
f 9243/3889/3309 9238/3886/2854 9237/4358/2844
f 9224/3880/2820 9244/3891/2855 9239/4359/2856
f 9245/4363/2861 9239/4359/3310 9244/3891/2858
f 9239/4359/2856 9245/4363/2857 9240/4360/2859
f 9240/4360/2859 9245/4363/2857 9242/4362/2852
f 9242/4362/2852 9241/4361/2851 9240/4360/2859
f 9244/3891/2855 9246/3888/3311 9245/4363/2857
f 9245/4363/2861 9246/3888/2862 9243/3889/2853
f 9243/3889/2853 9242/4362/2852 9245/4363/2857
f 9247/3819/2863 9248/3820/2864 9249/4364/2865
f 9249/4364/3312 9248/3820/2866 9250/3821/2867
f 9250/3821/2868 9251/4365/2871 9249/4364/2865
f 9252/4366/2870 9249/4364/2865 9251/4365/2871
f 9247/3819/2863 9249/4364/2865 9252/4366/2870
f 9247/3819/2863 9252/4366/2872 9253/4367/2873
f 9247/3819/2863 9253/4367/3313 9254/4368/2887
f 9247/3819/2863 9254/4368/2874 9255/3824/2875
f 9255/3824/2876 9254/4368/3314 9256/4369/2877
f 9256/4369/2878 9257/3825/2879 9255/3824/3315
f 9251/4365/2869 9250/3821/2868 9258/3829/2880
f 9258/3829/2880 9259/4370/2881 9251/4365/2871
f 9251/4365/2869 9259/4370/2881 9260/4371/2882
f 9260/4371/2882 9261/4372/2883 9251/4365/2871
f 9251/4365/2869 9261/4372/3316 9252/4366/2870
f 9253/4367/3317 9252/4366/2870 9261/4372/3316
f 9261/4372/2885 9262/4373/3318 9253/4367/2873
f 9254/4368/2874 9253/4367/2873 9262/4373/2888
f 9262/4373/2889 9256/4369/2878 9254/4368/2874
f 9263/4374/2890 9256/4369/2877 9262/4373/2886
f 9256/4369/2877 9263/4374/2891 9264/3826/2892
f 9264/3826/2893 9257/3825/2879 9256/4369/2877
f 9259/4370/2881 9258/3829/3319 9265/3832/2901
f 9265/3832/2894 9266/4375/2896 9259/4370/2881
f 9260/4371/3320 9259/4370/3321 9266/4375/3322
f 9266/4375/2896 9267/4376/2897 9260/4371/2882
f 9268/4377/2898 9260/4371/2882 9267/4376/2897
f 9260/4371/2882 9268/4377/2898 9262/4373/2886
f 9262/4373/2888 9261/4372/2884 9260/4371/2882
f 9269/3831/2899 9266/4375/2900 9265/3832/3323
f 9269/3831/2902 9267/4376/2897 9266/4375/2896
f 9269/3831/2902 9270/4378/2903 9267/4376/2897
f 9267/4376/2897 9270/4378/2903 9268/4377/2898
f 9263/4374/2891 9268/4377/2898 9270/4378/2904
f 9262/4373/2889 9268/4377/2898 9263/4374/2891
f 9269/3831/2902 9271/4379/2905 9270/4378/2903
f 9270/4378/3324 9271/4379/2905 9263/4374/2890
f 9264/3826/2892 9263/4374/2891 9271/4379/2905
f 9271/4379/2905 9272/3828/3325 9264/3826/3326
f 9269/3831/2902 9272/3828/2906 9271/4379/2905
f 9273/4380/2707 9274/4381/2726 9275/4382/2706
f 9276/4383/2705 9275/4382/2706 9274/4381/2726
f 9274/4381/2726 9277/4384/2744 9276/4383/2705
f 9278/4385/2708 9276/4383/2705 9277/4384/2907
f 9277/4384/2744 9279/4386/2908 9278/4385/2708
f 9280/4387/2713 9278/4385/2708 9279/4386/2909
f 9279/4386/2908 9281/4388/2712 9280/4387/2713
f 9282/4389/2714 9280/4387/2713 9281/4388/2712
f 9281/4388/2712 9283/4390/2715 9282/4389/2714
f 9284/4391/2716 9282/4389/2714 9283/4390/2715
f 9283/4390/2715 9285/4392/2717 9284/4391/2716
f 9286/4393/2718 9284/4391/2716 9285/4392/2717
f 9285/4392/2717 9287/4394/2719 9286/4393/2718
f 9288/4395/2720 9286/4393/2718 9287/4394/3298
f 9287/4394/2719 9273/4380/2707 9288/4395/2720
f 9275/4382/2706 9288/4395/2720 9273/4380/2707
f 9289/4396/2910 9290/4397/2911 9291/4398/2912
f 9292/4399/3327 9291/4398/2914 9290/4397/2911
f 9291/4398/2912 9292/4399/2915 9293/4400/2916
f 9293/4400/2916 9294/4401/2917 9291/4398/2914
f 9295/4402/2918 9291/4398/2912 9294/4401/2917
f 9291/4398/2912 9295/4402/2918 9289/4396/2910
f 9295/4402/2918 9296/4403/2920 9289/4396/2910
f 9289/4396/2910 9296/4403/3328 9297/4404/2921
f 9298/4405/2922 9297/4404/2923 9296/4403/2919
f 9292/4399/2913 9290/4397/2911 9299/4406/2924
f 9292/4399/2913 9299/4406/2924 9300/4407/2925
f 9300/4407/2925 9293/4400/2916 9292/4399/2913
f 9293/4400/2926 9300/4407/2925 9301/4408/2927
f 9301/4408/2927 9302/4409/2928 9293/4400/2916
f 9302/4409/2928 9294/4401/2929 9293/4400/2916
f 9302/4409/2928 9303/4410/2930 9294/4401/2929
f 9304/4411/2932 9294/4401/2929 9303/4410/2933
f 9294/4401/2917 9304/4411/2934 9295/4402/2918
f 9296/4403/2920 9295/4402/2918 9304/4411/2934
f 9304/4411/2934 9305/4412/2935 9296/4403/2919
f 9296/4403/2920 9305/4412/2936 9298/4405/2922
f 9306/4413/2937 9298/4405/2922 9305/4412/2935
f 9305/4412/2935 9307/4414/3329 9306/4413/2937
f 9308/4415/2939 9306/4413/2940 9307/4414/2938
f 9303/4410/2930 9302/4409/2928 9301/4408/2941
f 9301/4408/2941 9309/4416/2942 9303/4410/2930
f 9310/4417/2943 9303/4410/2933 9309/4416/2942
f 9303/4410/2933 9310/4417/2943 9304/4411/2932
f 9307/4414/2938 9304/4411/2934 9310/4417/2943
f 9304/4411/2944 9307/4414/2938 9305/4412/2935
f 9309/4416/2942 9308/4415/2939 9310/4417/2943
f 9307/4414/2938 9310/4417/2943 9308/4415/2939
f 9311/4418/356 9312/4419/356 9313/4420/2761
f 9314/4421/2760 9313/4420/2761 9312/4419/356
f 9313/4420/2761 9314/4421/2759 9315/4422/2765
f 9315/4422/2765 9316/4423/2766 9313/4420/2761
f 9317/4424/2767 9313/4420/2761 9316/4423/2766
f 9313/4420/2761 9317/4424/2768 9311/4418/356
f 9318/4425/356 9311/4418/356 9317/4424/2768
f 9317/4424/2767 9319/4426/2776 9318/4425/356
f 9320/4427/356 9318/4425/356 9319/4426/2776
f 9312/4419/356 9321/4428/356 9314/4421/2759
f 9322/4429/2758 9314/4421/2759 9321/4428/356
f 9314/4421/2760 9322/4429/2758 9323/4430/2763
f 9323/4430/2763 9315/4422/2765 9314/4421/2760
f 9316/4423/2766 9315/4422/2765 9323/4430/2763
f 9316/4423/2766 9323/4430/2763 9324/4431/2771
f 9325/4432/2777 9316/4423/2766 9324/4431/2771
f 9316/4423/2766 9325/4432/2777 9317/4424/2767
f 9319/4426/2776 9317/4424/2768 9325/4432/2777
f 9325/4432/2777 9324/4431/2771 9319/4426/2776
f 9326/4433/2775 9319/4426/2776 9324/4431/2771
f 9319/4426/2776 9326/4433/2778 9320/4427/356
f 9327/4434/356 9320/4427/356 9326/4433/2778
f 9321/4428/356 9328/4435/356 9322/4429/2758
f 9329/4436/2946 9322/4429/2758 9328/4435/356
f 9322/4429/2758 9329/4436/2947 9330/4437/2762
f 9330/4437/2762 9323/4430/2763 9322/4429/2758
f 9323/4430/2763 9330/4437/2762 9331/4438/2769
f 9323/4430/2763 9331/4438/2769 9324/4431/2771
f 9331/4438/2769 9332/4439/3330 9324/4431/2771
f 9324/4431/2771 9332/4439/2773 9326/4433/2778
f 9333/4440/2948 9326/4433/2778 9332/4439/2773
f 9326/4433/2775 9333/4440/2948 9327/4434/356
f 9334/4441/356 9327/4434/356 9333/4440/2948
f 9328/4435/356 9334/4441/356 9329/4436/2947
f 9333/4440/2948 9329/4436/2947 9334/4441/356
f 9329/4436/2946 9333/4440/2948 9331/4438/2769
f 9331/4438/2769 9330/4437/2762 9329/4436/2947
f 9332/4439/2773 9331/4438/2769 9333/4440/2948
f 9335/4442/356 9336/4443/356 9337/4444/2761
f 9338/4445/2760 9337/4444/2761 9336/4443/356
f 9337/4444/2761 9338/4445/2759 9339/4446/2765
f 9339/4446/2765 9340/4447/2766 9337/4444/2761
f 9341/4448/2767 9337/4444/2761 9340/4447/2766
f 9337/4444/2761 9341/4448/2768 9335/4442/356
f 9342/4449/356 9335/4442/356 9341/4448/2768
f 9341/4448/2767 9343/4450/2776 9342/4449/356
f 9344/4451/356 9342/4449/356 9343/4450/2776
f 9336/4443/356 9345/4452/356 9338/4445/2759
f 9346/4453/2758 9338/4445/2759 9345/4452/356
f 9338/4445/2760 9346/4453/2758 9347/4454/2763
f 9347/4454/2763 9339/4446/2765 9338/4445/2760
f 9340/4447/2766 9339/4446/2765 9347/4454/2763
f 9340/4447/2766 9347/4454/2763 9348/4455/2771
f 9349/4456/2777 9340/4447/2766 9348/4455/2771
f 9340/4447/2766 9349/4456/2777 9341/4448/2767
f 9343/4450/2776 9341/4448/2768 9349/4456/2777
f 9349/4456/2777 9348/4455/2771 9343/4450/2776
f 9350/4457/2775 9343/4450/2776 9348/4455/2771
f 9343/4450/2776 9350/4457/2778 9344/4451/356
f 9351/4458/356 9344/4451/356 9350/4457/2778
f 9345/4452/356 9352/4459/356 9346/4453/2758
f 9353/4460/2946 9346/4453/2758 9352/4459/356
f 9346/4453/2758 9353/4460/2947 9354/4461/2762
f 9354/4461/2762 9347/4454/2763 9346/4453/2758
f 9347/4454/2763 9354/4461/2762 9355/4462/2769
f 9347/4454/2763 9355/4462/2769 9348/4455/2771
f 9355/4462/2769 9356/4463/2773 9348/4455/2771
f 9348/4455/2771 9356/4463/2773 9350/4457/2778
f 9357/4464/2948 9350/4457/2778 9356/4463/2773
f 9350/4457/2775 9357/4464/2948 9351/4458/356
f 9358/4465/356 9351/4458/356 9357/4464/2948
f 9352/4459/356 9358/4465/356 9353/4460/2947
f 9357/4464/2948 9353/4460/2947 9358/4465/356
f 9353/4460/2947 9357/4464/2948 9355/4462/2769
f 9355/4462/2769 9354/4461/2762 9353/4460/2946
f 9356/4463/2773 9355/4462/2769 9357/4464/2948
f 9359/4466/356 9360/4467/356 9361/4468/2761
f 9362/4469/2760 9361/4468/2761 9360/4467/356
f 9361/4468/2761 9362/4469/2759 9363/4470/2765
f 9363/4470/2765 9364/4471/2766 9361/4468/2761
f 9365/4472/2767 9361/4468/2761 9364/4471/2766
f 9361/4468/2761 9365/4472/2768 9359/4466/356
f 9366/4473/356 9359/4466/356 9365/4472/2768
f 9365/4472/2767 9367/4474/2776 9366/4473/356
f 9368/4475/356 9366/4473/356 9367/4474/2776
f 9360/4467/356 9369/4476/356 9362/4469/2759
f 9370/4477/2758 9362/4469/2759 9369/4476/356
f 9362/4469/2759 9370/4477/2758 9371/4478/2763
f 9371/4478/2763 9363/4470/2765 9362/4469/2760
f 9364/4471/2766 9363/4470/2765 9371/4478/2763
f 9364/4471/2766 9371/4478/2763 9372/4479/2771
f 9373/4480/2777 9364/4471/2766 9372/4479/2771
f 9364/4471/2766 9373/4480/2777 9365/4472/2767
f 9367/4474/2776 9365/4472/2768 9373/4480/2777
f 9373/4480/2777 9372/4479/2771 9367/4474/2776
f 9374/4481/2775 9367/4474/2776 9372/4479/2771
f 9367/4474/2776 9374/4481/2778 9368/4475/356
f 9375/4482/356 9368/4475/356 9374/4481/2778
f 9369/4476/356 9376/4483/356 9370/4477/2758
f 9377/4484/2946 9370/4477/2758 9376/4483/356
f 9370/4477/2758 9377/4484/2947 9378/4485/2762
f 9378/4485/2762 9371/4478/2763 9370/4477/2758
f 9371/4478/2763 9378/4485/2762 9379/4486/2769
f 9371/4478/2763 9379/4486/2769 9372/4479/2771
f 9379/4486/2769 9380/4487/3330 9372/4479/2771
f 9372/4479/2771 9380/4487/2773 9374/4481/2775
f 9381/4488/2948 9374/4481/2778 9380/4487/2773
f 9374/4481/2775 9381/4488/2948 9375/4482/356
f 9382/4489/356 9375/4482/356 9381/4488/2948
f 9376/4483/356 9382/4489/356 9377/4484/2947
f 9381/4488/2948 9377/4484/2947 9382/4489/356
f 9377/4484/2947 9381/4488/2948 9379/4486/2769
f 9379/4486/2769 9378/4485/2762 9377/4484/2947
f 9380/4487/2773 9379/4486/2769 9381/4488/2948
f 9383/4490/356 9384/4491/356 9385/4492/2761
f 9386/4493/2760 9385/4492/2761 9384/4491/356
f 9385/4492/2761 9386/4493/2759 9387/4494/2765
f 9387/4494/2765 9388/4495/2766 9385/4492/2761
f 9389/4496/2767 9385/4492/2761 9388/4495/2766
f 9385/4492/2761 9389/4496/2768 9383/4490/356
f 9390/4497/356 9383/4490/356 9389/4496/2768
f 9389/4496/2767 9391/4498/2776 9390/4497/356
f 9392/4499/356 9390/4497/356 9391/4498/2776
f 9384/4491/356 9393/4500/356 9386/4493/2759
f 9394/4501/2758 9386/4493/2759 9393/4500/356
f 9386/4493/2760 9394/4501/2758 9395/4502/2763
f 9395/4502/2763 9387/4494/2765 9386/4493/2760
f 9388/4495/2766 9387/4494/3331 9395/4502/2763
f 9388/4495/2766 9395/4502/2763 9396/4503/2771
f 9397/4504/2777 9388/4495/2766 9396/4503/2771
f 9388/4495/2766 9397/4504/2777 9389/4496/2767
f 9391/4498/2776 9389/4496/2768 9397/4504/2777
f 9397/4504/2777 9396/4503/2771 9391/4498/2776
f 9398/4505/2775 9391/4498/2776 9396/4503/2771
f 9391/4498/2776 9398/4505/2778 9392/4499/356
f 9399/4506/356 9392/4499/356 9398/4505/2778
f 9393/4500/356 9400/4507/356 9394/4501/2758
f 9401/4508/2946 9394/4501/2758 9400/4507/356
f 9394/4501/2758 9401/4508/2947 9402/4509/2762
f 9402/4509/2762 9395/4502/2763 9394/4501/2758
f 9395/4502/2763 9402/4509/2762 9403/4510/2769
f 9395/4502/2763 9403/4510/2769 9396/4503/2771
f 9403/4510/2769 9404/4511/2773 9396/4503/2771
f 9396/4503/2771 9404/4511/2773 9398/4505/2778
f 9405/4512/2948 9398/4505/2778 9404/4511/2773
f 9398/4505/2775 9405/4512/2948 9399/4506/356
f 9406/4513/356 9399/4506/356 9405/4512/2948
f 9400/4507/356 9406/4513/356 9401/4508/2947
f 9405/4512/2948 9401/4508/2947 9406/4513/356
f 9401/4508/2947 9405/4512/2948 9403/4510/2769
f 9403/4510/2769 9402/4509/2762 9401/4508/2946
f 9404/4511/2773 9403/4510/2769 9405/4512/2948
f 9407/4514/356 9408/4515/356 9409/4516/2761
f 9410/4517/2760 9409/4516/2761 9408/4515/356
f 9409/4516/2761 9410/4517/2759 9411/4518/2765
f 9411/4518/2765 9412/4519/2766 9409/4516/2761
f 9413/4520/2767 9409/4516/2761 9412/4519/2766
f 9409/4516/2761 9413/4520/2768 9407/4514/356
f 9414/4521/356 9407/4514/356 9413/4520/2768
f 9413/4520/2767 9415/4522/2776 9414/4521/356
f 9416/4523/356 9414/4521/356 9415/4522/2776
f 9408/4515/356 9417/4524/356 9410/4517/2759
f 9418/4525/2758 9410/4517/2759 9417/4524/356
f 9410/4517/2760 9418/4525/2758 9419/4526/2763
f 9419/4526/2763 9411/4518/2765 9410/4517/2760
f 9412/4519/2766 9411/4518/3331 9419/4526/2763
f 9412/4519/2766 9419/4526/2763 9420/4527/2771
f 9421/4528/2777 9412/4519/2766 9420/4527/2771
f 9412/4519/2766 9421/4528/2777 9413/4520/2767
f 9415/4522/2776 9413/4520/2768 9421/4528/2777
f 9421/4528/2777 9420/4527/2771 9415/4522/2776
f 9422/4529/2775 9415/4522/2776 9420/4527/2771
f 9415/4522/2776 9422/4529/2778 9416/4523/356
f 9423/4530/356 9416/4523/356 9422/4529/2778
f 9417/4524/356 9424/4531/356 9418/4525/2758
f 9425/4532/2946 9418/4525/2758 9424/4531/356
f 9418/4525/2758 9425/4532/2947 9426/4533/2762
f 9426/4533/2762 9419/4526/2763 9418/4525/2758
f 9419/4526/2763 9426/4533/2762 9427/4534/2769
f 9419/4526/2763 9427/4534/2769 9420/4527/2771
f 9427/4534/2769 9428/4535/2773 9420/4527/2771
f 9420/4527/2771 9428/4535/2773 9422/4529/2778
f 9429/4536/2948 9422/4529/2778 9428/4535/2773
f 9422/4529/2775 9429/4536/2948 9423/4530/356
f 9430/4537/356 9423/4530/356 9429/4536/2948
f 9424/4531/356 9430/4537/356 9425/4532/2947
f 9429/4536/2948 9425/4532/2947 9430/4537/356
f 9425/4532/2947 9429/4536/2948 9427/4534/2769
f 9427/4534/2769 9426/4533/2762 9425/4532/2947
f 9428/4535/2773 9427/4534/2769 9429/4536/2948
f 9431/4538/356 9432/4539/356 9433/4540/2761
f 9434/4541/2760 9433/4540/2761 9432/4539/356
f 9433/4540/2761 9434/4541/2759 9435/4542/2765
f 9435/4542/2765 9436/4543/2766 9433/4540/2761
f 9437/4544/2768 9433/4540/2761 9436/4543/2766
f 9433/4540/2761 9437/4544/2768 9431/4538/356
f 9438/4545/356 9431/4538/356 9437/4544/2768
f 9437/4544/2767 9439/4546/2776 9438/4545/356
f 9440/4547/356 9438/4545/356 9439/4546/2776
f 9432/4539/356 9441/4548/356 9434/4541/2759
f 9442/4549/2758 9434/4541/2759 9441/4548/356
f 9434/4541/2759 9442/4549/2758 9443/4550/2763
f 9443/4550/2763 9435/4542/2765 9434/4541/2760
f 9436/4543/2766 9435/4542/3331 9443/4550/2763
f 9436/4543/2766 9443/4550/2763 9444/4551/2771
f 9445/4552/2777 9436/4543/2766 9444/4551/2771
f 9436/4543/2766 9445/4552/2777 9437/4544/2767
f 9439/4546/2776 9437/4544/2768 9445/4552/2777
f 9445/4552/2777 9444/4551/2771 9439/4546/2776
f 9446/4553/2775 9439/4546/2776 9444/4551/2771
f 9439/4546/2776 9446/4553/2778 9440/4547/356
f 9447/4554/356 9440/4547/356 9446/4553/2778
f 9441/4548/356 9448/4555/356 9442/4549/2758
f 9449/4556/2946 9442/4549/2758 9448/4555/356
f 9442/4549/2758 9449/4556/2947 9450/4557/2762
f 9450/4557/2762 9443/4550/2763 9442/4549/2758
f 9443/4550/2763 9450/4557/2762 9451/4558/2769
f 9443/4550/2763 9451/4558/2769 9444/4551/2771
f 9451/4558/2769 9452/4559/2773 9444/4551/2771
f 9444/4551/2771 9452/4559/2773 9446/4553/2775
f 9453/4560/2948 9446/4553/2778 9452/4559/2773
f 9446/4553/2775 9453/4560/2948 9447/4554/356
f 9454/4561/356 9447/4554/356 9453/4560/2948
f 9448/4555/356 9454/4561/356 9449/4556/2947
f 9453/4560/2948 9449/4556/2947 9454/4561/356
f 9449/4556/2947 9453/4560/2948 9451/4558/2769
f 9451/4558/2769 9450/4557/2762 9449/4556/2947
f 9452/4559/2773 9451/4558/2769 9453/4560/2948
f 9455/4562/356 9456/4563/356 9457/4564/2761
f 9458/4565/2760 9457/4564/2761 9456/4563/356
f 9457/4564/2761 9458/4565/2759 9459/4566/2765
f 9459/4566/2765 9460/4567/2766 9457/4564/2761
f 9461/4568/2767 9457/4564/2761 9460/4567/2766
f 9457/4564/2761 9461/4568/2768 9455/4562/356
f 9462/4569/356 9455/4562/356 9461/4568/2768
f 9461/4568/2767 9463/4570/2776 9462/4569/356
f 9464/4571/356 9462/4569/356 9463/4570/2776
f 9456/4563/356 9465/4572/356 9458/4565/2759
f 9466/4573/2758 9458/4565/2759 9465/4572/356
f 9458/4565/2759 9466/4573/2758 9467/4574/2763
f 9467/4574/2763 9459/4566/2765 9458/4565/2760
f 9460/4567/2766 9459/4566/3331 9467/4574/2763
f 9460/4567/2766 9467/4574/2763 9468/4575/2771
f 9469/4576/2777 9460/4567/2766 9468/4575/2771
f 9460/4567/2766 9469/4576/2777 9461/4568/2767
f 9463/4570/2776 9461/4568/2768 9469/4576/2777
f 9469/4576/2777 9468/4575/2771 9463/4570/2776
f 9470/4577/2775 9463/4570/2776 9468/4575/2771
f 9463/4570/2776 9470/4577/2778 9464/4571/356
f 9471/4578/356 9464/4571/356 9470/4577/2778
f 9465/4572/356 9472/4579/356 9466/4573/2758
f 9473/4580/2946 9466/4573/2758 9472/4579/356
f 9466/4573/2758 9473/4580/2947 9474/4581/2762
f 9474/4581/2762 9467/4574/2763 9466/4573/2758
f 9467/4574/2763 9474/4581/2762 9475/4582/2769
f 9467/4574/2763 9475/4582/2769 9468/4575/2771
f 9475/4582/2769 9476/4583/2773 9468/4575/2771
f 9468/4575/2771 9476/4583/2773 9470/4577/2775
f 9477/4584/2948 9470/4577/2778 9476/4583/2773
f 9470/4577/2775 9477/4584/2948 9471/4578/356
f 9478/4585/356 9471/4578/356 9477/4584/2948
f 9472/4579/356 9478/4585/356 9473/4580/2947
f 9477/4584/2948 9473/4580/2947 9478/4585/356
f 9473/4580/2946 9477/4584/2948 9475/4582/2769
f 9475/4582/2769 9474/4581/2762 9473/4580/2947
f 9476/4583/2773 9475/4582/2769 9477/4584/2948
